"Side","RelativePath","Length","LastWriteTimeUtc","SHA256","FullName"
"DESKTOP_LANE","ADOPTION_SCOPE_LOCK__HELPER_EXPOSURE_33RD_PROTOCOL_20260606.md","3226","2026-06-06T18:01:05.9222226Z","10FACE5C15C10528B870FF81D8120A392A06CB2CC23A0A8315B20301431E25F9","C:\Users\13527\Desktop\123\HOUSE_WORK\PROJECT_COMMAND_CENTER_UI_LANE\ADOPTION_SCOPE_LOCK__HELPER_EXPOSURE_33RD_PROTOCOL_20260606.md"
"DESKTOP_LANE","HUMAN_ACCEPTANCE_DECISION__HELPER_EXPOSURE_33RD_PROTOCOL_FIRST_LIVE_USE_TEST_20260606.md","8393","2026-06-06T17:57:08.5444599Z","65795E12860365F447AEC28C4CB8735F699B9DF9B177CA5C4F1D6A79297F0681","C:\Users\13527\Desktop\123\HOUSE_WORK\PROJECT_COMMAND_CENTER_UI_LANE\HUMAN_ACCEPTANCE_DECISION__HELPER_EXPOSURE_33RD_PROTOCOL_FIRST_LIVE_USE_TEST_20260606.md"
"DESKTOP_LANE","HUMAN_ACCEPTANCE_RECEIPT__HELPER_EXPOSURE_33RD_PROTOCOL_FIRST_LIVE_USE_TEST_20260606.md","4265","2026-06-06T17:57:08.6074027Z","0A6E4B385661171368073E805406D270BD9C4CF8A3BAF56876BA9BD37ABABF54","C:\Users\13527\Desktop\123\HOUSE_WORK\PROJECT_COMMAND_CENTER_UI_LANE\HUMAN_ACCEPTANCE_RECEIPT__HELPER_EXPOSURE_33RD_PROTOCOL_FIRST_LIVE_USE_TEST_20260606.md"
"DESKTOP_LANE","HUMAN_GATE_REVIEW_COPY_BLOCK__COMMAND_CENTER_UI_LANE_20260606.md","8966","2026-06-06T18:29:43.6062494Z","B534260AE60EF888FB369F4DA64D80E985F30D64E2F5C8297D930D7CC7176674","C:\Users\13527\Desktop\123\HOUSE_WORK\PROJECT_COMMAND_CENTER_UI_LANE\HUMAN_GATE_REVIEW_COPY_BLOCK__COMMAND_CENTER_UI_LANE_20260606.md"
"DESKTOP_LANE","HUMAN_GATE_REVIEW_SNAPSHOT__COMMAND_CENTER_UI_LANE_20260606.md","27690","2026-06-06T18:29:43.5441188Z","8A442B91884CEFF62A56F2A837E33834B58EF3FF04B4AA2332AA5490C3A61C57","C:\Users\13527\Desktop\123\HOUSE_WORK\PROJECT_COMMAND_CENTER_UI_LANE\HUMAN_GATE_REVIEW_SNAPSHOT__COMMAND_CENTER_UI_LANE_20260606.md"
"DESKTOP_LANE","LIVE_INSTALL_PREFLIGHT__DUAL_COMMAND_CENTER_L0_AND_PROTOCOL_20260606.md","4550","2026-06-06T18:01:05.9222226Z","944004B125B5DF219524502BEBE4073668F55676BF7E3A5927DC518347900ADF","C:\Users\13527\Desktop\123\HOUSE_WORK\PROJECT_COMMAND_CENTER_UI_LANE\LIVE_INSTALL_PREFLIGHT__DUAL_COMMAND_CENTER_L0_AND_PROTOCOL_20260606.md"
"DESKTOP_LANE","MULE_RECEIPT__BLOCKER_CLOSEOUT_COMMAND_CENTER_UI_LANE_20260606.md","5177","2026-06-06T18:01:53.6716855Z","3341F39B9B37EB628D7ED5252D93EA4FF9856296521CB81ABF19DCFC18CEBC68","C:\Users\13527\Desktop\123\HOUSE_WORK\PROJECT_COMMAND_CENTER_UI_LANE\MULE_RECEIPT__BLOCKER_CLOSEOUT_COMMAND_CENTER_UI_LANE_20260606.md"
"DESKTOP_LANE","PACKET_FAMILY_HASH_LEDGER__COMMAND_CENTER_UI_LANE_20260606.md","21456","2026-06-06T18:00:08.0379259Z","466562162B28A5CED275EA92127534EDE5B55B4E8B6D899182FB2580E6A62C5B","C:\Users\13527\Desktop\123\HOUSE_WORK\PROJECT_COMMAND_CENTER_UI_LANE\PACKET_FAMILY_HASH_LEDGER__COMMAND_CENTER_UI_LANE_20260606.md"
"DESKTOP_LANE","PACKET_FAMILY_INDEX__COMMAND_CENTER_UI_LANE_20260606.md","10043","2026-06-06T17:57:08.6246096Z","DBE6E2ED56F23192FEFA5F2F3FF732FD37203D8AC18E84C72D3042D25F08142F","C:\Users\13527\Desktop\123\HOUSE_WORK\PROJECT_COMMAND_CENTER_UI_LANE\PACKET_FAMILY_INDEX__COMMAND_CENTER_UI_LANE_20260606.md"
"DESKTOP_LANE","ROOT_INTAKE_RECEIPT__ROOT_SOURCE_DROPS_PLACED_20260606.md","3049","2026-06-06T07:24:41.8972309Z","A8BC4B913BCA2B64FF041F7999CD23786A7A65A6FB9081D4487F98DF55976790","C:\Users\13527\Desktop\123\HOUSE_WORK\PROJECT_COMMAND_CENTER_UI_LANE\ROOT_INTAKE_RECEIPT__ROOT_SOURCE_DROPS_PLACED_20260606.md"
"DESKTOP_LANE","BLOCKER_CLOSEOUT_RUN_20260606\PACKET_FAMILY_HASH_LEDGER_ROWS__COMMAND_CENTER_UI_LANE_20260606.csv","18576","2026-06-06T18:00:08.0038752Z","80A02146ECE5A9F26EB3012646F6B6C862F2A65594E317144A8E6301A93FB745","C:\Users\13527\Desktop\123\HOUSE_WORK\PROJECT_COMMAND_CENTER_UI_LANE\BLOCKER_CLOSEOUT_RUN_20260606\PACKET_FAMILY_HASH_LEDGER_ROWS__COMMAND_CENTER_UI_LANE_20260606.csv"
"DESKTOP_LANE","BLOCKER_CLOSEOUT_RUN_20260606\PACKET_FAMILY_HASH_LEDGER_SELF_SHA256__COMMAND_CENTER_UI_LANE_20260606.txt","341","2026-06-06T18:00:08.0552394Z","E2910A8EDA361E28467F76BCB4B7BCDA2B484B839C93A727D9E3EC6369A4602E","C:\Users\13527\Desktop\123\HOUSE_WORK\PROJECT_COMMAND_CENTER_UI_LANE\BLOCKER_CLOSEOUT_RUN_20260606\PACKET_FAMILY_HASH_LEDGER_SELF_SHA256__COMMAND_CENTER_UI_LANE_20260606.txt"
"DESKTOP_LANE","BLOCKER_CLOSEOUT_RUN_20260606\SOURCE_RAW\RAW_BUNDLE__HUMAN_ACCEPTANCE_DECISION_AND_BLOCKER_CLOSEOUT_RUN_20260606.md","41862","2026-06-06T17:53:00.6911066Z","99EBFA1AEE21CB757A65EBF9E718F800280E25EB986D5F47493BAE055F637448","C:\Users\13527\Desktop\123\HOUSE_WORK\PROJECT_COMMAND_CENTER_UI_LANE\BLOCKER_CLOSEOUT_RUN_20260606\SOURCE_RAW\RAW_BUNDLE__HUMAN_ACCEPTANCE_DECISION_AND_BLOCKER_CLOSEOUT_RUN_20260606.md"
"DESKTOP_LANE","CHUNKED_ACCEPTANCE_GROWTH_REVIEW_20260606\ACCEPTANCE_STANDARD_DRAFT__DUAL_COMMAND_CENTER_L0_AND_PRIVATE_WORK_PROTOCOL_20260606.md","8044","2026-06-06T07:40:32.0007314Z","D536DB3CFB5C30BC8F0E28B7D6DDA7E515131A44D37CEDD8E331C29F2C652149","C:\Users\13527\Desktop\123\HOUSE_WORK\PROJECT_COMMAND_CENTER_UI_LANE\CHUNKED_ACCEPTANCE_GROWTH_REVIEW_20260606\ACCEPTANCE_STANDARD_DRAFT__DUAL_COMMAND_CENTER_L0_AND_PRIVATE_WORK_PROTOCOL_20260606.md"
"DESKTOP_LANE","CHUNKED_ACCEPTANCE_GROWTH_REVIEW_20260606\BATCH_01_PACKET_FIT_MAP__DUAL_COMMAND_CENTER_AND_PROTOCOL_20260606.md","9958","2026-06-06T07:40:31.9987061Z","2114B13636FFD2BD28C219F8322484BF03C3AA104901D8731E3F84308F339A31","C:\Users\13527\Desktop\123\HOUSE_WORK\PROJECT_COMMAND_CENTER_UI_LANE\CHUNKED_ACCEPTANCE_GROWTH_REVIEW_20260606\BATCH_01_PACKET_FIT_MAP__DUAL_COMMAND_CENTER_AND_PROTOCOL_20260606.md"
"DESKTOP_LANE","CHUNKED_ACCEPTANCE_GROWTH_REVIEW_20260606\BATCH_02_HARD_CRITIQUE_AND_MISSING_LOGIC__DUAL_COMMAND_CENTER_AND_PROTOCOL_20260606.md","8777","2026-06-06T07:40:32.0007314Z","E44DB46DE4C9F654C2027E8A1BC5EA19BBB19C495BE13C3D4005596F24922E8A","C:\Users\13527\Desktop\123\HOUSE_WORK\PROJECT_COMMAND_CENTER_UI_LANE\CHUNKED_ACCEPTANCE_GROWTH_REVIEW_20260606\BATCH_02_HARD_CRITIQUE_AND_MISSING_LOGIC__DUAL_COMMAND_CENTER_AND_PROTOCOL_20260606.md"
"DESKTOP_LANE","CHUNKED_ACCEPTANCE_GROWTH_REVIEW_20260606\BLOCKER_BURNDOWN_AND_ADDITIONS__DUAL_COMMAND_CENTER_L0_AND_PROTOCOL_20260606.md","7477","2026-06-06T07:40:32.0017276Z","895ADCA8EED97E91D6768CF89C28E9EE041FFE839DE74C538DD297FA133F9301","C:\Users\13527\Desktop\123\HOUSE_WORK\PROJECT_COMMAND_CENTER_UI_LANE\CHUNKED_ACCEPTANCE_GROWTH_REVIEW_20260606\BLOCKER_BURNDOWN_AND_ADDITIONS__DUAL_COMMAND_CENTER_L0_AND_PROTOCOL_20260606.md"
"DESKTOP_LANE","CHUNKED_ACCEPTANCE_GROWTH_REVIEW_20260606\FINAL_REVIEW_PACKET__DUAL_COMMAND_CENTER_L0_AND_PRIVATE_WORK_PROTOCOL_20260606.md","5168","2026-06-06T07:40:32.0017276Z","ED467406E0D29FBAC173622F85580FA849885CC04EA9E4BE908D231603DE8500","C:\Users\13527\Desktop\123\HOUSE_WORK\PROJECT_COMMAND_CENTER_UI_LANE\CHUNKED_ACCEPTANCE_GROWTH_REVIEW_20260606\FINAL_REVIEW_PACKET__DUAL_COMMAND_CENTER_L0_AND_PRIVATE_WORK_PROTOCOL_20260606.md"
"DESKTOP_LANE","CHUNKED_ACCEPTANCE_GROWTH_REVIEW_20260606\MULE_RECEIPT__CHUNKED_ACCEPTANCE_GROWTH_REVIEW_DUAL_COMMAND_CENTER_AND_PROTOCOL_20260606.md","6530","2026-06-06T07:41:23.9355190Z","3A7EA21EC6CD7B3EA5A8D50E2D0145F4336967ACB324E343E45AB97EC9FA2A18","C:\Users\13527\Desktop\123\HOUSE_WORK\PROJECT_COMMAND_CENTER_UI_LANE\CHUNKED_ACCEPTANCE_GROWTH_REVIEW_20260606\MULE_RECEIPT__CHUNKED_ACCEPTANCE_GROWTH_REVIEW_DUAL_COMMAND_CENTER_AND_PROTOCOL_20260606.md"
"DESKTOP_LANE","DEEP_SCAN_WASH_DRY_RUN_20260606\DEEP_SCAN_WASH_DRY_RUN_REPORT_20260606.md","5481","2026-06-06T07:58:00.6380426Z","3118580A4CC78CFAA3AFAEF1FE831E391DE8A834DE56F6DFD0A74F8F7C5E85CA","C:\Users\13527\Desktop\123\HOUSE_WORK\PROJECT_COMMAND_CENTER_UI_LANE\DEEP_SCAN_WASH_DRY_RUN_20260606\DEEP_SCAN_WASH_DRY_RUN_REPORT_20260606.md"
"DESKTOP_LANE","DEEP_SCAN_WASH_DRY_RUN_20260606\MULE_RECEIPT__DEEP_SCAN_WASH_DRY_RUN_20260606.md","2097","2026-06-06T07:58:00.6380426Z","3227A4CF1F2CB0068938D1095332DC6C2C43610092ABD7F6B1420D501CC5F76D","C:\Users\13527\Desktop\123\HOUSE_WORK\PROJECT_COMMAND_CENTER_UI_LANE\DEEP_SCAN_WASH_DRY_RUN_20260606\MULE_RECEIPT__DEEP_SCAN_WASH_DRY_RUN_20260606.md"
"DESKTOP_LANE","DEEP_SCAN_WASH_DRY_RUN_20260606\WASH_CLASS_COUNTS.csv","353","2026-06-06T07:51:01.6155911Z","9F88E032C9F3833419CBDBB94CA5CF0A7E3A35B2E730CA6C985ACA26210BD0AA","C:\Users\13527\Desktop\123\HOUSE_WORK\PROJECT_COMMAND_CENTER_UI_LANE\DEEP_SCAN_WASH_DRY_RUN_20260606\WASH_CLASS_COUNTS.csv"
"DESKTOP_LANE","DEEP_SCAN_WASH_DRY_RUN_20260606\WASH_EXTENSION_COUNTS.csv","1127","2026-06-06T07:51:01.3661629Z","ECF1BD1673B98FF89307E1BBCA9560B1045DD6EAA1005C3791A0480513FA3A0F","C:\Users\13527\Desktop\123\HOUSE_WORK\PROJECT_COMMAND_CENTER_UI_LANE\DEEP_SCAN_WASH_DRY_RUN_20260606\WASH_EXTENSION_COUNTS.csv"
"DESKTOP_LANE","DEEP_SCAN_WASH_DRY_RUN_20260606\WASH_FILE_INVENTORY.csv","9232979","2026-06-06T07:51:00.7491562Z","0BC402B61DDC05EA269BCA12FDFC644C9F668021511D83C582318E90485563E3","C:\Users\13527\Desktop\123\HOUSE_WORK\PROJECT_COMMAND_CENTER_UI_LANE\DEEP_SCAN_WASH_DRY_RUN_20260606\WASH_FILE_INVENTORY.csv"
"DESKTOP_LANE","DEEP_SCAN_WASH_DRY_RUN_20260606\WASH_FILENAME_SIGNAL_COUNTS.csv","386","2026-06-06T07:55:42.7735280Z","DF84E353F39B4ED0D455DA556EA4E9FC333868EF974EA4CA0B7AFC415F0ECAD4","C:\Users\13527\Desktop\123\HOUSE_WORK\PROJECT_COMMAND_CENTER_UI_LANE\DEEP_SCAN_WASH_DRY_RUN_20260606\WASH_FILENAME_SIGNAL_COUNTS.csv"
"DESKTOP_LANE","DEEP_SCAN_WASH_DRY_RUN_20260606\WASH_FILENAME_SIGNAL_HITS_SAMPLE.csv","382530","2026-06-06T07:55:42.7745213Z","A33BE483D3E0F3AC7BB7423984A439DE5D0C21A9A53775739287235DDA56F6B6","C:\Users\13527\Desktop\123\HOUSE_WORK\PROJECT_COMMAND_CENTER_UI_LANE\DEEP_SCAN_WASH_DRY_RUN_20260606\WASH_FILENAME_SIGNAL_HITS_SAMPLE.csv"
"DESKTOP_LANE","DEEP_SCAN_WASH_DRY_RUN_20260606\WASH_INVENTORY_SUMMARY.json","288","2026-06-06T07:51:02.1995721Z","31A824F022175307F3C3A9C158138D6BE87471FBC432F61C723FBB36A1EE4E9F","C:\Users\13527\Desktop\123\HOUSE_WORK\PROJECT_COMMAND_CENTER_UI_LANE\DEEP_SCAN_WASH_DRY_RUN_20260606\WASH_INVENTORY_SUMMARY.json"
"DESKTOP_LANE","DEEP_SCAN_WASH_DRY_RUN_20260606\WASH_LARGEST_100_FILES.csv","42832","2026-06-06T07:51:01.8155640Z","8898D17FCACEA11361BBE93EBDE9BB34A072F7F0339737FBCAA387E8A72CC430","C:\Users\13527\Desktop\123\HOUSE_WORK\PROJECT_COMMAND_CENTER_UI_LANE\DEEP_SCAN_WASH_DRY_RUN_20260606\WASH_LARGEST_100_FILES.csv"
"DESKTOP_LANE","DEEP_SCAN_WASH_DRY_RUN_20260606\WASH_ROOT_FILES.csv","205","2026-06-06T07:51:01.9489478Z","F5980D0D1F519111238D94DEF1A42C624DD52F404E8158E1B1267181CAD13023","C:\Users\13527\Desktop\123\HOUSE_WORK\PROJECT_COMMAND_CENTER_UI_LANE\DEEP_SCAN_WASH_DRY_RUN_20260606\WASH_ROOT_FILES.csv"
"DESKTOP_LANE","DEEP_SCAN_WASH_DRY_RUN_20260606\WASH_SAMPLE_REDACTION_NOTE.json","239","2026-06-06T07:56:19.2576023Z","FC86CF27336DFC1DF9AC1C1C6F884D8554ED32C0F9556FD49FEB7D4A0DCD718D","C:\Users\13527\Desktop\123\HOUSE_WORK\PROJECT_COMMAND_CENTER_UI_LANE\DEEP_SCAN_WASH_DRY_RUN_20260606\WASH_SAMPLE_REDACTION_NOTE.json"
"DESKTOP_LANE","DEEP_SCAN_WASH_DRY_RUN_20260606\WASH_SIGNAL_CATEGORY_COUNTS.csv","460","2026-06-06T07:54:51.1644446Z","A2BC19A3DBA1A5AC2D5F35061BF747E81446F1A29F467F90064491E948527EDD","C:\Users\13527\Desktop\123\HOUSE_WORK\PROJECT_COMMAND_CENTER_UI_LANE\DEEP_SCAN_WASH_DRY_RUN_20260606\WASH_SIGNAL_CATEGORY_COUNTS.csv"
"DESKTOP_LANE","DEEP_SCAN_WASH_DRY_RUN_20260606\WASH_SIGNAL_FILE_COUNTS_TOP100_BY_CATEGORY.csv","199045","2026-06-06T07:54:51.1644446Z","37EA24D526E88BB0F86443EDC6F2801785B6D2856202A6457DC3BDC205F5F358","C:\Users\13527\Desktop\123\HOUSE_WORK\PROJECT_COMMAND_CENTER_UI_LANE\DEEP_SCAN_WASH_DRY_RUN_20260606\WASH_SIGNAL_FILE_COUNTS_TOP100_BY_CATEGORY.csv"
"DESKTOP_LANE","DEEP_SCAN_WASH_DRY_RUN_20260606\WASH_SIGNAL_HITS_SAMPLE.csv","609013","2026-06-06T07:56:19.2077049Z","3E28C8C4DC8E2ED55C5A9999BE1D7A4EAA7DF00568C68AA2202CC3517D7287C3","C:\Users\13527\Desktop\123\HOUSE_WORK\PROJECT_COMMAND_CENTER_UI_LANE\DEEP_SCAN_WASH_DRY_RUN_20260606\WASH_SIGNAL_HITS_SAMPLE.csv"
"DESKTOP_LANE","DEEP_SCAN_WASH_DRY_RUN_20260606\WASH_SIGNAL_SUMMARY.json","5581","2026-06-06T07:55:57.6274748Z","3BD1803DD23CCA91119CF609D4F0B7D923090CCE7C7FEB3A1921704D60AEBA21","C:\Users\13527\Desktop\123\HOUSE_WORK\PROJECT_COMMAND_CENTER_UI_LANE\DEEP_SCAN_WASH_DRY_RUN_20260606\WASH_SIGNAL_SUMMARY.json"
"DESKTOP_LANE","DEEP_SCAN_WASH_DRY_RUN_20260606\WASH_TOP_LEVEL_COUNTS.csv","456","2026-06-06T07:51:01.1015527Z","D1D97A7E905E7B2F897A83EEFC5BA8ADE2DD350E9578C44BA20685534126EC77","C:\Users\13527\Desktop\123\HOUSE_WORK\PROJECT_COMMAND_CENTER_UI_LANE\DEEP_SCAN_WASH_DRY_RUN_20260606\WASH_TOP_LEVEL_COUNTS.csv"
"DESKTOP_LANE","DUAL_COMMAND_CENTER_L0_REVIEW_PACKET_20260606\COMMAND_CENTER_LEAKAGE_GUARD_L0.md","3281","2026-06-06T04:52:30.1564970Z","FB1D8D1E08C98707BA7D339392334260E062BCE11E6996A186261FEFBC4CC7DE","C:\Users\13527\Desktop\123\HOUSE_WORK\PROJECT_COMMAND_CENTER_UI_LANE\DUAL_COMMAND_CENTER_L0_REVIEW_PACKET_20260606\COMMAND_CENTER_LEAKAGE_GUARD_L0.md"
"DESKTOP_LANE","DUAL_COMMAND_CENTER_L0_REVIEW_PACKET_20260606\DUAL_COMMAND_CENTER_L0_FILE_SET.md","8064","2026-06-06T04:52:30.1554990Z","3A22068A7DD9B1D9EFFE7D4F7BCE66A829BF55A8E8BBD49B545E7BE42C9C5B9D","C:\Users\13527\Desktop\123\HOUSE_WORK\PROJECT_COMMAND_CENTER_UI_LANE\DUAL_COMMAND_CENTER_L0_REVIEW_PACKET_20260606\DUAL_COMMAND_CENTER_L0_FILE_SET.md"
"DESKTOP_LANE","DUAL_COMMAND_CENTER_L0_REVIEW_PACKET_20260606\DUAL_COMMAND_CENTER_L0_STANDARD.md","7308","2026-06-06T04:52:30.1545015Z","F199788FC7D7BF0C8FB443FF8984855BF80F9A585960374494D94B23EAC26D1A","C:\Users\13527\Desktop\123\HOUSE_WORK\PROJECT_COMMAND_CENTER_UI_LANE\DUAL_COMMAND_CENTER_L0_REVIEW_PACKET_20260606\DUAL_COMMAND_CENTER_L0_STANDARD.md"
"DESKTOP_LANE","DUAL_COMMAND_CENTER_L0_REVIEW_PACKET_20260606\DUAL_COMMAND_CENTER_L0_STATE_LEDGER_SCHEMAS.md","10257","2026-06-06T04:52:30.1564970Z","73AF5698D9579738357F93E281935C06873982A548FB1251CCC7D7660E87DA2B","C:\Users\13527\Desktop\123\HOUSE_WORK\PROJECT_COMMAND_CENTER_UI_LANE\DUAL_COMMAND_CENTER_L0_REVIEW_PACKET_20260606\DUAL_COMMAND_CENTER_L0_STATE_LEDGER_SCHEMAS.md"
"DESKTOP_LANE","DUAL_COMMAND_CENTER_L0_REVIEW_PACKET_20260606\DUAL_COMMAND_CENTER_SYNC_CONTRACT_L0.md","7217","2026-06-06T04:52:30.1584919Z","2B7ED4E185DF547AF3C29C1B78BBB544A8001114C673AD0AB063EAC3C196374B","C:\Users\13527\Desktop\123\HOUSE_WORK\PROJECT_COMMAND_CENTER_UI_LANE\DUAL_COMMAND_CENTER_L0_REVIEW_PACKET_20260606\DUAL_COMMAND_CENTER_SYNC_CONTRACT_L0.md"
"DESKTOP_LANE","DUAL_COMMAND_CENTER_L0_REVIEW_PACKET_20260606\MULE_HASH_LEDGER_SHA256.md","2905","2026-06-06T07:25:12.1435409Z","B167522A584D35AFA78B294CBE54DBA36469F72BBF5499E5F819E8BEF63249C8","C:\Users\13527\Desktop\123\HOUSE_WORK\PROJECT_COMMAND_CENTER_UI_LANE\DUAL_COMMAND_CENTER_L0_REVIEW_PACKET_20260606\MULE_HASH_LEDGER_SHA256.md"
"DESKTOP_LANE","DUAL_COMMAND_CENTER_L0_REVIEW_PACKET_20260606\MULE_PACKAGE_MANIFEST__OUTSIDE_ASSISTANT_INDEX_TO_L0.md","2655","2026-06-06T07:24:41.8972309Z","F440005501D4C6EF48277B86AD5DB95712213232F9E80C3D022EA3FDB8CF5C27","C:\Users\13527\Desktop\123\HOUSE_WORK\PROJECT_COMMAND_CENTER_UI_LANE\DUAL_COMMAND_CENTER_L0_REVIEW_PACKET_20260606\MULE_PACKAGE_MANIFEST__OUTSIDE_ASSISTANT_INDEX_TO_L0.md"
"DESKTOP_LANE","DUAL_COMMAND_CENTER_L0_REVIEW_PACKET_20260606\MULE_RETURN_RECEIPT__OUTSIDE_ASSISTANT_INDEX_TO_L0.md","4564","2026-06-06T07:24:41.8972309Z","445D312E52618273830203C1D4E8E1B262FCB086DEECA14DED12C9EB521AE6B1","C:\Users\13527\Desktop\123\HOUSE_WORK\PROJECT_COMMAND_CENTER_UI_LANE\DUAL_COMMAND_CENTER_L0_REVIEW_PACKET_20260606\MULE_RETURN_RECEIPT__OUTSIDE_ASSISTANT_INDEX_TO_L0.md"
"DESKTOP_LANE","DUAL_COMMAND_CENTER_L0_REVIEW_PACKET_20260606\OUTSIDE_ASSISTANT_COOPERATION_INDEX_V0_2_L0_CLEAN.md","13671","2026-06-06T04:54:04.6557115Z","28E94DA15E14CCCB17B846571C25F2E18D4D27556975B0AAF81BFF847EBA0AA3","C:\Users\13527\Desktop\123\HOUSE_WORK\PROJECT_COMMAND_CENTER_UI_LANE\DUAL_COMMAND_CENTER_L0_REVIEW_PACKET_20260606\OUTSIDE_ASSISTANT_COOPERATION_INDEX_V0_2_L0_CLEAN.md"
"DESKTOP_LANE","DUAL_COMMAND_CENTER_L0_REVIEW_PACKET_20260606\SOURCE_RAW\OUTSIDE_ASSISTANT_COOPERATION_INDEX_V0_2_SOURCE_TO_LIVE_L0_CUSTODY_CHAIN_RAW_20260605.md","2928504","2026-06-06T04:05:57.2275311Z","F48BC6C737FDED649908DC6036DF82B89F5832D51B624473CA3308F99010D144","C:\Users\13527\Desktop\123\HOUSE_WORK\PROJECT_COMMAND_CENTER_UI_LANE\DUAL_COMMAND_CENTER_L0_REVIEW_PACKET_20260606\SOURCE_RAW\OUTSIDE_ASSISTANT_COOPERATION_INDEX_V0_2_SOURCE_TO_LIVE_L0_CUSTODY_CHAIN_RAW_20260605.md"
"DESKTOP_LANE","HELPER_FILE_EXPOSURE_AND_33RD_PRIVATE_WORK_PROTOCOL_V0_1_20260606\ADOPTION_APPROVAL_PACKET_DRAFT__HELPER_FILE_EXPOSURE_AND_33RD_PRIVATE_WORK_PROTOCOL_V0_1_20260606.md","2755","2026-06-06T07:26:09.6743154Z","9B0249D82AADC18F10A44FD97064330F5D37843BF39DF8C4211B0A477317805A","C:\Users\13527\Desktop\123\HOUSE_WORK\PROJECT_COMMAND_CENTER_UI_LANE\HELPER_FILE_EXPOSURE_AND_33RD_PRIVATE_WORK_PROTOCOL_V0_1_20260606\ADOPTION_APPROVAL_PACKET_DRAFT__HELPER_FILE_EXPOSURE_AND_33RD_PRIVATE_WORK_PROTOCOL_V0_1_20260606.md"
"DESKTOP_LANE","HELPER_FILE_EXPOSURE_AND_33RD_PRIVATE_WORK_PROTOCOL_V0_1_20260606\HELPER_FILE_EXPOSURE_AND_33RD_PRIVATE_WORK_PROTOCOL_WORKING_ORDER_V0_1_20260606.md","12026","2026-06-06T06:01:40.5455035Z","98863A070F5485261CF85A74E5A236DE19E28753C62DA64D64960CC6D6C268F5","C:\Users\13527\Desktop\123\HOUSE_WORK\PROJECT_COMMAND_CENTER_UI_LANE\HELPER_FILE_EXPOSURE_AND_33RD_PRIVATE_WORK_PROTOCOL_V0_1_20260606\HELPER_FILE_EXPOSURE_AND_33RD_PRIVATE_WORK_PROTOCOL_WORKING_ORDER_V0_1_20260606.md"
"DESKTOP_LANE","HELPER_FILE_EXPOSURE_AND_33RD_PRIVATE_WORK_PROTOCOL_V0_1_20260606\MULE_RECEIPT__HELPER_FILE_EXPOSURE_AND_33RD_PRIVATE_WORK_PROTOCOL_WORKING_ORDER_V0_1_20260606.md","4956","2026-06-06T07:24:41.8972309Z","E56D1613CF48BAD98D78CDAD0E397DB7ED90CE43EA3CAA98729337853F120AA3","C:\Users\13527\Desktop\123\HOUSE_WORK\PROJECT_COMMAND_CENTER_UI_LANE\HELPER_FILE_EXPOSURE_AND_33RD_PRIVATE_WORK_PROTOCOL_V0_1_20260606\MULE_RECEIPT__HELPER_FILE_EXPOSURE_AND_33RD_PRIVATE_WORK_PROTOCOL_WORKING_ORDER_V0_1_20260606.md"
"DESKTOP_LANE","HELPER_FILE_EXPOSURE_AND_33RD_PRIVATE_WORK_PROTOCOL_V0_1_20260606\MULE_RECEIPT__WORKING_ORDER_REVIEW_AND_ROOT_PLACEMENT_20260606.md","2420","2026-06-06T07:26:09.6743154Z","F31C11D92DA4FDF9B5CD89D1B33841B4366BD490367A6EC6FFC9320CCB1386C1","C:\Users\13527\Desktop\123\HOUSE_WORK\PROJECT_COMMAND_CENTER_UI_LANE\HELPER_FILE_EXPOSURE_AND_33RD_PRIVATE_WORK_PROTOCOL_V0_1_20260606\MULE_RECEIPT__WORKING_ORDER_REVIEW_AND_ROOT_PLACEMENT_20260606.md"
"DESKTOP_LANE","HELPER_FILE_EXPOSURE_AND_33RD_PRIVATE_WORK_PROTOCOL_V0_1_20260606\PARKED_MATERIAL__HELPER_FILE_EXPOSURE_AND_33RD_PRIVATE_WORK_PROTOCOL_V0_1_20260606.md","4433","2026-06-06T07:24:41.8972309Z","30697A90D58C2857BBCBFAFCE885A1AF0D705B75A08B9B0C35DC8340ED8EB13A","C:\Users\13527\Desktop\123\HOUSE_WORK\PROJECT_COMMAND_CENTER_UI_LANE\HELPER_FILE_EXPOSURE_AND_33RD_PRIVATE_WORK_PROTOCOL_V0_1_20260606\PARKED_MATERIAL__HELPER_FILE_EXPOSURE_AND_33RD_PRIVATE_WORK_PROTOCOL_V0_1_20260606.md"
"DESKTOP_LANE","HELPER_FILE_EXPOSURE_AND_33RD_PRIVATE_WORK_PROTOCOL_V0_1_20260606\SOURCE_CLEANUP_MAP__HELPER_FILE_EXPOSURE_AND_33RD_PRIVATE_WORK_PROTOCOL_V0_1_20260606.md","4752","2026-06-06T07:24:41.8972309Z","5D6710D6D1A696D90795A81A9BF32C117661F1862355A78CE949A72E45F4F02B","C:\Users\13527\Desktop\123\HOUSE_WORK\PROJECT_COMMAND_CENTER_UI_LANE\HELPER_FILE_EXPOSURE_AND_33RD_PRIVATE_WORK_PROTOCOL_V0_1_20260606\SOURCE_CLEANUP_MAP__HELPER_FILE_EXPOSURE_AND_33RD_PRIVATE_WORK_PROTOCOL_V0_1_20260606.md"
"DESKTOP_LANE","HELPER_FILE_EXPOSURE_AND_33RD_PRIVATE_WORK_PROTOCOL_V0_1_20260606\WORKING_ORDER_REVIEW__HELPER_FILE_EXPOSURE_AND_33RD_PRIVATE_WORK_PROTOCOL_V0_1_20260606.md","2799","2026-06-06T07:26:09.6743154Z","ED9349ABE293E8054A98C8FE1BC38EC9DFFAA2D086568F6DF9130CEDD5307FAA","C:\Users\13527\Desktop\123\HOUSE_WORK\PROJECT_COMMAND_CENTER_UI_LANE\HELPER_FILE_EXPOSURE_AND_33RD_PRIVATE_WORK_PROTOCOL_V0_1_20260606\WORKING_ORDER_REVIEW__HELPER_FILE_EXPOSURE_AND_33RD_PRIVATE_WORK_PROTOCOL_V0_1_20260606.md"
"DESKTOP_LANE","HELPER_FILE_EXPOSURE_AND_33RD_PRIVATE_WORK_PROTOCOL_V0_1_20260606\SOURCE_RAW\33rd_tripple_pass_tripple_times_rule.txt","20510","2026-06-06T05:04:00.8164194Z","11A39FC9CA42E821A5BC7212C0FD5798E369667D7E5BB3407B68013FB4EF3D8C","C:\Users\13527\Desktop\123\HOUSE_WORK\PROJECT_COMMAND_CENTER_UI_LANE\HELPER_FILE_EXPOSURE_AND_33RD_PRIVATE_WORK_PROTOCOL_V0_1_20260606\SOURCE_RAW\33rd_tripple_pass_tripple_times_rule.txt"
"DESKTOP_LANE","HELPER_FILE_EXPOSURE_AND_33RD_PRIVATE_WORK_PROTOCOL_V0_1_20260606\SOURCE_RAW\HELPER_FILE_EXPOSURE_AND_33RD_PRIVATE_WORK_PROTOCOL_V0_1_RAW_20260606.md","79517","2026-06-06T05:33:03.5331826Z","23B99964BE86700F2046EF1F553E5E81B6207E24AD73899EC461AB16B93AB725","C:\Users\13527\Desktop\123\HOUSE_WORK\PROJECT_COMMAND_CENTER_UI_LANE\HELPER_FILE_EXPOSURE_AND_33RD_PRIVATE_WORK_PROTOCOL_V0_1_20260606\SOURCE_RAW\HELPER_FILE_EXPOSURE_AND_33RD_PRIVATE_WORK_PROTOCOL_V0_1_RAW_20260606.md"
"DESKTOP_LANE","HELPER_FILE_SURFACE_PREFLIGHT_20260606\HELPER_FILE_PREFLIGHT__HELPER_FILE_SURFACE_PREFLIGHT_20260606.md","14769","2026-06-06T05:18:54.8247649Z","C3B1C54D4B8AB8AFAC14F8CF8349B2407AA1A99B00E8362A925A0D888AD3BC02","C:\Users\13527\Desktop\123\HOUSE_WORK\PROJECT_COMMAND_CENTER_UI_LANE\HELPER_FILE_SURFACE_PREFLIGHT_20260606\HELPER_FILE_PREFLIGHT__HELPER_FILE_SURFACE_PREFLIGHT_20260606.md"
"DESKTOP_LANE","HELPER_FILE_SURFACE_PREFLIGHT_20260606\MULE_RECEIPT__HELPER_FILE_SURFACE_PREFLIGHT_20260606.md","5785","2026-06-06T05:18:54.8255150Z","5D99B080C1AD35C4E092F3DCFE02819865358775E1B5F15A72543CC0A01D7E02","C:\Users\13527\Desktop\123\HOUSE_WORK\PROJECT_COMMAND_CENTER_UI_LANE\HELPER_FILE_SURFACE_PREFLIGHT_20260606\MULE_RECEIPT__HELPER_FILE_SURFACE_PREFLIGHT_20260606.md"
"DESKTOP_LANE","HELPER_FILE_SURFACE_PREFLIGHT_20260606\MULE_WORKING_ORDER__HELPER_FILE_SURFACE_PREFLIGHT_AND_BOUNDED_OUTSIDE_SOURCE_RULE_20260606.md","8863","2026-06-06T05:14:55.9299926Z","8C51B0AA270A4D03571B1FC65C8C8A9E055F34E32FDD1635488D834F75267E84","C:\Users\13527\Desktop\123\HOUSE_WORK\PROJECT_COMMAND_CENTER_UI_LANE\HELPER_FILE_SURFACE_PREFLIGHT_20260606\MULE_WORKING_ORDER__HELPER_FILE_SURFACE_PREFLIGHT_AND_BOUNDED_OUTSIDE_SOURCE_RULE_20260606.md"
"DESKTOP_LANE","LIVE_INSTALL_EXECUTION\COMMAND_CENTER_UI_LANE_LIVE_INSTALL_EXECUTION_V1_20260606_164411\ERROR_LEDGER__COMMAND_CENTER_UI_LANE_LIVE_INSTALL_EXECUTION_V1_20260606.md","196","2026-06-06T20:44:12.8090653Z","997585B84BA30F28E19210D920E683AFE68477902D0221CE8A4C01DD9DB50F40","C:\Users\13527\Desktop\123\HOUSE_WORK\PROJECT_COMMAND_CENTER_UI_LANE\LIVE_INSTALL_EXECUTION\COMMAND_CENTER_UI_LANE_LIVE_INSTALL_EXECUTION_V1_20260606_164411\ERROR_LEDGER__COMMAND_CENTER_UI_LANE_LIVE_INSTALL_EXECUTION_V1_20260606.md"
"DESKTOP_LANE","LIVE_INSTALL_EXECUTION\COMMAND_CENTER_UI_LANE_LIVE_INSTALL_EXECUTION_V1_20260606_164411\HASH_LEDGER_TARGET_AFTER__COMMAND_CENTER_UI_LANE_V1_20260606.md","18446","2026-06-06T20:44:12.9528240Z","CC458A7AA02CDCE731584888A053B870AD176C64F27074AC2908226A9A1590BA","C:\Users\13527\Desktop\123\HOUSE_WORK\PROJECT_COMMAND_CENTER_UI_LANE\LIVE_INSTALL_EXECUTION\COMMAND_CENTER_UI_LANE_LIVE_INSTALL_EXECUTION_V1_20260606_164411\HASH_LEDGER_TARGET_AFTER__COMMAND_CENTER_UI_LANE_V1_20260606.md"
"DESKTOP_LANE","LIVE_INSTALL_EXECUTION\COMMAND_CENTER_UI_LANE_LIVE_INSTALL_EXECUTION_V1_20260606_164411\RECEIPT__COMMAND_CENTER_UI_LANE_LIVE_INSTALL_EXECUTION_V1_20260606.md","1219","2026-06-06T20:44:12.9568137Z","5EAFFB86D0F1274C973C234A9B89F5730F358E9AC7705F4362D915EC117D97CD","C:\Users\13527\Desktop\123\HOUSE_WORK\PROJECT_COMMAND_CENTER_UI_LANE\LIVE_INSTALL_EXECUTION\COMMAND_CENTER_UI_LANE_LIVE_INSTALL_EXECUTION_V1_20260606_164411\RECEIPT__COMMAND_CENTER_UI_LANE_LIVE_INSTALL_EXECUTION_V1_20260606.md"
"DESKTOP_LANE","LIVE_INSTALL_EXECUTION_PLAN_GATE\COMMAND_CENTER_UI_LANE_LIVE_INSTALL_EXECUTION_PLAN_GATE_CARD_V1_20260606.md","511","2026-06-06T20:23:45.3134368Z","B7BA3D38AB4DF5400459985AB5A59B7D38A97F788E7A5B83E80E5FC310658F5E","C:\Users\13527\Desktop\123\HOUSE_WORK\PROJECT_COMMAND_CENTER_UI_LANE\LIVE_INSTALL_EXECUTION_PLAN_GATE\COMMAND_CENTER_UI_LANE_LIVE_INSTALL_EXECUTION_PLAN_GATE_CARD_V1_20260606.md"
"DESKTOP_LANE","LIVE_INSTALL_EXECUTION_PLAN_GATE\COMMAND_CENTER_UI_LANE_LIVE_INSTALL_EXECUTION_PLAN_GATE_V1_20260606.ps1","32285","2026-06-06T20:23:45.2944362Z","66E50E85D73BABCA0C76B0574FFBBE96880EDDAAF3C08D1C24FE8574BCB1F323","C:\Users\13527\Desktop\123\HOUSE_WORK\PROJECT_COMMAND_CENTER_UI_LANE\LIVE_INSTALL_EXECUTION_PLAN_GATE\COMMAND_CENTER_UI_LANE_LIVE_INSTALL_EXECUTION_PLAN_GATE_V1_20260606.ps1"
"DESKTOP_LANE","LIVE_INSTALL_EXECUTION_PLAN_GATE\CURRENT_COMMAND_CENTER_UI_LANE_LIVE_INSTALL_EXECUTION_PLAN_STATUS.json","3893","2026-06-06T20:23:46.0311274Z","A7227102AD631730A25D1A261DAB42081A47E7F05494C7E95EC82E32F5F1064A","C:\Users\13527\Desktop\123\HOUSE_WORK\PROJECT_COMMAND_CENTER_UI_LANE\LIVE_INSTALL_EXECUTION_PLAN_GATE\CURRENT_COMMAND_CENTER_UI_LANE_LIVE_INSTALL_EXECUTION_PLAN_STATUS.json"
"DESKTOP_LANE","LIVE_INSTALL_EXECUTION_PLAN_GATE\CURRENT_COMMAND_CENTER_UI_LANE_LIVE_INSTALL_EXECUTION_PLAN_STATUS.md","3858","2026-06-06T20:23:46.0311274Z","91F323B24657580D43CCC5533D61CBADE90A1F2FF92E071A4C6A655D2CB5E629","C:\Users\13527\Desktop\123\HOUSE_WORK\PROJECT_COMMAND_CENTER_UI_LANE\LIVE_INSTALL_EXECUTION_PLAN_GATE\CURRENT_COMMAND_CENTER_UI_LANE_LIVE_INSTALL_EXECUTION_PLAN_STATUS.md"
"DESKTOP_LANE","LIVE_INSTALL_EXECUTION_PLAN_GATE\COMMAND_CENTER_UI_LANE_LIVE_INSTALL_EXECUTION_PLAN_GATE_V1_20260606_162345\COMMAND_CENTER_UI_LANE_LIVE_INSTALL_EXECUTION_PLAN_PACKET_V1_20260606.md","3819","2026-06-06T20:23:46.0311274Z","A26391782E74304923BFD55AB6F160780F98A35DBB85A9F2DA4FCD5185877579","C:\Users\13527\Desktop\123\HOUSE_WORK\PROJECT_COMMAND_CENTER_UI_LANE\LIVE_INSTALL_EXECUTION_PLAN_GATE\COMMAND_CENTER_UI_LANE_LIVE_INSTALL_EXECUTION_PLAN_GATE_V1_20260606_162345\COMMAND_CENTER_UI_LANE_LIVE_INSTALL_EXECUTION_PLAN_PACKET_V1_20260606.md"
"DESKTOP_LANE","LIVE_INSTALL_EXECUTION_PLAN_GATE\COMMAND_CENTER_UI_LANE_LIVE_INSTALL_EXECUTION_PLAN_GATE_V1_20260606_162345\COPY_PLAN_MANIFEST__COMMAND_CENTER_UI_LANE_V1_20260606.json","47357","2026-06-06T20:23:46.0154753Z","8B4A34A25A9B64712F82E43CC002B8CB741C80FC6E0E7E76B29C26E342424678","C:\Users\13527\Desktop\123\HOUSE_WORK\PROJECT_COMMAND_CENTER_UI_LANE\LIVE_INSTALL_EXECUTION_PLAN_GATE\COMMAND_CENTER_UI_LANE_LIVE_INSTALL_EXECUTION_PLAN_GATE_V1_20260606_162345\COPY_PLAN_MANIFEST__COMMAND_CENTER_UI_LANE_V1_20260606.json"
"DESKTOP_LANE","LIVE_INSTALL_EXECUTION_PLAN_GATE\COMMAND_CENTER_UI_LANE_LIVE_INSTALL_EXECUTION_PLAN_GATE_V1_20260606_162345\COPY_PLAN_MANIFEST__COMMAND_CENTER_UI_LANE_V1_20260606.md","32856","2026-06-06T20:23:45.9998532Z","7F341AFF715200DFCC0D84D8E44F9160D5936F54312EB193885A014F29930276","C:\Users\13527\Desktop\123\HOUSE_WORK\PROJECT_COMMAND_CENTER_UI_LANE\LIVE_INSTALL_EXECUTION_PLAN_GATE\COMMAND_CENTER_UI_LANE_LIVE_INSTALL_EXECUTION_PLAN_GATE_V1_20260606_162345\COPY_PLAN_MANIFEST__COMMAND_CENTER_UI_LANE_V1_20260606.md"
"DESKTOP_LANE","LIVE_INSTALL_EXECUTION_PLAN_GATE\COMMAND_CENTER_UI_LANE_LIVE_INSTALL_EXECUTION_PLAN_GATE_V1_20260606_162345\ERROR_LEDGER__COMMAND_CENTER_UI_LANE_LIVE_INSTALL_EXECUTION_PLAN_GATE_V1_20260606.md","332","2026-06-06T20:23:45.9842652Z","A54295A4F2B0BB879D0CBD5E578351F9579081CA1F092E976598E39E7484B50F","C:\Users\13527\Desktop\123\HOUSE_WORK\PROJECT_COMMAND_CENTER_UI_LANE\LIVE_INSTALL_EXECUTION_PLAN_GATE\COMMAND_CENTER_UI_LANE_LIVE_INSTALL_EXECUTION_PLAN_GATE_V1_20260606_162345\ERROR_LEDGER__COMMAND_CENTER_UI_LANE_LIVE_INSTALL_EXECUTION_PLAN_GATE_V1_20260606.md"
"DESKTOP_LANE","LIVE_INSTALL_EXECUTION_PLAN_GATE\COMMAND_CENTER_UI_LANE_LIVE_INSTALL_EXECUTION_PLAN_GATE_V1_20260606_162345\EXECUTION_STEPS__COMMAND_CENTER_UI_LANE_LIVE_INSTALL_V1_20260606.md","804","2026-06-06T20:23:46.0154753Z","638D9A93C0B5583F9D02FEB069F83FED72BD5265D03033556964F082B09B8A0E","C:\Users\13527\Desktop\123\HOUSE_WORK\PROJECT_COMMAND_CENTER_UI_LANE\LIVE_INSTALL_EXECUTION_PLAN_GATE\COMMAND_CENTER_UI_LANE_LIVE_INSTALL_EXECUTION_PLAN_GATE_V1_20260606_162345\EXECUTION_STEPS__COMMAND_CENTER_UI_LANE_LIVE_INSTALL_V1_20260606.md"
"DESKTOP_LANE","LIVE_INSTALL_EXECUTION_PLAN_GATE\COMMAND_CENTER_UI_LANE_LIVE_INSTALL_EXECUTION_PLAN_GATE_V1_20260606_162345\NEXT_OBJECT_CARD__COMMAND_CENTER_UI_LANE_LIVE_INSTALL_FINAL_EXECUTION_AUTHORIZATION_GATE_V1_20260606.md","774","2026-06-06T20:23:46.0311274Z","3DD6581D49A9ACB5BE93869C9691C3FD23CE214014B1A729E15379D8DDDB8638","C:\Users\13527\Desktop\123\HOUSE_WORK\PROJECT_COMMAND_CENTER_UI_LANE\LIVE_INSTALL_EXECUTION_PLAN_GATE\COMMAND_CENTER_UI_LANE_LIVE_INSTALL_EXECUTION_PLAN_GATE_V1_20260606_162345\NEXT_OBJECT_CARD__COMMAND_CENTER_UI_LANE_LIVE_INSTALL_FINAL_EXECUTION_AUTHORIZATION_GATE_V1_20260606.md"
"DESKTOP_LANE","LIVE_INSTALL_EXECUTION_PLAN_GATE\COMMAND_CENTER_UI_LANE_LIVE_INSTALL_EXECUTION_PLAN_GATE_V1_20260606_162345\OUTPUT__WORK_ENTRYPOINT_VERIFY_FOR_EXECUTION_PLAN_GATE.txt","560","2026-06-06T20:23:45.7654215Z","9F89FC7739EAA6CA6D9B827752DD72439DBB54E80A1B5D2A195F1AD58D16116A","C:\Users\13527\Desktop\123\HOUSE_WORK\PROJECT_COMMAND_CENTER_UI_LANE\LIVE_INSTALL_EXECUTION_PLAN_GATE\COMMAND_CENTER_UI_LANE_LIVE_INSTALL_EXECUTION_PLAN_GATE_V1_20260606_162345\OUTPUT__WORK_ENTRYPOINT_VERIFY_FOR_EXECUTION_PLAN_GATE.txt"
"DESKTOP_LANE","LIVE_INSTALL_EXECUTION_PLAN_GATE\COMMAND_CENTER_UI_LANE_LIVE_INSTALL_EXECUTION_PLAN_GATE_V1_20260606_162345\RECEIPT__COMMAND_CENTER_UI_LANE_LIVE_INSTALL_EXECUTION_PLAN_GATE_V1_20260606.md","3363","2026-06-06T20:23:46.0311274Z","04893696D77DDB3F0DB6687845EA1DE946BB32E9A9DC5F4C41EA2DC97AA8D99A","C:\Users\13527\Desktop\123\HOUSE_WORK\PROJECT_COMMAND_CENTER_UI_LANE\LIVE_INSTALL_EXECUTION_PLAN_GATE\COMMAND_CENTER_UI_LANE_LIVE_INSTALL_EXECUTION_PLAN_GATE_V1_20260606_162345\RECEIPT__COMMAND_CENTER_UI_LANE_LIVE_INSTALL_EXECUTION_PLAN_GATE_V1_20260606.md"
"DESKTOP_LANE","LIVE_INSTALL_EXECUTION_PLAN_GATE\COMMAND_CENTER_UI_LANE_LIVE_INSTALL_EXECUTION_PLAN_GATE_V1_20260606_162345\ROLLBACK_EXECUTION_PLAN__COMMAND_CENTER_UI_LANE_V1_20260606.md","760","2026-06-06T20:23:46.0154753Z","0400BBB70DE67B374AF86B94A679358CEE29CE212392D7CBBD0CD4FF3BC811D9","C:\Users\13527\Desktop\123\HOUSE_WORK\PROJECT_COMMAND_CENTER_UI_LANE\LIVE_INSTALL_EXECUTION_PLAN_GATE\COMMAND_CENTER_UI_LANE_LIVE_INSTALL_EXECUTION_PLAN_GATE_V1_20260606_162345\ROLLBACK_EXECUTION_PLAN__COMMAND_CENTER_UI_LANE_V1_20260606.md"
"DESKTOP_LANE","LIVE_INSTALL_EXECUTION_PLAN_GATE\COMMAND_CENTER_UI_LANE_LIVE_INSTALL_EXECUTION_PLAN_GATE_V1_20260606_162345\STOP_CONDITIONS__COMMAND_CENTER_UI_LANE_LIVE_INSTALL_V1_20260606.md","608","2026-06-06T20:23:46.0154753Z","15A16A6FD2D22EB9C640444BBDD5B537B1188BA47B902B4989B969C4CB97155B","C:\Users\13527\Desktop\123\HOUSE_WORK\PROJECT_COMMAND_CENTER_UI_LANE\LIVE_INSTALL_EXECUTION_PLAN_GATE\COMMAND_CENTER_UI_LANE_LIVE_INSTALL_EXECUTION_PLAN_GATE_V1_20260606_162345\STOP_CONDITIONS__COMMAND_CENTER_UI_LANE_LIVE_INSTALL_V1_20260606.md"
"DESKTOP_LANE","LIVE_INSTALL_EXECUTION_PLAN_GATE\COMMAND_CENTER_UI_LANE_LIVE_INSTALL_EXECUTION_PLAN_GATE_V1_20260606_162345\VERIFY_AFTER_INSTALL_PLAN__COMMAND_CENTER_UI_LANE_V1_20260606.md","957","2026-06-06T20:23:46.0154753Z","7C321CFF5F6D924577DBB040D1AAF490273239C55FBBBA17EF6AE766B6996AE8","C:\Users\13527\Desktop\123\HOUSE_WORK\PROJECT_COMMAND_CENTER_UI_LANE\LIVE_INSTALL_EXECUTION_PLAN_GATE\COMMAND_CENTER_UI_LANE_LIVE_INSTALL_EXECUTION_PLAN_GATE_V1_20260606_162345\VERIFY_AFTER_INSTALL_PLAN__COMMAND_CENTER_UI_LANE_V1_20260606.md"
"DESKTOP_LANE","LIVE_INSTALL_EXECUTION_PLAN_GATE\WRITER_RECEIPTS\WRITE_COMMAND_CENTER_UI_LANE_LIVE_INSTALL_EXECUTION_PLAN_GATE_V1_20260606_162345\RECEIPT__WRITE_COMMAND_CENTER_UI_LANE_LIVE_INSTALL_EXECUTION_PLAN_GATE_V1_20260606.md","2071","2026-06-06T20:23:46.0871627Z","24D5BC146BC36C7DD223DA9BFB042D8F0E55417E7949C6A4165840B8634B3F79","C:\Users\13527\Desktop\123\HOUSE_WORK\PROJECT_COMMAND_CENTER_UI_LANE\LIVE_INSTALL_EXECUTION_PLAN_GATE\WRITER_RECEIPTS\WRITE_COMMAND_CENTER_UI_LANE_LIVE_INSTALL_EXECUTION_PLAN_GATE_V1_20260606_162345\RECEIPT__WRITE_COMMAND_CENTER_UI_LANE_LIVE_INSTALL_EXECUTION_PLAN_GATE_V1_20260606.md"
"DESKTOP_LANE","LIVE_INSTALL_EXECUTION_PLAN_GATE\WRITER_RECEIPTS\WRITE_COMMAND_CENTER_UI_LANE_LIVE_INSTALL_EXECUTION_PLAN_GATE_V1_20260606_162345\VERIFY_OUTPUT__COMMAND_CENTER_UI_LANE_LIVE_INSTALL_EXECUTION_PLAN_GATE_V1_20260606.txt","948","2026-06-06T20:23:46.0841482Z","256B4F48F032C488CE2CB05D239A020B2158154C2AD21CF99DCBAE8F2D52C54F","C:\Users\13527\Desktop\123\HOUSE_WORK\PROJECT_COMMAND_CENTER_UI_LANE\LIVE_INSTALL_EXECUTION_PLAN_GATE\WRITER_RECEIPTS\WRITE_COMMAND_CENTER_UI_LANE_LIVE_INSTALL_EXECUTION_PLAN_GATE_V1_20260606_162345\VERIFY_OUTPUT__COMMAND_CENTER_UI_LANE_LIVE_INSTALL_EXECUTION_PLAN_GATE_V1_20260606.txt"
"DESKTOP_LANE","LIVE_INSTALL_EXECUTION_SCRIPT_BUILD_GATE\COMMAND_CENTER_UI_LANE_LIVE_INSTALL_EXECUTION_SCRIPT_BUILD_GATE_CARD_V1_20260606.md","804","2026-06-06T20:30:16.1080828Z","6C94CDCF33F8F6AB855930AF97539FB7EB182A1EE68BA049E20F5AA1DB5DC7AE","C:\Users\13527\Desktop\123\HOUSE_WORK\PROJECT_COMMAND_CENTER_UI_LANE\LIVE_INSTALL_EXECUTION_SCRIPT_BUILD_GATE\COMMAND_CENTER_UI_LANE_LIVE_INSTALL_EXECUTION_SCRIPT_BUILD_GATE_CARD_V1_20260606.md"
"DESKTOP_LANE","LIVE_INSTALL_EXECUTION_SCRIPT_BUILD_GATE\COMMAND_CENTER_UI_LANE_LIVE_INSTALL_EXECUTION_SCRIPT_BUILD_GATE_V1_20260606.ps1","34087","2026-06-06T20:30:16.0970791Z","D7DD1ECE09266DF8F8D4492E5A3D316670FBE1576A127D23F9C61D7F8C9F79B3","C:\Users\13527\Desktop\123\HOUSE_WORK\PROJECT_COMMAND_CENTER_UI_LANE\LIVE_INSTALL_EXECUTION_SCRIPT_BUILD_GATE\COMMAND_CENTER_UI_LANE_LIVE_INSTALL_EXECUTION_SCRIPT_BUILD_GATE_V1_20260606.ps1"
"DESKTOP_LANE","LIVE_INSTALL_EXECUTION_SCRIPT_BUILD_GATE\CURRENT_COMMAND_CENTER_UI_LANE_LIVE_INSTALL_EXECUTION_SCRIPT_BUILD_STATUS.json","2529","2026-06-06T20:30:16.7334491Z","8C54BC65C6FD35D3EABE39F865EDE1AD657DAEDAF8BA8EF8D3139E419845567F","C:\Users\13527\Desktop\123\HOUSE_WORK\PROJECT_COMMAND_CENTER_UI_LANE\LIVE_INSTALL_EXECUTION_SCRIPT_BUILD_GATE\CURRENT_COMMAND_CENTER_UI_LANE_LIVE_INSTALL_EXECUTION_SCRIPT_BUILD_STATUS.json"
"DESKTOP_LANE","LIVE_INSTALL_EXECUTION_SCRIPT_BUILD_GATE\CURRENT_COMMAND_CENTER_UI_LANE_LIVE_INSTALL_EXECUTION_SCRIPT_BUILD_STATUS.md","2614","2026-06-06T20:30:16.7334491Z","D04AFFFD188F3B9455FCCF5255C50A7629D705DF51CA662A905E59ED1A7E8487","C:\Users\13527\Desktop\123\HOUSE_WORK\PROJECT_COMMAND_CENTER_UI_LANE\LIVE_INSTALL_EXECUTION_SCRIPT_BUILD_GATE\CURRENT_COMMAND_CENTER_UI_LANE_LIVE_INSTALL_EXECUTION_SCRIPT_BUILD_STATUS.md"
"DESKTOP_LANE","LIVE_INSTALL_EXECUTION_SCRIPT_BUILD_GATE\EXECUTE_COMMAND_CENTER_UI_LANE_LIVE_INSTALL_V1_20260606.ps1","15671","2026-06-06T20:30:16.6865856Z","F5CC56A8235C57ABC76516BCADB6079E012F73A807F10A4FCC5305D9E4C1C303","C:\Users\13527\Desktop\123\HOUSE_WORK\PROJECT_COMMAND_CENTER_UI_LANE\LIVE_INSTALL_EXECUTION_SCRIPT_BUILD_GATE\EXECUTE_COMMAND_CENTER_UI_LANE_LIVE_INSTALL_V1_20260606.ps1"
"DESKTOP_LANE","LIVE_INSTALL_EXECUTION_SCRIPT_BUILD_GATE\REPAIR_CARD__COMMAND_CENTER_UI_LANE_LIVE_INSTALL_EXECUTION_SCRIPT_BUILD_GATE_WRITER_V1_TO_V1_1_20260606.md","856","2026-06-06T20:30:16.1060558Z","353A7285A67426F6D7A7BD0D8AFBE44F203485CC6858027D8C2D46BB412BB33B","C:\Users\13527\Desktop\123\HOUSE_WORK\PROJECT_COMMAND_CENTER_UI_LANE\LIVE_INSTALL_EXECUTION_SCRIPT_BUILD_GATE\REPAIR_CARD__COMMAND_CENTER_UI_LANE_LIVE_INSTALL_EXECUTION_SCRIPT_BUILD_GATE_WRITER_V1_TO_V1_1_20260606.md"
"DESKTOP_LANE","LIVE_INSTALL_EXECUTION_SCRIPT_BUILD_GATE\COMMAND_CENTER_UI_LANE_LIVE_INSTALL_EXECUTION_SCRIPT_BUILD_GATE_V1_20260606_163016\COMMAND_CENTER_UI_LANE_LIVE_INSTALL_EXECUTION_SCRIPT_BUILD_PACKET_V1_20260606.md","1318","2026-06-06T20:30:16.7334491Z","CFC9BB11C22FC67370746B40B9559EBA18223E439D4DBAA76E3C3E9A0333FB14","C:\Users\13527\Desktop\123\HOUSE_WORK\PROJECT_COMMAND_CENTER_UI_LANE\LIVE_INSTALL_EXECUTION_SCRIPT_BUILD_GATE\COMMAND_CENTER_UI_LANE_LIVE_INSTALL_EXECUTION_SCRIPT_BUILD_GATE_V1_20260606_163016\COMMAND_CENTER_UI_LANE_LIVE_INSTALL_EXECUTION_SCRIPT_BUILD_PACKET_V1_20260606.md"
"DESKTOP_LANE","LIVE_INSTALL_EXECUTION_SCRIPT_BUILD_GATE\COMMAND_CENTER_UI_LANE_LIVE_INSTALL_EXECUTION_SCRIPT_BUILD_GATE_V1_20260606_163016\ERROR_LEDGER__COMMAND_CENTER_UI_LANE_LIVE_INSTALL_EXECUTION_SCRIPT_BUILD_GATE_V1_20260606.md","214","2026-06-06T20:30:16.7334491Z","123AA841C3F4FEA586984560E42788A0D90BF91CEE984063FBA01F7FE9010348","C:\Users\13527\Desktop\123\HOUSE_WORK\PROJECT_COMMAND_CENTER_UI_LANE\LIVE_INSTALL_EXECUTION_SCRIPT_BUILD_GATE\COMMAND_CENTER_UI_LANE_LIVE_INSTALL_EXECUTION_SCRIPT_BUILD_GATE_V1_20260606_163016\ERROR_LEDGER__COMMAND_CENTER_UI_LANE_LIVE_INSTALL_EXECUTION_SCRIPT_BUILD_GATE_V1_20260606.md"
"DESKTOP_LANE","LIVE_INSTALL_EXECUTION_SCRIPT_BUILD_GATE\COMMAND_CENTER_UI_LANE_LIVE_INSTALL_EXECUTION_SCRIPT_BUILD_GATE_V1_20260606_163016\NEXT_OBJECT_CARD__COMMAND_CENTER_UI_LANE_LIVE_INSTALL_RUN_AUTHORIZATION_GATE_V1_20260606.md","693","2026-06-06T20:30:16.7334491Z","421F484C6CF39B7E3DE8A0FAB41572BA4DE83359084CD5B8A79691E14CB72953","C:\Users\13527\Desktop\123\HOUSE_WORK\PROJECT_COMMAND_CENTER_UI_LANE\LIVE_INSTALL_EXECUTION_SCRIPT_BUILD_GATE\COMMAND_CENTER_UI_LANE_LIVE_INSTALL_EXECUTION_SCRIPT_BUILD_GATE_V1_20260606_163016\NEXT_OBJECT_CARD__COMMAND_CENTER_UI_LANE_LIVE_INSTALL_RUN_AUTHORIZATION_GATE_V1_20260606.md"
"DESKTOP_LANE","LIVE_INSTALL_EXECUTION_SCRIPT_BUILD_GATE\COMMAND_CENTER_UI_LANE_LIVE_INSTALL_EXECUTION_SCRIPT_BUILD_GATE_V1_20260606_163016\OUTPUT__WORK_ENTRYPOINT_VERIFY_FOR_EXECUTION_SCRIPT_BUILD_GATE.txt","560","2026-06-06T20:30:16.6568563Z","214D16F716FA374F250FB5BBA6923CD7B3F2E3EE76DAA712BE3D69E1DC33B511","C:\Users\13527\Desktop\123\HOUSE_WORK\PROJECT_COMMAND_CENTER_UI_LANE\LIVE_INSTALL_EXECUTION_SCRIPT_BUILD_GATE\COMMAND_CENTER_UI_LANE_LIVE_INSTALL_EXECUTION_SCRIPT_BUILD_GATE_V1_20260606_163016\OUTPUT__WORK_ENTRYPOINT_VERIFY_FOR_EXECUTION_SCRIPT_BUILD_GATE.txt"
"DESKTOP_LANE","LIVE_INSTALL_EXECUTION_SCRIPT_BUILD_GATE\COMMAND_CENTER_UI_LANE_LIVE_INSTALL_EXECUTION_SCRIPT_BUILD_GATE_V1_20260606_163016\RECEIPT__COMMAND_CENTER_UI_LANE_LIVE_INSTALL_EXECUTION_SCRIPT_BUILD_GATE_V1_20260606.md","3697","2026-06-06T20:30:16.7334491Z","60D569FCB5ED4E0C0F066EE824B0AD4BBB47EEF2B58C9C6C2F984EC82EB981C7","C:\Users\13527\Desktop\123\HOUSE_WORK\PROJECT_COMMAND_CENTER_UI_LANE\LIVE_INSTALL_EXECUTION_SCRIPT_BUILD_GATE\COMMAND_CENTER_UI_LANE_LIVE_INSTALL_EXECUTION_SCRIPT_BUILD_GATE_V1_20260606_163016\RECEIPT__COMMAND_CENTER_UI_LANE_LIVE_INSTALL_EXECUTION_SCRIPT_BUILD_GATE_V1_20260606.md"
"DESKTOP_LANE","LIVE_INSTALL_EXECUTION_SCRIPT_BUILD_GATE\COMMAND_CENTER_UI_LANE_LIVE_INSTALL_EXECUTION_SCRIPT_BUILD_GATE_V1_20260606_163016\SYNTAX_REPORT__LIVE_INSTALL_EXECUTION_SCRIPT_V1_20260606.md","307","2026-06-06T20:30:16.7178306Z","ACF0F57F8742D9CB7D54BA5DE08E7BD6E0EF610ED61F4406527538D7CD05525A","C:\Users\13527\Desktop\123\HOUSE_WORK\PROJECT_COMMAND_CENTER_UI_LANE\LIVE_INSTALL_EXECUTION_SCRIPT_BUILD_GATE\COMMAND_CENTER_UI_LANE_LIVE_INSTALL_EXECUTION_SCRIPT_BUILD_GATE_V1_20260606_163016\SYNTAX_REPORT__LIVE_INSTALL_EXECUTION_SCRIPT_V1_20260606.md"
"DESKTOP_LANE","LIVE_INSTALL_EXECUTION_SCRIPT_BUILD_GATE\WRITER_RECEIPTS\WRITE_COMMAND_CENTER_UI_LANE_LIVE_INSTALL_EXECUTION_SCRIPT_BUILD_GATE_V1_1_20260606_163016\ERROR_LEDGER__WRITE_COMMAND_CENTER_UI_LANE_LIVE_INSTALL_EXECUTION_SCRIPT_BUILD_GATE_V1_1_20260606.md","222","2026-06-06T20:30:16.7802818Z","0C1D161D5D1CD5877C85F6C9DFB2E469BC9E2BEB423EC2E3490BF2B0F837DF19","C:\Users\13527\Desktop\123\HOUSE_WORK\PROJECT_COMMAND_CENTER_UI_LANE\LIVE_INSTALL_EXECUTION_SCRIPT_BUILD_GATE\WRITER_RECEIPTS\WRITE_COMMAND_CENTER_UI_LANE_LIVE_INSTALL_EXECUTION_SCRIPT_BUILD_GATE_V1_1_20260606_163016\ERROR_LEDGER__WRITE_COMMAND_CENTER_UI_LANE_LIVE_INSTALL_EXECUTION_SCRIPT_BUILD_GATE_V1_1_20260606.md"
"DESKTOP_LANE","LIVE_INSTALL_EXECUTION_SCRIPT_BUILD_GATE\WRITER_RECEIPTS\WRITE_COMMAND_CENTER_UI_LANE_LIVE_INSTALL_EXECUTION_SCRIPT_BUILD_GATE_V1_1_20260606_163016\RECEIPT__WRITE_COMMAND_CENTER_UI_LANE_LIVE_INSTALL_EXECUTION_SCRIPT_BUILD_GATE_V1_1_20260606.md","3031","2026-06-06T20:30:16.7802818Z","2546C992D8108D73CD5F96C90DB353F386062E5307A5DE330CBC43891D0FE3A7","C:\Users\13527\Desktop\123\HOUSE_WORK\PROJECT_COMMAND_CENTER_UI_LANE\LIVE_INSTALL_EXECUTION_SCRIPT_BUILD_GATE\WRITER_RECEIPTS\WRITE_COMMAND_CENTER_UI_LANE_LIVE_INSTALL_EXECUTION_SCRIPT_BUILD_GATE_V1_1_20260606_163016\RECEIPT__WRITE_COMMAND_CENTER_UI_LANE_LIVE_INSTALL_EXECUTION_SCRIPT_BUILD_GATE_V1_1_20260606.md"
"DESKTOP_LANE","LIVE_INSTALL_EXECUTION_SCRIPT_BUILD_GATE\WRITER_RECEIPTS\WRITE_COMMAND_CENTER_UI_LANE_LIVE_INSTALL_EXECUTION_SCRIPT_BUILD_GATE_V1_1_20260606_163016\VERIFY_OUTPUT__COMMAND_CENTER_UI_LANE_LIVE_INSTALL_EXECUTION_SCRIPT_BUILD_GATE_V1_1_20260606.txt","864","2026-06-06T20:30:16.7802818Z","D3486BA50F93BDDADD9CECD2F35E46A7948EFF790802217C357C9949D5B9255C","C:\Users\13527\Desktop\123\HOUSE_WORK\PROJECT_COMMAND_CENTER_UI_LANE\LIVE_INSTALL_EXECUTION_SCRIPT_BUILD_GATE\WRITER_RECEIPTS\WRITE_COMMAND_CENTER_UI_LANE_LIVE_INSTALL_EXECUTION_SCRIPT_BUILD_GATE_V1_1_20260606_163016\VERIFY_OUTPUT__COMMAND_CENTER_UI_LANE_LIVE_INSTALL_EXECUTION_SCRIPT_BUILD_GATE_V1_1_20260606.txt"
"DESKTOP_LANE","LIVE_INSTALL_FINAL_EXECUTION_AUTHORIZATION_GATE\COMMAND_CENTER_UI_LANE_LIVE_INSTALL_FINAL_EXECUTION_AUTHORIZATION_GATE_CARD_V1_20260606.md","1381","2026-06-06T20:25:38.2079247Z","21D63FFE3D38B7963939A3D0D4FE74E847D03F0C8CC1309E42C16D9A5C3FC2F1","C:\Users\13527\Desktop\123\HOUSE_WORK\PROJECT_COMMAND_CENTER_UI_LANE\LIVE_INSTALL_FINAL_EXECUTION_AUTHORIZATION_GATE\COMMAND_CENTER_UI_LANE_LIVE_INSTALL_FINAL_EXECUTION_AUTHORIZATION_GATE_CARD_V1_20260606.md"
"DESKTOP_LANE","LIVE_INSTALL_FINAL_EXECUTION_AUTHORIZATION_GATE\COMMAND_CENTER_UI_LANE_LIVE_INSTALL_FINAL_EXECUTION_AUTHORIZATION_GATE_V1_20260606.ps1","27097","2026-06-06T20:25:38.2079247Z","ABD44AAB3FA152687F23BAE67936D371AFB38452A84DCC58799CCCAB546D575D","C:\Users\13527\Desktop\123\HOUSE_WORK\PROJECT_COMMAND_CENTER_UI_LANE\LIVE_INSTALL_FINAL_EXECUTION_AUTHORIZATION_GATE\COMMAND_CENTER_UI_LANE_LIVE_INSTALL_FINAL_EXECUTION_AUTHORIZATION_GATE_V1_20260606.ps1"
"DESKTOP_LANE","LIVE_INSTALL_FINAL_EXECUTION_AUTHORIZATION_GATE\CURRENT_COMMAND_CENTER_UI_LANE_LIVE_INSTALL_FINAL_EXECUTION_AUTHORIZATION_STATUS.json","2889","2026-06-06T20:26:10.3080586Z","2F163B807E938F1BB8517200E8504E7C43E87E46AAA7E79E0C676B9CD1C757C1","C:\Users\13527\Desktop\123\HOUSE_WORK\PROJECT_COMMAND_CENTER_UI_LANE\LIVE_INSTALL_FINAL_EXECUTION_AUTHORIZATION_GATE\CURRENT_COMMAND_CENTER_UI_LANE_LIVE_INSTALL_FINAL_EXECUTION_AUTHORIZATION_STATUS.json"
"DESKTOP_LANE","LIVE_INSTALL_FINAL_EXECUTION_AUTHORIZATION_GATE\CURRENT_COMMAND_CENTER_UI_LANE_LIVE_INSTALL_FINAL_EXECUTION_AUTHORIZATION_STATUS.md","2960","2026-06-06T20:26:10.3237447Z","B122388DF2230760C7A054E1D6E5110F3FDE8D82DEBF2AB06B905349BEAF54BE","C:\Users\13527\Desktop\123\HOUSE_WORK\PROJECT_COMMAND_CENTER_UI_LANE\LIVE_INSTALL_FINAL_EXECUTION_AUTHORIZATION_GATE\CURRENT_COMMAND_CENTER_UI_LANE_LIVE_INSTALL_FINAL_EXECUTION_AUTHORIZATION_STATUS.md"
"DESKTOP_LANE","LIVE_INSTALL_FINAL_EXECUTION_AUTHORIZATION_GATE\COMMAND_CENTER_UI_LANE_LIVE_INSTALL_FINAL_EXECUTION_AUTHORIZATION_GATE_V1_20260606_162538\COMMAND_CENTER_UI_LANE_LIVE_INSTALL_FINAL_EXECUTION_AUTHORIZATION_PACKET_V1_20260606.md","3558","2026-06-06T20:25:38.7024733Z","10F323B72A70948D414EB9BDFCAC20D0791CF5B94C0FF1BEC9F47438594C7E90","C:\Users\13527\Desktop\123\HOUSE_WORK\PROJECT_COMMAND_CENTER_UI_LANE\LIVE_INSTALL_FINAL_EXECUTION_AUTHORIZATION_GATE\COMMAND_CENTER_UI_LANE_LIVE_INSTALL_FINAL_EXECUTION_AUTHORIZATION_GATE_V1_20260606_162538\COMMAND_CENTER_UI_LANE_LIVE_INSTALL_FINAL_EXECUTION_AUTHORIZATION_PACKET_V1_20260606.md"
"DESKTOP_LANE","LIVE_INSTALL_FINAL_EXECUTION_AUTHORIZATION_GATE\COMMAND_CENTER_UI_LANE_LIVE_INSTALL_FINAL_EXECUTION_AUTHORIZATION_GATE_V1_20260606_162538\ERROR_LEDGER__COMMAND_CENTER_UI_LANE_LIVE_INSTALL_FINAL_EXECUTION_AUTHORIZATION_GATE_V1_20260606.md","347","2026-06-06T20:25:38.6973890Z","C44B29AA04C0EFC9AA2683093D04911CF494E03F1C05E9BEB47D6B4E4D7F787B","C:\Users\13527\Desktop\123\HOUSE_WORK\PROJECT_COMMAND_CENTER_UI_LANE\LIVE_INSTALL_FINAL_EXECUTION_AUTHORIZATION_GATE\COMMAND_CENTER_UI_LANE_LIVE_INSTALL_FINAL_EXECUTION_AUTHORIZATION_GATE_V1_20260606_162538\ERROR_LEDGER__COMMAND_CENTER_UI_LANE_LIVE_INSTALL_FINAL_EXECUTION_AUTHORIZATION_GATE_V1_20260606.md"
"DESKTOP_LANE","LIVE_INSTALL_FINAL_EXECUTION_AUTHORIZATION_GATE\COMMAND_CENTER_UI_LANE_LIVE_INSTALL_FINAL_EXECUTION_AUTHORIZATION_GATE_V1_20260606_162538\LOCKED_TERMS__COMMAND_CENTER_UI_LANE_LIVE_INSTALL_EXECUTION_SCRIPT_BUILD_V1_20260606.md","2823","2026-06-06T20:25:38.7013898Z","4649DE8B2FA82EA8BA97F693FCC2653C6E185BAB2DA33DFD2B7E57AE817304B8","C:\Users\13527\Desktop\123\HOUSE_WORK\PROJECT_COMMAND_CENTER_UI_LANE\LIVE_INSTALL_FINAL_EXECUTION_AUTHORIZATION_GATE\COMMAND_CENTER_UI_LANE_LIVE_INSTALL_FINAL_EXECUTION_AUTHORIZATION_GATE_V1_20260606_162538\LOCKED_TERMS__COMMAND_CENTER_UI_LANE_LIVE_INSTALL_EXECUTION_SCRIPT_BUILD_V1_20260606.md"
"DESKTOP_LANE","LIVE_INSTALL_FINAL_EXECUTION_AUTHORIZATION_GATE\COMMAND_CENTER_UI_LANE_LIVE_INSTALL_FINAL_EXECUTION_AUTHORIZATION_GATE_V1_20260606_162538\NEXT_OBJECT_CARD__COMMAND_CENTER_UI_LANE_LIVE_INSTALL_EXECUTION_SCRIPT_BUILD_GATE_V1_20260606.md","1120","2026-06-06T20:25:38.7024733Z","B1BCC39799EECE1385AE4F4C55D5EEFECA249CBC7BB59049C8E534790224F42B","C:\Users\13527\Desktop\123\HOUSE_WORK\PROJECT_COMMAND_CENTER_UI_LANE\LIVE_INSTALL_FINAL_EXECUTION_AUTHORIZATION_GATE\COMMAND_CENTER_UI_LANE_LIVE_INSTALL_FINAL_EXECUTION_AUTHORIZATION_GATE_V1_20260606_162538\NEXT_OBJECT_CARD__COMMAND_CENTER_UI_LANE_LIVE_INSTALL_EXECUTION_SCRIPT_BUILD_GATE_V1_20260606.md"
"DESKTOP_LANE","LIVE_INSTALL_FINAL_EXECUTION_AUTHORIZATION_GATE\COMMAND_CENTER_UI_LANE_LIVE_INSTALL_FINAL_EXECUTION_AUTHORIZATION_GATE_V1_20260606_162538\OUTPUT__WORK_ENTRYPOINT_VERIFY_FOR_FINAL_EXECUTION_AUTHORIZATION_GATE.txt","560","2026-06-06T20:25:38.6566163Z","4E281F75C244215BFE7EAFBCCCF51710BF24B6609F676F24832E085CE6DCF520","C:\Users\13527\Desktop\123\HOUSE_WORK\PROJECT_COMMAND_CENTER_UI_LANE\LIVE_INSTALL_FINAL_EXECUTION_AUTHORIZATION_GATE\COMMAND_CENTER_UI_LANE_LIVE_INSTALL_FINAL_EXECUTION_AUTHORIZATION_GATE_V1_20260606_162538\OUTPUT__WORK_ENTRYPOINT_VERIFY_FOR_FINAL_EXECUTION_AUTHORIZATION_GATE.txt"
"DESKTOP_LANE","LIVE_INSTALL_FINAL_EXECUTION_AUTHORIZATION_GATE\COMMAND_CENTER_UI_LANE_LIVE_INSTALL_FINAL_EXECUTION_AUTHORIZATION_GATE_V1_20260606_162538\PENDING_CARD__COMMAND_CENTER_UI_LANE_LIVE_INSTALL_FINAL_EXECUTION_AUTHORIZATION_V1_20260606.md","830","2026-06-06T20:25:38.7024733Z","F54BDC33075F39AE95ACF21A2B0D150F301D3C63D1588103F7BD23FD2C7BDF1F","C:\Users\13527\Desktop\123\HOUSE_WORK\PROJECT_COMMAND_CENTER_UI_LANE\LIVE_INSTALL_FINAL_EXECUTION_AUTHORIZATION_GATE\COMMAND_CENTER_UI_LANE_LIVE_INSTALL_FINAL_EXECUTION_AUTHORIZATION_GATE_V1_20260606_162538\PENDING_CARD__COMMAND_CENTER_UI_LANE_LIVE_INSTALL_FINAL_EXECUTION_AUTHORIZATION_V1_20260606.md"
"DESKTOP_LANE","LIVE_INSTALL_FINAL_EXECUTION_AUTHORIZATION_GATE\COMMAND_CENTER_UI_LANE_LIVE_INSTALL_FINAL_EXECUTION_AUTHORIZATION_GATE_V1_20260606_162538\RECEIPT__COMMAND_CENTER_UI_LANE_LIVE_INSTALL_FINAL_EXECUTION_AUTHORIZATION_GATE_V1_20260606.md","3235","2026-06-06T20:25:38.7024733Z","098DED4725F1A8A7F79E466DF638B641488A78DB8E19A63CC85B3B314F2D1C71","C:\Users\13527\Desktop\123\HOUSE_WORK\PROJECT_COMMAND_CENTER_UI_LANE\LIVE_INSTALL_FINAL_EXECUTION_AUTHORIZATION_GATE\COMMAND_CENTER_UI_LANE_LIVE_INSTALL_FINAL_EXECUTION_AUTHORIZATION_GATE_V1_20260606_162538\RECEIPT__COMMAND_CENTER_UI_LANE_LIVE_INSTALL_FINAL_EXECUTION_AUTHORIZATION_GATE_V1_20260606.md"
"DESKTOP_LANE","LIVE_INSTALL_FINAL_EXECUTION_AUTHORIZATION_GATE\COMMAND_CENTER_UI_LANE_LIVE_INSTALL_FINAL_EXECUTION_AUTHORIZATION_GATE_V1_20260606_162609\COMMAND_CENTER_UI_LANE_LIVE_INSTALL_FINAL_EXECUTION_AUTHORIZATION_PACKET_V1_20260606.md","3602","2026-06-06T20:26:10.3080586Z","3105865F63DE6C48E85EAC50284473AC90F854815F0CDEADB242C1E0FEDE3D2D","C:\Users\13527\Desktop\123\HOUSE_WORK\PROJECT_COMMAND_CENTER_UI_LANE\LIVE_INSTALL_FINAL_EXECUTION_AUTHORIZATION_GATE\COMMAND_CENTER_UI_LANE_LIVE_INSTALL_FINAL_EXECUTION_AUTHORIZATION_GATE_V1_20260606_162609\COMMAND_CENTER_UI_LANE_LIVE_INSTALL_FINAL_EXECUTION_AUTHORIZATION_PACKET_V1_20260606.md"
"DESKTOP_LANE","LIVE_INSTALL_FINAL_EXECUTION_AUTHORIZATION_GATE\COMMAND_CENTER_UI_LANE_LIVE_INSTALL_FINAL_EXECUTION_AUTHORIZATION_GATE_V1_20260606_162609\ERROR_LEDGER__COMMAND_CENTER_UI_LANE_LIVE_INSTALL_FINAL_EXECUTION_AUTHORIZATION_GATE_V1_20260606.md","347","2026-06-06T20:26:10.3080586Z","AC78906CDA031A4485B7F817B6F9F2A22DAEF47329DCFBE15325A5593E1AE9C0","C:\Users\13527\Desktop\123\HOUSE_WORK\PROJECT_COMMAND_CENTER_UI_LANE\LIVE_INSTALL_FINAL_EXECUTION_AUTHORIZATION_GATE\COMMAND_CENTER_UI_LANE_LIVE_INSTALL_FINAL_EXECUTION_AUTHORIZATION_GATE_V1_20260606_162609\ERROR_LEDGER__COMMAND_CENTER_UI_LANE_LIVE_INSTALL_FINAL_EXECUTION_AUTHORIZATION_GATE_V1_20260606.md"
"DESKTOP_LANE","LIVE_INSTALL_FINAL_EXECUTION_AUTHORIZATION_GATE\COMMAND_CENTER_UI_LANE_LIVE_INSTALL_FINAL_EXECUTION_AUTHORIZATION_GATE_V1_20260606_162609\LOCKED_TERMS__COMMAND_CENTER_UI_LANE_LIVE_INSTALL_EXECUTION_SCRIPT_BUILD_V1_20260606.md","2845","2026-06-06T20:26:10.3080586Z","F2A443A0C83876CF38A7018148FA7CE2B1BDAF1ECFA75928D29207A763640A42","C:\Users\13527\Desktop\123\HOUSE_WORK\PROJECT_COMMAND_CENTER_UI_LANE\LIVE_INSTALL_FINAL_EXECUTION_AUTHORIZATION_GATE\COMMAND_CENTER_UI_LANE_LIVE_INSTALL_FINAL_EXECUTION_AUTHORIZATION_GATE_V1_20260606_162609\LOCKED_TERMS__COMMAND_CENTER_UI_LANE_LIVE_INSTALL_EXECUTION_SCRIPT_BUILD_V1_20260606.md"
"DESKTOP_LANE","LIVE_INSTALL_FINAL_EXECUTION_AUTHORIZATION_GATE\COMMAND_CENTER_UI_LANE_LIVE_INSTALL_FINAL_EXECUTION_AUTHORIZATION_GATE_V1_20260606_162609\NEXT_OBJECT_CARD__COMMAND_CENTER_UI_LANE_LIVE_INSTALL_EXECUTION_SCRIPT_BUILD_GATE_V1_20260606.md","1116","2026-06-06T20:26:10.3080586Z","5F3628747EDFDD2C1C6B3065C4BB1B874E2E7EBB609C92DDF9DBCEE3CE55577C","C:\Users\13527\Desktop\123\HOUSE_WORK\PROJECT_COMMAND_CENTER_UI_LANE\LIVE_INSTALL_FINAL_EXECUTION_AUTHORIZATION_GATE\COMMAND_CENTER_UI_LANE_LIVE_INSTALL_FINAL_EXECUTION_AUTHORIZATION_GATE_V1_20260606_162609\NEXT_OBJECT_CARD__COMMAND_CENTER_UI_LANE_LIVE_INSTALL_EXECUTION_SCRIPT_BUILD_GATE_V1_20260606.md"
"DESKTOP_LANE","LIVE_INSTALL_FINAL_EXECUTION_AUTHORIZATION_GATE\COMMAND_CENTER_UI_LANE_LIVE_INSTALL_FINAL_EXECUTION_AUTHORIZATION_GATE_V1_20260606_162609\OUTPUT__WORK_ENTRYPOINT_VERIFY_FOR_FINAL_EXECUTION_AUTHORIZATION_GATE.txt","560","2026-06-06T20:26:10.2810790Z","1D73BC352EBA722D18122E945C508C59F8A1565A679CABFD42F8E9DFE307F2B6","C:\Users\13527\Desktop\123\HOUSE_WORK\PROJECT_COMMAND_CENTER_UI_LANE\LIVE_INSTALL_FINAL_EXECUTION_AUTHORIZATION_GATE\COMMAND_CENTER_UI_LANE_LIVE_INSTALL_FINAL_EXECUTION_AUTHORIZATION_GATE_V1_20260606_162609\OUTPUT__WORK_ENTRYPOINT_VERIFY_FOR_FINAL_EXECUTION_AUTHORIZATION_GATE.txt"
"DESKTOP_LANE","LIVE_INSTALL_FINAL_EXECUTION_AUTHORIZATION_GATE\COMMAND_CENTER_UI_LANE_LIVE_INSTALL_FINAL_EXECUTION_AUTHORIZATION_GATE_V1_20260606_162609\PENDING_CARD__COMMAND_CENTER_UI_LANE_LIVE_INSTALL_FINAL_EXECUTION_AUTHORIZATION_V1_20260606.md","856","2026-06-06T20:26:10.3080586Z","ABC0C9F1E475BB054892B3469AB2554792212216B6A0318E3D51DFAA9449D578","C:\Users\13527\Desktop\123\HOUSE_WORK\PROJECT_COMMAND_CENTER_UI_LANE\LIVE_INSTALL_FINAL_EXECUTION_AUTHORIZATION_GATE\COMMAND_CENTER_UI_LANE_LIVE_INSTALL_FINAL_EXECUTION_AUTHORIZATION_GATE_V1_20260606_162609\PENDING_CARD__COMMAND_CENTER_UI_LANE_LIVE_INSTALL_FINAL_EXECUTION_AUTHORIZATION_V1_20260606.md"
"DESKTOP_LANE","LIVE_INSTALL_FINAL_EXECUTION_AUTHORIZATION_GATE\COMMAND_CENTER_UI_LANE_LIVE_INSTALL_FINAL_EXECUTION_AUTHORIZATION_GATE_V1_20260606_162609\RECEIPT__COMMAND_CENTER_UI_LANE_LIVE_INSTALL_FINAL_EXECUTION_AUTHORIZATION_GATE_V1_20260606.md","3299","2026-06-06T20:26:10.3237447Z","7F1E12218ECB414FB43EA81D7B0925736A22927998E7EA80C363711E890A0772","C:\Users\13527\Desktop\123\HOUSE_WORK\PROJECT_COMMAND_CENTER_UI_LANE\LIVE_INSTALL_FINAL_EXECUTION_AUTHORIZATION_GATE\COMMAND_CENTER_UI_LANE_LIVE_INSTALL_FINAL_EXECUTION_AUTHORIZATION_GATE_V1_20260606_162609\RECEIPT__COMMAND_CENTER_UI_LANE_LIVE_INSTALL_FINAL_EXECUTION_AUTHORIZATION_GATE_V1_20260606.md"
"DESKTOP_LANE","LIVE_INSTALL_FINAL_EXECUTION_AUTHORIZATION_GATE\WRITER_RECEIPTS\WRITE_COMMAND_CENTER_UI_LANE_LIVE_INSTALL_FINAL_EXECUTION_AUTHORIZATION_GATE_V1_20260606_162538\RECEIPT__WRITE_COMMAND_CENTER_UI_LANE_LIVE_INSTALL_FINAL_EXECUTION_AUTHORIZATION_GATE_V1_20260606.md","2313","2026-06-06T20:25:38.7493372Z","818E59D2FBCA9C010A6446145449B7D35EF771CDED3E07798CCA5693318F94AE","C:\Users\13527\Desktop\123\HOUSE_WORK\PROJECT_COMMAND_CENTER_UI_LANE\LIVE_INSTALL_FINAL_EXECUTION_AUTHORIZATION_GATE\WRITER_RECEIPTS\WRITE_COMMAND_CENTER_UI_LANE_LIVE_INSTALL_FINAL_EXECUTION_AUTHORIZATION_GATE_V1_20260606_162538\RECEIPT__WRITE_COMMAND_CENTER_UI_LANE_LIVE_INSTALL_FINAL_EXECUTION_AUTHORIZATION_GATE_V1_20260606.md"
"DESKTOP_LANE","LIVE_INSTALL_FINAL_EXECUTION_AUTHORIZATION_GATE\WRITER_RECEIPTS\WRITE_COMMAND_CENTER_UI_LANE_LIVE_INSTALL_FINAL_EXECUTION_AUTHORIZATION_GATE_V1_20260606_162538\VERIFY_OUTPUT__COMMAND_CENTER_UI_LANE_LIVE_INSTALL_FINAL_EXECUTION_AUTHORIZATION_GATE_V1_20260606.txt","1032","2026-06-06T20:25:38.7337168Z","B05CB903CD6AE92E1EC9EDB2631AD6D95197DDE353F7572EC168D532B33BBF60","C:\Users\13527\Desktop\123\HOUSE_WORK\PROJECT_COMMAND_CENTER_UI_LANE\LIVE_INSTALL_FINAL_EXECUTION_AUTHORIZATION_GATE\WRITER_RECEIPTS\WRITE_COMMAND_CENTER_UI_LANE_LIVE_INSTALL_FINAL_EXECUTION_AUTHORIZATION_GATE_V1_20260606_162538\VERIFY_OUTPUT__COMMAND_CENTER_UI_LANE_LIVE_INSTALL_FINAL_EXECUTION_AUTHORIZATION_GATE_V1_20260606.txt"
"DESKTOP_LANE","LIVE_INSTALL_HUMAN_AUTHORIZATION_GATE\COMMAND_CENTER_UI_LANE_LIVE_INSTALL_HUMAN_AUTHORIZATION_GATE_CARD_V1_20260606.md","1324","2026-06-06T20:20:40.7496495Z","1AEE52C391E55138316DD58E5FFE52EEB0C2527C102F2119B0988890A1BAA4AA","C:\Users\13527\Desktop\123\HOUSE_WORK\PROJECT_COMMAND_CENTER_UI_LANE\LIVE_INSTALL_HUMAN_AUTHORIZATION_GATE\COMMAND_CENTER_UI_LANE_LIVE_INSTALL_HUMAN_AUTHORIZATION_GATE_CARD_V1_20260606.md"
"DESKTOP_LANE","LIVE_INSTALL_HUMAN_AUTHORIZATION_GATE\COMMAND_CENTER_UI_LANE_LIVE_INSTALL_HUMAN_AUTHORIZATION_GATE_V1_20260606.ps1","24948","2026-06-06T20:20:40.7340302Z","5713C9AD8262C72A731505DD5839E8FE0FDF00637CD3CEE65D026EEE90528D69","C:\Users\13527\Desktop\123\HOUSE_WORK\PROJECT_COMMAND_CENTER_UI_LANE\LIVE_INSTALL_HUMAN_AUTHORIZATION_GATE\COMMAND_CENTER_UI_LANE_LIVE_INSTALL_HUMAN_AUTHORIZATION_GATE_V1_20260606.ps1"
"DESKTOP_LANE","LIVE_INSTALL_HUMAN_AUTHORIZATION_GATE\CURRENT_COMMAND_CENTER_UI_LANE_LIVE_INSTALL_HUMAN_AUTHORIZATION_STATUS.json","2786","2026-06-06T20:21:16.2821618Z","4CA3B41952E0DFA342E068C4AC82452AA3BE4BCB22E3668DD318C8C1EAD698AD","C:\Users\13527\Desktop\123\HOUSE_WORK\PROJECT_COMMAND_CENTER_UI_LANE\LIVE_INSTALL_HUMAN_AUTHORIZATION_GATE\CURRENT_COMMAND_CENTER_UI_LANE_LIVE_INSTALL_HUMAN_AUTHORIZATION_STATUS.json"
"DESKTOP_LANE","LIVE_INSTALL_HUMAN_AUTHORIZATION_GATE\CURRENT_COMMAND_CENTER_UI_LANE_LIVE_INSTALL_HUMAN_AUTHORIZATION_STATUS.md","2828","2026-06-06T20:21:16.2990093Z","FAD49B132F741132EE606B4E65C2316CAE4F8329EF2093F4FFF42EC529A0DC5B","C:\Users\13527\Desktop\123\HOUSE_WORK\PROJECT_COMMAND_CENTER_UI_LANE\LIVE_INSTALL_HUMAN_AUTHORIZATION_GATE\CURRENT_COMMAND_CENTER_UI_LANE_LIVE_INSTALL_HUMAN_AUTHORIZATION_STATUS.md"
"DESKTOP_LANE","LIVE_INSTALL_HUMAN_AUTHORIZATION_GATE\COMMAND_CENTER_UI_LANE_LIVE_INSTALL_HUMAN_AUTHORIZATION_GATE_V1_20260606_162040\COMMAND_CENTER_UI_LANE_LIVE_INSTALL_HUMAN_AUTHORIZATION_PACKET_V1_20260606.md","3341","2026-06-06T20:20:41.2165398Z","5AA415F9AAE9850112762FDB3CCF9B4524999F8BA5D443C868440C49C414D07D","C:\Users\13527\Desktop\123\HOUSE_WORK\PROJECT_COMMAND_CENTER_UI_LANE\LIVE_INSTALL_HUMAN_AUTHORIZATION_GATE\COMMAND_CENTER_UI_LANE_LIVE_INSTALL_HUMAN_AUTHORIZATION_GATE_V1_20260606_162040\COMMAND_CENTER_UI_LANE_LIVE_INSTALL_HUMAN_AUTHORIZATION_PACKET_V1_20260606.md"
"DESKTOP_LANE","LIVE_INSTALL_HUMAN_AUTHORIZATION_GATE\COMMAND_CENTER_UI_LANE_LIVE_INSTALL_HUMAN_AUTHORIZATION_GATE_V1_20260606_162040\ERROR_LEDGER__COMMAND_CENTER_UI_LANE_LIVE_INSTALL_HUMAN_AUTHORIZATION_GATE_V1_20260606.md","303","2026-06-06T20:20:41.2165398Z","F81F450A425E623B2DB04FFFF8F6DB1995F81671346429D5CDE94FE03F094028","C:\Users\13527\Desktop\123\HOUSE_WORK\PROJECT_COMMAND_CENTER_UI_LANE\LIVE_INSTALL_HUMAN_AUTHORIZATION_GATE\COMMAND_CENTER_UI_LANE_LIVE_INSTALL_HUMAN_AUTHORIZATION_GATE_V1_20260606_162040\ERROR_LEDGER__COMMAND_CENTER_UI_LANE_LIVE_INSTALL_HUMAN_AUTHORIZATION_GATE_V1_20260606.md"
"DESKTOP_LANE","LIVE_INSTALL_HUMAN_AUTHORIZATION_GATE\COMMAND_CENTER_UI_LANE_LIVE_INSTALL_HUMAN_AUTHORIZATION_GATE_V1_20260606_162040\LOCKED_TERMS__COMMAND_CENTER_UI_LANE_LIVE_INSTALL_V1_20260606.md","2614","2026-06-06T20:20:41.2165398Z","49C48769D3E6D1E7F4722B9E6E4E91774685B08AC7C2C09B8CBFE1BE0E64E367","C:\Users\13527\Desktop\123\HOUSE_WORK\PROJECT_COMMAND_CENTER_UI_LANE\LIVE_INSTALL_HUMAN_AUTHORIZATION_GATE\COMMAND_CENTER_UI_LANE_LIVE_INSTALL_HUMAN_AUTHORIZATION_GATE_V1_20260606_162040\LOCKED_TERMS__COMMAND_CENTER_UI_LANE_LIVE_INSTALL_V1_20260606.md"
"DESKTOP_LANE","LIVE_INSTALL_HUMAN_AUTHORIZATION_GATE\COMMAND_CENTER_UI_LANE_LIVE_INSTALL_HUMAN_AUTHORIZATION_GATE_V1_20260606_162040\NEXT_OBJECT_CARD__COMMAND_CENTER_UI_LANE_LIVE_INSTALL_EXECUTION_PLAN_GATE_V1_20260606.md","1024","2026-06-06T20:20:41.2165398Z","3A831A6C711416C1678B90582CD7986687EDFB66A365A14DC30A4950CE5B9D0E","C:\Users\13527\Desktop\123\HOUSE_WORK\PROJECT_COMMAND_CENTER_UI_LANE\LIVE_INSTALL_HUMAN_AUTHORIZATION_GATE\COMMAND_CENTER_UI_LANE_LIVE_INSTALL_HUMAN_AUTHORIZATION_GATE_V1_20260606_162040\NEXT_OBJECT_CARD__COMMAND_CENTER_UI_LANE_LIVE_INSTALL_EXECUTION_PLAN_GATE_V1_20260606.md"
"DESKTOP_LANE","LIVE_INSTALL_HUMAN_AUTHORIZATION_GATE\COMMAND_CENTER_UI_LANE_LIVE_INSTALL_HUMAN_AUTHORIZATION_GATE_V1_20260606_162040\OUTPUT__WORK_ENTRYPOINT_VERIFY_FOR_HUMAN_AUTHORIZATION_GATE.txt","560","2026-06-06T20:20:41.1864630Z","1547E490E3188082F53B697E563CCA2C4522F6FFBF0D9EB3B9F49554E635205D","C:\Users\13527\Desktop\123\HOUSE_WORK\PROJECT_COMMAND_CENTER_UI_LANE\LIVE_INSTALL_HUMAN_AUTHORIZATION_GATE\COMMAND_CENTER_UI_LANE_LIVE_INSTALL_HUMAN_AUTHORIZATION_GATE_V1_20260606_162040\OUTPUT__WORK_ENTRYPOINT_VERIFY_FOR_HUMAN_AUTHORIZATION_GATE.txt"
"DESKTOP_LANE","LIVE_INSTALL_HUMAN_AUTHORIZATION_GATE\COMMAND_CENTER_UI_LANE_LIVE_INSTALL_HUMAN_AUTHORIZATION_GATE_V1_20260606_162040\PENDING_CARD__COMMAND_CENTER_UI_LANE_LIVE_INSTALL_AUTHORIZATION_V1_20260606.md","790","2026-06-06T20:20:41.2330387Z","7E51488DF24AACB26478FA19346E94738622F852CDCD931E91D890A7FE859B73","C:\Users\13527\Desktop\123\HOUSE_WORK\PROJECT_COMMAND_CENTER_UI_LANE\LIVE_INSTALL_HUMAN_AUTHORIZATION_GATE\COMMAND_CENTER_UI_LANE_LIVE_INSTALL_HUMAN_AUTHORIZATION_GATE_V1_20260606_162040\PENDING_CARD__COMMAND_CENTER_UI_LANE_LIVE_INSTALL_AUTHORIZATION_V1_20260606.md"
"DESKTOP_LANE","LIVE_INSTALL_HUMAN_AUTHORIZATION_GATE\COMMAND_CENTER_UI_LANE_LIVE_INSTALL_HUMAN_AUTHORIZATION_GATE_V1_20260606_162040\RECEIPT__COMMAND_CENTER_UI_LANE_LIVE_INSTALL_HUMAN_AUTHORIZATION_GATE_V1_20260606.md","3007","2026-06-06T20:20:41.2334957Z","F4CA7B5FFC8855AA6EB2A165DF982FCF6585995ABA276E1952FD06395E290792","C:\Users\13527\Desktop\123\HOUSE_WORK\PROJECT_COMMAND_CENTER_UI_LANE\LIVE_INSTALL_HUMAN_AUTHORIZATION_GATE\COMMAND_CENTER_UI_LANE_LIVE_INSTALL_HUMAN_AUTHORIZATION_GATE_V1_20260606_162040\RECEIPT__COMMAND_CENTER_UI_LANE_LIVE_INSTALL_HUMAN_AUTHORIZATION_GATE_V1_20260606.md"
"DESKTOP_LANE","LIVE_INSTALL_HUMAN_AUTHORIZATION_GATE\COMMAND_CENTER_UI_LANE_LIVE_INSTALL_HUMAN_AUTHORIZATION_GATE_V1_20260606_162115\COMMAND_CENTER_UI_LANE_LIVE_INSTALL_HUMAN_AUTHORIZATION_PACKET_V1_20260606.md","3376","2026-06-06T20:21:16.2821618Z","119C8A5D0DDDAA0940F53508CE080F9EBB95BE377F90F0B5CDAE38E5B26C60E9","C:\Users\13527\Desktop\123\HOUSE_WORK\PROJECT_COMMAND_CENTER_UI_LANE\LIVE_INSTALL_HUMAN_AUTHORIZATION_GATE\COMMAND_CENTER_UI_LANE_LIVE_INSTALL_HUMAN_AUTHORIZATION_GATE_V1_20260606_162115\COMMAND_CENTER_UI_LANE_LIVE_INSTALL_HUMAN_AUTHORIZATION_PACKET_V1_20260606.md"
"DESKTOP_LANE","LIVE_INSTALL_HUMAN_AUTHORIZATION_GATE\COMMAND_CENTER_UI_LANE_LIVE_INSTALL_HUMAN_AUTHORIZATION_GATE_V1_20260606_162115\ERROR_LEDGER__COMMAND_CENTER_UI_LANE_LIVE_INSTALL_HUMAN_AUTHORIZATION_GATE_V1_20260606.md","303","2026-06-06T20:21:16.2821618Z","805A66C27DDB9BB1078C889C316C92A7B7A0710BC55C3C6D0D11341CDF0E6EBE","C:\Users\13527\Desktop\123\HOUSE_WORK\PROJECT_COMMAND_CENTER_UI_LANE\LIVE_INSTALL_HUMAN_AUTHORIZATION_GATE\COMMAND_CENTER_UI_LANE_LIVE_INSTALL_HUMAN_AUTHORIZATION_GATE_V1_20260606_162115\ERROR_LEDGER__COMMAND_CENTER_UI_LANE_LIVE_INSTALL_HUMAN_AUTHORIZATION_GATE_V1_20260606.md"
"DESKTOP_LANE","LIVE_INSTALL_HUMAN_AUTHORIZATION_GATE\COMMAND_CENTER_UI_LANE_LIVE_INSTALL_HUMAN_AUTHORIZATION_GATE_V1_20260606_162115\LOCKED_TERMS__COMMAND_CENTER_UI_LANE_LIVE_INSTALL_V1_20260606.md","2628","2026-06-06T20:21:16.2821618Z","E714205DB6CFF3EAB50BFBEB2DD55D2418863140C43AFF6DE507F7884A166872","C:\Users\13527\Desktop\123\HOUSE_WORK\PROJECT_COMMAND_CENTER_UI_LANE\LIVE_INSTALL_HUMAN_AUTHORIZATION_GATE\COMMAND_CENTER_UI_LANE_LIVE_INSTALL_HUMAN_AUTHORIZATION_GATE_V1_20260606_162115\LOCKED_TERMS__COMMAND_CENTER_UI_LANE_LIVE_INSTALL_V1_20260606.md"
"DESKTOP_LANE","LIVE_INSTALL_HUMAN_AUTHORIZATION_GATE\COMMAND_CENTER_UI_LANE_LIVE_INSTALL_HUMAN_AUTHORIZATION_GATE_V1_20260606_162115\NEXT_OBJECT_CARD__COMMAND_CENTER_UI_LANE_LIVE_INSTALL_EXECUTION_PLAN_GATE_V1_20260606.md","1019","2026-06-06T20:21:16.2821618Z","6C5EFBA165D418CE9ED9547447D322209EDE77BFF39CEBD6D476F7D75E56C54E","C:\Users\13527\Desktop\123\HOUSE_WORK\PROJECT_COMMAND_CENTER_UI_LANE\LIVE_INSTALL_HUMAN_AUTHORIZATION_GATE\COMMAND_CENTER_UI_LANE_LIVE_INSTALL_HUMAN_AUTHORIZATION_GATE_V1_20260606_162115\NEXT_OBJECT_CARD__COMMAND_CENTER_UI_LANE_LIVE_INSTALL_EXECUTION_PLAN_GATE_V1_20260606.md"
"DESKTOP_LANE","LIVE_INSTALL_HUMAN_AUTHORIZATION_GATE\COMMAND_CENTER_UI_LANE_LIVE_INSTALL_HUMAN_AUTHORIZATION_GATE_V1_20260606_162115\OUTPUT__WORK_ENTRYPOINT_VERIFY_FOR_HUMAN_AUTHORIZATION_GATE.txt","560","2026-06-06T20:21:16.2479877Z","C4D164F9E4EF8FCA7C7BD1EADD33B66124213F2F71BD84F6C2DB5AC40E88BDA4","C:\Users\13527\Desktop\123\HOUSE_WORK\PROJECT_COMMAND_CENTER_UI_LANE\LIVE_INSTALL_HUMAN_AUTHORIZATION_GATE\COMMAND_CENTER_UI_LANE_LIVE_INSTALL_HUMAN_AUTHORIZATION_GATE_V1_20260606_162115\OUTPUT__WORK_ENTRYPOINT_VERIFY_FOR_HUMAN_AUTHORIZATION_GATE.txt"
"DESKTOP_LANE","LIVE_INSTALL_HUMAN_AUTHORIZATION_GATE\COMMAND_CENTER_UI_LANE_LIVE_INSTALL_HUMAN_AUTHORIZATION_GATE_V1_20260606_162115\PENDING_CARD__COMMAND_CENTER_UI_LANE_LIVE_INSTALL_AUTHORIZATION_V1_20260606.md","808","2026-06-06T20:21:16.2821618Z","D6919959D9D5C14FDC31C1089442598B676F4269CB765ECD847D279BC70ACE5C","C:\Users\13527\Desktop\123\HOUSE_WORK\PROJECT_COMMAND_CENTER_UI_LANE\LIVE_INSTALL_HUMAN_AUTHORIZATION_GATE\COMMAND_CENTER_UI_LANE_LIVE_INSTALL_HUMAN_AUTHORIZATION_GATE_V1_20260606_162115\PENDING_CARD__COMMAND_CENTER_UI_LANE_LIVE_INSTALL_AUTHORIZATION_V1_20260606.md"
"DESKTOP_LANE","LIVE_INSTALL_HUMAN_AUTHORIZATION_GATE\COMMAND_CENTER_UI_LANE_LIVE_INSTALL_HUMAN_AUTHORIZATION_GATE_V1_20260606_162115\RECEIPT__COMMAND_CENTER_UI_LANE_LIVE_INSTALL_HUMAN_AUTHORIZATION_GATE_V1_20260606.md","3072","2026-06-06T20:21:16.2990093Z","00A4835B02636B0022984943C8AC9133167F71E497AC6B3C79C532F1AB80CF1D","C:\Users\13527\Desktop\123\HOUSE_WORK\PROJECT_COMMAND_CENTER_UI_LANE\LIVE_INSTALL_HUMAN_AUTHORIZATION_GATE\COMMAND_CENTER_UI_LANE_LIVE_INSTALL_HUMAN_AUTHORIZATION_GATE_V1_20260606_162115\RECEIPT__COMMAND_CENTER_UI_LANE_LIVE_INSTALL_HUMAN_AUTHORIZATION_GATE_V1_20260606.md"
"DESKTOP_LANE","LIVE_INSTALL_HUMAN_AUTHORIZATION_GATE\WRITER_RECEIPTS\WRITE_COMMAND_CENTER_UI_LANE_LIVE_INSTALL_HUMAN_AUTHORIZATION_GATE_V1_20260606_162040\RECEIPT__WRITE_COMMAND_CENTER_UI_LANE_LIVE_INSTALL_HUMAN_AUTHORIZATION_GATE_V1_20260606.md","2158","2026-06-06T20:20:41.2688242Z","2B69BE9D49007618EAD54822BDCC486D63765EE03FAFE7CCFDB23E4740781648","C:\Users\13527\Desktop\123\HOUSE_WORK\PROJECT_COMMAND_CENTER_UI_LANE\LIVE_INSTALL_HUMAN_AUTHORIZATION_GATE\WRITER_RECEIPTS\WRITE_COMMAND_CENTER_UI_LANE_LIVE_INSTALL_HUMAN_AUTHORIZATION_GATE_V1_20260606_162040\RECEIPT__WRITE_COMMAND_CENTER_UI_LANE_LIVE_INSTALL_HUMAN_AUTHORIZATION_GATE_V1_20260606.md"
"DESKTOP_LANE","LIVE_INSTALL_HUMAN_AUTHORIZATION_GATE\WRITER_RECEIPTS\WRITE_COMMAND_CENTER_UI_LANE_LIVE_INSTALL_HUMAN_AUTHORIZATION_GATE_V1_20260606_162040\VERIFY_OUTPUT__COMMAND_CENTER_UI_LANE_LIVE_INSTALL_HUMAN_AUTHORIZATION_GATE_V1_20260606.txt","938","2026-06-06T20:20:41.2491173Z","7893E68AB1FF9EF914DB14BF43C65751A3F9BCB98CAD19BE121FB4C85888419E","C:\Users\13527\Desktop\123\HOUSE_WORK\PROJECT_COMMAND_CENTER_UI_LANE\LIVE_INSTALL_HUMAN_AUTHORIZATION_GATE\WRITER_RECEIPTS\WRITE_COMMAND_CENTER_UI_LANE_LIVE_INSTALL_HUMAN_AUTHORIZATION_GATE_V1_20260606_162040\VERIFY_OUTPUT__COMMAND_CENTER_UI_LANE_LIVE_INSTALL_HUMAN_AUTHORIZATION_GATE_V1_20260606.txt"
"DESKTOP_LANE","LIVE_INSTALL_PREP_GATE\CURRENT_COMMAND_CENTER_UI_LANE_LIVE_INSTALL_PREP_GATE_STATUS.json","3870","2026-06-06T20:17:21.1402402Z","10CFE5CCBE8250D19CD50A0B02898C2007637CEEE540418973422493F8AE4B79","C:\Users\13527\Desktop\123\HOUSE_WORK\PROJECT_COMMAND_CENTER_UI_LANE\LIVE_INSTALL_PREP_GATE\CURRENT_COMMAND_CENTER_UI_LANE_LIVE_INSTALL_PREP_GATE_STATUS.json"
"DESKTOP_LANE","LIVE_INSTALL_PREP_GATE\CURRENT_COMMAND_CENTER_UI_LANE_LIVE_INSTALL_PREP_GATE_STATUS.md","3862","2026-06-06T20:17:21.1402402Z","9FB21EC988DF6A8D5B7B2F9783BDCC7EF6CF47628EFBA012DB2B7DB675E36C30","C:\Users\13527\Desktop\123\HOUSE_WORK\PROJECT_COMMAND_CENTER_UI_LANE\LIVE_INSTALL_PREP_GATE\CURRENT_COMMAND_CENTER_UI_LANE_LIVE_INSTALL_PREP_GATE_STATUS.md"
"DESKTOP_LANE","LIVE_INSTALL_PREP_GATE\COMMAND_CENTER_UI_LANE_LIVE_INSTALL_PREP_GATE_V1_20260606_161719\COMMAND_CENTER_UI_LANE_LIVE_INSTALL_PREP_GATE_PACKET_V1_20260606.md","3820","2026-06-06T20:17:21.1402402Z","E555AFF9F380C1D211ECD426B7145B3F8BC95898ABCFCA35F85E69F3125CDBCD","C:\Users\13527\Desktop\123\HOUSE_WORK\PROJECT_COMMAND_CENTER_UI_LANE\LIVE_INSTALL_PREP_GATE\COMMAND_CENTER_UI_LANE_LIVE_INSTALL_PREP_GATE_V1_20260606_161719\COMMAND_CENTER_UI_LANE_LIVE_INSTALL_PREP_GATE_PACKET_V1_20260606.md"
"DESKTOP_LANE","LIVE_INSTALL_PREP_GATE\COMMAND_CENTER_UI_LANE_LIVE_INSTALL_PREP_GATE_V1_20260606_161719\ERROR_LEDGER__COMMAND_CENTER_UI_LANE_LIVE_INSTALL_PREP_GATE_V1_20260606.md","288","2026-06-06T20:17:21.1402402Z","EF9C8E646BBC3340D36C1F7CADFC538C102D3B371986ABC1E0735DCF7E8AAA22","C:\Users\13527\Desktop\123\HOUSE_WORK\PROJECT_COMMAND_CENTER_UI_LANE\LIVE_INSTALL_PREP_GATE\COMMAND_CENTER_UI_LANE_LIVE_INSTALL_PREP_GATE_V1_20260606_161719\ERROR_LEDGER__COMMAND_CENTER_UI_LANE_LIVE_INSTALL_PREP_GATE_V1_20260606.md"
"DESKTOP_LANE","LIVE_INSTALL_PREP_GATE\COMMAND_CENTER_UI_LANE_LIVE_INSTALL_PREP_GATE_V1_20260606_161719\HASH_LEDGER_SOURCE__COMMAND_CENTER_UI_LANE_V1_20260606.md","35023","2026-06-06T20:17:21.1111934Z","C6007F577A29996A5FDE3F32B198CA73792ED8430684540A45558D8C78A6C3E2","C:\Users\13527\Desktop\123\HOUSE_WORK\PROJECT_COMMAND_CENTER_UI_LANE\LIVE_INSTALL_PREP_GATE\COMMAND_CENTER_UI_LANE_LIVE_INSTALL_PREP_GATE_V1_20260606_161719\HASH_LEDGER_SOURCE__COMMAND_CENTER_UI_LANE_V1_20260606.md"
"DESKTOP_LANE","LIVE_INSTALL_PREP_GATE\COMMAND_CENTER_UI_LANE_LIVE_INSTALL_PREP_GATE_V1_20260606_161719\HASH_LEDGER_TARGET_BEFORE__COMMAND_CENTER_UI_LANE_V1_20260606.md","452","2026-06-06T20:17:21.1131878Z","D37E011C1C13AB03896789818136727554717D4D5D56479616E80E1767F65F99","C:\Users\13527\Desktop\123\HOUSE_WORK\PROJECT_COMMAND_CENTER_UI_LANE\LIVE_INSTALL_PREP_GATE\COMMAND_CENTER_UI_LANE_LIVE_INSTALL_PREP_GATE_V1_20260606_161719\HASH_LEDGER_TARGET_BEFORE__COMMAND_CENTER_UI_LANE_V1_20260606.md"
"DESKTOP_LANE","LIVE_INSTALL_PREP_GATE\COMMAND_CENTER_UI_LANE_LIVE_INSTALL_PREP_GATE_V1_20260606_161719\NEXT_OBJECT_CARD__COMMAND_CENTER_UI_LANE_LIVE_INSTALL_HUMAN_AUTHORIZATION_GATE_V1_20260606.md","1004","2026-06-06T20:17:21.1402402Z","5DF88814AC69AD0F351548FEDADE304B9D1E1C19759166ADA7B56C423CF604AE","C:\Users\13527\Desktop\123\HOUSE_WORK\PROJECT_COMMAND_CENTER_UI_LANE\LIVE_INSTALL_PREP_GATE\COMMAND_CENTER_UI_LANE_LIVE_INSTALL_PREP_GATE_V1_20260606_161719\NEXT_OBJECT_CARD__COMMAND_CENTER_UI_LANE_LIVE_INSTALL_HUMAN_AUTHORIZATION_GATE_V1_20260606.md"
"DESKTOP_LANE","LIVE_INSTALL_PREP_GATE\COMMAND_CENTER_UI_LANE_LIVE_INSTALL_PREP_GATE_V1_20260606_161719\OUTPUT__WORK_ENTRYPOINT_VERIFY_FOR_LIVE_INSTALL_PREP_GATE.txt","560","2026-06-06T20:17:19.9496077Z","2CDD76C003B7EE9FCF098FB307FF33332546264AE82A98B6A70381F3E622A039","C:\Users\13527\Desktop\123\HOUSE_WORK\PROJECT_COMMAND_CENTER_UI_LANE\LIVE_INSTALL_PREP_GATE\COMMAND_CENTER_UI_LANE_LIVE_INSTALL_PREP_GATE_V1_20260606_161719\OUTPUT__WORK_ENTRYPOINT_VERIFY_FOR_LIVE_INSTALL_PREP_GATE.txt"
"DESKTOP_LANE","LIVE_INSTALL_PREP_GATE\COMMAND_CENTER_UI_LANE_LIVE_INSTALL_PREP_GATE_V1_20260606_161719\PROPOSED_INSTALL_MANIFEST__COMMAND_CENTER_UI_LANE_V1_20260606.json","40020","2026-06-06T20:17:21.1361549Z","99DB5A0D99C3EE6C89076381CA3D78613D45E7E97809EBCADF472F65EA80FC94","C:\Users\13527\Desktop\123\HOUSE_WORK\PROJECT_COMMAND_CENTER_UI_LANE\LIVE_INSTALL_PREP_GATE\COMMAND_CENTER_UI_LANE_LIVE_INSTALL_PREP_GATE_V1_20260606_161719\PROPOSED_INSTALL_MANIFEST__COMMAND_CENTER_UI_LANE_V1_20260606.json"
"DESKTOP_LANE","LIVE_INSTALL_PREP_GATE\COMMAND_CENTER_UI_LANE_LIVE_INSTALL_PREP_GATE_V1_20260606_161719\PROPOSED_INSTALL_MANIFEST__COMMAND_CENTER_UI_LANE_V1_20260606.md","19301","2026-06-06T20:17:21.1311682Z","5277B67B89F829DF78E9151D2399B9C2BF135B0CB630DB462C27C24D674CA2F7","C:\Users\13527\Desktop\123\HOUSE_WORK\PROJECT_COMMAND_CENTER_UI_LANE\LIVE_INSTALL_PREP_GATE\COMMAND_CENTER_UI_LANE_LIVE_INSTALL_PREP_GATE_V1_20260606_161719\PROPOSED_INSTALL_MANIFEST__COMMAND_CENTER_UI_LANE_V1_20260606.md"
"DESKTOP_LANE","LIVE_INSTALL_PREP_GATE\COMMAND_CENTER_UI_LANE_LIVE_INSTALL_PREP_GATE_V1_20260606_161719\RECEIPT__COMMAND_CENTER_UI_LANE_LIVE_INSTALL_PREP_GATE_V1_20260606.md","4180","2026-06-06T20:17:21.1558911Z","F5F8752D7FFE96914234CBD782CAE0E9FE9A5867FB97DBFA1160813F36B87011","C:\Users\13527\Desktop\123\HOUSE_WORK\PROJECT_COMMAND_CENTER_UI_LANE\LIVE_INSTALL_PREP_GATE\COMMAND_CENTER_UI_LANE_LIVE_INSTALL_PREP_GATE_V1_20260606_161719\RECEIPT__COMMAND_CENTER_UI_LANE_LIVE_INSTALL_PREP_GATE_V1_20260606.md"
"DESKTOP_LANE","LIVE_INSTALL_PREP_GATE\COMMAND_CENTER_UI_LANE_LIVE_INSTALL_PREP_GATE_V1_20260606_161719\ROLLBACK_PLAN__COMMAND_CENTER_UI_LANE_V1_20260606.md","851","2026-06-06T20:17:21.1402402Z","37866E7C190E3A1F84E833A8603962CA225029291963BB13FCECF74640EE78FB","C:\Users\13527\Desktop\123\HOUSE_WORK\PROJECT_COMMAND_CENTER_UI_LANE\LIVE_INSTALL_PREP_GATE\COMMAND_CENTER_UI_LANE_LIVE_INSTALL_PREP_GATE_V1_20260606_161719\ROLLBACK_PLAN__COMMAND_CENTER_UI_LANE_V1_20260606.md"
"DESKTOP_LANE","LIVE_INSTALL_PREP_GATE\COMMAND_CENTER_UI_LANE_LIVE_INSTALL_PREP_GATE_V1_20260606_161719\TARGET_COLLISION_MAP__COMMAND_CENTER_UI_LANE_V1_20260606.md","338","2026-06-06T20:17:21.1381490Z","DAE7464AA9A768323CAB943DFDC4D1DFBD47DAB907D9931C38FF601C2ECB63BD","C:\Users\13527\Desktop\123\HOUSE_WORK\PROJECT_COMMAND_CENTER_UI_LANE\LIVE_INSTALL_PREP_GATE\COMMAND_CENTER_UI_LANE_LIVE_INSTALL_PREP_GATE_V1_20260606_161719\TARGET_COLLISION_MAP__COMMAND_CENTER_UI_LANE_V1_20260606.md"
"DESKTOP_LANE","LIVE_INSTALL_RUN_AUTHORIZATION_GATE\COMMAND_CENTER_UI_LANE_LIVE_INSTALL_RUN_AUTHORIZATION_GATE_CARD_V1_20260606.md","1305","2026-06-06T20:40:29.8341853Z","5EFC120D6C6D3DF2E80A6582BE85EDC303017D40CE89C2B275FF94C65C89FA8D","C:\Users\13527\Desktop\123\HOUSE_WORK\PROJECT_COMMAND_CENTER_UI_LANE\LIVE_INSTALL_RUN_AUTHORIZATION_GATE\COMMAND_CENTER_UI_LANE_LIVE_INSTALL_RUN_AUTHORIZATION_GATE_CARD_V1_20260606.md"
"DESKTOP_LANE","LIVE_INSTALL_RUN_AUTHORIZATION_GATE\COMMAND_CENTER_UI_LANE_LIVE_INSTALL_RUN_AUTHORIZATION_GATE_V1_20260606.ps1","25390","2026-06-06T20:40:29.8232482Z","189CB5AD3E8A961BD6BEF17DD4938B697173681BE209EC7B09DDB3E5AFB9B172","C:\Users\13527\Desktop\123\HOUSE_WORK\PROJECT_COMMAND_CENTER_UI_LANE\LIVE_INSTALL_RUN_AUTHORIZATION_GATE\COMMAND_CENTER_UI_LANE_LIVE_INSTALL_RUN_AUTHORIZATION_GATE_V1_20260606.ps1"
"DESKTOP_LANE","LIVE_INSTALL_RUN_AUTHORIZATION_GATE\CURRENT_COMMAND_CENTER_UI_LANE_LIVE_INSTALL_RUN_AUTHORIZATION_STATUS.json","3210","2026-06-06T20:42:13.2701671Z","2D19C6CA8F8727079989266FB54FEFF3F637947733E5B9686BEC884D1561AA64","C:\Users\13527\Desktop\123\HOUSE_WORK\PROJECT_COMMAND_CENTER_UI_LANE\LIVE_INSTALL_RUN_AUTHORIZATION_GATE\CURRENT_COMMAND_CENTER_UI_LANE_LIVE_INSTALL_RUN_AUTHORIZATION_STATUS.json"
"DESKTOP_LANE","LIVE_INSTALL_RUN_AUTHORIZATION_GATE\CURRENT_COMMAND_CENTER_UI_LANE_LIVE_INSTALL_RUN_AUTHORIZATION_STATUS.md","3246","2026-06-06T20:42:13.2711500Z","3A4FAEB4CFD71974FDBCAE76FA6A9CFFCADF401D91B0DFAB5921A5108BCC2113","C:\Users\13527\Desktop\123\HOUSE_WORK\PROJECT_COMMAND_CENTER_UI_LANE\LIVE_INSTALL_RUN_AUTHORIZATION_GATE\CURRENT_COMMAND_CENTER_UI_LANE_LIVE_INSTALL_RUN_AUTHORIZATION_STATUS.md"
"DESKTOP_LANE","LIVE_INSTALL_RUN_AUTHORIZATION_GATE\COMMAND_CENTER_UI_LANE_LIVE_INSTALL_RUN_AUTHORIZATION_GATE_V1_20260606_164029\COMMAND_CENTER_UI_LANE_LIVE_INSTALL_RUN_AUTHORIZATION_PACKET_V1_20260606.md","2839","2026-06-06T20:40:30.3771828Z","BDCB48D1C28C41F85B97ACDB4E2072478E2BF570CDC6EFD8AC0C53EEC0F73DEC","C:\Users\13527\Desktop\123\HOUSE_WORK\PROJECT_COMMAND_CENTER_UI_LANE\LIVE_INSTALL_RUN_AUTHORIZATION_GATE\COMMAND_CENTER_UI_LANE_LIVE_INSTALL_RUN_AUTHORIZATION_GATE_V1_20260606_164029\COMMAND_CENTER_UI_LANE_LIVE_INSTALL_RUN_AUTHORIZATION_PACKET_V1_20260606.md"
"DESKTOP_LANE","LIVE_INSTALL_RUN_AUTHORIZATION_GATE\COMMAND_CENTER_UI_LANE_LIVE_INSTALL_RUN_AUTHORIZATION_GATE_V1_20260606_164029\ERROR_LEDGER__COMMAND_CENTER_UI_LANE_LIVE_INSTALL_RUN_AUTHORIZATION_GATE_V1_20260606.md","321","2026-06-06T20:40:30.3701892Z","10FB9A5DB0D39AA371A62FC0678828A1C85841F59BC7FC0EEA3A510F6E109E17","C:\Users\13527\Desktop\123\HOUSE_WORK\PROJECT_COMMAND_CENTER_UI_LANE\LIVE_INSTALL_RUN_AUTHORIZATION_GATE\COMMAND_CENTER_UI_LANE_LIVE_INSTALL_RUN_AUTHORIZATION_GATE_V1_20260606_164029\ERROR_LEDGER__COMMAND_CENTER_UI_LANE_LIVE_INSTALL_RUN_AUTHORIZATION_GATE_V1_20260606.md"
"DESKTOP_LANE","LIVE_INSTALL_RUN_AUTHORIZATION_GATE\COMMAND_CENTER_UI_LANE_LIVE_INSTALL_RUN_AUTHORIZATION_GATE_V1_20260606_164029\LOCKED_TERMS__COMMAND_CENTER_UI_LANE_LIVE_INSTALL_EXECUTION_RUN_V1_20260606.md","1220","2026-06-06T20:40:30.3741790Z","04FAA58379E5FDFCFA2635577B572E340E7CF143AE892312BB258ED776E79B32","C:\Users\13527\Desktop\123\HOUSE_WORK\PROJECT_COMMAND_CENTER_UI_LANE\LIVE_INSTALL_RUN_AUTHORIZATION_GATE\COMMAND_CENTER_UI_LANE_LIVE_INSTALL_RUN_AUTHORIZATION_GATE_V1_20260606_164029\LOCKED_TERMS__COMMAND_CENTER_UI_LANE_LIVE_INSTALL_EXECUTION_RUN_V1_20260606.md"
"DESKTOP_LANE","LIVE_INSTALL_RUN_AUTHORIZATION_GATE\COMMAND_CENTER_UI_LANE_LIVE_INSTALL_RUN_AUTHORIZATION_GATE_V1_20260606_164029\NEXT_OBJECT_CARD__COMMAND_CENTER_UI_LANE_LIVE_INSTALL_EXECUTION_RUN_V1_20260606.md","1241","2026-06-06T20:40:30.3801628Z","61364F5446D902C804AB807E56EB3ECE12D0CE9C6704F3D5F29A079FB2D6356C","C:\Users\13527\Desktop\123\HOUSE_WORK\PROJECT_COMMAND_CENTER_UI_LANE\LIVE_INSTALL_RUN_AUTHORIZATION_GATE\COMMAND_CENTER_UI_LANE_LIVE_INSTALL_RUN_AUTHORIZATION_GATE_V1_20260606_164029\NEXT_OBJECT_CARD__COMMAND_CENTER_UI_LANE_LIVE_INSTALL_EXECUTION_RUN_V1_20260606.md"
"DESKTOP_LANE","LIVE_INSTALL_RUN_AUTHORIZATION_GATE\COMMAND_CENTER_UI_LANE_LIVE_INSTALL_RUN_AUTHORIZATION_GATE_V1_20260606_164029\OUTPUT__WORK_ENTRYPOINT_VERIFY_FOR_RUN_AUTHORIZATION_GATE.txt","560","2026-06-06T20:40:30.3117950Z","AC757E7BAA9FEFFCE513A4AD7ED87F0553E244DDCE5750508CA36C9A70D5B514","C:\Users\13527\Desktop\123\HOUSE_WORK\PROJECT_COMMAND_CENTER_UI_LANE\LIVE_INSTALL_RUN_AUTHORIZATION_GATE\COMMAND_CENTER_UI_LANE_LIVE_INSTALL_RUN_AUTHORIZATION_GATE_V1_20260606_164029\OUTPUT__WORK_ENTRYPOINT_VERIFY_FOR_RUN_AUTHORIZATION_GATE.txt"
"DESKTOP_LANE","LIVE_INSTALL_RUN_AUTHORIZATION_GATE\COMMAND_CENTER_UI_LANE_LIVE_INSTALL_RUN_AUTHORIZATION_GATE_V1_20260606_164029\PENDING_CARD__COMMAND_CENTER_UI_LANE_LIVE_INSTALL_RUN_AUTHORIZATION_V1_20260606.md","751","2026-06-06T20:40:30.3821581Z","3FAE3FABBCB3375B58C970EA1B1CB42F7CA026E3408B9D1355B6C158A51F0D80","C:\Users\13527\Desktop\123\HOUSE_WORK\PROJECT_COMMAND_CENTER_UI_LANE\LIVE_INSTALL_RUN_AUTHORIZATION_GATE\COMMAND_CENTER_UI_LANE_LIVE_INSTALL_RUN_AUTHORIZATION_GATE_V1_20260606_164029\PENDING_CARD__COMMAND_CENTER_UI_LANE_LIVE_INSTALL_RUN_AUTHORIZATION_V1_20260606.md"
"DESKTOP_LANE","LIVE_INSTALL_RUN_AUTHORIZATION_GATE\COMMAND_CENTER_UI_LANE_LIVE_INSTALL_RUN_AUTHORIZATION_GATE_V1_20260606_164029\RECEIPT__COMMAND_CENTER_UI_LANE_LIVE_INSTALL_RUN_AUTHORIZATION_GATE_V1_20260606.md","3007","2026-06-06T20:40:30.3902443Z","25AC4730F803A3BE07C758E095CAC788E63A958785CD88CC66854F6DE2C59C92","C:\Users\13527\Desktop\123\HOUSE_WORK\PROJECT_COMMAND_CENTER_UI_LANE\LIVE_INSTALL_RUN_AUTHORIZATION_GATE\COMMAND_CENTER_UI_LANE_LIVE_INSTALL_RUN_AUTHORIZATION_GATE_V1_20260606_164029\RECEIPT__COMMAND_CENTER_UI_LANE_LIVE_INSTALL_RUN_AUTHORIZATION_GATE_V1_20260606.md"
"DESKTOP_LANE","LIVE_INSTALL_RUN_AUTHORIZATION_GATE\COMMAND_CENTER_UI_LANE_LIVE_INSTALL_RUN_AUTHORIZATION_GATE_V1_20260606_164212\COMMAND_CENTER_UI_LANE_LIVE_INSTALL_RUN_AUTHORIZATION_PACKET_V1_20260606.md","2865","2026-06-06T20:42:13.2630753Z","00C6739BE5A677180773B6A17BFA8C59BB8F988292B2319AAA211CA5F92E69F8","C:\Users\13527\Desktop\123\HOUSE_WORK\PROJECT_COMMAND_CENTER_UI_LANE\LIVE_INSTALL_RUN_AUTHORIZATION_GATE\COMMAND_CENTER_UI_LANE_LIVE_INSTALL_RUN_AUTHORIZATION_GATE_V1_20260606_164212\COMMAND_CENTER_UI_LANE_LIVE_INSTALL_RUN_AUTHORIZATION_PACKET_V1_20260606.md"
"DESKTOP_LANE","LIVE_INSTALL_RUN_AUTHORIZATION_GATE\COMMAND_CENTER_UI_LANE_LIVE_INSTALL_RUN_AUTHORIZATION_GATE_V1_20260606_164212\ERROR_LEDGER__COMMAND_CENTER_UI_LANE_LIVE_INSTALL_RUN_AUTHORIZATION_GATE_V1_20260606.md","321","2026-06-06T20:42:13.2580852Z","5988932CD8CA90CF47C851FEB29DEDD3EA876FFAD27FC69DACE61607A0481DE7","C:\Users\13527\Desktop\123\HOUSE_WORK\PROJECT_COMMAND_CENTER_UI_LANE\LIVE_INSTALL_RUN_AUTHORIZATION_GATE\COMMAND_CENTER_UI_LANE_LIVE_INSTALL_RUN_AUTHORIZATION_GATE_V1_20260606_164212\ERROR_LEDGER__COMMAND_CENTER_UI_LANE_LIVE_INSTALL_RUN_AUTHORIZATION_GATE_V1_20260606.md"
"DESKTOP_LANE","LIVE_INSTALL_RUN_AUTHORIZATION_GATE\COMMAND_CENTER_UI_LANE_LIVE_INSTALL_RUN_AUTHORIZATION_GATE_V1_20260606_164212\LOCKED_TERMS__COMMAND_CENTER_UI_LANE_LIVE_INSTALL_EXECUTION_RUN_V1_20260606.md","1233","2026-06-06T20:42:13.2600827Z","05A1C9B2AE231AD512B9BADFCBE0EF2679ADA02C0FF536C0D38EF52F5803031D","C:\Users\13527\Desktop\123\HOUSE_WORK\PROJECT_COMMAND_CENTER_UI_LANE\LIVE_INSTALL_RUN_AUTHORIZATION_GATE\COMMAND_CENTER_UI_LANE_LIVE_INSTALL_RUN_AUTHORIZATION_GATE_V1_20260606_164212\LOCKED_TERMS__COMMAND_CENTER_UI_LANE_LIVE_INSTALL_EXECUTION_RUN_V1_20260606.md"
"DESKTOP_LANE","LIVE_INSTALL_RUN_AUTHORIZATION_GATE\COMMAND_CENTER_UI_LANE_LIVE_INSTALL_RUN_AUTHORIZATION_GATE_V1_20260606_164212\NEXT_OBJECT_CARD__COMMAND_CENTER_UI_LANE_LIVE_INSTALL_EXECUTION_RUN_V1_20260606.md","1272","2026-06-06T20:42:13.2651505Z","DAD4E0673DCC5E49E1F5648C363C0622BF6D7EF2872699DE68AF9EEE82348F61","C:\Users\13527\Desktop\123\HOUSE_WORK\PROJECT_COMMAND_CENTER_UI_LANE\LIVE_INSTALL_RUN_AUTHORIZATION_GATE\COMMAND_CENTER_UI_LANE_LIVE_INSTALL_RUN_AUTHORIZATION_GATE_V1_20260606_164212\NEXT_OBJECT_CARD__COMMAND_CENTER_UI_LANE_LIVE_INSTALL_EXECUTION_RUN_V1_20260606.md"
"DESKTOP_LANE","LIVE_INSTALL_RUN_AUTHORIZATION_GATE\COMMAND_CENTER_UI_LANE_LIVE_INSTALL_RUN_AUTHORIZATION_GATE_V1_20260606_164212\OUTPUT__WORK_ENTRYPOINT_VERIFY_FOR_RUN_AUTHORIZATION_GATE.txt","560","2026-06-06T20:42:13.2185965Z","119947AA8CFF8EA6234839ADC00DFBAB67E95174D0712C3B4504D6EA94091D9E","C:\Users\13527\Desktop\123\HOUSE_WORK\PROJECT_COMMAND_CENTER_UI_LANE\LIVE_INSTALL_RUN_AUTHORIZATION_GATE\COMMAND_CENTER_UI_LANE_LIVE_INSTALL_RUN_AUTHORIZATION_GATE_V1_20260606_164212\OUTPUT__WORK_ENTRYPOINT_VERIFY_FOR_RUN_AUTHORIZATION_GATE.txt"
"DESKTOP_LANE","LIVE_INSTALL_RUN_AUTHORIZATION_GATE\COMMAND_CENTER_UI_LANE_LIVE_INSTALL_RUN_AUTHORIZATION_GATE_V1_20260606_164212\PENDING_CARD__COMMAND_CENTER_UI_LANE_LIVE_INSTALL_RUN_AUTHORIZATION_V1_20260606.md","768","2026-06-06T20:42:13.2681748Z","7DCD1490AECBA23CE7145C4DA766F2548D1879B2A5F8C2C82B617FF0787C0C69","C:\Users\13527\Desktop\123\HOUSE_WORK\PROJECT_COMMAND_CENTER_UI_LANE\LIVE_INSTALL_RUN_AUTHORIZATION_GATE\COMMAND_CENTER_UI_LANE_LIVE_INSTALL_RUN_AUTHORIZATION_GATE_V1_20260606_164212\PENDING_CARD__COMMAND_CENTER_UI_LANE_LIVE_INSTALL_RUN_AUTHORIZATION_V1_20260606.md"
"DESKTOP_LANE","LIVE_INSTALL_RUN_AUTHORIZATION_GATE\COMMAND_CENTER_UI_LANE_LIVE_INSTALL_RUN_AUTHORIZATION_GATE_V1_20260606_164212\RECEIPT__COMMAND_CENTER_UI_LANE_LIVE_INSTALL_RUN_AUTHORIZATION_GATE_V1_20260606.md","3053","2026-06-06T20:42:13.2741545Z","5EECC4AACE6A927763255A870DC5CDE8476B2B43D0FE0D72576D365501AA18C0","C:\Users\13527\Desktop\123\HOUSE_WORK\PROJECT_COMMAND_CENTER_UI_LANE\LIVE_INSTALL_RUN_AUTHORIZATION_GATE\COMMAND_CENTER_UI_LANE_LIVE_INSTALL_RUN_AUTHORIZATION_GATE_V1_20260606_164212\RECEIPT__COMMAND_CENTER_UI_LANE_LIVE_INSTALL_RUN_AUTHORIZATION_GATE_V1_20260606.md"
"DESKTOP_LANE","LIVE_INSTALL_RUN_AUTHORIZATION_GATE\WRITER_RECEIPTS\WRITE_COMMAND_CENTER_UI_LANE_LIVE_INSTALL_RUN_AUTHORIZATION_GATE_V1_20260606_164029\ERROR_LEDGER__WRITE_COMMAND_CENTER_UI_LANE_LIVE_INSTALL_RUN_AUTHORIZATION_GATE_V1_20260606.md","215","2026-06-06T20:40:30.4214882Z","C80F6FB0AC084C855F0851EDD6FE2FBE5639811753434D7AEEBA36A93C73E24A","C:\Users\13527\Desktop\123\HOUSE_WORK\PROJECT_COMMAND_CENTER_UI_LANE\LIVE_INSTALL_RUN_AUTHORIZATION_GATE\WRITER_RECEIPTS\WRITE_COMMAND_CENTER_UI_LANE_LIVE_INSTALL_RUN_AUTHORIZATION_GATE_V1_20260606_164029\ERROR_LEDGER__WRITE_COMMAND_CENTER_UI_LANE_LIVE_INSTALL_RUN_AUTHORIZATION_GATE_V1_20260606.md"
"DESKTOP_LANE","LIVE_INSTALL_RUN_AUTHORIZATION_GATE\WRITER_RECEIPTS\WRITE_COMMAND_CENTER_UI_LANE_LIVE_INSTALL_RUN_AUTHORIZATION_GATE_V1_20260606_164029\RECEIPT__WRITE_COMMAND_CENTER_UI_LANE_LIVE_INSTALL_RUN_AUTHORIZATION_GATE_V1_20260606.md","2458","2026-06-06T20:40:30.4214882Z","1931CCE8577C2155DEB3146C86E9369AC05036C0A6E88A26920A2C5860E5BC5C","C:\Users\13527\Desktop\123\HOUSE_WORK\PROJECT_COMMAND_CENTER_UI_LANE\LIVE_INSTALL_RUN_AUTHORIZATION_GATE\WRITER_RECEIPTS\WRITE_COMMAND_CENTER_UI_LANE_LIVE_INSTALL_RUN_AUTHORIZATION_GATE_V1_20260606_164029\RECEIPT__WRITE_COMMAND_CENTER_UI_LANE_LIVE_INSTALL_RUN_AUTHORIZATION_GATE_V1_20260606.md"
"DESKTOP_LANE","LIVE_INSTALL_RUN_AUTHORIZATION_GATE\WRITER_RECEIPTS\WRITE_COMMAND_CENTER_UI_LANE_LIVE_INSTALL_RUN_AUTHORIZATION_GATE_V1_20260606_164029\VERIFY_OUTPUT__COMMAND_CENTER_UI_LANE_LIVE_INSTALL_RUN_AUTHORIZATION_GATE_V1_20260606.txt","1102","2026-06-06T20:40:30.4214882Z","730E8C81467D9C40FE3FC8E9E74E08529E6AF7C793791BD646BF9E3138DA0AA2","C:\Users\13527\Desktop\123\HOUSE_WORK\PROJECT_COMMAND_CENTER_UI_LANE\LIVE_INSTALL_RUN_AUTHORIZATION_GATE\WRITER_RECEIPTS\WRITE_COMMAND_CENTER_UI_LANE_LIVE_INSTALL_RUN_AUTHORIZATION_GATE_V1_20260606_164029\VERIFY_OUTPUT__COMMAND_CENTER_UI_LANE_LIVE_INSTALL_RUN_AUTHORIZATION_GATE_V1_20260606.txt"
"DESKTOP_LANE","LOOSE_FILE_CLEANUP_20260606_184940\LOOSE_FILE_STATUS_BEFORE.txt","1960","2026-06-06T22:49:40.2190779Z","D6729B3E470FA06CB01340CF425D2986E1F0EC43A031AEB3AF32B5ABE9F54A9D","C:\Users\13527\Desktop\123\HOUSE_WORK\PROJECT_COMMAND_CENTER_UI_LANE\LOOSE_FILE_CLEANUP_20260606_184940\LOOSE_FILE_STATUS_BEFORE.txt"
"DESKTOP_LANE","LOOSE_FILE_CLEANUP_20260606_185015\LOOSE_FILE_CLASSIFICATION.csv","2853","2026-06-06T23:06:28.7653441Z","3B83C412AF0DB196CE1D09638AE7FBB19D2130B2A8C975B3E2CE9ED0304D4F98","C:\Users\13527\Desktop\123\HOUSE_WORK\PROJECT_COMMAND_CENTER_UI_LANE\LOOSE_FILE_CLEANUP_20260606_185015\LOOSE_FILE_CLASSIFICATION.csv"
"DESKTOP_LANE","LOOSE_FILE_CLEANUP_20260606_185015\LOOSE_FILE_STATUS_BEFORE.txt","1960","2026-06-06T22:50:15.6400179Z","D6729B3E470FA06CB01340CF425D2986E1F0EC43A031AEB3AF32B5ABE9F54A9D","C:\Users\13527\Desktop\123\HOUSE_WORK\PROJECT_COMMAND_CENTER_UI_LANE\LOOSE_FILE_CLEANUP_20260606_185015\LOOSE_FILE_STATUS_BEFORE.txt"
"DESKTOP_LANE","LOOSE_FILE_CLEANUP_20260606_185015\LOOSE_FILE_STATUS_CLASSIFY_INPUT.txt","1960","2026-06-06T23:06:28.5979783Z","D6729B3E470FA06CB01340CF425D2986E1F0EC43A031AEB3AF32B5ABE9F54A9D","C:\Users\13527\Desktop\123\HOUSE_WORK\PROJECT_COMMAND_CENTER_UI_LANE\LOOSE_FILE_CLEANUP_20260606_185015\LOOSE_FILE_STATUS_CLASSIFY_INPUT.txt"
"DESKTOP_LANE","POST_INSTALL_VERIFY_AND_CLOSEOUT_GATE\COMMAND_CENTER_UI_LANE_POST_INSTALL_VERIFY_AND_CLOSEOUT_GATE_CARD_V1_20260606.md","524","2026-06-06T20:50:24.4687012Z","BE43FF871BC55CE7E3CD54D3A5E29C0C86DE509270A6D98F0522E761A4ABEE3F","C:\Users\13527\Desktop\123\HOUSE_WORK\PROJECT_COMMAND_CENTER_UI_LANE\POST_INSTALL_VERIFY_AND_CLOSEOUT_GATE\COMMAND_CENTER_UI_LANE_POST_INSTALL_VERIFY_AND_CLOSEOUT_GATE_CARD_V1_20260606.md"
"DESKTOP_LANE","POST_INSTALL_VERIFY_AND_CLOSEOUT_GATE\COMMAND_CENTER_UI_LANE_POST_INSTALL_VERIFY_AND_CLOSEOUT_GATE_V1_20260606.ps1","28646","2026-06-06T20:50:24.4374574Z","4DD24DC87935B4126F416F6F645BB8C7CB2999DDEC1D778B693F395EE4A38385","C:\Users\13527\Desktop\123\HOUSE_WORK\PROJECT_COMMAND_CENTER_UI_LANE\POST_INSTALL_VERIFY_AND_CLOSEOUT_GATE\COMMAND_CENTER_UI_LANE_POST_INSTALL_VERIFY_AND_CLOSEOUT_GATE_V1_20260606.ps1"
"DESKTOP_LANE","POST_INSTALL_VERIFY_AND_CLOSEOUT_GATE\CURRENT_COMMAND_CENTER_UI_LANE_INSTALLED_STATUS.json","3226","2026-06-06T20:50:25.2567606Z","54F799AF51F47102388B5DC48AFD2BB9E09140E629443388CD0EA9F7A18CB7BB","C:\Users\13527\Desktop\123\HOUSE_WORK\PROJECT_COMMAND_CENTER_UI_LANE\POST_INSTALL_VERIFY_AND_CLOSEOUT_GATE\CURRENT_COMMAND_CENTER_UI_LANE_INSTALLED_STATUS.json"
"DESKTOP_LANE","POST_INSTALL_VERIFY_AND_CLOSEOUT_GATE\CURRENT_COMMAND_CENTER_UI_LANE_INSTALLED_STATUS.md","3174","2026-06-06T20:50:25.2587648Z","6A14DEBEA494859C45D3A6F1C175C89E6E6D3E8C227FE646EAA550F61D33CDB9","C:\Users\13527\Desktop\123\HOUSE_WORK\PROJECT_COMMAND_CENTER_UI_LANE\POST_INSTALL_VERIFY_AND_CLOSEOUT_GATE\CURRENT_COMMAND_CENTER_UI_LANE_INSTALLED_STATUS.md"
"DESKTOP_LANE","POST_INSTALL_VERIFY_AND_CLOSEOUT_GATE\COMMAND_CENTER_UI_LANE_POST_INSTALL_VERIFY_AND_CLOSEOUT_GATE_V1_20260606_165024\COMMAND_CENTER_UI_LANE_POST_INSTALL_VERIFY_AND_CLOSEOUT_PACKET_V1_20260606.md","2629","2026-06-06T20:50:25.2517741Z","7A2BC1072E52DB9C9AEC65ADDC096E13CCE27092316534C6988846261E6CC178","C:\Users\13527\Desktop\123\HOUSE_WORK\PROJECT_COMMAND_CENTER_UI_LANE\POST_INSTALL_VERIFY_AND_CLOSEOUT_GATE\COMMAND_CENTER_UI_LANE_POST_INSTALL_VERIFY_AND_CLOSEOUT_GATE_V1_20260606_165024\COMMAND_CENTER_UI_LANE_POST_INSTALL_VERIFY_AND_CLOSEOUT_PACKET_V1_20260606.md"
"DESKTOP_LANE","POST_INSTALL_VERIFY_AND_CLOSEOUT_GATE\COMMAND_CENTER_UI_LANE_POST_INSTALL_VERIFY_AND_CLOSEOUT_GATE_V1_20260606_165024\ERROR_LEDGER__COMMAND_CENTER_UI_LANE_POST_INSTALL_VERIFY_AND_CLOSEOUT_GATE_V1_20260606.md","336","2026-06-06T20:50:25.2028134Z","132DF711EB3165D34169F53DFBB2F35504DDB4011A68F1CA03687B52BA10ADFF","C:\Users\13527\Desktop\123\HOUSE_WORK\PROJECT_COMMAND_CENTER_UI_LANE\POST_INSTALL_VERIFY_AND_CLOSEOUT_GATE\COMMAND_CENTER_UI_LANE_POST_INSTALL_VERIFY_AND_CLOSEOUT_GATE_V1_20260606_165024\ERROR_LEDGER__COMMAND_CENTER_UI_LANE_POST_INSTALL_VERIFY_AND_CLOSEOUT_GATE_V1_20260606.md"
"DESKTOP_LANE","POST_INSTALL_VERIFY_AND_CLOSEOUT_GATE\COMMAND_CENTER_UI_LANE_POST_INSTALL_VERIFY_AND_CLOSEOUT_GATE_V1_20260606_165024\HASH_LEDGER_TARGET_AFTER_CLOSEOUT__COMMAND_CENTER_UI_LANE_V1_20260606.md","18514","2026-06-06T20:50:25.2340572Z","811C34691A9998F33192B50730F15A096567C1C3780A34D78BC1C7801A0BA626","C:\Users\13527\Desktop\123\HOUSE_WORK\PROJECT_COMMAND_CENTER_UI_LANE\POST_INSTALL_VERIFY_AND_CLOSEOUT_GATE\COMMAND_CENTER_UI_LANE_POST_INSTALL_VERIFY_AND_CLOSEOUT_GATE_V1_20260606_165024\HASH_LEDGER_TARGET_AFTER_CLOSEOUT__COMMAND_CENTER_UI_LANE_V1_20260606.md"
"DESKTOP_LANE","POST_INSTALL_VERIFY_AND_CLOSEOUT_GATE\COMMAND_CENTER_UI_LANE_POST_INSTALL_VERIFY_AND_CLOSEOUT_GATE_V1_20260606_165024\NEXT_OBJECT_CARD__COMMAND_CENTER_UI_LANE_SAVE_AND_COMMIT_GATE_V1_20260606.md","839","2026-06-06T20:50:25.2547664Z","23891A8FFB21DC0228B4C8B1ADB669A9A0671D3893D3D8DA2CBF94CE9FC53F9C","C:\Users\13527\Desktop\123\HOUSE_WORK\PROJECT_COMMAND_CENTER_UI_LANE\POST_INSTALL_VERIFY_AND_CLOSEOUT_GATE\COMMAND_CENTER_UI_LANE_POST_INSTALL_VERIFY_AND_CLOSEOUT_GATE_V1_20260606_165024\NEXT_OBJECT_CARD__COMMAND_CENTER_UI_LANE_SAVE_AND_COMMIT_GATE_V1_20260606.md"
"DESKTOP_LANE","POST_INSTALL_VERIFY_AND_CLOSEOUT_GATE\COMMAND_CENTER_UI_LANE_POST_INSTALL_VERIFY_AND_CLOSEOUT_GATE_V1_20260606_165024\OUTPUT__WORK_ENTRYPOINT_VERIFY_FOR_POST_INSTALL_CLOSEOUT_GATE.txt","560","2026-06-06T20:50:24.8985279Z","6955B7C0B6842003C275A825156F6C35F97085A3B5B1BEDDF8E04CE6B0794C21","C:\Users\13527\Desktop\123\HOUSE_WORK\PROJECT_COMMAND_CENTER_UI_LANE\POST_INSTALL_VERIFY_AND_CLOSEOUT_GATE\COMMAND_CENTER_UI_LANE_POST_INSTALL_VERIFY_AND_CLOSEOUT_GATE_V1_20260606_165024\OUTPUT__WORK_ENTRYPOINT_VERIFY_FOR_POST_INSTALL_CLOSEOUT_GATE.txt"
"DESKTOP_LANE","POST_INSTALL_VERIFY_AND_CLOSEOUT_GATE\COMMAND_CENTER_UI_LANE_POST_INSTALL_VERIFY_AND_CLOSEOUT_GATE_V1_20260606_165024\RECEIPT__COMMAND_CENTER_UI_LANE_POST_INSTALL_VERIFY_AND_CLOSEOUT_GATE_V1_20260606.md","3519","2026-06-06T20:50:25.2617477Z","27EF83B087A22D83510E7A6D6703D9E4E7F71ACD72ECABF8EAD05CF96D77AC6F","C:\Users\13527\Desktop\123\HOUSE_WORK\PROJECT_COMMAND_CENTER_UI_LANE\POST_INSTALL_VERIFY_AND_CLOSEOUT_GATE\COMMAND_CENTER_UI_LANE_POST_INSTALL_VERIFY_AND_CLOSEOUT_GATE_V1_20260606_165024\RECEIPT__COMMAND_CENTER_UI_LANE_POST_INSTALL_VERIFY_AND_CLOSEOUT_GATE_V1_20260606.md"
"DESKTOP_LANE","POST_INSTALL_VERIFY_AND_CLOSEOUT_GATE\COMMAND_CENTER_UI_LANE_POST_INSTALL_VERIFY_AND_CLOSEOUT_GATE_V1_20260606_165024\TARGET_VERIFICATION_LEDGER__COMMAND_CENTER_UI_LANE_V1_20260606.md","23189","2026-06-06T20:50:25.2340572Z","405E2A5EB4D99F818F7D4B47CD4D5C8540C72EC94DED41117C13824F5F209B12","C:\Users\13527\Desktop\123\HOUSE_WORK\PROJECT_COMMAND_CENTER_UI_LANE\POST_INSTALL_VERIFY_AND_CLOSEOUT_GATE\COMMAND_CENTER_UI_LANE_POST_INSTALL_VERIFY_AND_CLOSEOUT_GATE_V1_20260606_165024\TARGET_VERIFICATION_LEDGER__COMMAND_CENTER_UI_LANE_V1_20260606.md"
"DESKTOP_LANE","POST_INSTALL_VERIFY_AND_CLOSEOUT_GATE\WRITER_RECEIPTS\WRITE_COMMAND_CENTER_UI_LANE_POST_INSTALL_VERIFY_AND_CLOSEOUT_GATE_V1_20260606_165024\ERROR_LEDGER__WRITE_COMMAND_CENTER_UI_LANE_POST_INSTALL_VERIFY_AND_CLOSEOUT_GATE_V1_20260606.md","217","2026-06-06T20:50:25.3064685Z","A121B7F26206748020EFB1EBDB7F1FF558229AE9E8B5C453312F01C11EBBB0E0","C:\Users\13527\Desktop\123\HOUSE_WORK\PROJECT_COMMAND_CENTER_UI_LANE\POST_INSTALL_VERIFY_AND_CLOSEOUT_GATE\WRITER_RECEIPTS\WRITE_COMMAND_CENTER_UI_LANE_POST_INSTALL_VERIFY_AND_CLOSEOUT_GATE_V1_20260606_165024\ERROR_LEDGER__WRITE_COMMAND_CENTER_UI_LANE_POST_INSTALL_VERIFY_AND_CLOSEOUT_GATE_V1_20260606.md"
"DESKTOP_LANE","POST_INSTALL_VERIFY_AND_CLOSEOUT_GATE\WRITER_RECEIPTS\WRITE_COMMAND_CENTER_UI_LANE_POST_INSTALL_VERIFY_AND_CLOSEOUT_GATE_V1_20260606_165024\RECEIPT__WRITE_COMMAND_CENTER_UI_LANE_POST_INSTALL_VERIFY_AND_CLOSEOUT_GATE_V1_20260606.md","2405","2026-06-06T20:50:25.3084659Z","9A956FCBB5F2CF0F6915B10A7D15AF06A56A1F924CF0014B3BC78F8E15A45C97","C:\Users\13527\Desktop\123\HOUSE_WORK\PROJECT_COMMAND_CENTER_UI_LANE\POST_INSTALL_VERIFY_AND_CLOSEOUT_GATE\WRITER_RECEIPTS\WRITE_COMMAND_CENTER_UI_LANE_POST_INSTALL_VERIFY_AND_CLOSEOUT_GATE_V1_20260606_165024\RECEIPT__WRITE_COMMAND_CENTER_UI_LANE_POST_INSTALL_VERIFY_AND_CLOSEOUT_GATE_V1_20260606.md"
"DESKTOP_LANE","POST_INSTALL_VERIFY_AND_CLOSEOUT_GATE\WRITER_RECEIPTS\WRITE_COMMAND_CENTER_UI_LANE_POST_INSTALL_VERIFY_AND_CLOSEOUT_GATE_V1_20260606_165024\VERIFY_OUTPUT__COMMAND_CENTER_UI_LANE_POST_INSTALL_VERIFY_AND_CLOSEOUT_GATE_V1_20260606.txt","919","2026-06-06T20:50:25.3035301Z","8508CD10F4D265136990D352A1F595E88043E7E759E1DC20AD54A8C859697F71","C:\Users\13527\Desktop\123\HOUSE_WORK\PROJECT_COMMAND_CENTER_UI_LANE\POST_INSTALL_VERIFY_AND_CLOSEOUT_GATE\WRITER_RECEIPTS\WRITE_COMMAND_CENTER_UI_LANE_POST_INSTALL_VERIFY_AND_CLOSEOUT_GATE_V1_20260606_165024\VERIFY_OUTPUT__COMMAND_CENTER_UI_LANE_POST_INSTALL_VERIFY_AND_CLOSEOUT_GATE_V1_20260606.txt"
"DESKTOP_LANE","REPO_SYNC_PRE_COMMIT_GATE\COMMAND_CENTER_UI_LANE_REPO_SYNC_PRE_COMMIT_GATE_CARD_V1_20260606.md","1105","2026-06-06T21:15:17.5175015Z","BAB272230D92DC5E629A19A4BD0B6B44A654173DDF68E2AA6771B2CB108EDB4B","C:\Users\13527\Desktop\123\HOUSE_WORK\PROJECT_COMMAND_CENTER_UI_LANE\REPO_SYNC_PRE_COMMIT_GATE\COMMAND_CENTER_UI_LANE_REPO_SYNC_PRE_COMMIT_GATE_CARD_V1_20260606.md"
"DESKTOP_LANE","REPO_SYNC_PRE_COMMIT_GATE\COMMAND_CENTER_UI_LANE_REPO_SYNC_PRE_COMMIT_GATE_V1_20260606.ps1","31621","2026-06-06T21:15:17.5083895Z","5EA238CF0FBC5648B149BE3978BB6D6574F1199327EAB2416B06615E4A78D75B","C:\Users\13527\Desktop\123\HOUSE_WORK\PROJECT_COMMAND_CENTER_UI_LANE\REPO_SYNC_PRE_COMMIT_GATE\COMMAND_CENTER_UI_LANE_REPO_SYNC_PRE_COMMIT_GATE_V1_20260606.ps1"
"DESKTOP_LANE","REPO_SYNC_PRE_COMMIT_GATE\CURRENT_COMMAND_CENTER_UI_LANE_REPO_SYNC_PRE_COMMIT_STATUS.json","4121","2026-06-06T21:18:22.2029741Z","E7187845463F3B433FECB8BDD072B7BAF7B7ACC1C66B85285C3F469AC10D961A","C:\Users\13527\Desktop\123\HOUSE_WORK\PROJECT_COMMAND_CENTER_UI_LANE\REPO_SYNC_PRE_COMMIT_GATE\CURRENT_COMMAND_CENTER_UI_LANE_REPO_SYNC_PRE_COMMIT_STATUS.json"
"DESKTOP_LANE","REPO_SYNC_PRE_COMMIT_GATE\CURRENT_COMMAND_CENTER_UI_LANE_REPO_SYNC_PRE_COMMIT_STATUS.md","4035","2026-06-06T21:18:22.2029741Z","18C01ED0FEAD2C17FD2ECC31DF74370D7FF27EBB21FC8ED7197CFD88C424712B","C:\Users\13527\Desktop\123\HOUSE_WORK\PROJECT_COMMAND_CENTER_UI_LANE\REPO_SYNC_PRE_COMMIT_GATE\CURRENT_COMMAND_CENTER_UI_LANE_REPO_SYNC_PRE_COMMIT_STATUS.md"
"DESKTOP_LANE","REPO_SYNC_PRE_COMMIT_GATE\COMMAND_CENTER_UI_LANE_REPO_SYNC_PRE_COMMIT_GATE_V1_20260606_171517\COMMAND_CENTER_UI_LANE_REPO_SYNC_PRE_COMMIT_PACKET_V1_20260606.md","3550","2026-06-06T21:15:20.2658311Z","AFFD995EC43BC3200B523F907ED4E65EB9022273B95B66BF2F73B1887396D368","C:\Users\13527\Desktop\123\HOUSE_WORK\PROJECT_COMMAND_CENTER_UI_LANE\REPO_SYNC_PRE_COMMIT_GATE\COMMAND_CENTER_UI_LANE_REPO_SYNC_PRE_COMMIT_GATE_V1_20260606_171517\COMMAND_CENTER_UI_LANE_REPO_SYNC_PRE_COMMIT_PACKET_V1_20260606.md"
"DESKTOP_LANE","REPO_SYNC_PRE_COMMIT_GATE\COMMAND_CENTER_UI_LANE_REPO_SYNC_PRE_COMMIT_GATE_V1_20260606_171517\ERROR_LEDGER__COMMAND_CENTER_UI_LANE_REPO_SYNC_PRE_COMMIT_GATE_V1_20260606.md","356","2026-06-06T21:15:20.2502414Z","461E8AE8BCC72D469C151DDDA0272807EEC73A993E7C606CF7FC9DFAE5FFFA2E","C:\Users\13527\Desktop\123\HOUSE_WORK\PROJECT_COMMAND_CENTER_UI_LANE\REPO_SYNC_PRE_COMMIT_GATE\COMMAND_CENTER_UI_LANE_REPO_SYNC_PRE_COMMIT_GATE_V1_20260606_171517\ERROR_LEDGER__COMMAND_CENTER_UI_LANE_REPO_SYNC_PRE_COMMIT_GATE_V1_20260606.md"
"DESKTOP_LANE","REPO_SYNC_PRE_COMMIT_GATE\COMMAND_CENTER_UI_LANE_REPO_SYNC_PRE_COMMIT_GATE_V1_20260606_171517\GIT_STATUS_AFTER__COMMAND_CENTER_UI_LANE_REPO_SYNC_V1_20260606.txt","1960","2026-06-06T21:15:20.1246111Z","D6729B3E470FA06CB01340CF425D2986E1F0EC43A031AEB3AF32B5ABE9F54A9D","C:\Users\13527\Desktop\123\HOUSE_WORK\PROJECT_COMMAND_CENTER_UI_LANE\REPO_SYNC_PRE_COMMIT_GATE\COMMAND_CENTER_UI_LANE_REPO_SYNC_PRE_COMMIT_GATE_V1_20260606_171517\GIT_STATUS_AFTER__COMMAND_CENTER_UI_LANE_REPO_SYNC_V1_20260606.txt"
"DESKTOP_LANE","REPO_SYNC_PRE_COMMIT_GATE\COMMAND_CENTER_UI_LANE_REPO_SYNC_PRE_COMMIT_GATE_V1_20260606_171517\GIT_STATUS_BEFORE__COMMAND_CENTER_UI_LANE_REPO_SYNC_V1_20260606.txt","1960","2026-06-06T21:15:18.3285332Z","D6729B3E470FA06CB01340CF425D2986E1F0EC43A031AEB3AF32B5ABE9F54A9D","C:\Users\13527\Desktop\123\HOUSE_WORK\PROJECT_COMMAND_CENTER_UI_LANE\REPO_SYNC_PRE_COMMIT_GATE\COMMAND_CENTER_UI_LANE_REPO_SYNC_PRE_COMMIT_GATE_V1_20260606_171517\GIT_STATUS_BEFORE__COMMAND_CENTER_UI_LANE_REPO_SYNC_V1_20260606.txt"
"DESKTOP_LANE","REPO_SYNC_PRE_COMMIT_GATE\COMMAND_CENTER_UI_LANE_REPO_SYNC_PRE_COMMIT_GATE_V1_20260606_171517\NEXT_OBJECT_CARD__COMMAND_CENTER_UI_LANE_SAVE_AND_COMMIT_GATE_V1_1_20260606.md","877","2026-06-06T21:15:20.2658311Z","9C5296EB0E6A386D89AEA1F6304E5EDC7C624A81A2CE585C27CB33DA37715F11","C:\Users\13527\Desktop\123\HOUSE_WORK\PROJECT_COMMAND_CENTER_UI_LANE\REPO_SYNC_PRE_COMMIT_GATE\COMMAND_CENTER_UI_LANE_REPO_SYNC_PRE_COMMIT_GATE_V1_20260606_171517\NEXT_OBJECT_CARD__COMMAND_CENTER_UI_LANE_SAVE_AND_COMMIT_GATE_V1_1_20260606.md"
"DESKTOP_LANE","REPO_SYNC_PRE_COMMIT_GATE\COMMAND_CENTER_UI_LANE_REPO_SYNC_PRE_COMMIT_GATE_V1_20260606_171517\OUTPUT__WORK_ENTRYPOINT_VERIFY_FOR_REPO_SYNC_PRE_COMMIT_GATE.txt","560","2026-06-06T21:15:18.0214646Z","70D41E5EC9AE3780F9FCD0E682F4E3B98D2408C6B8632AE2C1854CA99B4CDCF6","C:\Users\13527\Desktop\123\HOUSE_WORK\PROJECT_COMMAND_CENTER_UI_LANE\REPO_SYNC_PRE_COMMIT_GATE\COMMAND_CENTER_UI_LANE_REPO_SYNC_PRE_COMMIT_GATE_V1_20260606_171517\OUTPUT__WORK_ENTRYPOINT_VERIFY_FOR_REPO_SYNC_PRE_COMMIT_GATE.txt"
"DESKTOP_LANE","REPO_SYNC_PRE_COMMIT_GATE\COMMAND_CENTER_UI_LANE_REPO_SYNC_PRE_COMMIT_GATE_V1_20260606_171517\PENDING_CARD__COMMAND_CENTER_UI_LANE_REPO_SYNC_PRE_COMMIT_V1_20260606.md","734","2026-06-06T21:15:20.2502414Z","F6C67A771E581A64434CA0BABB61A7C252DECFC8BFD0DECAE229D4AD2264CDC1","C:\Users\13527\Desktop\123\HOUSE_WORK\PROJECT_COMMAND_CENTER_UI_LANE\REPO_SYNC_PRE_COMMIT_GATE\COMMAND_CENTER_UI_LANE_REPO_SYNC_PRE_COMMIT_GATE_V1_20260606_171517\PENDING_CARD__COMMAND_CENTER_UI_LANE_REPO_SYNC_PRE_COMMIT_V1_20260606.md"
"DESKTOP_LANE","REPO_SYNC_PRE_COMMIT_GATE\COMMAND_CENTER_UI_LANE_REPO_SYNC_PRE_COMMIT_GATE_V1_20260606_171517\RECEIPT__COMMAND_CENTER_UI_LANE_REPO_SYNC_PRE_COMMIT_GATE_V1_20260606.md","3062","2026-06-06T21:15:20.2658311Z","D08C5F62D4F3746707E8E4D1D1F1EC47922231B316AAF5BF893039EE5E28F4E2","C:\Users\13527\Desktop\123\HOUSE_WORK\PROJECT_COMMAND_CENTER_UI_LANE\REPO_SYNC_PRE_COMMIT_GATE\COMMAND_CENTER_UI_LANE_REPO_SYNC_PRE_COMMIT_GATE_V1_20260606_171517\RECEIPT__COMMAND_CENTER_UI_LANE_REPO_SYNC_PRE_COMMIT_GATE_V1_20260606.md"
"DESKTOP_LANE","REPO_SYNC_PRE_COMMIT_GATE\COMMAND_CENTER_UI_LANE_REPO_SYNC_PRE_COMMIT_GATE_V1_20260606_171517\REPO_SYNC_COPY_PLAN_MANIFEST__COMMAND_CENTER_UI_LANE_V1_20260606.json","309633","2026-06-06T21:15:20.1982826Z","8FF8C6622AB1E05A78315E0107A80AE66A7137B5EC4AD4EFD50C59EFE0221A60","C:\Users\13527\Desktop\123\HOUSE_WORK\PROJECT_COMMAND_CENTER_UI_LANE\REPO_SYNC_PRE_COMMIT_GATE\COMMAND_CENTER_UI_LANE_REPO_SYNC_PRE_COMMIT_GATE_V1_20260606_171517\REPO_SYNC_COPY_PLAN_MANIFEST__COMMAND_CENTER_UI_LANE_V1_20260606.json"
"DESKTOP_LANE","REPO_SYNC_PRE_COMMIT_GATE\COMMAND_CENTER_UI_LANE_REPO_SYNC_PRE_COMMIT_GATE_V1_20260606_171517\REPO_SYNC_COPY_PLAN_MANIFEST__COMMAND_CENTER_UI_LANE_V1_20260606.md","199160","2026-06-06T21:15:20.2502414Z","6E303CA624CA987B567288EF7723086B11DB914382EDA81DC3162B0E9FE2EFC6","C:\Users\13527\Desktop\123\HOUSE_WORK\PROJECT_COMMAND_CENTER_UI_LANE\REPO_SYNC_PRE_COMMIT_GATE\COMMAND_CENTER_UI_LANE_REPO_SYNC_PRE_COMMIT_GATE_V1_20260606_171517\REPO_SYNC_COPY_PLAN_MANIFEST__COMMAND_CENTER_UI_LANE_V1_20260606.md"
"DESKTOP_LANE","REPO_SYNC_PRE_COMMIT_GATE\COMMAND_CENTER_UI_LANE_REPO_SYNC_PRE_COMMIT_GATE_V1_20260606_171817\COMMAND_CENTER_UI_LANE_REPO_SYNC_PRE_COMMIT_PACKET_V1_20260606.md","3550","2026-06-06T21:18:22.1969868Z","47F5C77652DE5A6769A872CAC161D23E85A9D10CAD4BF164D08D280A61FFF3D2","C:\Users\13527\Desktop\123\HOUSE_WORK\PROJECT_COMMAND_CENTER_UI_LANE\REPO_SYNC_PRE_COMMIT_GATE\COMMAND_CENTER_UI_LANE_REPO_SYNC_PRE_COMMIT_GATE_V1_20260606_171817\COMMAND_CENTER_UI_LANE_REPO_SYNC_PRE_COMMIT_PACKET_V1_20260606.md"
"DESKTOP_LANE","REPO_SYNC_PRE_COMMIT_GATE\COMMAND_CENTER_UI_LANE_REPO_SYNC_PRE_COMMIT_GATE_V1_20260606_171817\ERROR_LEDGER__COMMAND_CENTER_UI_LANE_REPO_SYNC_PRE_COMMIT_GATE_V1_20260606.md","356","2026-06-06T21:18:22.1565547Z","F8C21F3CA5FEFD4FE60B53E3385080477DFC6689B7AF3AAD5A3A53E2EA792523","C:\Users\13527\Desktop\123\HOUSE_WORK\PROJECT_COMMAND_CENTER_UI_LANE\REPO_SYNC_PRE_COMMIT_GATE\COMMAND_CENTER_UI_LANE_REPO_SYNC_PRE_COMMIT_GATE_V1_20260606_171817\ERROR_LEDGER__COMMAND_CENTER_UI_LANE_REPO_SYNC_PRE_COMMIT_GATE_V1_20260606.md"
"DESKTOP_LANE","REPO_SYNC_PRE_COMMIT_GATE\COMMAND_CENTER_UI_LANE_REPO_SYNC_PRE_COMMIT_GATE_V1_20260606_171817\GIT_STATUS_AFTER__COMMAND_CENTER_UI_LANE_REPO_SYNC_V1_20260606.txt","4592","2026-06-06T21:18:22.0154905Z","DBEC36772B093530AF9DFCFA19C8AEDD43E144B3628231282D0778724AD8799C","C:\Users\13527\Desktop\123\HOUSE_WORK\PROJECT_COMMAND_CENTER_UI_LANE\REPO_SYNC_PRE_COMMIT_GATE\COMMAND_CENTER_UI_LANE_REPO_SYNC_PRE_COMMIT_GATE_V1_20260606_171817\GIT_STATUS_AFTER__COMMAND_CENTER_UI_LANE_REPO_SYNC_V1_20260606.txt"
"DESKTOP_LANE","REPO_SYNC_PRE_COMMIT_GATE\COMMAND_CENTER_UI_LANE_REPO_SYNC_PRE_COMMIT_GATE_V1_20260606_171817\GIT_STATUS_BEFORE__COMMAND_CENTER_UI_LANE_REPO_SYNC_V1_20260606.txt","1960","2026-06-06T21:18:18.5518198Z","D6729B3E470FA06CB01340CF425D2986E1F0EC43A031AEB3AF32B5ABE9F54A9D","C:\Users\13527\Desktop\123\HOUSE_WORK\PROJECT_COMMAND_CENTER_UI_LANE\REPO_SYNC_PRE_COMMIT_GATE\COMMAND_CENTER_UI_LANE_REPO_SYNC_PRE_COMMIT_GATE_V1_20260606_171817\GIT_STATUS_BEFORE__COMMAND_CENTER_UI_LANE_REPO_SYNC_V1_20260606.txt"
"DESKTOP_LANE","REPO_SYNC_PRE_COMMIT_GATE\COMMAND_CENTER_UI_LANE_REPO_SYNC_PRE_COMMIT_GATE_V1_20260606_171817\NEXT_OBJECT_CARD__COMMAND_CENTER_UI_LANE_SAVE_AND_COMMIT_GATE_V1_1_20260606.md","911","2026-06-06T21:18:22.1999790Z","EA89DA2F6939BE3BEC3C7BDDBADFB6426F4084C223010B6AFF4344D69827AD2F","C:\Users\13527\Desktop\123\HOUSE_WORK\PROJECT_COMMAND_CENTER_UI_LANE\REPO_SYNC_PRE_COMMIT_GATE\COMMAND_CENTER_UI_LANE_REPO_SYNC_PRE_COMMIT_GATE_V1_20260606_171817\NEXT_OBJECT_CARD__COMMAND_CENTER_UI_LANE_SAVE_AND_COMMIT_GATE_V1_1_20260606.md"
"DESKTOP_LANE","REPO_SYNC_PRE_COMMIT_GATE\COMMAND_CENTER_UI_LANE_REPO_SYNC_PRE_COMMIT_GATE_V1_20260606_171817\OUTPUT__WORK_ENTRYPOINT_VERIFY_FOR_REPO_SYNC_PRE_COMMIT_GATE.txt","560","2026-06-06T21:18:18.2694622Z","125913EF62A608A8BC2B9CE6478195DE745A066C00271931C8713EDB7711D681","C:\Users\13527\Desktop\123\HOUSE_WORK\PROJECT_COMMAND_CENTER_UI_LANE\REPO_SYNC_PRE_COMMIT_GATE\COMMAND_CENTER_UI_LANE_REPO_SYNC_PRE_COMMIT_GATE_V1_20260606_171817\OUTPUT__WORK_ENTRYPOINT_VERIFY_FOR_REPO_SYNC_PRE_COMMIT_GATE.txt"
"DESKTOP_LANE","REPO_SYNC_PRE_COMMIT_GATE\COMMAND_CENTER_UI_LANE_REPO_SYNC_PRE_COMMIT_GATE_V1_20260606_171817\PENDING_CARD__COMMAND_CENTER_UI_LANE_REPO_SYNC_PRE_COMMIT_V1_20260606.md","721","2026-06-06T21:18:22.1900100Z","69BE765E38A17E3C1BC111CA6F6C8274D0207CE2F8D98C3431A4B80C382D8692","C:\Users\13527\Desktop\123\HOUSE_WORK\PROJECT_COMMAND_CENTER_UI_LANE\REPO_SYNC_PRE_COMMIT_GATE\COMMAND_CENTER_UI_LANE_REPO_SYNC_PRE_COMMIT_GATE_V1_20260606_171817\PENDING_CARD__COMMAND_CENTER_UI_LANE_REPO_SYNC_PRE_COMMIT_V1_20260606.md"
"DESKTOP_LANE","REPO_SYNC_PRE_COMMIT_GATE\COMMAND_CENTER_UI_LANE_REPO_SYNC_PRE_COMMIT_GATE_V1_20260606_171817\RECEIPT__COMMAND_CENTER_UI_LANE_REPO_SYNC_PRE_COMMIT_GATE_V1_20260606.md","3088","2026-06-06T21:18:22.2029741Z","226E651288E74AB59D966DC63487D078D6F889AD49E39B02AAA0D48865AB7BAD","C:\Users\13527\Desktop\123\HOUSE_WORK\PROJECT_COMMAND_CENTER_UI_LANE\REPO_SYNC_PRE_COMMIT_GATE\COMMAND_CENTER_UI_LANE_REPO_SYNC_PRE_COMMIT_GATE_V1_20260606_171817\RECEIPT__COMMAND_CENTER_UI_LANE_REPO_SYNC_PRE_COMMIT_GATE_V1_20260606.md"
"DESKTOP_LANE","REPO_SYNC_PRE_COMMIT_GATE\COMMAND_CENTER_UI_LANE_REPO_SYNC_PRE_COMMIT_GATE_V1_20260606_171817\REPO_SYNC_COPY_PLAN_MANIFEST__COMMAND_CENTER_UI_LANE_V1_20260606.json","327188","2026-06-06T21:18:22.0850375Z","3072AD034D1583D1BEFBDE984E159875A78136692BABF3042584C3C8476447BE","C:\Users\13527\Desktop\123\HOUSE_WORK\PROJECT_COMMAND_CENTER_UI_LANE\REPO_SYNC_PRE_COMMIT_GATE\COMMAND_CENTER_UI_LANE_REPO_SYNC_PRE_COMMIT_GATE_V1_20260606_171817\REPO_SYNC_COPY_PLAN_MANIFEST__COMMAND_CENTER_UI_LANE_V1_20260606.json"
"DESKTOP_LANE","REPO_SYNC_PRE_COMMIT_GATE\COMMAND_CENTER_UI_LANE_REPO_SYNC_PRE_COMMIT_GATE_V1_20260606_171817\REPO_SYNC_COPY_PLAN_MANIFEST__COMMAND_CENTER_UI_LANE_V1_20260606.md","210636","2026-06-06T21:18:22.1565547Z","89B3A53CC953E10ED9D96B51D3F01910CDAC253E7F034584B7C27335362BCC75","C:\Users\13527\Desktop\123\HOUSE_WORK\PROJECT_COMMAND_CENTER_UI_LANE\REPO_SYNC_PRE_COMMIT_GATE\COMMAND_CENTER_UI_LANE_REPO_SYNC_PRE_COMMIT_GATE_V1_20260606_171817\REPO_SYNC_COPY_PLAN_MANIFEST__COMMAND_CENTER_UI_LANE_V1_20260606.md"
"DESKTOP_LANE","REPO_SYNC_PRE_COMMIT_GATE\COMMAND_CENTER_UI_LANE_REPO_SYNC_PRE_COMMIT_GATE_V1_20260606_171817\SYNCED_FILES_MANIFEST__COMMAND_CENTER_UI_LANE_REPO_SYNC_V1_20260606.json","277729","2026-06-06T21:18:22.0940684Z","79E52E02BF50A2DDFF248507ED4AA5DC33741F1128D9A3DA9128C56A520F17B6","C:\Users\13527\Desktop\123\HOUSE_WORK\PROJECT_COMMAND_CENTER_UI_LANE\REPO_SYNC_PRE_COMMIT_GATE\COMMAND_CENTER_UI_LANE_REPO_SYNC_PRE_COMMIT_GATE_V1_20260606_171817\SYNCED_FILES_MANIFEST__COMMAND_CENTER_UI_LANE_REPO_SYNC_V1_20260606.json"
"DESKTOP_LANE","REPO_SYNC_PRE_COMMIT_GATE\COMMAND_CENTER_UI_LANE_REPO_SYNC_PRE_COMMIT_GATE_V1_20260606_171817\SYNCED_FILES_MANIFEST__COMMAND_CENTER_UI_LANE_REPO_SYNC_V1_20260606.txt","54545","2026-06-06T21:18:22.1096908Z","6F872A8D7D0E1AA4E697CCB2E2F32E0CEFC2EBB82C890B808081954836EC27D0","C:\Users\13527\Desktop\123\HOUSE_WORK\PROJECT_COMMAND_CENTER_UI_LANE\REPO_SYNC_PRE_COMMIT_GATE\COMMAND_CENTER_UI_LANE_REPO_SYNC_PRE_COMMIT_GATE_V1_20260606_171817\SYNCED_FILES_MANIFEST__COMMAND_CENTER_UI_LANE_REPO_SYNC_V1_20260606.txt"
"DESKTOP_LANE","REPO_SYNC_PRE_COMMIT_GATE\WRITER_RECEIPTS\WRITE_COMMAND_CENTER_UI_LANE_REPO_SYNC_PRE_COMMIT_GATE_V1_20260606_171517\ERROR_LEDGER__WRITE_COMMAND_CENTER_UI_LANE_REPO_SYNC_PRE_COMMIT_GATE_V1_20260606.md","205","2026-06-06T21:15:20.3276793Z","74E0ED5678D85B3D69C0E91B9FCECF11F5E338F4A0E3B97FB71BB91AD3600A83","C:\Users\13527\Desktop\123\HOUSE_WORK\PROJECT_COMMAND_CENTER_UI_LANE\REPO_SYNC_PRE_COMMIT_GATE\WRITER_RECEIPTS\WRITE_COMMAND_CENTER_UI_LANE_REPO_SYNC_PRE_COMMIT_GATE_V1_20260606_171517\ERROR_LEDGER__WRITE_COMMAND_CENTER_UI_LANE_REPO_SYNC_PRE_COMMIT_GATE_V1_20260606.md"
"DESKTOP_LANE","REPO_SYNC_PRE_COMMIT_GATE\WRITER_RECEIPTS\WRITE_COMMAND_CENTER_UI_LANE_REPO_SYNC_PRE_COMMIT_GATE_V1_20260606_171517\RECEIPT__WRITE_COMMAND_CENTER_UI_LANE_REPO_SYNC_PRE_COMMIT_GATE_V1_20260606.md","2166","2026-06-06T21:15:20.3276793Z","085B124367B41290AD252C5B9C9B047E7B718DA06DB81BDF7E359D1A8E77C39D","C:\Users\13527\Desktop\123\HOUSE_WORK\PROJECT_COMMAND_CENTER_UI_LANE\REPO_SYNC_PRE_COMMIT_GATE\WRITER_RECEIPTS\WRITE_COMMAND_CENTER_UI_LANE_REPO_SYNC_PRE_COMMIT_GATE_V1_20260606_171517\RECEIPT__WRITE_COMMAND_CENTER_UI_LANE_REPO_SYNC_PRE_COMMIT_GATE_V1_20260606.md"
"DESKTOP_LANE","REPO_SYNC_PRE_COMMIT_GATE\WRITER_RECEIPTS\WRITE_COMMAND_CENTER_UI_LANE_REPO_SYNC_PRE_COMMIT_GATE_V1_20260606_171517\VERIFY_OUTPUT__COMMAND_CENTER_UI_LANE_REPO_SYNC_PRE_COMMIT_GATE_V1_20260606.txt","708","2026-06-06T21:15:20.3120560Z","ABA9C9660594C454E11B5ED34AFF2944D8B1467852D6A73281255E1F70724DE1","C:\Users\13527\Desktop\123\HOUSE_WORK\PROJECT_COMMAND_CENTER_UI_LANE\REPO_SYNC_PRE_COMMIT_GATE\WRITER_RECEIPTS\WRITE_COMMAND_CENTER_UI_LANE_REPO_SYNC_PRE_COMMIT_GATE_V1_20260606_171517\VERIFY_OUTPUT__COMMAND_CENTER_UI_LANE_REPO_SYNC_PRE_COMMIT_GATE_V1_20260606.txt"
"DESKTOP_LANE","REVIEW_DECISION_GATE\COMMAND_CENTER_UI_LANE_REVIEW_DECISION_GATE_V1_1_20260606.ps1","26062","2026-06-06T20:04:31.0308781Z","9E0501FCD16BD5FFB03D17568DEEE8C12285406A918508FA4CC11F1A460E19EC","C:\Users\13527\Desktop\123\HOUSE_WORK\PROJECT_COMMAND_CENTER_UI_LANE\REVIEW_DECISION_GATE\COMMAND_CENTER_UI_LANE_REVIEW_DECISION_GATE_V1_1_20260606.ps1"
"DESKTOP_LANE","REVIEW_DECISION_GATE\COMMAND_CENTER_UI_LANE_REVIEW_DECISION_GATE_V1_2_20260606.ps1","27408","2026-06-06T20:06:58.0145048Z","523BF3B49981FB3BF8A13854194D0B27E6A8DBC36CFE4F7C2E09DBBA589B1958","C:\Users\13527\Desktop\123\HOUSE_WORK\PROJECT_COMMAND_CENTER_UI_LANE\REVIEW_DECISION_GATE\COMMAND_CENTER_UI_LANE_REVIEW_DECISION_GATE_V1_2_20260606.ps1"
"DESKTOP_LANE","REVIEW_DECISION_GATE\CURRENT_COMMAND_CENTER_UI_LANE_REVIEW_DECISION_GATE_STATUS.json","2833","2026-06-06T20:06:58.5558632Z","98EFB2440412E79DBFA109FB3763F46DB70198504D9A0FBA6F3C7E4A3358819D","C:\Users\13527\Desktop\123\HOUSE_WORK\PROJECT_COMMAND_CENTER_UI_LANE\REVIEW_DECISION_GATE\CURRENT_COMMAND_CENTER_UI_LANE_REVIEW_DECISION_GATE_STATUS.json"
"DESKTOP_LANE","REVIEW_DECISION_GATE\CURRENT_COMMAND_CENTER_UI_LANE_REVIEW_DECISION_GATE_STATUS.md","3041","2026-06-06T20:06:58.5558632Z","A96FADC7649E8FFADC52DF5D8AD2102F5D2D4956EAB5AC6CB08ED4B21CBC5D54","C:\Users\13527\Desktop\123\HOUSE_WORK\PROJECT_COMMAND_CENTER_UI_LANE\REVIEW_DECISION_GATE\CURRENT_COMMAND_CENTER_UI_LANE_REVIEW_DECISION_GATE_STATUS.md"
"DESKTOP_LANE","REVIEW_DECISION_GATE\REPAIR_CARD__COMMAND_CENTER_UI_LANE_REVIEW_DECISION_GATE_V1_TO_V1_1_20260606.md","1132","2026-06-06T20:04:31.0308781Z","A67B299025AA2541DEBD33595A684929BCB4BA72BB7A1528ADAEA3F5163A8733","C:\Users\13527\Desktop\123\HOUSE_WORK\PROJECT_COMMAND_CENTER_UI_LANE\REVIEW_DECISION_GATE\REPAIR_CARD__COMMAND_CENTER_UI_LANE_REVIEW_DECISION_GATE_V1_TO_V1_1_20260606.md"
"DESKTOP_LANE","REVIEW_DECISION_GATE\REPAIR_CARD__COMMAND_CENTER_UI_LANE_REVIEW_DECISION_GATE_V1_TO_V1_2_20260606.md","989","2026-06-06T20:06:58.0300966Z","1E9C0DE93702F8C15BF23FB2618F887BC66772CD151CCF7611A9471C0C0BB488","C:\Users\13527\Desktop\123\HOUSE_WORK\PROJECT_COMMAND_CENTER_UI_LANE\REVIEW_DECISION_GATE\REPAIR_CARD__COMMAND_CENTER_UI_LANE_REVIEW_DECISION_GATE_V1_TO_V1_2_20260606.md"
"DESKTOP_LANE","REVIEW_DECISION_GATE\COMMAND_CENTER_UI_LANE_REVIEW_DECISION_GATE_V1_20260606_160225\COMMAND_CENTER_UI_LANE_REVIEW_DECISION_GATE_PACKET_V1_20260606.md","1851","2026-06-06T20:02:25.6976224Z","494F64F88268B386F7996A463F212B01D46CB29F358B65EA03DF6A8458C699E9","C:\Users\13527\Desktop\123\HOUSE_WORK\PROJECT_COMMAND_CENTER_UI_LANE\REVIEW_DECISION_GATE\COMMAND_CENTER_UI_LANE_REVIEW_DECISION_GATE_V1_20260606_160225\COMMAND_CENTER_UI_LANE_REVIEW_DECISION_GATE_PACKET_V1_20260606.md"
"DESKTOP_LANE","REVIEW_DECISION_GATE\COMMAND_CENTER_UI_LANE_REVIEW_DECISION_GATE_V1_20260606_160225\ERROR_LEDGER__COMMAND_CENTER_UI_LANE_REVIEW_DECISION_GATE_V1_20260606.md","535","2026-06-06T20:02:25.6976224Z","CFAE55AE56A7C9FC70F9C49149911AE119C7D5AE32CA3DF36872AC61DE0C4895","C:\Users\13527\Desktop\123\HOUSE_WORK\PROJECT_COMMAND_CENTER_UI_LANE\REVIEW_DECISION_GATE\COMMAND_CENTER_UI_LANE_REVIEW_DECISION_GATE_V1_20260606_160225\ERROR_LEDGER__COMMAND_CENTER_UI_LANE_REVIEW_DECISION_GATE_V1_20260606.md"
"DESKTOP_LANE","REVIEW_DECISION_GATE\COMMAND_CENTER_UI_LANE_REVIEW_DECISION_GATE_V1_20260606_160225\NEXT_OBJECT_CARD__COMMAND_CENTER_UI_LANE_LIVE_INSTALL_PREP_GATE_V1_20260606.md","1257","2026-06-06T20:02:25.6976224Z","A4A484639D1CADA7DDCED2DB1C400D6DAC20B8C83F1D1F53B332FAAF99D51879","C:\Users\13527\Desktop\123\HOUSE_WORK\PROJECT_COMMAND_CENTER_UI_LANE\REVIEW_DECISION_GATE\COMMAND_CENTER_UI_LANE_REVIEW_DECISION_GATE_V1_20260606_160225\NEXT_OBJECT_CARD__COMMAND_CENTER_UI_LANE_LIVE_INSTALL_PREP_GATE_V1_20260606.md"
"DESKTOP_LANE","REVIEW_DECISION_GATE\COMMAND_CENTER_UI_LANE_REVIEW_DECISION_GATE_V1_20260606_160225\OUTPUT__WORK_ENTRYPOINT_VERIFY_FOR_DECISION_GATE.txt","560","2026-06-06T20:02:25.6646516Z","42EE9471F73D0932A47DE23FB206599438C66EB5FF9BEBA2C8F174138C69FF12","C:\Users\13527\Desktop\123\HOUSE_WORK\PROJECT_COMMAND_CENTER_UI_LANE\REVIEW_DECISION_GATE\COMMAND_CENTER_UI_LANE_REVIEW_DECISION_GATE_V1_20260606_160225\OUTPUT__WORK_ENTRYPOINT_VERIFY_FOR_DECISION_GATE.txt"
"DESKTOP_LANE","REVIEW_DECISION_GATE\COMMAND_CENTER_UI_LANE_REVIEW_DECISION_GATE_V1_20260606_160225\PARK_CARD__COMMAND_CENTER_UI_LANE_REVIEW_DECISION_GATE_V1_20260606.md","679","2026-06-06T20:02:25.7136398Z","D113937674C72BC8CCFC9AE1ED11D35F0F387D364A02DC6D9039DD45CDF63D6F","C:\Users\13527\Desktop\123\HOUSE_WORK\PROJECT_COMMAND_CENTER_UI_LANE\REVIEW_DECISION_GATE\COMMAND_CENTER_UI_LANE_REVIEW_DECISION_GATE_V1_20260606_160225\PARK_CARD__COMMAND_CENTER_UI_LANE_REVIEW_DECISION_GATE_V1_20260606.md"
"DESKTOP_LANE","REVIEW_DECISION_GATE\COMMAND_CENTER_UI_LANE_REVIEW_DECISION_GATE_V1_20260606_160225\RECEIPT__COMMAND_CENTER_UI_LANE_REVIEW_DECISION_GATE_V1_20260606.md","2958","2026-06-06T20:02:25.7143863Z","29E5864E79D3C6F4AED6B86C911C74A45FCA6E8CA790ACE87B5FB0117DF5202E","C:\Users\13527\Desktop\123\HOUSE_WORK\PROJECT_COMMAND_CENTER_UI_LANE\REVIEW_DECISION_GATE\COMMAND_CENTER_UI_LANE_REVIEW_DECISION_GATE_V1_20260606_160225\RECEIPT__COMMAND_CENTER_UI_LANE_REVIEW_DECISION_GATE_V1_20260606.md"
"DESKTOP_LANE","REVIEW_DECISION_GATE\COMMAND_CENTER_UI_LANE_REVIEW_DECISION_GATE_V1_2_20260606_160658\COMMAND_CENTER_UI_LANE_REVIEW_DECISION_GATE_PACKET_V1_2_20260606.md","2430","2026-06-06T20:06:58.5558632Z","AD868AFB5DC797FB00813C1E2FA9207FE2EC134980935012B9598B9A06222825","C:\Users\13527\Desktop\123\HOUSE_WORK\PROJECT_COMMAND_CENTER_UI_LANE\REVIEW_DECISION_GATE\COMMAND_CENTER_UI_LANE_REVIEW_DECISION_GATE_V1_2_20260606_160658\COMMAND_CENTER_UI_LANE_REVIEW_DECISION_GATE_PACKET_V1_2_20260606.md"
"DESKTOP_LANE","REVIEW_DECISION_GATE\COMMAND_CENTER_UI_LANE_REVIEW_DECISION_GATE_V1_2_20260606_160658\ERROR_LEDGER__COMMAND_CENTER_UI_LANE_REVIEW_DECISION_GATE_V1_2_20260606.md","285","2026-06-06T20:06:58.5558632Z","6BA105F6E5F1C34B1B0C442C010E65E5A8DBE94F769A49EE4B70C90AADD941F2","C:\Users\13527\Desktop\123\HOUSE_WORK\PROJECT_COMMAND_CENTER_UI_LANE\REVIEW_DECISION_GATE\COMMAND_CENTER_UI_LANE_REVIEW_DECISION_GATE_V1_2_20260606_160658\ERROR_LEDGER__COMMAND_CENTER_UI_LANE_REVIEW_DECISION_GATE_V1_2_20260606.md"
"DESKTOP_LANE","REVIEW_DECISION_GATE\COMMAND_CENTER_UI_LANE_REVIEW_DECISION_GATE_V1_2_20260606_160658\NEXT_OBJECT_CARD__COMMAND_CENTER_UI_LANE_LIVE_INSTALL_PREP_GATE_V1_20260606.md","1108","2026-06-06T20:06:58.5558632Z","FEA3D6297D8C751C2092D9B9F7D62993584C0D04D8ACD606C62FF10D5E38D4EA","C:\Users\13527\Desktop\123\HOUSE_WORK\PROJECT_COMMAND_CENTER_UI_LANE\REVIEW_DECISION_GATE\COMMAND_CENTER_UI_LANE_REVIEW_DECISION_GATE_V1_2_20260606_160658\NEXT_OBJECT_CARD__COMMAND_CENTER_UI_LANE_LIVE_INSTALL_PREP_GATE_V1_20260606.md"
"DESKTOP_LANE","REVIEW_DECISION_GATE\COMMAND_CENTER_UI_LANE_REVIEW_DECISION_GATE_V1_2_20260606_160658\OUTPUT__WORK_ENTRYPOINT_VERIFY_FOR_DECISION_GATE_V1_2.txt","560","2026-06-06T20:06:58.5226015Z","027D2B4C8848D01245CB451B9DB6BC768415E46BCB30161B752B126911AC6C9B","C:\Users\13527\Desktop\123\HOUSE_WORK\PROJECT_COMMAND_CENTER_UI_LANE\REVIEW_DECISION_GATE\COMMAND_CENTER_UI_LANE_REVIEW_DECISION_GATE_V1_2_20260606_160658\OUTPUT__WORK_ENTRYPOINT_VERIFY_FOR_DECISION_GATE_V1_2.txt"
"DESKTOP_LANE","REVIEW_DECISION_GATE\COMMAND_CENTER_UI_LANE_REVIEW_DECISION_GATE_V1_2_20260606_160658\PARK_CARD__COMMAND_CENTER_UI_LANE_REVIEW_DECISION_GATE_V1_2_20260606.md","629","2026-06-06T20:06:58.5558632Z","8734CB18F2458C019F765D5B14046081F140AF33A3DDA96B85AADD17809F0D5B","C:\Users\13527\Desktop\123\HOUSE_WORK\PROJECT_COMMAND_CENTER_UI_LANE\REVIEW_DECISION_GATE\COMMAND_CENTER_UI_LANE_REVIEW_DECISION_GATE_V1_2_20260606_160658\PARK_CARD__COMMAND_CENTER_UI_LANE_REVIEW_DECISION_GATE_V1_2_20260606.md"
"DESKTOP_LANE","REVIEW_DECISION_GATE\COMMAND_CENTER_UI_LANE_REVIEW_DECISION_GATE_V1_2_20260606_160658\RECEIPT__COMMAND_CENTER_UI_LANE_REVIEW_DECISION_GATE_V1_2_20260606.md","4530","2026-06-06T20:06:58.5715115Z","7BF55DC273AF693C60C079820F6B8F3572EE456BF278D6C3F566E94880E37F6F","C:\Users\13527\Desktop\123\HOUSE_WORK\PROJECT_COMMAND_CENTER_UI_LANE\REVIEW_DECISION_GATE\COMMAND_CENTER_UI_LANE_REVIEW_DECISION_GATE_V1_2_20260606_160658\RECEIPT__COMMAND_CENTER_UI_LANE_REVIEW_DECISION_GATE_V1_2_20260606.md"
"DESKTOP_LANE","REVIEW_DECISION_GATE\COMMAND_CENTER_UI_LANE_REVIEW_DECISION_GATE_V1_2_20260606_160658\REPAIR_FINDING__DECISION_GATE_V1_TO_V1_2_20260606.md","829","2026-06-06T20:06:58.1082346Z","9A8198E65FB36682C23F4AC807F5F8F7B9A73EA4AE2013F21EB43EB109982008","C:\Users\13527\Desktop\123\HOUSE_WORK\PROJECT_COMMAND_CENTER_UI_LANE\REVIEW_DECISION_GATE\COMMAND_CENTER_UI_LANE_REVIEW_DECISION_GATE_V1_2_20260606_160658\REPAIR_FINDING__DECISION_GATE_V1_TO_V1_2_20260606.md"
"DESKTOP_LANE","REVIEW_DECISION_GATE\RUN_SEQUENCES\COMMAND_CENTER_UI_LANE_RUN_SEQUENCE_INDEX_20260606.md","1297","2026-06-06T20:09:32.4530031Z","1A2A2B1207A6E8C683B78DBCF1933AB9EA5E57A80D49DE892AF569BF682923AB","C:\Users\13527\Desktop\123\HOUSE_WORK\PROJECT_COMMAND_CENTER_UI_LANE\REVIEW_DECISION_GATE\RUN_SEQUENCES\COMMAND_CENTER_UI_LANE_RUN_SEQUENCE_INDEX_20260606.md"
"DESKTOP_LANE","REVIEW_DECISION_GATE\RUN_SEQUENCES\CURRENT_COMMAND_CENTER_UI_LANE_DECISION_GATE_REPAIR_RUN_SEQUENCE_STATUS.json","1658","2026-06-06T20:09:32.4217617Z","A4DA1982F6835C19A98BE87FF5F8815B25C27FF6F868A63E13FBAF691F520E41","C:\Users\13527\Desktop\123\HOUSE_WORK\PROJECT_COMMAND_CENTER_UI_LANE\REVIEW_DECISION_GATE\RUN_SEQUENCES\CURRENT_COMMAND_CENTER_UI_LANE_DECISION_GATE_REPAIR_RUN_SEQUENCE_STATUS.json"
"DESKTOP_LANE","REVIEW_DECISION_GATE\RUN_SEQUENCES\CURRENT_COMMAND_CENTER_UI_LANE_DECISION_GATE_REPAIR_RUN_SEQUENCE_STATUS.md","1841","2026-06-06T20:09:32.4373750Z","92E72A0C5CF82A16FA855ED059523D3B8797058554C4481A00C8B9B46DDCFB89","C:\Users\13527\Desktop\123\HOUSE_WORK\PROJECT_COMMAND_CENTER_UI_LANE\REVIEW_DECISION_GATE\RUN_SEQUENCES\CURRENT_COMMAND_CENTER_UI_LANE_DECISION_GATE_REPAIR_RUN_SEQUENCE_STATUS.md"
"DESKTOP_LANE","REVIEW_DECISION_GATE\RUN_SEQUENCES\COMMAND_CENTER_UI_LANE_DECISION_GATE_REPAIR_RUN_SEQUENCE_20260606_20260606_160932\ERROR_LEDGER__RUN_SEQUENCE__COMMAND_CENTER_UI_LANE_DECISION_GATE_REPAIR_RUN_SEQUENCE_20260606.md","270","2026-06-06T20:09:32.4217617Z","C61DD5E6891B5C35C5313BEFFD80372755A1285857B66C3CF6A93F3C86B37AE9","C:\Users\13527\Desktop\123\HOUSE_WORK\PROJECT_COMMAND_CENTER_UI_LANE\REVIEW_DECISION_GATE\RUN_SEQUENCES\COMMAND_CENTER_UI_LANE_DECISION_GATE_REPAIR_RUN_SEQUENCE_20260606_20260606_160932\ERROR_LEDGER__RUN_SEQUENCE__COMMAND_CENTER_UI_LANE_DECISION_GATE_REPAIR_RUN_SEQUENCE_20260606.md"
"DESKTOP_LANE","REVIEW_DECISION_GATE\RUN_SEQUENCES\COMMAND_CENTER_UI_LANE_DECISION_GATE_REPAIR_RUN_SEQUENCE_20260606_20260606_160932\RECEIPT__RUN_SEQUENCE__COMMAND_CENTER_UI_LANE_DECISION_GATE_REPAIR_RUN_SEQUENCE_20260606.md","1850","2026-06-06T20:09:32.4217617Z","14F5C9E4AECA47990C282AA08A7DAAE6B609E42E507908213AF0F990042B1B15","C:\Users\13527\Desktop\123\HOUSE_WORK\PROJECT_COMMAND_CENTER_UI_LANE\REVIEW_DECISION_GATE\RUN_SEQUENCES\COMMAND_CENTER_UI_LANE_DECISION_GATE_REPAIR_RUN_SEQUENCE_20260606_20260606_160932\RECEIPT__RUN_SEQUENCE__COMMAND_CENTER_UI_LANE_DECISION_GATE_REPAIR_RUN_SEQUENCE_20260606.md"
"DESKTOP_LANE","REVIEW_DECISION_GATE\RUN_SEQUENCES\COMMAND_CENTER_UI_LANE_DECISION_GATE_REPAIR_RUN_SEQUENCE_20260606_20260606_160932\RUN_SEQUENCE__COMMAND_CENTER_UI_LANE_DECISION_GATE_REPAIR_RUN_SEQUENCE_20260606.json","4282","2026-06-06T20:09:32.4217617Z","0C54A4AD6A04600F7F271CFB98B70EF64590504A868AA7E7F4DFA204DAC42093","C:\Users\13527\Desktop\123\HOUSE_WORK\PROJECT_COMMAND_CENTER_UI_LANE\REVIEW_DECISION_GATE\RUN_SEQUENCES\COMMAND_CENTER_UI_LANE_DECISION_GATE_REPAIR_RUN_SEQUENCE_20260606_20260606_160932\RUN_SEQUENCE__COMMAND_CENTER_UI_LANE_DECISION_GATE_REPAIR_RUN_SEQUENCE_20260606.json"
"DESKTOP_LANE","REVIEW_DECISION_GATE\RUN_SEQUENCES\COMMAND_CENTER_UI_LANE_DECISION_GATE_REPAIR_RUN_SEQUENCE_20260606_20260606_160932\RUN_SEQUENCE__COMMAND_CENTER_UI_LANE_DECISION_GATE_REPAIR_RUN_SEQUENCE_20260606.md","2681","2026-06-06T20:09:32.4061404Z","584BCDAD131E365F508C7C817461950FBC267EA9AE6F46902858224AA39FD676","C:\Users\13527\Desktop\123\HOUSE_WORK\PROJECT_COMMAND_CENTER_UI_LANE\REVIEW_DECISION_GATE\RUN_SEQUENCES\COMMAND_CENTER_UI_LANE_DECISION_GATE_REPAIR_RUN_SEQUENCE_20260606_20260606_160932\RUN_SEQUENCE__COMMAND_CENTER_UI_LANE_DECISION_GATE_REPAIR_RUN_SEQUENCE_20260606.md"
"DESKTOP_LANE","REVIEW_DECISION_GATE\WRITER_RECEIPTS\WRITE_COMMAND_CENTER_UI_LANE_REVIEW_DECISION_GATE_V1_2_20260606_160657\RECEIPT__WRITE_COMMAND_CENTER_UI_LANE_REVIEW_DECISION_GATE_V1_2_20260606.md","1944","2026-06-06T20:06:58.6224644Z","4CF33440682BA97573AF6ECBF5349DA606F478EF20E145043349FDB02E815D4A","C:\Users\13527\Desktop\123\HOUSE_WORK\PROJECT_COMMAND_CENTER_UI_LANE\REVIEW_DECISION_GATE\WRITER_RECEIPTS\WRITE_COMMAND_CENTER_UI_LANE_REVIEW_DECISION_GATE_V1_2_20260606_160657\RECEIPT__WRITE_COMMAND_CENTER_UI_LANE_REVIEW_DECISION_GATE_V1_2_20260606.md"
"DESKTOP_LANE","REVIEW_DECISION_GATE\WRITER_RECEIPTS\WRITE_COMMAND_CENTER_UI_LANE_REVIEW_DECISION_GATE_V1_2_20260606_160657\VERIFY_OUTPUT__COMMAND_CENTER_UI_LANE_REVIEW_DECISION_GATE_V1_2_20260606.txt","963","2026-06-06T20:06:58.6224644Z","165FC608CFD65321721AFA5267450E136237BBDF81698BD006E859FA49493B09","C:\Users\13527\Desktop\123\HOUSE_WORK\PROJECT_COMMAND_CENTER_UI_LANE\REVIEW_DECISION_GATE\WRITER_RECEIPTS\WRITE_COMMAND_CENTER_UI_LANE_REVIEW_DECISION_GATE_V1_2_20260606_160657\VERIFY_OUTPUT__COMMAND_CENTER_UI_LANE_REVIEW_DECISION_GATE_V1_2_20260606.txt"
"DESKTOP_LANE","REVIEW_ENTRY\CURRENT_COMMAND_CENTER_UI_LANE_REVIEW_STATUS.json","4171","2026-06-06T19:36:28.2659361Z","284BA557959D0A23FCDDF0DEFBB4F42A50B5911F25607A5FE4C3AB9A33478A7A","C:\Users\13527\Desktop\123\HOUSE_WORK\PROJECT_COMMAND_CENTER_UI_LANE\REVIEW_ENTRY\CURRENT_COMMAND_CENTER_UI_LANE_REVIEW_STATUS.json"
"DESKTOP_LANE","REVIEW_ENTRY\CURRENT_COMMAND_CENTER_UI_LANE_REVIEW_STATUS.md","1075","2026-06-06T19:36:28.2659361Z","4B39321646005732DA556558C871CB8A43459A17284BDA7E5DA988850D3A5D94","C:\Users\13527\Desktop\123\HOUSE_WORK\PROJECT_COMMAND_CENTER_UI_LANE\REVIEW_ENTRY\CURRENT_COMMAND_CENTER_UI_LANE_REVIEW_STATUS.md"
"DESKTOP_LANE","REVIEW_ENTRY\COMMAND_CENTER_UI_LANE_REVIEW_ENTRY_V1_20260606_153627\COMMAND_CENTER_UI_LANE_REVIEW_DECISION_CARD_V1_20260606.md","1017","2026-06-06T19:36:28.2659361Z","A69095A515CC1E0FCD0D9C56A73CAB1FD959CE1390B213839DD852F24D3EC338","C:\Users\13527\Desktop\123\HOUSE_WORK\PROJECT_COMMAND_CENTER_UI_LANE\REVIEW_ENTRY\COMMAND_CENTER_UI_LANE_REVIEW_ENTRY_V1_20260606_153627\COMMAND_CENTER_UI_LANE_REVIEW_DECISION_CARD_V1_20260606.md"
"DESKTOP_LANE","REVIEW_ENTRY\COMMAND_CENTER_UI_LANE_REVIEW_ENTRY_V1_20260606_153627\COMMAND_CENTER_UI_LANE_REVIEW_PACKET_V1_20260606.md","3243","2026-06-06T19:36:28.2659361Z","EE59F0539B65881E3763DDFD2B748C7D7DD11993A8B54FE39EC34BAD441AC092","C:\Users\13527\Desktop\123\HOUSE_WORK\PROJECT_COMMAND_CENTER_UI_LANE\REVIEW_ENTRY\COMMAND_CENTER_UI_LANE_REVIEW_ENTRY_V1_20260606_153627\COMMAND_CENTER_UI_LANE_REVIEW_PACKET_V1_20260606.md"
"DESKTOP_LANE","REVIEW_ENTRY\COMMAND_CENTER_UI_LANE_REVIEW_ENTRY_V1_20260606_153627\ERROR_LEDGER__COMMAND_CENTER_UI_LANE_REVIEW_ENTRY_V1_20260606.md","275","2026-06-06T19:36:28.2341205Z","935C813F239D2BED940FEA9416D4246596ACD24C0CDB8E1EB0BAF74F129FE274","C:\Users\13527\Desktop\123\HOUSE_WORK\PROJECT_COMMAND_CENTER_UI_LANE\REVIEW_ENTRY\COMMAND_CENTER_UI_LANE_REVIEW_ENTRY_V1_20260606_153627\ERROR_LEDGER__COMMAND_CENTER_UI_LANE_REVIEW_ENTRY_V1_20260606.md"
"DESKTOP_LANE","REVIEW_ENTRY\COMMAND_CENTER_UI_LANE_REVIEW_ENTRY_V1_20260606_153627\OUTPUT__WORK_ENTRYPOINT_VERIFY_FOR_UI_LANE_REVIEW.txt","560","2026-06-06T19:36:28.1096156Z","C89EDB640793F22BF3454F57405E5A9EA2FBDB91A6AED83A0CC19DA75C341773","C:\Users\13527\Desktop\123\HOUSE_WORK\PROJECT_COMMAND_CENTER_UI_LANE\REVIEW_ENTRY\COMMAND_CENTER_UI_LANE_REVIEW_ENTRY_V1_20260606_153627\OUTPUT__WORK_ENTRYPOINT_VERIFY_FOR_UI_LANE_REVIEW.txt"
"DESKTOP_LANE","REVIEW_ENTRY\COMMAND_CENTER_UI_LANE_REVIEW_ENTRY_V1_20260606_153627\RECEIPT__COMMAND_CENTER_UI_LANE_REVIEW_ENTRY_V1_20260606.md","4333","2026-06-06T19:36:28.2659361Z","60BE9FEE82B13003B1D48E38C4C6E9E5C53C48A44162486EF61AD82A3EB05A98","C:\Users\13527\Desktop\123\HOUSE_WORK\PROJECT_COMMAND_CENTER_UI_LANE\REVIEW_ENTRY\COMMAND_CENTER_UI_LANE_REVIEW_ENTRY_V1_20260606_153627\RECEIPT__COMMAND_CENTER_UI_LANE_REVIEW_ENTRY_V1_20260606.md"
"DESKTOP_LANE","SAVE_AND_COMMIT_GATE\COMMAND_CENTER_UI_LANE_SAVE_AND_COMMIT_GATE_CARD_V1_1_20260606.md","1143","2026-06-06T21:21:11.8634948Z","829A4090E70E1A66B684C3C59071E11D1E7DE7B0FDF8836347DBE6462A9F57F9","C:\Users\13527\Desktop\123\HOUSE_WORK\PROJECT_COMMAND_CENTER_UI_LANE\SAVE_AND_COMMIT_GATE\COMMAND_CENTER_UI_LANE_SAVE_AND_COMMIT_GATE_CARD_V1_1_20260606.md"
"DESKTOP_LANE","SAVE_AND_COMMIT_GATE\COMMAND_CENTER_UI_LANE_SAVE_AND_COMMIT_GATE_CARD_V1_2_20260606.md","1263","2026-06-06T21:36:32.3440651Z","EADD60E244189335F8DBC2F4C3888258E873B24DD61BAED5465F27F315B5C9FA","C:\Users\13527\Desktop\123\HOUSE_WORK\PROJECT_COMMAND_CENTER_UI_LANE\SAVE_AND_COMMIT_GATE\COMMAND_CENTER_UI_LANE_SAVE_AND_COMMIT_GATE_CARD_V1_2_20260606.md"
"DESKTOP_LANE","SAVE_AND_COMMIT_GATE\COMMAND_CENTER_UI_LANE_SAVE_AND_COMMIT_GATE_CARD_V1_20260606.md","1111","2026-06-06T21:10:04.2503307Z","6C1059283EEDF2636440654007392D204BD85918E14BEE8FCF1EF2D5B9B8641F","C:\Users\13527\Desktop\123\HOUSE_WORK\PROJECT_COMMAND_CENTER_UI_LANE\SAVE_AND_COMMIT_GATE\COMMAND_CENTER_UI_LANE_SAVE_AND_COMMIT_GATE_CARD_V1_20260606.md"
"DESKTOP_LANE","SAVE_AND_COMMIT_GATE\COMMAND_CENTER_UI_LANE_SAVE_AND_COMMIT_GATE_CARD_V1_3_20260606.md","1236","2026-06-06T21:40:19.2636813Z","166A1740B1BF1CDDD7BDC0E685F4D9C5A9354FC497663AA451E0071E52022AD1","C:\Users\13527\Desktop\123\HOUSE_WORK\PROJECT_COMMAND_CENTER_UI_LANE\SAVE_AND_COMMIT_GATE\COMMAND_CENTER_UI_LANE_SAVE_AND_COMMIT_GATE_CARD_V1_3_20260606.md"
"DESKTOP_LANE","SAVE_AND_COMMIT_GATE\COMMAND_CENTER_UI_LANE_SAVE_AND_COMMIT_GATE_CARD_V1_4_20260606.md","1326","2026-06-06T22:13:38.3590256Z","A3AFE046DF22AC3F48615D83A28E8E20F3DF8E65702E3838CB6857B3E6AA907B","C:\Users\13527\Desktop\123\HOUSE_WORK\PROJECT_COMMAND_CENTER_UI_LANE\SAVE_AND_COMMIT_GATE\COMMAND_CENTER_UI_LANE_SAVE_AND_COMMIT_GATE_CARD_V1_4_20260606.md"
"DESKTOP_LANE","SAVE_AND_COMMIT_GATE\COMMAND_CENTER_UI_LANE_SAVE_AND_COMMIT_GATE_V1_1_20260606.ps1","35037","2026-06-06T21:21:11.8457378Z","FE356B00C195AC6D4449B8B67C5893368AEE94A2C5C0216008811C47F82BAE41","C:\Users\13527\Desktop\123\HOUSE_WORK\PROJECT_COMMAND_CENTER_UI_LANE\SAVE_AND_COMMIT_GATE\COMMAND_CENTER_UI_LANE_SAVE_AND_COMMIT_GATE_V1_1_20260606.ps1"
"DESKTOP_LANE","SAVE_AND_COMMIT_GATE\COMMAND_CENTER_UI_LANE_SAVE_AND_COMMIT_GATE_V1_2_20260606.ps1","35180","2026-06-06T21:36:32.3370205Z","AB1C6612D299C37D7F577C0886A55EC489887F1910F759B42B8ECA3CA676516A","C:\Users\13527\Desktop\123\HOUSE_WORK\PROJECT_COMMAND_CENTER_UI_LANE\SAVE_AND_COMMIT_GATE\COMMAND_CENTER_UI_LANE_SAVE_AND_COMMIT_GATE_V1_2_20260606.ps1"
"DESKTOP_LANE","SAVE_AND_COMMIT_GATE\COMMAND_CENTER_UI_LANE_SAVE_AND_COMMIT_GATE_V1_20260606.ps1","30184","2026-06-06T21:10:04.2347424Z","C236EEB85E8906530E072A5E9819C074DF066B3712963306551FF9C1639388E2","C:\Users\13527\Desktop\123\HOUSE_WORK\PROJECT_COMMAND_CENTER_UI_LANE\SAVE_AND_COMMIT_GATE\COMMAND_CENTER_UI_LANE_SAVE_AND_COMMIT_GATE_V1_20260606.ps1"
"DESKTOP_LANE","SAVE_AND_COMMIT_GATE\COMMAND_CENTER_UI_LANE_SAVE_AND_COMMIT_GATE_V1_3_20260606.ps1","35288","2026-06-06T21:40:19.2298069Z","8CE58A95351EB1F658269B462758961BE703A6145BF2850A0EBBE7BD609ED1E8","C:\Users\13527\Desktop\123\HOUSE_WORK\PROJECT_COMMAND_CENTER_UI_LANE\SAVE_AND_COMMIT_GATE\COMMAND_CENTER_UI_LANE_SAVE_AND_COMMIT_GATE_V1_3_20260606.ps1"
"DESKTOP_LANE","SAVE_AND_COMMIT_GATE\COMMAND_CENTER_UI_LANE_SAVE_AND_COMMIT_GATE_V1_4_20260606.ps1","33563","2026-06-06T22:13:38.3479285Z","C53948A17429A4B999A9F19EE7133DD96B9FAD61552F02AED91B409C1A3BBC86","C:\Users\13527\Desktop\123\HOUSE_WORK\PROJECT_COMMAND_CENTER_UI_LANE\SAVE_AND_COMMIT_GATE\COMMAND_CENTER_UI_LANE_SAVE_AND_COMMIT_GATE_V1_4_20260606.ps1"
"DESKTOP_LANE","SAVE_AND_COMMIT_GATE\CURRENT_COMMAND_CENTER_UI_LANE_SAVE_AND_COMMIT_STATUS_V1_1.json","4283","2026-06-06T21:21:41.5461809Z","085784BF5CEF86C676965D543AEE9FB7406DDB864C81BB7E4A7E61D695D6B939","C:\Users\13527\Desktop\123\HOUSE_WORK\PROJECT_COMMAND_CENTER_UI_LANE\SAVE_AND_COMMIT_GATE\CURRENT_COMMAND_CENTER_UI_LANE_SAVE_AND_COMMIT_STATUS_V1_1.json"
"DESKTOP_LANE","SAVE_AND_COMMIT_GATE\CURRENT_COMMAND_CENTER_UI_LANE_SAVE_AND_COMMIT_STATUS_V1_1.md","4115","2026-06-06T21:21:41.5461809Z","856D27F08F7F7AC6684BAFE9E68F24A268C25BF278141EA195D32C218E543732","C:\Users\13527\Desktop\123\HOUSE_WORK\PROJECT_COMMAND_CENTER_UI_LANE\SAVE_AND_COMMIT_GATE\CURRENT_COMMAND_CENTER_UI_LANE_SAVE_AND_COMMIT_STATUS_V1_1.md"
"DESKTOP_LANE","SAVE_AND_COMMIT_GATE\CURRENT_COMMAND_CENTER_UI_LANE_SAVE_AND_COMMIT_STATUS_V1_2.json","4283","2026-06-06T21:37:03.8700631Z","2374A21D535501109678927B7BAC99A0B9E3E6F08DB0EE673F2B8F4CD439E5A0","C:\Users\13527\Desktop\123\HOUSE_WORK\PROJECT_COMMAND_CENTER_UI_LANE\SAVE_AND_COMMIT_GATE\CURRENT_COMMAND_CENTER_UI_LANE_SAVE_AND_COMMIT_STATUS_V1_2.json"
"DESKTOP_LANE","SAVE_AND_COMMIT_GATE\CURRENT_COMMAND_CENTER_UI_LANE_SAVE_AND_COMMIT_STATUS_V1_2.md","4115","2026-06-06T21:37:03.8864494Z","6F7FF70E6D9F72B534C8E714F684FF9B3B006B91DA0B32A8F95A0B690A9C1E75","C:\Users\13527\Desktop\123\HOUSE_WORK\PROJECT_COMMAND_CENTER_UI_LANE\SAVE_AND_COMMIT_GATE\CURRENT_COMMAND_CENTER_UI_LANE_SAVE_AND_COMMIT_STATUS_V1_2.md"
"DESKTOP_LANE","SAVE_AND_COMMIT_GATE\CURRENT_COMMAND_CENTER_UI_LANE_SAVE_AND_COMMIT_STATUS_V1_3.json","4564","2026-06-06T22:10:07.1631079Z","04FCAAAC3AA0B5441221C61BAEC935B1F7C52C59B3EDC052635EC2EE38EB579B","C:\Users\13527\Desktop\123\HOUSE_WORK\PROJECT_COMMAND_CENTER_UI_LANE\SAVE_AND_COMMIT_GATE\CURRENT_COMMAND_CENTER_UI_LANE_SAVE_AND_COMMIT_STATUS_V1_3.json"
"DESKTOP_LANE","SAVE_AND_COMMIT_GATE\CURRENT_COMMAND_CENTER_UI_LANE_SAVE_AND_COMMIT_STATUS_V1_3.md","4380","2026-06-06T22:10:07.1631079Z","EAD7A8BBE31B3B6C4B67C49C1DC3C0E28B912C5AB7473B05A65A10126A5D6222","C:\Users\13527\Desktop\123\HOUSE_WORK\PROJECT_COMMAND_CENTER_UI_LANE\SAVE_AND_COMMIT_GATE\CURRENT_COMMAND_CENTER_UI_LANE_SAVE_AND_COMMIT_STATUS_V1_3.md"
"DESKTOP_LANE","SAVE_AND_COMMIT_GATE\CURRENT_COMMAND_CENTER_UI_LANE_SAVE_AND_COMMIT_STATUS_V1_4.json","4381","2026-06-06T22:37:22.1884733Z","034E3B0C57DBB577059D27527EAEC96F53FBF39AA8FFAD1581A8A0617517C774","C:\Users\13527\Desktop\123\HOUSE_WORK\PROJECT_COMMAND_CENTER_UI_LANE\SAVE_AND_COMMIT_GATE\CURRENT_COMMAND_CENTER_UI_LANE_SAVE_AND_COMMIT_STATUS_V1_4.json"
"DESKTOP_LANE","SAVE_AND_COMMIT_GATE\CURRENT_COMMAND_CENTER_UI_LANE_SAVE_AND_COMMIT_STATUS_V1_4.md","4220","2026-06-06T22:37:22.1914649Z","B668FD325C493D58DF220BE1DE9991F8469DDE2178285B24A2AE32BAB51953D0","C:\Users\13527\Desktop\123\HOUSE_WORK\PROJECT_COMMAND_CENTER_UI_LANE\SAVE_AND_COMMIT_GATE\CURRENT_COMMAND_CENTER_UI_LANE_SAVE_AND_COMMIT_STATUS_V1_4.md"
"DESKTOP_LANE","SAVE_AND_COMMIT_GATE\CURRENT_COMMAND_CENTER_UI_LANE_SAVE_AND_COMMIT_STATUS.json","3900","2026-06-06T21:10:05.2018292Z","172F430402BE5B752A295833BA8265A404D76273263A6329714C927038FB2FE8","C:\Users\13527\Desktop\123\HOUSE_WORK\PROJECT_COMMAND_CENTER_UI_LANE\SAVE_AND_COMMIT_GATE\CURRENT_COMMAND_CENTER_UI_LANE_SAVE_AND_COMMIT_STATUS.json"
"DESKTOP_LANE","SAVE_AND_COMMIT_GATE\CURRENT_COMMAND_CENTER_UI_LANE_SAVE_AND_COMMIT_STATUS.md","3505","2026-06-06T21:10:05.2048203Z","5ABDEE8F913260BAC0FD9DEFDB5F49F626351370893A9920A73E0C0B4BEAEB50","C:\Users\13527\Desktop\123\HOUSE_WORK\PROJECT_COMMAND_CENTER_UI_LANE\SAVE_AND_COMMIT_GATE\CURRENT_COMMAND_CENTER_UI_LANE_SAVE_AND_COMMIT_STATUS.md"
"DESKTOP_LANE","SAVE_AND_COMMIT_GATE\COMMAND_CENTER_UI_LANE_SAVE_AND_COMMIT_GATE_V1_1_20260606_172111\APPROVED_SYNCED_FILES__COMMAND_CENTER_UI_LANE_SAVE_AND_COMMIT_V1_1_20260606.txt","54545","2026-06-06T21:21:12.4999976Z","30EF952A0CE342748922D273A7944C8E31263A3EC1CE22DB61CECB98EC17C74B","C:\Users\13527\Desktop\123\HOUSE_WORK\PROJECT_COMMAND_CENTER_UI_LANE\SAVE_AND_COMMIT_GATE\COMMAND_CENTER_UI_LANE_SAVE_AND_COMMIT_GATE_V1_1_20260606_172111\APPROVED_SYNCED_FILES__COMMAND_CENTER_UI_LANE_SAVE_AND_COMMIT_V1_1_20260606.txt"
"DESKTOP_LANE","SAVE_AND_COMMIT_GATE\COMMAND_CENTER_UI_LANE_SAVE_AND_COMMIT_GATE_V1_1_20260606_172111\COMMAND_CENTER_UI_LANE_SAVE_AND_COMMIT_PACKET_V1_1_20260606.md","3905","2026-06-06T21:21:13.0019887Z","36EE80A253E3B7D20D93BE6B627F9D07C46BC71BADFE1F41A13DA1D7A16B5017","C:\Users\13527\Desktop\123\HOUSE_WORK\PROJECT_COMMAND_CENTER_UI_LANE\SAVE_AND_COMMIT_GATE\COMMAND_CENTER_UI_LANE_SAVE_AND_COMMIT_GATE_V1_1_20260606_172111\COMMAND_CENTER_UI_LANE_SAVE_AND_COMMIT_PACKET_V1_1_20260606.md"
"DESKTOP_LANE","SAVE_AND_COMMIT_GATE\COMMAND_CENTER_UI_LANE_SAVE_AND_COMMIT_GATE_V1_1_20260606_172111\ERROR_LEDGER__COMMAND_CENTER_UI_LANE_SAVE_AND_COMMIT_GATE_V1_1_20260606.md","343","2026-06-06T21:21:13.0019887Z","234077D2AE59BD56E31AFDE30326BF6EFE831E71D03784A6250D40D52EF643A8","C:\Users\13527\Desktop\123\HOUSE_WORK\PROJECT_COMMAND_CENTER_UI_LANE\SAVE_AND_COMMIT_GATE\COMMAND_CENTER_UI_LANE_SAVE_AND_COMMIT_GATE_V1_1_20260606_172111\ERROR_LEDGER__COMMAND_CENTER_UI_LANE_SAVE_AND_COMMIT_GATE_V1_1_20260606.md"
"DESKTOP_LANE","SAVE_AND_COMMIT_GATE\COMMAND_CENTER_UI_LANE_SAVE_AND_COMMIT_GATE_V1_1_20260606_172111\GIT_STATUS_AFTER__COMMAND_CENTER_UI_LANE_SAVE_AND_COMMIT_V1_1_20260606.txt","4592","2026-06-06T21:21:12.9990469Z","DBEC36772B093530AF9DFCFA19C8AEDD43E144B3628231282D0778724AD8799C","C:\Users\13527\Desktop\123\HOUSE_WORK\PROJECT_COMMAND_CENTER_UI_LANE\SAVE_AND_COMMIT_GATE\COMMAND_CENTER_UI_LANE_SAVE_AND_COMMIT_GATE_V1_1_20260606_172111\GIT_STATUS_AFTER__COMMAND_CENTER_UI_LANE_SAVE_AND_COMMIT_V1_1_20260606.txt"
"DESKTOP_LANE","SAVE_AND_COMMIT_GATE\COMMAND_CENTER_UI_LANE_SAVE_AND_COMMIT_GATE_V1_1_20260606_172111\GIT_STATUS_BEFORE__COMMAND_CENTER_UI_LANE_SAVE_AND_COMMIT_V1_1_20260606.txt","4592","2026-06-06T21:21:12.8017841Z","DBEC36772B093530AF9DFCFA19C8AEDD43E144B3628231282D0778724AD8799C","C:\Users\13527\Desktop\123\HOUSE_WORK\PROJECT_COMMAND_CENTER_UI_LANE\SAVE_AND_COMMIT_GATE\COMMAND_CENTER_UI_LANE_SAVE_AND_COMMIT_GATE_V1_1_20260606_172111\GIT_STATUS_BEFORE__COMMAND_CENTER_UI_LANE_SAVE_AND_COMMIT_V1_1_20260606.txt"
"DESKTOP_LANE","SAVE_AND_COMMIT_GATE\COMMAND_CENTER_UI_LANE_SAVE_AND_COMMIT_GATE_V1_1_20260606_172111\NEXT_OBJECT_CARD__COMMAND_CENTER_UI_LANE_PUSH_GATE_V1_20260606.md","658","2026-06-06T21:21:13.0176097Z","550F0518825BE814F0F733A007A37BC2A2EEC3EA8BCC6BCFA6FC1A09106D5D5F","C:\Users\13527\Desktop\123\HOUSE_WORK\PROJECT_COMMAND_CENTER_UI_LANE\SAVE_AND_COMMIT_GATE\COMMAND_CENTER_UI_LANE_SAVE_AND_COMMIT_GATE_V1_1_20260606_172111\NEXT_OBJECT_CARD__COMMAND_CENTER_UI_LANE_PUSH_GATE_V1_20260606.md"
"DESKTOP_LANE","SAVE_AND_COMMIT_GATE\COMMAND_CENTER_UI_LANE_SAVE_AND_COMMIT_GATE_V1_1_20260606_172111\OUTPUT__WORK_ENTRYPOINT_VERIFY_FOR_SAVE_AND_COMMIT_GATE_V1_1.txt","560","2026-06-06T21:21:12.3744373Z","F15580E1ABFF82DB2F721CAF6CC587596DC8BE8DD714C52F176785F7D4C4C047","C:\Users\13527\Desktop\123\HOUSE_WORK\PROJECT_COMMAND_CENTER_UI_LANE\SAVE_AND_COMMIT_GATE\COMMAND_CENTER_UI_LANE_SAVE_AND_COMMIT_GATE_V1_1_20260606_172111\OUTPUT__WORK_ENTRYPOINT_VERIFY_FOR_SAVE_AND_COMMIT_GATE_V1_1.txt"
"DESKTOP_LANE","SAVE_AND_COMMIT_GATE\COMMAND_CENTER_UI_LANE_SAVE_AND_COMMIT_GATE_V1_1_20260606_172111\PENDING_CARD__COMMAND_CENTER_UI_LANE_SAVE_AND_COMMIT_V1_1_20260606.md","781","2026-06-06T21:21:13.0019887Z","1E762D2E6839928D4D659046BEB8E4D232C0F01931882E8F0F0E489ECE7161C7","C:\Users\13527\Desktop\123\HOUSE_WORK\PROJECT_COMMAND_CENTER_UI_LANE\SAVE_AND_COMMIT_GATE\COMMAND_CENTER_UI_LANE_SAVE_AND_COMMIT_GATE_V1_1_20260606_172111\PENDING_CARD__COMMAND_CENTER_UI_LANE_SAVE_AND_COMMIT_V1_1_20260606.md"
"DESKTOP_LANE","SAVE_AND_COMMIT_GATE\COMMAND_CENTER_UI_LANE_SAVE_AND_COMMIT_GATE_V1_1_20260606_172111\RECEIPT__COMMAND_CENTER_UI_LANE_SAVE_AND_COMMIT_GATE_V1_1_20260606.md","3213","2026-06-06T21:21:13.0176097Z","A21DAFADD38BC0B7F43F21861C3600AAB91C7535334B5E9D482D3E33C8606D4F","C:\Users\13527\Desktop\123\HOUSE_WORK\PROJECT_COMMAND_CENTER_UI_LANE\SAVE_AND_COMMIT_GATE\COMMAND_CENTER_UI_LANE_SAVE_AND_COMMIT_GATE_V1_1_20260606_172111\RECEIPT__COMMAND_CENTER_UI_LANE_SAVE_AND_COMMIT_GATE_V1_1_20260606.md"
"DESKTOP_LANE","SAVE_AND_COMMIT_GATE\COMMAND_CENTER_UI_LANE_SAVE_AND_COMMIT_GATE_V1_1_20260606_172140\APPROVED_SYNCED_FILES__COMMAND_CENTER_UI_LANE_SAVE_AND_COMMIT_V1_1_20260606.txt","54545","2026-06-06T21:21:41.1625113Z","30EF952A0CE342748922D273A7944C8E31263A3EC1CE22DB61CECB98EC17C74B","C:\Users\13527\Desktop\123\HOUSE_WORK\PROJECT_COMMAND_CENTER_UI_LANE\SAVE_AND_COMMIT_GATE\COMMAND_CENTER_UI_LANE_SAVE_AND_COMMIT_GATE_V1_1_20260606_172140\APPROVED_SYNCED_FILES__COMMAND_CENTER_UI_LANE_SAVE_AND_COMMIT_V1_1_20260606.txt"
"DESKTOP_LANE","SAVE_AND_COMMIT_GATE\COMMAND_CENTER_UI_LANE_SAVE_AND_COMMIT_GATE_V1_1_20260606_172140\COMMAND_CENTER_UI_LANE_SAVE_AND_COMMIT_PACKET_V1_1_20260606.md","3871","2026-06-06T21:21:41.5297548Z","B677C7479267D4E7E97D1EB907A7BF1DEB2731AE32FC6E6196D3E9AA6D0006F8","C:\Users\13527\Desktop\123\HOUSE_WORK\PROJECT_COMMAND_CENTER_UI_LANE\SAVE_AND_COMMIT_GATE\COMMAND_CENTER_UI_LANE_SAVE_AND_COMMIT_GATE_V1_1_20260606_172140\COMMAND_CENTER_UI_LANE_SAVE_AND_COMMIT_PACKET_V1_1_20260606.md"
"DESKTOP_LANE","SAVE_AND_COMMIT_GATE\COMMAND_CENTER_UI_LANE_SAVE_AND_COMMIT_GATE_V1_1_20260606_172140\ERROR_LEDGER__COMMAND_CENTER_UI_LANE_SAVE_AND_COMMIT_GATE_V1_1_20260606.md","807","2026-06-06T21:21:41.5297548Z","A88FF4190E6770A2216D37AD6DBA2A215B08ED76FFF93187E428DFE6C1E75F34","C:\Users\13527\Desktop\123\HOUSE_WORK\PROJECT_COMMAND_CENTER_UI_LANE\SAVE_AND_COMMIT_GATE\COMMAND_CENTER_UI_LANE_SAVE_AND_COMMIT_GATE_V1_1_20260606_172140\ERROR_LEDGER__COMMAND_CENTER_UI_LANE_SAVE_AND_COMMIT_GATE_V1_1_20260606.md"
"DESKTOP_LANE","SAVE_AND_COMMIT_GATE\COMMAND_CENTER_UI_LANE_SAVE_AND_COMMIT_GATE_V1_1_20260606_172140\GIT_STATUS_BEFORE__COMMAND_CENTER_UI_LANE_SAVE_AND_COMMIT_V1_1_20260606.txt","4592","2026-06-06T21:21:41.4461122Z","DBEC36772B093530AF9DFCFA19C8AEDD43E144B3628231282D0778724AD8799C","C:\Users\13527\Desktop\123\HOUSE_WORK\PROJECT_COMMAND_CENTER_UI_LANE\SAVE_AND_COMMIT_GATE\COMMAND_CENTER_UI_LANE_SAVE_AND_COMMIT_GATE_V1_1_20260606_172140\GIT_STATUS_BEFORE__COMMAND_CENTER_UI_LANE_SAVE_AND_COMMIT_V1_1_20260606.txt"
"DESKTOP_LANE","SAVE_AND_COMMIT_GATE\COMMAND_CENTER_UI_LANE_SAVE_AND_COMMIT_GATE_V1_1_20260606_172140\NEXT_OBJECT_CARD__COMMAND_CENTER_UI_LANE_PUSH_GATE_V1_20260606.md","618","2026-06-06T21:21:41.5297548Z","3B58919BB9EC9D5A14D22087539106B153F7ABF54CE13D3CB29A313467E0AA9E","C:\Users\13527\Desktop\123\HOUSE_WORK\PROJECT_COMMAND_CENTER_UI_LANE\SAVE_AND_COMMIT_GATE\COMMAND_CENTER_UI_LANE_SAVE_AND_COMMIT_GATE_V1_1_20260606_172140\NEXT_OBJECT_CARD__COMMAND_CENTER_UI_LANE_PUSH_GATE_V1_20260606.md"
"DESKTOP_LANE","SAVE_AND_COMMIT_GATE\COMMAND_CENTER_UI_LANE_SAVE_AND_COMMIT_GATE_V1_1_20260606_172140\OUTPUT__WORK_ENTRYPOINT_VERIFY_FOR_SAVE_AND_COMMIT_GATE_V1_1.txt","560","2026-06-06T21:21:41.0881557Z","51435B1885D69CC54125C91DC1A15D5F27F45583348F443ABCDA7C02C274B9B8","C:\Users\13527\Desktop\123\HOUSE_WORK\PROJECT_COMMAND_CENTER_UI_LANE\SAVE_AND_COMMIT_GATE\COMMAND_CENTER_UI_LANE_SAVE_AND_COMMIT_GATE_V1_1_20260606_172140\OUTPUT__WORK_ENTRYPOINT_VERIFY_FOR_SAVE_AND_COMMIT_GATE_V1_1.txt"
"DESKTOP_LANE","SAVE_AND_COMMIT_GATE\COMMAND_CENTER_UI_LANE_SAVE_AND_COMMIT_GATE_V1_1_20260606_172140\PENDING_CARD__COMMAND_CENTER_UI_LANE_SAVE_AND_COMMIT_V1_1_20260606.md","774","2026-06-06T21:21:41.5297548Z","332C1B29BF9CC76C7472CE0DCDA57354847FFBB19C76AF73F862F69CD7368426","C:\Users\13527\Desktop\123\HOUSE_WORK\PROJECT_COMMAND_CENTER_UI_LANE\SAVE_AND_COMMIT_GATE\COMMAND_CENTER_UI_LANE_SAVE_AND_COMMIT_GATE_V1_1_20260606_172140\PENDING_CARD__COMMAND_CENTER_UI_LANE_SAVE_AND_COMMIT_V1_1_20260606.md"
"DESKTOP_LANE","SAVE_AND_COMMIT_GATE\COMMAND_CENTER_UI_LANE_SAVE_AND_COMMIT_GATE_V1_1_20260606_172140\RECEIPT__COMMAND_CENTER_UI_LANE_SAVE_AND_COMMIT_GATE_V1_1_20260606.md","2911","2026-06-06T21:21:41.5639281Z","9EB39758CC464EAF494293390A8B3257F2A549D31A6C570AB3AC5D6145B3E12A","C:\Users\13527\Desktop\123\HOUSE_WORK\PROJECT_COMMAND_CENTER_UI_LANE\SAVE_AND_COMMIT_GATE\COMMAND_CENTER_UI_LANE_SAVE_AND_COMMIT_GATE_V1_1_20260606_172140\RECEIPT__COMMAND_CENTER_UI_LANE_SAVE_AND_COMMIT_GATE_V1_1_20260606.md"
"DESKTOP_LANE","SAVE_AND_COMMIT_GATE\COMMAND_CENTER_UI_LANE_SAVE_AND_COMMIT_GATE_V1_20260606_171004\APPROVED_PATHSPECS__COMMAND_CENTER_UI_LANE_SAVE_AND_COMMIT_V1_20260606.md","463","2026-06-06T21:10:05.0935247Z","FB0A064FB0D917B51662253E75193F42F252F0E233C50E3BA4159DDDB18FF581","C:\Users\13527\Desktop\123\HOUSE_WORK\PROJECT_COMMAND_CENTER_UI_LANE\SAVE_AND_COMMIT_GATE\COMMAND_CENTER_UI_LANE_SAVE_AND_COMMIT_GATE_V1_20260606_171004\APPROVED_PATHSPECS__COMMAND_CENTER_UI_LANE_SAVE_AND_COMMIT_V1_20260606.md"
"DESKTOP_LANE","SAVE_AND_COMMIT_GATE\COMMAND_CENTER_UI_LANE_SAVE_AND_COMMIT_GATE_V1_20260606_171004\COMMAND_CENTER_UI_LANE_SAVE_AND_COMMIT_PACKET_V1_20260606.md","2028","2026-06-06T21:10:05.1954960Z","6D7AFCDFA5B1D8A4FE4D46603E7DCD56B266EE59A944E51E35492AFC3B41C489","C:\Users\13527\Desktop\123\HOUSE_WORK\PROJECT_COMMAND_CENTER_UI_LANE\SAVE_AND_COMMIT_GATE\COMMAND_CENTER_UI_LANE_SAVE_AND_COMMIT_GATE_V1_20260606_171004\COMMAND_CENTER_UI_LANE_SAVE_AND_COMMIT_PACKET_V1_20260606.md"
"DESKTOP_LANE","SAVE_AND_COMMIT_GATE\COMMAND_CENTER_UI_LANE_SAVE_AND_COMMIT_GATE_V1_20260606_171004\ERROR_LEDGER__COMMAND_CENTER_UI_LANE_SAVE_AND_COMMIT_GATE_V1_20260606.md","654","2026-06-06T21:10:05.1855233Z","C54F15194E76A47A6E980C48CE57609F98E26BFB86E6A32B3535AC3EFF78F30B","C:\Users\13527\Desktop\123\HOUSE_WORK\PROJECT_COMMAND_CENTER_UI_LANE\SAVE_AND_COMMIT_GATE\COMMAND_CENTER_UI_LANE_SAVE_AND_COMMIT_GATE_V1_20260606_171004\ERROR_LEDGER__COMMAND_CENTER_UI_LANE_SAVE_AND_COMMIT_GATE_V1_20260606.md"
"DESKTOP_LANE","SAVE_AND_COMMIT_GATE\COMMAND_CENTER_UI_LANE_SAVE_AND_COMMIT_GATE_V1_20260606_171004\NEXT_OBJECT_CARD__COMMAND_CENTER_UI_LANE_PUSH_GATE_V1_20260606.md","602","2026-06-06T21:10:05.1988366Z","47F3A5C1C3FB96B618438751F1FBE0AFA76A0BE7CE96A2458B3DA404D6D40EF8","C:\Users\13527\Desktop\123\HOUSE_WORK\PROJECT_COMMAND_CENTER_UI_LANE\SAVE_AND_COMMIT_GATE\COMMAND_CENTER_UI_LANE_SAVE_AND_COMMIT_GATE_V1_20260606_171004\NEXT_OBJECT_CARD__COMMAND_CENTER_UI_LANE_PUSH_GATE_V1_20260606.md"
"DESKTOP_LANE","SAVE_AND_COMMIT_GATE\COMMAND_CENTER_UI_LANE_SAVE_AND_COMMIT_GATE_V1_20260606_171004\OUTPUT__WORK_ENTRYPOINT_VERIFY_FOR_SAVE_AND_COMMIT_GATE.txt","560","2026-06-06T21:10:04.8487506Z","09E1B9BB2EBFCD077516454BBA4AFE2690B21BFA87E853F46AE5E5A8BE556570","C:\Users\13527\Desktop\123\HOUSE_WORK\PROJECT_COMMAND_CENTER_UI_LANE\SAVE_AND_COMMIT_GATE\COMMAND_CENTER_UI_LANE_SAVE_AND_COMMIT_GATE_V1_20260606_171004\OUTPUT__WORK_ENTRYPOINT_VERIFY_FOR_SAVE_AND_COMMIT_GATE.txt"
"DESKTOP_LANE","SAVE_AND_COMMIT_GATE\COMMAND_CENTER_UI_LANE_SAVE_AND_COMMIT_GATE_V1_20260606_171004\PENDING_CARD__COMMAND_CENTER_UI_LANE_SAVE_AND_COMMIT_V1_20260606.md","734","2026-06-06T21:10:05.1895126Z","1EC96A6F4E7CD42664FEA80023573A7CCF25F5266E8DE57A3BC0E02500CA42C6","C:\Users\13527\Desktop\123\HOUSE_WORK\PROJECT_COMMAND_CENTER_UI_LANE\SAVE_AND_COMMIT_GATE\COMMAND_CENTER_UI_LANE_SAVE_AND_COMMIT_GATE_V1_20260606_171004\PENDING_CARD__COMMAND_CENTER_UI_LANE_SAVE_AND_COMMIT_V1_20260606.md"
"DESKTOP_LANE","SAVE_AND_COMMIT_GATE\COMMAND_CENTER_UI_LANE_SAVE_AND_COMMIT_GATE_V1_20260606_171004\RECEIPT__COMMAND_CENTER_UI_LANE_SAVE_AND_COMMIT_GATE_V1_20260606.md","2300","2026-06-06T21:10:05.2095170Z","C20DDA6F3B9519B32E103287DAB5AF4DE5CD6577196AEBB59C4CC4858E34D545","C:\Users\13527\Desktop\123\HOUSE_WORK\PROJECT_COMMAND_CENTER_UI_LANE\SAVE_AND_COMMIT_GATE\COMMAND_CENTER_UI_LANE_SAVE_AND_COMMIT_GATE_V1_20260606_171004\RECEIPT__COMMAND_CENTER_UI_LANE_SAVE_AND_COMMIT_GATE_V1_20260606.md"
"DESKTOP_LANE","SAVE_AND_COMMIT_GATE\COMMAND_CENTER_UI_LANE_SAVE_AND_COMMIT_GATE_V1_2_20260606_173632\APPROVED_SYNCED_FILES__COMMAND_CENTER_UI_LANE_SAVE_AND_COMMIT_V1_2_20260606.txt","54545","2026-06-06T21:36:32.9221365Z","30EF952A0CE342748922D273A7944C8E31263A3EC1CE22DB61CECB98EC17C74B","C:\Users\13527\Desktop\123\HOUSE_WORK\PROJECT_COMMAND_CENTER_UI_LANE\SAVE_AND_COMMIT_GATE\COMMAND_CENTER_UI_LANE_SAVE_AND_COMMIT_GATE_V1_2_20260606_173632\APPROVED_SYNCED_FILES__COMMAND_CENTER_UI_LANE_SAVE_AND_COMMIT_V1_2_20260606.txt"
"DESKTOP_LANE","SAVE_AND_COMMIT_GATE\COMMAND_CENTER_UI_LANE_SAVE_AND_COMMIT_GATE_V1_2_20260606_173632\COMMAND_CENTER_UI_LANE_SAVE_AND_COMMIT_PACKET_V1_2_20260606.md","4139","2026-06-06T21:36:33.3893137Z","E79DD3D0835E1A15F4208B2DD446CF7FF710A8BB15E470FDF7BBC2E833FC361A","C:\Users\13527\Desktop\123\HOUSE_WORK\PROJECT_COMMAND_CENTER_UI_LANE\SAVE_AND_COMMIT_GATE\COMMAND_CENTER_UI_LANE_SAVE_AND_COMMIT_GATE_V1_2_20260606_173632\COMMAND_CENTER_UI_LANE_SAVE_AND_COMMIT_PACKET_V1_2_20260606.md"
"DESKTOP_LANE","SAVE_AND_COMMIT_GATE\COMMAND_CENTER_UI_LANE_SAVE_AND_COMMIT_GATE_V1_2_20260606_173632\ERROR_LEDGER__COMMAND_CENTER_UI_LANE_SAVE_AND_COMMIT_GATE_V1_2_20260606.md","343","2026-06-06T21:36:33.3737189Z","A285D69A261344458084B4D9C5272C1D21ADFC3BE2434367D27957EED6B0D58A","C:\Users\13527\Desktop\123\HOUSE_WORK\PROJECT_COMMAND_CENTER_UI_LANE\SAVE_AND_COMMIT_GATE\COMMAND_CENTER_UI_LANE_SAVE_AND_COMMIT_GATE_V1_2_20260606_173632\ERROR_LEDGER__COMMAND_CENTER_UI_LANE_SAVE_AND_COMMIT_GATE_V1_2_20260606.md"
"DESKTOP_LANE","SAVE_AND_COMMIT_GATE\COMMAND_CENTER_UI_LANE_SAVE_AND_COMMIT_GATE_V1_2_20260606_173632\GIT_STATUS_AFTER__COMMAND_CENTER_UI_LANE_SAVE_AND_COMMIT_V1_2_20260606.txt","4592","2026-06-06T21:36:33.3737189Z","DBEC36772B093530AF9DFCFA19C8AEDD43E144B3628231282D0778724AD8799C","C:\Users\13527\Desktop\123\HOUSE_WORK\PROJECT_COMMAND_CENTER_UI_LANE\SAVE_AND_COMMIT_GATE\COMMAND_CENTER_UI_LANE_SAVE_AND_COMMIT_GATE_V1_2_20260606_173632\GIT_STATUS_AFTER__COMMAND_CENTER_UI_LANE_SAVE_AND_COMMIT_V1_2_20260606.txt"
"DESKTOP_LANE","SAVE_AND_COMMIT_GATE\COMMAND_CENTER_UI_LANE_SAVE_AND_COMMIT_GATE_V1_2_20260606_173632\GIT_STATUS_BEFORE__COMMAND_CENTER_UI_LANE_SAVE_AND_COMMIT_V1_2_20260606.txt","4592","2026-06-06T21:36:33.2018576Z","DBEC36772B093530AF9DFCFA19C8AEDD43E144B3628231282D0778724AD8799C","C:\Users\13527\Desktop\123\HOUSE_WORK\PROJECT_COMMAND_CENTER_UI_LANE\SAVE_AND_COMMIT_GATE\COMMAND_CENTER_UI_LANE_SAVE_AND_COMMIT_GATE_V1_2_20260606_173632\GIT_STATUS_BEFORE__COMMAND_CENTER_UI_LANE_SAVE_AND_COMMIT_V1_2_20260606.txt"
"DESKTOP_LANE","SAVE_AND_COMMIT_GATE\COMMAND_CENTER_UI_LANE_SAVE_AND_COMMIT_GATE_V1_2_20260606_173632\NEXT_OBJECT_CARD__COMMAND_CENTER_UI_LANE_PUSH_GATE_V1_20260606.md","658","2026-06-06T21:36:33.3893137Z","268A7061662164B6D43D3CA5155707EB7BB1832EDA48CA1A2B56639F1359EC31","C:\Users\13527\Desktop\123\HOUSE_WORK\PROJECT_COMMAND_CENTER_UI_LANE\SAVE_AND_COMMIT_GATE\COMMAND_CENTER_UI_LANE_SAVE_AND_COMMIT_GATE_V1_2_20260606_173632\NEXT_OBJECT_CARD__COMMAND_CENTER_UI_LANE_PUSH_GATE_V1_20260606.md"
"DESKTOP_LANE","SAVE_AND_COMMIT_GATE\COMMAND_CENTER_UI_LANE_SAVE_AND_COMMIT_GATE_V1_2_20260606_173632\OUTPUT__WORK_ENTRYPOINT_VERIFY_FOR_SAVE_AND_COMMIT_GATE_V1_2.txt","560","2026-06-06T21:36:32.8521707Z","97CB61E479375136D54F8B8D3A72AE8E3CCEEA715433AB527B40A89D22B2E80E","C:\Users\13527\Desktop\123\HOUSE_WORK\PROJECT_COMMAND_CENTER_UI_LANE\SAVE_AND_COMMIT_GATE\COMMAND_CENTER_UI_LANE_SAVE_AND_COMMIT_GATE_V1_2_20260606_173632\OUTPUT__WORK_ENTRYPOINT_VERIFY_FOR_SAVE_AND_COMMIT_GATE_V1_2.txt"
"DESKTOP_LANE","SAVE_AND_COMMIT_GATE\COMMAND_CENTER_UI_LANE_SAVE_AND_COMMIT_GATE_V1_2_20260606_173632\PENDING_CARD__COMMAND_CENTER_UI_LANE_SAVE_AND_COMMIT_V1_2_20260606.md","781","2026-06-06T21:36:33.3737189Z","D2FD5AF88A8B1278FC3433AF4D337C58AC88EBB6B13FE0D5CA93E76C061580FF","C:\Users\13527\Desktop\123\HOUSE_WORK\PROJECT_COMMAND_CENTER_UI_LANE\SAVE_AND_COMMIT_GATE\COMMAND_CENTER_UI_LANE_SAVE_AND_COMMIT_GATE_V1_2_20260606_173632\PENDING_CARD__COMMAND_CENTER_UI_LANE_SAVE_AND_COMMIT_V1_2_20260606.md"
"DESKTOP_LANE","SAVE_AND_COMMIT_GATE\COMMAND_CENTER_UI_LANE_SAVE_AND_COMMIT_GATE_V1_2_20260606_173632\RECEIPT__COMMAND_CENTER_UI_LANE_SAVE_AND_COMMIT_GATE_V1_2_20260606.md","3213","2026-06-06T21:36:33.4061317Z","FA529C004600BF8809DCE70A802D1F51F7910CD38153660924B839F2B6B0BF3D","C:\Users\13527\Desktop\123\HOUSE_WORK\PROJECT_COMMAND_CENTER_UI_LANE\SAVE_AND_COMMIT_GATE\COMMAND_CENTER_UI_LANE_SAVE_AND_COMMIT_GATE_V1_2_20260606_173632\RECEIPT__COMMAND_CENTER_UI_LANE_SAVE_AND_COMMIT_GATE_V1_2_20260606.md"
"DESKTOP_LANE","SAVE_AND_COMMIT_GATE\COMMAND_CENTER_UI_LANE_SAVE_AND_COMMIT_GATE_V1_2_20260606_173702\APPROVED_SYNCED_FILES__COMMAND_CENTER_UI_LANE_SAVE_AND_COMMIT_V1_2_20260606.txt","54545","2026-06-06T21:37:03.5346690Z","30EF952A0CE342748922D273A7944C8E31263A3EC1CE22DB61CECB98EC17C74B","C:\Users\13527\Desktop\123\HOUSE_WORK\PROJECT_COMMAND_CENTER_UI_LANE\SAVE_AND_COMMIT_GATE\COMMAND_CENTER_UI_LANE_SAVE_AND_COMMIT_GATE_V1_2_20260606_173702\APPROVED_SYNCED_FILES__COMMAND_CENTER_UI_LANE_SAVE_AND_COMMIT_V1_2_20260606.txt"
"DESKTOP_LANE","SAVE_AND_COMMIT_GATE\COMMAND_CENTER_UI_LANE_SAVE_AND_COMMIT_GATE_V1_2_20260606_173702\COMMAND_CENTER_UI_LANE_SAVE_AND_COMMIT_PACKET_V1_2_20260606.md","4105","2026-06-06T21:37:03.8700631Z","3AC32C1691BCD120CCA7FD6714C064CD16E39419A55D333E216DB84AF0C4AF0F","C:\Users\13527\Desktop\123\HOUSE_WORK\PROJECT_COMMAND_CENTER_UI_LANE\SAVE_AND_COMMIT_GATE\COMMAND_CENTER_UI_LANE_SAVE_AND_COMMIT_GATE_V1_2_20260606_173702\COMMAND_CENTER_UI_LANE_SAVE_AND_COMMIT_PACKET_V1_2_20260606.md"
"DESKTOP_LANE","SAVE_AND_COMMIT_GATE\COMMAND_CENTER_UI_LANE_SAVE_AND_COMMIT_GATE_V1_2_20260606_173702\ERROR_LEDGER__COMMAND_CENTER_UI_LANE_SAVE_AND_COMMIT_GATE_V1_2_20260606.md","651","2026-06-06T21:37:03.8509564Z","7590248F83608647B3C2D68306C137129F96DE0D4FDFF20525BACCDAB5815C27","C:\Users\13527\Desktop\123\HOUSE_WORK\PROJECT_COMMAND_CENTER_UI_LANE\SAVE_AND_COMMIT_GATE\COMMAND_CENTER_UI_LANE_SAVE_AND_COMMIT_GATE_V1_2_20260606_173702\ERROR_LEDGER__COMMAND_CENTER_UI_LANE_SAVE_AND_COMMIT_GATE_V1_2_20260606.md"
"DESKTOP_LANE","SAVE_AND_COMMIT_GATE\COMMAND_CENTER_UI_LANE_SAVE_AND_COMMIT_GATE_V1_2_20260606_173702\GIT_STATUS_BEFORE__COMMAND_CENTER_UI_LANE_SAVE_AND_COMMIT_V1_2_20260606.txt","4592","2026-06-06T21:37:03.7856530Z","DBEC36772B093530AF9DFCFA19C8AEDD43E144B3628231282D0778724AD8799C","C:\Users\13527\Desktop\123\HOUSE_WORK\PROJECT_COMMAND_CENTER_UI_LANE\SAVE_AND_COMMIT_GATE\COMMAND_CENTER_UI_LANE_SAVE_AND_COMMIT_GATE_V1_2_20260606_173702\GIT_STATUS_BEFORE__COMMAND_CENTER_UI_LANE_SAVE_AND_COMMIT_V1_2_20260606.txt"
"DESKTOP_LANE","SAVE_AND_COMMIT_GATE\COMMAND_CENTER_UI_LANE_SAVE_AND_COMMIT_GATE_V1_2_20260606_173702\NEXT_OBJECT_CARD__COMMAND_CENTER_UI_LANE_PUSH_GATE_V1_20260606.md","618","2026-06-06T21:37:03.8700631Z","4672633093C0BEFFE03DCE70830AEC7951C5B770F65E895A86A9E50C7586D1A6","C:\Users\13527\Desktop\123\HOUSE_WORK\PROJECT_COMMAND_CENTER_UI_LANE\SAVE_AND_COMMIT_GATE\COMMAND_CENTER_UI_LANE_SAVE_AND_COMMIT_GATE_V1_2_20260606_173702\NEXT_OBJECT_CARD__COMMAND_CENTER_UI_LANE_PUSH_GATE_V1_20260606.md"
"DESKTOP_LANE","SAVE_AND_COMMIT_GATE\COMMAND_CENTER_UI_LANE_SAVE_AND_COMMIT_GATE_V1_2_20260606_173702\OUTPUT__WORK_ENTRYPOINT_VERIFY_FOR_SAVE_AND_COMMIT_GATE_V1_2.txt","560","2026-06-06T21:37:03.4565813Z","5F174B18A5700B21C034FA308283D13AB616C6FA1CAB7137E14AF1AD165BD5B2","C:\Users\13527\Desktop\123\HOUSE_WORK\PROJECT_COMMAND_CENTER_UI_LANE\SAVE_AND_COMMIT_GATE\COMMAND_CENTER_UI_LANE_SAVE_AND_COMMIT_GATE_V1_2_20260606_173702\OUTPUT__WORK_ENTRYPOINT_VERIFY_FOR_SAVE_AND_COMMIT_GATE_V1_2.txt"
"DESKTOP_LANE","SAVE_AND_COMMIT_GATE\COMMAND_CENTER_UI_LANE_SAVE_AND_COMMIT_GATE_V1_2_20260606_173702\PENDING_CARD__COMMAND_CENTER_UI_LANE_SAVE_AND_COMMIT_V1_2_20260606.md","774","2026-06-06T21:37:03.8700631Z","67D18681FAFA677638113667F0D43D23BD06985C59741AEEB7841EB87193EFDA","C:\Users\13527\Desktop\123\HOUSE_WORK\PROJECT_COMMAND_CENTER_UI_LANE\SAVE_AND_COMMIT_GATE\COMMAND_CENTER_UI_LANE_SAVE_AND_COMMIT_GATE_V1_2_20260606_173702\PENDING_CARD__COMMAND_CENTER_UI_LANE_SAVE_AND_COMMIT_V1_2_20260606.md"
"DESKTOP_LANE","SAVE_AND_COMMIT_GATE\COMMAND_CENTER_UI_LANE_SAVE_AND_COMMIT_GATE_V1_2_20260606_173702\RECEIPT__COMMAND_CENTER_UI_LANE_SAVE_AND_COMMIT_GATE_V1_2_20260606.md","2911","2026-06-06T21:37:03.8864494Z","2E0F21435BE9F5501B0B8A4409ED9C67D422A64ABD7AD89B5A892974E684F1C5","C:\Users\13527\Desktop\123\HOUSE_WORK\PROJECT_COMMAND_CENTER_UI_LANE\SAVE_AND_COMMIT_GATE\COMMAND_CENTER_UI_LANE_SAVE_AND_COMMIT_GATE_V1_2_20260606_173702\RECEIPT__COMMAND_CENTER_UI_LANE_SAVE_AND_COMMIT_GATE_V1_2_20260606.md"
"DESKTOP_LANE","SAVE_AND_COMMIT_GATE\COMMAND_CENTER_UI_LANE_SAVE_AND_COMMIT_GATE_V1_3_20260606_174019\APPROVED_SYNCED_FILES__COMMAND_CENTER_UI_LANE_SAVE_AND_COMMIT_V1_3_20260606.txt","54545","2026-06-06T21:40:19.8597394Z","30EF952A0CE342748922D273A7944C8E31263A3EC1CE22DB61CECB98EC17C74B","C:\Users\13527\Desktop\123\HOUSE_WORK\PROJECT_COMMAND_CENTER_UI_LANE\SAVE_AND_COMMIT_GATE\COMMAND_CENTER_UI_LANE_SAVE_AND_COMMIT_GATE_V1_3_20260606_174019\APPROVED_SYNCED_FILES__COMMAND_CENTER_UI_LANE_SAVE_AND_COMMIT_V1_3_20260606.txt"
"DESKTOP_LANE","SAVE_AND_COMMIT_GATE\COMMAND_CENTER_UI_LANE_SAVE_AND_COMMIT_GATE_V1_3_20260606_174019\COMMAND_CENTER_UI_LANE_SAVE_AND_COMMIT_PACKET_V1_3_20260606.md","4414","2026-06-06T21:40:20.3324471Z","894C8C30C1C096FC85F98DFBDEAF1EFF9AB42198EFC75B0A6F217FC28BD1825A","C:\Users\13527\Desktop\123\HOUSE_WORK\PROJECT_COMMAND_CENTER_UI_LANE\SAVE_AND_COMMIT_GATE\COMMAND_CENTER_UI_LANE_SAVE_AND_COMMIT_GATE_V1_3_20260606_174019\COMMAND_CENTER_UI_LANE_SAVE_AND_COMMIT_PACKET_V1_3_20260606.md"
"DESKTOP_LANE","SAVE_AND_COMMIT_GATE\COMMAND_CENTER_UI_LANE_SAVE_AND_COMMIT_GATE_V1_3_20260606_174019\ERROR_LEDGER__COMMAND_CENTER_UI_LANE_SAVE_AND_COMMIT_GATE_V1_3_20260606.md","343","2026-06-06T21:40:20.3237323Z","EF73481E796DCF03045F7E9942B8D292B676BF409AFBD8848BA9DD42B3332477","C:\Users\13527\Desktop\123\HOUSE_WORK\PROJECT_COMMAND_CENTER_UI_LANE\SAVE_AND_COMMIT_GATE\COMMAND_CENTER_UI_LANE_SAVE_AND_COMMIT_GATE_V1_3_20260606_174019\ERROR_LEDGER__COMMAND_CENTER_UI_LANE_SAVE_AND_COMMIT_GATE_V1_3_20260606.md"
"DESKTOP_LANE","SAVE_AND_COMMIT_GATE\COMMAND_CENTER_UI_LANE_SAVE_AND_COMMIT_GATE_V1_3_20260606_174019\GIT_ADD_PATHSPEC_FROM_FILE__COMMAND_CENTER_UI_LANE_V1_3_20260606.txt","54545","2026-06-06T21:40:19.8754713Z","30EF952A0CE342748922D273A7944C8E31263A3EC1CE22DB61CECB98EC17C74B","C:\Users\13527\Desktop\123\HOUSE_WORK\PROJECT_COMMAND_CENTER_UI_LANE\SAVE_AND_COMMIT_GATE\COMMAND_CENTER_UI_LANE_SAVE_AND_COMMIT_GATE_V1_3_20260606_174019\GIT_ADD_PATHSPEC_FROM_FILE__COMMAND_CENTER_UI_LANE_V1_3_20260606.txt"
"DESKTOP_LANE","SAVE_AND_COMMIT_GATE\COMMAND_CENTER_UI_LANE_SAVE_AND_COMMIT_GATE_V1_3_20260606_174019\GIT_STATUS_AFTER__COMMAND_CENTER_UI_LANE_SAVE_AND_COMMIT_V1_3_20260606.txt","4592","2026-06-06T21:40:20.3197424Z","DBEC36772B093530AF9DFCFA19C8AEDD43E144B3628231282D0778724AD8799C","C:\Users\13527\Desktop\123\HOUSE_WORK\PROJECT_COMMAND_CENTER_UI_LANE\SAVE_AND_COMMIT_GATE\COMMAND_CENTER_UI_LANE_SAVE_AND_COMMIT_GATE_V1_3_20260606_174019\GIT_STATUS_AFTER__COMMAND_CENTER_UI_LANE_SAVE_AND_COMMIT_V1_3_20260606.txt"
"DESKTOP_LANE","SAVE_AND_COMMIT_GATE\COMMAND_CENTER_UI_LANE_SAVE_AND_COMMIT_GATE_V1_3_20260606_174019\GIT_STATUS_BEFORE__COMMAND_CENTER_UI_LANE_SAVE_AND_COMMIT_V1_3_20260606.txt","4592","2026-06-06T21:40:20.1294038Z","DBEC36772B093530AF9DFCFA19C8AEDD43E144B3628231282D0778724AD8799C","C:\Users\13527\Desktop\123\HOUSE_WORK\PROJECT_COMMAND_CENTER_UI_LANE\SAVE_AND_COMMIT_GATE\COMMAND_CENTER_UI_LANE_SAVE_AND_COMMIT_GATE_V1_3_20260606_174019\GIT_STATUS_BEFORE__COMMAND_CENTER_UI_LANE_SAVE_AND_COMMIT_V1_3_20260606.txt"
"DESKTOP_LANE","SAVE_AND_COMMIT_GATE\COMMAND_CENTER_UI_LANE_SAVE_AND_COMMIT_GATE_V1_3_20260606_174019\NEXT_OBJECT_CARD__COMMAND_CENTER_UI_LANE_PUSH_GATE_V1_20260606.md","658","2026-06-06T21:40:20.3354486Z","8EF1CD41DDD28CCDC941303C6533470AAE9137B58FA30B2C948187DFADB957B6","C:\Users\13527\Desktop\123\HOUSE_WORK\PROJECT_COMMAND_CENTER_UI_LANE\SAVE_AND_COMMIT_GATE\COMMAND_CENTER_UI_LANE_SAVE_AND_COMMIT_GATE_V1_3_20260606_174019\NEXT_OBJECT_CARD__COMMAND_CENTER_UI_LANE_PUSH_GATE_V1_20260606.md"
"DESKTOP_LANE","SAVE_AND_COMMIT_GATE\COMMAND_CENTER_UI_LANE_SAVE_AND_COMMIT_GATE_V1_3_20260606_174019\OUTPUT__WORK_ENTRYPOINT_VERIFY_FOR_SAVE_AND_COMMIT_GATE_V1_3.txt","560","2026-06-06T21:40:19.7771500Z","E7032B8B5467441643A82D41A502B5CB699F3C1E539428D90DBEB2C94B24956E","C:\Users\13527\Desktop\123\HOUSE_WORK\PROJECT_COMMAND_CENTER_UI_LANE\SAVE_AND_COMMIT_GATE\COMMAND_CENTER_UI_LANE_SAVE_AND_COMMIT_GATE_V1_3_20260606_174019\OUTPUT__WORK_ENTRYPOINT_VERIFY_FOR_SAVE_AND_COMMIT_GATE_V1_3.txt"
"DESKTOP_LANE","SAVE_AND_COMMIT_GATE\COMMAND_CENTER_UI_LANE_SAVE_AND_COMMIT_GATE_V1_3_20260606_174019\PENDING_CARD__COMMAND_CENTER_UI_LANE_SAVE_AND_COMMIT_V1_3_20260606.md","781","2026-06-06T21:40:20.3277414Z","80BE11914BD55E344335C10E3D75D84C52C494C79346B00F5D317DAD77F06143","C:\Users\13527\Desktop\123\HOUSE_WORK\PROJECT_COMMAND_CENTER_UI_LANE\SAVE_AND_COMMIT_GATE\COMMAND_CENTER_UI_LANE_SAVE_AND_COMMIT_GATE_V1_3_20260606_174019\PENDING_CARD__COMMAND_CENTER_UI_LANE_SAVE_AND_COMMIT_V1_3_20260606.md"
"DESKTOP_LANE","SAVE_AND_COMMIT_GATE\COMMAND_CENTER_UI_LANE_SAVE_AND_COMMIT_GATE_V1_3_20260606_174019\RECEIPT__COMMAND_CENTER_UI_LANE_SAVE_AND_COMMIT_GATE_V1_3_20260606.md","3472","2026-06-06T21:40:20.3434165Z","35D53495C1A40719F98AD69ACAFA962E5792212FD289FA1F887E1EE2555A5327","C:\Users\13527\Desktop\123\HOUSE_WORK\PROJECT_COMMAND_CENTER_UI_LANE\SAVE_AND_COMMIT_GATE\COMMAND_CENTER_UI_LANE_SAVE_AND_COMMIT_GATE_V1_3_20260606_174019\RECEIPT__COMMAND_CENTER_UI_LANE_SAVE_AND_COMMIT_GATE_V1_3_20260606.md"
"DESKTOP_LANE","SAVE_AND_COMMIT_GATE\COMMAND_CENTER_UI_LANE_SAVE_AND_COMMIT_GATE_V1_3_20260606_174049\APPROVED_SYNCED_FILES__COMMAND_CENTER_UI_LANE_SAVE_AND_COMMIT_V1_3_20260606.txt","54545","2026-06-06T21:40:49.7900534Z","30EF952A0CE342748922D273A7944C8E31263A3EC1CE22DB61CECB98EC17C74B","C:\Users\13527\Desktop\123\HOUSE_WORK\PROJECT_COMMAND_CENTER_UI_LANE\SAVE_AND_COMMIT_GATE\COMMAND_CENTER_UI_LANE_SAVE_AND_COMMIT_GATE_V1_3_20260606_174049\APPROVED_SYNCED_FILES__COMMAND_CENTER_UI_LANE_SAVE_AND_COMMIT_V1_3_20260606.txt"
"DESKTOP_LANE","SAVE_AND_COMMIT_GATE\COMMAND_CENTER_UI_LANE_SAVE_AND_COMMIT_GATE_V1_3_20260606_174049\COMMAND_CENTER_UI_LANE_SAVE_AND_COMMIT_PACKET_V1_3_20260606.md","4400","2026-06-06T22:10:07.1567184Z","2203BBDC61E7069E52D8CAD94FE719B4882BBDEBD3D5ACB6C9D05A1351D55B5B","C:\Users\13527\Desktop\123\HOUSE_WORK\PROJECT_COMMAND_CENTER_UI_LANE\SAVE_AND_COMMIT_GATE\COMMAND_CENTER_UI_LANE_SAVE_AND_COMMIT_GATE_V1_3_20260606_174049\COMMAND_CENTER_UI_LANE_SAVE_AND_COMMIT_PACKET_V1_3_20260606.md"
"DESKTOP_LANE","SAVE_AND_COMMIT_GATE\COMMAND_CENTER_UI_LANE_SAVE_AND_COMMIT_GATE_V1_3_20260606_174049\ERROR_LEDGER__COMMAND_CENTER_UI_LANE_SAVE_AND_COMMIT_GATE_V1_3_20260606.md","4289","2026-06-06T22:10:07.1410866Z","CF4A98C673DED0F8EC4810242E6D8102C895CFEE24A7F44EE216CE73785B2B74","C:\Users\13527\Desktop\123\HOUSE_WORK\PROJECT_COMMAND_CENTER_UI_LANE\SAVE_AND_COMMIT_GATE\COMMAND_CENTER_UI_LANE_SAVE_AND_COMMIT_GATE_V1_3_20260606_174049\ERROR_LEDGER__COMMAND_CENTER_UI_LANE_SAVE_AND_COMMIT_GATE_V1_3_20260606.md"
"DESKTOP_LANE","SAVE_AND_COMMIT_GATE\COMMAND_CENTER_UI_LANE_SAVE_AND_COMMIT_GATE_V1_3_20260606_174049\GIT_ADD_PATHSPEC_FROM_FILE__COMMAND_CENTER_UI_LANE_V1_3_20260606.txt","54545","2026-06-06T21:40:49.7940428Z","30EF952A0CE342748922D273A7944C8E31263A3EC1CE22DB61CECB98EC17C74B","C:\Users\13527\Desktop\123\HOUSE_WORK\PROJECT_COMMAND_CENTER_UI_LANE\SAVE_AND_COMMIT_GATE\COMMAND_CENTER_UI_LANE_SAVE_AND_COMMIT_GATE_V1_3_20260606_174049\GIT_ADD_PATHSPEC_FROM_FILE__COMMAND_CENTER_UI_LANE_V1_3_20260606.txt"
"DESKTOP_LANE","SAVE_AND_COMMIT_GATE\COMMAND_CENTER_UI_LANE_SAVE_AND_COMMIT_GATE_V1_3_20260606_174049\GIT_STATUS_AFTER__COMMAND_CENTER_UI_LANE_SAVE_AND_COMMIT_V1_3_20260606.txt","4592","2026-06-06T22:10:07.1410866Z","DBEC36772B093530AF9DFCFA19C8AEDD43E144B3628231282D0778724AD8799C","C:\Users\13527\Desktop\123\HOUSE_WORK\PROJECT_COMMAND_CENTER_UI_LANE\SAVE_AND_COMMIT_GATE\COMMAND_CENTER_UI_LANE_SAVE_AND_COMMIT_GATE_V1_3_20260606_174049\GIT_STATUS_AFTER__COMMAND_CENTER_UI_LANE_SAVE_AND_COMMIT_V1_3_20260606.txt"
"DESKTOP_LANE","SAVE_AND_COMMIT_GATE\COMMAND_CENTER_UI_LANE_SAVE_AND_COMMIT_GATE_V1_3_20260606_174049\GIT_STATUS_BEFORE__COMMAND_CENTER_UI_LANE_SAVE_AND_COMMIT_V1_3_20260606.txt","4592","2026-06-06T21:40:50.0608989Z","DBEC36772B093530AF9DFCFA19C8AEDD43E144B3628231282D0778724AD8799C","C:\Users\13527\Desktop\123\HOUSE_WORK\PROJECT_COMMAND_CENTER_UI_LANE\SAVE_AND_COMMIT_GATE\COMMAND_CENTER_UI_LANE_SAVE_AND_COMMIT_GATE_V1_3_20260606_174049\GIT_STATUS_BEFORE__COMMAND_CENTER_UI_LANE_SAVE_AND_COMMIT_V1_3_20260606.txt"
"DESKTOP_LANE","SAVE_AND_COMMIT_GATE\COMMAND_CENTER_UI_LANE_SAVE_AND_COMMIT_GATE_V1_3_20260606_174049\NEXT_OBJECT_CARD__COMMAND_CENTER_UI_LANE_PUSH_GATE_V1_20260606.md","644","2026-06-06T22:10:07.1628308Z","8FF303E3AB74C209EB8849F66F0550ADD3AF208A48284FFE0DA883C2E27EAEA2","C:\Users\13527\Desktop\123\HOUSE_WORK\PROJECT_COMMAND_CENTER_UI_LANE\SAVE_AND_COMMIT_GATE\COMMAND_CENTER_UI_LANE_SAVE_AND_COMMIT_GATE_V1_3_20260606_174049\NEXT_OBJECT_CARD__COMMAND_CENTER_UI_LANE_PUSH_GATE_V1_20260606.md"
"DESKTOP_LANE","SAVE_AND_COMMIT_GATE\COMMAND_CENTER_UI_LANE_SAVE_AND_COMMIT_GATE_V1_3_20260606_174049\OUTPUT__WORK_ENTRYPOINT_VERIFY_FOR_SAVE_AND_COMMIT_GATE_V1_3.txt","560","2026-06-06T21:40:49.7145741Z","1B7A916C720A163DDAECC85661459097838B8CCDEBB4BB69FA03EFE4B5B5706B","C:\Users\13527\Desktop\123\HOUSE_WORK\PROJECT_COMMAND_CENTER_UI_LANE\SAVE_AND_COMMIT_GATE\COMMAND_CENTER_UI_LANE_SAVE_AND_COMMIT_GATE_V1_3_20260606_174049\OUTPUT__WORK_ENTRYPOINT_VERIFY_FOR_SAVE_AND_COMMIT_GATE_V1_3.txt"
"DESKTOP_LANE","SAVE_AND_COMMIT_GATE\COMMAND_CENTER_UI_LANE_SAVE_AND_COMMIT_GATE_V1_3_20260606_174049\PENDING_CARD__COMMAND_CENTER_UI_LANE_SAVE_AND_COMMIT_V1_3_20260606.md","767","2026-06-06T22:10:07.1567184Z","DFC08E0F8165410664AAE41D26AAF68114D37D09FD78C6AF9E7768A2EC7404A0","C:\Users\13527\Desktop\123\HOUSE_WORK\PROJECT_COMMAND_CENTER_UI_LANE\SAVE_AND_COMMIT_GATE\COMMAND_CENTER_UI_LANE_SAVE_AND_COMMIT_GATE_V1_3_20260606_174049\PENDING_CARD__COMMAND_CENTER_UI_LANE_SAVE_AND_COMMIT_V1_3_20260606.md"
"DESKTOP_LANE","SAVE_AND_COMMIT_GATE\COMMAND_CENTER_UI_LANE_SAVE_AND_COMMIT_GATE_V1_3_20260606_174049\RECEIPT__COMMAND_CENTER_UI_LANE_SAVE_AND_COMMIT_GATE_V1_3_20260606.md","3445","2026-06-06T22:10:07.1631079Z","5A1BCB521C8CD7C2080C065203E79AEF9A1458A06EC5D11097780DD5A412C73B","C:\Users\13527\Desktop\123\HOUSE_WORK\PROJECT_COMMAND_CENTER_UI_LANE\SAVE_AND_COMMIT_GATE\COMMAND_CENTER_UI_LANE_SAVE_AND_COMMIT_GATE_V1_3_20260606_174049\RECEIPT__COMMAND_CENTER_UI_LANE_SAVE_AND_COMMIT_GATE_V1_3_20260606.md"
"DESKTOP_LANE","SAVE_AND_COMMIT_GATE\COMMAND_CENTER_UI_LANE_SAVE_AND_COMMIT_GATE_V1_4_20260606_181338\APPROVED_ROOTS__COMMAND_CENTER_UI_LANE_SAVE_AND_COMMIT_V1_4_20260606.txt","67","2026-06-06T22:13:38.4631152Z","BD89A3866AA369D0ADC2710519FC7D1BB2352C550DCDE4B2988210680630CA88","C:\Users\13527\Desktop\123\HOUSE_WORK\PROJECT_COMMAND_CENTER_UI_LANE\SAVE_AND_COMMIT_GATE\COMMAND_CENTER_UI_LANE_SAVE_AND_COMMIT_GATE_V1_4_20260606_181338\APPROVED_ROOTS__COMMAND_CENTER_UI_LANE_SAVE_AND_COMMIT_V1_4_20260606.txt"
"DESKTOP_LANE","SAVE_AND_COMMIT_GATE\COMMAND_CENTER_UI_LANE_SAVE_AND_COMMIT_GATE_V1_4_20260606_181338\COMMAND_CENTER_UI_LANE_SAVE_AND_COMMIT_PACKET_V1_4_20260606.md","4120","2026-06-06T22:13:39.3223201Z","84F87EC71586EAA2EF9A0632D0ABBA4A2EEE7CD07C8E8900D718FB32888DBB97","C:\Users\13527\Desktop\123\HOUSE_WORK\PROJECT_COMMAND_CENTER_UI_LANE\SAVE_AND_COMMIT_GATE\COMMAND_CENTER_UI_LANE_SAVE_AND_COMMIT_GATE_V1_4_20260606_181338\COMMAND_CENTER_UI_LANE_SAVE_AND_COMMIT_PACKET_V1_4_20260606.md"
"DESKTOP_LANE","SAVE_AND_COMMIT_GATE\COMMAND_CENTER_UI_LANE_SAVE_AND_COMMIT_GATE_V1_4_20260606_181338\ERROR_LEDGER__COMMAND_CENTER_UI_LANE_SAVE_AND_COMMIT_GATE_V1_4_20260606.md","343","2026-06-06T22:13:39.3143409Z","CB4AEF6E5C4E2E09A91FAC2D6FAEE694B582C3E6C536CD8EA5C5F2352017CE18","C:\Users\13527\Desktop\123\HOUSE_WORK\PROJECT_COMMAND_CENTER_UI_LANE\SAVE_AND_COMMIT_GATE\COMMAND_CENTER_UI_LANE_SAVE_AND_COMMIT_GATE_V1_4_20260606_181338\ERROR_LEDGER__COMMAND_CENTER_UI_LANE_SAVE_AND_COMMIT_GATE_V1_4_20260606.md"
"DESKTOP_LANE","SAVE_AND_COMMIT_GATE\COMMAND_CENTER_UI_LANE_SAVE_AND_COMMIT_GATE_V1_4_20260606_181338\GIT_STATUS_AFTER__COMMAND_CENTER_UI_LANE_SAVE_AND_COMMIT_V1_4_20260606.txt","4592","2026-06-06T22:13:39.2966379Z","DBEC36772B093530AF9DFCFA19C8AEDD43E144B3628231282D0778724AD8799C","C:\Users\13527\Desktop\123\HOUSE_WORK\PROJECT_COMMAND_CENTER_UI_LANE\SAVE_AND_COMMIT_GATE\COMMAND_CENTER_UI_LANE_SAVE_AND_COMMIT_GATE_V1_4_20260606_181338\GIT_STATUS_AFTER__COMMAND_CENTER_UI_LANE_SAVE_AND_COMMIT_V1_4_20260606.txt"
"DESKTOP_LANE","SAVE_AND_COMMIT_GATE\COMMAND_CENTER_UI_LANE_SAVE_AND_COMMIT_GATE_V1_4_20260606_181338\GIT_STATUS_BEFORE__COMMAND_CENTER_UI_LANE_SAVE_AND_COMMIT_V1_4_20260606.txt","4592","2026-06-06T22:13:39.1443531Z","DBEC36772B093530AF9DFCFA19C8AEDD43E144B3628231282D0778724AD8799C","C:\Users\13527\Desktop\123\HOUSE_WORK\PROJECT_COMMAND_CENTER_UI_LANE\SAVE_AND_COMMIT_GATE\COMMAND_CENTER_UI_LANE_SAVE_AND_COMMIT_GATE_V1_4_20260606_181338\GIT_STATUS_BEFORE__COMMAND_CENTER_UI_LANE_SAVE_AND_COMMIT_V1_4_20260606.txt"
"DESKTOP_LANE","SAVE_AND_COMMIT_GATE\COMMAND_CENTER_UI_LANE_SAVE_AND_COMMIT_GATE_V1_4_20260606_181338\NEXT_OBJECT_CARD__COMMAND_CENTER_UI_LANE_PUSH_GATE_V1_20260606.md","658","2026-06-06T22:13:39.3243142Z","427050CD2A7BFCD59C012F954D75A136A47E51327B3C17098E001C1B94279FC9","C:\Users\13527\Desktop\123\HOUSE_WORK\PROJECT_COMMAND_CENTER_UI_LANE\SAVE_AND_COMMIT_GATE\COMMAND_CENTER_UI_LANE_SAVE_AND_COMMIT_GATE_V1_4_20260606_181338\NEXT_OBJECT_CARD__COMMAND_CENTER_UI_LANE_PUSH_GATE_V1_20260606.md"
"DESKTOP_LANE","SAVE_AND_COMMIT_GATE\COMMAND_CENTER_UI_LANE_SAVE_AND_COMMIT_GATE_V1_4_20260606_181338\OUTPUT__WORK_ENTRYPOINT_VERIFY_FOR_SAVE_AND_COMMIT_GATE_V1_4.txt","560","2026-06-06T22:13:38.8567870Z","692EB2BE4DE61D1BBD924BC74A17810F62A1DFBAD893C1D4C9779DC2F2798562","C:\Users\13527\Desktop\123\HOUSE_WORK\PROJECT_COMMAND_CENTER_UI_LANE\SAVE_AND_COMMIT_GATE\COMMAND_CENTER_UI_LANE_SAVE_AND_COMMIT_GATE_V1_4_20260606_181338\OUTPUT__WORK_ENTRYPOINT_VERIFY_FOR_SAVE_AND_COMMIT_GATE_V1_4.txt"
"DESKTOP_LANE","SAVE_AND_COMMIT_GATE\COMMAND_CENTER_UI_LANE_SAVE_AND_COMMIT_GATE_V1_4_20260606_181338\PENDING_CARD__COMMAND_CENTER_UI_LANE_SAVE_AND_COMMIT_V1_4_20260606.md","781","2026-06-06T22:13:39.3173652Z","1398B93888186814423A25B26BCC39C4397F058C1EE46F2FCE851F64FDE1F939","C:\Users\13527\Desktop\123\HOUSE_WORK\PROJECT_COMMAND_CENTER_UI_LANE\SAVE_AND_COMMIT_GATE\COMMAND_CENTER_UI_LANE_SAVE_AND_COMMIT_GATE_V1_4_20260606_181338\PENDING_CARD__COMMAND_CENTER_UI_LANE_SAVE_AND_COMMIT_V1_4_20260606.md"
"DESKTOP_LANE","SAVE_AND_COMMIT_GATE\COMMAND_CENTER_UI_LANE_SAVE_AND_COMMIT_GATE_V1_4_20260606_181338\RECEIPT__COMMAND_CENTER_UI_LANE_SAVE_AND_COMMIT_GATE_V1_4_20260606.md","2949","2026-06-06T22:13:39.3283867Z","2D90AAEF90D9D821A4064B9303655DA3B4934D6675ED6F7C2FDA24C7F59C4DFA","C:\Users\13527\Desktop\123\HOUSE_WORK\PROJECT_COMMAND_CENTER_UI_LANE\SAVE_AND_COMMIT_GATE\COMMAND_CENTER_UI_LANE_SAVE_AND_COMMIT_GATE_V1_4_20260606_181338\RECEIPT__COMMAND_CENTER_UI_LANE_SAVE_AND_COMMIT_GATE_V1_4_20260606.md"
"DESKTOP_LANE","SAVE_AND_COMMIT_GATE\COMMAND_CENTER_UI_LANE_SAVE_AND_COMMIT_GATE_V1_4_20260606_182415\APPROVED_ROOTS__COMMAND_CENTER_UI_LANE_SAVE_AND_COMMIT_V1_4_20260606.txt","67","2026-06-06T22:24:15.9534268Z","BD89A3866AA369D0ADC2710519FC7D1BB2352C550DCDE4B2988210680630CA88","C:\Users\13527\Desktop\123\HOUSE_WORK\PROJECT_COMMAND_CENTER_UI_LANE\SAVE_AND_COMMIT_GATE\COMMAND_CENTER_UI_LANE_SAVE_AND_COMMIT_GATE_V1_4_20260606_182415\APPROVED_ROOTS__COMMAND_CENTER_UI_LANE_SAVE_AND_COMMIT_V1_4_20260606.txt"
"DESKTOP_LANE","SAVE_AND_COMMIT_GATE\COMMAND_CENTER_UI_LANE_SAVE_AND_COMMIT_GATE_V1_4_20260606_182415\COMMAND_CENTER_UI_LANE_SAVE_AND_COMMIT_PACKET_V1_4_20260606.md","4106","2026-06-06T22:37:22.1834877Z","1C91D29C8BC5B9E7B8117DE1DDA38F41F5728ADCE55A4AD8B3596625E06BAE0E","C:\Users\13527\Desktop\123\HOUSE_WORK\PROJECT_COMMAND_CENTER_UI_LANE\SAVE_AND_COMMIT_GATE\COMMAND_CENTER_UI_LANE_SAVE_AND_COMMIT_GATE_V1_4_20260606_182415\COMMAND_CENTER_UI_LANE_SAVE_AND_COMMIT_PACKET_V1_4_20260606.md"
"DESKTOP_LANE","SAVE_AND_COMMIT_GATE\COMMAND_CENTER_UI_LANE_SAVE_AND_COMMIT_GATE_V1_4_20260606_182415\ERROR_LEDGER__COMMAND_CENTER_UI_LANE_SAVE_AND_COMMIT_GATE_V1_4_20260606.md","4255","2026-06-06T22:37:22.1719226Z","D215775A9C9EC37E80834BA1970C24BAEDC2D19D682871933B299785175D92FB","C:\Users\13527\Desktop\123\HOUSE_WORK\PROJECT_COMMAND_CENTER_UI_LANE\SAVE_AND_COMMIT_GATE\COMMAND_CENTER_UI_LANE_SAVE_AND_COMMIT_GATE_V1_4_20260606_182415\ERROR_LEDGER__COMMAND_CENTER_UI_LANE_SAVE_AND_COMMIT_GATE_V1_4_20260606.md"
"DESKTOP_LANE","SAVE_AND_COMMIT_GATE\COMMAND_CENTER_UI_LANE_SAVE_AND_COMMIT_GATE_V1_4_20260606_182415\GIT_STATUS_AFTER__COMMAND_CENTER_UI_LANE_SAVE_AND_COMMIT_V1_4_20260606.txt","4592","2026-06-06T22:37:22.1563003Z","DBEC36772B093530AF9DFCFA19C8AEDD43E144B3628231282D0778724AD8799C","C:\Users\13527\Desktop\123\HOUSE_WORK\PROJECT_COMMAND_CENTER_UI_LANE\SAVE_AND_COMMIT_GATE\COMMAND_CENTER_UI_LANE_SAVE_AND_COMMIT_GATE_V1_4_20260606_182415\GIT_STATUS_AFTER__COMMAND_CENTER_UI_LANE_SAVE_AND_COMMIT_V1_4_20260606.txt"
"DESKTOP_LANE","SAVE_AND_COMMIT_GATE\COMMAND_CENTER_UI_LANE_SAVE_AND_COMMIT_GATE_V1_4_20260606_182415\GIT_STATUS_BEFORE__COMMAND_CENTER_UI_LANE_SAVE_AND_COMMIT_V1_4_20260606.txt","4592","2026-06-06T22:24:16.6551264Z","DBEC36772B093530AF9DFCFA19C8AEDD43E144B3628231282D0778724AD8799C","C:\Users\13527\Desktop\123\HOUSE_WORK\PROJECT_COMMAND_CENTER_UI_LANE\SAVE_AND_COMMIT_GATE\COMMAND_CENTER_UI_LANE_SAVE_AND_COMMIT_GATE_V1_4_20260606_182415\GIT_STATUS_BEFORE__COMMAND_CENTER_UI_LANE_SAVE_AND_COMMIT_V1_4_20260606.txt"
"DESKTOP_LANE","SAVE_AND_COMMIT_GATE\COMMAND_CENTER_UI_LANE_SAVE_AND_COMMIT_GATE_V1_4_20260606_182415\NEXT_OBJECT_CARD__COMMAND_CENTER_UI_LANE_PUSH_GATE_V1_20260606.md","644","2026-06-06T22:37:22.1864791Z","C9209F7C7C118F13C9F5DE399EA09F772EFE39C260352B6C9981C982C900BB20","C:\Users\13527\Desktop\123\HOUSE_WORK\PROJECT_COMMAND_CENTER_UI_LANE\SAVE_AND_COMMIT_GATE\COMMAND_CENTER_UI_LANE_SAVE_AND_COMMIT_GATE_V1_4_20260606_182415\NEXT_OBJECT_CARD__COMMAND_CENTER_UI_LANE_PUSH_GATE_V1_20260606.md"
"DESKTOP_LANE","SAVE_AND_COMMIT_GATE\COMMAND_CENTER_UI_LANE_SAVE_AND_COMMIT_GATE_V1_4_20260606_182415\OUTPUT__WORK_ENTRYPOINT_VERIFY_FOR_SAVE_AND_COMMIT_GATE_V1_4.txt","560","2026-06-06T22:24:16.3854584Z","E7FDF47DF526CC0544FA45CA2C20EC2E41EB668E491A0A4EE70448785A839FEF","C:\Users\13527\Desktop\123\HOUSE_WORK\PROJECT_COMMAND_CENTER_UI_LANE\SAVE_AND_COMMIT_GATE\COMMAND_CENTER_UI_LANE_SAVE_AND_COMMIT_GATE_V1_4_20260606_182415\OUTPUT__WORK_ENTRYPOINT_VERIFY_FOR_SAVE_AND_COMMIT_GATE_V1_4.txt"
"DESKTOP_LANE","SAVE_AND_COMMIT_GATE\COMMAND_CENTER_UI_LANE_SAVE_AND_COMMIT_GATE_V1_4_20260606_182415\PENDING_CARD__COMMAND_CENTER_UI_LANE_SAVE_AND_COMMIT_V1_4_20260606.md","767","2026-06-06T22:37:22.1719226Z","9F4C55AB388FFFEA78BEA2432718592E1D3CC0495A487B8E4C53FA0C0A90A12A","C:\Users\13527\Desktop\123\HOUSE_WORK\PROJECT_COMMAND_CENTER_UI_LANE\SAVE_AND_COMMIT_GATE\COMMAND_CENTER_UI_LANE_SAVE_AND_COMMIT_GATE_V1_4_20260606_182415\PENDING_CARD__COMMAND_CENTER_UI_LANE_SAVE_AND_COMMIT_V1_4_20260606.md"
"DESKTOP_LANE","SAVE_AND_COMMIT_GATE\COMMAND_CENTER_UI_LANE_SAVE_AND_COMMIT_GATE_V1_4_20260606_182415\RECEIPT__COMMAND_CENTER_UI_LANE_SAVE_AND_COMMIT_GATE_V1_4_20260606.md","2922","2026-06-06T22:37:22.1934609Z","DF6B51FF1E2B45C9CB7225F1BFE073F99DEB1BF488F18509247C4A6F0622C65F","C:\Users\13527\Desktop\123\HOUSE_WORK\PROJECT_COMMAND_CENTER_UI_LANE\SAVE_AND_COMMIT_GATE\COMMAND_CENTER_UI_LANE_SAVE_AND_COMMIT_GATE_V1_4_20260606_182415\RECEIPT__COMMAND_CENTER_UI_LANE_SAVE_AND_COMMIT_GATE_V1_4_20260606.md"
"DESKTOP_LANE","SAVE_AND_COMMIT_GATE\WRITER_RECEIPTS\WRITE_COMMAND_CENTER_UI_LANE_SAVE_AND_COMMIT_GATE_V1_1_20260606_172111\ERROR_LEDGER__WRITE_COMMAND_CENTER_UI_LANE_SAVE_AND_COMMIT_GATE_V1_1_20260606.md","202","2026-06-06T21:21:13.0994320Z","E406678C73EA9200BC07E79662FE1CEB3102E57EF5136C18749A236ED99D31F6","C:\Users\13527\Desktop\123\HOUSE_WORK\PROJECT_COMMAND_CENTER_UI_LANE\SAVE_AND_COMMIT_GATE\WRITER_RECEIPTS\WRITE_COMMAND_CENTER_UI_LANE_SAVE_AND_COMMIT_GATE_V1_1_20260606_172111\ERROR_LEDGER__WRITE_COMMAND_CENTER_UI_LANE_SAVE_AND_COMMIT_GATE_V1_1_20260606.md"
"DESKTOP_LANE","SAVE_AND_COMMIT_GATE\WRITER_RECEIPTS\WRITE_COMMAND_CENTER_UI_LANE_SAVE_AND_COMMIT_GATE_V1_1_20260606_172111\RECEIPT__WRITE_COMMAND_CENTER_UI_LANE_SAVE_AND_COMMIT_GATE_V1_1_20260606.md","2066","2026-06-06T21:21:13.1024237Z","B614F5C910F742EFE627D1EDBBF990237F31038579AECBA7451C8F4971EB0EBE","C:\Users\13527\Desktop\123\HOUSE_WORK\PROJECT_COMMAND_CENTER_UI_LANE\SAVE_AND_COMMIT_GATE\WRITER_RECEIPTS\WRITE_COMMAND_CENTER_UI_LANE_SAVE_AND_COMMIT_GATE_V1_1_20260606_172111\RECEIPT__WRITE_COMMAND_CENTER_UI_LANE_SAVE_AND_COMMIT_GATE_V1_1_20260606.md"
"DESKTOP_LANE","SAVE_AND_COMMIT_GATE\WRITER_RECEIPTS\WRITE_COMMAND_CENTER_UI_LANE_SAVE_AND_COMMIT_GATE_V1_1_20260606_172111\VERIFY_OUTPUT__COMMAND_CENTER_UI_LANE_SAVE_AND_COMMIT_GATE_V1_1_20260606.txt","841","2026-06-06T21:21:13.0957163Z","24116C8A56296A244667FF3DCDE3616BBAF8716FBB2A8C08BF92FA98097A6A48","C:\Users\13527\Desktop\123\HOUSE_WORK\PROJECT_COMMAND_CENTER_UI_LANE\SAVE_AND_COMMIT_GATE\WRITER_RECEIPTS\WRITE_COMMAND_CENTER_UI_LANE_SAVE_AND_COMMIT_GATE_V1_1_20260606_172111\VERIFY_OUTPUT__COMMAND_CENTER_UI_LANE_SAVE_AND_COMMIT_GATE_V1_1_20260606.txt"
"DESKTOP_LANE","SAVE_AND_COMMIT_GATE\WRITER_RECEIPTS\WRITE_COMMAND_CENTER_UI_LANE_SAVE_AND_COMMIT_GATE_V1_20260606_171004\ERROR_LEDGER__WRITE_COMMAND_CENTER_UI_LANE_SAVE_AND_COMMIT_GATE_V1_20260606.md","200","2026-06-06T21:10:05.2718530Z","2484769AC9A25E3338E4D36628780D8AEB828973E3BBA916AC4F54DE98B6D337","C:\Users\13527\Desktop\123\HOUSE_WORK\PROJECT_COMMAND_CENTER_UI_LANE\SAVE_AND_COMMIT_GATE\WRITER_RECEIPTS\WRITE_COMMAND_CENTER_UI_LANE_SAVE_AND_COMMIT_GATE_V1_20260606_171004\ERROR_LEDGER__WRITE_COMMAND_CENTER_UI_LANE_SAVE_AND_COMMIT_GATE_V1_20260606.md"
"DESKTOP_LANE","SAVE_AND_COMMIT_GATE\WRITER_RECEIPTS\WRITE_COMMAND_CENTER_UI_LANE_SAVE_AND_COMMIT_GATE_V1_20260606_171004\RECEIPT__WRITE_COMMAND_CENTER_UI_LANE_SAVE_AND_COMMIT_GATE_V1_20260606.md","2046","2026-06-06T21:10:05.2718530Z","3FB7A70963C3C25D68A1D686673F407B6B3E5F5780EF78C4E938D626440F071F","C:\Users\13527\Desktop\123\HOUSE_WORK\PROJECT_COMMAND_CENTER_UI_LANE\SAVE_AND_COMMIT_GATE\WRITER_RECEIPTS\WRITE_COMMAND_CENTER_UI_LANE_SAVE_AND_COMMIT_GATE_V1_20260606_171004\RECEIPT__WRITE_COMMAND_CENTER_UI_LANE_SAVE_AND_COMMIT_GATE_V1_20260606.md"
"DESKTOP_LANE","SAVE_AND_COMMIT_GATE\WRITER_RECEIPTS\WRITE_COMMAND_CENTER_UI_LANE_SAVE_AND_COMMIT_GATE_V1_20260606_171004\VERIFY_OUTPUT__COMMAND_CENTER_UI_LANE_SAVE_AND_COMMIT_GATE_V1_20260606.txt","626","2026-06-06T21:10:05.2718530Z","8C74B60264860B27422F549266E7A04638888F19AF3507D2B6D27C68E1FBF92D","C:\Users\13527\Desktop\123\HOUSE_WORK\PROJECT_COMMAND_CENTER_UI_LANE\SAVE_AND_COMMIT_GATE\WRITER_RECEIPTS\WRITE_COMMAND_CENTER_UI_LANE_SAVE_AND_COMMIT_GATE_V1_20260606_171004\VERIFY_OUTPUT__COMMAND_CENTER_UI_LANE_SAVE_AND_COMMIT_GATE_V1_20260606.txt"
"DESKTOP_LANE","SAVE_AND_COMMIT_GATE\WRITER_RECEIPTS\WRITE_COMMAND_CENTER_UI_LANE_SAVE_AND_COMMIT_GATE_V1_2_20260606_173632\ERROR_LEDGER__WRITE_COMMAND_CENTER_UI_LANE_SAVE_AND_COMMIT_GATE_V1_2_20260606.md","202","2026-06-06T21:36:33.4998017Z","C3BAB587CA6B652E3DEEEEA2AFC071D0479B3E2BF94483A542BC55741190A06D","C:\Users\13527\Desktop\123\HOUSE_WORK\PROJECT_COMMAND_CENTER_UI_LANE\SAVE_AND_COMMIT_GATE\WRITER_RECEIPTS\WRITE_COMMAND_CENTER_UI_LANE_SAVE_AND_COMMIT_GATE_V1_2_20260606_173632\ERROR_LEDGER__WRITE_COMMAND_CENTER_UI_LANE_SAVE_AND_COMMIT_GATE_V1_2_20260606.md"
"DESKTOP_LANE","SAVE_AND_COMMIT_GATE\WRITER_RECEIPTS\WRITE_COMMAND_CENTER_UI_LANE_SAVE_AND_COMMIT_GATE_V1_2_20260606_173632\RECEIPT__WRITE_COMMAND_CENTER_UI_LANE_SAVE_AND_COMMIT_GATE_V1_2_20260606.md","2066","2026-06-06T21:36:33.4998017Z","0EF585AE4BE453C4ABC36E9D6F70E893EB86D86277BA77ECA0792B08A751AD71","C:\Users\13527\Desktop\123\HOUSE_WORK\PROJECT_COMMAND_CENTER_UI_LANE\SAVE_AND_COMMIT_GATE\WRITER_RECEIPTS\WRITE_COMMAND_CENTER_UI_LANE_SAVE_AND_COMMIT_GATE_V1_2_20260606_173632\RECEIPT__WRITE_COMMAND_CENTER_UI_LANE_SAVE_AND_COMMIT_GATE_V1_2_20260606.md"
"DESKTOP_LANE","SAVE_AND_COMMIT_GATE\WRITER_RECEIPTS\WRITE_COMMAND_CENTER_UI_LANE_SAVE_AND_COMMIT_GATE_V1_2_20260606_173632\VERIFY_OUTPUT__COMMAND_CENTER_UI_LANE_SAVE_AND_COMMIT_GATE_V1_2_20260606.txt","841","2026-06-06T21:36:33.4998017Z","8C89A0C9B24F0CF0687D71AA006341CA476D16357DE2E52FA5381561265F90C1","C:\Users\13527\Desktop\123\HOUSE_WORK\PROJECT_COMMAND_CENTER_UI_LANE\SAVE_AND_COMMIT_GATE\WRITER_RECEIPTS\WRITE_COMMAND_CENTER_UI_LANE_SAVE_AND_COMMIT_GATE_V1_2_20260606_173632\VERIFY_OUTPUT__COMMAND_CENTER_UI_LANE_SAVE_AND_COMMIT_GATE_V1_2_20260606.txt"
"DESKTOP_LANE","SAVE_AND_COMMIT_GATE\WRITER_RECEIPTS\WRITE_COMMAND_CENTER_UI_LANE_SAVE_AND_COMMIT_GATE_V1_3_20260606_174019\ERROR_LEDGER__WRITE_COMMAND_CENTER_UI_LANE_SAVE_AND_COMMIT_GATE_V1_3_20260606.md","202","2026-06-06T21:40:20.4349653Z","724980A876CA4A4DBBCD5D10524CA9EE1228AE7292D5119D34499746EB8F19C8","C:\Users\13527\Desktop\123\HOUSE_WORK\PROJECT_COMMAND_CENTER_UI_LANE\SAVE_AND_COMMIT_GATE\WRITER_RECEIPTS\WRITE_COMMAND_CENTER_UI_LANE_SAVE_AND_COMMIT_GATE_V1_3_20260606_174019\ERROR_LEDGER__WRITE_COMMAND_CENTER_UI_LANE_SAVE_AND_COMMIT_GATE_V1_3_20260606.md"
"DESKTOP_LANE","SAVE_AND_COMMIT_GATE\WRITER_RECEIPTS\WRITE_COMMAND_CENTER_UI_LANE_SAVE_AND_COMMIT_GATE_V1_3_20260606_174019\RECEIPT__WRITE_COMMAND_CENTER_UI_LANE_SAVE_AND_COMMIT_GATE_V1_3_20260606.md","2066","2026-06-06T21:40:20.4369599Z","108B4838D3A353580E6F927B7E1209C5C747CCD5D5BF9542B65DB895735622C7","C:\Users\13527\Desktop\123\HOUSE_WORK\PROJECT_COMMAND_CENTER_UI_LANE\SAVE_AND_COMMIT_GATE\WRITER_RECEIPTS\WRITE_COMMAND_CENTER_UI_LANE_SAVE_AND_COMMIT_GATE_V1_3_20260606_174019\RECEIPT__WRITE_COMMAND_CENTER_UI_LANE_SAVE_AND_COMMIT_GATE_V1_3_20260606.md"
"DESKTOP_LANE","SAVE_AND_COMMIT_GATE\WRITER_RECEIPTS\WRITE_COMMAND_CENTER_UI_LANE_SAVE_AND_COMMIT_GATE_V1_3_20260606_174019\VERIFY_OUTPUT__COMMAND_CENTER_UI_LANE_SAVE_AND_COMMIT_GATE_V1_3_20260606.txt","841","2026-06-06T21:40:20.4309758Z","D080628F0633E05E1499FB96BF948023852626770AFD01EF9798EFD154DCFC2C","C:\Users\13527\Desktop\123\HOUSE_WORK\PROJECT_COMMAND_CENTER_UI_LANE\SAVE_AND_COMMIT_GATE\WRITER_RECEIPTS\WRITE_COMMAND_CENTER_UI_LANE_SAVE_AND_COMMIT_GATE_V1_3_20260606_174019\VERIFY_OUTPUT__COMMAND_CENTER_UI_LANE_SAVE_AND_COMMIT_GATE_V1_3_20260606.txt"
"DESKTOP_LANE","SAVE_AND_COMMIT_GATE\WRITER_RECEIPTS\WRITE_COMMAND_CENTER_UI_LANE_SAVE_AND_COMMIT_GATE_V1_4_20260606_181338\ERROR_LEDGER__WRITE_COMMAND_CENTER_UI_LANE_SAVE_AND_COMMIT_GATE_V1_4_20260606.md","202","2026-06-06T22:13:39.3752563Z","9DC088FE0A9E565437247C266134E76398AE2619EF23C1E0B532A4DE94799AF6","C:\Users\13527\Desktop\123\HOUSE_WORK\PROJECT_COMMAND_CENTER_UI_LANE\SAVE_AND_COMMIT_GATE\WRITER_RECEIPTS\WRITE_COMMAND_CENTER_UI_LANE_SAVE_AND_COMMIT_GATE_V1_4_20260606_181338\ERROR_LEDGER__WRITE_COMMAND_CENTER_UI_LANE_SAVE_AND_COMMIT_GATE_V1_4_20260606.md"
"DESKTOP_LANE","SAVE_AND_COMMIT_GATE\WRITER_RECEIPTS\WRITE_COMMAND_CENTER_UI_LANE_SAVE_AND_COMMIT_GATE_V1_4_20260606_181338\RECEIPT__WRITE_COMMAND_CENTER_UI_LANE_SAVE_AND_COMMIT_GATE_V1_4_20260606.md","2066","2026-06-06T22:13:39.3752563Z","1E734FF43AB107A05F918B0E854E7B3DB6A7F3735EB9E7D44A6D4319625FE5D9","C:\Users\13527\Desktop\123\HOUSE_WORK\PROJECT_COMMAND_CENTER_UI_LANE\SAVE_AND_COMMIT_GATE\WRITER_RECEIPTS\WRITE_COMMAND_CENTER_UI_LANE_SAVE_AND_COMMIT_GATE_V1_4_20260606_181338\RECEIPT__WRITE_COMMAND_CENTER_UI_LANE_SAVE_AND_COMMIT_GATE_V1_4_20260606.md"
"DESKTOP_LANE","SAVE_AND_COMMIT_GATE\WRITER_RECEIPTS\WRITE_COMMAND_CENTER_UI_LANE_SAVE_AND_COMMIT_GATE_V1_4_20260606_181338\VERIFY_OUTPUT__COMMAND_CENTER_UI_LANE_SAVE_AND_COMMIT_GATE_V1_4_20260606.txt","839","2026-06-06T22:13:39.3752563Z","4E17B2EDFE56E4530E2C31DBB360C051E5F058E732568EF801F91E94029C3781","C:\Users\13527\Desktop\123\HOUSE_WORK\PROJECT_COMMAND_CENTER_UI_LANE\SAVE_AND_COMMIT_GATE\WRITER_RECEIPTS\WRITE_COMMAND_CENTER_UI_LANE_SAVE_AND_COMMIT_GATE_V1_4_20260606_181338\VERIFY_OUTPUT__COMMAND_CENTER_UI_LANE_SAVE_AND_COMMIT_GATE_V1_4_20260606.txt"
