"Action","SourcePath","TargetPath","Reason","SHA256","Bytes"
"REMOVED_ROOT_DUPLICATE_AFTER_HASH_MATCH","C:\Users\13527\Desktop\123\HOUSE_WORK\PROJECT_COMMAND_CENTER_UI_LANE\ADOPTION_SCOPE_LOCK__HELPER_EXPOSURE_33RD_PROTOCOL_20260606.md","C:\Users\13527\Desktop\123\Jxhnny_Kl33N_Seedz\HOUSE_WORK\PROJECT_COMMAND_CENTER_UI_LANE\ADOPTION_SCOPE_LOCK__HELPER_EXPOSURE_33RD_PROTOCOL_20260606.md","Same relative path and SHA256 already present in repo for ROOT_HOUSE_WORK.","10FACE5C15C10528B870FF81D8120A392A06CB2CC23A0A8315B20301431E25F9","3226"
"REMOVED_ROOT_DUPLICATE_AFTER_HASH_MATCH","C:\Users\13527\Desktop\123\HOUSE_WORK\PROJECT_COMMAND_CENTER_UI_LANE\HUMAN_ACCEPTANCE_DECISION__HELPER_EXPOSURE_33RD_PROTOCOL_FIRST_LIVE_USE_TEST_20260606.md","C:\Users\13527\Desktop\123\Jxhnny_Kl33N_Seedz\HOUSE_WORK\PROJECT_COMMAND_CENTER_UI_LANE\HUMAN_ACCEPTANCE_DECISION__HELPER_EXPOSURE_33RD_PROTOCOL_FIRST_LIVE_USE_TEST_20260606.md","Same relative path and SHA256 already present in repo for ROOT_HOUSE_WORK.","65795E12860365F447AEC28C4CB8735F699B9DF9B177CA5C4F1D6A79297F0681","8393"
"REMOVED_ROOT_DUPLICATE_AFTER_HASH_MATCH","C:\Users\13527\Desktop\123\HOUSE_WORK\PROJECT_COMMAND_CENTER_UI_LANE\HUMAN_ACCEPTANCE_RECEIPT__HELPER_EXPOSURE_33RD_PROTOCOL_FIRST_LIVE_USE_TEST_20260606.md","C:\Users\13527\Desktop\123\Jxhnny_Kl33N_Seedz\HOUSE_WORK\PROJECT_COMMAND_CENTER_UI_LANE\HUMAN_ACCEPTANCE_RECEIPT__HELPER_EXPOSURE_33RD_PROTOCOL_FIRST_LIVE_USE_TEST_20260606.md","Same relative path and SHA256 already present in repo for ROOT_HOUSE_WORK.","0A6E4B385661171368073E805406D270BD9C4CF8A3BAF56876BA9BD37ABABF54","4265"
"REMOVED_ROOT_DUPLICATE_AFTER_HASH_MATCH","C:\Users\13527\Desktop\123\HOUSE_WORK\PROJECT_COMMAND_CENTER_UI_LANE\HUMAN_GATE_REVIEW_COPY_BLOCK__COMMAND_CENTER_UI_LANE_20260606.md","C:\Users\13527\Desktop\123\Jxhnny_Kl33N_Seedz\HOUSE_WORK\PROJECT_COMMAND_CENTER_UI_LANE\HUMAN_GATE_REVIEW_COPY_BLOCK__COMMAND_CENTER_UI_LANE_20260606.md","Same relative path and SHA256 already present in repo for ROOT_HOUSE_WORK.","B534260AE60EF888FB369F4DA64D80E985F30D64E2F5C8297D930D7CC7176674","8966"
"REMOVED_ROOT_DUPLICATE_AFTER_HASH_MATCH","C:\Users\13527\Desktop\123\HOUSE_WORK\PROJECT_COMMAND_CENTER_UI_LANE\HUMAN_GATE_REVIEW_SNAPSHOT__COMMAND_CENTER_UI_LANE_20260606.md","C:\Users\13527\Desktop\123\Jxhnny_Kl33N_Seedz\HOUSE_WORK\PROJECT_COMMAND_CENTER_UI_LANE\HUMAN_GATE_REVIEW_SNAPSHOT__COMMAND_CENTER_UI_LANE_20260606.md","Same relative path and SHA256 already present in repo for ROOT_HOUSE_WORK.","8A442B91884CEFF62A56F2A837E33834B58EF3FF04B4AA2332AA5490C3A61C57","27690"
"REMOVED_ROOT_DUPLICATE_AFTER_HASH_MATCH","C:\Users\13527\Desktop\123\HOUSE_WORK\PROJECT_COMMAND_CENTER_UI_LANE\LIVE_INSTALL_PREFLIGHT__DUAL_COMMAND_CENTER_L0_AND_PROTOCOL_20260606.md","C:\Users\13527\Desktop\123\Jxhnny_Kl33N_Seedz\HOUSE_WORK\PROJECT_COMMAND_CENTER_UI_LANE\LIVE_INSTALL_PREFLIGHT__DUAL_COMMAND_CENTER_L0_AND_PROTOCOL_20260606.md","Same relative path and SHA256 already present in repo for ROOT_HOUSE_WORK.","944004B125B5DF219524502BEBE4073668F55676BF7E3A5927DC518347900ADF","4550"
"REMOVED_ROOT_DUPLICATE_AFTER_HASH_MATCH","C:\Users\13527\Desktop\123\HOUSE_WORK\PROJECT_COMMAND_CENTER_UI_LANE\MULE_RECEIPT__BLOCKER_CLOSEOUT_COMMAND_CENTER_UI_LANE_20260606.md","C:\Users\13527\Desktop\123\Jxhnny_Kl33N_Seedz\HOUSE_WORK\PROJECT_COMMAND_CENTER_UI_LANE\MULE_RECEIPT__BLOCKER_CLOSEOUT_COMMAND_CENTER_UI_LANE_20260606.md","Same relative path and SHA256 already present in repo for ROOT_HOUSE_WORK.","3341F39B9B37EB628D7ED5252D93EA4FF9856296521CB81ABF19DCFC18CEBC68","5177"
"REMOVED_ROOT_DUPLICATE_AFTER_HASH_MATCH","C:\Users\13527\Desktop\123\HOUSE_WORK\PROJECT_COMMAND_CENTER_UI_LANE\PACKET_FAMILY_HASH_LEDGER__COMMAND_CENTER_UI_LANE_20260606.md","C:\Users\13527\Desktop\123\Jxhnny_Kl33N_Seedz\HOUSE_WORK\PROJECT_COMMAND_CENTER_UI_LANE\PACKET_FAMILY_HASH_LEDGER__COMMAND_CENTER_UI_LANE_20260606.md","Same relative path and SHA256 already present in repo for ROOT_HOUSE_WORK.","466562162B28A5CED275EA92127534EDE5B55B4E8B6D899182FB2580E6A62C5B","21456"
"REMOVED_ROOT_DUPLICATE_AFTER_HASH_MATCH","C:\Users\13527\Desktop\123\HOUSE_WORK\PROJECT_COMMAND_CENTER_UI_LANE\PACKET_FAMILY_INDEX__COMMAND_CENTER_UI_LANE_20260606.md","C:\Users\13527\Desktop\123\Jxhnny_Kl33N_Seedz\HOUSE_WORK\PROJECT_COMMAND_CENTER_UI_LANE\PACKET_FAMILY_INDEX__COMMAND_CENTER_UI_LANE_20260606.md","Same relative path and SHA256 already present in repo for ROOT_HOUSE_WORK.","DBE6E2ED56F23192FEFA5F2F3FF732FD37203D8AC18E84C72D3042D25F08142F","10043"
"REMOVED_ROOT_DUPLICATE_AFTER_HASH_MATCH","C:\Users\13527\Desktop\123\HOUSE_WORK\PROJECT_COMMAND_CENTER_UI_LANE\ROOT_INTAKE_RECEIPT__ROOT_SOURCE_DROPS_PLACED_20260606.md","C:\Users\13527\Desktop\123\Jxhnny_Kl33N_Seedz\HOUSE_WORK\PROJECT_COMMAND_CENTER_UI_LANE\ROOT_INTAKE_RECEIPT__ROOT_SOURCE_DROPS_PLACED_20260606.md","Same relative path and SHA256 already present in repo for ROOT_HOUSE_WORK.","A8BC4B913BCA2B64FF041F7999CD23786A7A65A6FB9081D4487F98DF55976790","3049"
"REMOVED_ROOT_DUPLICATE_AFTER_HASH_MATCH","C:\Users\13527\Desktop\123\HOUSE_WORK\PROJECT_COMMAND_CENTER_UI_LANE\BLOCKER_CLOSEOUT_RUN_20260606\PACKET_FAMILY_HASH_LEDGER_ROWS__COMMAND_CENTER_UI_LANE_20260606.csv","C:\Users\13527\Desktop\123\Jxhnny_Kl33N_Seedz\HOUSE_WORK\PROJECT_COMMAND_CENTER_UI_LANE\BLOCKER_CLOSEOUT_RUN_20260606\PACKET_FAMILY_HASH_LEDGER_ROWS__COMMAND_CENTER_UI_LANE_20260606.csv","Same relative path and SHA256 already present in repo for ROOT_HOUSE_WORK.","80A02146ECE5A9F26EB3012646F6B6C862F2A65594E317144A8E6301A93FB745","18576"
"REMOVED_ROOT_DUPLICATE_AFTER_HASH_MATCH","C:\Users\13527\Desktop\123\HOUSE_WORK\PROJECT_COMMAND_CENTER_UI_LANE\BLOCKER_CLOSEOUT_RUN_20260606\PACKET_FAMILY_HASH_LEDGER_SELF_SHA256__COMMAND_CENTER_UI_LANE_20260606.txt","C:\Users\13527\Desktop\123\Jxhnny_Kl33N_Seedz\HOUSE_WORK\PROJECT_COMMAND_CENTER_UI_LANE\BLOCKER_CLOSEOUT_RUN_20260606\PACKET_FAMILY_HASH_LEDGER_SELF_SHA256__COMMAND_CENTER_UI_LANE_20260606.txt","Same relative path and SHA256 already present in repo for ROOT_HOUSE_WORK.","E2910A8EDA361E28467F76BCB4B7BCDA2B484B839C93A727D9E3EC6369A4602E","341"
"REMOVED_ROOT_DUPLICATE_AFTER_HASH_MATCH","C:\Users\13527\Desktop\123\HOUSE_WORK\PROJECT_COMMAND_CENTER_UI_LANE\BLOCKER_CLOSEOUT_RUN_20260606\SOURCE_RAW\RAW_BUNDLE__HUMAN_ACCEPTANCE_DECISION_AND_BLOCKER_CLOSEOUT_RUN_20260606.md","C:\Users\13527\Desktop\123\Jxhnny_Kl33N_Seedz\HOUSE_WORK\PROJECT_COMMAND_CENTER_UI_LANE\BLOCKER_CLOSEOUT_RUN_20260606\SOURCE_RAW\RAW_BUNDLE__HUMAN_ACCEPTANCE_DECISION_AND_BLOCKER_CLOSEOUT_RUN_20260606.md","Same relative path and SHA256 already present in repo for ROOT_HOUSE_WORK.","99EBFA1AEE21CB757A65EBF9E718F800280E25EB986D5F47493BAE055F637448","41862"
"REMOVED_ROOT_DUPLICATE_AFTER_HASH_MATCH","C:\Users\13527\Desktop\123\HOUSE_WORK\PROJECT_COMMAND_CENTER_UI_LANE\CHUNKED_ACCEPTANCE_GROWTH_REVIEW_20260606\ACCEPTANCE_STANDARD_DRAFT__DUAL_COMMAND_CENTER_L0_AND_PRIVATE_WORK_PROTOCOL_20260606.md","C:\Users\13527\Desktop\123\Jxhnny_Kl33N_Seedz\HOUSE_WORK\PROJECT_COMMAND_CENTER_UI_LANE\CHUNKED_ACCEPTANCE_GROWTH_REVIEW_20260606\ACCEPTANCE_STANDARD_DRAFT__DUAL_COMMAND_CENTER_L0_AND_PRIVATE_WORK_PROTOCOL_20260606.md","Same relative path and SHA256 already present in repo for ROOT_HOUSE_WORK.","D536DB3CFB5C30BC8F0E28B7D6DDA7E515131A44D37CEDD8E331C29F2C652149","8044"
"REMOVED_ROOT_DUPLICATE_AFTER_HASH_MATCH","C:\Users\13527\Desktop\123\HOUSE_WORK\PROJECT_COMMAND_CENTER_UI_LANE\CHUNKED_ACCEPTANCE_GROWTH_REVIEW_20260606\BATCH_01_PACKET_FIT_MAP__DUAL_COMMAND_CENTER_AND_PROTOCOL_20260606.md","C:\Users\13527\Desktop\123\Jxhnny_Kl33N_Seedz\HOUSE_WORK\PROJECT_COMMAND_CENTER_UI_LANE\CHUNKED_ACCEPTANCE_GROWTH_REVIEW_20260606\BATCH_01_PACKET_FIT_MAP__DUAL_COMMAND_CENTER_AND_PROTOCOL_20260606.md","Same relative path and SHA256 already present in repo for ROOT_HOUSE_WORK.","2114B13636FFD2BD28C219F8322484BF03C3AA104901D8731E3F84308F339A31","9958"
"REMOVED_ROOT_DUPLICATE_AFTER_HASH_MATCH","C:\Users\13527\Desktop\123\HOUSE_WORK\PROJECT_COMMAND_CENTER_UI_LANE\CHUNKED_ACCEPTANCE_GROWTH_REVIEW_20260606\BATCH_02_HARD_CRITIQUE_AND_MISSING_LOGIC__DUAL_COMMAND_CENTER_AND_PROTOCOL_20260606.md","C:\Users\13527\Desktop\123\Jxhnny_Kl33N_Seedz\HOUSE_WORK\PROJECT_COMMAND_CENTER_UI_LANE\CHUNKED_ACCEPTANCE_GROWTH_REVIEW_20260606\BATCH_02_HARD_CRITIQUE_AND_MISSING_LOGIC__DUAL_COMMAND_CENTER_AND_PROTOCOL_20260606.md","Same relative path and SHA256 already present in repo for ROOT_HOUSE_WORK.","E44DB46DE4C9F654C2027E8A1BC5EA19BBB19C495BE13C3D4005596F24922E8A","8777"
"REMOVED_ROOT_DUPLICATE_AFTER_HASH_MATCH","C:\Users\13527\Desktop\123\HOUSE_WORK\PROJECT_COMMAND_CENTER_UI_LANE\CHUNKED_ACCEPTANCE_GROWTH_REVIEW_20260606\BLOCKER_BURNDOWN_AND_ADDITIONS__DUAL_COMMAND_CENTER_L0_AND_PROTOCOL_20260606.md","C:\Users\13527\Desktop\123\Jxhnny_Kl33N_Seedz\HOUSE_WORK\PROJECT_COMMAND_CENTER_UI_LANE\CHUNKED_ACCEPTANCE_GROWTH_REVIEW_20260606\BLOCKER_BURNDOWN_AND_ADDITIONS__DUAL_COMMAND_CENTER_L0_AND_PROTOCOL_20260606.md","Same relative path and SHA256 already present in repo for ROOT_HOUSE_WORK.","895ADCA8EED97E91D6768CF89C28E9EE041FFE839DE74C538DD297FA133F9301","7477"
"REMOVED_ROOT_DUPLICATE_AFTER_HASH_MATCH","C:\Users\13527\Desktop\123\HOUSE_WORK\PROJECT_COMMAND_CENTER_UI_LANE\CHUNKED_ACCEPTANCE_GROWTH_REVIEW_20260606\FINAL_REVIEW_PACKET__DUAL_COMMAND_CENTER_L0_AND_PRIVATE_WORK_PROTOCOL_20260606.md","C:\Users\13527\Desktop\123\Jxhnny_Kl33N_Seedz\HOUSE_WORK\PROJECT_COMMAND_CENTER_UI_LANE\CHUNKED_ACCEPTANCE_GROWTH_REVIEW_20260606\FINAL_REVIEW_PACKET__DUAL_COMMAND_CENTER_L0_AND_PRIVATE_WORK_PROTOCOL_20260606.md","Same relative path and SHA256 already present in repo for ROOT_HOUSE_WORK.","ED467406E0D29FBAC173622F85580FA849885CC04EA9E4BE908D231603DE8500","5168"
"REMOVED_ROOT_DUPLICATE_AFTER_HASH_MATCH","C:\Users\13527\Desktop\123\HOUSE_WORK\PROJECT_COMMAND_CENTER_UI_LANE\CHUNKED_ACCEPTANCE_GROWTH_REVIEW_20260606\MULE_RECEIPT__CHUNKED_ACCEPTANCE_GROWTH_REVIEW_DUAL_COMMAND_CENTER_AND_PROTOCOL_20260606.md","C:\Users\13527\Desktop\123\Jxhnny_Kl33N_Seedz\HOUSE_WORK\PROJECT_COMMAND_CENTER_UI_LANE\CHUNKED_ACCEPTANCE_GROWTH_REVIEW_20260606\MULE_RECEIPT__CHUNKED_ACCEPTANCE_GROWTH_REVIEW_DUAL_COMMAND_CENTER_AND_PROTOCOL_20260606.md","Same relative path and SHA256 already present in repo for ROOT_HOUSE_WORK.","3A7EA21EC6CD7B3EA5A8D50E2D0145F4336967ACB324E343E45AB97EC9FA2A18","6530"
"REMOVED_ROOT_DUPLICATE_AFTER_HASH_MATCH","C:\Users\13527\Desktop\123\HOUSE_WORK\PROJECT_COMMAND_CENTER_UI_LANE\DEEP_SCAN_WASH_DRY_RUN_20260606\DEEP_SCAN_WASH_DRY_RUN_REPORT_20260606.md","C:\Users\13527\Desktop\123\Jxhnny_Kl33N_Seedz\HOUSE_WORK\PROJECT_COMMAND_CENTER_UI_LANE\DEEP_SCAN_WASH_DRY_RUN_20260606\DEEP_SCAN_WASH_DRY_RUN_REPORT_20260606.md","Same relative path and SHA256 already present in repo for ROOT_HOUSE_WORK.","3118580A4CC78CFAA3AFAEF1FE831E391DE8A834DE56F6DFD0A74F8F7C5E85CA","5481"
"REMOVED_ROOT_DUPLICATE_AFTER_HASH_MATCH","C:\Users\13527\Desktop\123\HOUSE_WORK\PROJECT_COMMAND_CENTER_UI_LANE\DEEP_SCAN_WASH_DRY_RUN_20260606\MULE_RECEIPT__DEEP_SCAN_WASH_DRY_RUN_20260606.md","C:\Users\13527\Desktop\123\Jxhnny_Kl33N_Seedz\HOUSE_WORK\PROJECT_COMMAND_CENTER_UI_LANE\DEEP_SCAN_WASH_DRY_RUN_20260606\MULE_RECEIPT__DEEP_SCAN_WASH_DRY_RUN_20260606.md","Same relative path and SHA256 already present in repo for ROOT_HOUSE_WORK.","3227A4CF1F2CB0068938D1095332DC6C2C43610092ABD7F6B1420D501CC5F76D","2097"
"REMOVED_ROOT_DUPLICATE_AFTER_HASH_MATCH","C:\Users\13527\Desktop\123\HOUSE_WORK\PROJECT_COMMAND_CENTER_UI_LANE\DEEP_SCAN_WASH_DRY_RUN_20260606\WASH_CLASS_COUNTS.csv","C:\Users\13527\Desktop\123\Jxhnny_Kl33N_Seedz\HOUSE_WORK\PROJECT_COMMAND_CENTER_UI_LANE\DEEP_SCAN_WASH_DRY_RUN_20260606\WASH_CLASS_COUNTS.csv","Same relative path and SHA256 already present in repo for ROOT_HOUSE_WORK.","9F88E032C9F3833419CBDBB94CA5CF0A7E3A35B2E730CA6C985ACA26210BD0AA","353"
"REMOVED_ROOT_DUPLICATE_AFTER_HASH_MATCH","C:\Users\13527\Desktop\123\HOUSE_WORK\PROJECT_COMMAND_CENTER_UI_LANE\DEEP_SCAN_WASH_DRY_RUN_20260606\WASH_EXTENSION_COUNTS.csv","C:\Users\13527\Desktop\123\Jxhnny_Kl33N_Seedz\HOUSE_WORK\PROJECT_COMMAND_CENTER_UI_LANE\DEEP_SCAN_WASH_DRY_RUN_20260606\WASH_EXTENSION_COUNTS.csv","Same relative path and SHA256 already present in repo for ROOT_HOUSE_WORK.","ECF1BD1673B98FF89307E1BBCA9560B1045DD6EAA1005C3791A0480513FA3A0F","1127"
"REMOVED_ROOT_DUPLICATE_AFTER_HASH_MATCH","C:\Users\13527\Desktop\123\HOUSE_WORK\PROJECT_COMMAND_CENTER_UI_LANE\DEEP_SCAN_WASH_DRY_RUN_20260606\WASH_FILE_INVENTORY.csv","C:\Users\13527\Desktop\123\Jxhnny_Kl33N_Seedz\HOUSE_WORK\PROJECT_COMMAND_CENTER_UI_LANE\DEEP_SCAN_WASH_DRY_RUN_20260606\WASH_FILE_INVENTORY.csv","Same relative path and SHA256 already present in repo for ROOT_HOUSE_WORK.","0BC402B61DDC05EA269BCA12FDFC644C9F668021511D83C582318E90485563E3","9232979"
"REMOVED_ROOT_DUPLICATE_AFTER_HASH_MATCH","C:\Users\13527\Desktop\123\HOUSE_WORK\PROJECT_COMMAND_CENTER_UI_LANE\DEEP_SCAN_WASH_DRY_RUN_20260606\WASH_FILENAME_SIGNAL_COUNTS.csv","C:\Users\13527\Desktop\123\Jxhnny_Kl33N_Seedz\HOUSE_WORK\PROJECT_COMMAND_CENTER_UI_LANE\DEEP_SCAN_WASH_DRY_RUN_20260606\WASH_FILENAME_SIGNAL_COUNTS.csv","Same relative path and SHA256 already present in repo for ROOT_HOUSE_WORK.","DF84E353F39B4ED0D455DA556EA4E9FC333868EF974EA4CA0B7AFC415F0ECAD4","386"
"REMOVED_ROOT_DUPLICATE_AFTER_HASH_MATCH","C:\Users\13527\Desktop\123\HOUSE_WORK\PROJECT_COMMAND_CENTER_UI_LANE\DEEP_SCAN_WASH_DRY_RUN_20260606\WASH_FILENAME_SIGNAL_HITS_SAMPLE.csv","C:\Users\13527\Desktop\123\Jxhnny_Kl33N_Seedz\HOUSE_WORK\PROJECT_COMMAND_CENTER_UI_LANE\DEEP_SCAN_WASH_DRY_RUN_20260606\WASH_FILENAME_SIGNAL_HITS_SAMPLE.csv","Same relative path and SHA256 already present in repo for ROOT_HOUSE_WORK.","A33BE483D3E0F3AC7BB7423984A439DE5D0C21A9A53775739287235DDA56F6B6","382530"
"REMOVED_ROOT_DUPLICATE_AFTER_HASH_MATCH","C:\Users\13527\Desktop\123\HOUSE_WORK\PROJECT_COMMAND_CENTER_UI_LANE\DEEP_SCAN_WASH_DRY_RUN_20260606\WASH_INVENTORY_SUMMARY.json","C:\Users\13527\Desktop\123\Jxhnny_Kl33N_Seedz\HOUSE_WORK\PROJECT_COMMAND_CENTER_UI_LANE\DEEP_SCAN_WASH_DRY_RUN_20260606\WASH_INVENTORY_SUMMARY.json","Same relative path and SHA256 already present in repo for ROOT_HOUSE_WORK.","31A824F022175307F3C3A9C158138D6BE87471FBC432F61C723FBB36A1EE4E9F","288"
"REMOVED_ROOT_DUPLICATE_AFTER_HASH_MATCH","C:\Users\13527\Desktop\123\HOUSE_WORK\PROJECT_COMMAND_CENTER_UI_LANE\DEEP_SCAN_WASH_DRY_RUN_20260606\WASH_LARGEST_100_FILES.csv","C:\Users\13527\Desktop\123\Jxhnny_Kl33N_Seedz\HOUSE_WORK\PROJECT_COMMAND_CENTER_UI_LANE\DEEP_SCAN_WASH_DRY_RUN_20260606\WASH_LARGEST_100_FILES.csv","Same relative path and SHA256 already present in repo for ROOT_HOUSE_WORK.","8898D17FCACEA11361BBE93EBDE9BB34A072F7F0339737FBCAA387E8A72CC430","42832"
"REMOVED_ROOT_DUPLICATE_AFTER_HASH_MATCH","C:\Users\13527\Desktop\123\HOUSE_WORK\PROJECT_COMMAND_CENTER_UI_LANE\DEEP_SCAN_WASH_DRY_RUN_20260606\WASH_ROOT_FILES.csv","C:\Users\13527\Desktop\123\Jxhnny_Kl33N_Seedz\HOUSE_WORK\PROJECT_COMMAND_CENTER_UI_LANE\DEEP_SCAN_WASH_DRY_RUN_20260606\WASH_ROOT_FILES.csv","Same relative path and SHA256 already present in repo for ROOT_HOUSE_WORK.","F5980D0D1F519111238D94DEF1A42C624DD52F404E8158E1B1267181CAD13023","205"
"REMOVED_ROOT_DUPLICATE_AFTER_HASH_MATCH","C:\Users\13527\Desktop\123\HOUSE_WORK\PROJECT_COMMAND_CENTER_UI_LANE\DEEP_SCAN_WASH_DRY_RUN_20260606\WASH_SAMPLE_REDACTION_NOTE.json","C:\Users\13527\Desktop\123\Jxhnny_Kl33N_Seedz\HOUSE_WORK\PROJECT_COMMAND_CENTER_UI_LANE\DEEP_SCAN_WASH_DRY_RUN_20260606\WASH_SAMPLE_REDACTION_NOTE.json","Same relative path and SHA256 already present in repo for ROOT_HOUSE_WORK.","FC86CF27336DFC1DF9AC1C1C6F884D8554ED32C0F9556FD49FEB7D4A0DCD718D","239"
"REMOVED_ROOT_DUPLICATE_AFTER_HASH_MATCH","C:\Users\13527\Desktop\123\HOUSE_WORK\PROJECT_COMMAND_CENTER_UI_LANE\DEEP_SCAN_WASH_DRY_RUN_20260606\WASH_SIGNAL_CATEGORY_COUNTS.csv","C:\Users\13527\Desktop\123\Jxhnny_Kl33N_Seedz\HOUSE_WORK\PROJECT_COMMAND_CENTER_UI_LANE\DEEP_SCAN_WASH_DRY_RUN_20260606\WASH_SIGNAL_CATEGORY_COUNTS.csv","Same relative path and SHA256 already present in repo for ROOT_HOUSE_WORK.","A2BC19A3DBA1A5AC2D5F35061BF747E81446F1A29F467F90064491E948527EDD","460"
"REMOVED_ROOT_DUPLICATE_AFTER_HASH_MATCH","C:\Users\13527\Desktop\123\HOUSE_WORK\PROJECT_COMMAND_CENTER_UI_LANE\DEEP_SCAN_WASH_DRY_RUN_20260606\WASH_SIGNAL_FILE_COUNTS_TOP100_BY_CATEGORY.csv","C:\Users\13527\Desktop\123\Jxhnny_Kl33N_Seedz\HOUSE_WORK\PROJECT_COMMAND_CENTER_UI_LANE\DEEP_SCAN_WASH_DRY_RUN_20260606\WASH_SIGNAL_FILE_COUNTS_TOP100_BY_CATEGORY.csv","Same relative path and SHA256 already present in repo for ROOT_HOUSE_WORK.","37EA24D526E88BB0F86443EDC6F2801785B6D2856202A6457DC3BDC205F5F358","199045"
"REMOVED_ROOT_DUPLICATE_AFTER_HASH_MATCH","C:\Users\13527\Desktop\123\HOUSE_WORK\PROJECT_COMMAND_CENTER_UI_LANE\DEEP_SCAN_WASH_DRY_RUN_20260606\WASH_SIGNAL_HITS_SAMPLE.csv","C:\Users\13527\Desktop\123\Jxhnny_Kl33N_Seedz\HOUSE_WORK\PROJECT_COMMAND_CENTER_UI_LANE\DEEP_SCAN_WASH_DRY_RUN_20260606\WASH_SIGNAL_HITS_SAMPLE.csv","Same relative path and SHA256 already present in repo for ROOT_HOUSE_WORK.","3E28C8C4DC8E2ED55C5A9999BE1D7A4EAA7DF00568C68AA2202CC3517D7287C3","609013"
"REMOVED_ROOT_DUPLICATE_AFTER_HASH_MATCH","C:\Users\13527\Desktop\123\HOUSE_WORK\PROJECT_COMMAND_CENTER_UI_LANE\DEEP_SCAN_WASH_DRY_RUN_20260606\WASH_SIGNAL_SUMMARY.json","C:\Users\13527\Desktop\123\Jxhnny_Kl33N_Seedz\HOUSE_WORK\PROJECT_COMMAND_CENTER_UI_LANE\DEEP_SCAN_WASH_DRY_RUN_20260606\WASH_SIGNAL_SUMMARY.json","Same relative path and SHA256 already present in repo for ROOT_HOUSE_WORK.","3BD1803DD23CCA91119CF609D4F0B7D923090CCE7C7FEB3A1921704D60AEBA21","5581"
"REMOVED_ROOT_DUPLICATE_AFTER_HASH_MATCH","C:\Users\13527\Desktop\123\HOUSE_WORK\PROJECT_COMMAND_CENTER_UI_LANE\DEEP_SCAN_WASH_DRY_RUN_20260606\WASH_TOP_LEVEL_COUNTS.csv","C:\Users\13527\Desktop\123\Jxhnny_Kl33N_Seedz\HOUSE_WORK\PROJECT_COMMAND_CENTER_UI_LANE\DEEP_SCAN_WASH_DRY_RUN_20260606\WASH_TOP_LEVEL_COUNTS.csv","Same relative path and SHA256 already present in repo for ROOT_HOUSE_WORK.","D1D97A7E905E7B2F897A83EEFC5BA8ADE2DD350E9578C44BA20685534126EC77","456"
"REMOVED_ROOT_DUPLICATE_AFTER_HASH_MATCH","C:\Users\13527\Desktop\123\HOUSE_WORK\PROJECT_COMMAND_CENTER_UI_LANE\DUAL_COMMAND_CENTER_L0_REVIEW_PACKET_20260606\COMMAND_CENTER_LEAKAGE_GUARD_L0.md","C:\Users\13527\Desktop\123\Jxhnny_Kl33N_Seedz\HOUSE_WORK\PROJECT_COMMAND_CENTER_UI_LANE\DUAL_COMMAND_CENTER_L0_REVIEW_PACKET_20260606\COMMAND_CENTER_LEAKAGE_GUARD_L0.md","Same relative path and SHA256 already present in repo for ROOT_HOUSE_WORK.","FB1D8D1E08C98707BA7D339392334260E062BCE11E6996A186261FEFBC4CC7DE","3281"
"REMOVED_ROOT_DUPLICATE_AFTER_HASH_MATCH","C:\Users\13527\Desktop\123\HOUSE_WORK\PROJECT_COMMAND_CENTER_UI_LANE\DUAL_COMMAND_CENTER_L0_REVIEW_PACKET_20260606\DUAL_COMMAND_CENTER_L0_FILE_SET.md","C:\Users\13527\Desktop\123\Jxhnny_Kl33N_Seedz\HOUSE_WORK\PROJECT_COMMAND_CENTER_UI_LANE\DUAL_COMMAND_CENTER_L0_REVIEW_PACKET_20260606\DUAL_COMMAND_CENTER_L0_FILE_SET.md","Same relative path and SHA256 already present in repo for ROOT_HOUSE_WORK.","3A22068A7DD9B1D9EFFE7D4F7BCE66A829BF55A8E8BBD49B545E7BE42C9C5B9D","8064"
"REMOVED_ROOT_DUPLICATE_AFTER_HASH_MATCH","C:\Users\13527\Desktop\123\HOUSE_WORK\PROJECT_COMMAND_CENTER_UI_LANE\DUAL_COMMAND_CENTER_L0_REVIEW_PACKET_20260606\DUAL_COMMAND_CENTER_L0_STANDARD.md","C:\Users\13527\Desktop\123\Jxhnny_Kl33N_Seedz\HOUSE_WORK\PROJECT_COMMAND_CENTER_UI_LANE\DUAL_COMMAND_CENTER_L0_REVIEW_PACKET_20260606\DUAL_COMMAND_CENTER_L0_STANDARD.md","Same relative path and SHA256 already present in repo for ROOT_HOUSE_WORK.","F199788FC7D7BF0C8FB443FF8984855BF80F9A585960374494D94B23EAC26D1A","7308"
"REMOVED_ROOT_DUPLICATE_AFTER_HASH_MATCH","C:\Users\13527\Desktop\123\HOUSE_WORK\PROJECT_COMMAND_CENTER_UI_LANE\DUAL_COMMAND_CENTER_L0_REVIEW_PACKET_20260606\DUAL_COMMAND_CENTER_L0_STATE_LEDGER_SCHEMAS.md","C:\Users\13527\Desktop\123\Jxhnny_Kl33N_Seedz\HOUSE_WORK\PROJECT_COMMAND_CENTER_UI_LANE\DUAL_COMMAND_CENTER_L0_REVIEW_PACKET_20260606\DUAL_COMMAND_CENTER_L0_STATE_LEDGER_SCHEMAS.md","Same relative path and SHA256 already present in repo for ROOT_HOUSE_WORK.","73AF5698D9579738357F93E281935C06873982A548FB1251CCC7D7660E87DA2B","10257"
"REMOVED_ROOT_DUPLICATE_AFTER_HASH_MATCH","C:\Users\13527\Desktop\123\HOUSE_WORK\PROJECT_COMMAND_CENTER_UI_LANE\DUAL_COMMAND_CENTER_L0_REVIEW_PACKET_20260606\DUAL_COMMAND_CENTER_SYNC_CONTRACT_L0.md","C:\Users\13527\Desktop\123\Jxhnny_Kl33N_Seedz\HOUSE_WORK\PROJECT_COMMAND_CENTER_UI_LANE\DUAL_COMMAND_CENTER_L0_REVIEW_PACKET_20260606\DUAL_COMMAND_CENTER_SYNC_CONTRACT_L0.md","Same relative path and SHA256 already present in repo for ROOT_HOUSE_WORK.","2B7ED4E185DF547AF3C29C1B78BBB544A8001114C673AD0AB063EAC3C196374B","7217"
"REMOVED_ROOT_DUPLICATE_AFTER_HASH_MATCH","C:\Users\13527\Desktop\123\HOUSE_WORK\PROJECT_COMMAND_CENTER_UI_LANE\DUAL_COMMAND_CENTER_L0_REVIEW_PACKET_20260606\MULE_HASH_LEDGER_SHA256.md","C:\Users\13527\Desktop\123\Jxhnny_Kl33N_Seedz\HOUSE_WORK\PROJECT_COMMAND_CENTER_UI_LANE\DUAL_COMMAND_CENTER_L0_REVIEW_PACKET_20260606\MULE_HASH_LEDGER_SHA256.md","Same relative path and SHA256 already present in repo for ROOT_HOUSE_WORK.","B167522A584D35AFA78B294CBE54DBA36469F72BBF5499E5F819E8BEF63249C8","2905"
"REMOVED_ROOT_DUPLICATE_AFTER_HASH_MATCH","C:\Users\13527\Desktop\123\HOUSE_WORK\PROJECT_COMMAND_CENTER_UI_LANE\DUAL_COMMAND_CENTER_L0_REVIEW_PACKET_20260606\MULE_PACKAGE_MANIFEST__OUTSIDE_ASSISTANT_INDEX_TO_L0.md","C:\Users\13527\Desktop\123\Jxhnny_Kl33N_Seedz\HOUSE_WORK\PROJECT_COMMAND_CENTER_UI_LANE\DUAL_COMMAND_CENTER_L0_REVIEW_PACKET_20260606\MULE_PACKAGE_MANIFEST__OUTSIDE_ASSISTANT_INDEX_TO_L0.md","Same relative path and SHA256 already present in repo for ROOT_HOUSE_WORK.","F440005501D4C6EF48277B86AD5DB95712213232F9E80C3D022EA3FDB8CF5C27","2655"
"REMOVED_ROOT_DUPLICATE_AFTER_HASH_MATCH","C:\Users\13527\Desktop\123\HOUSE_WORK\PROJECT_COMMAND_CENTER_UI_LANE\DUAL_COMMAND_CENTER_L0_REVIEW_PACKET_20260606\MULE_RETURN_RECEIPT__OUTSIDE_ASSISTANT_INDEX_TO_L0.md","C:\Users\13527\Desktop\123\Jxhnny_Kl33N_Seedz\HOUSE_WORK\PROJECT_COMMAND_CENTER_UI_LANE\DUAL_COMMAND_CENTER_L0_REVIEW_PACKET_20260606\MULE_RETURN_RECEIPT__OUTSIDE_ASSISTANT_INDEX_TO_L0.md","Same relative path and SHA256 already present in repo for ROOT_HOUSE_WORK.","445D312E52618273830203C1D4E8E1B262FCB086DEECA14DED12C9EB521AE6B1","4564"
"REMOVED_ROOT_DUPLICATE_AFTER_HASH_MATCH","C:\Users\13527\Desktop\123\HOUSE_WORK\PROJECT_COMMAND_CENTER_UI_LANE\DUAL_COMMAND_CENTER_L0_REVIEW_PACKET_20260606\OUTSIDE_ASSISTANT_COOPERATION_INDEX_V0_2_L0_CLEAN.md","C:\Users\13527\Desktop\123\Jxhnny_Kl33N_Seedz\HOUSE_WORK\PROJECT_COMMAND_CENTER_UI_LANE\DUAL_COMMAND_CENTER_L0_REVIEW_PACKET_20260606\OUTSIDE_ASSISTANT_COOPERATION_INDEX_V0_2_L0_CLEAN.md","Same relative path and SHA256 already present in repo for ROOT_HOUSE_WORK.","28E94DA15E14CCCB17B846571C25F2E18D4D27556975B0AAF81BFF847EBA0AA3","13671"
"REMOVED_ROOT_DUPLICATE_AFTER_HASH_MATCH","C:\Users\13527\Desktop\123\HOUSE_WORK\PROJECT_COMMAND_CENTER_UI_LANE\DUAL_COMMAND_CENTER_L0_REVIEW_PACKET_20260606\SOURCE_RAW\OUTSIDE_ASSISTANT_COOPERATION_INDEX_V0_2_SOURCE_TO_LIVE_L0_CUSTODY_CHAIN_RAW_20260605.md","C:\Users\13527\Desktop\123\Jxhnny_Kl33N_Seedz\HOUSE_WORK\PROJECT_COMMAND_CENTER_UI_LANE\DUAL_COMMAND_CENTER_L0_REVIEW_PACKET_20260606\SOURCE_RAW\OUTSIDE_ASSISTANT_COOPERATION_INDEX_V0_2_SOURCE_TO_LIVE_L0_CUSTODY_CHAIN_RAW_20260605.md","Same relative path and SHA256 already present in repo for ROOT_HOUSE_WORK.","F48BC6C737FDED649908DC6036DF82B89F5832D51B624473CA3308F99010D144","2928504"
"REMOVED_ROOT_DUPLICATE_AFTER_HASH_MATCH","C:\Users\13527\Desktop\123\HOUSE_WORK\PROJECT_COMMAND_CENTER_UI_LANE\HELPER_FILE_EXPOSURE_AND_33RD_PRIVATE_WORK_PROTOCOL_V0_1_20260606\ADOPTION_APPROVAL_PACKET_DRAFT__HELPER_FILE_EXPOSURE_AND_33RD_PRIVATE_WORK_PROTOCOL_V0_1_20260606.md","C:\Users\13527\Desktop\123\Jxhnny_Kl33N_Seedz\HOUSE_WORK\PROJECT_COMMAND_CENTER_UI_LANE\HELPER_FILE_EXPOSURE_AND_33RD_PRIVATE_WORK_PROTOCOL_V0_1_20260606\ADOPTION_APPROVAL_PACKET_DRAFT__HELPER_FILE_EXPOSURE_AND_33RD_PRIVATE_WORK_PROTOCOL_V0_1_20260606.md","Same relative path and SHA256 already present in repo for ROOT_HOUSE_WORK.","9B0249D82AADC18F10A44FD97064330F5D37843BF39DF8C4211B0A477317805A","2755"
"REMOVED_ROOT_DUPLICATE_AFTER_HASH_MATCH","C:\Users\13527\Desktop\123\HOUSE_WORK\PROJECT_COMMAND_CENTER_UI_LANE\HELPER_FILE_EXPOSURE_AND_33RD_PRIVATE_WORK_PROTOCOL_V0_1_20260606\HELPER_FILE_EXPOSURE_AND_33RD_PRIVATE_WORK_PROTOCOL_WORKING_ORDER_V0_1_20260606.md","C:\Users\13527\Desktop\123\Jxhnny_Kl33N_Seedz\HOUSE_WORK\PROJECT_COMMAND_CENTER_UI_LANE\HELPER_FILE_EXPOSURE_AND_33RD_PRIVATE_WORK_PROTOCOL_V0_1_20260606\HELPER_FILE_EXPOSURE_AND_33RD_PRIVATE_WORK_PROTOCOL_WORKING_ORDER_V0_1_20260606.md","Same relative path and SHA256 already present in repo for ROOT_HOUSE_WORK.","98863A070F5485261CF85A74E5A236DE19E28753C62DA64D64960CC6D6C268F5","12026"
"REMOVED_ROOT_DUPLICATE_AFTER_HASH_MATCH","C:\Users\13527\Desktop\123\HOUSE_WORK\PROJECT_COMMAND_CENTER_UI_LANE\HELPER_FILE_EXPOSURE_AND_33RD_PRIVATE_WORK_PROTOCOL_V0_1_20260606\MULE_RECEIPT__HELPER_FILE_EXPOSURE_AND_33RD_PRIVATE_WORK_PROTOCOL_WORKING_ORDER_V0_1_20260606.md","C:\Users\13527\Desktop\123\Jxhnny_Kl33N_Seedz\HOUSE_WORK\PROJECT_COMMAND_CENTER_UI_LANE\HELPER_FILE_EXPOSURE_AND_33RD_PRIVATE_WORK_PROTOCOL_V0_1_20260606\MULE_RECEIPT__HELPER_FILE_EXPOSURE_AND_33RD_PRIVATE_WORK_PROTOCOL_WORKING_ORDER_V0_1_20260606.md","Same relative path and SHA256 already present in repo for ROOT_HOUSE_WORK.","E56D1613CF48BAD98D78CDAD0E397DB7ED90CE43EA3CAA98729337853F120AA3","4956"
"REMOVED_ROOT_DUPLICATE_AFTER_HASH_MATCH","C:\Users\13527\Desktop\123\HOUSE_WORK\PROJECT_COMMAND_CENTER_UI_LANE\HELPER_FILE_EXPOSURE_AND_33RD_PRIVATE_WORK_PROTOCOL_V0_1_20260606\MULE_RECEIPT__WORKING_ORDER_REVIEW_AND_ROOT_PLACEMENT_20260606.md","C:\Users\13527\Desktop\123\Jxhnny_Kl33N_Seedz\HOUSE_WORK\PROJECT_COMMAND_CENTER_UI_LANE\HELPER_FILE_EXPOSURE_AND_33RD_PRIVATE_WORK_PROTOCOL_V0_1_20260606\MULE_RECEIPT__WORKING_ORDER_REVIEW_AND_ROOT_PLACEMENT_20260606.md","Same relative path and SHA256 already present in repo for ROOT_HOUSE_WORK.","F31C11D92DA4FDF9B5CD89D1B33841B4366BD490367A6EC6FFC9320CCB1386C1","2420"
"REMOVED_ROOT_DUPLICATE_AFTER_HASH_MATCH","C:\Users\13527\Desktop\123\HOUSE_WORK\PROJECT_COMMAND_CENTER_UI_LANE\HELPER_FILE_EXPOSURE_AND_33RD_PRIVATE_WORK_PROTOCOL_V0_1_20260606\PARKED_MATERIAL__HELPER_FILE_EXPOSURE_AND_33RD_PRIVATE_WORK_PROTOCOL_V0_1_20260606.md","C:\Users\13527\Desktop\123\Jxhnny_Kl33N_Seedz\HOUSE_WORK\PROJECT_COMMAND_CENTER_UI_LANE\HELPER_FILE_EXPOSURE_AND_33RD_PRIVATE_WORK_PROTOCOL_V0_1_20260606\PARKED_MATERIAL__HELPER_FILE_EXPOSURE_AND_33RD_PRIVATE_WORK_PROTOCOL_V0_1_20260606.md","Same relative path and SHA256 already present in repo for ROOT_HOUSE_WORK.","30697A90D58C2857BBCBFAFCE885A1AF0D705B75A08B9B0C35DC8340ED8EB13A","4433"
"REMOVED_ROOT_DUPLICATE_AFTER_HASH_MATCH","C:\Users\13527\Desktop\123\HOUSE_WORK\PROJECT_COMMAND_CENTER_UI_LANE\HELPER_FILE_EXPOSURE_AND_33RD_PRIVATE_WORK_PROTOCOL_V0_1_20260606\SOURCE_CLEANUP_MAP__HELPER_FILE_EXPOSURE_AND_33RD_PRIVATE_WORK_PROTOCOL_V0_1_20260606.md","C:\Users\13527\Desktop\123\Jxhnny_Kl33N_Seedz\HOUSE_WORK\PROJECT_COMMAND_CENTER_UI_LANE\HELPER_FILE_EXPOSURE_AND_33RD_PRIVATE_WORK_PROTOCOL_V0_1_20260606\SOURCE_CLEANUP_MAP__HELPER_FILE_EXPOSURE_AND_33RD_PRIVATE_WORK_PROTOCOL_V0_1_20260606.md","Same relative path and SHA256 already present in repo for ROOT_HOUSE_WORK.","5D6710D6D1A696D90795A81A9BF32C117661F1862355A78CE949A72E45F4F02B","4752"
"REMOVED_ROOT_DUPLICATE_AFTER_HASH_MATCH","C:\Users\13527\Desktop\123\HOUSE_WORK\PROJECT_COMMAND_CENTER_UI_LANE\HELPER_FILE_EXPOSURE_AND_33RD_PRIVATE_WORK_PROTOCOL_V0_1_20260606\WORKING_ORDER_REVIEW__HELPER_FILE_EXPOSURE_AND_33RD_PRIVATE_WORK_PROTOCOL_V0_1_20260606.md","C:\Users\13527\Desktop\123\Jxhnny_Kl33N_Seedz\HOUSE_WORK\PROJECT_COMMAND_CENTER_UI_LANE\HELPER_FILE_EXPOSURE_AND_33RD_PRIVATE_WORK_PROTOCOL_V0_1_20260606\WORKING_ORDER_REVIEW__HELPER_FILE_EXPOSURE_AND_33RD_PRIVATE_WORK_PROTOCOL_V0_1_20260606.md","Same relative path and SHA256 already present in repo for ROOT_HOUSE_WORK.","ED9349ABE293E8054A98C8FE1BC38EC9DFFAA2D086568F6DF9130CEDD5307FAA","2799"
"REMOVED_ROOT_DUPLICATE_AFTER_HASH_MATCH","C:\Users\13527\Desktop\123\HOUSE_WORK\PROJECT_COMMAND_CENTER_UI_LANE\HELPER_FILE_EXPOSURE_AND_33RD_PRIVATE_WORK_PROTOCOL_V0_1_20260606\SOURCE_RAW\33rd_tripple_pass_tripple_times_rule.txt","C:\Users\13527\Desktop\123\Jxhnny_Kl33N_Seedz\HOUSE_WORK\PROJECT_COMMAND_CENTER_UI_LANE\HELPER_FILE_EXPOSURE_AND_33RD_PRIVATE_WORK_PROTOCOL_V0_1_20260606\SOURCE_RAW\33rd_tripple_pass_tripple_times_rule.txt","Same relative path and SHA256 already present in repo for ROOT_HOUSE_WORK.","11A39FC9CA42E821A5BC7212C0FD5798E369667D7E5BB3407B68013FB4EF3D8C","20510"
"REMOVED_ROOT_DUPLICATE_AFTER_HASH_MATCH","C:\Users\13527\Desktop\123\HOUSE_WORK\PROJECT_COMMAND_CENTER_UI_LANE\HELPER_FILE_EXPOSURE_AND_33RD_PRIVATE_WORK_PROTOCOL_V0_1_20260606\SOURCE_RAW\HELPER_FILE_EXPOSURE_AND_33RD_PRIVATE_WORK_PROTOCOL_V0_1_RAW_20260606.md","C:\Users\13527\Desktop\123\Jxhnny_Kl33N_Seedz\HOUSE_WORK\PROJECT_COMMAND_CENTER_UI_LANE\HELPER_FILE_EXPOSURE_AND_33RD_PRIVATE_WORK_PROTOCOL_V0_1_20260606\SOURCE_RAW\HELPER_FILE_EXPOSURE_AND_33RD_PRIVATE_WORK_PROTOCOL_V0_1_RAW_20260606.md","Same relative path and SHA256 already present in repo for ROOT_HOUSE_WORK.","23B99964BE86700F2046EF1F553E5E81B6207E24AD73899EC461AB16B93AB725","79517"
"MOVED_STRUCTURED_ROOT_FILE_TO_REPO_LANE","C:\Users\13527\Desktop\123\HOUSE_WORK\PROJECT_COMMAND_CENTER_UI_LANE\HELPER_FILE_SURFACE_PREFLIGHT_20260606\ACK__STATIC_GATE_SCAN_TRACE_REPORT_PARTIAL_WITH_TRACE_ERROR_NO_EXECUTION_20260609.md","C:\Users\13527\Desktop\123\Jxhnny_Kl33N_Seedz\HOUSE_WORK\PROJECT_COMMAND_CENTER_UI_LANE\HELPER_FILE_SURFACE_PREFLIGHT_20260606\ACK__STATIC_GATE_SCAN_TRACE_REPORT_PARTIAL_WITH_TRACE_ERROR_NO_EXECUTION_20260609.md","Structured root ROOT_HOUSE_WORK file was missing from matching git lane.","7F8B08B481AF0473ED3773269627A7004466DEDF011B4F8586D6BE4E1467CB81","2779"
"MOVED_STRUCTURED_ROOT_FILE_TO_REPO_LANE","C:\Users\13527\Desktop\123\HOUSE_WORK\PROJECT_COMMAND_CENTER_UI_LANE\HELPER_FILE_SURFACE_PREFLIGHT_20260606\ACK__V0_2_DECISION_PACKET_WRITTEN_WITH_COMMAND_STREAM_ERRORS_NO_EXECUTION_20260609.md","C:\Users\13527\Desktop\123\Jxhnny_Kl33N_Seedz\HOUSE_WORK\PROJECT_COMMAND_CENTER_UI_LANE\HELPER_FILE_SURFACE_PREFLIGHT_20260606\ACK__V0_2_DECISION_PACKET_WRITTEN_WITH_COMMAND_STREAM_ERRORS_NO_EXECUTION_20260609.md","Structured root ROOT_HOUSE_WORK file was missing from matching git lane.","9AAFCC251F07F9F824211BE8C950FD3A2B10C1B6AEB6CD9A419A418CD46913DA","4977"
"MOVED_STRUCTURED_ROOT_FILE_TO_REPO_LANE","C:\Users\13527\Desktop\123\HOUSE_WORK\PROJECT_COMMAND_CENTER_UI_LANE\HELPER_FILE_SURFACE_PREFLIGHT_20260606\APPROVAL_PACKET__3_UNMAPPED_ROUTE55_HELPER_SCRIPTS_NO_EXECUTION_20260609.md","C:\Users\13527\Desktop\123\Jxhnny_Kl33N_Seedz\HOUSE_WORK\PROJECT_COMMAND_CENTER_UI_LANE\HELPER_FILE_SURFACE_PREFLIGHT_20260606\APPROVAL_PACKET__3_UNMAPPED_ROUTE55_HELPER_SCRIPTS_NO_EXECUTION_20260609.md","Structured root ROOT_HOUSE_WORK file was missing from matching git lane.","664094B0FEC845E94008F0D3B6A3AFBE22C57DDAE56755817EC9B87F9882B7A7","2166"
"MOVED_STRUCTURED_ROOT_FILE_TO_REPO_LANE","C:\Users\13527\Desktop\123\HOUSE_WORK\PROJECT_COMMAND_CENTER_UI_LANE\HELPER_FILE_SURFACE_PREFLIGHT_20260606\APPROVAL_PACKET__74_REVIEWED_DELTA_RESIDUE_NO_EXECUTION_20260609.md","C:\Users\13527\Desktop\123\Jxhnny_Kl33N_Seedz\HOUSE_WORK\PROJECT_COMMAND_CENTER_UI_LANE\HELPER_FILE_SURFACE_PREFLIGHT_20260606\APPROVAL_PACKET__74_REVIEWED_DELTA_RESIDUE_NO_EXECUTION_20260609.md","Structured root ROOT_HOUSE_WORK file was missing from matching git lane.","9C01BB3E67615CF2C2D3602B238F2832BD659DA91048C4B2B6F34180E70BC30B","2333"
"MOVED_STRUCTURED_ROOT_FILE_TO_REPO_LANE","C:\Users\13527\Desktop\123\HOUSE_WORK\PROJECT_COMMAND_CENTER_UI_LANE\HELPER_FILE_SURFACE_PREFLIGHT_20260606\APPROVAL_PACKET__CREATE_MISSING_DESTINATION_PARENT_FOLDERS_NO_EXECUTION_20260609.md","C:\Users\13527\Desktop\123\Jxhnny_Kl33N_Seedz\HOUSE_WORK\PROJECT_COMMAND_CENTER_UI_LANE\HELPER_FILE_SURFACE_PREFLIGHT_20260606\APPROVAL_PACKET__CREATE_MISSING_DESTINATION_PARENT_FOLDERS_NO_EXECUTION_20260609.md","Structured root ROOT_HOUSE_WORK file was missing from matching git lane.","C8CF6308BB55455DE5332A6DB2D791B6B40DE9A3C043292E9555226384AA6BFB","3917"
"MOVED_STRUCTURED_ROOT_FILE_TO_REPO_LANE","C:\Users\13527\Desktop\123\HOUSE_WORK\PROJECT_COMMAND_CENTER_UI_LANE\HELPER_FILE_SURFACE_PREFLIGHT_20260606\APPROVAL_PACKET__CREATE_REQUIRED_DESTINATION_DIRECTORY_SCAFFOLD_NO_EXECUTION_20260609_20260609_182450.md","C:\Users\13527\Desktop\123\Jxhnny_Kl33N_Seedz\HOUSE_WORK\PROJECT_COMMAND_CENTER_UI_LANE\HELPER_FILE_SURFACE_PREFLIGHT_20260606\APPROVAL_PACKET__CREATE_REQUIRED_DESTINATION_DIRECTORY_SCAFFOLD_NO_EXECUTION_20260609_20260609_182450.md","Structured root ROOT_HOUSE_WORK file was missing from matching git lane.","DA3C3382786BAFF602FD46A0958101D83E41839403CD2956652F8F6B266A7F82","4213"
"MOVED_STRUCTURED_ROOT_FILE_TO_REPO_LANE","C:\Users\13527\Desktop\123\HOUSE_WORK\PROJECT_COMMAND_CENTER_UI_LANE\HELPER_FILE_SURFACE_PREFLIGHT_20260606\APPROVAL_PACKET__ROUTE_55_CANDIDATES_NO_EXECUTION_20260609_20260609_194137.md","C:\Users\13527\Desktop\123\Jxhnny_Kl33N_Seedz\HOUSE_WORK\PROJECT_COMMAND_CENTER_UI_LANE\HELPER_FILE_SURFACE_PREFLIGHT_20260606\APPROVAL_PACKET__ROUTE_55_CANDIDATES_NO_EXECUTION_20260609_20260609_194137.md","Structured root ROOT_HOUSE_WORK file was missing from matching git lane.","C3EFE46D4A5CF63A41CF7B9B9F585A7D24775A1C22D488D8E6FF83EFA77B18CA","19798"
"MOVED_STRUCTURED_ROOT_FILE_TO_REPO_LANE","C:\Users\13527\Desktop\123\HOUSE_WORK\PROJECT_COMMAND_CENTER_UI_LANE\HELPER_FILE_SURFACE_PREFLIGHT_20260606\BATCH_001__74_LIVE_ROOT_DELTA_ROOT_HELD_ROUTE_CONTROL_SURFACE_REVIEW_CARD_NO_EXECUTION_20260609.md","C:\Users\13527\Desktop\123\Jxhnny_Kl33N_Seedz\HOUSE_WORK\PROJECT_COMMAND_CENTER_UI_LANE\HELPER_FILE_SURFACE_PREFLIGHT_20260606\BATCH_001__74_LIVE_ROOT_DELTA_ROOT_HELD_ROUTE_CONTROL_SURFACE_REVIEW_CARD_NO_EXECUTION_20260609.md","Structured root ROOT_HOUSE_WORK file was missing from matching git lane.","673AA1E8C5696D780AB68457E08D84DD2BB145EB202516B53E6868FF9A3FCE3C","2574"
"MOVED_STRUCTURED_ROOT_FILE_TO_REPO_LANE","C:\Users\13527\Desktop\123\HOUSE_WORK\PROJECT_COMMAND_CENTER_UI_LANE\HELPER_FILE_SURFACE_PREFLIGHT_20260606\BATCH_001__74_LIVE_ROOT_DELTA_ROOT_HELD_ROUTE_CONTROL_SURFACE_REVIEW_NO_EXECUTION_20260609.csv","C:\Users\13527\Desktop\123\Jxhnny_Kl33N_Seedz\HOUSE_WORK\PROJECT_COMMAND_CENTER_UI_LANE\HELPER_FILE_SURFACE_PREFLIGHT_20260606\BATCH_001__74_LIVE_ROOT_DELTA_ROOT_HELD_ROUTE_CONTROL_SURFACE_REVIEW_NO_EXECUTION_20260609.csv","Structured root ROOT_HOUSE_WORK file was missing from matching git lane.","E380CF85BA3B31386450A79A601DCB6670C9ED3CE1ED3F316F4AA68DDBD7C294","9979"
"MOVED_STRUCTURED_ROOT_FILE_TO_REPO_LANE","C:\Users\13527\Desktop\123\HOUSE_WORK\PROJECT_COMMAND_CENTER_UI_LANE\HELPER_FILE_SURFACE_PREFLIGHT_20260606\BATCH_002__74_LIVE_ROOT_DELTA_HSRB_AND_STATIC_REVIEW_CHAIN_CARD_NO_EXECUTION_20260609.md","C:\Users\13527\Desktop\123\Jxhnny_Kl33N_Seedz\HOUSE_WORK\PROJECT_COMMAND_CENTER_UI_LANE\HELPER_FILE_SURFACE_PREFLIGHT_20260606\BATCH_002__74_LIVE_ROOT_DELTA_HSRB_AND_STATIC_REVIEW_CHAIN_CARD_NO_EXECUTION_20260609.md","Structured root ROOT_HOUSE_WORK file was missing from matching git lane.","048C34314B51329CDDA9BDA9931D2D48B05DC746938356D0FF91B62E14E2A797","2580"
"MOVED_STRUCTURED_ROOT_FILE_TO_REPO_LANE","C:\Users\13527\Desktop\123\HOUSE_WORK\PROJECT_COMMAND_CENTER_UI_LANE\HELPER_FILE_SURFACE_PREFLIGHT_20260606\BATCH_002__74_LIVE_ROOT_DELTA_HSRB_AND_STATIC_REVIEW_CHAIN_NO_EXECUTION_20260609.csv","C:\Users\13527\Desktop\123\Jxhnny_Kl33N_Seedz\HOUSE_WORK\PROJECT_COMMAND_CENTER_UI_LANE\HELPER_FILE_SURFACE_PREFLIGHT_20260606\BATCH_002__74_LIVE_ROOT_DELTA_HSRB_AND_STATIC_REVIEW_CHAIN_NO_EXECUTION_20260609.csv","Structured root ROOT_HOUSE_WORK file was missing from matching git lane.","429D944D2F5F43758C655030288BE3D610FB3AE5D5B391E5CB8578D5516DACF8","22399"
"MOVED_STRUCTURED_ROOT_FILE_TO_REPO_LANE","C:\Users\13527\Desktop\123\HOUSE_WORK\PROJECT_COMMAND_CENTER_UI_LANE\HELPER_FILE_SURFACE_PREFLIGHT_20260606\BATCH_003__74_LIVE_ROOT_DELTA_HELPER_REVIEW_AND_64_ROW_QUEUE_CHAIN_CARD_NO_EXECUTION_20260609.md","C:\Users\13527\Desktop\123\Jxhnny_Kl33N_Seedz\HOUSE_WORK\PROJECT_COMMAND_CENTER_UI_LANE\HELPER_FILE_SURFACE_PREFLIGHT_20260606\BATCH_003__74_LIVE_ROOT_DELTA_HELPER_REVIEW_AND_64_ROW_QUEUE_CHAIN_CARD_NO_EXECUTION_20260609.md","Structured root ROOT_HOUSE_WORK file was missing from matching git lane.","A8BF99A6E39A084FB4CD780C1CF5B336CB3D0DE8D1A6D96404DB976E454E12DF","3015"
"MOVED_STRUCTURED_ROOT_FILE_TO_REPO_LANE","C:\Users\13527\Desktop\123\HOUSE_WORK\PROJECT_COMMAND_CENTER_UI_LANE\HELPER_FILE_SURFACE_PREFLIGHT_20260606\BATCH_003__74_LIVE_ROOT_DELTA_HELPER_REVIEW_AND_64_ROW_QUEUE_CHAIN_NO_EXECUTION_20260609.csv","C:\Users\13527\Desktop\123\Jxhnny_Kl33N_Seedz\HOUSE_WORK\PROJECT_COMMAND_CENTER_UI_LANE\HELPER_FILE_SURFACE_PREFLIGHT_20260606\BATCH_003__74_LIVE_ROOT_DELTA_HELPER_REVIEW_AND_64_ROW_QUEUE_CHAIN_NO_EXECUTION_20260609.csv","Structured root ROOT_HOUSE_WORK file was missing from matching git lane.","6DF3619D827A1D1B24051546A1476A815A46EEE7E0E75EC8DCFF792260882E40","9383"
"MOVED_STRUCTURED_ROOT_FILE_TO_REPO_LANE","C:\Users\13527\Desktop\123\HOUSE_WORK\PROJECT_COMMAND_CENTER_UI_LANE\HELPER_FILE_SURFACE_PREFLIGHT_20260606\BLOCKER__CREATE_SIX_DESTINATION_PARENT_FOLDERS_ONLY_20260609_20260609_182140.md","C:\Users\13527\Desktop\123\Jxhnny_Kl33N_Seedz\HOUSE_WORK\PROJECT_COMMAND_CENTER_UI_LANE\HELPER_FILE_SURFACE_PREFLIGHT_20260606\BLOCKER__CREATE_SIX_DESTINATION_PARENT_FOLDERS_ONLY_20260609_20260609_182140.md","Structured root ROOT_HOUSE_WORK file was missing from matching git lane.","C30570E84A48FD73BA0D61FEE5556A4D891DA245ACE027154CE1A412C4BCF73A","403"
"MOVED_STRUCTURED_ROOT_FILE_TO_REPO_LANE","C:\Users\13527\Desktop\123\HOUSE_WORK\PROJECT_COMMAND_CENTER_UI_LANE\HELPER_FILE_SURFACE_PREFLIGHT_20260606\BLOCKER__GENERATED_RUNNER_SAFE_TEMPLATE_FIELD_APPLY_20260608.md","C:\Users\13527\Desktop\123\Jxhnny_Kl33N_Seedz\HOUSE_WORK\PROJECT_COMMAND_CENTER_UI_LANE\HELPER_FILE_SURFACE_PREFLIGHT_20260606\BLOCKER__GENERATED_RUNNER_SAFE_TEMPLATE_FIELD_APPLY_20260608.md","Structured root ROOT_HOUSE_WORK file was missing from matching git lane.","7AF806829BB686BCD6A7EB3770D05C2458D0F920399758E2A08A7893C68BF834","418"
"MOVED_STRUCTURED_ROOT_FILE_TO_REPO_LANE","C:\Users\13527\Desktop\123\HOUSE_WORK\PROJECT_COMMAND_CENTER_UI_LANE\HELPER_FILE_SURFACE_PREFLIGHT_20260606\BUILD_POST_DELTA_REVIEW_ROUTE_RECONSIDERATION_SELECTOR_NO_EXECUTION_20260609_V0_1.ps1","C:\Users\13527\Desktop\123\Jxhnny_Kl33N_Seedz\HOUSE_WORK\PROJECT_COMMAND_CENTER_UI_LANE\HELPER_FILE_SURFACE_PREFLIGHT_20260606\BUILD_POST_DELTA_REVIEW_ROUTE_RECONSIDERATION_SELECTOR_NO_EXECUTION_20260609_V0_1.ps1","Structured root ROOT_HOUSE_WORK file was missing from matching git lane.","35DF0CD2FCDCD2F2C6249A0FCB95AA17ECA49D4E669FD7A8CA3DE9A99B3BC6B7","22788"
"MOVED_STRUCTURED_ROOT_FILE_TO_REPO_LANE","C:\Users\13527\Desktop\123\HOUSE_WORK\PROJECT_COMMAND_CENTER_UI_LANE\HELPER_FILE_SURFACE_PREFLIGHT_20260606\BUILD_POST_DELTA_REVIEW_ROUTE_RECONSIDERATION_SELECTOR_V0_2_NO_EXECUTION_20260609.ps1","C:\Users\13527\Desktop\123\Jxhnny_Kl33N_Seedz\HOUSE_WORK\PROJECT_COMMAND_CENTER_UI_LANE\HELPER_FILE_SURFACE_PREFLIGHT_20260606\BUILD_POST_DELTA_REVIEW_ROUTE_RECONSIDERATION_SELECTOR_V0_2_NO_EXECUTION_20260609.ps1","Structured root ROOT_HOUSE_WORK file was missing from matching git lane.","B549D36B85E3A125E3DAEC9FF0FBFEF6DBAA28C29065103866B7F4E3E2F7B72A","29407"
"MOVED_STRUCTURED_ROOT_FILE_TO_REPO_LANE","C:\Users\13527\Desktop\123\HOUSE_WORK\PROJECT_COMMAND_CENTER_UI_LANE\HELPER_FILE_SURFACE_PREFLIGHT_20260606\BUILD_ROOT_HELD_ROUTE_DRY_RUN_SELECTOR_NO_EXECUTION_20260609_V0_1.ps1","C:\Users\13527\Desktop\123\Jxhnny_Kl33N_Seedz\HOUSE_WORK\PROJECT_COMMAND_CENTER_UI_LANE\HELPER_FILE_SURFACE_PREFLIGHT_20260606\BUILD_ROOT_HELD_ROUTE_DRY_RUN_SELECTOR_NO_EXECUTION_20260609_V0_1.ps1","Structured root ROOT_HOUSE_WORK file was missing from matching git lane.","62C4CB23A10959C978DAE2F3603899435B5D4F7728DA9A1EEA3440D0D1A18BCC","18348"
"MOVED_STRUCTURED_ROOT_FILE_TO_REPO_LANE","C:\Users\13527\Desktop\123\HOUSE_WORK\PROJECT_COMMAND_CENTER_UI_LANE\HELPER_FILE_SURFACE_PREFLIGHT_20260606\BUILD_ROOT_HELD_ROUTE_DRY_RUN_SELECTOR_NO_EXECUTION_20260609_V0_2.ps1","C:\Users\13527\Desktop\123\Jxhnny_Kl33N_Seedz\HOUSE_WORK\PROJECT_COMMAND_CENTER_UI_LANE\HELPER_FILE_SURFACE_PREFLIGHT_20260606\BUILD_ROOT_HELD_ROUTE_DRY_RUN_SELECTOR_NO_EXECUTION_20260609_V0_2.ps1","Structured root ROOT_HOUSE_WORK file was missing from matching git lane.","BBB99DCA95BF612B6492A2B2E091A8869DD5CBAF982F4316E5F3470C4D055E20","18384"
"MOVED_STRUCTURED_ROOT_FILE_TO_REPO_LANE","C:\Users\13527\Desktop\123\HOUSE_WORK\PROJECT_COMMAND_CENTER_UI_LANE\HELPER_FILE_SURFACE_PREFLIGHT_20260606\CLEAR_PATH_DECISION_PLAN_FOR_LOOSE_ROOT_20260608.md","C:\Users\13527\Desktop\123\Jxhnny_Kl33N_Seedz\HOUSE_WORK\PROJECT_COMMAND_CENTER_UI_LANE\HELPER_FILE_SURFACE_PREFLIGHT_20260606\CLEAR_PATH_DECISION_PLAN_FOR_LOOSE_ROOT_20260608.md","Structured root ROOT_HOUSE_WORK file was missing from matching git lane.","606C3F88EBF649FB81373BAC4669FBEE4A246DA07F50921A680FAA1A90AE8424","9521"
"MOVED_STRUCTURED_ROOT_FILE_TO_REPO_LANE","C:\Users\13527\Desktop\123\HOUSE_WORK\PROJECT_COMMAND_CENTER_UI_LANE\HELPER_FILE_SURFACE_PREFLIGHT_20260606\CLOSEOUT__CREATE_REQUIRED_DESTINATION_DIRECTORY_SCAFFOLD_ONLY_20260609_20260609_193222.md","C:\Users\13527\Desktop\123\Jxhnny_Kl33N_Seedz\HOUSE_WORK\PROJECT_COMMAND_CENTER_UI_LANE\HELPER_FILE_SURFACE_PREFLIGHT_20260606\CLOSEOUT__CREATE_REQUIRED_DESTINATION_DIRECTORY_SCAFFOLD_ONLY_20260609_20260609_193222.md","Structured root ROOT_HOUSE_WORK file was missing from matching git lane.","2F162DB65815797FBBCFF45E55377F6A7333E03386A320E62FB06C9D0BBF6152","4095"
"MOVED_STRUCTURED_ROOT_FILE_TO_REPO_LANE","C:\Users\13527\Desktop\123\HOUSE_WORK\PROJECT_COMMAND_CENTER_UI_LANE\HELPER_FILE_SURFACE_PREFLIGHT_20260606\CLOSEOUT__CREATE_SIX_DESTINATION_PARENT_FOLDERS_ONLY_20260609_20260609_182140.md","C:\Users\13527\Desktop\123\Jxhnny_Kl33N_Seedz\HOUSE_WORK\PROJECT_COMMAND_CENTER_UI_LANE\HELPER_FILE_SURFACE_PREFLIGHT_20260606\CLOSEOUT__CREATE_SIX_DESTINATION_PARENT_FOLDERS_ONLY_20260609_20260609_182140.md","Structured root ROOT_HOUSE_WORK file was missing from matching git lane.","1994A55658B155AFAE61A2B0C489DCE808A93A0CF883CB695165225CEC37E03E","2084"
"MOVED_STRUCTURED_ROOT_FILE_TO_REPO_LANE","C:\Users\13527\Desktop\123\HOUSE_WORK\PROJECT_COMMAND_CENTER_UI_LANE\HELPER_FILE_SURFACE_PREFLIGHT_20260606\CLOSEOUT__RECURSIVE_DRY_RUN_EXPANSION_RESOLVED_BY_ROOT_ROUTE_LANE_CLOSEOUT_NO_EXECUTION_20260609.md","C:\Users\13527\Desktop\123\Jxhnny_Kl33N_Seedz\HOUSE_WORK\PROJECT_COMMAND_CENTER_UI_LANE\HELPER_FILE_SURFACE_PREFLIGHT_20260606\CLOSEOUT__RECURSIVE_DRY_RUN_EXPANSION_RESOLVED_BY_ROOT_ROUTE_LANE_CLOSEOUT_NO_EXECUTION_20260609.md","Structured root ROOT_HOUSE_WORK file was missing from matching git lane.","6426CF43389EBA6C9CABEE473A5CFBFCFCD85512E72729909F13E692F2D29CD7","3313"
"MOVED_STRUCTURED_ROOT_FILE_TO_REPO_LANE","C:\Users\13527\Desktop\123\HOUSE_WORK\PROJECT_COMMAND_CENTER_UI_LANE\HELPER_FILE_SURFACE_PREFLIGHT_20260606\CLOSEOUT__ROOT_ROUTE_LANE_COMPLETE_ROOT_NOW_3_HOLD_FILES_ONLY_20260609.md","C:\Users\13527\Desktop\123\Jxhnny_Kl33N_Seedz\HOUSE_WORK\PROJECT_COMMAND_CENTER_UI_LANE\HELPER_FILE_SURFACE_PREFLIGHT_20260606\CLOSEOUT__ROOT_ROUTE_LANE_COMPLETE_ROOT_NOW_3_HOLD_FILES_ONLY_20260609.md","Structured root ROOT_HOUSE_WORK file was missing from matching git lane.","E6563EBCC06CA9E7A895D88889F636987EDD6D0B84BAF4D1EB24C2BA6FE1910B","2094"
"MOVED_STRUCTURED_ROOT_FILE_TO_REPO_LANE","C:\Users\13527\Desktop\123\HOUSE_WORK\PROJECT_COMMAND_CENTER_UI_LANE\HELPER_FILE_SURFACE_PREFLIGHT_20260606\CLOSEOUT__ROUTE_55_COMPLETE_WITH_3_HOLD_ROWS_REVIEWED_NO_EXTRA_ACTION_20260609.md","C:\Users\13527\Desktop\123\Jxhnny_Kl33N_Seedz\HOUSE_WORK\PROJECT_COMMAND_CENTER_UI_LANE\HELPER_FILE_SURFACE_PREFLIGHT_20260606\CLOSEOUT__ROUTE_55_COMPLETE_WITH_3_HOLD_ROWS_REVIEWED_NO_EXTRA_ACTION_20260609.md","Structured root ROOT_HOUSE_WORK file was missing from matching git lane.","51C2A658B01819F2A67B534D267207107329CC991FB186798F9A902D85F3E10F","2162"
"MOVED_STRUCTURED_ROOT_FILE_TO_REPO_LANE","C:\Users\13527\Desktop\123\HOUSE_WORK\PROJECT_COMMAND_CENTER_UI_LANE\HELPER_FILE_SURFACE_PREFLIGHT_20260606\CONTRACT__GENERATED_POWERSHELL_COLLECTION_PARAMETER_BINDING_REPAIR_NO_EXECUTION_20260609.md","C:\Users\13527\Desktop\123\Jxhnny_Kl33N_Seedz\HOUSE_WORK\PROJECT_COMMAND_CENTER_UI_LANE\HELPER_FILE_SURFACE_PREFLIGHT_20260606\CONTRACT__GENERATED_POWERSHELL_COLLECTION_PARAMETER_BINDING_REPAIR_NO_EXECUTION_20260609.md","Structured root ROOT_HOUSE_WORK file was missing from matching git lane.","C7BFD89A012441CBDF5D9E0E501649A19E862F1AA46C04FC11AF35C6CC9164C8","38971"
"MOVED_STRUCTURED_ROOT_FILE_TO_REPO_LANE","C:\Users\13527\Desktop\123\HOUSE_WORK\PROJECT_COMMAND_CENTER_UI_LANE\HELPER_FILE_SURFACE_PREFLIGHT_20260606\CONTRACT__POST_DELTA_REVIEW_ROUTE_RECONSIDERATION_SELECTOR_NO_EXECUTION_20260609.md","C:\Users\13527\Desktop\123\Jxhnny_Kl33N_Seedz\HOUSE_WORK\PROJECT_COMMAND_CENTER_UI_LANE\HELPER_FILE_SURFACE_PREFLIGHT_20260606\CONTRACT__POST_DELTA_REVIEW_ROUTE_RECONSIDERATION_SELECTOR_NO_EXECUTION_20260609.md","Structured root ROOT_HOUSE_WORK file was missing from matching git lane.","1052463FB42BB79DA7AA4AFFD361067E3B834FBE442BDA15532B27CFA3EE3D4B","5850"
"MOVED_STRUCTURED_ROOT_FILE_TO_REPO_LANE","C:\Users\13527\Desktop\123\HOUSE_WORK\PROJECT_COMMAND_CENTER_UI_LANE\HELPER_FILE_SURFACE_PREFLIGHT_20260606\CONTRACT__POST_DELTA_REVIEW_ROUTE_RECONSIDERATION_SELECTOR_V0_2_NO_EXECUTION_20260609.md","C:\Users\13527\Desktop\123\Jxhnny_Kl33N_Seedz\HOUSE_WORK\PROJECT_COMMAND_CENTER_UI_LANE\HELPER_FILE_SURFACE_PREFLIGHT_20260606\CONTRACT__POST_DELTA_REVIEW_ROUTE_RECONSIDERATION_SELECTOR_V0_2_NO_EXECUTION_20260609.md","Structured root ROOT_HOUSE_WORK file was missing from matching git lane.","A6B16536F01203E4384F5CB2BD13AE675E7CB184774DAB1786B8EECCA58A8FF6","7233"
"MOVED_STRUCTURED_ROOT_FILE_TO_REPO_LANE","C:\Users\13527\Desktop\123\HOUSE_WORK\PROJECT_COMMAND_CENTER_UI_LANE\HELPER_FILE_SURFACE_PREFLIGHT_20260606\CONTRACT__ROOT_HELD_ROUTE_DRY_RUN_SELECTOR_BUILD_NO_EXECUTION_20260609.md","C:\Users\13527\Desktop\123\Jxhnny_Kl33N_Seedz\HOUSE_WORK\PROJECT_COMMAND_CENTER_UI_LANE\HELPER_FILE_SURFACE_PREFLIGHT_20260606\CONTRACT__ROOT_HELD_ROUTE_DRY_RUN_SELECTOR_BUILD_NO_EXECUTION_20260609.md","Structured root ROOT_HOUSE_WORK file was missing from matching git lane.","0242087B66A551271C90FB815136C014E08DEE7F960AB6CD668EA54798833819","6070"
"MOVED_STRUCTURED_ROOT_FILE_TO_REPO_LANE","C:\Users\13527\Desktop\123\HOUSE_WORK\PROJECT_COMMAND_CENTER_UI_LANE\HELPER_FILE_SURFACE_PREFLIGHT_20260606\CURRENT_ACTION__RETURN_TO_ROOT_HELD_ROUTE_PLAN_PAUSE_AFTER_64_ROW_HELPER_REVIEW_QUEUE_20260609.md","C:\Users\13527\Desktop\123\Jxhnny_Kl33N_Seedz\HOUSE_WORK\PROJECT_COMMAND_CENTER_UI_LANE\HELPER_FILE_SURFACE_PREFLIGHT_20260606\CURRENT_ACTION__RETURN_TO_ROOT_HELD_ROUTE_PLAN_PAUSE_AFTER_64_ROW_HELPER_REVIEW_QUEUE_20260609.md","Structured root ROOT_HOUSE_WORK file was missing from matching git lane.","3DF1178C24BB1E14BC0A897120623229057A9DCC2DB7195AEF3A6F0D553C922E","1965"
"MOVED_STRUCTURED_ROOT_FILE_TO_REPO_LANE","C:\Users\13527\Desktop\123\HOUSE_WORK\PROJECT_COMMAND_CENTER_UI_LANE\HELPER_FILE_SURFACE_PREFLIGHT_20260606\CURRENT_ACTION__ROOT_HELD_ROUTE_PLAN_PAUSE_REBUILT_AFTER_HELPER_REVIEW_QUEUE_20260609.md","C:\Users\13527\Desktop\123\Jxhnny_Kl33N_Seedz\HOUSE_WORK\PROJECT_COMMAND_CENTER_UI_LANE\HELPER_FILE_SURFACE_PREFLIGHT_20260606\CURRENT_ACTION__ROOT_HELD_ROUTE_PLAN_PAUSE_REBUILT_AFTER_HELPER_REVIEW_QUEUE_20260609.md","Structured root ROOT_HOUSE_WORK file was missing from matching git lane.","D36EF40E88C4995D4B9D917471E86BAF655FED7A5CC85623476D7B86C8DD60FA","2080"
"MOVED_STRUCTURED_ROOT_FILE_TO_REPO_LANE","C:\Users\13527\Desktop\123\HOUSE_WORK\PROJECT_COMMAND_CENTER_UI_LANE\HELPER_FILE_SURFACE_PREFLIGHT_20260606\DECISION__ROOT_HELD_ROUTE_PLAN_PAUSE_REVIEW_NO_EXECUTION_20260609.md","C:\Users\13527\Desktop\123\Jxhnny_Kl33N_Seedz\HOUSE_WORK\PROJECT_COMMAND_CENTER_UI_LANE\HELPER_FILE_SURFACE_PREFLIGHT_20260606\DECISION__ROOT_HELD_ROUTE_PLAN_PAUSE_REVIEW_NO_EXECUTION_20260609.md","Structured root ROOT_HOUSE_WORK file was missing from matching git lane.","ED22B19E77279936BF2191658E11077B343B7898466A9D8B14EE9646ED878951","3284"
"MOVED_STRUCTURED_ROOT_FILE_TO_REPO_LANE","C:\Users\13527\Desktop\123\HOUSE_WORK\PROJECT_COMMAND_CENTER_UI_LANE\HELPER_FILE_SURFACE_PREFLIGHT_20260606\DECISION_PACKET__V0_2_GENERATED_HELPER_STATIC_GATE_BLOCKERS_NO_EXECUTION_20260609.csv","C:\Users\13527\Desktop\123\Jxhnny_Kl33N_Seedz\HOUSE_WORK\PROJECT_COMMAND_CENTER_UI_LANE\HELPER_FILE_SURFACE_PREFLIGHT_20260606\DECISION_PACKET__V0_2_GENERATED_HELPER_STATIC_GATE_BLOCKERS_NO_EXECUTION_20260609.csv","Structured root ROOT_HOUSE_WORK file was missing from matching git lane.","C207A0B803F2676ECFE672D6626C25EDBF314E407CE832A4AC9CE8A719C09C32","5297"
"MOVED_STRUCTURED_ROOT_FILE_TO_REPO_LANE","C:\Users\13527\Desktop\123\HOUSE_WORK\PROJECT_COMMAND_CENTER_UI_LANE\HELPER_FILE_SURFACE_PREFLIGHT_20260606\DECISION_PACKET__V0_2_GENERATED_HELPER_STATIC_GATE_BLOCKERS_NO_EXECUTION_20260609.md","C:\Users\13527\Desktop\123\Jxhnny_Kl33N_Seedz\HOUSE_WORK\PROJECT_COMMAND_CENTER_UI_LANE\HELPER_FILE_SURFACE_PREFLIGHT_20260606\DECISION_PACKET__V0_2_GENERATED_HELPER_STATIC_GATE_BLOCKERS_NO_EXECUTION_20260609.md","Structured root ROOT_HOUSE_WORK file was missing from matching git lane.","87202EB95B0E435533C1B0FB6050FAEA5343E8AE260B05B7F222428A647EA45B","3886"
"MOVED_STRUCTURED_ROOT_FILE_TO_REPO_LANE","C:\Users\13527\Desktop\123\HOUSE_WORK\PROJECT_COMMAND_CENTER_UI_LANE\HELPER_FILE_SURFACE_PREFLIGHT_20260606\DESIGN__POST_DELTA_REVIEW_ROUTE_RECONSIDERATION_SELECTOR_NO_EXECUTION_20260609.md","C:\Users\13527\Desktop\123\Jxhnny_Kl33N_Seedz\HOUSE_WORK\PROJECT_COMMAND_CENTER_UI_LANE\HELPER_FILE_SURFACE_PREFLIGHT_20260606\DESIGN__POST_DELTA_REVIEW_ROUTE_RECONSIDERATION_SELECTOR_NO_EXECUTION_20260609.md","Structured root ROOT_HOUSE_WORK file was missing from matching git lane.","06EFE484CB5D91B6D42EEA58EFB67839DDCDE553F6112C7C16DC9C6545FAE097","5061"
"MOVED_STRUCTURED_ROOT_FILE_TO_REPO_LANE","C:\Users\13527\Desktop\123\HOUSE_WORK\PROJECT_COMMAND_CENTER_UI_LANE\HELPER_FILE_SURFACE_PREFLIGHT_20260606\DESIGN__POST_DELTA_REVIEW_ROUTE_RECONSIDERATION_SELECTOR_V0_2_NO_EXECUTION_20260609.md","C:\Users\13527\Desktop\123\Jxhnny_Kl33N_Seedz\HOUSE_WORK\PROJECT_COMMAND_CENTER_UI_LANE\HELPER_FILE_SURFACE_PREFLIGHT_20260606\DESIGN__POST_DELTA_REVIEW_ROUTE_RECONSIDERATION_SELECTOR_V0_2_NO_EXECUTION_20260609.md","Structured root ROOT_HOUSE_WORK file was missing from matching git lane.","5BD6866B9FA873C3226321843FA06E9AB224F1F338DBBB7B250B8CFE2D2F968D","5379"
"MOVED_STRUCTURED_ROOT_FILE_TO_REPO_LANE","C:\Users\13527\Desktop\123\HOUSE_WORK\PROJECT_COMMAND_CENTER_UI_LANE\HELPER_FILE_SURFACE_PREFLIGHT_20260606\DESIGN__ROOT_HELD_ROUTE_DRY_RUN_SELECTOR_NO_EXECUTION_20260609.md","C:\Users\13527\Desktop\123\Jxhnny_Kl33N_Seedz\HOUSE_WORK\PROJECT_COMMAND_CENTER_UI_LANE\HELPER_FILE_SURFACE_PREFLIGHT_20260606\DESIGN__ROOT_HELD_ROUTE_DRY_RUN_SELECTOR_NO_EXECUTION_20260609.md","Structured root ROOT_HOUSE_WORK file was missing from matching git lane.","FED6FB14053332D7BC2F8A5C6256DE0CC9E691ABF22CA24CB03B78DF6AD7688E","6950"
"MOVED_STRUCTURED_ROOT_FILE_TO_REPO_LANE","C:\Users\13527\Desktop\123\HOUSE_WORK\PROJECT_COMMAND_CENTER_UI_LANE\HELPER_FILE_SURFACE_PREFLIGHT_20260606\DIAGNOSIS__POST_DELTA_SELECTOR_V0_1_DESTINATION_DERIVATION_DEFECT_NO_EXECUTION_20260609.md","C:\Users\13527\Desktop\123\Jxhnny_Kl33N_Seedz\HOUSE_WORK\PROJECT_COMMAND_CENTER_UI_LANE\HELPER_FILE_SURFACE_PREFLIGHT_20260606\DIAGNOSIS__POST_DELTA_SELECTOR_V0_1_DESTINATION_DERIVATION_DEFECT_NO_EXECUTION_20260609.md","Structured root ROOT_HOUSE_WORK file was missing from matching git lane.","1EF6DD2D34D06E3EBF310BF0D0D90A7698A8BED1D3C75739600F53F4B33C9B09","4365"
"MOVED_STRUCTURED_ROOT_FILE_TO_REPO_LANE","C:\Users\13527\Desktop\123\HOUSE_WORK\PROJECT_COMMAND_CENTER_UI_LANE\HELPER_FILE_SURFACE_PREFLIGHT_20260606\DISPOSITION__BATCH_001_74_LIVE_ROOT_DELTA_ROOT_HELD_ROUTE_CONTROL_SURFACE_NO_EXECUTION_20260609.csv","C:\Users\13527\Desktop\123\Jxhnny_Kl33N_Seedz\HOUSE_WORK\PROJECT_COMMAND_CENTER_UI_LANE\HELPER_FILE_SURFACE_PREFLIGHT_20260606\DISPOSITION__BATCH_001_74_LIVE_ROOT_DELTA_ROOT_HELD_ROUTE_CONTROL_SURFACE_NO_EXECUTION_20260609.csv","Structured root ROOT_HOUSE_WORK file was missing from matching git lane.","904A65611D37797CEE0D05542ABFDE018A3757A7961D8A4D577C8BEB4AE03A72","11650"
"MOVED_STRUCTURED_ROOT_FILE_TO_REPO_LANE","C:\Users\13527\Desktop\123\HOUSE_WORK\PROJECT_COMMAND_CENTER_UI_LANE\HELPER_FILE_SURFACE_PREFLIGHT_20260606\DISPOSITION__BATCH_002_74_LIVE_ROOT_DELTA_HSRB_AND_STATIC_REVIEW_CHAIN_NO_EXECUTION_20260609.csv","C:\Users\13527\Desktop\123\Jxhnny_Kl33N_Seedz\HOUSE_WORK\PROJECT_COMMAND_CENTER_UI_LANE\HELPER_FILE_SURFACE_PREFLIGHT_20260606\DISPOSITION__BATCH_002_74_LIVE_ROOT_DELTA_HSRB_AND_STATIC_REVIEW_CHAIN_NO_EXECUTION_20260609.csv","Structured root ROOT_HOUSE_WORK file was missing from matching git lane.","AC7F24D87FE04FB26D1FA34CEC106B7B8514575E5C283D11DC8AB55EC32EE584","24654"
"MOVED_STRUCTURED_ROOT_FILE_TO_REPO_LANE","C:\Users\13527\Desktop\123\HOUSE_WORK\PROJECT_COMMAND_CENTER_UI_LANE\HELPER_FILE_SURFACE_PREFLIGHT_20260606\DISPOSITION__BATCH_003_74_LIVE_ROOT_DELTA_HELPER_REVIEW_AND_64_ROW_QUEUE_CHAIN_NO_EXECUTION_20260609.csv","C:\Users\13527\Desktop\123\Jxhnny_Kl33N_Seedz\HOUSE_WORK\PROJECT_COMMAND_CENTER_UI_LANE\HELPER_FILE_SURFACE_PREFLIGHT_20260606\DISPOSITION__BATCH_003_74_LIVE_ROOT_DELTA_HELPER_REVIEW_AND_64_ROW_QUEUE_CHAIN_NO_EXECUTION_20260609.csv","Structured root ROOT_HOUSE_WORK file was missing from matching git lane.","ED7760980022C1BA57682429E504625A6907B269DC91E176AC3A23FBC27FC155","10129"
"MOVED_STRUCTURED_ROOT_FILE_TO_REPO_LANE","C:\Users\13527\Desktop\123\HOUSE_WORK\PROJECT_COMMAND_CENTER_UI_LANE\HELPER_FILE_SURFACE_PREFLIGHT_20260606\DRY_RUN__ROOT_HELD_ROUTE_SELECTOR_COLLISIONS_20260609_V0_2_20260609_161521.csv","C:\Users\13527\Desktop\123\Jxhnny_Kl33N_Seedz\HOUSE_WORK\PROJECT_COMMAND_CENTER_UI_LANE\HELPER_FILE_SURFACE_PREFLIGHT_20260606\DRY_RUN__ROOT_HELD_ROUTE_SELECTOR_COLLISIONS_20260609_V0_2_20260609_161521.csv","Structured root ROOT_HOUSE_WORK file was missing from matching git lane.","E3B0C44298FC1C149AFBF4C8996FB92427AE41E4649B934CA495991B7852B855","0"
"MOVED_STRUCTURED_ROOT_FILE_TO_REPO_LANE","C:\Users\13527\Desktop\123\HOUSE_WORK\PROJECT_COMMAND_CENTER_UI_LANE\HELPER_FILE_SURFACE_PREFLIGHT_20260606\DRY_RUN__ROOT_HELD_ROUTE_SELECTOR_COLLISIONS_20260609_V0_2_20260609_161633.csv","C:\Users\13527\Desktop\123\Jxhnny_Kl33N_Seedz\HOUSE_WORK\PROJECT_COMMAND_CENTER_UI_LANE\HELPER_FILE_SURFACE_PREFLIGHT_20260606\DRY_RUN__ROOT_HELD_ROUTE_SELECTOR_COLLISIONS_20260609_V0_2_20260609_161633.csv","Structured root ROOT_HOUSE_WORK file was missing from matching git lane.","E3B0C44298FC1C149AFBF4C8996FB92427AE41E4649B934CA495991B7852B855","0"
"MOVED_STRUCTURED_ROOT_FILE_TO_REPO_LANE","C:\Users\13527\Desktop\123\HOUSE_WORK\PROJECT_COMMAND_CENTER_UI_LANE\HELPER_FILE_SURFACE_PREFLIGHT_20260606\DRY_RUN__ROOT_HELD_ROUTE_SELECTOR_LIVE_ROOT_DELTA_20260609_V0_2_20260609_161521.csv","C:\Users\13527\Desktop\123\Jxhnny_Kl33N_Seedz\HOUSE_WORK\PROJECT_COMMAND_CENTER_UI_LANE\HELPER_FILE_SURFACE_PREFLIGHT_20260606\DRY_RUN__ROOT_HELD_ROUTE_SELECTOR_LIVE_ROOT_DELTA_20260609_V0_2_20260609_161521.csv","Structured root ROOT_HOUSE_WORK file was missing from matching git lane.","18C6BEC086159EAB7778FBF94EB0644904496D3D2F22C1C5C84BC49F033C81E1","24399"
"MOVED_STRUCTURED_ROOT_FILE_TO_REPO_LANE","C:\Users\13527\Desktop\123\HOUSE_WORK\PROJECT_COMMAND_CENTER_UI_LANE\HELPER_FILE_SURFACE_PREFLIGHT_20260606\DRY_RUN__ROOT_HELD_ROUTE_SELECTOR_LIVE_ROOT_DELTA_20260609_V0_2_20260609_161633.csv","C:\Users\13527\Desktop\123\Jxhnny_Kl33N_Seedz\HOUSE_WORK\PROJECT_COMMAND_CENTER_UI_LANE\HELPER_FILE_SURFACE_PREFLIGHT_20260606\DRY_RUN__ROOT_HELD_ROUTE_SELECTOR_LIVE_ROOT_DELTA_20260609_V0_2_20260609_161633.csv","Structured root ROOT_HOUSE_WORK file was missing from matching git lane.","18C6BEC086159EAB7778FBF94EB0644904496D3D2F22C1C5C84BC49F033C81E1","24399"
"MOVED_STRUCTURED_ROOT_FILE_TO_REPO_LANE","C:\Users\13527\Desktop\123\HOUSE_WORK\PROJECT_COMMAND_CENTER_UI_LANE\HELPER_FILE_SURFACE_PREFLIGHT_20260606\DRY_RUN__ROOT_HELD_ROUTE_SELECTOR_REPORT_20260609_V0_2_20260609_161521.md","C:\Users\13527\Desktop\123\Jxhnny_Kl33N_Seedz\HOUSE_WORK\PROJECT_COMMAND_CENTER_UI_LANE\HELPER_FILE_SURFACE_PREFLIGHT_20260606\DRY_RUN__ROOT_HELD_ROUTE_SELECTOR_REPORT_20260609_V0_2_20260609_161521.md","Structured root ROOT_HOUSE_WORK file was missing from matching git lane.","74169ADFBBE40001EC3E7FE571358375D7745FB3258A6A464D6C9DAA8459D066","1626"
"MOVED_STRUCTURED_ROOT_FILE_TO_REPO_LANE","C:\Users\13527\Desktop\123\HOUSE_WORK\PROJECT_COMMAND_CENTER_UI_LANE\HELPER_FILE_SURFACE_PREFLIGHT_20260606\DRY_RUN__ROOT_HELD_ROUTE_SELECTOR_REPORT_20260609_V0_2_20260609_161633.md","C:\Users\13527\Desktop\123\Jxhnny_Kl33N_Seedz\HOUSE_WORK\PROJECT_COMMAND_CENTER_UI_LANE\HELPER_FILE_SURFACE_PREFLIGHT_20260606\DRY_RUN__ROOT_HELD_ROUTE_SELECTOR_REPORT_20260609_V0_2_20260609_161633.md","Structured root ROOT_HOUSE_WORK file was missing from matching git lane.","D7A1B06B8C6DB6289B349B8B4C62629C995FA546B3A6804E0C4E16C3AE90F92E","1626"
"MOVED_STRUCTURED_ROOT_FILE_TO_REPO_LANE","C:\Users\13527\Desktop\123\HOUSE_WORK\PROJECT_COMMAND_CENTER_UI_LANE\HELPER_FILE_SURFACE_PREFLIGHT_20260606\DRY_RUN__ROOT_HELD_ROUTE_SELECTOR_ROWS_20260609_V0_2_20260609_161521.csv","C:\Users\13527\Desktop\123\Jxhnny_Kl33N_Seedz\HOUSE_WORK\PROJECT_COMMAND_CENTER_UI_LANE\HELPER_FILE_SURFACE_PREFLIGHT_20260606\DRY_RUN__ROOT_HELD_ROUTE_SELECTOR_ROWS_20260609_V0_2_20260609_161521.csv","Structured root ROOT_HOUSE_WORK file was missing from matching git lane.","140EA5E1CD74492A6CAF8B83BC6C4942C94E795527DF3DAF639CC9BCBFA4B0C5","42387"
"MOVED_STRUCTURED_ROOT_FILE_TO_REPO_LANE","C:\Users\13527\Desktop\123\HOUSE_WORK\PROJECT_COMMAND_CENTER_UI_LANE\HELPER_FILE_SURFACE_PREFLIGHT_20260606\DRY_RUN__ROOT_HELD_ROUTE_SELECTOR_ROWS_20260609_V0_2_20260609_161633.csv","C:\Users\13527\Desktop\123\Jxhnny_Kl33N_Seedz\HOUSE_WORK\PROJECT_COMMAND_CENTER_UI_LANE\HELPER_FILE_SURFACE_PREFLIGHT_20260606\DRY_RUN__ROOT_HELD_ROUTE_SELECTOR_ROWS_20260609_V0_2_20260609_161633.csv","Structured root ROOT_HOUSE_WORK file was missing from matching git lane.","140EA5E1CD74492A6CAF8B83BC6C4942C94E795527DF3DAF639CC9BCBFA4B0C5","42387"
"MOVED_STRUCTURED_ROOT_FILE_TO_REPO_LANE","C:\Users\13527\Desktop\123\HOUSE_WORK\PROJECT_COMMAND_CENTER_UI_LANE\HELPER_FILE_SURFACE_PREFLIGHT_20260606\ERROR_FREEZE__64_ROW_HELPER_SCRIPT_REVIEW_QUEUE_HSRB_001_006_COVERAGE_ROLLUP_V0_1_COLLECTION_CAST_FAILURE_20260609.md","C:\Users\13527\Desktop\123\Jxhnny_Kl33N_Seedz\HOUSE_WORK\PROJECT_COMMAND_CENTER_UI_LANE\HELPER_FILE_SURFACE_PREFLIGHT_20260606\ERROR_FREEZE__64_ROW_HELPER_SCRIPT_REVIEW_QUEUE_HSRB_001_006_COVERAGE_ROLLUP_V0_1_COLLECTION_CAST_FAILURE_20260609.md","Structured root ROOT_HOUSE_WORK file was missing from matching git lane.","EFCDC29349C35334911BE28F92A2E29A91A6756253A46ABA695D65D5F91F1FBC","689"
"MOVED_STRUCTURED_ROOT_FILE_TO_REPO_LANE","C:\Users\13527\Desktop\123\HOUSE_WORK\PROJECT_COMMAND_CENTER_UI_LANE\HELPER_FILE_SURFACE_PREFLIGHT_20260606\ERROR_FREEZE__64_ROW_HELPER_SCRIPT_REVIEW_QUEUE_HSRB_001_006_COVERAGE_ROLLUP_V0_2_COUNT_PROPERTY_FAILURE_20260609.md","C:\Users\13527\Desktop\123\Jxhnny_Kl33N_Seedz\HOUSE_WORK\PROJECT_COMMAND_CENTER_UI_LANE\HELPER_FILE_SURFACE_PREFLIGHT_20260606\ERROR_FREEZE__64_ROW_HELPER_SCRIPT_REVIEW_QUEUE_HSRB_001_006_COVERAGE_ROLLUP_V0_2_COUNT_PROPERTY_FAILURE_20260609.md","Structured root ROOT_HOUSE_WORK file was missing from matching git lane.","F4FE90CABC6223F4CA871EA75C718272DBE2BF009571DD47E387A17F3320D6D4","913"
"MOVED_STRUCTURED_ROOT_FILE_TO_REPO_LANE","C:\Users\13527\Desktop\123\HOUSE_WORK\PROJECT_COMMAND_CENTER_UI_LANE\HELPER_FILE_SURFACE_PREFLIGHT_20260606\ERROR_FREEZE__HELPER_SCRIPT_REVIEW_QUEUE_FROM_64_REVIEW_ROWS_V0_1_ARGUMENT_TYPES_MISMATCH_20260609.md","C:\Users\13527\Desktop\123\Jxhnny_Kl33N_Seedz\HOUSE_WORK\PROJECT_COMMAND_CENTER_UI_LANE\HELPER_FILE_SURFACE_PREFLIGHT_20260606\ERROR_FREEZE__HELPER_SCRIPT_REVIEW_QUEUE_FROM_64_REVIEW_ROWS_V0_1_ARGUMENT_TYPES_MISMATCH_20260609.md","Structured root ROOT_HOUSE_WORK file was missing from matching git lane.","84E66549984312465787169746F8BB50EF80248511D5ED97866E6C4EBA77E2A7","843"
"MOVED_STRUCTURED_ROOT_FILE_TO_REPO_LANE","C:\Users\13527\Desktop\123\HOUSE_WORK\PROJECT_COMMAND_CENTER_UI_LANE\HELPER_FILE_SURFACE_PREFLIGHT_20260606\ERROR_FREEZE__HSRB_001_PROOF_INDEX_CLOSEOUT_V0_1_EMPTY_COLLECTION_BINDING_20260609.md","C:\Users\13527\Desktop\123\Jxhnny_Kl33N_Seedz\HOUSE_WORK\PROJECT_COMMAND_CENTER_UI_LANE\HELPER_FILE_SURFACE_PREFLIGHT_20260606\ERROR_FREEZE__HSRB_001_PROOF_INDEX_CLOSEOUT_V0_1_EMPTY_COLLECTION_BINDING_20260609.md","Structured root ROOT_HOUSE_WORK file was missing from matching git lane.","78FA5E4B457D5B21656E8B2CB4FA47CD7B378974A86E78C35B3CA2B0CBEBAC07","516"
"MOVED_STRUCTURED_ROOT_FILE_TO_REPO_LANE","C:\Users\13527\Desktop\123\HOUSE_WORK\PROJECT_COMMAND_CENTER_UI_LANE\HELPER_FILE_SURFACE_PREFLIGHT_20260606\ERROR_FREEZE__HSRB_001_STATIC_REVIEW_DECISION_CLOSEOUT_V0_1_MISSING_DECISION_PROPERTY_20260609.md","C:\Users\13527\Desktop\123\Jxhnny_Kl33N_Seedz\HOUSE_WORK\PROJECT_COMMAND_CENTER_UI_LANE\HELPER_FILE_SURFACE_PREFLIGHT_20260606\ERROR_FREEZE__HSRB_001_STATIC_REVIEW_DECISION_CLOSEOUT_V0_1_MISSING_DECISION_PROPERTY_20260609.md","Structured root ROOT_HOUSE_WORK file was missing from matching git lane.","8B0B94882430BF64D6AAFE79425AA4450485839D25A29917FC2A3E25C4C6528D","741"
"MOVED_STRUCTURED_ROOT_FILE_TO_REPO_LANE","C:\Users\13527\Desktop\123\HOUSE_WORK\PROJECT_COMMAND_CENTER_UI_LANE\HELPER_FILE_SURFACE_PREFLIGHT_20260606\ERROR_FREEZE__HSRB_002_STATIC_REVIEW_DECISION_CLOSEOUT_V0_1_EMPTY_STRING_LINES_BINDING_20260609.md","C:\Users\13527\Desktop\123\Jxhnny_Kl33N_Seedz\HOUSE_WORK\PROJECT_COMMAND_CENTER_UI_LANE\HELPER_FILE_SURFACE_PREFLIGHT_20260606\ERROR_FREEZE__HSRB_002_STATIC_REVIEW_DECISION_CLOSEOUT_V0_1_EMPTY_STRING_LINES_BINDING_20260609.md","Structured root ROOT_HOUSE_WORK file was missing from matching git lane.","3E03864815609A4493388627F97792A98644EF1DB203270B995DA766101F8C69","695"
"MOVED_STRUCTURED_ROOT_FILE_TO_REPO_LANE","C:\Users\13527\Desktop\123\HOUSE_WORK\PROJECT_COMMAND_CENTER_UI_LANE\HELPER_FILE_SURFACE_PREFLIGHT_20260606\ERROR_FREEZE__HSRB_002_TEMPLATE_RULE_AND_ATTEMPT_INDEX_V0_1_BLANK_TICKET_ID_CUSTODY_DISPLAY_DEFECT_20260609.md","C:\Users\13527\Desktop\123\Jxhnny_Kl33N_Seedz\HOUSE_WORK\PROJECT_COMMAND_CENTER_UI_LANE\HELPER_FILE_SURFACE_PREFLIGHT_20260606\ERROR_FREEZE__HSRB_002_TEMPLATE_RULE_AND_ATTEMPT_INDEX_V0_1_BLANK_TICKET_ID_CUSTODY_DISPLAY_DEFECT_20260609.md","Structured root ROOT_HOUSE_WORK file was missing from matching git lane.","4A381921A40FD737B4ED7FCE9B69C3E4579E65A9E0F5A507F2405CEE3687FEB5","809"
"MOVED_STRUCTURED_ROOT_FILE_TO_REPO_LANE","C:\Users\13527\Desktop\123\HOUSE_WORK\PROJECT_COMMAND_CENTER_UI_LANE\HELPER_FILE_SURFACE_PREFLIGHT_20260606\ERROR_FREEZE__HSRB_002_TEMPLATE_RULE_AND_ATTEMPT_INDEX_V0_2_ZERO_ROLE_COUNTS_AFTER_TICKET_ID_REPAIR_20260609.md","C:\Users\13527\Desktop\123\Jxhnny_Kl33N_Seedz\HOUSE_WORK\PROJECT_COMMAND_CENTER_UI_LANE\HELPER_FILE_SURFACE_PREFLIGHT_20260606\ERROR_FREEZE__HSRB_002_TEMPLATE_RULE_AND_ATTEMPT_INDEX_V0_2_ZERO_ROLE_COUNTS_AFTER_TICKET_ID_REPAIR_20260609.md","Structured root ROOT_HOUSE_WORK file was missing from matching git lane.","EE6C40602AD4EBE22AF56B19474D848836DE68980498712635E66CD218EA260A","732"
"MOVED_STRUCTURED_ROOT_FILE_TO_REPO_LANE","C:\Users\13527\Desktop\123\HOUSE_WORK\PROJECT_COMMAND_CENTER_UI_LANE\HELPER_FILE_SURFACE_PREFLIGHT_20260606\ERROR_FREEZE__HSRB_002_TEMPLATE_RULE_AND_ATTEMPT_INDEX_V0_3_TICKET_ID_STILL_BLANK_AFTER_ROLE_COUNT_REPAIR_20260609.md","C:\Users\13527\Desktop\123\Jxhnny_Kl33N_Seedz\HOUSE_WORK\PROJECT_COMMAND_CENTER_UI_LANE\HELPER_FILE_SURFACE_PREFLIGHT_20260606\ERROR_FREEZE__HSRB_002_TEMPLATE_RULE_AND_ATTEMPT_INDEX_V0_3_TICKET_ID_STILL_BLANK_AFTER_ROLE_COUNT_REPAIR_20260609.md","Structured root ROOT_HOUSE_WORK file was missing from matching git lane.","6A24C5596A9564F4ACC196C936000D4D5439D59613629CD03C46F169A3075522","362"
"MOVED_STRUCTURED_ROOT_FILE_TO_REPO_LANE","C:\Users\13527\Desktop\123\HOUSE_WORK\PROJECT_COMMAND_CENTER_UI_LANE\HELPER_FILE_SURFACE_PREFLIGHT_20260606\ERROR_FREEZE__HSRB_002_TEMPLATE_RULE_AND_ATTEMPT_INDEX_V0_4_MISSING_SHA256_AFTER_TICKET_ID_AND_ROLE_COUNT_REPAIR_20260609.md","C:\Users\13527\Desktop\123\Jxhnny_Kl33N_Seedz\HOUSE_WORK\PROJECT_COMMAND_CENTER_UI_LANE\HELPER_FILE_SURFACE_PREFLIGHT_20260606\ERROR_FREEZE__HSRB_002_TEMPLATE_RULE_AND_ATTEMPT_INDEX_V0_4_MISSING_SHA256_AFTER_TICKET_ID_AND_ROLE_COUNT_REPAIR_20260609.md","Structured root ROOT_HOUSE_WORK file was missing from matching git lane.","976491479D192C2E1E628D36A4CFDFE146D730DF38BB3FD824FCBD598AB6F500","495"
"MOVED_STRUCTURED_ROOT_FILE_TO_REPO_LANE","C:\Users\13527\Desktop\123\HOUSE_WORK\PROJECT_COMMAND_CENTER_UI_LANE\HELPER_FILE_SURFACE_PREFLIGHT_20260606\ERROR_FREEZE__HSRB_002_TICKET_ID_REPAIR_V0_1_NULL_LINE_LIST_FACTORY_20260609.md","C:\Users\13527\Desktop\123\Jxhnny_Kl33N_Seedz\HOUSE_WORK\PROJECT_COMMAND_CENTER_UI_LANE\HELPER_FILE_SURFACE_PREFLIGHT_20260606\ERROR_FREEZE__HSRB_002_TICKET_ID_REPAIR_V0_1_NULL_LINE_LIST_FACTORY_20260609.md","Structured root ROOT_HOUSE_WORK file was missing from matching git lane.","761BD07BDA314BE6993CDB91DACDCDE8204B8B046A961C4D80D5217F80B6C51A","789"
"MOVED_STRUCTURED_ROOT_FILE_TO_REPO_LANE","C:\Users\13527\Desktop\123\HOUSE_WORK\PROJECT_COMMAND_CENTER_UI_LANE\HELPER_FILE_SURFACE_PREFLIGHT_20260606\ERROR_FREEZE__HSRB_003_BATCH_SELECTOR_V0_1_BLANK_TICKET_ID_CUSTODY_DISPLAY_DEFECT_20260609.md","C:\Users\13527\Desktop\123\Jxhnny_Kl33N_Seedz\HOUSE_WORK\PROJECT_COMMAND_CENTER_UI_LANE\HELPER_FILE_SURFACE_PREFLIGHT_20260606\ERROR_FREEZE__HSRB_003_BATCH_SELECTOR_V0_1_BLANK_TICKET_ID_CUSTODY_DISPLAY_DEFECT_20260609.md","Structured root ROOT_HOUSE_WORK file was missing from matching git lane.","44D082B267BCE6A3C80F679A26085EE2888DE04DB0A7A0652A95C89C73DF01C5","655"
"MOVED_STRUCTURED_ROOT_FILE_TO_REPO_LANE","C:\Users\13527\Desktop\123\HOUSE_WORK\PROJECT_COMMAND_CENTER_UI_LANE\HELPER_FILE_SURFACE_PREFLIGHT_20260606\ERROR_FREEZE__HSRB_003_RISK_MARKER_AND_DISPOSITION_INDEX_V0_1_RISK_CLASS_MISMATCH_AND_BLANK_CSV_SHA_20260609.md","C:\Users\13527\Desktop\123\Jxhnny_Kl33N_Seedz\HOUSE_WORK\PROJECT_COMMAND_CENTER_UI_LANE\HELPER_FILE_SURFACE_PREFLIGHT_20260606\ERROR_FREEZE__HSRB_003_RISK_MARKER_AND_DISPOSITION_INDEX_V0_1_RISK_CLASS_MISMATCH_AND_BLANK_CSV_SHA_20260609.md","Structured root ROOT_HOUSE_WORK file was missing from matching git lane.","6BAEDF5C4DB4CD16E008802FDF3C5178E4DA316179CD49EB92D874A9CA448F55","1111"
"MOVED_STRUCTURED_ROOT_FILE_TO_REPO_LANE","C:\Users\13527\Desktop\123\HOUSE_WORK\PROJECT_COMMAND_CENTER_UI_LANE\HELPER_FILE_SURFACE_PREFLIGHT_20260606\ERROR_FREEZE__HSRB_004_DISPOSITION_INDEX_V0_1_LIST_ARRAY_ARGUMENT_TYPE_MISMATCH_20260609.md","C:\Users\13527\Desktop\123\Jxhnny_Kl33N_Seedz\HOUSE_WORK\PROJECT_COMMAND_CENTER_UI_LANE\HELPER_FILE_SURFACE_PREFLIGHT_20260606\ERROR_FREEZE__HSRB_004_DISPOSITION_INDEX_V0_1_LIST_ARRAY_ARGUMENT_TYPE_MISMATCH_20260609.md","Structured root ROOT_HOUSE_WORK file was missing from matching git lane.","FAF34D909A7F6994C59CF7EAD1042D743EE37F7C2C972D317986746E84B402D5","515"
"MOVED_STRUCTURED_ROOT_FILE_TO_REPO_LANE","C:\Users\13527\Desktop\123\HOUSE_WORK\PROJECT_COMMAND_CENTER_UI_LANE\HELPER_FILE_SURFACE_PREFLIGHT_20260606\ERROR_FREEZE__HSRB_004_DISPOSITION_INDEX_V0_2_VERIFY_ROWS_ARGUMENT_TYPE_MISMATCH_20260609.md","C:\Users\13527\Desktop\123\Jxhnny_Kl33N_Seedz\HOUSE_WORK\PROJECT_COMMAND_CENTER_UI_LANE\HELPER_FILE_SURFACE_PREFLIGHT_20260606\ERROR_FREEZE__HSRB_004_DISPOSITION_INDEX_V0_2_VERIFY_ROWS_ARGUMENT_TYPE_MISMATCH_20260609.md","Structured root ROOT_HOUSE_WORK file was missing from matching git lane.","EC75AE1F9591B212B57B1DDE945C1BB4A3B397C715D4BD1CC6D400EAC975A855","498"
"MOVED_STRUCTURED_ROOT_FILE_TO_REPO_LANE","C:\Users\13527\Desktop\123\HOUSE_WORK\PROJECT_COMMAND_CENTER_UI_LANE\HELPER_FILE_SURFACE_PREFLIGHT_20260606\ERROR_FREEZE__HSRB_005_NEXT_BATCH_SELECTOR_V0_1_NULL_QUEUE_ROWS_COLLECTION_FACTORY_20260609.md","C:\Users\13527\Desktop\123\Jxhnny_Kl33N_Seedz\HOUSE_WORK\PROJECT_COMMAND_CENTER_UI_LANE\HELPER_FILE_SURFACE_PREFLIGHT_20260606\ERROR_FREEZE__HSRB_005_NEXT_BATCH_SELECTOR_V0_1_NULL_QUEUE_ROWS_COLLECTION_FACTORY_20260609.md","Structured root ROOT_HOUSE_WORK file was missing from matching git lane.","E91F4E1EA2CF7A829B0E3070A993FD64FFC0F22F4049F5353EC33EE818FA9111","1049"
"MOVED_STRUCTURED_ROOT_FILE_TO_REPO_LANE","C:\Users\13527\Desktop\123\HOUSE_WORK\PROJECT_COMMAND_CENTER_UI_LANE\HELPER_FILE_SURFACE_PREFLIGHT_20260606\ERROR_FREEZE__HSRB_005_STATIC_REVIEW_DECISION_CLOSEOUT_V0_1_MISSING_ACTUAL_SHA_AND_HIGH_RISK_REVIEW_ONLY_BLOCKER_SEMANTIC_MISMATCH_20260609.md","C:\Users\13527\Desktop\123\Jxhnny_Kl33N_Seedz\HOUSE_WORK\PROJECT_COMMAND_CENTER_UI_LANE\HELPER_FILE_SURFACE_PREFLIGHT_20260606\ERROR_FREEZE__HSRB_005_STATIC_REVIEW_DECISION_CLOSEOUT_V0_1_MISSING_ACTUAL_SHA_AND_HIGH_RISK_REVIEW_ONLY_BLOCKER_SEMANTIC_MISMATCH_20260609.md","Structured root ROOT_HOUSE_WORK file was missing from matching git lane.","2ABC431E654FD627396F8809127094490037CBD775E795207C9CF5198872ED1F","1469"
"MOVED_STRUCTURED_ROOT_FILE_TO_REPO_LANE","C:\Users\13527\Desktop\123\HOUSE_WORK\PROJECT_COMMAND_CENTER_UI_LANE\HELPER_FILE_SURFACE_PREFLIGHT_20260606\ERROR_FREEZE__HSRB_005_STATIC_REVIEW_DECISION_CLOSEOUT_V0_2_BLANK_LINE_WRITER_PARAMETER_BINDING_FAILURE_20260609.md","C:\Users\13527\Desktop\123\Jxhnny_Kl33N_Seedz\HOUSE_WORK\PROJECT_COMMAND_CENTER_UI_LANE\HELPER_FILE_SURFACE_PREFLIGHT_20260606\ERROR_FREEZE__HSRB_005_STATIC_REVIEW_DECISION_CLOSEOUT_V0_2_BLANK_LINE_WRITER_PARAMETER_BINDING_FAILURE_20260609.md","Structured root ROOT_HOUSE_WORK file was missing from matching git lane.","1B33BFA654961CDC4D9751BC07D529CCB522A8C2DA3F2ACE22FB619B55266153","945"
"MOVED_STRUCTURED_ROOT_FILE_TO_REPO_LANE","C:\Users\13527\Desktop\123\HOUSE_WORK\PROJECT_COMMAND_CENTER_UI_LANE\HELPER_FILE_SURFACE_PREFLIGHT_20260606\ERROR_FREEZE__HSRB_005_STATIC_REVIEW_DECISION_CLOSEOUT_V0_3_HIGH_RISK_VERDICT_WORDING_OVERCLAIM_20260609.md","C:\Users\13527\Desktop\123\Jxhnny_Kl33N_Seedz\HOUSE_WORK\PROJECT_COMMAND_CENTER_UI_LANE\HELPER_FILE_SURFACE_PREFLIGHT_20260606\ERROR_FREEZE__HSRB_005_STATIC_REVIEW_DECISION_CLOSEOUT_V0_3_HIGH_RISK_VERDICT_WORDING_OVERCLAIM_20260609.md","Structured root ROOT_HOUSE_WORK file was missing from matching git lane.","D0707A512E5773AD2E79C9B5EFE5754E1B317116EFB0F13D129959E3D0BFE401","1248"
"MOVED_STRUCTURED_ROOT_FILE_TO_REPO_LANE","C:\Users\13527\Desktop\123\HOUSE_WORK\PROJECT_COMMAND_CENTER_UI_LANE\HELPER_FILE_SURFACE_PREFLIGHT_20260606\ERROR_FREEZE__HSRB_006_NEXT_BATCH_SELECTOR_V0_1_ACTION_NOW_SEMANTIC_BLOCKER_20260609.md","C:\Users\13527\Desktop\123\Jxhnny_Kl33N_Seedz\HOUSE_WORK\PROJECT_COMMAND_CENTER_UI_LANE\HELPER_FILE_SURFACE_PREFLIGHT_20260606\ERROR_FREEZE__HSRB_006_NEXT_BATCH_SELECTOR_V0_1_ACTION_NOW_SEMANTIC_BLOCKER_20260609.md","Structured root ROOT_HOUSE_WORK file was missing from matching git lane.","767F1C10D8BDCC119FCB0BD5C6A9BFA74ECC5510CE77C6C36FF7666033A9F3E0","733"
"MOVED_STRUCTURED_ROOT_FILE_TO_REPO_LANE","C:\Users\13527\Desktop\123\HOUSE_WORK\PROJECT_COMMAND_CENTER_UI_LANE\HELPER_FILE_SURFACE_PREFLIGHT_20260606\ERROR_FREEZE__ROOT_HELD_ROUTE_DRY_RUN_SELECTOR_V0_4_ARGUMENT_TYPES_MISMATCH_20260609.md","C:\Users\13527\Desktop\123\Jxhnny_Kl33N_Seedz\HOUSE_WORK\PROJECT_COMMAND_CENTER_UI_LANE\HELPER_FILE_SURFACE_PREFLIGHT_20260606\ERROR_FREEZE__ROOT_HELD_ROUTE_DRY_RUN_SELECTOR_V0_4_ARGUMENT_TYPES_MISMATCH_20260609.md","Structured root ROOT_HOUSE_WORK file was missing from matching git lane.","0427E628F63DE2651668F3A95B85172CD1E00D0A406DE2A50FB7AD5B394A12FC","895"
"MOVED_STRUCTURED_ROOT_FILE_TO_REPO_LANE","C:\Users\13527\Desktop\123\HOUSE_WORK\PROJECT_COMMAND_CENTER_UI_LANE\HELPER_FILE_SURFACE_PREFLIGHT_20260606\ERROR_FREEZE__ROOT_HELD_ROUTE_DRY_RUN_SELECTOR_V0_5_REVIEW_CARD_V0_1_PARSER_ERROR_20260609.md","C:\Users\13527\Desktop\123\Jxhnny_Kl33N_Seedz\HOUSE_WORK\PROJECT_COMMAND_CENTER_UI_LANE\HELPER_FILE_SURFACE_PREFLIGHT_20260606\ERROR_FREEZE__ROOT_HELD_ROUTE_DRY_RUN_SELECTOR_V0_5_REVIEW_CARD_V0_1_PARSER_ERROR_20260609.md","Structured root ROOT_HOUSE_WORK file was missing from matching git lane.","A93F233453F0339A41096813161001896B97EB51F7C487E44FAC460477EDA3C7","773"
"MOVED_STRUCTURED_ROOT_FILE_TO_REPO_LANE","C:\Users\13527\Desktop\123\HOUSE_WORK\PROJECT_COMMAND_CENTER_UI_LANE\HELPER_FILE_SURFACE_PREFLIGHT_20260606\ERROR_FREEZE__ROOT_HELD_ROUTE_DRY_RUN_SELECTOR_V0_5_USER_REVIEW_PACKET_V0_1_ARGUMENT_TYPES_MISMATCH_20260609.md","C:\Users\13527\Desktop\123\Jxhnny_Kl33N_Seedz\HOUSE_WORK\PROJECT_COMMAND_CENTER_UI_LANE\HELPER_FILE_SURFACE_PREFLIGHT_20260606\ERROR_FREEZE__ROOT_HELD_ROUTE_DRY_RUN_SELECTOR_V0_5_USER_REVIEW_PACKET_V0_1_ARGUMENT_TYPES_MISMATCH_20260609.md","Structured root ROOT_HOUSE_WORK file was missing from matching git lane.","A87FA7F91A2EA73427ADBBC4E4256441FDCBC679AD7B676681DBCC57F6102599","638"
"MOVED_STRUCTURED_ROOT_FILE_TO_REPO_LANE","C:\Users\13527\Desktop\123\HOUSE_WORK\PROJECT_COMMAND_CENTER_UI_LANE\HELPER_FILE_SURFACE_PREFLIGHT_20260606\ERROR_FREEZE__STATIC_REVIEW_PACKET_BATCH_HSRB_001_V0_1_NULL_LINE_LIST_20260609.md","C:\Users\13527\Desktop\123\Jxhnny_Kl33N_Seedz\HOUSE_WORK\PROJECT_COMMAND_CENTER_UI_LANE\HELPER_FILE_SURFACE_PREFLIGHT_20260606\ERROR_FREEZE__STATIC_REVIEW_PACKET_BATCH_HSRB_001_V0_1_NULL_LINE_LIST_20260609.md","Structured root ROOT_HOUSE_WORK file was missing from matching git lane.","330DD4D803A29EBD427AD8ABD1F0A12B766F48A0005219F9B704ABCED6EFD8FB","708"
"MOVED_STRUCTURED_ROOT_FILE_TO_REPO_LANE","C:\Users\13527\Desktop\123\HOUSE_WORK\PROJECT_COMMAND_CENTER_UI_LANE\HELPER_FILE_SURFACE_PREFLIGHT_20260606\FIX_NOTE__64_ROW_HELPER_SCRIPT_REVIEW_QUEUE_HSRB_001_006_COVERAGE_ROLLUP_V0_2_SAFE_COLLECTION_ENUMERATION_20260609.md","C:\Users\13527\Desktop\123\Jxhnny_Kl33N_Seedz\HOUSE_WORK\PROJECT_COMMAND_CENTER_UI_LANE\HELPER_FILE_SURFACE_PREFLIGHT_20260606\FIX_NOTE__64_ROW_HELPER_SCRIPT_REVIEW_QUEUE_HSRB_001_006_COVERAGE_ROLLUP_V0_2_SAFE_COLLECTION_ENUMERATION_20260609.md","Structured root ROOT_HOUSE_WORK file was missing from matching git lane.","8DD7449F9A1998DE2EC9486CAE1502EC00BFFCD754E5FD87D030FB49DA5A24B5","520"
"MOVED_STRUCTURED_ROOT_FILE_TO_REPO_LANE","C:\Users\13527\Desktop\123\HOUSE_WORK\PROJECT_COMMAND_CENTER_UI_LANE\HELPER_FILE_SURFACE_PREFLIGHT_20260606\FIX_NOTE__64_ROW_HELPER_SCRIPT_REVIEW_QUEUE_HSRB_001_006_COVERAGE_ROLLUP_V0_3_EXPLICIT_LIST_COUNTERS_20260609.md","C:\Users\13527\Desktop\123\Jxhnny_Kl33N_Seedz\HOUSE_WORK\PROJECT_COMMAND_CENTER_UI_LANE\HELPER_FILE_SURFACE_PREFLIGHT_20260606\FIX_NOTE__64_ROW_HELPER_SCRIPT_REVIEW_QUEUE_HSRB_001_006_COVERAGE_ROLLUP_V0_3_EXPLICIT_LIST_COUNTERS_20260609.md","Structured root ROOT_HOUSE_WORK file was missing from matching git lane.","349421525774A1B4EAC9F4DCAF9E960AAF34AB6086A98BCBF23E7FFF99805917","678"
"MOVED_STRUCTURED_ROOT_FILE_TO_REPO_LANE","C:\Users\13527\Desktop\123\HOUSE_WORK\PROJECT_COMMAND_CENTER_UI_LANE\HELPER_FILE_SURFACE_PREFLIGHT_20260606\FIX_NOTE__HELPER_SCRIPT_REVIEW_QUEUE_FROM_64_REVIEW_ROWS_V0_2_COUNT_AND_STRING_CAST_REPAIR_20260609.md","C:\Users\13527\Desktop\123\Jxhnny_Kl33N_Seedz\HOUSE_WORK\PROJECT_COMMAND_CENTER_UI_LANE\HELPER_FILE_SURFACE_PREFLIGHT_20260606\FIX_NOTE__HELPER_SCRIPT_REVIEW_QUEUE_FROM_64_REVIEW_ROWS_V0_2_COUNT_AND_STRING_CAST_REPAIR_20260609.md","Structured root ROOT_HOUSE_WORK file was missing from matching git lane.","DA09D93D9641134E1DCA1E4BEA29E09D90F6A344EB5697E61ABB0A9A0C707C21","507"
"MOVED_STRUCTURED_ROOT_FILE_TO_REPO_LANE","C:\Users\13527\Desktop\123\HOUSE_WORK\PROJECT_COMMAND_CENTER_UI_LANE\HELPER_FILE_SURFACE_PREFLIGHT_20260606\FIX_NOTE__HSRB_001_PROOF_INDEX_CLOSEOUT_V0_2_LIST_PARAMETER_REPAIR_20260609.md","C:\Users\13527\Desktop\123\Jxhnny_Kl33N_Seedz\HOUSE_WORK\PROJECT_COMMAND_CENTER_UI_LANE\HELPER_FILE_SURFACE_PREFLIGHT_20260606\FIX_NOTE__HSRB_001_PROOF_INDEX_CLOSEOUT_V0_2_LIST_PARAMETER_REPAIR_20260609.md","Structured root ROOT_HOUSE_WORK file was missing from matching git lane.","297F6DF7EEC5AA27D1598EDBF063461ADF0342573B845E930A6E5E443477E383","415"
"MOVED_STRUCTURED_ROOT_FILE_TO_REPO_LANE","C:\Users\13527\Desktop\123\HOUSE_WORK\PROJECT_COMMAND_CENTER_UI_LANE\HELPER_FILE_SURFACE_PREFLIGHT_20260606\FIX_NOTE__HSRB_001_STATIC_REVIEW_DECISION_CLOSEOUT_V0_2_STATIC_DISPOSITION_COLUMN_REPAIR_20260609.md","C:\Users\13527\Desktop\123\Jxhnny_Kl33N_Seedz\HOUSE_WORK\PROJECT_COMMAND_CENTER_UI_LANE\HELPER_FILE_SURFACE_PREFLIGHT_20260606\FIX_NOTE__HSRB_001_STATIC_REVIEW_DECISION_CLOSEOUT_V0_2_STATIC_DISPOSITION_COLUMN_REPAIR_20260609.md","Structured root ROOT_HOUSE_WORK file was missing from matching git lane.","ED270AA8B00DD3879CA419CDE8A096503478CEA8F19EB4D7B8588B3BA9AC65EC","676"
"MOVED_STRUCTURED_ROOT_FILE_TO_REPO_LANE","C:\Users\13527\Desktop\123\HOUSE_WORK\PROJECT_COMMAND_CENTER_UI_LANE\HELPER_FILE_SURFACE_PREFLIGHT_20260606\FIX_NOTE__HSRB_002_STATIC_REVIEW_DECISION_CLOSEOUT_V0_2_ALLOW_EMPTY_LINES_REPAIR_20260609.md","C:\Users\13527\Desktop\123\Jxhnny_Kl33N_Seedz\HOUSE_WORK\PROJECT_COMMAND_CENTER_UI_LANE\HELPER_FILE_SURFACE_PREFLIGHT_20260606\FIX_NOTE__HSRB_002_STATIC_REVIEW_DECISION_CLOSEOUT_V0_2_ALLOW_EMPTY_LINES_REPAIR_20260609.md","Structured root ROOT_HOUSE_WORK file was missing from matching git lane.","4CB8D7D6BC6197D5AA99D15F6F80B74FE941B3ED0DCC4D8F30F288576EC40105","611"
"MOVED_STRUCTURED_ROOT_FILE_TO_REPO_LANE","C:\Users\13527\Desktop\123\HOUSE_WORK\PROJECT_COMMAND_CENTER_UI_LANE\HELPER_FILE_SURFACE_PREFLIGHT_20260606\FIX_NOTE__HSRB_002_TEMPLATE_RULE_AND_ATTEMPT_INDEX_V0_2_TICKET_ID_PRESERVATION_REPAIR_20260609.md","C:\Users\13527\Desktop\123\Jxhnny_Kl33N_Seedz\HOUSE_WORK\PROJECT_COMMAND_CENTER_UI_LANE\HELPER_FILE_SURFACE_PREFLIGHT_20260606\FIX_NOTE__HSRB_002_TEMPLATE_RULE_AND_ATTEMPT_INDEX_V0_2_TICKET_ID_PRESERVATION_REPAIR_20260609.md","Structured root ROOT_HOUSE_WORK file was missing from matching git lane.","7A33D26162740DB987D2AC8D769B5C2973B46F1817DAD186C05794AC86A9B288","1009"
"MOVED_STRUCTURED_ROOT_FILE_TO_REPO_LANE","C:\Users\13527\Desktop\123\HOUSE_WORK\PROJECT_COMMAND_CENTER_UI_LANE\HELPER_FILE_SURFACE_PREFLIGHT_20260606\FIX_NOTE__HSRB_002_TEMPLATE_RULE_AND_ATTEMPT_INDEX_V0_3_TICKET_ID_AND_ROLE_COUNT_REPAIR_20260609.md","C:\Users\13527\Desktop\123\Jxhnny_Kl33N_Seedz\HOUSE_WORK\PROJECT_COMMAND_CENTER_UI_LANE\HELPER_FILE_SURFACE_PREFLIGHT_20260606\FIX_NOTE__HSRB_002_TEMPLATE_RULE_AND_ATTEMPT_INDEX_V0_3_TICKET_ID_AND_ROLE_COUNT_REPAIR_20260609.md","Structured root ROOT_HOUSE_WORK file was missing from matching git lane.","E14A177BE21A2D4E69B985F3BC654F675C86258D64A09B0BC81547B4FEB6963A","859"
"MOVED_STRUCTURED_ROOT_FILE_TO_REPO_LANE","C:\Users\13527\Desktop\123\HOUSE_WORK\PROJECT_COMMAND_CENTER_UI_LANE\HELPER_FILE_SURFACE_PREFLIGHT_20260606\FIX_NOTE__HSRB_002_TEMPLATE_RULE_AND_ATTEMPT_INDEX_V0_4_TICKET_ID_AND_ROLE_COUNT_REPAIR_20260609.md","C:\Users\13527\Desktop\123\Jxhnny_Kl33N_Seedz\HOUSE_WORK\PROJECT_COMMAND_CENTER_UI_LANE\HELPER_FILE_SURFACE_PREFLIGHT_20260606\FIX_NOTE__HSRB_002_TEMPLATE_RULE_AND_ATTEMPT_INDEX_V0_4_TICKET_ID_AND_ROLE_COUNT_REPAIR_20260609.md","Structured root ROOT_HOUSE_WORK file was missing from matching git lane.","6B0EEC013B1480148538F77944CC04A8C04F2B8AF1A105B93F04953D5CA7C0BB","440"
"MOVED_STRUCTURED_ROOT_FILE_TO_REPO_LANE","C:\Users\13527\Desktop\123\HOUSE_WORK\PROJECT_COMMAND_CENTER_UI_LANE\HELPER_FILE_SURFACE_PREFLIGHT_20260606\FIX_NOTE__HSRB_002_TEMPLATE_RULE_AND_ATTEMPT_INDEX_V0_5_TICKET_ID_ROLE_COUNT_AND_SHA_REPAIR_20260609.md","C:\Users\13527\Desktop\123\Jxhnny_Kl33N_Seedz\HOUSE_WORK\PROJECT_COMMAND_CENTER_UI_LANE\HELPER_FILE_SURFACE_PREFLIGHT_20260606\FIX_NOTE__HSRB_002_TEMPLATE_RULE_AND_ATTEMPT_INDEX_V0_5_TICKET_ID_ROLE_COUNT_AND_SHA_REPAIR_20260609.md","Structured root ROOT_HOUSE_WORK file was missing from matching git lane.","E48906F6505D7F921D84DE6D4FF7F514BE008A411C31BD91B7149C0548D55980","506"
"MOVED_STRUCTURED_ROOT_FILE_TO_REPO_LANE","C:\Users\13527\Desktop\123\HOUSE_WORK\PROJECT_COMMAND_CENTER_UI_LANE\HELPER_FILE_SURFACE_PREFLIGHT_20260606\FIX_NOTE__HSRB_003_BATCH_SELECTOR_V0_2_TICKET_ID_CUSTODY_REPAIR_20260609.md","C:\Users\13527\Desktop\123\Jxhnny_Kl33N_Seedz\HOUSE_WORK\PROJECT_COMMAND_CENTER_UI_LANE\HELPER_FILE_SURFACE_PREFLIGHT_20260606\FIX_NOTE__HSRB_003_BATCH_SELECTOR_V0_2_TICKET_ID_CUSTODY_REPAIR_20260609.md","Structured root ROOT_HOUSE_WORK file was missing from matching git lane.","20D8656FCD99BFFB7B0C4431F50E96D9F836D11EA0E73AB738FF0FDF2233B2D4","459"
"MOVED_STRUCTURED_ROOT_FILE_TO_REPO_LANE","C:\Users\13527\Desktop\123\HOUSE_WORK\PROJECT_COMMAND_CENTER_UI_LANE\HELPER_FILE_SURFACE_PREFLIGHT_20260606\FIX_NOTE__HSRB_003_RISK_MARKER_AND_DISPOSITION_INDEX_V0_2_RISK_CLASS_AND_CSV_SHA_REPAIR_20260609.md","C:\Users\13527\Desktop\123\Jxhnny_Kl33N_Seedz\HOUSE_WORK\PROJECT_COMMAND_CENTER_UI_LANE\HELPER_FILE_SURFACE_PREFLIGHT_20260606\FIX_NOTE__HSRB_003_RISK_MARKER_AND_DISPOSITION_INDEX_V0_2_RISK_CLASS_AND_CSV_SHA_REPAIR_20260609.md","Structured root ROOT_HOUSE_WORK file was missing from matching git lane.","7B8809E955208489028AAF7214C197CCB307F2BB8F47A332AD612C5226E1D875","705"
"MOVED_STRUCTURED_ROOT_FILE_TO_REPO_LANE","C:\Users\13527\Desktop\123\HOUSE_WORK\PROJECT_COMMAND_CENTER_UI_LANE\HELPER_FILE_SURFACE_PREFLIGHT_20260606\FIX_NOTE__HSRB_004_DISPOSITION_INDEX_V0_2_LIST_ARRAY_REPAIR_20260609.md","C:\Users\13527\Desktop\123\Jxhnny_Kl33N_Seedz\HOUSE_WORK\PROJECT_COMMAND_CENTER_UI_LANE\HELPER_FILE_SURFACE_PREFLIGHT_20260606\FIX_NOTE__HSRB_004_DISPOSITION_INDEX_V0_2_LIST_ARRAY_REPAIR_20260609.md","Structured root ROOT_HOUSE_WORK file was missing from matching git lane.","C338ED5D675C4098FAD248339D3266F0FC072C8BF5E2B8741D3E4D85E299E8EE","579"
"MOVED_STRUCTURED_ROOT_FILE_TO_REPO_LANE","C:\Users\13527\Desktop\123\HOUSE_WORK\PROJECT_COMMAND_CENTER_UI_LANE\HELPER_FILE_SURFACE_PREFLIGHT_20260606\FIX_NOTE__HSRB_004_DISPOSITION_INDEX_V0_3_ARRAY_ENUMERATION_REPAIR_20260609.md","C:\Users\13527\Desktop\123\Jxhnny_Kl33N_Seedz\HOUSE_WORK\PROJECT_COMMAND_CENTER_UI_LANE\HELPER_FILE_SURFACE_PREFLIGHT_20260606\FIX_NOTE__HSRB_004_DISPOSITION_INDEX_V0_3_ARRAY_ENUMERATION_REPAIR_20260609.md","Structured root ROOT_HOUSE_WORK file was missing from matching git lane.","C80A3FB7720AA886E8050AD2B215AB722ECB99B85EE05F620BDDA750D94E7653","569"
"MOVED_STRUCTURED_ROOT_FILE_TO_REPO_LANE","C:\Users\13527\Desktop\123\HOUSE_WORK\PROJECT_COMMAND_CENTER_UI_LANE\HELPER_FILE_SURFACE_PREFLIGHT_20260606\FIX_NOTE__HSRB_005_NEXT_BATCH_SELECTOR_V0_2_UNDERLYING_COLLECTION_PATTERN_REPAIR_20260609.md","C:\Users\13527\Desktop\123\Jxhnny_Kl33N_Seedz\HOUSE_WORK\PROJECT_COMMAND_CENTER_UI_LANE\HELPER_FILE_SURFACE_PREFLIGHT_20260606\FIX_NOTE__HSRB_005_NEXT_BATCH_SELECTOR_V0_2_UNDERLYING_COLLECTION_PATTERN_REPAIR_20260609.md","Structured root ROOT_HOUSE_WORK file was missing from matching git lane.","D089396265FDDE81E9ADACD1650D52E973DFD40BD2DCB548D96BFC456062DE26","716"
"MOVED_STRUCTURED_ROOT_FILE_TO_REPO_LANE","C:\Users\13527\Desktop\123\HOUSE_WORK\PROJECT_COMMAND_CENTER_UI_LANE\HELPER_FILE_SURFACE_PREFLIGHT_20260606\FIX_NOTE__HSRB_005_STATIC_REVIEW_DECISION_CLOSEOUT_V0_3_ACTUAL_SHA_RISK_CONTRACT_AND_BLANK_SAFE_WRITER_REPAIR_20260609.md","C:\Users\13527\Desktop\123\Jxhnny_Kl33N_Seedz\HOUSE_WORK\PROJECT_COMMAND_CENTER_UI_LANE\HELPER_FILE_SURFACE_PREFLIGHT_20260606\FIX_NOTE__HSRB_005_STATIC_REVIEW_DECISION_CLOSEOUT_V0_3_ACTUAL_SHA_RISK_CONTRACT_AND_BLANK_SAFE_WRITER_REPAIR_20260609.md","Structured root ROOT_HOUSE_WORK file was missing from matching git lane.","4516B0EF8B1F85A8807891175844D07BB9939ED5B5884F7C5DC1E3562C8047C4","1007"
"MOVED_STRUCTURED_ROOT_FILE_TO_REPO_LANE","C:\Users\13527\Desktop\123\HOUSE_WORK\PROJECT_COMMAND_CENTER_UI_LANE\HELPER_FILE_SURFACE_PREFLIGHT_20260606\FIX_NOTE__HSRB_005_STATIC_REVIEW_DECISION_CLOSEOUT_V0_4_MICRO_CONTRACT_COUNT_AND_VERDICT_RECONCILIATION_20260609.md","C:\Users\13527\Desktop\123\Jxhnny_Kl33N_Seedz\HOUSE_WORK\PROJECT_COMMAND_CENTER_UI_LANE\HELPER_FILE_SURFACE_PREFLIGHT_20260606\FIX_NOTE__HSRB_005_STATIC_REVIEW_DECISION_CLOSEOUT_V0_4_MICRO_CONTRACT_COUNT_AND_VERDICT_RECONCILIATION_20260609.md","Structured root ROOT_HOUSE_WORK file was missing from matching git lane.","A1FF942321E7E8B8B6585D8FEBC9EF06D805A01A4172056EE6F7AB20CEFCE163","612"
"MOVED_STRUCTURED_ROOT_FILE_TO_REPO_LANE","C:\Users\13527\Desktop\123\HOUSE_WORK\PROJECT_COMMAND_CENTER_UI_LANE\HELPER_FILE_SURFACE_PREFLIGHT_20260606\FIX_NOTE__HSRB_006_NEXT_BATCH_SELECTOR_V0_2_ACTION_NOW_SELECTOR_NORMALIZATION_AND_HIGH_RISK_REVIEW_ONLY_CLASSIFICATION_20260609.md","C:\Users\13527\Desktop\123\Jxhnny_Kl33N_Seedz\HOUSE_WORK\PROJECT_COMMAND_CENTER_UI_LANE\HELPER_FILE_SURFACE_PREFLIGHT_20260606\FIX_NOTE__HSRB_006_NEXT_BATCH_SELECTOR_V0_2_ACTION_NOW_SELECTOR_NORMALIZATION_AND_HIGH_RISK_REVIEW_ONLY_CLASSIFICATION_20260609.md","Structured root ROOT_HOUSE_WORK file was missing from matching git lane.","DB6E1C2D9B1ECE71B5BC6B1A3AFD92D769FD1A460E683853AA16799A48CEE154","688"
"MOVED_STRUCTURED_ROOT_FILE_TO_REPO_LANE","C:\Users\13527\Desktop\123\HOUSE_WORK\PROJECT_COMMAND_CENTER_UI_LANE\HELPER_FILE_SURFACE_PREFLIGHT_20260606\FIX_NOTE__ROOT_HELD_ROUTE_DRY_RUN_SELECTOR_V0_5_PARSER_REMOVED_LIVE_ROOT_BOARD_20260609.md","C:\Users\13527\Desktop\123\Jxhnny_Kl33N_Seedz\HOUSE_WORK\PROJECT_COMMAND_CENTER_UI_LANE\HELPER_FILE_SURFACE_PREFLIGHT_20260606\FIX_NOTE__ROOT_HELD_ROUTE_DRY_RUN_SELECTOR_V0_5_PARSER_REMOVED_LIVE_ROOT_BOARD_20260609.md","Structured root ROOT_HOUSE_WORK file was missing from matching git lane.","67CAE3E05821EFE70CA5A32FF3F15AAA3077CEEE98F9DE16FB5323440945FC7C","725"
"MOVED_STRUCTURED_ROOT_FILE_TO_REPO_LANE","C:\Users\13527\Desktop\123\HOUSE_WORK\PROJECT_COMMAND_CENTER_UI_LANE\HELPER_FILE_SURFACE_PREFLIGHT_20260606\FIX_NOTE__ROOT_HELD_ROUTE_DRY_RUN_SELECTOR_V0_5_REVIEW_CARD_V0_2_LITERAL_MARKDOWN_STRINGS_20260609.md","C:\Users\13527\Desktop\123\Jxhnny_Kl33N_Seedz\HOUSE_WORK\PROJECT_COMMAND_CENTER_UI_LANE\HELPER_FILE_SURFACE_PREFLIGHT_20260606\FIX_NOTE__ROOT_HELD_ROUTE_DRY_RUN_SELECTOR_V0_5_REVIEW_CARD_V0_2_LITERAL_MARKDOWN_STRINGS_20260609.md","Structured root ROOT_HOUSE_WORK file was missing from matching git lane.","363892E4442303938CF9A73C0362FFF2EB3FD5CACD4E4795FE7598B1471244D1","685"
"MOVED_STRUCTURED_ROOT_FILE_TO_REPO_LANE","C:\Users\13527\Desktop\123\HOUSE_WORK\PROJECT_COMMAND_CENTER_UI_LANE\HELPER_FILE_SURFACE_PREFLIGHT_20260606\FIX_NOTE__ROOT_HELD_ROUTE_DRY_RUN_SELECTOR_V0_5_USER_REVIEW_PACKET_V0_2_BORING_PACKET_WRITER_20260609.md","C:\Users\13527\Desktop\123\Jxhnny_Kl33N_Seedz\HOUSE_WORK\PROJECT_COMMAND_CENTER_UI_LANE\HELPER_FILE_SURFACE_PREFLIGHT_20260606\FIX_NOTE__ROOT_HELD_ROUTE_DRY_RUN_SELECTOR_V0_5_USER_REVIEW_PACKET_V0_2_BORING_PACKET_WRITER_20260609.md","Structured root ROOT_HOUSE_WORK file was missing from matching git lane.","12D3D833C2151B160F8227909E1E2414B434B3E50E484F9A4BA8B6243325252D","495"
"MOVED_STRUCTURED_ROOT_FILE_TO_REPO_LANE","C:\Users\13527\Desktop\123\HOUSE_WORK\PROJECT_COMMAND_CENTER_UI_LANE\HELPER_FILE_SURFACE_PREFLIGHT_20260606\FIX_NOTE__STATIC_REVIEW_PACKET_BATCH_HSRB_001_V0_2_LINE_LIST_FACTORY_REPAIR_20260609.md","C:\Users\13527\Desktop\123\Jxhnny_Kl33N_Seedz\HOUSE_WORK\PROJECT_COMMAND_CENTER_UI_LANE\HELPER_FILE_SURFACE_PREFLIGHT_20260606\FIX_NOTE__STATIC_REVIEW_PACKET_BATCH_HSRB_001_V0_2_LINE_LIST_FACTORY_REPAIR_20260609.md","Structured root ROOT_HOUSE_WORK file was missing from matching git lane.","F695C431215A3FF42C6D7517C77357671264BF3C90132E2E7682CEFDD9306E28","648"
"MOVED_STRUCTURED_ROOT_FILE_TO_REPO_LANE","C:\Users\13527\Desktop\123\HOUSE_WORK\PROJECT_COMMAND_CENTER_UI_LANE\HELPER_FILE_SURFACE_PREFLIGHT_20260606\FIXTURE_BENCH__COLLECTION_PARAMETER_BINDING_STATIC_NO_EXECUTION_20260609.csv","C:\Users\13527\Desktop\123\Jxhnny_Kl33N_Seedz\HOUSE_WORK\PROJECT_COMMAND_CENTER_UI_LANE\HELPER_FILE_SURFACE_PREFLIGHT_20260606\FIXTURE_BENCH__COLLECTION_PARAMETER_BINDING_STATIC_NO_EXECUTION_20260609.csv","Structured root ROOT_HOUSE_WORK file was missing from matching git lane.","95517D93378AFADF72F278EAC0217339A9B4DBBCF50F9AB8D331509ED5314002","2505"
"MOVED_STRUCTURED_ROOT_FILE_TO_REPO_LANE","C:\Users\13527\Desktop\123\HOUSE_WORK\PROJECT_COMMAND_CENTER_UI_LANE\HELPER_FILE_SURFACE_PREFLIGHT_20260606\FIXTURE_BENCH__COLLECTION_PARAMETER_BINDING_STATIC_NO_EXECUTION_20260609.md","C:\Users\13527\Desktop\123\Jxhnny_Kl33N_Seedz\HOUSE_WORK\PROJECT_COMMAND_CENTER_UI_LANE\HELPER_FILE_SURFACE_PREFLIGHT_20260606\FIXTURE_BENCH__COLLECTION_PARAMETER_BINDING_STATIC_NO_EXECUTION_20260609.md","Structured root ROOT_HOUSE_WORK file was missing from matching git lane.","60329BC6EC9774BB83190DEF18A89D562383D52C6D441DA79EE2FEDC80BA2389","3078"
"MOVED_STRUCTURED_ROOT_FILE_TO_REPO_LANE","C:\Users\13527\Desktop\123\HOUSE_WORK\PROJECT_COMMAND_CENTER_UI_LANE\HELPER_FILE_SURFACE_PREFLIGHT_20260606\FREEZE__HELPER_STATIC_GATE_BLOCKER_REPAIR_BRANCH_PARKED_NO_EXECUTION_20260609.md","C:\Users\13527\Desktop\123\Jxhnny_Kl33N_Seedz\HOUSE_WORK\PROJECT_COMMAND_CENTER_UI_LANE\HELPER_FILE_SURFACE_PREFLIGHT_20260606\FREEZE__HELPER_STATIC_GATE_BLOCKER_REPAIR_BRANCH_PARKED_NO_EXECUTION_20260609.md","Structured root ROOT_HOUSE_WORK file was missing from matching git lane.","C6AE299C2E43B420614AB687D41167FB17DD18BD5D9E393DDAE8BC55DC3F7EA4","1595"
"MOVED_STRUCTURED_ROOT_FILE_TO_REPO_LANE","C:\Users\13527\Desktop\123\HOUSE_WORK\PROJECT_COMMAND_CENTER_UI_LANE\HELPER_FILE_SURFACE_PREFLIGHT_20260606\FREEZE__ROOT_HELD_ROUTE_DRY_RUN_SELECTOR_V0_1_FAILED_BEFORE_VALID_VERDICT_COLLECTION_FACTORY_DEFECT_20260609.md","C:\Users\13527\Desktop\123\Jxhnny_Kl33N_Seedz\HOUSE_WORK\PROJECT_COMMAND_CENTER_UI_LANE\HELPER_FILE_SURFACE_PREFLIGHT_20260606\FREEZE__ROOT_HELD_ROUTE_DRY_RUN_SELECTOR_V0_1_FAILED_BEFORE_VALID_VERDICT_COLLECTION_FACTORY_DEFECT_20260609.md","Structured root ROOT_HOUSE_WORK file was missing from matching git lane.","52EAE30AE91D0A522EA58CDAD27BFA67CA866390BC04E5A8F299EFE0AE1CFC91","2109"
"MOVED_STRUCTURED_ROOT_FILE_TO_REPO_LANE","C:\Users\13527\Desktop\123\HOUSE_WORK\PROJECT_COMMAND_CENTER_UI_LANE\HELPER_FILE_SURFACE_PREFLIGHT_20260606\GATE_READINESS_BINDING_INTAKE_SCENT_ACCESSION_V0_1_20260608.md","C:\Users\13527\Desktop\123\Jxhnny_Kl33N_Seedz\HOUSE_WORK\PROJECT_COMMAND_CENTER_UI_LANE\HELPER_FILE_SURFACE_PREFLIGHT_20260606\GATE_READINESS_BINDING_INTAKE_SCENT_ACCESSION_V0_1_20260608.md","Structured root ROOT_HOUSE_WORK file was missing from matching git lane.","53DB8CD1A1DD22DACB9BFEEAE1947E274AC63B5097BD9959D0504F1CDD5CCDF0","6478"
"MOVED_STRUCTURED_ROOT_FILE_TO_REPO_LANE","C:\Users\13527\Desktop\123\HOUSE_WORK\PROJECT_COMMAND_CENTER_UI_LANE\HELPER_FILE_SURFACE_PREFLIGHT_20260606\GATE_READINESS_PLAN_20260608.md","C:\Users\13527\Desktop\123\Jxhnny_Kl33N_Seedz\HOUSE_WORK\PROJECT_COMMAND_CENTER_UI_LANE\HELPER_FILE_SURFACE_PREFLIGHT_20260606\GATE_READINESS_PLAN_20260608.md","Structured root ROOT_HOUSE_WORK file was missing from matching git lane.","2FABF31A074BA43D6429357287C60536EA39BF1834449D32D6B8F56E14999A8F","8695"
"MOVED_STRUCTURED_ROOT_FILE_TO_REPO_LANE","C:\Users\13527\Desktop\123\HOUSE_WORK\PROJECT_COMMAND_CENTER_UI_LANE\HELPER_FILE_SURFACE_PREFLIGHT_20260606\GENERATED_RUNNER_SAFE_TEMPLATE_AND_STOP_ON_BLOCKER_RULE_CARD_20260608.md","C:\Users\13527\Desktop\123\Jxhnny_Kl33N_Seedz\HOUSE_WORK\PROJECT_COMMAND_CENTER_UI_LANE\HELPER_FILE_SURFACE_PREFLIGHT_20260606\GENERATED_RUNNER_SAFE_TEMPLATE_AND_STOP_ON_BLOCKER_RULE_CARD_20260608.md","Structured root ROOT_HOUSE_WORK file was missing from matching git lane.","E0013BA267527AF2201B934E8AEEB55710835EF0CC3ECD78250729E6ECB8FB26","7182"
"MOVED_STRUCTURED_ROOT_FILE_TO_REPO_LANE","C:\Users\13527\Desktop\123\HOUSE_WORK\PROJECT_COMMAND_CENTER_UI_LANE\HELPER_FILE_SURFACE_PREFLIGHT_20260606\GENERATED_RUNNER_SAFE_TEMPLATE_RULE_CARD_FIELD_APPLY_RECEIPT_V0_3_20260608.txt","C:\Users\13527\Desktop\123\Jxhnny_Kl33N_Seedz\HOUSE_WORK\PROJECT_COMMAND_CENTER_UI_LANE\HELPER_FILE_SURFACE_PREFLIGHT_20260606\GENERATED_RUNNER_SAFE_TEMPLATE_RULE_CARD_FIELD_APPLY_RECEIPT_V0_3_20260608.txt","Structured root ROOT_HOUSE_WORK file was missing from matching git lane.","A344FBF9C079A2AAE970B3D3BC9AF6179C890A998AC7AE9F9AFBF699B68E0DBE","4226"
"MOVED_STRUCTURED_ROOT_FILE_TO_REPO_LANE","C:\Users\13527\Desktop\123\HOUSE_WORK\PROJECT_COMMAND_CENTER_UI_LANE\HELPER_FILE_SURFACE_PREFLIGHT_20260606\GENERATED_RUNNER_SAFE_TEMPLATE_RULE_CARD_FIELD_APPLY_TO_NEXT_RUNNER_V0_3_20260608.md","C:\Users\13527\Desktop\123\Jxhnny_Kl33N_Seedz\HOUSE_WORK\PROJECT_COMMAND_CENTER_UI_LANE\HELPER_FILE_SURFACE_PREFLIGHT_20260606\GENERATED_RUNNER_SAFE_TEMPLATE_RULE_CARD_FIELD_APPLY_TO_NEXT_RUNNER_V0_3_20260608.md","Structured root ROOT_HOUSE_WORK file was missing from matching git lane.","CB29519867976D554AFCB3A498670C5CA816CABD5775010FD6F3040F32FCCEDA","6923"
"MOVED_STRUCTURED_ROOT_FILE_TO_REPO_LANE","C:\Users\13527\Desktop\123\HOUSE_WORK\PROJECT_COMMAND_CENTER_UI_LANE\HELPER_FILE_SURFACE_PREFLIGHT_20260606\GENERATED_RUNNER_SAFE_TEMPLATE_RULE_CARD_RECEIPT_20260608.txt","C:\Users\13527\Desktop\123\Jxhnny_Kl33N_Seedz\HOUSE_WORK\PROJECT_COMMAND_CENTER_UI_LANE\HELPER_FILE_SURFACE_PREFLIGHT_20260606\GENERATED_RUNNER_SAFE_TEMPLATE_RULE_CARD_RECEIPT_20260608.txt","Structured root ROOT_HOUSE_WORK file was missing from matching git lane.","13E18217CB7DE53B4C7749CB7D7D7AB454B3A8EB111A5167D3C384ABF75863F4","2379"
"MOVED_STRUCTURED_ROOT_FILE_TO_REPO_LANE","C:\Users\13527\Desktop\123\HOUSE_WORK\PROJECT_COMMAND_CENTER_UI_LANE\HELPER_FILE_SURFACE_PREFLIGHT_20260606\GIT_ROUGH_LOCAL_BOUNDARY_FIX_RECEIPT_20260608.txt","C:\Users\13527\Desktop\123\Jxhnny_Kl33N_Seedz\HOUSE_WORK\PROJECT_COMMAND_CENTER_UI_LANE\HELPER_FILE_SURFACE_PREFLIGHT_20260606\GIT_ROUGH_LOCAL_BOUNDARY_FIX_RECEIPT_20260608.txt","Structured root ROOT_HOUSE_WORK file was missing from matching git lane.","9B3A2EBB6641119E17F6483EDB3E4E57F626F783CACB6AE4CC1C9A4D6A2BE13A","1340"
"MOVED_STRUCTURED_ROOT_FILE_TO_REPO_LANE","C:\Users\13527\Desktop\123\HOUSE_WORK\PROJECT_COMMAND_CENTER_UI_LANE\HELPER_FILE_SURFACE_PREFLIGHT_20260606\GIT_ROUGH_LOCAL_HASH_TRUTH_BOUNDARY_RULE_20260608.md","C:\Users\13527\Desktop\123\Jxhnny_Kl33N_Seedz\HOUSE_WORK\PROJECT_COMMAND_CENTER_UI_LANE\HELPER_FILE_SURFACE_PREFLIGHT_20260606\GIT_ROUGH_LOCAL_HASH_TRUTH_BOUNDARY_RULE_20260608.md","Structured root ROOT_HOUSE_WORK file was missing from matching git lane.","ADDFCE93724523B971E46EF027F5915219F3FFB44BC5DA08A79CE31471A3F2D5","2786"
"MOVED_STRUCTURED_ROOT_FILE_TO_REPO_LANE","C:\Users\13527\Desktop\123\HOUSE_WORK\PROJECT_COMMAND_CENTER_UI_LANE\HELPER_FILE_SURFACE_PREFLIGHT_20260606\GIT_TRUTH_AND_PATH_GUARD_RECONCILE_REPORT_20260608.md","C:\Users\13527\Desktop\123\Jxhnny_Kl33N_Seedz\HOUSE_WORK\PROJECT_COMMAND_CENTER_UI_LANE\HELPER_FILE_SURFACE_PREFLIGHT_20260606\GIT_TRUTH_AND_PATH_GUARD_RECONCILE_REPORT_20260608.md","Structured root ROOT_HOUSE_WORK file was missing from matching git lane.","AB88BFB7143CDEF05665309ACA1EDF4B1DDE1839B80CAEB9EBB24BC7148E8B6A","8206"
"MOVED_STRUCTURED_ROOT_FILE_TO_REPO_LANE","C:\Users\13527\Desktop\123\HOUSE_WORK\PROJECT_COMMAND_CENTER_UI_LANE\HELPER_FILE_SURFACE_PREFLIGHT_20260606\HASH_RECEIPT__3_UNMAPPED_ROUTE55_HELPER_SCRIPTS_NO_EXECUTION_20260609.txt","C:\Users\13527\Desktop\123\Jxhnny_Kl33N_Seedz\HOUSE_WORK\PROJECT_COMMAND_CENTER_UI_LANE\HELPER_FILE_SURFACE_PREFLIGHT_20260606\HASH_RECEIPT__3_UNMAPPED_ROUTE55_HELPER_SCRIPTS_NO_EXECUTION_20260609.txt","Structured root ROOT_HOUSE_WORK file was missing from matching git lane.","F7BB386E0D7BC82F9318C26B73E5BCDF7DB83125AE581A56C906A29A6A24F219","963"
"MOVED_STRUCTURED_ROOT_FILE_TO_REPO_LANE","C:\Users\13527\Desktop\123\HOUSE_WORK\PROJECT_COMMAND_CENTER_UI_LANE\HELPER_FILE_SURFACE_PREFLIGHT_20260606\HASH_RECEIPT__64_ROW_HELPER_SCRIPT_REVIEW_QUEUE_HSRB_001_006_COVERAGE_ROLLUP_V0_2_REPAIR_20260609.txt","C:\Users\13527\Desktop\123\Jxhnny_Kl33N_Seedz\HOUSE_WORK\PROJECT_COMMAND_CENTER_UI_LANE\HELPER_FILE_SURFACE_PREFLIGHT_20260606\HASH_RECEIPT__64_ROW_HELPER_SCRIPT_REVIEW_QUEUE_HSRB_001_006_COVERAGE_ROLLUP_V0_2_REPAIR_20260609.txt","Structured root ROOT_HOUSE_WORK file was missing from matching git lane.","BCB6C281181A5D03919B0CB8533738690F4DC25A8B5DA3B2E8B76E741415A969","845"
"MOVED_STRUCTURED_ROOT_FILE_TO_REPO_LANE","C:\Users\13527\Desktop\123\HOUSE_WORK\PROJECT_COMMAND_CENTER_UI_LANE\HELPER_FILE_SURFACE_PREFLIGHT_20260606\HASH_RECEIPT__64_ROW_HELPER_SCRIPT_REVIEW_QUEUE_HSRB_001_006_COVERAGE_ROLLUP_V0_3_REPAIR_20260609.txt","C:\Users\13527\Desktop\123\Jxhnny_Kl33N_Seedz\HOUSE_WORK\PROJECT_COMMAND_CENTER_UI_LANE\HELPER_FILE_SURFACE_PREFLIGHT_20260606\HASH_RECEIPT__64_ROW_HELPER_SCRIPT_REVIEW_QUEUE_HSRB_001_006_COVERAGE_ROLLUP_V0_3_REPAIR_20260609.txt","Structured root ROOT_HOUSE_WORK file was missing from matching git lane.","E0CB4C09907F57910CB5A4C1F2279D8097A0490EBD013CC0FB2FA5E703ED1307","1186"
"MOVED_STRUCTURED_ROOT_FILE_TO_REPO_LANE","C:\Users\13527\Desktop\123\HOUSE_WORK\PROJECT_COMMAND_CENTER_UI_LANE\HELPER_FILE_SURFACE_PREFLIGHT_20260606\HASH_RECEIPT__74_LIVE_ROOT_DELTA_BATCH_REVIEW_COVERAGE_ROLLUP_NO_EXECUTION_20260609.txt","C:\Users\13527\Desktop\123\Jxhnny_Kl33N_Seedz\HOUSE_WORK\PROJECT_COMMAND_CENTER_UI_LANE\HELPER_FILE_SURFACE_PREFLIGHT_20260606\HASH_RECEIPT__74_LIVE_ROOT_DELTA_BATCH_REVIEW_COVERAGE_ROLLUP_NO_EXECUTION_20260609.txt","Structured root ROOT_HOUSE_WORK file was missing from matching git lane.","4B863A5204A9457D1F0276CCECBF55A366072A7D9C2E280E6DE15136DEED3067","1311"
"MOVED_STRUCTURED_ROOT_FILE_TO_REPO_LANE","C:\Users\13527\Desktop\123\HOUSE_WORK\PROJECT_COMMAND_CENTER_UI_LANE\HELPER_FILE_SURFACE_PREFLIGHT_20260606\HASH_RECEIPT__74_LIVE_ROOT_DELTA_REVIEW_QUEUE_NO_EXECUTION_20260609.txt","C:\Users\13527\Desktop\123\Jxhnny_Kl33N_Seedz\HOUSE_WORK\PROJECT_COMMAND_CENTER_UI_LANE\HELPER_FILE_SURFACE_PREFLIGHT_20260606\HASH_RECEIPT__74_LIVE_ROOT_DELTA_REVIEW_QUEUE_NO_EXECUTION_20260609.txt","Structured root ROOT_HOUSE_WORK file was missing from matching git lane.","10146AA8B513C131C3009810CAA694EFAE00BDD80890B6078A0B66A7A9EB9D54","1090"
"MOVED_STRUCTURED_ROOT_FILE_TO_REPO_LANE","C:\Users\13527\Desktop\123\HOUSE_WORK\PROJECT_COMMAND_CENTER_UI_LANE\HELPER_FILE_SURFACE_PREFLIGHT_20260606\HASH_RECEIPT__74_REVIEWED_DELTA_RESIDUE_NO_EXECUTION_20260609.txt","C:\Users\13527\Desktop\123\Jxhnny_Kl33N_Seedz\HOUSE_WORK\PROJECT_COMMAND_CENTER_UI_LANE\HELPER_FILE_SURFACE_PREFLIGHT_20260606\HASH_RECEIPT__74_REVIEWED_DELTA_RESIDUE_NO_EXECUTION_20260609.txt","Structured root ROOT_HOUSE_WORK file was missing from matching git lane.","3A66E6097126543853508FA79C0367F0FF7FA344273FD315B1E663A4A31859A2","977"
"MOVED_STRUCTURED_ROOT_FILE_TO_REPO_LANE","C:\Users\13527\Desktop\123\HOUSE_WORK\PROJECT_COMMAND_CENTER_UI_LANE\HELPER_FILE_SURFACE_PREFLIGHT_20260606\HASH_RECEIPT__BATCH_001_74_LIVE_ROOT_DELTA_ROOT_HELD_ROUTE_CONTROL_SURFACE_REVIEW_20260609.txt","C:\Users\13527\Desktop\123\Jxhnny_Kl33N_Seedz\HOUSE_WORK\PROJECT_COMMAND_CENTER_UI_LANE\HELPER_FILE_SURFACE_PREFLIGHT_20260606\HASH_RECEIPT__BATCH_001_74_LIVE_ROOT_DELTA_ROOT_HELD_ROUTE_CONTROL_SURFACE_REVIEW_20260609.txt","Structured root ROOT_HOUSE_WORK file was missing from matching git lane.","90E93682B114FD0E50FA9AC46CFA9EFA508D7F457FEACDF918CF8589C98EC260","1040"
"MOVED_STRUCTURED_ROOT_FILE_TO_REPO_LANE","C:\Users\13527\Desktop\123\HOUSE_WORK\PROJECT_COMMAND_CENTER_UI_LANE\HELPER_FILE_SURFACE_PREFLIGHT_20260606\HASH_RECEIPT__BATCH_001_74_LIVE_ROOT_DELTA_ROOT_HELD_ROUTE_CONTROL_SURFACE_REVIEW_NO_EXECUTION_20260609.txt","C:\Users\13527\Desktop\123\Jxhnny_Kl33N_Seedz\HOUSE_WORK\PROJECT_COMMAND_CENTER_UI_LANE\HELPER_FILE_SURFACE_PREFLIGHT_20260606\HASH_RECEIPT__BATCH_001_74_LIVE_ROOT_DELTA_ROOT_HELD_ROUTE_CONTROL_SURFACE_REVIEW_NO_EXECUTION_20260609.txt","Structured root ROOT_HOUSE_WORK file was missing from matching git lane.","F4AA2D5C5B341440C7E9962B71B10329F4A9D08814F3DB45DBB2C3067B3EAE0F","1208"
"MOVED_STRUCTURED_ROOT_FILE_TO_REPO_LANE","C:\Users\13527\Desktop\123\HOUSE_WORK\PROJECT_COMMAND_CENTER_UI_LANE\HELPER_FILE_SURFACE_PREFLIGHT_20260606\HASH_RECEIPT__BATCH_002_74_LIVE_ROOT_DELTA_HSRB_AND_STATIC_REVIEW_CHAIN_NO_EXECUTION_20260609.txt","C:\Users\13527\Desktop\123\Jxhnny_Kl33N_Seedz\HOUSE_WORK\PROJECT_COMMAND_CENTER_UI_LANE\HELPER_FILE_SURFACE_PREFLIGHT_20260606\HASH_RECEIPT__BATCH_002_74_LIVE_ROOT_DELTA_HSRB_AND_STATIC_REVIEW_CHAIN_NO_EXECUTION_20260609.txt","Structured root ROOT_HOUSE_WORK file was missing from matching git lane.","1F1B598D58D76A118EFE8FFC2F45A78F56C8AE52916BE0A50C9065669FE98108","1276"
"MOVED_STRUCTURED_ROOT_FILE_TO_REPO_LANE","C:\Users\13527\Desktop\123\HOUSE_WORK\PROJECT_COMMAND_CENTER_UI_LANE\HELPER_FILE_SURFACE_PREFLIGHT_20260606\HASH_RECEIPT__BATCH_002_74_LIVE_ROOT_DELTA_HSRB_AND_STATIC_REVIEW_CHAIN_REVIEW_20260609.txt","C:\Users\13527\Desktop\123\Jxhnny_Kl33N_Seedz\HOUSE_WORK\PROJECT_COMMAND_CENTER_UI_LANE\HELPER_FILE_SURFACE_PREFLIGHT_20260606\HASH_RECEIPT__BATCH_002_74_LIVE_ROOT_DELTA_HSRB_AND_STATIC_REVIEW_CHAIN_REVIEW_20260609.txt","Structured root ROOT_HOUSE_WORK file was missing from matching git lane.","19140CF869BCB30DCB30FD3DFAB5F43388862DE8F81B82F238F8B9655CB00623","1031"
"MOVED_STRUCTURED_ROOT_FILE_TO_REPO_LANE","C:\Users\13527\Desktop\123\HOUSE_WORK\PROJECT_COMMAND_CENTER_UI_LANE\HELPER_FILE_SURFACE_PREFLIGHT_20260606\HASH_RECEIPT__BATCH_003_74_LIVE_ROOT_DELTA_HELPER_REVIEW_AND_64_ROW_QUEUE_CHAIN_NO_EXECUTION_20260609.txt","C:\Users\13527\Desktop\123\Jxhnny_Kl33N_Seedz\HOUSE_WORK\PROJECT_COMMAND_CENTER_UI_LANE\HELPER_FILE_SURFACE_PREFLIGHT_20260606\HASH_RECEIPT__BATCH_003_74_LIVE_ROOT_DELTA_HELPER_REVIEW_AND_64_ROW_QUEUE_CHAIN_NO_EXECUTION_20260609.txt","Structured root ROOT_HOUSE_WORK file was missing from matching git lane.","4C0999B1455CA278967F394142ED2766F44B2B5EA59BC0519856417AB08454A4","1439"
"MOVED_STRUCTURED_ROOT_FILE_TO_REPO_LANE","C:\Users\13527\Desktop\123\HOUSE_WORK\PROJECT_COMMAND_CENTER_UI_LANE\HELPER_FILE_SURFACE_PREFLIGHT_20260606\HASH_RECEIPT__BATCH_003_74_LIVE_ROOT_DELTA_HELPER_REVIEW_AND_64_ROW_QUEUE_CHAIN_REVIEW_20260609.txt","C:\Users\13527\Desktop\123\Jxhnny_Kl33N_Seedz\HOUSE_WORK\PROJECT_COMMAND_CENTER_UI_LANE\HELPER_FILE_SURFACE_PREFLIGHT_20260606\HASH_RECEIPT__BATCH_003_74_LIVE_ROOT_DELTA_HELPER_REVIEW_AND_64_ROW_QUEUE_CHAIN_REVIEW_20260609.txt","Structured root ROOT_HOUSE_WORK file was missing from matching git lane.","59EA32B36062B3011376C7AD2A8B14281EB47C6A811BC96CF4823F0D16609A72","1087"
"MOVED_STRUCTURED_ROOT_FILE_TO_REPO_LANE","C:\Users\13527\Desktop\123\HOUSE_WORK\PROJECT_COMMAND_CENTER_UI_LANE\HELPER_FILE_SURFACE_PREFLIGHT_20260606\HASH_RECEIPT__BUILD_POST_DELTA_REVIEW_ROUTE_RECONSIDERATION_SELECTOR_NO_EXECUTION_20260609_V0_1.txt","C:\Users\13527\Desktop\123\Jxhnny_Kl33N_Seedz\HOUSE_WORK\PROJECT_COMMAND_CENTER_UI_LANE\HELPER_FILE_SURFACE_PREFLIGHT_20260606\HASH_RECEIPT__BUILD_POST_DELTA_REVIEW_ROUTE_RECONSIDERATION_SELECTOR_NO_EXECUTION_20260609_V0_1.txt","Structured root ROOT_HOUSE_WORK file was missing from matching git lane.","F0555B12BA217C52CD14F15D2078E495848FA8D776A919C8D6CCF21ABE0AAFCD","1746"
"MOVED_STRUCTURED_ROOT_FILE_TO_REPO_LANE","C:\Users\13527\Desktop\123\HOUSE_WORK\PROJECT_COMMAND_CENTER_UI_LANE\HELPER_FILE_SURFACE_PREFLIGHT_20260606\HASH_RECEIPT__BUILD_POST_DELTA_REVIEW_ROUTE_RECONSIDERATION_SELECTOR_V0_2_NO_EXECUTION_20260609.txt","C:\Users\13527\Desktop\123\Jxhnny_Kl33N_Seedz\HOUSE_WORK\PROJECT_COMMAND_CENTER_UI_LANE\HELPER_FILE_SURFACE_PREFLIGHT_20260606\HASH_RECEIPT__BUILD_POST_DELTA_REVIEW_ROUTE_RECONSIDERATION_SELECTOR_V0_2_NO_EXECUTION_20260609.txt","Structured root ROOT_HOUSE_WORK file was missing from matching git lane.","86BDB58A6A2CF128BD752C2284A973B4AEEF5083E59264946817D914D4222D63","1779"
"MOVED_STRUCTURED_ROOT_FILE_TO_REPO_LANE","C:\Users\13527\Desktop\123\HOUSE_WORK\PROJECT_COMMAND_CENTER_UI_LANE\HELPER_FILE_SURFACE_PREFLIGHT_20260606\HASH_RECEIPT__BUILD_ROOT_HELD_ROUTE_DRY_RUN_SELECTOR_NO_EXECUTION_20260609_V0_1.txt","C:\Users\13527\Desktop\123\Jxhnny_Kl33N_Seedz\HOUSE_WORK\PROJECT_COMMAND_CENTER_UI_LANE\HELPER_FILE_SURFACE_PREFLIGHT_20260606\HASH_RECEIPT__BUILD_ROOT_HELD_ROUTE_DRY_RUN_SELECTOR_NO_EXECUTION_20260609_V0_1.txt","Structured root ROOT_HOUSE_WORK file was missing from matching git lane.","BA9915F88F63D422511AC58758662517279A936BC378F2AFB35D0D396A140F94","1583"
"MOVED_STRUCTURED_ROOT_FILE_TO_REPO_LANE","C:\Users\13527\Desktop\123\HOUSE_WORK\PROJECT_COMMAND_CENTER_UI_LANE\HELPER_FILE_SURFACE_PREFLIGHT_20260606\HASH_RECEIPT__BUILD_ROOT_HELD_ROUTE_DRY_RUN_SELECTOR_NO_EXECUTION_20260609_V0_2.txt","C:\Users\13527\Desktop\123\Jxhnny_Kl33N_Seedz\HOUSE_WORK\PROJECT_COMMAND_CENTER_UI_LANE\HELPER_FILE_SURFACE_PREFLIGHT_20260606\HASH_RECEIPT__BUILD_ROOT_HELD_ROUTE_DRY_RUN_SELECTOR_NO_EXECUTION_20260609_V0_2.txt","Structured root ROOT_HOUSE_WORK file was missing from matching git lane.","55ADFFA66510F347C1005232025BD5BE6DCB23F00632640A7F38332842862880","1113"
"MOVED_STRUCTURED_ROOT_FILE_TO_REPO_LANE","C:\Users\13527\Desktop\123\HOUSE_WORK\PROJECT_COMMAND_CENTER_UI_LANE\HELPER_FILE_SURFACE_PREFLIGHT_20260606\HASH_RECEIPT__COLLECTION_PARAMETER_BINDING_STATIC_FIXTURE_BENCH_NO_EXECUTION_20260609.txt","C:\Users\13527\Desktop\123\Jxhnny_Kl33N_Seedz\HOUSE_WORK\PROJECT_COMMAND_CENTER_UI_LANE\HELPER_FILE_SURFACE_PREFLIGHT_20260606\HASH_RECEIPT__COLLECTION_PARAMETER_BINDING_STATIC_FIXTURE_BENCH_NO_EXECUTION_20260609.txt","Structured root ROOT_HOUSE_WORK file was missing from matching git lane.","321FD5C34FB3BAAB1191A5F4B54CD52C0F09070268A3A82A976B199A972C76E1","1527"
"MOVED_STRUCTURED_ROOT_FILE_TO_REPO_LANE","C:\Users\13527\Desktop\123\HOUSE_WORK\PROJECT_COMMAND_CENTER_UI_LANE\HELPER_FILE_SURFACE_PREFLIGHT_20260606\HASH_RECEIPT__CREATE_MISSING_DESTINATION_PARENT_FOLDERS_APPROVAL_PACKET_NO_EXECUTION_20260609.txt","C:\Users\13527\Desktop\123\Jxhnny_Kl33N_Seedz\HOUSE_WORK\PROJECT_COMMAND_CENTER_UI_LANE\HELPER_FILE_SURFACE_PREFLIGHT_20260606\HASH_RECEIPT__CREATE_MISSING_DESTINATION_PARENT_FOLDERS_APPROVAL_PACKET_NO_EXECUTION_20260609.txt","Structured root ROOT_HOUSE_WORK file was missing from matching git lane.","F2E444E1CCB07AF6CECAD07BF0ED2D377F9AA7910855A2FFFEDF0E38329A538A","1717"
"MOVED_STRUCTURED_ROOT_FILE_TO_REPO_LANE","C:\Users\13527\Desktop\123\HOUSE_WORK\PROJECT_COMMAND_CENTER_UI_LANE\HELPER_FILE_SURFACE_PREFLIGHT_20260606\HASH_RECEIPT__CREATE_REQUIRED_DESTINATION_DIRECTORY_SCAFFOLD_APPROVAL_PACKET_NO_EXECUTION_20260609_20260609_182450.txt","C:\Users\13527\Desktop\123\Jxhnny_Kl33N_Seedz\HOUSE_WORK\PROJECT_COMMAND_CENTER_UI_LANE\HELPER_FILE_SURFACE_PREFLIGHT_20260606\HASH_RECEIPT__CREATE_REQUIRED_DESTINATION_DIRECTORY_SCAFFOLD_APPROVAL_PACKET_NO_EXECUTION_20260609_20260609_182450.txt","Structured root ROOT_HOUSE_WORK file was missing from matching git lane.","4A506EDF90BEF1AEBFF011303D98564B328248BD26F92841BCB45B6B0FC1897B","2166"
"MOVED_STRUCTURED_ROOT_FILE_TO_REPO_LANE","C:\Users\13527\Desktop\123\HOUSE_WORK\PROJECT_COMMAND_CENTER_UI_LANE\HELPER_FILE_SURFACE_PREFLIGHT_20260606\HASH_RECEIPT__CREATE_REQUIRED_DESTINATION_DIRECTORY_SCAFFOLD_ONLY_CLOSEOUT_20260609_20260609_193222.txt","C:\Users\13527\Desktop\123\Jxhnny_Kl33N_Seedz\HOUSE_WORK\PROJECT_COMMAND_CENTER_UI_LANE\HELPER_FILE_SURFACE_PREFLIGHT_20260606\HASH_RECEIPT__CREATE_REQUIRED_DESTINATION_DIRECTORY_SCAFFOLD_ONLY_CLOSEOUT_20260609_20260609_193222.txt","Structured root ROOT_HOUSE_WORK file was missing from matching git lane.","66904448DB834568D7B91F9582C9F49526BE7FB77B09AD4C6CB10F4D17DA115A","1588"
"MOVED_STRUCTURED_ROOT_FILE_TO_REPO_LANE","C:\Users\13527\Desktop\123\HOUSE_WORK\PROJECT_COMMAND_CENTER_UI_LANE\HELPER_FILE_SURFACE_PREFLIGHT_20260606\HASH_RECEIPT__CREATE_SIX_DESTINATION_PARENT_FOLDERS_ONLY_CLOSEOUT_20260609_20260609_182140.txt","C:\Users\13527\Desktop\123\Jxhnny_Kl33N_Seedz\HOUSE_WORK\PROJECT_COMMAND_CENTER_UI_LANE\HELPER_FILE_SURFACE_PREFLIGHT_20260606\HASH_RECEIPT__CREATE_SIX_DESTINATION_PARENT_FOLDERS_ONLY_CLOSEOUT_20260609_20260609_182140.txt","Structured root ROOT_HOUSE_WORK file was missing from matching git lane.","6193015B86D773417D5A9B13DC76338B523F57B7EFC44814DBA601AEAA1661D2","1319"
"MOVED_STRUCTURED_ROOT_FILE_TO_REPO_LANE","C:\Users\13527\Desktop\123\HOUSE_WORK\PROJECT_COMMAND_CENTER_UI_LANE\HELPER_FILE_SURFACE_PREFLIGHT_20260606\HASH_RECEIPT__CURRENT_ACTION_RETURN_TO_ROOT_HELD_ROUTE_PLAN_PAUSE_20260609.txt","C:\Users\13527\Desktop\123\Jxhnny_Kl33N_Seedz\HOUSE_WORK\PROJECT_COMMAND_CENTER_UI_LANE\HELPER_FILE_SURFACE_PREFLIGHT_20260606\HASH_RECEIPT__CURRENT_ACTION_RETURN_TO_ROOT_HELD_ROUTE_PLAN_PAUSE_20260609.txt","Structured root ROOT_HOUSE_WORK file was missing from matching git lane.","B838350D0A29AC42737F510B246A9B846BFEBAB4EA5F8F9D526E4B0C10927423","784"
"MOVED_STRUCTURED_ROOT_FILE_TO_REPO_LANE","C:\Users\13527\Desktop\123\HOUSE_WORK\PROJECT_COMMAND_CENTER_UI_LANE\HELPER_FILE_SURFACE_PREFLIGHT_20260606\HASH_RECEIPT__FREEZE_ROOT_HELD_ROUTE_DRY_RUN_SELECTOR_V0_1_FAILURE_20260609.txt","C:\Users\13527\Desktop\123\Jxhnny_Kl33N_Seedz\HOUSE_WORK\PROJECT_COMMAND_CENTER_UI_LANE\HELPER_FILE_SURFACE_PREFLIGHT_20260606\HASH_RECEIPT__FREEZE_ROOT_HELD_ROUTE_DRY_RUN_SELECTOR_V0_1_FAILURE_20260609.txt","Structured root ROOT_HOUSE_WORK file was missing from matching git lane.","AF1B61576DB66B636AE6A64DE3687C2861CEA40EEEB3C856F0FBF2D2DCFD80CB","886"
"MOVED_STRUCTURED_ROOT_FILE_TO_REPO_LANE","C:\Users\13527\Desktop\123\HOUSE_WORK\PROJECT_COMMAND_CENTER_UI_LANE\HELPER_FILE_SURFACE_PREFLIGHT_20260606\HASH_RECEIPT__GENERATED_HELPER_CANDIDATES_FOR_STATIC_GATE_SELECTOR_NO_EXECUTION_20260609.txt","C:\Users\13527\Desktop\123\Jxhnny_Kl33N_Seedz\HOUSE_WORK\PROJECT_COMMAND_CENTER_UI_LANE\HELPER_FILE_SURFACE_PREFLIGHT_20260606\HASH_RECEIPT__GENERATED_HELPER_CANDIDATES_FOR_STATIC_GATE_SELECTOR_NO_EXECUTION_20260609.txt","Structured root ROOT_HOUSE_WORK file was missing from matching git lane.","4ABBE801B951CD78D7777266A5DAD2C2CECA1D4315E9DFC821D247FDFABFA1D4","1957"
"MOVED_STRUCTURED_ROOT_FILE_TO_REPO_LANE","C:\Users\13527\Desktop\123\HOUSE_WORK\PROJECT_COMMAND_CENTER_UI_LANE\HELPER_FILE_SURFACE_PREFLIGHT_20260606\HASH_RECEIPT__GENERATED_POWERSHELL_COLLECTION_PARAMETER_BINDING_DEFECT_INDEX_NO_EXECUTION_20260609.txt","C:\Users\13527\Desktop\123\Jxhnny_Kl33N_Seedz\HOUSE_WORK\PROJECT_COMMAND_CENTER_UI_LANE\HELPER_FILE_SURFACE_PREFLIGHT_20260606\HASH_RECEIPT__GENERATED_POWERSHELL_COLLECTION_PARAMETER_BINDING_DEFECT_INDEX_NO_EXECUTION_20260609.txt","Structured root ROOT_HOUSE_WORK file was missing from matching git lane.","F71CFD0D893F83927A0FF53334071DBA79DF34010C41A0561D5B6073A187389A","1035"
"MOVED_STRUCTURED_ROOT_FILE_TO_REPO_LANE","C:\Users\13527\Desktop\123\HOUSE_WORK\PROJECT_COMMAND_CENTER_UI_LANE\HELPER_FILE_SURFACE_PREFLIGHT_20260606\HASH_RECEIPT__GENERATED_POWERSHELL_COLLECTION_PARAMETER_BINDING_REPAIR_CONTRACT_NO_EXECUTION_20260609.txt","C:\Users\13527\Desktop\123\Jxhnny_Kl33N_Seedz\HOUSE_WORK\PROJECT_COMMAND_CENTER_UI_LANE\HELPER_FILE_SURFACE_PREFLIGHT_20260606\HASH_RECEIPT__GENERATED_POWERSHELL_COLLECTION_PARAMETER_BINDING_REPAIR_CONTRACT_NO_EXECUTION_20260609.txt","Structured root ROOT_HOUSE_WORK file was missing from matching git lane.","CD59E112939F1F92F54E823CAE8B6F723BB0A038907BE8BDE9E9963498F354CA","1371"
"MOVED_STRUCTURED_ROOT_FILE_TO_REPO_LANE","C:\Users\13527\Desktop\123\HOUSE_WORK\PROJECT_COMMAND_CENTER_UI_LANE\HELPER_FILE_SURFACE_PREFLIGHT_20260606\HASH_RECEIPT__HELPER_SCRIPT_REVIEW_QUEUE_FROM_64_REVIEW_ROWS_V0_2_FIX_20260609.txt","C:\Users\13527\Desktop\123\Jxhnny_Kl33N_Seedz\HOUSE_WORK\PROJECT_COMMAND_CENTER_UI_LANE\HELPER_FILE_SURFACE_PREFLIGHT_20260606\HASH_RECEIPT__HELPER_SCRIPT_REVIEW_QUEUE_FROM_64_REVIEW_ROWS_V0_2_FIX_20260609.txt","Structured root ROOT_HOUSE_WORK file was missing from matching git lane.","1BC281AB0CBB22B039A2F7F33055589ED27680BA8DC2637596C089EC3166C5DC","831"
"MOVED_STRUCTURED_ROOT_FILE_TO_REPO_LANE","C:\Users\13527\Desktop\123\HOUSE_WORK\PROJECT_COMMAND_CENTER_UI_LANE\HELPER_FILE_SURFACE_PREFLIGHT_20260606\HASH_RECEIPT__HELPER_STATIC_GATE_BLOCKER_REPAIR_BRANCH_FREEZE_NO_EXECUTION_20260609.txt","C:\Users\13527\Desktop\123\Jxhnny_Kl33N_Seedz\HOUSE_WORK\PROJECT_COMMAND_CENTER_UI_LANE\HELPER_FILE_SURFACE_PREFLIGHT_20260606\HASH_RECEIPT__HELPER_STATIC_GATE_BLOCKER_REPAIR_BRANCH_FREEZE_NO_EXECUTION_20260609.txt","Structured root ROOT_HOUSE_WORK file was missing from matching git lane.","8759D6222E34D32A59F592A0027CE3BEDDB63A8E1CFF508B0B582C76387595D6","700"
"MOVED_STRUCTURED_ROOT_FILE_TO_REPO_LANE","C:\Users\13527\Desktop\123\HOUSE_WORK\PROJECT_COMMAND_CENTER_UI_LANE\HELPER_FILE_SURFACE_PREFLIGHT_20260606\HASH_RECEIPT__HSRB_001_PROOF_INDEX_CLOSEOUT_V0_2_FIX_20260609.txt","C:\Users\13527\Desktop\123\Jxhnny_Kl33N_Seedz\HOUSE_WORK\PROJECT_COMMAND_CENTER_UI_LANE\HELPER_FILE_SURFACE_PREFLIGHT_20260606\HASH_RECEIPT__HSRB_001_PROOF_INDEX_CLOSEOUT_V0_2_FIX_20260609.txt","Structured root ROOT_HOUSE_WORK file was missing from matching git lane.","CEAACEFBDC50069F97BF58F7680F52B443BB6E73FBA3B5ABCCA155ABFF003C2F","713"
"MOVED_STRUCTURED_ROOT_FILE_TO_REPO_LANE","C:\Users\13527\Desktop\123\HOUSE_WORK\PROJECT_COMMAND_CENTER_UI_LANE\HELPER_FILE_SURFACE_PREFLIGHT_20260606\HASH_RECEIPT__HSRB_001_STATIC_REVIEW_DECISION_CLOSEOUT_V0_2_FIX_20260609.txt","C:\Users\13527\Desktop\123\Jxhnny_Kl33N_Seedz\HOUSE_WORK\PROJECT_COMMAND_CENTER_UI_LANE\HELPER_FILE_SURFACE_PREFLIGHT_20260606\HASH_RECEIPT__HSRB_001_STATIC_REVIEW_DECISION_CLOSEOUT_V0_2_FIX_20260609.txt","Structured root ROOT_HOUSE_WORK file was missing from matching git lane.","36BC3CF9785CE343AB73D49AB92261ABDFF1412DA0F82C5427E7152070157186","819"
"MOVED_STRUCTURED_ROOT_FILE_TO_REPO_LANE","C:\Users\13527\Desktop\123\HOUSE_WORK\PROJECT_COMMAND_CENTER_UI_LANE\HELPER_FILE_SURFACE_PREFLIGHT_20260606\HASH_RECEIPT__HSRB_002_STATIC_REVIEW_DECISION_CLOSEOUT_V0_2_FIX_20260609.txt","C:\Users\13527\Desktop\123\Jxhnny_Kl33N_Seedz\HOUSE_WORK\PROJECT_COMMAND_CENTER_UI_LANE\HELPER_FILE_SURFACE_PREFLIGHT_20260606\HASH_RECEIPT__HSRB_002_STATIC_REVIEW_DECISION_CLOSEOUT_V0_2_FIX_20260609.txt","Structured root ROOT_HOUSE_WORK file was missing from matching git lane.","46C8543E1245F7756471E7675A5484CC44E8763DD66C4CE978E74530C73092B0","1362"
"MOVED_STRUCTURED_ROOT_FILE_TO_REPO_LANE","C:\Users\13527\Desktop\123\HOUSE_WORK\PROJECT_COMMAND_CENTER_UI_LANE\HELPER_FILE_SURFACE_PREFLIGHT_20260606\HASH_RECEIPT__HSRB_002_TEMPLATE_RULE_AND_ATTEMPT_INDEX_V0_2_TICKET_ID_REPAIR_20260609.txt","C:\Users\13527\Desktop\123\Jxhnny_Kl33N_Seedz\HOUSE_WORK\PROJECT_COMMAND_CENTER_UI_LANE\HELPER_FILE_SURFACE_PREFLIGHT_20260606\HASH_RECEIPT__HSRB_002_TEMPLATE_RULE_AND_ATTEMPT_INDEX_V0_2_TICKET_ID_REPAIR_20260609.txt","Structured root ROOT_HOUSE_WORK file was missing from matching git lane.","276CB04A6B0DC811DC0E862EE6EAE4696DA8A3AA32EFDCA328CCE68A14596634","1330"
"MOVED_STRUCTURED_ROOT_FILE_TO_REPO_LANE","C:\Users\13527\Desktop\123\HOUSE_WORK\PROJECT_COMMAND_CENTER_UI_LANE\HELPER_FILE_SURFACE_PREFLIGHT_20260606\HASH_RECEIPT__HSRB_002_TEMPLATE_RULE_AND_ATTEMPT_INDEX_V0_3_TICKET_ID_AND_ROLE_COUNT_REPAIR_20260609.txt","C:\Users\13527\Desktop\123\Jxhnny_Kl33N_Seedz\HOUSE_WORK\PROJECT_COMMAND_CENTER_UI_LANE\HELPER_FILE_SURFACE_PREFLIGHT_20260606\HASH_RECEIPT__HSRB_002_TEMPLATE_RULE_AND_ATTEMPT_INDEX_V0_3_TICKET_ID_AND_ROLE_COUNT_REPAIR_20260609.txt","Structured root ROOT_HOUSE_WORK file was missing from matching git lane.","AA9A176B869C9CD5586A2C1E50261933D66410E122CE4E4B53E72FC6504E038E","1989"
"MOVED_STRUCTURED_ROOT_FILE_TO_REPO_LANE","C:\Users\13527\Desktop\123\HOUSE_WORK\PROJECT_COMMAND_CENTER_UI_LANE\HELPER_FILE_SURFACE_PREFLIGHT_20260606\HASH_RECEIPT__HSRB_002_TEMPLATE_RULE_AND_ATTEMPT_INDEX_V0_4_TICKET_ID_AND_ROLE_COUNT_REPAIR_20260609.txt","C:\Users\13527\Desktop\123\Jxhnny_Kl33N_Seedz\HOUSE_WORK\PROJECT_COMMAND_CENTER_UI_LANE\HELPER_FILE_SURFACE_PREFLIGHT_20260606\HASH_RECEIPT__HSRB_002_TEMPLATE_RULE_AND_ATTEMPT_INDEX_V0_4_TICKET_ID_AND_ROLE_COUNT_REPAIR_20260609.txt","Structured root ROOT_HOUSE_WORK file was missing from matching git lane.","3653CDE78886A09921AB330DDCA195F923835ACE40628F8C035FD0EC7B2C17E5","1634"
"MOVED_STRUCTURED_ROOT_FILE_TO_REPO_LANE","C:\Users\13527\Desktop\123\HOUSE_WORK\PROJECT_COMMAND_CENTER_UI_LANE\HELPER_FILE_SURFACE_PREFLIGHT_20260606\HASH_RECEIPT__HSRB_002_TEMPLATE_RULE_AND_ATTEMPT_INDEX_V0_5_TICKET_ID_ROLE_COUNT_AND_SHA_REPAIR_20260609.txt","C:\Users\13527\Desktop\123\Jxhnny_Kl33N_Seedz\HOUSE_WORK\PROJECT_COMMAND_CENTER_UI_LANE\HELPER_FILE_SURFACE_PREFLIGHT_20260606\HASH_RECEIPT__HSRB_002_TEMPLATE_RULE_AND_ATTEMPT_INDEX_V0_5_TICKET_ID_ROLE_COUNT_AND_SHA_REPAIR_20260609.txt","Structured root ROOT_HOUSE_WORK file was missing from matching git lane.","B4DA30DEE9211BFFC3D5BAC147CA130FC785293259B7D28D15C5BF4CC8F45E15","1964"
"MOVED_STRUCTURED_ROOT_FILE_TO_REPO_LANE","C:\Users\13527\Desktop\123\HOUSE_WORK\PROJECT_COMMAND_CENTER_UI_LANE\HELPER_FILE_SURFACE_PREFLIGHT_20260606\HASH_RECEIPT__HSRB_003_BATCH_SELECTOR_V0_2_TICKET_ID_CUSTODY_REPAIR_20260609.txt","C:\Users\13527\Desktop\123\Jxhnny_Kl33N_Seedz\HOUSE_WORK\PROJECT_COMMAND_CENTER_UI_LANE\HELPER_FILE_SURFACE_PREFLIGHT_20260606\HASH_RECEIPT__HSRB_003_BATCH_SELECTOR_V0_2_TICKET_ID_CUSTODY_REPAIR_20260609.txt","Structured root ROOT_HOUSE_WORK file was missing from matching git lane.","EBA8286657B053260A844169463F5FCCF8C625A3E7C375F1F3E1CA74226465B4","2888"
"MOVED_STRUCTURED_ROOT_FILE_TO_REPO_LANE","C:\Users\13527\Desktop\123\HOUSE_WORK\PROJECT_COMMAND_CENTER_UI_LANE\HELPER_FILE_SURFACE_PREFLIGHT_20260606\HASH_RECEIPT__HSRB_003_RISK_MARKER_AND_DISPOSITION_INDEX_V0_2_REPAIR_20260609.txt","C:\Users\13527\Desktop\123\Jxhnny_Kl33N_Seedz\HOUSE_WORK\PROJECT_COMMAND_CENTER_UI_LANE\HELPER_FILE_SURFACE_PREFLIGHT_20260606\HASH_RECEIPT__HSRB_003_RISK_MARKER_AND_DISPOSITION_INDEX_V0_2_REPAIR_20260609.txt","Structured root ROOT_HOUSE_WORK file was missing from matching git lane.","8E97F52CE942E75229479CC346E67E3598E6BE51003F2474F938E941F31CC2DB","2012"
"MOVED_STRUCTURED_ROOT_FILE_TO_REPO_LANE","C:\Users\13527\Desktop\123\HOUSE_WORK\PROJECT_COMMAND_CENTER_UI_LANE\HELPER_FILE_SURFACE_PREFLIGHT_20260606\HASH_RECEIPT__HSRB_004_DISPOSITION_INDEX_V0_2_REPAIR_20260609.txt","C:\Users\13527\Desktop\123\Jxhnny_Kl33N_Seedz\HOUSE_WORK\PROJECT_COMMAND_CENTER_UI_LANE\HELPER_FILE_SURFACE_PREFLIGHT_20260606\HASH_RECEIPT__HSRB_004_DISPOSITION_INDEX_V0_2_REPAIR_20260609.txt","Structured root ROOT_HOUSE_WORK file was missing from matching git lane.","FAA6D37A2120FFF3F7AC677DFD7728641111B7058839B33FCC7C054B59F0CDEC","722"
"MOVED_STRUCTURED_ROOT_FILE_TO_REPO_LANE","C:\Users\13527\Desktop\123\HOUSE_WORK\PROJECT_COMMAND_CENTER_UI_LANE\HELPER_FILE_SURFACE_PREFLIGHT_20260606\HASH_RECEIPT__HSRB_004_DISPOSITION_INDEX_V0_3_REPAIR_20260609.txt","C:\Users\13527\Desktop\123\Jxhnny_Kl33N_Seedz\HOUSE_WORK\PROJECT_COMMAND_CENTER_UI_LANE\HELPER_FILE_SURFACE_PREFLIGHT_20260606\HASH_RECEIPT__HSRB_004_DISPOSITION_INDEX_V0_3_REPAIR_20260609.txt","Structured root ROOT_HOUSE_WORK file was missing from matching git lane.","A5CAAC85FE38AB26703AAD81B90F0B66D06E93073C91CF08D103D547011AC9F7","1047"
"MOVED_STRUCTURED_ROOT_FILE_TO_REPO_LANE","C:\Users\13527\Desktop\123\HOUSE_WORK\PROJECT_COMMAND_CENTER_UI_LANE\HELPER_FILE_SURFACE_PREFLIGHT_20260606\HASH_RECEIPT__HSRB_005_NEXT_BATCH_SELECTOR_V0_2_REPAIR_20260609.txt","C:\Users\13527\Desktop\123\Jxhnny_Kl33N_Seedz\HOUSE_WORK\PROJECT_COMMAND_CENTER_UI_LANE\HELPER_FILE_SURFACE_PREFLIGHT_20260606\HASH_RECEIPT__HSRB_005_NEXT_BATCH_SELECTOR_V0_2_REPAIR_20260609.txt","Structured root ROOT_HOUSE_WORK file was missing from matching git lane.","2223613133869D07B47592FFB8F331D559B9F76C253FF2FE5694E0E6DB6053F5","1654"
"MOVED_STRUCTURED_ROOT_FILE_TO_REPO_LANE","C:\Users\13527\Desktop\123\HOUSE_WORK\PROJECT_COMMAND_CENTER_UI_LANE\HELPER_FILE_SURFACE_PREFLIGHT_20260606\HASH_RECEIPT__HSRB_005_STATIC_REVIEW_DECISION_CLOSEOUT_V0_3_REPAIR_20260609.txt","C:\Users\13527\Desktop\123\Jxhnny_Kl33N_Seedz\HOUSE_WORK\PROJECT_COMMAND_CENTER_UI_LANE\HELPER_FILE_SURFACE_PREFLIGHT_20260606\HASH_RECEIPT__HSRB_005_STATIC_REVIEW_DECISION_CLOSEOUT_V0_3_REPAIR_20260609.txt","Structured root ROOT_HOUSE_WORK file was missing from matching git lane.","105F6CF40E6779F7E5B9B6CE5460A63657B689FFECA4EA10823BB1B04F993C6C","2760"
"MOVED_STRUCTURED_ROOT_FILE_TO_REPO_LANE","C:\Users\13527\Desktop\123\HOUSE_WORK\PROJECT_COMMAND_CENTER_UI_LANE\HELPER_FILE_SURFACE_PREFLIGHT_20260606\HASH_RECEIPT__HSRB_005_STATIC_REVIEW_DECISION_CLOSEOUT_V0_4_REPAIR_20260609.txt","C:\Users\13527\Desktop\123\Jxhnny_Kl33N_Seedz\HOUSE_WORK\PROJECT_COMMAND_CENTER_UI_LANE\HELPER_FILE_SURFACE_PREFLIGHT_20260606\HASH_RECEIPT__HSRB_005_STATIC_REVIEW_DECISION_CLOSEOUT_V0_4_REPAIR_20260609.txt","Structured root ROOT_HOUSE_WORK file was missing from matching git lane.","A8FB4FFD1056EE6FB5B579919E5C8702227EFE54AA6BDCBB4C7BB8466322CD3E","2657"
"MOVED_STRUCTURED_ROOT_FILE_TO_REPO_LANE","C:\Users\13527\Desktop\123\HOUSE_WORK\PROJECT_COMMAND_CENTER_UI_LANE\HELPER_FILE_SURFACE_PREFLIGHT_20260606\HASH_RECEIPT__HSRB_006_NEXT_BATCH_SELECTOR_V0_2_REPAIR_20260609.txt","C:\Users\13527\Desktop\123\Jxhnny_Kl33N_Seedz\HOUSE_WORK\PROJECT_COMMAND_CENTER_UI_LANE\HELPER_FILE_SURFACE_PREFLIGHT_20260606\HASH_RECEIPT__HSRB_006_NEXT_BATCH_SELECTOR_V0_2_REPAIR_20260609.txt","Structured root ROOT_HOUSE_WORK file was missing from matching git lane.","AB27D0EEAC753301D3FC1E4D77E10C344AAD8C1C254EDBC6A78F4EF92223F3F4","788"
"MOVED_STRUCTURED_ROOT_FILE_TO_REPO_LANE","C:\Users\13527\Desktop\123\HOUSE_WORK\PROJECT_COMMAND_CENTER_UI_LANE\HELPER_FILE_SURFACE_PREFLIGHT_20260606\HASH_RECEIPT__MANUAL_FINDING_64_ROW_HELPER_REVIEW_QUEUE_COVERAGE_20260609.txt","C:\Users\13527\Desktop\123\Jxhnny_Kl33N_Seedz\HOUSE_WORK\PROJECT_COMMAND_CENTER_UI_LANE\HELPER_FILE_SURFACE_PREFLIGHT_20260606\HASH_RECEIPT__MANUAL_FINDING_64_ROW_HELPER_REVIEW_QUEUE_COVERAGE_20260609.txt","Structured root ROOT_HOUSE_WORK file was missing from matching git lane.","6560E41029562C4D9B9577E8EC6E7846B30441ED113C9681A527BFBE1B3E8F37","525"
"MOVED_STRUCTURED_ROOT_FILE_TO_REPO_LANE","C:\Users\13527\Desktop\123\HOUSE_WORK\PROJECT_COMMAND_CENTER_UI_LANE\HELPER_FILE_SURFACE_PREFLIGHT_20260606\HASH_RECEIPT__ONE_GENERATED_HELPER_STATIC_SCAN_NO_EXECUTION_20260609.txt","C:\Users\13527\Desktop\123\Jxhnny_Kl33N_Seedz\HOUSE_WORK\PROJECT_COMMAND_CENTER_UI_LANE\HELPER_FILE_SURFACE_PREFLIGHT_20260606\HASH_RECEIPT__ONE_GENERATED_HELPER_STATIC_SCAN_NO_EXECUTION_20260609.txt","Structured root ROOT_HOUSE_WORK file was missing from matching git lane.","C8EF7CAA1A0CA972EA0C086046A7BE090119EB5BE57422A95892976675F17044","1479"
"MOVED_STRUCTURED_ROOT_FILE_TO_REPO_LANE","C:\Users\13527\Desktop\123\HOUSE_WORK\PROJECT_COMMAND_CENTER_UI_LANE\HELPER_FILE_SURFACE_PREFLIGHT_20260606\HASH_RECEIPT__ONE_GENERATED_HELPER_STATIC_SCAN_NO_EXECUTION_V0_2_20260609.txt","C:\Users\13527\Desktop\123\Jxhnny_Kl33N_Seedz\HOUSE_WORK\PROJECT_COMMAND_CENTER_UI_LANE\HELPER_FILE_SURFACE_PREFLIGHT_20260606\HASH_RECEIPT__ONE_GENERATED_HELPER_STATIC_SCAN_NO_EXECUTION_V0_2_20260609.txt","Structured root ROOT_HOUSE_WORK file was missing from matching git lane.","7BB657A4822E6654CBDED8C1F18A3133F75C918AAD57ABAD1A6D1CBAF44CC075","3189"
"MOVED_STRUCTURED_ROOT_FILE_TO_REPO_LANE","C:\Users\13527\Desktop\123\HOUSE_WORK\PROJECT_COMMAND_CENTER_UI_LANE\HELPER_FILE_SURFACE_PREFLIGHT_20260606\HASH_RECEIPT__PARENT_STATE_64_ROW_HELPER_REVIEW_QUEUE_RETURN_20260609.txt","C:\Users\13527\Desktop\123\Jxhnny_Kl33N_Seedz\HOUSE_WORK\PROJECT_COMMAND_CENTER_UI_LANE\HELPER_FILE_SURFACE_PREFLIGHT_20260606\HASH_RECEIPT__PARENT_STATE_64_ROW_HELPER_REVIEW_QUEUE_RETURN_20260609.txt","Structured root ROOT_HOUSE_WORK file was missing from matching git lane.","DFA0A2F37EF170206C411E06C5A85B0E43324148DA075A48AC652B198D78EBB8","827"
"MOVED_STRUCTURED_ROOT_FILE_TO_REPO_LANE","C:\Users\13527\Desktop\123\HOUSE_WORK\PROJECT_COMMAND_CENTER_UI_LANE\HELPER_FILE_SURFACE_PREFLIGHT_20260606\HASH_RECEIPT__POST_DELTA_RECONSIDERATION_SELECTOR_RUN_20260609_V0_1_20260609_172237.txt","C:\Users\13527\Desktop\123\Jxhnny_Kl33N_Seedz\HOUSE_WORK\PROJECT_COMMAND_CENTER_UI_LANE\HELPER_FILE_SURFACE_PREFLIGHT_20260606\HASH_RECEIPT__POST_DELTA_RECONSIDERATION_SELECTOR_RUN_20260609_V0_1_20260609_172237.txt","Structured root ROOT_HOUSE_WORK file was missing from matching git lane.","35E16539A14F89F90E922EE0EE3640ED72BF5903D083D664395E87869CB9FE59","2145"
"MOVED_STRUCTURED_ROOT_FILE_TO_REPO_LANE","C:\Users\13527\Desktop\123\HOUSE_WORK\PROJECT_COMMAND_CENTER_UI_LANE\HELPER_FILE_SURFACE_PREFLIGHT_20260606\HASH_RECEIPT__POST_DELTA_RECONSIDERATION_SELECTOR_V0_2_RUN_20260609_20260609_174801.txt","C:\Users\13527\Desktop\123\Jxhnny_Kl33N_Seedz\HOUSE_WORK\PROJECT_COMMAND_CENTER_UI_LANE\HELPER_FILE_SURFACE_PREFLIGHT_20260606\HASH_RECEIPT__POST_DELTA_RECONSIDERATION_SELECTOR_V0_2_RUN_20260609_20260609_174801.txt","Structured root ROOT_HOUSE_WORK file was missing from matching git lane.","BF6B45589292F8EF362B684EAABB9C076A7ED67F0226254E566A77A2568ED45B","3239"
"MOVED_STRUCTURED_ROOT_FILE_TO_REPO_LANE","C:\Users\13527\Desktop\123\HOUSE_WORK\PROJECT_COMMAND_CENTER_UI_LANE\HELPER_FILE_SURFACE_PREFLIGHT_20260606\HASH_RECEIPT__POST_DELTA_RECONSIDERATION_SELECTOR_V0_2_RUN_20260609_20260609_193805.txt","C:\Users\13527\Desktop\123\Jxhnny_Kl33N_Seedz\HOUSE_WORK\PROJECT_COMMAND_CENTER_UI_LANE\HELPER_FILE_SURFACE_PREFLIGHT_20260606\HASH_RECEIPT__POST_DELTA_RECONSIDERATION_SELECTOR_V0_2_RUN_20260609_20260609_193805.txt","Structured root ROOT_HOUSE_WORK file was missing from matching git lane.","79866C5D464F727F38C0F898B6F47D75E016E117ED8BFBACB595CE4A48F57704","3227"
"MOVED_STRUCTURED_ROOT_FILE_TO_REPO_LANE","C:\Users\13527\Desktop\123\HOUSE_WORK\PROJECT_COMMAND_CENTER_UI_LANE\HELPER_FILE_SURFACE_PREFLIGHT_20260606\HASH_RECEIPT__POST_DELTA_REVIEW_ROUTE_RECONSIDERATION_SCOPE_NO_EXECUTION_20260609.txt","C:\Users\13527\Desktop\123\Jxhnny_Kl33N_Seedz\HOUSE_WORK\PROJECT_COMMAND_CENTER_UI_LANE\HELPER_FILE_SURFACE_PREFLIGHT_20260606\HASH_RECEIPT__POST_DELTA_REVIEW_ROUTE_RECONSIDERATION_SCOPE_NO_EXECUTION_20260609.txt","Structured root ROOT_HOUSE_WORK file was missing from matching git lane.","E3534EF34A188F3987EC37D9A4A4CB1CD30AD299B7DE88D3FF224EB1E0709B93","991"
"MOVED_STRUCTURED_ROOT_FILE_TO_REPO_LANE","C:\Users\13527\Desktop\123\HOUSE_WORK\PROJECT_COMMAND_CENTER_UI_LANE\HELPER_FILE_SURFACE_PREFLIGHT_20260606\HASH_RECEIPT__POST_DELTA_REVIEW_ROUTE_RECONSIDERATION_SELECTOR_CONTRACT_NO_EXECUTION_20260609.txt","C:\Users\13527\Desktop\123\Jxhnny_Kl33N_Seedz\HOUSE_WORK\PROJECT_COMMAND_CENTER_UI_LANE\HELPER_FILE_SURFACE_PREFLIGHT_20260606\HASH_RECEIPT__POST_DELTA_REVIEW_ROUTE_RECONSIDERATION_SELECTOR_CONTRACT_NO_EXECUTION_20260609.txt","Structured root ROOT_HOUSE_WORK file was missing from matching git lane.","2CF5EE5855380E47547E1D9940CC732DF83B3E8C8F96958BABE5E0D1C3601480","1371"
"MOVED_STRUCTURED_ROOT_FILE_TO_REPO_LANE","C:\Users\13527\Desktop\123\HOUSE_WORK\PROJECT_COMMAND_CENTER_UI_LANE\HELPER_FILE_SURFACE_PREFLIGHT_20260606\HASH_RECEIPT__POST_DELTA_REVIEW_ROUTE_RECONSIDERATION_SELECTOR_DESIGN_NO_EXECUTION_20260609.txt","C:\Users\13527\Desktop\123\Jxhnny_Kl33N_Seedz\HOUSE_WORK\PROJECT_COMMAND_CENTER_UI_LANE\HELPER_FILE_SURFACE_PREFLIGHT_20260606\HASH_RECEIPT__POST_DELTA_REVIEW_ROUTE_RECONSIDERATION_SELECTOR_DESIGN_NO_EXECUTION_20260609.txt","Structured root ROOT_HOUSE_WORK file was missing from matching git lane.","AA861DEA32AF43B07D22FED31BDA375C4FB3ACAE8F680A58CC38C2E60F6FC0C8","1089"
"MOVED_STRUCTURED_ROOT_FILE_TO_REPO_LANE","C:\Users\13527\Desktop\123\HOUSE_WORK\PROJECT_COMMAND_CENTER_UI_LANE\HELPER_FILE_SURFACE_PREFLIGHT_20260606\HASH_RECEIPT__POST_DELTA_REVIEW_ROUTE_RECONSIDERATION_SELECTOR_STATIC_SCAN_NO_EXECUTION_20260609.txt","C:\Users\13527\Desktop\123\Jxhnny_Kl33N_Seedz\HOUSE_WORK\PROJECT_COMMAND_CENTER_UI_LANE\HELPER_FILE_SURFACE_PREFLIGHT_20260606\HASH_RECEIPT__POST_DELTA_REVIEW_ROUTE_RECONSIDERATION_SELECTOR_STATIC_SCAN_NO_EXECUTION_20260609.txt","Structured root ROOT_HOUSE_WORK file was missing from matching git lane.","9C3A16CF9E5B3A2BF508EF2F631D8F1DBD0A8BD3BB68243869AE3B432E1B211E","1575"
"MOVED_STRUCTURED_ROOT_FILE_TO_REPO_LANE","C:\Users\13527\Desktop\123\HOUSE_WORK\PROJECT_COMMAND_CENTER_UI_LANE\HELPER_FILE_SURFACE_PREFLIGHT_20260606\HASH_RECEIPT__POST_DELTA_REVIEW_ROUTE_RECONSIDERATION_SELECTOR_V0_2_CONTRACT_NO_EXECUTION_20260609.txt","C:\Users\13527\Desktop\123\Jxhnny_Kl33N_Seedz\HOUSE_WORK\PROJECT_COMMAND_CENTER_UI_LANE\HELPER_FILE_SURFACE_PREFLIGHT_20260606\HASH_RECEIPT__POST_DELTA_REVIEW_ROUTE_RECONSIDERATION_SELECTOR_V0_2_CONTRACT_NO_EXECUTION_20260609.txt","Structured root ROOT_HOUSE_WORK file was missing from matching git lane.","D6A18AF45EE4FE9194F93B4CFDBB6F22DA254E9FBCD733FF5921D3C093F0C335","1306"
"MOVED_STRUCTURED_ROOT_FILE_TO_REPO_LANE","C:\Users\13527\Desktop\123\HOUSE_WORK\PROJECT_COMMAND_CENTER_UI_LANE\HELPER_FILE_SURFACE_PREFLIGHT_20260606\HASH_RECEIPT__POST_DELTA_REVIEW_ROUTE_RECONSIDERATION_SELECTOR_V0_2_DESIGN_NO_EXECUTION_20260609.txt","C:\Users\13527\Desktop\123\Jxhnny_Kl33N_Seedz\HOUSE_WORK\PROJECT_COMMAND_CENTER_UI_LANE\HELPER_FILE_SURFACE_PREFLIGHT_20260606\HASH_RECEIPT__POST_DELTA_REVIEW_ROUTE_RECONSIDERATION_SELECTOR_V0_2_DESIGN_NO_EXECUTION_20260609.txt","Structured root ROOT_HOUSE_WORK file was missing from matching git lane.","4653EB83EA74A7BA61EAAACC6CA33914A826B4946CB1B2079C68570C348182A4","1182"
"MOVED_STRUCTURED_ROOT_FILE_TO_REPO_LANE","C:\Users\13527\Desktop\123\HOUSE_WORK\PROJECT_COMMAND_CENTER_UI_LANE\HELPER_FILE_SURFACE_PREFLIGHT_20260606\HASH_RECEIPT__POST_DELTA_SELECTOR_V0_1_DESTINATION_DERIVATION_DEFECT_NO_EXECUTION_20260609.txt","C:\Users\13527\Desktop\123\Jxhnny_Kl33N_Seedz\HOUSE_WORK\PROJECT_COMMAND_CENTER_UI_LANE\HELPER_FILE_SURFACE_PREFLIGHT_20260606\HASH_RECEIPT__POST_DELTA_SELECTOR_V0_1_DESTINATION_DERIVATION_DEFECT_NO_EXECUTION_20260609.txt","Structured root ROOT_HOUSE_WORK file was missing from matching git lane.","F30A14066C5D7DE239CC9E75D0EECD187076A72CD494F1AD6680231B7A397F27","1276"
"MOVED_STRUCTURED_ROOT_FILE_TO_REPO_LANE","C:\Users\13527\Desktop\123\HOUSE_WORK\PROJECT_COMMAND_CENTER_UI_LANE\HELPER_FILE_SURFACE_PREFLIGHT_20260606\HASH_RECEIPT__POST_ROUTE_ROOT_RESIDUE_CLASSIFICATION_NO_CLEANUP_20260609.txt","C:\Users\13527\Desktop\123\Jxhnny_Kl33N_Seedz\HOUSE_WORK\PROJECT_COMMAND_CENTER_UI_LANE\HELPER_FILE_SURFACE_PREFLIGHT_20260606\HASH_RECEIPT__POST_ROUTE_ROOT_RESIDUE_CLASSIFICATION_NO_CLEANUP_20260609.txt","Structured root ROOT_HOUSE_WORK file was missing from matching git lane.","E72BD6D498869CA15348A298C2B405537D3BA2C57100DC4710C98CC7A0F80B2C","933"
"MOVED_STRUCTURED_ROOT_FILE_TO_REPO_LANE","C:\Users\13527\Desktop\123\HOUSE_WORK\PROJECT_COMMAND_CENTER_UI_LANE\HELPER_FILE_SURFACE_PREFLIGHT_20260606\HASH_RECEIPT__POST_ROUTE_ROOT_SURFACE_VERIFY_NO_CLEANUP_20260609.txt","C:\Users\13527\Desktop\123\Jxhnny_Kl33N_Seedz\HOUSE_WORK\PROJECT_COMMAND_CENTER_UI_LANE\HELPER_FILE_SURFACE_PREFLIGHT_20260606\HASH_RECEIPT__POST_ROUTE_ROOT_SURFACE_VERIFY_NO_CLEANUP_20260609.txt","Structured root ROOT_HOUSE_WORK file was missing from matching git lane.","05BEAFDEA056203AC3D4A33FDE57417C4FD928F600CF024F9407B53E2DD2FDAC","596"
"MOVED_STRUCTURED_ROOT_FILE_TO_REPO_LANE","C:\Users\13527\Desktop\123\HOUSE_WORK\PROJECT_COMMAND_CENTER_UI_LANE\HELPER_FILE_SURFACE_PREFLIGHT_20260606\HASH_RECEIPT__RECURSIVE_DRY_RUN_EXPANSION_RESOLVED_BY_ROOT_ROUTE_LANE_CLOSEOUT_NO_EXECUTION_20260609.txt","C:\Users\13527\Desktop\123\Jxhnny_Kl33N_Seedz\HOUSE_WORK\PROJECT_COMMAND_CENTER_UI_LANE\HELPER_FILE_SURFACE_PREFLIGHT_20260606\HASH_RECEIPT__RECURSIVE_DRY_RUN_EXPANSION_RESOLVED_BY_ROOT_ROUTE_LANE_CLOSEOUT_NO_EXECUTION_20260609.txt","Structured root ROOT_HOUSE_WORK file was missing from matching git lane.","A7CAA562C4EB90BCBE4D6BBC91D65A29A75585FCECD507366B2BB59B10250EEA","1570"
"MOVED_STRUCTURED_ROOT_FILE_TO_REPO_LANE","C:\Users\13527\Desktop\123\HOUSE_WORK\PROJECT_COMMAND_CENTER_UI_LANE\HELPER_FILE_SURFACE_PREFLIGHT_20260606\HASH_RECEIPT__ROOT_AFTER_ROUTE55_AND_3_HELPER_SCRIPT_ROUTE_NO_CLEANUP_20260609.txt","C:\Users\13527\Desktop\123\Jxhnny_Kl33N_Seedz\HOUSE_WORK\PROJECT_COMMAND_CENTER_UI_LANE\HELPER_FILE_SURFACE_PREFLIGHT_20260606\HASH_RECEIPT__ROOT_AFTER_ROUTE55_AND_3_HELPER_SCRIPT_ROUTE_NO_CLEANUP_20260609.txt","Structured root ROOT_HOUSE_WORK file was missing from matching git lane.","9780E9253DE28E0BCD4CDA9B2255AA9AC8FACAAD1C2402A67F50943AE373B090","987"
"MOVED_STRUCTURED_ROOT_FILE_TO_REPO_LANE","C:\Users\13527\Desktop\123\HOUSE_WORK\PROJECT_COMMAND_CENTER_UI_LANE\HELPER_FILE_SURFACE_PREFLIGHT_20260606\HASH_RECEIPT__ROOT_HELD_ROUTE_DRY_RUN_EXPANSION_SCOPE_NO_EXECUTION_20260609.txt","C:\Users\13527\Desktop\123\Jxhnny_Kl33N_Seedz\HOUSE_WORK\PROJECT_COMMAND_CENTER_UI_LANE\HELPER_FILE_SURFACE_PREFLIGHT_20260606\HASH_RECEIPT__ROOT_HELD_ROUTE_DRY_RUN_EXPANSION_SCOPE_NO_EXECUTION_20260609.txt","Structured root ROOT_HOUSE_WORK file was missing from matching git lane.","D8E49AB19F03A89D02C2C12B870726B156D0BC37BB6F8A2829420510B8CF10A8","1285"
"MOVED_STRUCTURED_ROOT_FILE_TO_REPO_LANE","C:\Users\13527\Desktop\123\HOUSE_WORK\PROJECT_COMMAND_CENTER_UI_LANE\HELPER_FILE_SURFACE_PREFLIGHT_20260606\HASH_RECEIPT__ROOT_HELD_ROUTE_DRY_RUN_SELECTOR_BUILD_CONTRACT_NO_EXECUTION_20260609.txt","C:\Users\13527\Desktop\123\Jxhnny_Kl33N_Seedz\HOUSE_WORK\PROJECT_COMMAND_CENTER_UI_LANE\HELPER_FILE_SURFACE_PREFLIGHT_20260606\HASH_RECEIPT__ROOT_HELD_ROUTE_DRY_RUN_SELECTOR_BUILD_CONTRACT_NO_EXECUTION_20260609.txt","Structured root ROOT_HOUSE_WORK file was missing from matching git lane.","E324489A26BF207E6F8F86F16729987FB020AA17B311DC56EF5F17D38DAECD9B","1515"
"MOVED_STRUCTURED_ROOT_FILE_TO_REPO_LANE","C:\Users\13527\Desktop\123\HOUSE_WORK\PROJECT_COMMAND_CENTER_UI_LANE\HELPER_FILE_SURFACE_PREFLIGHT_20260606\HASH_RECEIPT__ROOT_HELD_ROUTE_DRY_RUN_SELECTOR_DESIGN_NO_EXECUTION_20260609.txt","C:\Users\13527\Desktop\123\Jxhnny_Kl33N_Seedz\HOUSE_WORK\PROJECT_COMMAND_CENTER_UI_LANE\HELPER_FILE_SURFACE_PREFLIGHT_20260606\HASH_RECEIPT__ROOT_HELD_ROUTE_DRY_RUN_SELECTOR_DESIGN_NO_EXECUTION_20260609.txt","Structured root ROOT_HOUSE_WORK file was missing from matching git lane.","9CFC31720BB59DF8F3E9C9BEE55E452F317612A771A4375E433257383AC9D7DB","1220"
"MOVED_STRUCTURED_ROOT_FILE_TO_REPO_LANE","C:\Users\13527\Desktop\123\HOUSE_WORK\PROJECT_COMMAND_CENTER_UI_LANE\HELPER_FILE_SURFACE_PREFLIGHT_20260606\HASH_RECEIPT__ROOT_HELD_ROUTE_DRY_RUN_SELECTOR_V0_5_FIX_20260609.txt","C:\Users\13527\Desktop\123\Jxhnny_Kl33N_Seedz\HOUSE_WORK\PROJECT_COMMAND_CENTER_UI_LANE\HELPER_FILE_SURFACE_PREFLIGHT_20260606\HASH_RECEIPT__ROOT_HELD_ROUTE_DRY_RUN_SELECTOR_V0_5_FIX_20260609.txt","Structured root ROOT_HOUSE_WORK file was missing from matching git lane.","3949F49288F16A70C8CF87526FAE1E5908AE9A14AC469AB6FCD2C1D78DAACACB","1464"
"MOVED_STRUCTURED_ROOT_FILE_TO_REPO_LANE","C:\Users\13527\Desktop\123\HOUSE_WORK\PROJECT_COMMAND_CENTER_UI_LANE\HELPER_FILE_SURFACE_PREFLIGHT_20260606\HASH_RECEIPT__ROOT_HELD_ROUTE_DRY_RUN_SELECTOR_V0_5_REVIEW_CARD_V0_2_FIX_20260609.txt","C:\Users\13527\Desktop\123\Jxhnny_Kl33N_Seedz\HOUSE_WORK\PROJECT_COMMAND_CENTER_UI_LANE\HELPER_FILE_SURFACE_PREFLIGHT_20260606\HASH_RECEIPT__ROOT_HELD_ROUTE_DRY_RUN_SELECTOR_V0_5_REVIEW_CARD_V0_2_FIX_20260609.txt","Structured root ROOT_HOUSE_WORK file was missing from matching git lane.","200E3ABDA212513FF9AC44BB6A80B5886D9D4A7EFA7DCB2C3568FC6D8F013A47","1191"
"MOVED_STRUCTURED_ROOT_FILE_TO_REPO_LANE","C:\Users\13527\Desktop\123\HOUSE_WORK\PROJECT_COMMAND_CENTER_UI_LANE\HELPER_FILE_SURFACE_PREFLIGHT_20260606\HASH_RECEIPT__ROOT_HELD_ROUTE_DRY_RUN_SELECTOR_V0_5_USER_REVIEW_PACKET_V0_2_FIX_20260609.txt","C:\Users\13527\Desktop\123\Jxhnny_Kl33N_Seedz\HOUSE_WORK\PROJECT_COMMAND_CENTER_UI_LANE\HELPER_FILE_SURFACE_PREFLIGHT_20260606\HASH_RECEIPT__ROOT_HELD_ROUTE_DRY_RUN_SELECTOR_V0_5_USER_REVIEW_PACKET_V0_2_FIX_20260609.txt","Structured root ROOT_HOUSE_WORK file was missing from matching git lane.","26B7CD33D26C471E12469F7BA8664FE0E895B9D2CE35CC8BF7FD412173B82EDD","1151"
"MOVED_STRUCTURED_ROOT_FILE_TO_REPO_LANE","C:\Users\13527\Desktop\123\HOUSE_WORK\PROJECT_COMMAND_CENTER_UI_LANE\HELPER_FILE_SURFACE_PREFLIGHT_20260606\HASH_RECEIPT__ROOT_HELD_ROUTE_DRY_RUN_V0_2_NO_ROUTE_RECOMMENDATION_REVIEW_20260609.txt","C:\Users\13527\Desktop\123\Jxhnny_Kl33N_Seedz\HOUSE_WORK\PROJECT_COMMAND_CENTER_UI_LANE\HELPER_FILE_SURFACE_PREFLIGHT_20260606\HASH_RECEIPT__ROOT_HELD_ROUTE_DRY_RUN_V0_2_NO_ROUTE_RECOMMENDATION_REVIEW_20260609.txt","Structured root ROOT_HOUSE_WORK file was missing from matching git lane.","A194EAD4A9C53534B4C40F6458FC9A435E837C047701214790335E563D89D60D","1213"
"MOVED_STRUCTURED_ROOT_FILE_TO_REPO_LANE","C:\Users\13527\Desktop\123\HOUSE_WORK\PROJECT_COMMAND_CENTER_UI_LANE\HELPER_FILE_SURFACE_PREFLIGHT_20260606\HASH_RECEIPT__ROOT_HELD_ROUTE_PLAN_PAUSE_REBUILT_AFTER_HELPER_REVIEW_QUEUE_20260609.txt","C:\Users\13527\Desktop\123\Jxhnny_Kl33N_Seedz\HOUSE_WORK\PROJECT_COMMAND_CENTER_UI_LANE\HELPER_FILE_SURFACE_PREFLIGHT_20260606\HASH_RECEIPT__ROOT_HELD_ROUTE_PLAN_PAUSE_REBUILT_AFTER_HELPER_REVIEW_QUEUE_20260609.txt","Structured root ROOT_HOUSE_WORK file was missing from matching git lane.","107BD2275E29E65A76B1C19D0DD25783BC78899DDA46B855D63553B8FC67B79C","802"
"MOVED_STRUCTURED_ROOT_FILE_TO_REPO_LANE","C:\Users\13527\Desktop\123\HOUSE_WORK\PROJECT_COMMAND_CENTER_UI_LANE\HELPER_FILE_SURFACE_PREFLIGHT_20260606\HASH_RECEIPT__ROOT_HELD_ROUTE_PLAN_PAUSE_REVIEW_DECISION_NO_EXECUTION_20260609.txt","C:\Users\13527\Desktop\123\Jxhnny_Kl33N_Seedz\HOUSE_WORK\PROJECT_COMMAND_CENTER_UI_LANE\HELPER_FILE_SURFACE_PREFLIGHT_20260606\HASH_RECEIPT__ROOT_HELD_ROUTE_PLAN_PAUSE_REVIEW_DECISION_NO_EXECUTION_20260609.txt","Structured root ROOT_HOUSE_WORK file was missing from matching git lane.","0DC4CA87F07C8CFB9A9348E557BF346483AD924C8180B8E946B8DC2DC6288F3F","1334"
"MOVED_STRUCTURED_ROOT_FILE_TO_REPO_LANE","C:\Users\13527\Desktop\123\HOUSE_WORK\PROJECT_COMMAND_CENTER_UI_LANE\HELPER_FILE_SURFACE_PREFLIGHT_20260606\HASH_RECEIPT__ROOT_HELD_ROUTE_SELECTOR_DRY_RUN_20260609_V0_2_20260609_161521.txt","C:\Users\13527\Desktop\123\Jxhnny_Kl33N_Seedz\HOUSE_WORK\PROJECT_COMMAND_CENTER_UI_LANE\HELPER_FILE_SURFACE_PREFLIGHT_20260606\HASH_RECEIPT__ROOT_HELD_ROUTE_SELECTOR_DRY_RUN_20260609_V0_2_20260609_161521.txt","Structured root ROOT_HOUSE_WORK file was missing from matching git lane.","F36BB2F682B026382E91386D806FE89C17ECF57A36D8E980E113A8BE460D4BDA","1264"
"MOVED_STRUCTURED_ROOT_FILE_TO_REPO_LANE","C:\Users\13527\Desktop\123\HOUSE_WORK\PROJECT_COMMAND_CENTER_UI_LANE\HELPER_FILE_SURFACE_PREFLIGHT_20260606\HASH_RECEIPT__ROOT_HELD_ROUTE_SELECTOR_DRY_RUN_20260609_V0_2_20260609_161633.txt","C:\Users\13527\Desktop\123\Jxhnny_Kl33N_Seedz\HOUSE_WORK\PROJECT_COMMAND_CENTER_UI_LANE\HELPER_FILE_SURFACE_PREFLIGHT_20260606\HASH_RECEIPT__ROOT_HELD_ROUTE_SELECTOR_DRY_RUN_20260609_V0_2_20260609_161633.txt","Structured root ROOT_HOUSE_WORK file was missing from matching git lane.","49684E7BB4DA61257CDEFE798055ACCBDA2B9F41F541A1A6F80BD353E95623E1","1264"
"MOVED_STRUCTURED_ROOT_FILE_TO_REPO_LANE","C:\Users\13527\Desktop\123\HOUSE_WORK\PROJECT_COMMAND_CENTER_UI_LANE\HELPER_FILE_SURFACE_PREFLIGHT_20260606\HASH_RECEIPT__ROOT_ROUTE_LANE_COMPLETE_ROOT_NOW_3_HOLD_FILES_ONLY_20260609.txt","C:\Users\13527\Desktop\123\Jxhnny_Kl33N_Seedz\HOUSE_WORK\PROJECT_COMMAND_CENTER_UI_LANE\HELPER_FILE_SURFACE_PREFLIGHT_20260606\HASH_RECEIPT__ROOT_ROUTE_LANE_COMPLETE_ROOT_NOW_3_HOLD_FILES_ONLY_20260609.txt","Structured root ROOT_HOUSE_WORK file was missing from matching git lane.","C30BCCF5A89F504911C60B609B63AEAD4C41A0290869EEB0F6C43DEA516BDBD9","645"
"MOVED_STRUCTURED_ROOT_FILE_TO_REPO_LANE","C:\Users\13527\Desktop\123\HOUSE_WORK\PROJECT_COMMAND_CENTER_UI_LANE\HELPER_FILE_SURFACE_PREFLIGHT_20260606\HASH_RECEIPT__ROUTE_3_ROUTE55_HELPER_SCRIPTS_ONLY_20260609.txt","C:\Users\13527\Desktop\123\Jxhnny_Kl33N_Seedz\HOUSE_WORK\PROJECT_COMMAND_CENTER_UI_LANE\HELPER_FILE_SURFACE_PREFLIGHT_20260606\HASH_RECEIPT__ROUTE_3_ROUTE55_HELPER_SCRIPTS_ONLY_20260609.txt","Structured root ROOT_HOUSE_WORK file was missing from matching git lane.","4E1A32411CB404675AD2729D87594A6BEE1B8015CC7D8E0CD7E7437259E918CD","581"
"MOVED_STRUCTURED_ROOT_FILE_TO_REPO_LANE","C:\Users\13527\Desktop\123\HOUSE_WORK\PROJECT_COMMAND_CENTER_UI_LANE\HELPER_FILE_SURFACE_PREFLIGHT_20260606\HASH_RECEIPT__ROUTE_55_CANDIDATES_APPROVAL_PACKET_NO_EXECUTION_20260609_20260609_194137.txt","C:\Users\13527\Desktop\123\Jxhnny_Kl33N_Seedz\HOUSE_WORK\PROJECT_COMMAND_CENTER_UI_LANE\HELPER_FILE_SURFACE_PREFLIGHT_20260606\HASH_RECEIPT__ROUTE_55_CANDIDATES_APPROVAL_PACKET_NO_EXECUTION_20260609_20260609_194137.txt","Structured root ROOT_HOUSE_WORK file was missing from matching git lane.","BDF55444D78386C0817A2E52AFE9D03FEEF1F875743BF44FE4BB9612F18C1982","2718"
"MOVED_STRUCTURED_ROOT_FILE_TO_REPO_LANE","C:\Users\13527\Desktop\123\HOUSE_WORK\PROJECT_COMMAND_CENTER_UI_LANE\HELPER_FILE_SURFACE_PREFLIGHT_20260606\HASH_RECEIPT__ROUTE_55_CLOSEOUT_V0_2_20260609_205142.txt","C:\Users\13527\Desktop\123\Jxhnny_Kl33N_Seedz\HOUSE_WORK\PROJECT_COMMAND_CENTER_UI_LANE\HELPER_FILE_SURFACE_PREFLIGHT_20260606\HASH_RECEIPT__ROUTE_55_CLOSEOUT_V0_2_20260609_205142.txt","Structured root ROOT_HOUSE_WORK file was missing from matching git lane.","BD6E0C2FC94D85F959B7F7BB00C518DC712D6CEE6671DDAD543468BA8DCC6CA7","2381"
"MOVED_STRUCTURED_ROOT_FILE_TO_REPO_LANE","C:\Users\13527\Desktop\123\HOUSE_WORK\PROJECT_COMMAND_CENTER_UI_LANE\HELPER_FILE_SURFACE_PREFLIGHT_20260606\HASH_RECEIPT__ROUTE_55_COMPLETE_WITH_3_HOLD_ROWS_REVIEWED_NO_EXTRA_ACTION_20260609.txt","C:\Users\13527\Desktop\123\Jxhnny_Kl33N_Seedz\HOUSE_WORK\PROJECT_COMMAND_CENTER_UI_LANE\HELPER_FILE_SURFACE_PREFLIGHT_20260606\HASH_RECEIPT__ROUTE_55_COMPLETE_WITH_3_HOLD_ROWS_REVIEWED_NO_EXTRA_ACTION_20260609.txt","Structured root ROOT_HOUSE_WORK file was missing from matching git lane.","72B3C297E9AD24906CA165AB6D23FEFE0359A0710F783564AD0B09AABCDB4D28","548"
"MOVED_STRUCTURED_ROOT_FILE_TO_REPO_LANE","C:\Users\13527\Desktop\123\HOUSE_WORK\PROJECT_COMMAND_CENTER_UI_LANE\HELPER_FILE_SURFACE_PREFLIGHT_20260606\HASH_RECEIPT__ROUTE_55_EXECUTOR_PACKAGE_BUILD_NO_RUN_V0_1_20260609_204546.txt","C:\Users\13527\Desktop\123\Jxhnny_Kl33N_Seedz\HOUSE_WORK\PROJECT_COMMAND_CENTER_UI_LANE\HELPER_FILE_SURFACE_PREFLIGHT_20260606\HASH_RECEIPT__ROUTE_55_EXECUTOR_PACKAGE_BUILD_NO_RUN_V0_1_20260609_204546.txt","Structured root ROOT_HOUSE_WORK file was missing from matching git lane.","2459AFCC3553E7C6810D0924FAC625DC70490FF2879E810D54B5534191591172","2125"
"MOVED_STRUCTURED_ROOT_FILE_TO_REPO_LANE","C:\Users\13527\Desktop\123\HOUSE_WORK\PROJECT_COMMAND_CENTER_UI_LANE\HELPER_FILE_SURFACE_PREFLIGHT_20260606\HASH_RECEIPT__ROUTE_55_EXECUTOR_RUN_20260609_204637.txt","C:\Users\13527\Desktop\123\Jxhnny_Kl33N_Seedz\HOUSE_WORK\PROJECT_COMMAND_CENTER_UI_LANE\HELPER_FILE_SURFACE_PREFLIGHT_20260606\HASH_RECEIPT__ROUTE_55_EXECUTOR_RUN_20260609_204637.txt","Structured root ROOT_HOUSE_WORK file was missing from matching git lane.","03FD168B8219EE944E5D4DE88CFE4C11F4A05B3E3A0C932F12F2AFCD62179ADA","784"
"MOVED_STRUCTURED_ROOT_FILE_TO_REPO_LANE","C:\Users\13527\Desktop\123\HOUSE_WORK\PROJECT_COMMAND_CENTER_UI_LANE\HELPER_FILE_SURFACE_PREFLIGHT_20260606\HASH_RECEIPT__ROUTE_55_EXECUTOR_RUN_20260609_204808.txt","C:\Users\13527\Desktop\123\Jxhnny_Kl33N_Seedz\HOUSE_WORK\PROJECT_COMMAND_CENTER_UI_LANE\HELPER_FILE_SURFACE_PREFLIGHT_20260606\HASH_RECEIPT__ROUTE_55_EXECUTOR_RUN_20260609_204808.txt","Structured root ROOT_HOUSE_WORK file was missing from matching git lane.","8C2640EEC61C9032795332ABE5113E12F64ACE5E47B54E3A512DD3082BB15786","799"
"MOVED_STRUCTURED_ROOT_FILE_TO_REPO_LANE","C:\Users\13527\Desktop\123\HOUSE_WORK\PROJECT_COMMAND_CENTER_UI_LANE\HELPER_FILE_SURFACE_PREFLIGHT_20260606\HASH_RECEIPT__ROUTE_74_REVIEWED_DELTA_FILES_ONLY_20260609.txt","C:\Users\13527\Desktop\123\Jxhnny_Kl33N_Seedz\HOUSE_WORK\PROJECT_COMMAND_CENTER_UI_LANE\HELPER_FILE_SURFACE_PREFLIGHT_20260606\HASH_RECEIPT__ROUTE_74_REVIEWED_DELTA_FILES_ONLY_20260609.txt","Structured root ROOT_HOUSE_WORK file was missing from matching git lane.","84DD4B00E972BBA99EB3BB49ABC09DC9ADFD54378ED3E15A3783FE0ABDFCD373","992"
"MOVED_STRUCTURED_ROOT_FILE_TO_REPO_LANE","C:\Users\13527\Desktop\123\HOUSE_WORK\PROJECT_COMMAND_CENTER_UI_LANE\HELPER_FILE_SURFACE_PREFLIGHT_20260606\HASH_RECEIPT__STATIC_GATE_GENERATED_HELPER_REPAIR_COLLECTION_PARAMETER_BINDING_NO_EXECUTION_20260609.txt","C:\Users\13527\Desktop\123\Jxhnny_Kl33N_Seedz\HOUSE_WORK\PROJECT_COMMAND_CENTER_UI_LANE\HELPER_FILE_SURFACE_PREFLIGHT_20260606\HASH_RECEIPT__STATIC_GATE_GENERATED_HELPER_REPAIR_COLLECTION_PARAMETER_BINDING_NO_EXECUTION_20260609.txt","Structured root ROOT_HOUSE_WORK file was missing from matching git lane.","0E852B97DD002CFAAE7D639FAF82A3D1F1BFE340C67CBF23861CC7E2F3BDBE42","1926"
"MOVED_STRUCTURED_ROOT_FILE_TO_REPO_LANE","C:\Users\13527\Desktop\123\HOUSE_WORK\PROJECT_COMMAND_CENTER_UI_LANE\HELPER_FILE_SURFACE_PREFLIGHT_20260606\HASH_RECEIPT__STATIC_GATE_SCAN_PARSER_ERROR_LOWER_FILE_CHECK_NO_EXECUTION_20260609.txt","C:\Users\13527\Desktop\123\Jxhnny_Kl33N_Seedz\HOUSE_WORK\PROJECT_COMMAND_CENTER_UI_LANE\HELPER_FILE_SURFACE_PREFLIGHT_20260606\HASH_RECEIPT__STATIC_GATE_SCAN_PARSER_ERROR_LOWER_FILE_CHECK_NO_EXECUTION_20260609.txt","Structured root ROOT_HOUSE_WORK file was missing from matching git lane.","2271A4E05195461692F6749709BB324F603D0B1E50F582B10A631FB58B31A794","1441"
"MOVED_STRUCTURED_ROOT_FILE_TO_REPO_LANE","C:\Users\13527\Desktop\123\HOUSE_WORK\PROJECT_COMMAND_CENTER_UI_LANE\HELPER_FILE_SURFACE_PREFLIGHT_20260606\HASH_RECEIPT__STATIC_GATE_SCAN_ROOT_CAUSE_V0_2_NO_ELSEIF_LAYER_CLASSIFICATION_NO_EXECUTION_20260609.txt","C:\Users\13527\Desktop\123\Jxhnny_Kl33N_Seedz\HOUSE_WORK\PROJECT_COMMAND_CENTER_UI_LANE\HELPER_FILE_SURFACE_PREFLIGHT_20260606\HASH_RECEIPT__STATIC_GATE_SCAN_ROOT_CAUSE_V0_2_NO_ELSEIF_LAYER_CLASSIFICATION_NO_EXECUTION_20260609.txt","Structured root ROOT_HOUSE_WORK file was missing from matching git lane.","D78BDD41AF02DD54240577C2937977BA3B0210EC4E1058392342453211624980","2110"
"MOVED_STRUCTURED_ROOT_FILE_TO_REPO_LANE","C:\Users\13527\Desktop\123\HOUSE_WORK\PROJECT_COMMAND_CENTER_UI_LANE\HELPER_FILE_SURFACE_PREFLIGHT_20260606\HASH_RECEIPT__STATIC_GATE_SCAN_TRACE_REPORT_PARTIAL_ACK_NO_EXECUTION_20260609.txt","C:\Users\13527\Desktop\123\Jxhnny_Kl33N_Seedz\HOUSE_WORK\PROJECT_COMMAND_CENTER_UI_LANE\HELPER_FILE_SURFACE_PREFLIGHT_20260606\HASH_RECEIPT__STATIC_GATE_SCAN_TRACE_REPORT_PARTIAL_ACK_NO_EXECUTION_20260609.txt","Structured root ROOT_HOUSE_WORK file was missing from matching git lane.","61879E6831CF4AACB2612CCC6621A8BD5649C1629B0DCC6CB317A151FBC2D797","1727"
"MOVED_STRUCTURED_ROOT_FILE_TO_REPO_LANE","C:\Users\13527\Desktop\123\HOUSE_WORK\PROJECT_COMMAND_CENTER_UI_LANE\HELPER_FILE_SURFACE_PREFLIGHT_20260606\HASH_RECEIPT__STATIC_REVIEW_PACKET_BATCH_HSRB_001_V0_2_FIX_20260609.txt","C:\Users\13527\Desktop\123\Jxhnny_Kl33N_Seedz\HOUSE_WORK\PROJECT_COMMAND_CENTER_UI_LANE\HELPER_FILE_SURFACE_PREFLIGHT_20260606\HASH_RECEIPT__STATIC_REVIEW_PACKET_BATCH_HSRB_001_V0_2_FIX_20260609.txt","Structured root ROOT_HOUSE_WORK file was missing from matching git lane.","D8C18BF73C4BAB706703CB448867A5F4B3801CA17387A4B73E751C596B8756CD","785"
"MOVED_STRUCTURED_ROOT_FILE_TO_REPO_LANE","C:\Users\13527\Desktop\123\HOUSE_WORK\PROJECT_COMMAND_CENTER_UI_LANE\HELPER_FILE_SURFACE_PREFLIGHT_20260606\HASH_RECEIPT__STATIC_REVIEW_POST_DELTA_REVIEW_ROUTE_RECONSIDERATION_SELECTOR_NO_EXECUTION_20260609_V0_1.txt","C:\Users\13527\Desktop\123\Jxhnny_Kl33N_Seedz\HOUSE_WORK\PROJECT_COMMAND_CENTER_UI_LANE\HELPER_FILE_SURFACE_PREFLIGHT_20260606\HASH_RECEIPT__STATIC_REVIEW_POST_DELTA_REVIEW_ROUTE_RECONSIDERATION_SELECTOR_NO_EXECUTION_20260609_V0_1.txt","Structured root ROOT_HOUSE_WORK file was missing from matching git lane.","B8E239068522E1292888D8942B90A2A04CBD173AB2434A682781324442023612","1259"
"MOVED_STRUCTURED_ROOT_FILE_TO_REPO_LANE","C:\Users\13527\Desktop\123\HOUSE_WORK\PROJECT_COMMAND_CENTER_UI_LANE\HELPER_FILE_SURFACE_PREFLIGHT_20260606\HASH_RECEIPT__STATIC_REVIEW_POST_DELTA_REVIEW_ROUTE_RECONSIDERATION_SELECTOR_NO_EXECUTION_20260609_V0_2.txt","C:\Users\13527\Desktop\123\Jxhnny_Kl33N_Seedz\HOUSE_WORK\PROJECT_COMMAND_CENTER_UI_LANE\HELPER_FILE_SURFACE_PREFLIGHT_20260606\HASH_RECEIPT__STATIC_REVIEW_POST_DELTA_REVIEW_ROUTE_RECONSIDERATION_SELECTOR_NO_EXECUTION_20260609_V0_2.txt","Structured root ROOT_HOUSE_WORK file was missing from matching git lane.","418F6EEBFD019FCB72820ACB86162EE5F4EBA1C2D953B7774B64B4FA0D64873D","1366"
"MOVED_STRUCTURED_ROOT_FILE_TO_REPO_LANE","C:\Users\13527\Desktop\123\HOUSE_WORK\PROJECT_COMMAND_CENTER_UI_LANE\HELPER_FILE_SURFACE_PREFLIGHT_20260606\HASH_RECEIPT__STATIC_REVIEW_POST_DELTA_REVIEW_ROUTE_RECONSIDERATION_SELECTOR_V0_2_NO_EXECUTION_20260609_V0_1.txt","C:\Users\13527\Desktop\123\Jxhnny_Kl33N_Seedz\HOUSE_WORK\PROJECT_COMMAND_CENTER_UI_LANE\HELPER_FILE_SURFACE_PREFLIGHT_20260606\HASH_RECEIPT__STATIC_REVIEW_POST_DELTA_REVIEW_ROUTE_RECONSIDERATION_SELECTOR_V0_2_NO_EXECUTION_20260609_V0_1.txt","Structured root ROOT_HOUSE_WORK file was missing from matching git lane.","4297BE567978F45647D1ED2F0E66FB086ED9EA453A312B7FA1F812D7E13293E1","1451"
"MOVED_STRUCTURED_ROOT_FILE_TO_REPO_LANE","C:\Users\13527\Desktop\123\HOUSE_WORK\PROJECT_COMMAND_CENTER_UI_LANE\HELPER_FILE_SURFACE_PREFLIGHT_20260606\HASH_RECEIPT__STATIC_REVIEW_POST_DELTA_REVIEW_ROUTE_RECONSIDERATION_SELECTOR_V0_2_NO_EXECUTION_20260609_V0_2.txt","C:\Users\13527\Desktop\123\Jxhnny_Kl33N_Seedz\HOUSE_WORK\PROJECT_COMMAND_CENTER_UI_LANE\HELPER_FILE_SURFACE_PREFLIGHT_20260606\HASH_RECEIPT__STATIC_REVIEW_POST_DELTA_REVIEW_ROUTE_RECONSIDERATION_SELECTOR_V0_2_NO_EXECUTION_20260609_V0_2.txt","Structured root ROOT_HOUSE_WORK file was missing from matching git lane.","AD2DCFFAA05BAF203327B25E8A34E63BC7A29665C6A9C015F84F62AB16BCA159","1385"
"MOVED_STRUCTURED_ROOT_FILE_TO_REPO_LANE","C:\Users\13527\Desktop\123\HOUSE_WORK\PROJECT_COMMAND_CENTER_UI_LANE\HELPER_FILE_SURFACE_PREFLIGHT_20260606\HASH_RECEIPT__STATIC_REVIEW_ROOT_HELD_ROUTE_DRY_RUN_SELECTOR_SCRIPT_PASS_20260609.txt","C:\Users\13527\Desktop\123\Jxhnny_Kl33N_Seedz\HOUSE_WORK\PROJECT_COMMAND_CENTER_UI_LANE\HELPER_FILE_SURFACE_PREFLIGHT_20260606\HASH_RECEIPT__STATIC_REVIEW_ROOT_HELD_ROUTE_DRY_RUN_SELECTOR_SCRIPT_PASS_20260609.txt","Structured root ROOT_HOUSE_WORK file was missing from matching git lane.","8FDB3BD296D86E63A782EB43A3031BFA00FEDCAA09029AF985A1A63E00901FBB","762"
"MOVED_STRUCTURED_ROOT_FILE_TO_REPO_LANE","C:\Users\13527\Desktop\123\HOUSE_WORK\PROJECT_COMMAND_CENTER_UI_LANE\HELPER_FILE_SURFACE_PREFLIGHT_20260606\HASH_RECEIPT__STATIC_REVIEW_ROOT_HELD_ROUTE_DRY_RUN_SELECTOR_V0_2_PASS_20260609.txt","C:\Users\13527\Desktop\123\Jxhnny_Kl33N_Seedz\HOUSE_WORK\PROJECT_COMMAND_CENTER_UI_LANE\HELPER_FILE_SURFACE_PREFLIGHT_20260606\HASH_RECEIPT__STATIC_REVIEW_ROOT_HELD_ROUTE_DRY_RUN_SELECTOR_V0_2_PASS_20260609.txt","Structured root ROOT_HOUSE_WORK file was missing from matching git lane.","293DD77637C5E8FAC8DB6490129B4F8EF5552D0B09016C82416FE0CA869419D8","831"
"MOVED_STRUCTURED_ROOT_FILE_TO_REPO_LANE","C:\Users\13527\Desktop\123\HOUSE_WORK\PROJECT_COMMAND_CENTER_UI_LANE\HELPER_FILE_SURFACE_PREFLIGHT_20260606\HASH_RECEIPT__V0_2_DECISION_PACKET_COMMAND_STREAM_ERROR_ACK_NO_EXECUTION_20260609.txt","C:\Users\13527\Desktop\123\Jxhnny_Kl33N_Seedz\HOUSE_WORK\PROJECT_COMMAND_CENTER_UI_LANE\HELPER_FILE_SURFACE_PREFLIGHT_20260606\HASH_RECEIPT__V0_2_DECISION_PACKET_COMMAND_STREAM_ERROR_ACK_NO_EXECUTION_20260609.txt","Structured root ROOT_HOUSE_WORK file was missing from matching git lane.","3B64A1F47385041DD34D7BB7A83EF4766551434D728F1EC337BBBFA385AD4759","2564"
"MOVED_STRUCTURED_ROOT_FILE_TO_REPO_LANE","C:\Users\13527\Desktop\123\HOUSE_WORK\PROJECT_COMMAND_CENTER_UI_LANE\HELPER_FILE_SURFACE_PREFLIGHT_20260606\HASH_RECEIPT__V0_2_GENERATED_HELPER_STATIC_GATE_BLOCKERS_DECISION_PACKET_NO_EXECUTION_20260609.txt","C:\Users\13527\Desktop\123\Jxhnny_Kl33N_Seedz\HOUSE_WORK\PROJECT_COMMAND_CENTER_UI_LANE\HELPER_FILE_SURFACE_PREFLIGHT_20260606\HASH_RECEIPT__V0_2_GENERATED_HELPER_STATIC_GATE_BLOCKERS_DECISION_PACKET_NO_EXECUTION_20260609.txt","Structured root ROOT_HOUSE_WORK file was missing from matching git lane.","1D0C5532168CFDD025E08A3C5DDA768199A7ED0B0600139FC6A12A58B77A1DCD","2491"
"MOVED_STRUCTURED_ROOT_FILE_TO_REPO_LANE","C:\Users\13527\Desktop\123\HOUSE_WORK\PROJECT_COMMAND_CENTER_UI_LANE\HELPER_FILE_SURFACE_PREFLIGHT_20260606\HASH_RECEIPT__V0_2_GENERATED_HELPER_STATIC_SCAN_NO_EXECUTION_20260609.txt","C:\Users\13527\Desktop\123\Jxhnny_Kl33N_Seedz\HOUSE_WORK\PROJECT_COMMAND_CENTER_UI_LANE\HELPER_FILE_SURFACE_PREFLIGHT_20260606\HASH_RECEIPT__V0_2_GENERATED_HELPER_STATIC_SCAN_NO_EXECUTION_20260609.txt","Structured root ROOT_HOUSE_WORK file was missing from matching git lane.","0618141A1BCE6A0F649F5ECF963D5B9E9BC95230F51D65CBC3CB0F2E46EEAD20","1653"
"MOVED_STRUCTURED_ROOT_FILE_TO_REPO_LANE","C:\Users\13527\Desktop\123\HOUSE_WORK\PROJECT_COMMAND_CENTER_UI_LANE\HELPER_FILE_SURFACE_PREFLIGHT_20260606\HELD_GROUP_APPROVED_ROUTE_BUCKET_PHYSICAL_ROUTE_RECEIPT_20260608.md","C:\Users\13527\Desktop\123\Jxhnny_Kl33N_Seedz\HOUSE_WORK\PROJECT_COMMAND_CENTER_UI_LANE\HELPER_FILE_SURFACE_PREFLIGHT_20260606\HELD_GROUP_APPROVED_ROUTE_BUCKET_PHYSICAL_ROUTE_RECEIPT_20260608.md","Structured root ROOT_HOUSE_WORK file was missing from matching git lane.","DC2599517AC40A3827F7CF9791FAD1E573ECEE921F36477776D9B18476AA6DEC","10719"
"MOVED_STRUCTURED_ROOT_FILE_TO_REPO_LANE","C:\Users\13527\Desktop\123\HOUSE_WORK\PROJECT_COMMAND_CENTER_UI_LANE\HELPER_FILE_SURFACE_PREFLIGHT_20260606\HELD_GROUP_HOLD_ACCESSION_RECEIPT_20260608.md","C:\Users\13527\Desktop\123\Jxhnny_Kl33N_Seedz\HOUSE_WORK\PROJECT_COMMAND_CENTER_UI_LANE\HELPER_FILE_SURFACE_PREFLIGHT_20260606\HELD_GROUP_HOLD_ACCESSION_RECEIPT_20260608.md","Structured root ROOT_HOUSE_WORK file was missing from matching git lane.","ADF196D0F81D81EC50AE98B2144B0CCF899A846E5A48F5723D1CF5EAB41C04C9","12383"
"MOVED_STRUCTURED_ROOT_FILE_TO_REPO_LANE","C:\Users\13527\Desktop\123\HOUSE_WORK\PROJECT_COMMAND_CENTER_UI_LANE\HELPER_FILE_SURFACE_PREFLIGHT_20260606\HELD_GROUP_INDEX_PROOF_HISTORY_PHYSICAL_ROUTE_RECEIPT_20260608.md","C:\Users\13527\Desktop\123\Jxhnny_Kl33N_Seedz\HOUSE_WORK\PROJECT_COMMAND_CENTER_UI_LANE\HELPER_FILE_SURFACE_PREFLIGHT_20260606\HELD_GROUP_INDEX_PROOF_HISTORY_PHYSICAL_ROUTE_RECEIPT_20260608.md","Structured root ROOT_HOUSE_WORK file was missing from matching git lane.","8330208450D8B7539EA6E34BB9E74C9A90DBF0B714BF8E34AE0BB6ED868B208F","5278"
"MOVED_STRUCTURED_ROOT_FILE_TO_REPO_LANE","C:\Users\13527\Desktop\123\HOUSE_WORK\PROJECT_COMMAND_CENTER_UI_LANE\HELPER_FILE_SURFACE_PREFLIGHT_20260606\HELD_GROUP_ROUTE_APPLY_DRY_RUN_PACKET_20260608.md","C:\Users\13527\Desktop\123\Jxhnny_Kl33N_Seedz\HOUSE_WORK\PROJECT_COMMAND_CENTER_UI_LANE\HELPER_FILE_SURFACE_PREFLIGHT_20260606\HELD_GROUP_ROUTE_APPLY_DRY_RUN_PACKET_20260608.md","Structured root ROOT_HOUSE_WORK file was missing from matching git lane.","A4920DA2F8998590D4DFFCCF23C81AA8D1D5B5E4B2FCCD9B7C01EBF67989EAFB","9373"
"MOVED_STRUCTURED_ROOT_FILE_TO_REPO_LANE","C:\Users\13527\Desktop\123\HOUSE_WORK\PROJECT_COMMAND_CENTER_UI_LANE\HELPER_FILE_SURFACE_PREFLIGHT_20260606\HELD_GROUP_ROUTE_OR_HOLD_DECISION_READ_ONLY_REVIEW_20260608.md","C:\Users\13527\Desktop\123\Jxhnny_Kl33N_Seedz\HOUSE_WORK\PROJECT_COMMAND_CENTER_UI_LANE\HELPER_FILE_SURFACE_PREFLIGHT_20260606\HELD_GROUP_ROUTE_OR_HOLD_DECISION_READ_ONLY_REVIEW_20260608.md","Structured root ROOT_HOUSE_WORK file was missing from matching git lane.","463CD3F92C25F54F262B3B8D3F3974A86E93C5C2EDBADDBE391A588B79EFA167","30848"
"REMOVED_ROOT_DUPLICATE_AFTER_HASH_MATCH","C:\Users\13527\Desktop\123\HOUSE_WORK\PROJECT_COMMAND_CENTER_UI_LANE\HELPER_FILE_SURFACE_PREFLIGHT_20260606\HELPER_FILE_PREFLIGHT__HELPER_FILE_SURFACE_PREFLIGHT_20260606.md","C:\Users\13527\Desktop\123\Jxhnny_Kl33N_Seedz\HOUSE_WORK\PROJECT_COMMAND_CENTER_UI_LANE\HELPER_FILE_SURFACE_PREFLIGHT_20260606\HELPER_FILE_PREFLIGHT__HELPER_FILE_SURFACE_PREFLIGHT_20260606.md","Same relative path and SHA256 already present in repo for ROOT_HOUSE_WORK.","C3B1C54D4B8AB8AFAC14F8CF8349B2407AA1A99B00E8362A925A0D888AD3BC02","14769"
"MOVED_STRUCTURED_ROOT_FILE_TO_REPO_LANE","C:\Users\13527\Desktop\123\HOUSE_WORK\PROJECT_COMMAND_CENTER_UI_LANE\HELPER_FILE_SURFACE_PREFLIGHT_20260606\HELPER_FILE_SURFACE_PREFLIGHT_LANE_CLOSEOUT_CARD_20260608.md","C:\Users\13527\Desktop\123\Jxhnny_Kl33N_Seedz\HOUSE_WORK\PROJECT_COMMAND_CENTER_UI_LANE\HELPER_FILE_SURFACE_PREFLIGHT_20260606\HELPER_FILE_SURFACE_PREFLIGHT_LANE_CLOSEOUT_CARD_20260608.md","Structured root ROOT_HOUSE_WORK file was missing from matching git lane.","BA9DABB8BF4CEA36A742C2F393FD4D3E9BD73D70C5A3EFE9273D43EAE956DD72","3891"
"MOVED_STRUCTURED_ROOT_FILE_TO_REPO_LANE","C:\Users\13527\Desktop\123\HOUSE_WORK\PROJECT_COMMAND_CENTER_UI_LANE\HELPER_FILE_SURFACE_PREFLIGHT_20260606\HELPER_FILE_SURFACE_PREFLIGHT_LANE_CLOSEOUT_CARD_RECEIPT_20260608.txt","C:\Users\13527\Desktop\123\Jxhnny_Kl33N_Seedz\HOUSE_WORK\PROJECT_COMMAND_CENTER_UI_LANE\HELPER_FILE_SURFACE_PREFLIGHT_20260606\HELPER_FILE_SURFACE_PREFLIGHT_LANE_CLOSEOUT_CARD_RECEIPT_20260608.txt","Structured root ROOT_HOUSE_WORK file was missing from matching git lane.","3302308EE81F885700B3EF5CEA5807A76EE4E1A04BF6968ECB2BFC1B4296CE60","1056"
"MOVED_STRUCTURED_ROOT_FILE_TO_REPO_LANE","C:\Users\13527\Desktop\123\HOUSE_WORK\PROJECT_COMMAND_CENTER_UI_LANE\HELPER_FILE_SURFACE_PREFLIGHT_20260606\HELPER_GENERATION_EVIDENCE__BATCH_SELECTORS_MUST_VALIDATE_TICKET_ID_AND_SHA_TOGETHER_20260609.md","C:\Users\13527\Desktop\123\Jxhnny_Kl33N_Seedz\HOUSE_WORK\PROJECT_COMMAND_CENTER_UI_LANE\HELPER_FILE_SURFACE_PREFLIGHT_20260606\HELPER_GENERATION_EVIDENCE__BATCH_SELECTORS_MUST_VALIDATE_TICKET_ID_AND_SHA_TOGETHER_20260609.md","Structured root ROOT_HOUSE_WORK file was missing from matching git lane.","6BD3DBA31BC5386DC4E60BA5FA6FA4B206975469BC331CC4233DEE5872ABC798","743"
"MOVED_STRUCTURED_ROOT_FILE_TO_REPO_LANE","C:\Users\13527\Desktop\123\HOUSE_WORK\PROJECT_COMMAND_CENTER_UI_LANE\HELPER_FILE_SURFACE_PREFLIGHT_20260606\HELPER_GENERATION_EVIDENCE__DERIVED_INDEXES_MUST_PRESERVE_TICKET_ID_20260609.md","C:\Users\13527\Desktop\123\Jxhnny_Kl33N_Seedz\HOUSE_WORK\PROJECT_COMMAND_CENTER_UI_LANE\HELPER_FILE_SURFACE_PREFLIGHT_20260606\HELPER_GENERATION_EVIDENCE__DERIVED_INDEXES_MUST_PRESERVE_TICKET_ID_20260609.md","Structured root ROOT_HOUSE_WORK file was missing from matching git lane.","0EC5E5C0506A4B5684F323990B385A78252B5473193156107AADE230E2A513DC","780"
"MOVED_STRUCTURED_ROOT_FILE_TO_REPO_LANE","C:\Users\13527\Desktop\123\HOUSE_WORK\PROJECT_COMMAND_CENTER_UI_LANE\HELPER_FILE_SURFACE_PREFLIGHT_20260606\HELPER_GENERATION_EVIDENCE__DERIVED_INDEXES_MUST_PRESERVE_TICKET_ID_AND_ROLE_COUNTS_20260609.md","C:\Users\13527\Desktop\123\Jxhnny_Kl33N_Seedz\HOUSE_WORK\PROJECT_COMMAND_CENTER_UI_LANE\HELPER_FILE_SURFACE_PREFLIGHT_20260606\HELPER_GENERATION_EVIDENCE__DERIVED_INDEXES_MUST_PRESERVE_TICKET_ID_AND_ROLE_COUNTS_20260609.md","Structured root ROOT_HOUSE_WORK file was missing from matching git lane.","EBC848685D212716508784B49C1DCB150350182FE7149C6E2CAF88A72B3A2CAE","773"
"MOVED_STRUCTURED_ROOT_FILE_TO_REPO_LANE","C:\Users\13527\Desktop\123\HOUSE_WORK\PROJECT_COMMAND_CENTER_UI_LANE\HELPER_FILE_SURFACE_PREFLIGHT_20260606\HELPER_GENERATION_EVIDENCE__DERIVED_INDEXES_MUST_VALIDATE_TICKET_ID_AND_ROLE_COUNTS_TOGETHER_20260609.md","C:\Users\13527\Desktop\123\Jxhnny_Kl33N_Seedz\HOUSE_WORK\PROJECT_COMMAND_CENTER_UI_LANE\HELPER_FILE_SURFACE_PREFLIGHT_20260606\HELPER_GENERATION_EVIDENCE__DERIVED_INDEXES_MUST_VALIDATE_TICKET_ID_AND_ROLE_COUNTS_TOGETHER_20260609.md","Structured root ROOT_HOUSE_WORK file was missing from matching git lane.","6E1C1890A723E2CD2CFB23B06155EC72D57C170D29C8710AEF61F977F6608377","823"
"MOVED_STRUCTURED_ROOT_FILE_TO_REPO_LANE","C:\Users\13527\Desktop\123\HOUSE_WORK\PROJECT_COMMAND_CENTER_UI_LANE\HELPER_FILE_SURFACE_PREFLIGHT_20260606\HELPER_GENERATION_EVIDENCE__DERIVED_INDEXES_MUST_VALIDATE_TICKET_ID_ROLE_COUNTS_AND_SHA_TOGETHER_20260609.md","C:\Users\13527\Desktop\123\Jxhnny_Kl33N_Seedz\HOUSE_WORK\PROJECT_COMMAND_CENTER_UI_LANE\HELPER_FILE_SURFACE_PREFLIGHT_20260606\HELPER_GENERATION_EVIDENCE__DERIVED_INDEXES_MUST_VALIDATE_TICKET_ID_ROLE_COUNTS_AND_SHA_TOGETHER_20260609.md","Structured root ROOT_HOUSE_WORK file was missing from matching git lane.","32D8D09C1C9043785F8A5D3FE4355533A9B7DFF868B4E8D7E5845E7DAE592FC8","793"
"MOVED_STRUCTURED_ROOT_FILE_TO_REPO_LANE","C:\Users\13527\Desktop\123\HOUSE_WORK\PROJECT_COMMAND_CENTER_UI_LANE\HELPER_FILE_SURFACE_PREFLIGHT_20260606\HELPER_SCRIPT_REVIEW_BATCH_SELECTOR_FROM_64_QUEUE_NO_EXECUTION_BATCH_INDEX_V0_1_20260609.csv","C:\Users\13527\Desktop\123\Jxhnny_Kl33N_Seedz\HOUSE_WORK\PROJECT_COMMAND_CENTER_UI_LANE\HELPER_FILE_SURFACE_PREFLIGHT_20260606\HELPER_SCRIPT_REVIEW_BATCH_SELECTOR_FROM_64_QUEUE_NO_EXECUTION_BATCH_INDEX_V0_1_20260609.csv","Structured root ROOT_HOUSE_WORK file was missing from matching git lane.","A80FAFB2F6E8651AD1AF2F7F1C3816F312C2927762D6F07A2D69B14E75DAF570","36238"
"MOVED_STRUCTURED_ROOT_FILE_TO_REPO_LANE","C:\Users\13527\Desktop\123\HOUSE_WORK\PROJECT_COMMAND_CENTER_UI_LANE\HELPER_FILE_SURFACE_PREFLIGHT_20260606\HELPER_SCRIPT_REVIEW_BATCH_SELECTOR_FROM_64_QUEUE_NO_EXECUTION_COPY_PRINT_V0_1_20260609.txt","C:\Users\13527\Desktop\123\Jxhnny_Kl33N_Seedz\HOUSE_WORK\PROJECT_COMMAND_CENTER_UI_LANE\HELPER_FILE_SURFACE_PREFLIGHT_20260606\HELPER_SCRIPT_REVIEW_BATCH_SELECTOR_FROM_64_QUEUE_NO_EXECUTION_COPY_PRINT_V0_1_20260609.txt","Structured root ROOT_HOUSE_WORK file was missing from matching git lane.","4F7211F4A8DFBDD311C137E816233F9F098E05A410312316BC3783854C8727D7","1376"
"MOVED_STRUCTURED_ROOT_FILE_TO_REPO_LANE","C:\Users\13527\Desktop\123\HOUSE_WORK\PROJECT_COMMAND_CENTER_UI_LANE\HELPER_FILE_SURFACE_PREFLIGHT_20260606\HELPER_SCRIPT_REVIEW_BATCH_SELECTOR_FROM_64_QUEUE_NO_EXECUTION_RECEIPT_V0_1_20260609.txt","C:\Users\13527\Desktop\123\Jxhnny_Kl33N_Seedz\HOUSE_WORK\PROJECT_COMMAND_CENTER_UI_LANE\HELPER_FILE_SURFACE_PREFLIGHT_20260606\HELPER_SCRIPT_REVIEW_BATCH_SELECTOR_FROM_64_QUEUE_NO_EXECUTION_RECEIPT_V0_1_20260609.txt","Structured root ROOT_HOUSE_WORK file was missing from matching git lane.","643E0D5AECB3797B09E5CCE0F8A487057FD8A6F18578D2E4C207B1FDE7B5BEE2","2033"
"MOVED_STRUCTURED_ROOT_FILE_TO_REPO_LANE","C:\Users\13527\Desktop\123\HOUSE_WORK\PROJECT_COMMAND_CENTER_UI_LANE\HELPER_FILE_SURFACE_PREFLIGHT_20260606\HELPER_SCRIPT_REVIEW_BATCH_SELECTOR_FROM_64_QUEUE_NO_EXECUTION_SELECTED_BATCH_001_V0_1_20260609.csv","C:\Users\13527\Desktop\123\Jxhnny_Kl33N_Seedz\HOUSE_WORK\PROJECT_COMMAND_CENTER_UI_LANE\HELPER_FILE_SURFACE_PREFLIGHT_20260606\HELPER_SCRIPT_REVIEW_BATCH_SELECTOR_FROM_64_QUEUE_NO_EXECUTION_SELECTED_BATCH_001_V0_1_20260609.csv","Structured root ROOT_HOUSE_WORK file was missing from matching git lane.","65458E9677C8A05180B3A2BCA3DEF1A7F548832C7DCB58E630DEC72033D27C66","2925"
"MOVED_STRUCTURED_ROOT_FILE_TO_REPO_LANE","C:\Users\13527\Desktop\123\HOUSE_WORK\PROJECT_COMMAND_CENTER_UI_LANE\HELPER_FILE_SURFACE_PREFLIGHT_20260606\HELPER_SCRIPT_REVIEW_BATCH_SELECTOR_FROM_64_QUEUE_NO_EXECUTION_V0_1_20260609.md","C:\Users\13527\Desktop\123\Jxhnny_Kl33N_Seedz\HOUSE_WORK\PROJECT_COMMAND_CENTER_UI_LANE\HELPER_FILE_SURFACE_PREFLIGHT_20260606\HELPER_SCRIPT_REVIEW_BATCH_SELECTOR_FROM_64_QUEUE_NO_EXECUTION_V0_1_20260609.md","Structured root ROOT_HOUSE_WORK file was missing from matching git lane.","D2683053448A648174BCCEDA2F26341AB58B3E93B708342356F23B3EA915C350","4251"
"MOVED_STRUCTURED_ROOT_FILE_TO_REPO_LANE","C:\Users\13527\Desktop\123\HOUSE_WORK\PROJECT_COMMAND_CENTER_UI_LANE\HELPER_FILE_SURFACE_PREFLIGHT_20260606\HELPER_SCRIPT_REVIEW_NEXT_BATCH_SELECTOR_FROM_64_QUEUE_NO_EXECUTION_COPY_PRINT_V0_1_20260609.txt","C:\Users\13527\Desktop\123\Jxhnny_Kl33N_Seedz\HOUSE_WORK\PROJECT_COMMAND_CENTER_UI_LANE\HELPER_FILE_SURFACE_PREFLIGHT_20260606\HELPER_SCRIPT_REVIEW_NEXT_BATCH_SELECTOR_FROM_64_QUEUE_NO_EXECUTION_COPY_PRINT_V0_1_20260609.txt","Structured root ROOT_HOUSE_WORK file was missing from matching git lane.","4C3D6933E3D1323B11100F473E03313EE14FCC13D6A65E25A6A5D99F0935E007","2829"
"MOVED_STRUCTURED_ROOT_FILE_TO_REPO_LANE","C:\Users\13527\Desktop\123\HOUSE_WORK\PROJECT_COMMAND_CENTER_UI_LANE\HELPER_FILE_SURFACE_PREFLIGHT_20260606\HELPER_SCRIPT_REVIEW_NEXT_BATCH_SELECTOR_FROM_64_QUEUE_NO_EXECUTION_RECEIPT_V0_1_20260609.txt","C:\Users\13527\Desktop\123\Jxhnny_Kl33N_Seedz\HOUSE_WORK\PROJECT_COMMAND_CENTER_UI_LANE\HELPER_FILE_SURFACE_PREFLIGHT_20260606\HELPER_SCRIPT_REVIEW_NEXT_BATCH_SELECTOR_FROM_64_QUEUE_NO_EXECUTION_RECEIPT_V0_1_20260609.txt","Structured root ROOT_HOUSE_WORK file was missing from matching git lane.","ECA7FF93C1D3D8DD20C22A1003CFDAD5BA3FE5CB0A1AD1D26CC9F9461E5C3137","2240"
"MOVED_STRUCTURED_ROOT_FILE_TO_REPO_LANE","C:\Users\13527\Desktop\123\HOUSE_WORK\PROJECT_COMMAND_CENTER_UI_LANE\HELPER_FILE_SURFACE_PREFLIGHT_20260606\HELPER_SCRIPT_REVIEW_NEXT_BATCH_SELECTOR_FROM_64_QUEUE_NO_EXECUTION_SELECTED_BATCH_002_V0_1_20260609.csv","C:\Users\13527\Desktop\123\Jxhnny_Kl33N_Seedz\HOUSE_WORK\PROJECT_COMMAND_CENTER_UI_LANE\HELPER_FILE_SURFACE_PREFLIGHT_20260606\HELPER_SCRIPT_REVIEW_NEXT_BATCH_SELECTOR_FROM_64_QUEUE_NO_EXECUTION_SELECTED_BATCH_002_V0_1_20260609.csv","Structured root ROOT_HOUSE_WORK file was missing from matching git lane.","EF7A0005819154A621E2C8CEC0F8D371F58833F82D1B1615C056AF8C6AEE1BA6","2504"
"MOVED_STRUCTURED_ROOT_FILE_TO_REPO_LANE","C:\Users\13527\Desktop\123\HOUSE_WORK\PROJECT_COMMAND_CENTER_UI_LANE\HELPER_FILE_SURFACE_PREFLIGHT_20260606\HELPER_SCRIPT_REVIEW_NEXT_BATCH_SELECTOR_FROM_64_QUEUE_NO_EXECUTION_V0_1_20260609.md","C:\Users\13527\Desktop\123\Jxhnny_Kl33N_Seedz\HOUSE_WORK\PROJECT_COMMAND_CENTER_UI_LANE\HELPER_FILE_SURFACE_PREFLIGHT_20260606\HELPER_SCRIPT_REVIEW_NEXT_BATCH_SELECTOR_FROM_64_QUEUE_NO_EXECUTION_V0_1_20260609.md","Structured root ROOT_HOUSE_WORK file was missing from matching git lane.","8F699BC033325F61E8C389A5792D25855EECA21CC29E79C2B92734939A754140","2412"
"MOVED_STRUCTURED_ROOT_FILE_TO_REPO_LANE","C:\Users\13527\Desktop\123\HOUSE_WORK\PROJECT_COMMAND_CENTER_UI_LANE\HELPER_FILE_SURFACE_PREFLIGHT_20260606\HELPER_SCRIPT_REVIEW_NEXT_BATCH_SELECTOR_HSRB_003_FROM_64_QUEUE_NO_EXECUTION_COPY_PRINT_V0_1_20260609.txt","C:\Users\13527\Desktop\123\Jxhnny_Kl33N_Seedz\HOUSE_WORK\PROJECT_COMMAND_CENTER_UI_LANE\HELPER_FILE_SURFACE_PREFLIGHT_20260606\HELPER_SCRIPT_REVIEW_NEXT_BATCH_SELECTOR_HSRB_003_FROM_64_QUEUE_NO_EXECUTION_COPY_PRINT_V0_1_20260609.txt","Structured root ROOT_HOUSE_WORK file was missing from matching git lane.","976FBAB6899ED1009864BD8CB68663957B602306793D636E36ABD94E4DCC2C09","4502"
"MOVED_STRUCTURED_ROOT_FILE_TO_REPO_LANE","C:\Users\13527\Desktop\123\HOUSE_WORK\PROJECT_COMMAND_CENTER_UI_LANE\HELPER_FILE_SURFACE_PREFLIGHT_20260606\HELPER_SCRIPT_REVIEW_NEXT_BATCH_SELECTOR_HSRB_003_FROM_64_QUEUE_NO_EXECUTION_COPY_PRINT_V0_2_20260609.txt","C:\Users\13527\Desktop\123\Jxhnny_Kl33N_Seedz\HOUSE_WORK\PROJECT_COMMAND_CENTER_UI_LANE\HELPER_FILE_SURFACE_PREFLIGHT_20260606\HELPER_SCRIPT_REVIEW_NEXT_BATCH_SELECTOR_HSRB_003_FROM_64_QUEUE_NO_EXECUTION_COPY_PRINT_V0_2_20260609.txt","Structured root ROOT_HOUSE_WORK file was missing from matching git lane.","50BEB51F64B5C4180890EBF87AAF0AFB089A341C6C4EEC8FCF2E06DC1A357343","5111"
"MOVED_STRUCTURED_ROOT_FILE_TO_REPO_LANE","C:\Users\13527\Desktop\123\HOUSE_WORK\PROJECT_COMMAND_CENTER_UI_LANE\HELPER_FILE_SURFACE_PREFLIGHT_20260606\HELPER_SCRIPT_REVIEW_NEXT_BATCH_SELECTOR_HSRB_003_FROM_64_QUEUE_NO_EXECUTION_RECEIPT_V0_1_20260609.txt","C:\Users\13527\Desktop\123\Jxhnny_Kl33N_Seedz\HOUSE_WORK\PROJECT_COMMAND_CENTER_UI_LANE\HELPER_FILE_SURFACE_PREFLIGHT_20260606\HELPER_SCRIPT_REVIEW_NEXT_BATCH_SELECTOR_HSRB_003_FROM_64_QUEUE_NO_EXECUTION_RECEIPT_V0_1_20260609.txt","Structured root ROOT_HOUSE_WORK file was missing from matching git lane.","55CB301196038B307850F9F044AC66C3D82628F62152AE0568BD43D5F3BFFC70","1728"
"MOVED_STRUCTURED_ROOT_FILE_TO_REPO_LANE","C:\Users\13527\Desktop\123\HOUSE_WORK\PROJECT_COMMAND_CENTER_UI_LANE\HELPER_FILE_SURFACE_PREFLIGHT_20260606\HELPER_SCRIPT_REVIEW_NEXT_BATCH_SELECTOR_HSRB_003_FROM_64_QUEUE_NO_EXECUTION_RECEIPT_V0_2_20260609.txt","C:\Users\13527\Desktop\123\Jxhnny_Kl33N_Seedz\HOUSE_WORK\PROJECT_COMMAND_CENTER_UI_LANE\HELPER_FILE_SURFACE_PREFLIGHT_20260606\HELPER_SCRIPT_REVIEW_NEXT_BATCH_SELECTOR_HSRB_003_FROM_64_QUEUE_NO_EXECUTION_RECEIPT_V0_2_20260609.txt","Structured root ROOT_HOUSE_WORK file was missing from matching git lane.","B26C9C1D86413BCA12D6A71950CD1ACF428D8E96F139EBF5F96C0340831DB2E1","3186"
"MOVED_STRUCTURED_ROOT_FILE_TO_REPO_LANE","C:\Users\13527\Desktop\123\HOUSE_WORK\PROJECT_COMMAND_CENTER_UI_LANE\HELPER_FILE_SURFACE_PREFLIGHT_20260606\HELPER_SCRIPT_REVIEW_NEXT_BATCH_SELECTOR_HSRB_003_FROM_64_QUEUE_NO_EXECUTION_SELECTED_BATCH_003_V0_1_20260609.csv","C:\Users\13527\Desktop\123\Jxhnny_Kl33N_Seedz\HOUSE_WORK\PROJECT_COMMAND_CENTER_UI_LANE\HELPER_FILE_SURFACE_PREFLIGHT_20260606\HELPER_SCRIPT_REVIEW_NEXT_BATCH_SELECTOR_HSRB_003_FROM_64_QUEUE_NO_EXECUTION_SELECTED_BATCH_003_V0_1_20260609.csv","Structured root ROOT_HOUSE_WORK file was missing from matching git lane.","96A011BC696125CD3ADE90E2D46FDBEA04B837EB1183CACA1118A22FFC0E1545","4484"
"MOVED_STRUCTURED_ROOT_FILE_TO_REPO_LANE","C:\Users\13527\Desktop\123\HOUSE_WORK\PROJECT_COMMAND_CENTER_UI_LANE\HELPER_FILE_SURFACE_PREFLIGHT_20260606\HELPER_SCRIPT_REVIEW_NEXT_BATCH_SELECTOR_HSRB_003_FROM_64_QUEUE_NO_EXECUTION_SELECTED_BATCH_003_V0_2_20260609.csv","C:\Users\13527\Desktop\123\Jxhnny_Kl33N_Seedz\HOUSE_WORK\PROJECT_COMMAND_CENTER_UI_LANE\HELPER_FILE_SURFACE_PREFLIGHT_20260606\HELPER_SCRIPT_REVIEW_NEXT_BATCH_SELECTOR_HSRB_003_FROM_64_QUEUE_NO_EXECUTION_SELECTED_BATCH_003_V0_2_20260609.csv","Structured root ROOT_HOUSE_WORK file was missing from matching git lane.","46453987B9A3E61AD054AB9063BB3C5EBBA5749996C1935EF9DB909D61632BE5","4902"
"MOVED_STRUCTURED_ROOT_FILE_TO_REPO_LANE","C:\Users\13527\Desktop\123\HOUSE_WORK\PROJECT_COMMAND_CENTER_UI_LANE\HELPER_FILE_SURFACE_PREFLIGHT_20260606\HELPER_SCRIPT_REVIEW_NEXT_BATCH_SELECTOR_HSRB_003_FROM_64_QUEUE_NO_EXECUTION_V0_1_20260609.md","C:\Users\13527\Desktop\123\Jxhnny_Kl33N_Seedz\HOUSE_WORK\PROJECT_COMMAND_CENTER_UI_LANE\HELPER_FILE_SURFACE_PREFLIGHT_20260606\HELPER_SCRIPT_REVIEW_NEXT_BATCH_SELECTOR_HSRB_003_FROM_64_QUEUE_NO_EXECUTION_V0_1_20260609.md","Structured root ROOT_HOUSE_WORK file was missing from matching git lane.","976FBAB6899ED1009864BD8CB68663957B602306793D636E36ABD94E4DCC2C09","4502"
"MOVED_STRUCTURED_ROOT_FILE_TO_REPO_LANE","C:\Users\13527\Desktop\123\HOUSE_WORK\PROJECT_COMMAND_CENTER_UI_LANE\HELPER_FILE_SURFACE_PREFLIGHT_20260606\HELPER_SCRIPT_REVIEW_NEXT_BATCH_SELECTOR_HSRB_003_FROM_64_QUEUE_NO_EXECUTION_V0_2_20260609.md","C:\Users\13527\Desktop\123\Jxhnny_Kl33N_Seedz\HOUSE_WORK\PROJECT_COMMAND_CENTER_UI_LANE\HELPER_FILE_SURFACE_PREFLIGHT_20260606\HELPER_SCRIPT_REVIEW_NEXT_BATCH_SELECTOR_HSRB_003_FROM_64_QUEUE_NO_EXECUTION_V0_2_20260609.md","Structured root ROOT_HOUSE_WORK file was missing from matching git lane.","50BEB51F64B5C4180890EBF87AAF0AFB089A341C6C4EEC8FCF2E06DC1A357343","5111"
"MOVED_STRUCTURED_ROOT_FILE_TO_REPO_LANE","C:\Users\13527\Desktop\123\HOUSE_WORK\PROJECT_COMMAND_CENTER_UI_LANE\HELPER_FILE_SURFACE_PREFLIGHT_20260606\HELPER_SCRIPT_REVIEW_NEXT_BATCH_SELECTOR_HSRB_004_FROM_64_QUEUE_NO_EXECUTION_COPY_PRINT_V0_1_20260609.txt","C:\Users\13527\Desktop\123\Jxhnny_Kl33N_Seedz\HOUSE_WORK\PROJECT_COMMAND_CENTER_UI_LANE\HELPER_FILE_SURFACE_PREFLIGHT_20260606\HELPER_SCRIPT_REVIEW_NEXT_BATCH_SELECTOR_HSRB_004_FROM_64_QUEUE_NO_EXECUTION_COPY_PRINT_V0_1_20260609.txt","Structured root ROOT_HOUSE_WORK file was missing from matching git lane.","DA9BC5A0CB426ADA37739073610796F8EA99E195676C69501219DD2B5B171BCE","2781"
"MOVED_STRUCTURED_ROOT_FILE_TO_REPO_LANE","C:\Users\13527\Desktop\123\HOUSE_WORK\PROJECT_COMMAND_CENTER_UI_LANE\HELPER_FILE_SURFACE_PREFLIGHT_20260606\HELPER_SCRIPT_REVIEW_NEXT_BATCH_SELECTOR_HSRB_004_FROM_64_QUEUE_NO_EXECUTION_RECEIPT_V0_1_20260609.txt","C:\Users\13527\Desktop\123\Jxhnny_Kl33N_Seedz\HOUSE_WORK\PROJECT_COMMAND_CENTER_UI_LANE\HELPER_FILE_SURFACE_PREFLIGHT_20260606\HELPER_SCRIPT_REVIEW_NEXT_BATCH_SELECTOR_HSRB_004_FROM_64_QUEUE_NO_EXECUTION_RECEIPT_V0_1_20260609.txt","Structured root ROOT_HOUSE_WORK file was missing from matching git lane.","647FCE8F77E02DBE0E79895B3312F71863442430C35994F53721B343BA85BB56","1774"
"MOVED_STRUCTURED_ROOT_FILE_TO_REPO_LANE","C:\Users\13527\Desktop\123\HOUSE_WORK\PROJECT_COMMAND_CENTER_UI_LANE\HELPER_FILE_SURFACE_PREFLIGHT_20260606\HELPER_SCRIPT_REVIEW_NEXT_BATCH_SELECTOR_HSRB_004_FROM_64_QUEUE_NO_EXECUTION_SELECTED_BATCH_004_V0_1_20260609.csv","C:\Users\13527\Desktop\123\Jxhnny_Kl33N_Seedz\HOUSE_WORK\PROJECT_COMMAND_CENTER_UI_LANE\HELPER_FILE_SURFACE_PREFLIGHT_20260606\HELPER_SCRIPT_REVIEW_NEXT_BATCH_SELECTOR_HSRB_004_FROM_64_QUEUE_NO_EXECUTION_SELECTED_BATCH_004_V0_1_20260609.csv","Structured root ROOT_HOUSE_WORK file was missing from matching git lane.","CD5A144CFAB6A56FA37C3D83A3D63F70B18292D6DFF8D5AE8313C1F91A18C47D","2215"
"MOVED_STRUCTURED_ROOT_FILE_TO_REPO_LANE","C:\Users\13527\Desktop\123\HOUSE_WORK\PROJECT_COMMAND_CENTER_UI_LANE\HELPER_FILE_SURFACE_PREFLIGHT_20260606\HELPER_SCRIPT_REVIEW_NEXT_BATCH_SELECTOR_HSRB_004_FROM_64_QUEUE_NO_EXECUTION_V0_1_20260609.md","C:\Users\13527\Desktop\123\Jxhnny_Kl33N_Seedz\HOUSE_WORK\PROJECT_COMMAND_CENTER_UI_LANE\HELPER_FILE_SURFACE_PREFLIGHT_20260606\HELPER_SCRIPT_REVIEW_NEXT_BATCH_SELECTOR_HSRB_004_FROM_64_QUEUE_NO_EXECUTION_V0_1_20260609.md","Structured root ROOT_HOUSE_WORK file was missing from matching git lane.","DA9BC5A0CB426ADA37739073610796F8EA99E195676C69501219DD2B5B171BCE","2781"
"MOVED_STRUCTURED_ROOT_FILE_TO_REPO_LANE","C:\Users\13527\Desktop\123\HOUSE_WORK\PROJECT_COMMAND_CENTER_UI_LANE\HELPER_FILE_SURFACE_PREFLIGHT_20260606\HELPER_SCRIPT_REVIEW_NEXT_BATCH_SELECTOR_HSRB_005_FROM_64_QUEUE_NO_EXECUTION_COPY_PRINT_V0_2_20260609.txt","C:\Users\13527\Desktop\123\Jxhnny_Kl33N_Seedz\HOUSE_WORK\PROJECT_COMMAND_CENTER_UI_LANE\HELPER_FILE_SURFACE_PREFLIGHT_20260606\HELPER_SCRIPT_REVIEW_NEXT_BATCH_SELECTOR_HSRB_005_FROM_64_QUEUE_NO_EXECUTION_COPY_PRINT_V0_2_20260609.txt","Structured root ROOT_HOUSE_WORK file was missing from matching git lane.","89152B0A51615FD6606FEE7B1CC27513EDC3D09FE242414A381920AF4291B8D5","2735"
"MOVED_STRUCTURED_ROOT_FILE_TO_REPO_LANE","C:\Users\13527\Desktop\123\HOUSE_WORK\PROJECT_COMMAND_CENTER_UI_LANE\HELPER_FILE_SURFACE_PREFLIGHT_20260606\HELPER_SCRIPT_REVIEW_NEXT_BATCH_SELECTOR_HSRB_005_FROM_64_QUEUE_NO_EXECUTION_RECEIPT_V0_2_20260609.txt","C:\Users\13527\Desktop\123\Jxhnny_Kl33N_Seedz\HOUSE_WORK\PROJECT_COMMAND_CENTER_UI_LANE\HELPER_FILE_SURFACE_PREFLIGHT_20260606\HELPER_SCRIPT_REVIEW_NEXT_BATCH_SELECTOR_HSRB_005_FROM_64_QUEUE_NO_EXECUTION_RECEIPT_V0_2_20260609.txt","Structured root ROOT_HOUSE_WORK file was missing from matching git lane.","BC9BF014B380FBB9405D5D072A23EA2DF93731F78D6DD0100CC308A318806C9B","2106"
"MOVED_STRUCTURED_ROOT_FILE_TO_REPO_LANE","C:\Users\13527\Desktop\123\HOUSE_WORK\PROJECT_COMMAND_CENTER_UI_LANE\HELPER_FILE_SURFACE_PREFLIGHT_20260606\HELPER_SCRIPT_REVIEW_NEXT_BATCH_SELECTOR_HSRB_005_FROM_64_QUEUE_NO_EXECUTION_SELECTED_BATCH_005_V0_2_20260609.csv","C:\Users\13527\Desktop\123\Jxhnny_Kl33N_Seedz\HOUSE_WORK\PROJECT_COMMAND_CENTER_UI_LANE\HELPER_FILE_SURFACE_PREFLIGHT_20260606\HELPER_SCRIPT_REVIEW_NEXT_BATCH_SELECTOR_HSRB_005_FROM_64_QUEUE_NO_EXECUTION_SELECTED_BATCH_005_V0_2_20260609.csv","Structured root ROOT_HOUSE_WORK file was missing from matching git lane.","2B27276D9B580AFDD883387BB755F2C5DC808B7C861A05C5160E7A0549316C13","14245"
"MOVED_STRUCTURED_ROOT_FILE_TO_REPO_LANE","C:\Users\13527\Desktop\123\HOUSE_WORK\PROJECT_COMMAND_CENTER_UI_LANE\HELPER_FILE_SURFACE_PREFLIGHT_20260606\HELPER_SCRIPT_REVIEW_NEXT_BATCH_SELECTOR_HSRB_005_FROM_64_QUEUE_NO_EXECUTION_V0_2_20260609.md","C:\Users\13527\Desktop\123\Jxhnny_Kl33N_Seedz\HOUSE_WORK\PROJECT_COMMAND_CENTER_UI_LANE\HELPER_FILE_SURFACE_PREFLIGHT_20260606\HELPER_SCRIPT_REVIEW_NEXT_BATCH_SELECTOR_HSRB_005_FROM_64_QUEUE_NO_EXECUTION_V0_2_20260609.md","Structured root ROOT_HOUSE_WORK file was missing from matching git lane.","89152B0A51615FD6606FEE7B1CC27513EDC3D09FE242414A381920AF4291B8D5","2735"
"MOVED_STRUCTURED_ROOT_FILE_TO_REPO_LANE","C:\Users\13527\Desktop\123\HOUSE_WORK\PROJECT_COMMAND_CENTER_UI_LANE\HELPER_FILE_SURFACE_PREFLIGHT_20260606\HELPER_SCRIPT_REVIEW_NEXT_BATCH_SELECTOR_HSRB_006_FROM_64_QUEUE_NO_EXECUTION_COPY_PRINT_V0_1_20260609.txt","C:\Users\13527\Desktop\123\Jxhnny_Kl33N_Seedz\HOUSE_WORK\PROJECT_COMMAND_CENTER_UI_LANE\HELPER_FILE_SURFACE_PREFLIGHT_20260606\HELPER_SCRIPT_REVIEW_NEXT_BATCH_SELECTOR_HSRB_006_FROM_64_QUEUE_NO_EXECUTION_COPY_PRINT_V0_1_20260609.txt","Structured root ROOT_HOUSE_WORK file was missing from matching git lane.","9257C1D50A9DC10F518055B7A689019760DC850924F5ED4438F5652710C60924","1939"
"MOVED_STRUCTURED_ROOT_FILE_TO_REPO_LANE","C:\Users\13527\Desktop\123\HOUSE_WORK\PROJECT_COMMAND_CENTER_UI_LANE\HELPER_FILE_SURFACE_PREFLIGHT_20260606\HELPER_SCRIPT_REVIEW_NEXT_BATCH_SELECTOR_HSRB_006_FROM_64_QUEUE_NO_EXECUTION_COPY_PRINT_V0_2_20260609.txt","C:\Users\13527\Desktop\123\Jxhnny_Kl33N_Seedz\HOUSE_WORK\PROJECT_COMMAND_CENTER_UI_LANE\HELPER_FILE_SURFACE_PREFLIGHT_20260606\HELPER_SCRIPT_REVIEW_NEXT_BATCH_SELECTOR_HSRB_006_FROM_64_QUEUE_NO_EXECUTION_COPY_PRINT_V0_2_20260609.txt","Structured root ROOT_HOUSE_WORK file was missing from matching git lane.","48C8B0AB2743E66DEC417E4E3A3DA72C9E8B68A674E680EBB65BC102B1538DE3","2159"
"MOVED_STRUCTURED_ROOT_FILE_TO_REPO_LANE","C:\Users\13527\Desktop\123\HOUSE_WORK\PROJECT_COMMAND_CENTER_UI_LANE\HELPER_FILE_SURFACE_PREFLIGHT_20260606\HELPER_SCRIPT_REVIEW_NEXT_BATCH_SELECTOR_HSRB_006_FROM_64_QUEUE_NO_EXECUTION_RECEIPT_V0_1_20260609.txt","C:\Users\13527\Desktop\123\Jxhnny_Kl33N_Seedz\HOUSE_WORK\PROJECT_COMMAND_CENTER_UI_LANE\HELPER_FILE_SURFACE_PREFLIGHT_20260606\HELPER_SCRIPT_REVIEW_NEXT_BATCH_SELECTOR_HSRB_006_FROM_64_QUEUE_NO_EXECUTION_RECEIPT_V0_1_20260609.txt","Structured root ROOT_HOUSE_WORK file was missing from matching git lane.","7D65B76DC7530AF14E9C7B5A7A49BC6166BA092A8CCEAECFC68BB91A7D1A5A36","1560"
"MOVED_STRUCTURED_ROOT_FILE_TO_REPO_LANE","C:\Users\13527\Desktop\123\HOUSE_WORK\PROJECT_COMMAND_CENTER_UI_LANE\HELPER_FILE_SURFACE_PREFLIGHT_20260606\HELPER_SCRIPT_REVIEW_NEXT_BATCH_SELECTOR_HSRB_006_FROM_64_QUEUE_NO_EXECUTION_RECEIPT_V0_2_20260609.txt","C:\Users\13527\Desktop\123\Jxhnny_Kl33N_Seedz\HOUSE_WORK\PROJECT_COMMAND_CENTER_UI_LANE\HELPER_FILE_SURFACE_PREFLIGHT_20260606\HELPER_SCRIPT_REVIEW_NEXT_BATCH_SELECTOR_HSRB_006_FROM_64_QUEUE_NO_EXECUTION_RECEIPT_V0_2_20260609.txt","Structured root ROOT_HOUSE_WORK file was missing from matching git lane.","F5607EC134CAB168CF8E6E279F115BB3A346EDEF17E17997608F8545E2DC1B88","1559"
"MOVED_STRUCTURED_ROOT_FILE_TO_REPO_LANE","C:\Users\13527\Desktop\123\HOUSE_WORK\PROJECT_COMMAND_CENTER_UI_LANE\HELPER_FILE_SURFACE_PREFLIGHT_20260606\HELPER_SCRIPT_REVIEW_NEXT_BATCH_SELECTOR_HSRB_006_FROM_64_QUEUE_NO_EXECUTION_REMAINING_AFTER_001_005_V0_1_20260609.csv","C:\Users\13527\Desktop\123\Jxhnny_Kl33N_Seedz\HOUSE_WORK\PROJECT_COMMAND_CENTER_UI_LANE\HELPER_FILE_SURFACE_PREFLIGHT_20260606\HELPER_SCRIPT_REVIEW_NEXT_BATCH_SELECTOR_HSRB_006_FROM_64_QUEUE_NO_EXECUTION_REMAINING_AFTER_001_005_V0_1_20260609.csv","Structured root ROOT_HOUSE_WORK file was missing from matching git lane.","B18D5CFB2E2DEDF3CB899F5B89513EE5343C6B93E8AA599DFAE97ADDC687908A","25634"
"MOVED_STRUCTURED_ROOT_FILE_TO_REPO_LANE","C:\Users\13527\Desktop\123\HOUSE_WORK\PROJECT_COMMAND_CENTER_UI_LANE\HELPER_FILE_SURFACE_PREFLIGHT_20260606\HELPER_SCRIPT_REVIEW_NEXT_BATCH_SELECTOR_HSRB_006_FROM_64_QUEUE_NO_EXECUTION_REMAINING_AFTER_001_005_V0_2_20260609.csv","C:\Users\13527\Desktop\123\Jxhnny_Kl33N_Seedz\HOUSE_WORK\PROJECT_COMMAND_CENTER_UI_LANE\HELPER_FILE_SURFACE_PREFLIGHT_20260606\HELPER_SCRIPT_REVIEW_NEXT_BATCH_SELECTOR_HSRB_006_FROM_64_QUEUE_NO_EXECUTION_REMAINING_AFTER_001_005_V0_2_20260609.csv","Structured root ROOT_HOUSE_WORK file was missing from matching git lane.","32F74EE98D181C9A64BEECA9A6FE9D5DAA450B2904DB833EC23336D6EF092793","26219"
"MOVED_STRUCTURED_ROOT_FILE_TO_REPO_LANE","C:\Users\13527\Desktop\123\HOUSE_WORK\PROJECT_COMMAND_CENTER_UI_LANE\HELPER_FILE_SURFACE_PREFLIGHT_20260606\HELPER_SCRIPT_REVIEW_NEXT_BATCH_SELECTOR_HSRB_006_FROM_64_QUEUE_NO_EXECUTION_SELECTED_BATCH_006_V0_1_20260609.csv","C:\Users\13527\Desktop\123\Jxhnny_Kl33N_Seedz\HOUSE_WORK\PROJECT_COMMAND_CENTER_UI_LANE\HELPER_FILE_SURFACE_PREFLIGHT_20260606\HELPER_SCRIPT_REVIEW_NEXT_BATCH_SELECTOR_HSRB_006_FROM_64_QUEUE_NO_EXECUTION_SELECTED_BATCH_006_V0_1_20260609.csv","Structured root ROOT_HOUSE_WORK file was missing from matching git lane.","B18D5CFB2E2DEDF3CB899F5B89513EE5343C6B93E8AA599DFAE97ADDC687908A","25634"
"MOVED_STRUCTURED_ROOT_FILE_TO_REPO_LANE","C:\Users\13527\Desktop\123\HOUSE_WORK\PROJECT_COMMAND_CENTER_UI_LANE\HELPER_FILE_SURFACE_PREFLIGHT_20260606\HELPER_SCRIPT_REVIEW_NEXT_BATCH_SELECTOR_HSRB_006_FROM_64_QUEUE_NO_EXECUTION_SELECTED_BATCH_006_V0_2_20260609.csv","C:\Users\13527\Desktop\123\Jxhnny_Kl33N_Seedz\HOUSE_WORK\PROJECT_COMMAND_CENTER_UI_LANE\HELPER_FILE_SURFACE_PREFLIGHT_20260606\HELPER_SCRIPT_REVIEW_NEXT_BATCH_SELECTOR_HSRB_006_FROM_64_QUEUE_NO_EXECUTION_SELECTED_BATCH_006_V0_2_20260609.csv","Structured root ROOT_HOUSE_WORK file was missing from matching git lane.","32F74EE98D181C9A64BEECA9A6FE9D5DAA450B2904DB833EC23336D6EF092793","26219"
"MOVED_STRUCTURED_ROOT_FILE_TO_REPO_LANE","C:\Users\13527\Desktop\123\HOUSE_WORK\PROJECT_COMMAND_CENTER_UI_LANE\HELPER_FILE_SURFACE_PREFLIGHT_20260606\HELPER_SCRIPT_REVIEW_NEXT_BATCH_SELECTOR_HSRB_006_FROM_64_QUEUE_NO_EXECUTION_V0_1_20260609.md","C:\Users\13527\Desktop\123\Jxhnny_Kl33N_Seedz\HOUSE_WORK\PROJECT_COMMAND_CENTER_UI_LANE\HELPER_FILE_SURFACE_PREFLIGHT_20260606\HELPER_SCRIPT_REVIEW_NEXT_BATCH_SELECTOR_HSRB_006_FROM_64_QUEUE_NO_EXECUTION_V0_1_20260609.md","Structured root ROOT_HOUSE_WORK file was missing from matching git lane.","9257C1D50A9DC10F518055B7A689019760DC850924F5ED4438F5652710C60924","1939"
"MOVED_STRUCTURED_ROOT_FILE_TO_REPO_LANE","C:\Users\13527\Desktop\123\HOUSE_WORK\PROJECT_COMMAND_CENTER_UI_LANE\HELPER_FILE_SURFACE_PREFLIGHT_20260606\HELPER_SCRIPT_REVIEW_NEXT_BATCH_SELECTOR_HSRB_006_FROM_64_QUEUE_NO_EXECUTION_V0_2_20260609.md","C:\Users\13527\Desktop\123\Jxhnny_Kl33N_Seedz\HOUSE_WORK\PROJECT_COMMAND_CENTER_UI_LANE\HELPER_FILE_SURFACE_PREFLIGHT_20260606\HELPER_SCRIPT_REVIEW_NEXT_BATCH_SELECTOR_HSRB_006_FROM_64_QUEUE_NO_EXECUTION_V0_2_20260609.md","Structured root ROOT_HOUSE_WORK file was missing from matching git lane.","48C8B0AB2743E66DEC417E4E3A3DA72C9E8B68A674E680EBB65BC102B1538DE3","2159"
"MOVED_STRUCTURED_ROOT_FILE_TO_REPO_LANE","C:\Users\13527\Desktop\123\HOUSE_WORK\PROJECT_COMMAND_CENTER_UI_LANE\HELPER_FILE_SURFACE_PREFLIGHT_20260606\HELPER_SCRIPT_REVIEW_QUEUE_FROM_ROOT_HELD_ROUTE_DRY_RUN_V0_5_DECISIONS_COPY_PRINT_V0_2_20260609.txt","C:\Users\13527\Desktop\123\Jxhnny_Kl33N_Seedz\HOUSE_WORK\PROJECT_COMMAND_CENTER_UI_LANE\HELPER_FILE_SURFACE_PREFLIGHT_20260606\HELPER_SCRIPT_REVIEW_QUEUE_FROM_ROOT_HELD_ROUTE_DRY_RUN_V0_5_DECISIONS_COPY_PRINT_V0_2_20260609.txt","Structured root ROOT_HOUSE_WORK file was missing from matching git lane.","50DA5C4F65FA3EF26B62E5A4849D841AAAA417CEA892FB89D963922EB19F071A","10453"
"MOVED_STRUCTURED_ROOT_FILE_TO_REPO_LANE","C:\Users\13527\Desktop\123\HOUSE_WORK\PROJECT_COMMAND_CENTER_UI_LANE\HELPER_FILE_SURFACE_PREFLIGHT_20260606\HELPER_SCRIPT_REVIEW_QUEUE_FROM_ROOT_HELD_ROUTE_DRY_RUN_V0_5_DECISIONS_RECEIPT_V0_2_20260609.txt","C:\Users\13527\Desktop\123\Jxhnny_Kl33N_Seedz\HOUSE_WORK\PROJECT_COMMAND_CENTER_UI_LANE\HELPER_FILE_SURFACE_PREFLIGHT_20260606\HELPER_SCRIPT_REVIEW_QUEUE_FROM_ROOT_HELD_ROUTE_DRY_RUN_V0_5_DECISIONS_RECEIPT_V0_2_20260609.txt","Structured root ROOT_HOUSE_WORK file was missing from matching git lane.","8CDA1DCB238C360A13E3648E549190485035FD02C9EFE755F9881176C10995CB","2873"
"MOVED_STRUCTURED_ROOT_FILE_TO_REPO_LANE","C:\Users\13527\Desktop\123\HOUSE_WORK\PROJECT_COMMAND_CENTER_UI_LANE\HELPER_FILE_SURFACE_PREFLIGHT_20260606\HELPER_SCRIPT_REVIEW_QUEUE_FROM_ROOT_HELD_ROUTE_DRY_RUN_V0_5_DECISIONS_V0_1_20260609.csv","C:\Users\13527\Desktop\123\Jxhnny_Kl33N_Seedz\HOUSE_WORK\PROJECT_COMMAND_CENTER_UI_LANE\HELPER_FILE_SURFACE_PREFLIGHT_20260606\HELPER_SCRIPT_REVIEW_QUEUE_FROM_ROOT_HELD_ROUTE_DRY_RUN_V0_5_DECISIONS_V0_1_20260609.csv","Structured root ROOT_HOUSE_WORK file was missing from matching git lane.","BB1BE7D1446E46B2FB68F8666444851386447E078DA25FCCEAB0281045766D00","25700"
"MOVED_STRUCTURED_ROOT_FILE_TO_REPO_LANE","C:\Users\13527\Desktop\123\HOUSE_WORK\PROJECT_COMMAND_CENTER_UI_LANE\HELPER_FILE_SURFACE_PREFLIGHT_20260606\HELPER_SCRIPT_REVIEW_QUEUE_FROM_ROOT_HELD_ROUTE_DRY_RUN_V0_5_DECISIONS_V0_1_20260609.md","C:\Users\13527\Desktop\123\Jxhnny_Kl33N_Seedz\HOUSE_WORK\PROJECT_COMMAND_CENTER_UI_LANE\HELPER_FILE_SURFACE_PREFLIGHT_20260606\HELPER_SCRIPT_REVIEW_QUEUE_FROM_ROOT_HELD_ROUTE_DRY_RUN_V0_5_DECISIONS_V0_1_20260609.md","Structured root ROOT_HOUSE_WORK file was missing from matching git lane.","2D0A0309D65DEDC143A363843C687BC0F196EDC0EBFB45B76FD887A2A82E7ED6","15017"
"MOVED_STRUCTURED_ROOT_FILE_TO_REPO_LANE","C:\Users\13527\Desktop\123\HOUSE_WORK\PROJECT_COMMAND_CENTER_UI_LANE\HELPER_FILE_SURFACE_PREFLIGHT_20260606\HELPER_SCRIPT_REVIEW_QUEUE_FROM_ROOT_HELD_ROUTE_DRY_RUN_V0_5_DECISIONS_V0_2_20260609.csv","C:\Users\13527\Desktop\123\Jxhnny_Kl33N_Seedz\HOUSE_WORK\PROJECT_COMMAND_CENTER_UI_LANE\HELPER_FILE_SURFACE_PREFLIGHT_20260606\HELPER_SCRIPT_REVIEW_QUEUE_FROM_ROOT_HELD_ROUTE_DRY_RUN_V0_5_DECISIONS_V0_2_20260609.csv","Structured root ROOT_HOUSE_WORK file was missing from matching git lane.","791B70E2A44AE19365D5AB410FB55E5D4AA40BA7F9A957B0A95C5BC8ADB59B43","25700"
"MOVED_STRUCTURED_ROOT_FILE_TO_REPO_LANE","C:\Users\13527\Desktop\123\HOUSE_WORK\PROJECT_COMMAND_CENTER_UI_LANE\HELPER_FILE_SURFACE_PREFLIGHT_20260606\HELPER_SCRIPT_REVIEW_QUEUE_FROM_ROOT_HELD_ROUTE_DRY_RUN_V0_5_DECISIONS_V0_2_20260609.md","C:\Users\13527\Desktop\123\Jxhnny_Kl33N_Seedz\HOUSE_WORK\PROJECT_COMMAND_CENTER_UI_LANE\HELPER_FILE_SURFACE_PREFLIGHT_20260606\HELPER_SCRIPT_REVIEW_QUEUE_FROM_ROOT_HELD_ROUTE_DRY_RUN_V0_5_DECISIONS_V0_2_20260609.md","Structured root ROOT_HOUSE_WORK file was missing from matching git lane.","FDDE84E707460948DEA21115B31D2738FED10E9DA74EE87D2B4480043BB295C5","15718"
"MOVED_STRUCTURED_ROOT_FILE_TO_REPO_LANE","C:\Users\13527\Desktop\123\HOUSE_WORK\PROJECT_COMMAND_CENTER_UI_LANE\HELPER_FILE_SURFACE_PREFLIGHT_20260606\HELPER_USE_PROOF_PREFLIGHT_RULE_V0_1_20260608.md","C:\Users\13527\Desktop\123\Jxhnny_Kl33N_Seedz\HOUSE_WORK\PROJECT_COMMAND_CENTER_UI_LANE\HELPER_FILE_SURFACE_PREFLIGHT_20260606\HELPER_USE_PROOF_PREFLIGHT_RULE_V0_1_20260608.md","Structured root ROOT_HOUSE_WORK file was missing from matching git lane.","3BB897BF2489F47AB005A38024B000DC84D2D0B0DD934F9427024FDA0E27EED8","1151"
"MOVED_STRUCTURED_ROOT_FILE_TO_REPO_LANE","C:\Users\13527\Desktop\123\HOUSE_WORK\PROJECT_COMMAND_CENTER_UI_LANE\HELPER_FILE_SURFACE_PREFLIGHT_20260606\HSRB_001_LAST_PASSING_PROOF_AND_SUPERSEDED_FAILED_ATTEMPT_INDEX_NO_EXECUTION_COPY_PRINT_V0_1_20260609.txt","C:\Users\13527\Desktop\123\Jxhnny_Kl33N_Seedz\HOUSE_WORK\PROJECT_COMMAND_CENTER_UI_LANE\HELPER_FILE_SURFACE_PREFLIGHT_20260606\HSRB_001_LAST_PASSING_PROOF_AND_SUPERSEDED_FAILED_ATTEMPT_INDEX_NO_EXECUTION_COPY_PRINT_V0_1_20260609.txt","Structured root ROOT_HOUSE_WORK file was missing from matching git lane.","02EA34E7007483B3CCDA5314C4C53CCF29181C899090C6E4720D55A56F9445F5","1539"
"MOVED_STRUCTURED_ROOT_FILE_TO_REPO_LANE","C:\Users\13527\Desktop\123\HOUSE_WORK\PROJECT_COMMAND_CENTER_UI_LANE\HELPER_FILE_SURFACE_PREFLIGHT_20260606\HSRB_001_LAST_PASSING_PROOF_AND_SUPERSEDED_FAILED_ATTEMPT_INDEX_NO_EXECUTION_RECEIPT_V0_1_20260609.txt","C:\Users\13527\Desktop\123\Jxhnny_Kl33N_Seedz\HOUSE_WORK\PROJECT_COMMAND_CENTER_UI_LANE\HELPER_FILE_SURFACE_PREFLIGHT_20260606\HSRB_001_LAST_PASSING_PROOF_AND_SUPERSEDED_FAILED_ATTEMPT_INDEX_NO_EXECUTION_RECEIPT_V0_1_20260609.txt","Structured root ROOT_HOUSE_WORK file was missing from matching git lane.","34818E633E37EEB4411DE1C8E11880B90C11A16D7941586FFC0CF6221C5A0EE5","2320"
"MOVED_STRUCTURED_ROOT_FILE_TO_REPO_LANE","C:\Users\13527\Desktop\123\HOUSE_WORK\PROJECT_COMMAND_CENTER_UI_LANE\HELPER_FILE_SURFACE_PREFLIGHT_20260606\HSRB_001_LAST_PASSING_PROOF_AND_SUPERSEDED_FAILED_ATTEMPT_INDEX_NO_EXECUTION_V0_1_20260609.csv","C:\Users\13527\Desktop\123\Jxhnny_Kl33N_Seedz\HOUSE_WORK\PROJECT_COMMAND_CENTER_UI_LANE\HELPER_FILE_SURFACE_PREFLIGHT_20260606\HSRB_001_LAST_PASSING_PROOF_AND_SUPERSEDED_FAILED_ATTEMPT_INDEX_NO_EXECUTION_V0_1_20260609.csv","Structured root ROOT_HOUSE_WORK file was missing from matching git lane.","5F4C92667A153770A22F6B3F3839A4BAC14112FAFC2581B0457CFFEC5C32D20D","3617"
"MOVED_STRUCTURED_ROOT_FILE_TO_REPO_LANE","C:\Users\13527\Desktop\123\HOUSE_WORK\PROJECT_COMMAND_CENTER_UI_LANE\HELPER_FILE_SURFACE_PREFLIGHT_20260606\HSRB_001_LAST_PASSING_PROOF_AND_SUPERSEDED_FAILED_ATTEMPT_INDEX_NO_EXECUTION_V0_1_20260609.md","C:\Users\13527\Desktop\123\Jxhnny_Kl33N_Seedz\HOUSE_WORK\PROJECT_COMMAND_CENTER_UI_LANE\HELPER_FILE_SURFACE_PREFLIGHT_20260606\HSRB_001_LAST_PASSING_PROOF_AND_SUPERSEDED_FAILED_ATTEMPT_INDEX_NO_EXECUTION_V0_1_20260609.md","Structured root ROOT_HOUSE_WORK file was missing from matching git lane.","99861F58CE240DE2164D47AFF458C0BB28B2FE2B249DF50F58D81049BD1AE6AC","3451"
"MOVED_STRUCTURED_ROOT_FILE_TO_REPO_LANE","C:\Users\13527\Desktop\123\HOUSE_WORK\PROJECT_COMMAND_CENTER_UI_LANE\HELPER_FILE_SURFACE_PREFLIGHT_20260606\HSRB_001_PROOF_INDEX_CLOSEOUT_NO_EXECUTION_COPY_PRINT_V0_2_20260609.txt","C:\Users\13527\Desktop\123\Jxhnny_Kl33N_Seedz\HOUSE_WORK\PROJECT_COMMAND_CENTER_UI_LANE\HELPER_FILE_SURFACE_PREFLIGHT_20260606\HSRB_001_PROOF_INDEX_CLOSEOUT_NO_EXECUTION_COPY_PRINT_V0_2_20260609.txt","Structured root ROOT_HOUSE_WORK file was missing from matching git lane.","8FACDC8330F7A34EAAA49B3FDFB639E42AE31E0ACE9A567B5433D0138D64B4AD","550"
"MOVED_STRUCTURED_ROOT_FILE_TO_REPO_LANE","C:\Users\13527\Desktop\123\HOUSE_WORK\PROJECT_COMMAND_CENTER_UI_LANE\HELPER_FILE_SURFACE_PREFLIGHT_20260606\HSRB_001_PROOF_INDEX_CLOSEOUT_NO_EXECUTION_RECEIPT_V0_2_20260609.txt","C:\Users\13527\Desktop\123\Jxhnny_Kl33N_Seedz\HOUSE_WORK\PROJECT_COMMAND_CENTER_UI_LANE\HELPER_FILE_SURFACE_PREFLIGHT_20260606\HSRB_001_PROOF_INDEX_CLOSEOUT_NO_EXECUTION_RECEIPT_V0_2_20260609.txt","Structured root ROOT_HOUSE_WORK file was missing from matching git lane.","D21B0116023B0D6CC9861F33D3CC38003C0A2857E06B05A14274EF2FFB9E8781","1893"
"MOVED_STRUCTURED_ROOT_FILE_TO_REPO_LANE","C:\Users\13527\Desktop\123\HOUSE_WORK\PROJECT_COMMAND_CENTER_UI_LANE\HELPER_FILE_SURFACE_PREFLIGHT_20260606\HSRB_001_PROOF_INDEX_CLOSEOUT_NO_EXECUTION_V0_2_20260609.md","C:\Users\13527\Desktop\123\Jxhnny_Kl33N_Seedz\HOUSE_WORK\PROJECT_COMMAND_CENTER_UI_LANE\HELPER_FILE_SURFACE_PREFLIGHT_20260606\HSRB_001_PROOF_INDEX_CLOSEOUT_NO_EXECUTION_V0_2_20260609.md","Structured root ROOT_HOUSE_WORK file was missing from matching git lane.","B4CE65335BEBB4771A947066CDD468B81BF9B39EB155D9D53AC3DC71C1A523EA","1247"
"MOVED_STRUCTURED_ROOT_FILE_TO_REPO_LANE","C:\Users\13527\Desktop\123\HOUSE_WORK\PROJECT_COMMAND_CENTER_UI_LANE\HELPER_FILE_SURFACE_PREFLIGHT_20260606\HSRB_001_STATIC_REVIEW_DECISION_CLOSEOUT_NO_EXECUTION_COPY_PRINT_V0_2_20260609.txt","C:\Users\13527\Desktop\123\Jxhnny_Kl33N_Seedz\HOUSE_WORK\PROJECT_COMMAND_CENTER_UI_LANE\HELPER_FILE_SURFACE_PREFLIGHT_20260606\HSRB_001_STATIC_REVIEW_DECISION_CLOSEOUT_NO_EXECUTION_COPY_PRINT_V0_2_20260609.txt","Structured root ROOT_HOUSE_WORK file was missing from matching git lane.","E108E4495549AB30DD74500C55C6132E0EFC35211D9E607914AB324D041883B9","813"
"MOVED_STRUCTURED_ROOT_FILE_TO_REPO_LANE","C:\Users\13527\Desktop\123\HOUSE_WORK\PROJECT_COMMAND_CENTER_UI_LANE\HELPER_FILE_SURFACE_PREFLIGHT_20260606\HSRB_001_STATIC_REVIEW_DECISION_CLOSEOUT_NO_EXECUTION_RECEIPT_V0_2_20260609.txt","C:\Users\13527\Desktop\123\Jxhnny_Kl33N_Seedz\HOUSE_WORK\PROJECT_COMMAND_CENTER_UI_LANE\HELPER_FILE_SURFACE_PREFLIGHT_20260606\HSRB_001_STATIC_REVIEW_DECISION_CLOSEOUT_NO_EXECUTION_RECEIPT_V0_2_20260609.txt","Structured root ROOT_HOUSE_WORK file was missing from matching git lane.","7FFE5E5900602791F4DD53B1BC028DDE2BD02227ECF07FA15E98F553B9DF7B75","1688"
"MOVED_STRUCTURED_ROOT_FILE_TO_REPO_LANE","C:\Users\13527\Desktop\123\HOUSE_WORK\PROJECT_COMMAND_CENTER_UI_LANE\HELPER_FILE_SURFACE_PREFLIGHT_20260606\HSRB_001_STATIC_REVIEW_DECISION_CLOSEOUT_NO_EXECUTION_V0_2_20260609.md","C:\Users\13527\Desktop\123\Jxhnny_Kl33N_Seedz\HOUSE_WORK\PROJECT_COMMAND_CENTER_UI_LANE\HELPER_FILE_SURFACE_PREFLIGHT_20260606\HSRB_001_STATIC_REVIEW_DECISION_CLOSEOUT_NO_EXECUTION_V0_2_20260609.md","Structured root ROOT_HOUSE_WORK file was missing from matching git lane.","03B63C7F03192B2001F4D2113DCDBC18302464B2D631110207A88A3607AE311A","1515"
"MOVED_STRUCTURED_ROOT_FILE_TO_REPO_LANE","C:\Users\13527\Desktop\123\HOUSE_WORK\PROJECT_COMMAND_CENTER_UI_LANE\HELPER_FILE_SURFACE_PREFLIGHT_20260606\HSRB_002_STATIC_REVIEW_DECISION_CLOSEOUT_NO_EXECUTION_COPY_PRINT_V0_2_20260609.txt","C:\Users\13527\Desktop\123\Jxhnny_Kl33N_Seedz\HOUSE_WORK\PROJECT_COMMAND_CENTER_UI_LANE\HELPER_FILE_SURFACE_PREFLIGHT_20260606\HSRB_002_STATIC_REVIEW_DECISION_CLOSEOUT_NO_EXECUTION_COPY_PRINT_V0_2_20260609.txt","Structured root ROOT_HOUSE_WORK file was missing from matching git lane.","D8E82B10D6DC045D44F971FDB1A28192C7DFE793C3134004F107B65257DFA74D","1451"
"MOVED_STRUCTURED_ROOT_FILE_TO_REPO_LANE","C:\Users\13527\Desktop\123\HOUSE_WORK\PROJECT_COMMAND_CENTER_UI_LANE\HELPER_FILE_SURFACE_PREFLIGHT_20260606\HSRB_002_STATIC_REVIEW_DECISION_CLOSEOUT_NO_EXECUTION_RECEIPT_V0_2_20260609.txt","C:\Users\13527\Desktop\123\Jxhnny_Kl33N_Seedz\HOUSE_WORK\PROJECT_COMMAND_CENTER_UI_LANE\HELPER_FILE_SURFACE_PREFLIGHT_20260606\HSRB_002_STATIC_REVIEW_DECISION_CLOSEOUT_NO_EXECUTION_RECEIPT_V0_2_20260609.txt","Structured root ROOT_HOUSE_WORK file was missing from matching git lane.","E536EB38C74A4A13F821A66B51EAE1DB729A1634A95B74EE0F81CDF31C8A3746","2330"
"MOVED_STRUCTURED_ROOT_FILE_TO_REPO_LANE","C:\Users\13527\Desktop\123\HOUSE_WORK\PROJECT_COMMAND_CENTER_UI_LANE\HELPER_FILE_SURFACE_PREFLIGHT_20260606\HSRB_002_STATIC_REVIEW_DECISION_CLOSEOUT_NO_EXECUTION_V0_2_20260609.md","C:\Users\13527\Desktop\123\Jxhnny_Kl33N_Seedz\HOUSE_WORK\PROJECT_COMMAND_CENTER_UI_LANE\HELPER_FILE_SURFACE_PREFLIGHT_20260606\HSRB_002_STATIC_REVIEW_DECISION_CLOSEOUT_NO_EXECUTION_V0_2_20260609.md","Structured root ROOT_HOUSE_WORK file was missing from matching git lane.","524ACDD2D86FD46B69047728323C55D1B5191E58E55E39121565FB18BD5D3215","2431"
"MOVED_STRUCTURED_ROOT_FILE_TO_REPO_LANE","C:\Users\13527\Desktop\123\HOUSE_WORK\PROJECT_COMMAND_CENTER_UI_LANE\HELPER_FILE_SURFACE_PREFLIGHT_20260606\HSRB_002_TEMPLATE_RULE_AND_ATTEMPT_INDEX_CLOSEOUT_NO_EXECUTION_COPY_PRINT_V0_1_20260609.txt","C:\Users\13527\Desktop\123\Jxhnny_Kl33N_Seedz\HOUSE_WORK\PROJECT_COMMAND_CENTER_UI_LANE\HELPER_FILE_SURFACE_PREFLIGHT_20260606\HSRB_002_TEMPLATE_RULE_AND_ATTEMPT_INDEX_CLOSEOUT_NO_EXECUTION_COPY_PRINT_V0_1_20260609.txt","Structured root ROOT_HOUSE_WORK file was missing from matching git lane.","FD8BE0D2FC531E880AC2ADC9EECEA71C724B60A7022F920215ABC87A20132E15","681"
"MOVED_STRUCTURED_ROOT_FILE_TO_REPO_LANE","C:\Users\13527\Desktop\123\HOUSE_WORK\PROJECT_COMMAND_CENTER_UI_LANE\HELPER_FILE_SURFACE_PREFLIGHT_20260606\HSRB_002_TEMPLATE_RULE_AND_ATTEMPT_INDEX_CLOSEOUT_NO_EXECUTION_COPY_PRINT_V0_2_20260609.txt","C:\Users\13527\Desktop\123\Jxhnny_Kl33N_Seedz\HOUSE_WORK\PROJECT_COMMAND_CENTER_UI_LANE\HELPER_FILE_SURFACE_PREFLIGHT_20260606\HSRB_002_TEMPLATE_RULE_AND_ATTEMPT_INDEX_CLOSEOUT_NO_EXECUTION_COPY_PRINT_V0_2_20260609.txt","Structured root ROOT_HOUSE_WORK file was missing from matching git lane.","5835F71A733E8A3DE16A8B4CCB6707A5AAC6C60B3CEC22F1BCB0039A05CD8FE6","1112"
"MOVED_STRUCTURED_ROOT_FILE_TO_REPO_LANE","C:\Users\13527\Desktop\123\HOUSE_WORK\PROJECT_COMMAND_CENTER_UI_LANE\HELPER_FILE_SURFACE_PREFLIGHT_20260606\HSRB_002_TEMPLATE_RULE_AND_ATTEMPT_INDEX_CLOSEOUT_NO_EXECUTION_COPY_PRINT_V0_3_20260609.txt","C:\Users\13527\Desktop\123\Jxhnny_Kl33N_Seedz\HOUSE_WORK\PROJECT_COMMAND_CENTER_UI_LANE\HELPER_FILE_SURFACE_PREFLIGHT_20260606\HSRB_002_TEMPLATE_RULE_AND_ATTEMPT_INDEX_CLOSEOUT_NO_EXECUTION_COPY_PRINT_V0_3_20260609.txt","Structured root ROOT_HOUSE_WORK file was missing from matching git lane.","A8481405E7C3886C0928B33468848F9D57F3E34333FA065E6D05F248769B47CC","964"
"MOVED_STRUCTURED_ROOT_FILE_TO_REPO_LANE","C:\Users\13527\Desktop\123\HOUSE_WORK\PROJECT_COMMAND_CENTER_UI_LANE\HELPER_FILE_SURFACE_PREFLIGHT_20260606\HSRB_002_TEMPLATE_RULE_AND_ATTEMPT_INDEX_CLOSEOUT_NO_EXECUTION_COPY_PRINT_V0_4_20260609.txt","C:\Users\13527\Desktop\123\Jxhnny_Kl33N_Seedz\HOUSE_WORK\PROJECT_COMMAND_CENTER_UI_LANE\HELPER_FILE_SURFACE_PREFLIGHT_20260606\HSRB_002_TEMPLATE_RULE_AND_ATTEMPT_INDEX_CLOSEOUT_NO_EXECUTION_COPY_PRINT_V0_4_20260609.txt","Structured root ROOT_HOUSE_WORK file was missing from matching git lane.","CDE2ACEA950D7A842578297A42C8294A2CD5FE3257E8DE8960E50B45697E212B","1223"
"MOVED_STRUCTURED_ROOT_FILE_TO_REPO_LANE","C:\Users\13527\Desktop\123\HOUSE_WORK\PROJECT_COMMAND_CENTER_UI_LANE\HELPER_FILE_SURFACE_PREFLIGHT_20260606\HSRB_002_TEMPLATE_RULE_AND_ATTEMPT_INDEX_CLOSEOUT_NO_EXECUTION_COPY_PRINT_V0_5_20260609.txt","C:\Users\13527\Desktop\123\Jxhnny_Kl33N_Seedz\HOUSE_WORK\PROJECT_COMMAND_CENTER_UI_LANE\HELPER_FILE_SURFACE_PREFLIGHT_20260606\HSRB_002_TEMPLATE_RULE_AND_ATTEMPT_INDEX_CLOSEOUT_NO_EXECUTION_COPY_PRINT_V0_5_20260609.txt","Structured root ROOT_HOUSE_WORK file was missing from matching git lane.","F76388ACDD752D9D72B3E6E7F3B56955D4B4700A094881D5AA6E6E26E23BD776","889"
"MOVED_STRUCTURED_ROOT_FILE_TO_REPO_LANE","C:\Users\13527\Desktop\123\HOUSE_WORK\PROJECT_COMMAND_CENTER_UI_LANE\HELPER_FILE_SURFACE_PREFLIGHT_20260606\HSRB_002_TEMPLATE_RULE_AND_ATTEMPT_INDEX_CLOSEOUT_NO_EXECUTION_RECEIPT_V0_1_20260609.txt","C:\Users\13527\Desktop\123\Jxhnny_Kl33N_Seedz\HOUSE_WORK\PROJECT_COMMAND_CENTER_UI_LANE\HELPER_FILE_SURFACE_PREFLIGHT_20260606\HSRB_002_TEMPLATE_RULE_AND_ATTEMPT_INDEX_CLOSEOUT_NO_EXECUTION_RECEIPT_V0_1_20260609.txt","Structured root ROOT_HOUSE_WORK file was missing from matching git lane.","A7B749CEF90F5CA484E376F7175BCB5584869DF7BF255C4D054764F05B74B3A3","2017"
"MOVED_STRUCTURED_ROOT_FILE_TO_REPO_LANE","C:\Users\13527\Desktop\123\HOUSE_WORK\PROJECT_COMMAND_CENTER_UI_LANE\HELPER_FILE_SURFACE_PREFLIGHT_20260606\HSRB_002_TEMPLATE_RULE_AND_ATTEMPT_INDEX_CLOSEOUT_NO_EXECUTION_RECEIPT_V0_2_20260609.txt","C:\Users\13527\Desktop\123\Jxhnny_Kl33N_Seedz\HOUSE_WORK\PROJECT_COMMAND_CENTER_UI_LANE\HELPER_FILE_SURFACE_PREFLIGHT_20260606\HSRB_002_TEMPLATE_RULE_AND_ATTEMPT_INDEX_CLOSEOUT_NO_EXECUTION_RECEIPT_V0_2_20260609.txt","Structured root ROOT_HOUSE_WORK file was missing from matching git lane.","0E81DBC0D9CB6454DA72258CE409E0807E7AB8C56C04E808DC92B18384EF8B7C","793"
"MOVED_STRUCTURED_ROOT_FILE_TO_REPO_LANE","C:\Users\13527\Desktop\123\HOUSE_WORK\PROJECT_COMMAND_CENTER_UI_LANE\HELPER_FILE_SURFACE_PREFLIGHT_20260606\HSRB_002_TEMPLATE_RULE_AND_ATTEMPT_INDEX_CLOSEOUT_NO_EXECUTION_RECEIPT_V0_3_20260609.txt","C:\Users\13527\Desktop\123\Jxhnny_Kl33N_Seedz\HOUSE_WORK\PROJECT_COMMAND_CENTER_UI_LANE\HELPER_FILE_SURFACE_PREFLIGHT_20260606\HSRB_002_TEMPLATE_RULE_AND_ATTEMPT_INDEX_CLOSEOUT_NO_EXECUTION_RECEIPT_V0_3_20260609.txt","Structured root ROOT_HOUSE_WORK file was missing from matching git lane.","B88E924A83A8EBE42E0371FE9106C1D5D595D6FB28ADD88D505F07226AD7D70B","957"
"MOVED_STRUCTURED_ROOT_FILE_TO_REPO_LANE","C:\Users\13527\Desktop\123\HOUSE_WORK\PROJECT_COMMAND_CENTER_UI_LANE\HELPER_FILE_SURFACE_PREFLIGHT_20260606\HSRB_002_TEMPLATE_RULE_AND_ATTEMPT_INDEX_CLOSEOUT_NO_EXECUTION_RECEIPT_V0_4_20260609.txt","C:\Users\13527\Desktop\123\Jxhnny_Kl33N_Seedz\HOUSE_WORK\PROJECT_COMMAND_CENTER_UI_LANE\HELPER_FILE_SURFACE_PREFLIGHT_20260606\HSRB_002_TEMPLATE_RULE_AND_ATTEMPT_INDEX_CLOSEOUT_NO_EXECUTION_RECEIPT_V0_4_20260609.txt","Structured root ROOT_HOUSE_WORK file was missing from matching git lane.","4B864CA57579E073AD63DD58C3D2AD286C4D2DB723906C67C656D636D352E326","1378"
"MOVED_STRUCTURED_ROOT_FILE_TO_REPO_LANE","C:\Users\13527\Desktop\123\HOUSE_WORK\PROJECT_COMMAND_CENTER_UI_LANE\HELPER_FILE_SURFACE_PREFLIGHT_20260606\HSRB_002_TEMPLATE_RULE_AND_ATTEMPT_INDEX_CLOSEOUT_NO_EXECUTION_RECEIPT_V0_5_20260609.txt","C:\Users\13527\Desktop\123\Jxhnny_Kl33N_Seedz\HOUSE_WORK\PROJECT_COMMAND_CENTER_UI_LANE\HELPER_FILE_SURFACE_PREFLIGHT_20260606\HSRB_002_TEMPLATE_RULE_AND_ATTEMPT_INDEX_CLOSEOUT_NO_EXECUTION_RECEIPT_V0_5_20260609.txt","Structured root ROOT_HOUSE_WORK file was missing from matching git lane.","01A4AFFBA42B6ABA08AE299AA35B0DB96A3CA78C5DA3294AB7131ADD85E574EF","1117"
"MOVED_STRUCTURED_ROOT_FILE_TO_REPO_LANE","C:\Users\13527\Desktop\123\HOUSE_WORK\PROJECT_COMMAND_CENTER_UI_LANE\HELPER_FILE_SURFACE_PREFLIGHT_20260606\HSRB_002_TEMPLATE_RULE_AND_ATTEMPT_INDEX_CLOSEOUT_NO_EXECUTION_V0_1_20260609.md","C:\Users\13527\Desktop\123\Jxhnny_Kl33N_Seedz\HOUSE_WORK\PROJECT_COMMAND_CENTER_UI_LANE\HELPER_FILE_SURFACE_PREFLIGHT_20260606\HSRB_002_TEMPLATE_RULE_AND_ATTEMPT_INDEX_CLOSEOUT_NO_EXECUTION_V0_1_20260609.md","Structured root ROOT_HOUSE_WORK file was missing from matching git lane.","4B30E7C1FC8A3201896EDB8B8CAE5DE70414D1DEEB7234169E3DF57EE30BA90E","1408"
"MOVED_STRUCTURED_ROOT_FILE_TO_REPO_LANE","C:\Users\13527\Desktop\123\HOUSE_WORK\PROJECT_COMMAND_CENTER_UI_LANE\HELPER_FILE_SURFACE_PREFLIGHT_20260606\HSRB_002_TEMPLATE_RULE_AND_ATTEMPT_INDEX_CLOSEOUT_NO_EXECUTION_V0_2_20260609.md","C:\Users\13527\Desktop\123\Jxhnny_Kl33N_Seedz\HOUSE_WORK\PROJECT_COMMAND_CENTER_UI_LANE\HELPER_FILE_SURFACE_PREFLIGHT_20260606\HSRB_002_TEMPLATE_RULE_AND_ATTEMPT_INDEX_CLOSEOUT_NO_EXECUTION_V0_2_20260609.md","Structured root ROOT_HOUSE_WORK file was missing from matching git lane.","5835F71A733E8A3DE16A8B4CCB6707A5AAC6C60B3CEC22F1BCB0039A05CD8FE6","1112"
"MOVED_STRUCTURED_ROOT_FILE_TO_REPO_LANE","C:\Users\13527\Desktop\123\HOUSE_WORK\PROJECT_COMMAND_CENTER_UI_LANE\HELPER_FILE_SURFACE_PREFLIGHT_20260606\HSRB_002_TEMPLATE_RULE_AND_ATTEMPT_INDEX_CLOSEOUT_NO_EXECUTION_V0_3_20260609.md","C:\Users\13527\Desktop\123\Jxhnny_Kl33N_Seedz\HOUSE_WORK\PROJECT_COMMAND_CENTER_UI_LANE\HELPER_FILE_SURFACE_PREFLIGHT_20260606\HSRB_002_TEMPLATE_RULE_AND_ATTEMPT_INDEX_CLOSEOUT_NO_EXECUTION_V0_3_20260609.md","Structured root ROOT_HOUSE_WORK file was missing from matching git lane.","A8481405E7C3886C0928B33468848F9D57F3E34333FA065E6D05F248769B47CC","964"
"MOVED_STRUCTURED_ROOT_FILE_TO_REPO_LANE","C:\Users\13527\Desktop\123\HOUSE_WORK\PROJECT_COMMAND_CENTER_UI_LANE\HELPER_FILE_SURFACE_PREFLIGHT_20260606\HSRB_002_TEMPLATE_RULE_AND_ATTEMPT_INDEX_CLOSEOUT_NO_EXECUTION_V0_4_20260609.md","C:\Users\13527\Desktop\123\Jxhnny_Kl33N_Seedz\HOUSE_WORK\PROJECT_COMMAND_CENTER_UI_LANE\HELPER_FILE_SURFACE_PREFLIGHT_20260606\HSRB_002_TEMPLATE_RULE_AND_ATTEMPT_INDEX_CLOSEOUT_NO_EXECUTION_V0_4_20260609.md","Structured root ROOT_HOUSE_WORK file was missing from matching git lane.","CDE2ACEA950D7A842578297A42C8294A2CD5FE3257E8DE8960E50B45697E212B","1223"
"MOVED_STRUCTURED_ROOT_FILE_TO_REPO_LANE","C:\Users\13527\Desktop\123\HOUSE_WORK\PROJECT_COMMAND_CENTER_UI_LANE\HELPER_FILE_SURFACE_PREFLIGHT_20260606\HSRB_002_TEMPLATE_RULE_AND_ATTEMPT_INDEX_CLOSEOUT_NO_EXECUTION_V0_5_20260609.md","C:\Users\13527\Desktop\123\Jxhnny_Kl33N_Seedz\HOUSE_WORK\PROJECT_COMMAND_CENTER_UI_LANE\HELPER_FILE_SURFACE_PREFLIGHT_20260606\HSRB_002_TEMPLATE_RULE_AND_ATTEMPT_INDEX_CLOSEOUT_NO_EXECUTION_V0_5_20260609.md","Structured root ROOT_HOUSE_WORK file was missing from matching git lane.","F76388ACDD752D9D72B3E6E7F3B56955D4B4700A094881D5AA6E6E26E23BD776","889"
"MOVED_STRUCTURED_ROOT_FILE_TO_REPO_LANE","C:\Users\13527\Desktop\123\HOUSE_WORK\PROJECT_COMMAND_CENTER_UI_LANE\HELPER_FILE_SURFACE_PREFLIGHT_20260606\HSRB_002_TEMPLATE_RULE_AND_ATTEMPT_INDEX_NO_EXECUTION_COPY_PRINT_V0_1_20260609.txt","C:\Users\13527\Desktop\123\Jxhnny_Kl33N_Seedz\HOUSE_WORK\PROJECT_COMMAND_CENTER_UI_LANE\HELPER_FILE_SURFACE_PREFLIGHT_20260606\HSRB_002_TEMPLATE_RULE_AND_ATTEMPT_INDEX_NO_EXECUTION_COPY_PRINT_V0_1_20260609.txt","Structured root ROOT_HOUSE_WORK file was missing from matching git lane.","1DCB298DF85C2B366A0A2D614794DF5988F7CCA08EBA541FFE4CE0C1AF2B397F","1908"
"MOVED_STRUCTURED_ROOT_FILE_TO_REPO_LANE","C:\Users\13527\Desktop\123\HOUSE_WORK\PROJECT_COMMAND_CENTER_UI_LANE\HELPER_FILE_SURFACE_PREFLIGHT_20260606\HSRB_002_TEMPLATE_RULE_AND_ATTEMPT_INDEX_NO_EXECUTION_COPY_PRINT_V0_2_20260609.txt","C:\Users\13527\Desktop\123\Jxhnny_Kl33N_Seedz\HOUSE_WORK\PROJECT_COMMAND_CENTER_UI_LANE\HELPER_FILE_SURFACE_PREFLIGHT_20260606\HSRB_002_TEMPLATE_RULE_AND_ATTEMPT_INDEX_NO_EXECUTION_COPY_PRINT_V0_2_20260609.txt","Structured root ROOT_HOUSE_WORK file was missing from matching git lane.","D6A992A2CEF513FD5D530B3434ADA68F3EF308036FFDCE2C08EF8B8C741A82FB","4617"
"MOVED_STRUCTURED_ROOT_FILE_TO_REPO_LANE","C:\Users\13527\Desktop\123\HOUSE_WORK\PROJECT_COMMAND_CENTER_UI_LANE\HELPER_FILE_SURFACE_PREFLIGHT_20260606\HSRB_002_TEMPLATE_RULE_AND_ATTEMPT_INDEX_NO_EXECUTION_COPY_PRINT_V0_3_20260609.txt","C:\Users\13527\Desktop\123\Jxhnny_Kl33N_Seedz\HOUSE_WORK\PROJECT_COMMAND_CENTER_UI_LANE\HELPER_FILE_SURFACE_PREFLIGHT_20260606\HSRB_002_TEMPLATE_RULE_AND_ATTEMPT_INDEX_NO_EXECUTION_COPY_PRINT_V0_3_20260609.txt","Structured root ROOT_HOUSE_WORK file was missing from matching git lane.","CE52822403C26C537264AA51ECC1954A2BE036B7F49D5D15F01F3AC899D57E84","4836"
"MOVED_STRUCTURED_ROOT_FILE_TO_REPO_LANE","C:\Users\13527\Desktop\123\HOUSE_WORK\PROJECT_COMMAND_CENTER_UI_LANE\HELPER_FILE_SURFACE_PREFLIGHT_20260606\HSRB_002_TEMPLATE_RULE_AND_ATTEMPT_INDEX_NO_EXECUTION_COPY_PRINT_V0_4_20260609.txt","C:\Users\13527\Desktop\123\Jxhnny_Kl33N_Seedz\HOUSE_WORK\PROJECT_COMMAND_CENTER_UI_LANE\HELPER_FILE_SURFACE_PREFLIGHT_20260606\HSRB_002_TEMPLATE_RULE_AND_ATTEMPT_INDEX_NO_EXECUTION_COPY_PRINT_V0_4_20260609.txt","Structured root ROOT_HOUSE_WORK file was missing from matching git lane.","FA0AD30DC5A31A8EB5322A65F5BD0135BF7AE30FDD222DD22F87FD47E9D4407C","2727"
"MOVED_STRUCTURED_ROOT_FILE_TO_REPO_LANE","C:\Users\13527\Desktop\123\HOUSE_WORK\PROJECT_COMMAND_CENTER_UI_LANE\HELPER_FILE_SURFACE_PREFLIGHT_20260606\HSRB_002_TEMPLATE_RULE_AND_ATTEMPT_INDEX_NO_EXECUTION_COPY_PRINT_V0_5_20260609.txt","C:\Users\13527\Desktop\123\Jxhnny_Kl33N_Seedz\HOUSE_WORK\PROJECT_COMMAND_CENTER_UI_LANE\HELPER_FILE_SURFACE_PREFLIGHT_20260606\HSRB_002_TEMPLATE_RULE_AND_ATTEMPT_INDEX_NO_EXECUTION_COPY_PRINT_V0_5_20260609.txt","Structured root ROOT_HOUSE_WORK file was missing from matching git lane.","57580C42967071CB41FAAC01D1892A9D394F1AB9764AE67813C498D3FEDA86B8","3341"
"MOVED_STRUCTURED_ROOT_FILE_TO_REPO_LANE","C:\Users\13527\Desktop\123\HOUSE_WORK\PROJECT_COMMAND_CENTER_UI_LANE\HELPER_FILE_SURFACE_PREFLIGHT_20260606\HSRB_002_TEMPLATE_RULE_AND_ATTEMPT_INDEX_NO_EXECUTION_RECEIPT_V0_1_20260609.txt","C:\Users\13527\Desktop\123\Jxhnny_Kl33N_Seedz\HOUSE_WORK\PROJECT_COMMAND_CENTER_UI_LANE\HELPER_FILE_SURFACE_PREFLIGHT_20260606\HSRB_002_TEMPLATE_RULE_AND_ATTEMPT_INDEX_NO_EXECUTION_RECEIPT_V0_1_20260609.txt","Structured root ROOT_HOUSE_WORK file was missing from matching git lane.","BAE4C5B29BF727103E41AB6E9F6A685ABDBD66BCD625ACF76697BF0115A2BCD8","2313"
"MOVED_STRUCTURED_ROOT_FILE_TO_REPO_LANE","C:\Users\13527\Desktop\123\HOUSE_WORK\PROJECT_COMMAND_CENTER_UI_LANE\HELPER_FILE_SURFACE_PREFLIGHT_20260606\HSRB_002_TEMPLATE_RULE_AND_ATTEMPT_INDEX_NO_EXECUTION_RECEIPT_V0_2_20260609.txt","C:\Users\13527\Desktop\123\Jxhnny_Kl33N_Seedz\HOUSE_WORK\PROJECT_COMMAND_CENTER_UI_LANE\HELPER_FILE_SURFACE_PREFLIGHT_20260606\HSRB_002_TEMPLATE_RULE_AND_ATTEMPT_INDEX_NO_EXECUTION_RECEIPT_V0_2_20260609.txt","Structured root ROOT_HOUSE_WORK file was missing from matching git lane.","CD131E25F39BAD35F78F14FFA77EB55D96A50202F296822CF6A75CF31F6E4B89","1096"
"MOVED_STRUCTURED_ROOT_FILE_TO_REPO_LANE","C:\Users\13527\Desktop\123\HOUSE_WORK\PROJECT_COMMAND_CENTER_UI_LANE\HELPER_FILE_SURFACE_PREFLIGHT_20260606\HSRB_002_TEMPLATE_RULE_AND_ATTEMPT_INDEX_NO_EXECUTION_RECEIPT_V0_3_20260609.txt","C:\Users\13527\Desktop\123\Jxhnny_Kl33N_Seedz\HOUSE_WORK\PROJECT_COMMAND_CENTER_UI_LANE\HELPER_FILE_SURFACE_PREFLIGHT_20260606\HSRB_002_TEMPLATE_RULE_AND_ATTEMPT_INDEX_NO_EXECUTION_RECEIPT_V0_3_20260609.txt","Structured root ROOT_HOUSE_WORK file was missing from matching git lane.","1B826CB99312BD2548B81C919D261FC79B8CF5350BBF2C2C9C78146F6458E4C4","1143"
"MOVED_STRUCTURED_ROOT_FILE_TO_REPO_LANE","C:\Users\13527\Desktop\123\HOUSE_WORK\PROJECT_COMMAND_CENTER_UI_LANE\HELPER_FILE_SURFACE_PREFLIGHT_20260606\HSRB_002_TEMPLATE_RULE_AND_ATTEMPT_INDEX_NO_EXECUTION_RECEIPT_V0_5_20260609.txt","C:\Users\13527\Desktop\123\Jxhnny_Kl33N_Seedz\HOUSE_WORK\PROJECT_COMMAND_CENTER_UI_LANE\HELPER_FILE_SURFACE_PREFLIGHT_20260606\HSRB_002_TEMPLATE_RULE_AND_ATTEMPT_INDEX_NO_EXECUTION_RECEIPT_V0_5_20260609.txt","Structured root ROOT_HOUSE_WORK file was missing from matching git lane.","8CA09494D6601B6C4F132B59A9DF01B2D561975ED6F8421C90A67FE6A94089AC","1219"
"MOVED_STRUCTURED_ROOT_FILE_TO_REPO_LANE","C:\Users\13527\Desktop\123\HOUSE_WORK\PROJECT_COMMAND_CENTER_UI_LANE\HELPER_FILE_SURFACE_PREFLIGHT_20260606\HSRB_002_TEMPLATE_RULE_AND_ATTEMPT_INDEX_NO_EXECUTION_V0_1_20260609.csv","C:\Users\13527\Desktop\123\Jxhnny_Kl33N_Seedz\HOUSE_WORK\PROJECT_COMMAND_CENTER_UI_LANE\HELPER_FILE_SURFACE_PREFLIGHT_20260606\HSRB_002_TEMPLATE_RULE_AND_ATTEMPT_INDEX_NO_EXECUTION_V0_1_20260609.csv","Structured root ROOT_HOUSE_WORK file was missing from matching git lane.","E940E2C56DA6B2B26545F78564AE4A095E605AB49BD2CD8DC0DC39FDA1076992","3395"
"MOVED_STRUCTURED_ROOT_FILE_TO_REPO_LANE","C:\Users\13527\Desktop\123\HOUSE_WORK\PROJECT_COMMAND_CENTER_UI_LANE\HELPER_FILE_SURFACE_PREFLIGHT_20260606\HSRB_002_TEMPLATE_RULE_AND_ATTEMPT_INDEX_NO_EXECUTION_V0_1_20260609.md","C:\Users\13527\Desktop\123\Jxhnny_Kl33N_Seedz\HOUSE_WORK\PROJECT_COMMAND_CENTER_UI_LANE\HELPER_FILE_SURFACE_PREFLIGHT_20260606\HSRB_002_TEMPLATE_RULE_AND_ATTEMPT_INDEX_NO_EXECUTION_V0_1_20260609.md","Structured root ROOT_HOUSE_WORK file was missing from matching git lane.","D5165EEDC94E352E556F06CC1FE51BB6605BA4B5CBC0287E6E7A6DC0F49FC547","4194"
"MOVED_STRUCTURED_ROOT_FILE_TO_REPO_LANE","C:\Users\13527\Desktop\123\HOUSE_WORK\PROJECT_COMMAND_CENTER_UI_LANE\HELPER_FILE_SURFACE_PREFLIGHT_20260606\HSRB_002_TEMPLATE_RULE_AND_ATTEMPT_INDEX_NO_EXECUTION_V0_2_20260609.csv","C:\Users\13527\Desktop\123\Jxhnny_Kl33N_Seedz\HOUSE_WORK\PROJECT_COMMAND_CENTER_UI_LANE\HELPER_FILE_SURFACE_PREFLIGHT_20260606\HSRB_002_TEMPLATE_RULE_AND_ATTEMPT_INDEX_NO_EXECUTION_V0_2_20260609.csv","Structured root ROOT_HOUSE_WORK file was missing from matching git lane.","25DD22BF24225833ED74ADC2FCFC87AF3F54122846729D00B312E3E2E0CB3CAB","1571"
"MOVED_STRUCTURED_ROOT_FILE_TO_REPO_LANE","C:\Users\13527\Desktop\123\HOUSE_WORK\PROJECT_COMMAND_CENTER_UI_LANE\HELPER_FILE_SURFACE_PREFLIGHT_20260606\HSRB_002_TEMPLATE_RULE_AND_ATTEMPT_INDEX_NO_EXECUTION_V0_2_20260609.md","C:\Users\13527\Desktop\123\Jxhnny_Kl33N_Seedz\HOUSE_WORK\PROJECT_COMMAND_CENTER_UI_LANE\HELPER_FILE_SURFACE_PREFLIGHT_20260606\HSRB_002_TEMPLATE_RULE_AND_ATTEMPT_INDEX_NO_EXECUTION_V0_2_20260609.md","Structured root ROOT_HOUSE_WORK file was missing from matching git lane.","D6A992A2CEF513FD5D530B3434ADA68F3EF308036FFDCE2C08EF8B8C741A82FB","4617"
"MOVED_STRUCTURED_ROOT_FILE_TO_REPO_LANE","C:\Users\13527\Desktop\123\HOUSE_WORK\PROJECT_COMMAND_CENTER_UI_LANE\HELPER_FILE_SURFACE_PREFLIGHT_20260606\HSRB_002_TEMPLATE_RULE_AND_ATTEMPT_INDEX_NO_EXECUTION_V0_3_20260609.csv","C:\Users\13527\Desktop\123\Jxhnny_Kl33N_Seedz\HOUSE_WORK\PROJECT_COMMAND_CENTER_UI_LANE\HELPER_FILE_SURFACE_PREFLIGHT_20260606\HSRB_002_TEMPLATE_RULE_AND_ATTEMPT_INDEX_NO_EXECUTION_V0_3_20260609.csv","Structured root ROOT_HOUSE_WORK file was missing from matching git lane.","A0ACFDC073AD0005BB1DBBEE35B934EA280BE160D703CF263C26DCC614DA7658","1698"
"MOVED_STRUCTURED_ROOT_FILE_TO_REPO_LANE","C:\Users\13527\Desktop\123\HOUSE_WORK\PROJECT_COMMAND_CENTER_UI_LANE\HELPER_FILE_SURFACE_PREFLIGHT_20260606\HSRB_002_TEMPLATE_RULE_AND_ATTEMPT_INDEX_NO_EXECUTION_V0_3_20260609.md","C:\Users\13527\Desktop\123\Jxhnny_Kl33N_Seedz\HOUSE_WORK\PROJECT_COMMAND_CENTER_UI_LANE\HELPER_FILE_SURFACE_PREFLIGHT_20260606\HSRB_002_TEMPLATE_RULE_AND_ATTEMPT_INDEX_NO_EXECUTION_V0_3_20260609.md","Structured root ROOT_HOUSE_WORK file was missing from matching git lane.","CE52822403C26C537264AA51ECC1954A2BE036B7F49D5D15F01F3AC899D57E84","4836"
"MOVED_STRUCTURED_ROOT_FILE_TO_REPO_LANE","C:\Users\13527\Desktop\123\HOUSE_WORK\PROJECT_COMMAND_CENTER_UI_LANE\HELPER_FILE_SURFACE_PREFLIGHT_20260606\HSRB_002_TEMPLATE_RULE_AND_ATTEMPT_INDEX_NO_EXECUTION_V0_4_20260609.csv","C:\Users\13527\Desktop\123\Jxhnny_Kl33N_Seedz\HOUSE_WORK\PROJECT_COMMAND_CENTER_UI_LANE\HELPER_FILE_SURFACE_PREFLIGHT_20260606\HSRB_002_TEMPLATE_RULE_AND_ATTEMPT_INDEX_NO_EXECUTION_V0_4_20260609.csv","Structured root ROOT_HOUSE_WORK file was missing from matching git lane.","697B95B45A76292822628FC9E27993544D8A0EE6CD15F4AEE8BEE6885CA3F12B","1113"
"MOVED_STRUCTURED_ROOT_FILE_TO_REPO_LANE","C:\Users\13527\Desktop\123\HOUSE_WORK\PROJECT_COMMAND_CENTER_UI_LANE\HELPER_FILE_SURFACE_PREFLIGHT_20260606\HSRB_002_TEMPLATE_RULE_AND_ATTEMPT_INDEX_NO_EXECUTION_V0_4_20260609.md","C:\Users\13527\Desktop\123\Jxhnny_Kl33N_Seedz\HOUSE_WORK\PROJECT_COMMAND_CENTER_UI_LANE\HELPER_FILE_SURFACE_PREFLIGHT_20260606\HSRB_002_TEMPLATE_RULE_AND_ATTEMPT_INDEX_NO_EXECUTION_V0_4_20260609.md","Structured root ROOT_HOUSE_WORK file was missing from matching git lane.","FA0AD30DC5A31A8EB5322A65F5BD0135BF7AE30FDD222DD22F87FD47E9D4407C","2727"
"MOVED_STRUCTURED_ROOT_FILE_TO_REPO_LANE","C:\Users\13527\Desktop\123\HOUSE_WORK\PROJECT_COMMAND_CENTER_UI_LANE\HELPER_FILE_SURFACE_PREFLIGHT_20260606\HSRB_002_TEMPLATE_RULE_AND_ATTEMPT_INDEX_NO_EXECUTION_V0_5_20260609.csv","C:\Users\13527\Desktop\123\Jxhnny_Kl33N_Seedz\HOUSE_WORK\PROJECT_COMMAND_CENTER_UI_LANE\HELPER_FILE_SURFACE_PREFLIGHT_20260606\HSRB_002_TEMPLATE_RULE_AND_ATTEMPT_INDEX_NO_EXECUTION_V0_5_20260609.csv","Structured root ROOT_HOUSE_WORK file was missing from matching git lane.","A5415882B49E896C29CD09472407CD482BB0881FCE1B4B449E53143A3BA3DCCD","1497"
"MOVED_STRUCTURED_ROOT_FILE_TO_REPO_LANE","C:\Users\13527\Desktop\123\HOUSE_WORK\PROJECT_COMMAND_CENTER_UI_LANE\HELPER_FILE_SURFACE_PREFLIGHT_20260606\HSRB_002_TEMPLATE_RULE_AND_ATTEMPT_INDEX_NO_EXECUTION_V0_5_20260609.md","C:\Users\13527\Desktop\123\Jxhnny_Kl33N_Seedz\HOUSE_WORK\PROJECT_COMMAND_CENTER_UI_LANE\HELPER_FILE_SURFACE_PREFLIGHT_20260606\HSRB_002_TEMPLATE_RULE_AND_ATTEMPT_INDEX_NO_EXECUTION_V0_5_20260609.md","Structured root ROOT_HOUSE_WORK file was missing from matching git lane.","57580C42967071CB41FAAC01D1892A9D394F1AB9764AE67813C498D3FEDA86B8","3341"
"MOVED_STRUCTURED_ROOT_FILE_TO_REPO_LANE","C:\Users\13527\Desktop\123\HOUSE_WORK\PROJECT_COMMAND_CENTER_UI_LANE\HELPER_FILE_SURFACE_PREFLIGHT_20260606\HSRB_003_RISK_MARKER_AND_DISPOSITION_INDEX_CLOSEOUT_NO_EXECUTION_COPY_PRINT_V0_1_20260609.txt","C:\Users\13527\Desktop\123\Jxhnny_Kl33N_Seedz\HOUSE_WORK\PROJECT_COMMAND_CENTER_UI_LANE\HELPER_FILE_SURFACE_PREFLIGHT_20260606\HSRB_003_RISK_MARKER_AND_DISPOSITION_INDEX_CLOSEOUT_NO_EXECUTION_COPY_PRINT_V0_1_20260609.txt","Structured root ROOT_HOUSE_WORK file was missing from matching git lane.","F13DB92367A72054D44D7810295850A7E0513A08EF17FA5ED2678A1800E41C2F","4069"
"MOVED_STRUCTURED_ROOT_FILE_TO_REPO_LANE","C:\Users\13527\Desktop\123\HOUSE_WORK\PROJECT_COMMAND_CENTER_UI_LANE\HELPER_FILE_SURFACE_PREFLIGHT_20260606\HSRB_003_RISK_MARKER_AND_DISPOSITION_INDEX_CLOSEOUT_NO_EXECUTION_RECEIPT_V0_1_20260609.txt","C:\Users\13527\Desktop\123\Jxhnny_Kl33N_Seedz\HOUSE_WORK\PROJECT_COMMAND_CENTER_UI_LANE\HELPER_FILE_SURFACE_PREFLIGHT_20260606\HSRB_003_RISK_MARKER_AND_DISPOSITION_INDEX_CLOSEOUT_NO_EXECUTION_RECEIPT_V0_1_20260609.txt","Structured root ROOT_HOUSE_WORK file was missing from matching git lane.","8CC56ACB7B60C521F1ED37BC0663E465BF455679B0E0792E5EDB1BDAD8869CDB","2177"
"MOVED_STRUCTURED_ROOT_FILE_TO_REPO_LANE","C:\Users\13527\Desktop\123\HOUSE_WORK\PROJECT_COMMAND_CENTER_UI_LANE\HELPER_FILE_SURFACE_PREFLIGHT_20260606\HSRB_003_RISK_MARKER_AND_DISPOSITION_INDEX_CLOSEOUT_NO_EXECUTION_V0_1_20260609.md","C:\Users\13527\Desktop\123\Jxhnny_Kl33N_Seedz\HOUSE_WORK\PROJECT_COMMAND_CENTER_UI_LANE\HELPER_FILE_SURFACE_PREFLIGHT_20260606\HSRB_003_RISK_MARKER_AND_DISPOSITION_INDEX_CLOSEOUT_NO_EXECUTION_V0_1_20260609.md","Structured root ROOT_HOUSE_WORK file was missing from matching git lane.","F13DB92367A72054D44D7810295850A7E0513A08EF17FA5ED2678A1800E41C2F","4069"
"MOVED_STRUCTURED_ROOT_FILE_TO_REPO_LANE","C:\Users\13527\Desktop\123\HOUSE_WORK\PROJECT_COMMAND_CENTER_UI_LANE\HELPER_FILE_SURFACE_PREFLIGHT_20260606\HSRB_003_ROOT_DROP_INTAKE_WASHER_BUILD_OPTION_SET_RISK_MARKER_AND_DISPOSITION_INDEX_NO_EXECUTION_COPY_PRINT_V0_1_20260609.txt","C:\Users\13527\Desktop\123\Jxhnny_Kl33N_Seedz\HOUSE_WORK\PROJECT_COMMAND_CENTER_UI_LANE\HELPER_FILE_SURFACE_PREFLIGHT_20260606\HSRB_003_ROOT_DROP_INTAKE_WASHER_BUILD_OPTION_SET_RISK_MARKER_AND_DISPOSITION_INDEX_NO_EXECUTION_COPY_PRINT_V0_1_20260609.txt","Structured root ROOT_HOUSE_WORK file was missing from matching git lane.","E83CE9297925B15D94C7655219E94B3E4D30493C51953DC1B23838D5242BCEC5","8150"
"MOVED_STRUCTURED_ROOT_FILE_TO_REPO_LANE","C:\Users\13527\Desktop\123\HOUSE_WORK\PROJECT_COMMAND_CENTER_UI_LANE\HELPER_FILE_SURFACE_PREFLIGHT_20260606\HSRB_003_ROOT_DROP_INTAKE_WASHER_BUILD_OPTION_SET_RISK_MARKER_AND_DISPOSITION_INDEX_NO_EXECUTION_COPY_PRINT_V0_2_20260609.txt","C:\Users\13527\Desktop\123\Jxhnny_Kl33N_Seedz\HOUSE_WORK\PROJECT_COMMAND_CENTER_UI_LANE\HELPER_FILE_SURFACE_PREFLIGHT_20260606\HSRB_003_ROOT_DROP_INTAKE_WASHER_BUILD_OPTION_SET_RISK_MARKER_AND_DISPOSITION_INDEX_NO_EXECUTION_COPY_PRINT_V0_2_20260609.txt","Structured root ROOT_HOUSE_WORK file was missing from matching git lane.","40FCD6E49AB37C4F648E2FBBEBD3C08572CBE0D72593426B98BCD8F5CB08A8B8","6350"
"MOVED_STRUCTURED_ROOT_FILE_TO_REPO_LANE","C:\Users\13527\Desktop\123\HOUSE_WORK\PROJECT_COMMAND_CENTER_UI_LANE\HELPER_FILE_SURFACE_PREFLIGHT_20260606\HSRB_003_ROOT_DROP_INTAKE_WASHER_BUILD_OPTION_SET_RISK_MARKER_AND_DISPOSITION_INDEX_NO_EXECUTION_RECEIPT_V0_1_20260609.txt","C:\Users\13527\Desktop\123\Jxhnny_Kl33N_Seedz\HOUSE_WORK\PROJECT_COMMAND_CENTER_UI_LANE\HELPER_FILE_SURFACE_PREFLIGHT_20260606\HSRB_003_ROOT_DROP_INTAKE_WASHER_BUILD_OPTION_SET_RISK_MARKER_AND_DISPOSITION_INDEX_NO_EXECUTION_RECEIPT_V0_1_20260609.txt","Structured root ROOT_HOUSE_WORK file was missing from matching git lane.","0FEA22AFD8D35463143BF12DBF99693F2D56F2366BC5D8CD5F013C34138C2227","2417"
"MOVED_STRUCTURED_ROOT_FILE_TO_REPO_LANE","C:\Users\13527\Desktop\123\HOUSE_WORK\PROJECT_COMMAND_CENTER_UI_LANE\HELPER_FILE_SURFACE_PREFLIGHT_20260606\HSRB_003_ROOT_DROP_INTAKE_WASHER_BUILD_OPTION_SET_RISK_MARKER_AND_DISPOSITION_INDEX_NO_EXECUTION_RECEIPT_V0_2_20260609.txt","C:\Users\13527\Desktop\123\Jxhnny_Kl33N_Seedz\HOUSE_WORK\PROJECT_COMMAND_CENTER_UI_LANE\HELPER_FILE_SURFACE_PREFLIGHT_20260606\HSRB_003_ROOT_DROP_INTAKE_WASHER_BUILD_OPTION_SET_RISK_MARKER_AND_DISPOSITION_INDEX_NO_EXECUTION_RECEIPT_V0_2_20260609.txt","Structured root ROOT_HOUSE_WORK file was missing from matching git lane.","4A9E456BAF65D6234F17A0BBEDB13609572ED5AD93B1249C324779176A6F1C81","2486"
"MOVED_STRUCTURED_ROOT_FILE_TO_REPO_LANE","C:\Users\13527\Desktop\123\HOUSE_WORK\PROJECT_COMMAND_CENTER_UI_LANE\HELPER_FILE_SURFACE_PREFLIGHT_20260606\HSRB_003_ROOT_DROP_INTAKE_WASHER_BUILD_OPTION_SET_RISK_MARKER_AND_DISPOSITION_INDEX_NO_EXECUTION_V0_1_20260609.md","C:\Users\13527\Desktop\123\Jxhnny_Kl33N_Seedz\HOUSE_WORK\PROJECT_COMMAND_CENTER_UI_LANE\HELPER_FILE_SURFACE_PREFLIGHT_20260606\HSRB_003_ROOT_DROP_INTAKE_WASHER_BUILD_OPTION_SET_RISK_MARKER_AND_DISPOSITION_INDEX_NO_EXECUTION_V0_1_20260609.md","Structured root ROOT_HOUSE_WORK file was missing from matching git lane.","E83CE9297925B15D94C7655219E94B3E4D30493C51953DC1B23838D5242BCEC5","8150"
"MOVED_STRUCTURED_ROOT_FILE_TO_REPO_LANE","C:\Users\13527\Desktop\123\HOUSE_WORK\PROJECT_COMMAND_CENTER_UI_LANE\HELPER_FILE_SURFACE_PREFLIGHT_20260606\HSRB_003_ROOT_DROP_INTAKE_WASHER_BUILD_OPTION_SET_RISK_MARKER_AND_DISPOSITION_INDEX_NO_EXECUTION_V0_2_20260609.csv","C:\Users\13527\Desktop\123\Jxhnny_Kl33N_Seedz\HOUSE_WORK\PROJECT_COMMAND_CENTER_UI_LANE\HELPER_FILE_SURFACE_PREFLIGHT_20260606\HSRB_003_ROOT_DROP_INTAKE_WASHER_BUILD_OPTION_SET_RISK_MARKER_AND_DISPOSITION_INDEX_NO_EXECUTION_V0_2_20260609.csv","Structured root ROOT_HOUSE_WORK file was missing from matching git lane.","A1C84777AC0EF18C9D0F5E375C173BD8D3055B3F1C126B4EADF9A71F77DF8E5A","6212"
"MOVED_STRUCTURED_ROOT_FILE_TO_REPO_LANE","C:\Users\13527\Desktop\123\HOUSE_WORK\PROJECT_COMMAND_CENTER_UI_LANE\HELPER_FILE_SURFACE_PREFLIGHT_20260606\HSRB_003_ROOT_DROP_INTAKE_WASHER_BUILD_OPTION_SET_RISK_MARKER_AND_DISPOSITION_INDEX_NO_EXECUTION_V0_2_20260609.md","C:\Users\13527\Desktop\123\Jxhnny_Kl33N_Seedz\HOUSE_WORK\PROJECT_COMMAND_CENTER_UI_LANE\HELPER_FILE_SURFACE_PREFLIGHT_20260606\HSRB_003_ROOT_DROP_INTAKE_WASHER_BUILD_OPTION_SET_RISK_MARKER_AND_DISPOSITION_INDEX_NO_EXECUTION_V0_2_20260609.md","Structured root ROOT_HOUSE_WORK file was missing from matching git lane.","40FCD6E49AB37C4F648E2FBBEBD3C08572CBE0D72593426B98BCD8F5CB08A8B8","6350"
"MOVED_STRUCTURED_ROOT_FILE_TO_REPO_LANE","C:\Users\13527\Desktop\123\HOUSE_WORK\PROJECT_COMMAND_CENTER_UI_LANE\HELPER_FILE_SURFACE_PREFLIGHT_20260606\HSRB_003_STATIC_REVIEW_DECISION_CLOSEOUT_CONTRACT_FIRST_NO_EXECUTION_COPY_PRINT_V0_2_20260609.txt","C:\Users\13527\Desktop\123\Jxhnny_Kl33N_Seedz\HOUSE_WORK\PROJECT_COMMAND_CENTER_UI_LANE\HELPER_FILE_SURFACE_PREFLIGHT_20260606\HSRB_003_STATIC_REVIEW_DECISION_CLOSEOUT_CONTRACT_FIRST_NO_EXECUTION_COPY_PRINT_V0_2_20260609.txt","Structured root ROOT_HOUSE_WORK file was missing from matching git lane.","4668440DFF2243D568F97977A1BF4D37EAA3974CCF8E07A153CE60C72F151ECA","6125"
"MOVED_STRUCTURED_ROOT_FILE_TO_REPO_LANE","C:\Users\13527\Desktop\123\HOUSE_WORK\PROJECT_COMMAND_CENTER_UI_LANE\HELPER_FILE_SURFACE_PREFLIGHT_20260606\HSRB_003_STATIC_REVIEW_DECISION_CLOSEOUT_CONTRACT_FIRST_NO_EXECUTION_RECEIPT_V0_2_20260609.txt","C:\Users\13527\Desktop\123\Jxhnny_Kl33N_Seedz\HOUSE_WORK\PROJECT_COMMAND_CENTER_UI_LANE\HELPER_FILE_SURFACE_PREFLIGHT_20260606\HSRB_003_STATIC_REVIEW_DECISION_CLOSEOUT_CONTRACT_FIRST_NO_EXECUTION_RECEIPT_V0_2_20260609.txt","Structured root ROOT_HOUSE_WORK file was missing from matching git lane.","45A575022A8D503F598DF789E6A2A9670D3A420E38EC8C24A03BF4930E104EF0","2185"
"MOVED_STRUCTURED_ROOT_FILE_TO_REPO_LANE","C:\Users\13527\Desktop\123\HOUSE_WORK\PROJECT_COMMAND_CENTER_UI_LANE\HELPER_FILE_SURFACE_PREFLIGHT_20260606\HSRB_003_STATIC_REVIEW_DECISION_CLOSEOUT_CONTRACT_FIRST_NO_EXECUTION_V0_2_20260609.md","C:\Users\13527\Desktop\123\Jxhnny_Kl33N_Seedz\HOUSE_WORK\PROJECT_COMMAND_CENTER_UI_LANE\HELPER_FILE_SURFACE_PREFLIGHT_20260606\HSRB_003_STATIC_REVIEW_DECISION_CLOSEOUT_CONTRACT_FIRST_NO_EXECUTION_V0_2_20260609.md","Structured root ROOT_HOUSE_WORK file was missing from matching git lane.","4668440DFF2243D568F97977A1BF4D37EAA3974CCF8E07A153CE60C72F151ECA","6125"
"MOVED_STRUCTURED_ROOT_FILE_TO_REPO_LANE","C:\Users\13527\Desktop\123\HOUSE_WORK\PROJECT_COMMAND_CENTER_UI_LANE\HELPER_FILE_SURFACE_PREFLIGHT_20260606\HSRB_003_STATIC_REVIEW_DECISION_CLOSEOUT_CONTRACT_FIRST_RISK_MARKER_INDEX_V0_2_20260609.csv","C:\Users\13527\Desktop\123\Jxhnny_Kl33N_Seedz\HOUSE_WORK\PROJECT_COMMAND_CENTER_UI_LANE\HELPER_FILE_SURFACE_PREFLIGHT_20260606\HSRB_003_STATIC_REVIEW_DECISION_CLOSEOUT_CONTRACT_FIRST_RISK_MARKER_INDEX_V0_2_20260609.csv","Structured root ROOT_HOUSE_WORK file was missing from matching git lane.","64567DA8BE64400D70A7B768A0FCE58C4421F952AF2DAF82CA5E7D07F63B3C5A","3313"
"MOVED_STRUCTURED_ROOT_FILE_TO_REPO_LANE","C:\Users\13527\Desktop\123\HOUSE_WORK\PROJECT_COMMAND_CENTER_UI_LANE\HELPER_FILE_SURFACE_PREFLIGHT_20260606\HSRB_004_HELPER_FILE_SURFACE_PREFLIGHT_AND_PLANETARY_GATE_SELECTOR_DISPOSITION_INDEX_CLOSEOUT_NO_EXECUTION_COPY_PRINT_V0_1_20260609.txt","C:\Users\13527\Desktop\123\Jxhnny_Kl33N_Seedz\HOUSE_WORK\PROJECT_COMMAND_CENTER_UI_LANE\HELPER_FILE_SURFACE_PREFLIGHT_20260606\HSRB_004_HELPER_FILE_SURFACE_PREFLIGHT_AND_PLANETARY_GATE_SELECTOR_DISPOSITION_INDEX_CLOSEOUT_NO_EXECUTION_COPY_PRINT_V0_1_20260609.txt","Structured root ROOT_HOUSE_WORK file was missing from matching git lane.","672F097F862D0D178028D127BB6593737109E020833AFAD3F0EBEC4D08C0E8F3","4098"
"MOVED_STRUCTURED_ROOT_FILE_TO_REPO_LANE","C:\Users\13527\Desktop\123\HOUSE_WORK\PROJECT_COMMAND_CENTER_UI_LANE\HELPER_FILE_SURFACE_PREFLIGHT_20260606\HSRB_004_HELPER_FILE_SURFACE_PREFLIGHT_AND_PLANETARY_GATE_SELECTOR_DISPOSITION_INDEX_CLOSEOUT_NO_EXECUTION_RECEIPT_V0_1_20260609.txt","C:\Users\13527\Desktop\123\Jxhnny_Kl33N_Seedz\HOUSE_WORK\PROJECT_COMMAND_CENTER_UI_LANE\HELPER_FILE_SURFACE_PREFLIGHT_20260606\HSRB_004_HELPER_FILE_SURFACE_PREFLIGHT_AND_PLANETARY_GATE_SELECTOR_DISPOSITION_INDEX_CLOSEOUT_NO_EXECUTION_RECEIPT_V0_1_20260609.txt","Structured root ROOT_HOUSE_WORK file was missing from matching git lane.","4EC7357389810A4758CBC0B37B87117784B6045F574BD45F07F599B9774C935B","2235"
"MOVED_STRUCTURED_ROOT_FILE_TO_REPO_LANE","C:\Users\13527\Desktop\123\HOUSE_WORK\PROJECT_COMMAND_CENTER_UI_LANE\HELPER_FILE_SURFACE_PREFLIGHT_20260606\HSRB_004_HELPER_FILE_SURFACE_PREFLIGHT_AND_PLANETARY_GATE_SELECTOR_DISPOSITION_INDEX_CLOSEOUT_NO_EXECUTION_V0_1_20260609.md","C:\Users\13527\Desktop\123\Jxhnny_Kl33N_Seedz\HOUSE_WORK\PROJECT_COMMAND_CENTER_UI_LANE\HELPER_FILE_SURFACE_PREFLIGHT_20260606\HSRB_004_HELPER_FILE_SURFACE_PREFLIGHT_AND_PLANETARY_GATE_SELECTOR_DISPOSITION_INDEX_CLOSEOUT_NO_EXECUTION_V0_1_20260609.md","Structured root ROOT_HOUSE_WORK file was missing from matching git lane.","672F097F862D0D178028D127BB6593737109E020833AFAD3F0EBEC4D08C0E8F3","4098"
"MOVED_STRUCTURED_ROOT_FILE_TO_REPO_LANE","C:\Users\13527\Desktop\123\HOUSE_WORK\PROJECT_COMMAND_CENTER_UI_LANE\HELPER_FILE_SURFACE_PREFLIGHT_20260606\HSRB_004_HELPER_FILE_SURFACE_PREFLIGHT_AND_PLANETARY_GATE_SELECTOR_DISPOSITION_INDEX_NO_EXECUTION_COPY_PRINT_V0_3_20260609.txt","C:\Users\13527\Desktop\123\Jxhnny_Kl33N_Seedz\HOUSE_WORK\PROJECT_COMMAND_CENTER_UI_LANE\HELPER_FILE_SURFACE_PREFLIGHT_20260606\HSRB_004_HELPER_FILE_SURFACE_PREFLIGHT_AND_PLANETARY_GATE_SELECTOR_DISPOSITION_INDEX_NO_EXECUTION_COPY_PRINT_V0_3_20260609.txt","Structured root ROOT_HOUSE_WORK file was missing from matching git lane.","53B1B9CA38AD16C094680AB10F4F74FA34925E7FF4DE0A40E09BCB29AF5F5939","5006"
"MOVED_STRUCTURED_ROOT_FILE_TO_REPO_LANE","C:\Users\13527\Desktop\123\HOUSE_WORK\PROJECT_COMMAND_CENTER_UI_LANE\HELPER_FILE_SURFACE_PREFLIGHT_20260606\HSRB_004_HELPER_FILE_SURFACE_PREFLIGHT_AND_PLANETARY_GATE_SELECTOR_DISPOSITION_INDEX_NO_EXECUTION_RECEIPT_V0_3_20260609.txt","C:\Users\13527\Desktop\123\Jxhnny_Kl33N_Seedz\HOUSE_WORK\PROJECT_COMMAND_CENTER_UI_LANE\HELPER_FILE_SURFACE_PREFLIGHT_20260606\HSRB_004_HELPER_FILE_SURFACE_PREFLIGHT_AND_PLANETARY_GATE_SELECTOR_DISPOSITION_INDEX_NO_EXECUTION_RECEIPT_V0_3_20260609.txt","Structured root ROOT_HOUSE_WORK file was missing from matching git lane.","B7145595D5A77E867CE150681E1DD14C20494B5EB61C9B753FEB81E04A696594","2682"
"MOVED_STRUCTURED_ROOT_FILE_TO_REPO_LANE","C:\Users\13527\Desktop\123\HOUSE_WORK\PROJECT_COMMAND_CENTER_UI_LANE\HELPER_FILE_SURFACE_PREFLIGHT_20260606\HSRB_004_HELPER_FILE_SURFACE_PREFLIGHT_AND_PLANETARY_GATE_SELECTOR_DISPOSITION_INDEX_NO_EXECUTION_V0_2_20260609.csv","C:\Users\13527\Desktop\123\Jxhnny_Kl33N_Seedz\HOUSE_WORK\PROJECT_COMMAND_CENTER_UI_LANE\HELPER_FILE_SURFACE_PREFLIGHT_20260606\HSRB_004_HELPER_FILE_SURFACE_PREFLIGHT_AND_PLANETARY_GATE_SELECTOR_DISPOSITION_INDEX_NO_EXECUTION_V0_2_20260609.csv","Structured root ROOT_HOUSE_WORK file was missing from matching git lane.","27B20B207142A0E2A2C24EAAC75CE3F798A0FCEEEA8A2DB6F1990E8E58D5C8C2","2343"
"MOVED_STRUCTURED_ROOT_FILE_TO_REPO_LANE","C:\Users\13527\Desktop\123\HOUSE_WORK\PROJECT_COMMAND_CENTER_UI_LANE\HELPER_FILE_SURFACE_PREFLIGHT_20260606\HSRB_004_HELPER_FILE_SURFACE_PREFLIGHT_AND_PLANETARY_GATE_SELECTOR_DISPOSITION_INDEX_NO_EXECUTION_V0_3_20260609.csv","C:\Users\13527\Desktop\123\Jxhnny_Kl33N_Seedz\HOUSE_WORK\PROJECT_COMMAND_CENTER_UI_LANE\HELPER_FILE_SURFACE_PREFLIGHT_20260606\HSRB_004_HELPER_FILE_SURFACE_PREFLIGHT_AND_PLANETARY_GATE_SELECTOR_DISPOSITION_INDEX_NO_EXECUTION_V0_3_20260609.csv","Structured root ROOT_HOUSE_WORK file was missing from matching git lane.","27B20B207142A0E2A2C24EAAC75CE3F798A0FCEEEA8A2DB6F1990E8E58D5C8C2","2343"
"MOVED_STRUCTURED_ROOT_FILE_TO_REPO_LANE","C:\Users\13527\Desktop\123\HOUSE_WORK\PROJECT_COMMAND_CENTER_UI_LANE\HELPER_FILE_SURFACE_PREFLIGHT_20260606\HSRB_004_HELPER_FILE_SURFACE_PREFLIGHT_AND_PLANETARY_GATE_SELECTOR_DISPOSITION_INDEX_NO_EXECUTION_V0_3_20260609.md","C:\Users\13527\Desktop\123\Jxhnny_Kl33N_Seedz\HOUSE_WORK\PROJECT_COMMAND_CENTER_UI_LANE\HELPER_FILE_SURFACE_PREFLIGHT_20260606\HSRB_004_HELPER_FILE_SURFACE_PREFLIGHT_AND_PLANETARY_GATE_SELECTOR_DISPOSITION_INDEX_NO_EXECUTION_V0_3_20260609.md","Structured root ROOT_HOUSE_WORK file was missing from matching git lane.","53B1B9CA38AD16C094680AB10F4F74FA34925E7FF4DE0A40E09BCB29AF5F5939","5006"
"MOVED_STRUCTURED_ROOT_FILE_TO_REPO_LANE","C:\Users\13527\Desktop\123\HOUSE_WORK\PROJECT_COMMAND_CENTER_UI_LANE\HELPER_FILE_SURFACE_PREFLIGHT_20260606\HSRB_004_STATIC_REVIEW_DECISION_CLOSEOUT_CONTRACT_FIRST_NO_EXECUTION_COPY_PRINT_V0_1_20260609.txt","C:\Users\13527\Desktop\123\Jxhnny_Kl33N_Seedz\HOUSE_WORK\PROJECT_COMMAND_CENTER_UI_LANE\HELPER_FILE_SURFACE_PREFLIGHT_20260606\HSRB_004_STATIC_REVIEW_DECISION_CLOSEOUT_CONTRACT_FIRST_NO_EXECUTION_COPY_PRINT_V0_1_20260609.txt","Structured root ROOT_HOUSE_WORK file was missing from matching git lane.","6E1F661BAA33AD00B73A64E5C28B58AE981E1D20741EA958CA9F4A27AAF53BAE","4768"
"MOVED_STRUCTURED_ROOT_FILE_TO_REPO_LANE","C:\Users\13527\Desktop\123\HOUSE_WORK\PROJECT_COMMAND_CENTER_UI_LANE\HELPER_FILE_SURFACE_PREFLIGHT_20260606\HSRB_004_STATIC_REVIEW_DECISION_CLOSEOUT_CONTRACT_FIRST_NO_EXECUTION_RECEIPT_V0_1_20260609.txt","C:\Users\13527\Desktop\123\Jxhnny_Kl33N_Seedz\HOUSE_WORK\PROJECT_COMMAND_CENTER_UI_LANE\HELPER_FILE_SURFACE_PREFLIGHT_20260606\HSRB_004_STATIC_REVIEW_DECISION_CLOSEOUT_CONTRACT_FIRST_NO_EXECUTION_RECEIPT_V0_1_20260609.txt","Structured root ROOT_HOUSE_WORK file was missing from matching git lane.","B3B78AB562CE6D4F759DCB53AB5C1D2A0C9391856C7A77C99195CEAFE0D2A999","2195"
"MOVED_STRUCTURED_ROOT_FILE_TO_REPO_LANE","C:\Users\13527\Desktop\123\HOUSE_WORK\PROJECT_COMMAND_CENTER_UI_LANE\HELPER_FILE_SURFACE_PREFLIGHT_20260606\HSRB_004_STATIC_REVIEW_DECISION_CLOSEOUT_CONTRACT_FIRST_NO_EXECUTION_V0_1_20260609.md","C:\Users\13527\Desktop\123\Jxhnny_Kl33N_Seedz\HOUSE_WORK\PROJECT_COMMAND_CENTER_UI_LANE\HELPER_FILE_SURFACE_PREFLIGHT_20260606\HSRB_004_STATIC_REVIEW_DECISION_CLOSEOUT_CONTRACT_FIRST_NO_EXECUTION_V0_1_20260609.md","Structured root ROOT_HOUSE_WORK file was missing from matching git lane.","6E1F661BAA33AD00B73A64E5C28B58AE981E1D20741EA958CA9F4A27AAF53BAE","4768"
"MOVED_STRUCTURED_ROOT_FILE_TO_REPO_LANE","C:\Users\13527\Desktop\123\HOUSE_WORK\PROJECT_COMMAND_CENTER_UI_LANE\HELPER_FILE_SURFACE_PREFLIGHT_20260606\HSRB_004_STATIC_REVIEW_DECISION_CLOSEOUT_CONTRACT_FIRST_RISK_MARKER_INDEX_V0_1_20260609.csv","C:\Users\13527\Desktop\123\Jxhnny_Kl33N_Seedz\HOUSE_WORK\PROJECT_COMMAND_CENTER_UI_LANE\HELPER_FILE_SURFACE_PREFLIGHT_20260606\HSRB_004_STATIC_REVIEW_DECISION_CLOSEOUT_CONTRACT_FIRST_RISK_MARKER_INDEX_V0_1_20260609.csv","Structured root ROOT_HOUSE_WORK file was missing from matching git lane.","48C296DD5346E2D70B0AED39B3107B933072F26DE68CF3B03E151FB11B41D4B0","2038"
"MOVED_STRUCTURED_ROOT_FILE_TO_REPO_LANE","C:\Users\13527\Desktop\123\HOUSE_WORK\PROJECT_COMMAND_CENTER_UI_LANE\HELPER_FILE_SURFACE_PREFLIGHT_20260606\HSRB_005_ROOT_HELD_ROUTE_OR_HOLD_AND_CUSTODY_FAMILY_DISPOSITION_INDEX_CLOSEOUT_NO_EXECUTION_COPY_PRINT_V0_1_20260609.txt","C:\Users\13527\Desktop\123\Jxhnny_Kl33N_Seedz\HOUSE_WORK\PROJECT_COMMAND_CENTER_UI_LANE\HELPER_FILE_SURFACE_PREFLIGHT_20260606\HSRB_005_ROOT_HELD_ROUTE_OR_HOLD_AND_CUSTODY_FAMILY_DISPOSITION_INDEX_CLOSEOUT_NO_EXECUTION_COPY_PRINT_V0_1_20260609.txt","Structured root ROOT_HOUSE_WORK file was missing from matching git lane.","98A29925F960444199860BE7E9042CB71F67306C3299F91D50703D1B429686D1","6579"
"MOVED_STRUCTURED_ROOT_FILE_TO_REPO_LANE","C:\Users\13527\Desktop\123\HOUSE_WORK\PROJECT_COMMAND_CENTER_UI_LANE\HELPER_FILE_SURFACE_PREFLIGHT_20260606\HSRB_005_ROOT_HELD_ROUTE_OR_HOLD_AND_CUSTODY_FAMILY_DISPOSITION_INDEX_CLOSEOUT_NO_EXECUTION_RECEIPT_V0_1_20260609.txt","C:\Users\13527\Desktop\123\Jxhnny_Kl33N_Seedz\HOUSE_WORK\PROJECT_COMMAND_CENTER_UI_LANE\HELPER_FILE_SURFACE_PREFLIGHT_20260606\HSRB_005_ROOT_HELD_ROUTE_OR_HOLD_AND_CUSTODY_FAMILY_DISPOSITION_INDEX_CLOSEOUT_NO_EXECUTION_RECEIPT_V0_1_20260609.txt","Structured root ROOT_HOUSE_WORK file was missing from matching git lane.","45BFED946102983DCE6E95DF30A95ABEB4A83EB21D39A3304D3DE19ABF935258","1296"
"MOVED_STRUCTURED_ROOT_FILE_TO_REPO_LANE","C:\Users\13527\Desktop\123\HOUSE_WORK\PROJECT_COMMAND_CENTER_UI_LANE\HELPER_FILE_SURFACE_PREFLIGHT_20260606\HSRB_005_ROOT_HELD_ROUTE_OR_HOLD_AND_CUSTODY_FAMILY_DISPOSITION_INDEX_CLOSEOUT_NO_EXECUTION_V0_1_20260609.md","C:\Users\13527\Desktop\123\Jxhnny_Kl33N_Seedz\HOUSE_WORK\PROJECT_COMMAND_CENTER_UI_LANE\HELPER_FILE_SURFACE_PREFLIGHT_20260606\HSRB_005_ROOT_HELD_ROUTE_OR_HOLD_AND_CUSTODY_FAMILY_DISPOSITION_INDEX_CLOSEOUT_NO_EXECUTION_V0_1_20260609.md","Structured root ROOT_HOUSE_WORK file was missing from matching git lane.","98A29925F960444199860BE7E9042CB71F67306C3299F91D50703D1B429686D1","6579"
"MOVED_STRUCTURED_ROOT_FILE_TO_REPO_LANE","C:\Users\13527\Desktop\123\HOUSE_WORK\PROJECT_COMMAND_CENTER_UI_LANE\HELPER_FILE_SURFACE_PREFLIGHT_20260606\HSRB_005_ROOT_HELD_ROUTE_OR_HOLD_AND_CUSTODY_FAMILY_DISPOSITION_INDEX_NO_EXECUTION_COPY_PRINT_V0_1_20260609.txt","C:\Users\13527\Desktop\123\Jxhnny_Kl33N_Seedz\HOUSE_WORK\PROJECT_COMMAND_CENTER_UI_LANE\HELPER_FILE_SURFACE_PREFLIGHT_20260606\HSRB_005_ROOT_HELD_ROUTE_OR_HOLD_AND_CUSTODY_FAMILY_DISPOSITION_INDEX_NO_EXECUTION_COPY_PRINT_V0_1_20260609.txt","Structured root ROOT_HOUSE_WORK file was missing from matching git lane.","CED107B4E43A515D0FB2A49E94FF3A89B08A2F0B05206B02B8FE5B33EFD9D44D","9194"
"MOVED_STRUCTURED_ROOT_FILE_TO_REPO_LANE","C:\Users\13527\Desktop\123\HOUSE_WORK\PROJECT_COMMAND_CENTER_UI_LANE\HELPER_FILE_SURFACE_PREFLIGHT_20260606\HSRB_005_ROOT_HELD_ROUTE_OR_HOLD_AND_CUSTODY_FAMILY_DISPOSITION_INDEX_NO_EXECUTION_RECEIPT_V0_1_20260609.txt","C:\Users\13527\Desktop\123\Jxhnny_Kl33N_Seedz\HOUSE_WORK\PROJECT_COMMAND_CENTER_UI_LANE\HELPER_FILE_SURFACE_PREFLIGHT_20260606\HSRB_005_ROOT_HELD_ROUTE_OR_HOLD_AND_CUSTODY_FAMILY_DISPOSITION_INDEX_NO_EXECUTION_RECEIPT_V0_1_20260609.txt","Structured root ROOT_HOUSE_WORK file was missing from matching git lane.","8EF88083845DD3AEFFCB0D08191000EFD388A9A89BDABC72E9E8E7514E598321","1518"
"MOVED_STRUCTURED_ROOT_FILE_TO_REPO_LANE","C:\Users\13527\Desktop\123\HOUSE_WORK\PROJECT_COMMAND_CENTER_UI_LANE\HELPER_FILE_SURFACE_PREFLIGHT_20260606\HSRB_005_ROOT_HELD_ROUTE_OR_HOLD_AND_CUSTODY_FAMILY_DISPOSITION_INDEX_NO_EXECUTION_V0_1_20260609.csv","C:\Users\13527\Desktop\123\Jxhnny_Kl33N_Seedz\HOUSE_WORK\PROJECT_COMMAND_CENTER_UI_LANE\HELPER_FILE_SURFACE_PREFLIGHT_20260606\HSRB_005_ROOT_HELD_ROUTE_OR_HOLD_AND_CUSTODY_FAMILY_DISPOSITION_INDEX_NO_EXECUTION_V0_1_20260609.csv","Structured root ROOT_HOUSE_WORK file was missing from matching git lane.","74BA38799C2F9EB0AD7D70E5B2FFCE01DA458AB81896671913A247A6BA8B55B9","17675"
"MOVED_STRUCTURED_ROOT_FILE_TO_REPO_LANE","C:\Users\13527\Desktop\123\HOUSE_WORK\PROJECT_COMMAND_CENTER_UI_LANE\HELPER_FILE_SURFACE_PREFLIGHT_20260606\HSRB_005_ROOT_HELD_ROUTE_OR_HOLD_AND_CUSTODY_FAMILY_DISPOSITION_INDEX_NO_EXECUTION_V0_1_20260609.md","C:\Users\13527\Desktop\123\Jxhnny_Kl33N_Seedz\HOUSE_WORK\PROJECT_COMMAND_CENTER_UI_LANE\HELPER_FILE_SURFACE_PREFLIGHT_20260606\HSRB_005_ROOT_HELD_ROUTE_OR_HOLD_AND_CUSTODY_FAMILY_DISPOSITION_INDEX_NO_EXECUTION_V0_1_20260609.md","Structured root ROOT_HOUSE_WORK file was missing from matching git lane.","CED107B4E43A515D0FB2A49E94FF3A89B08A2F0B05206B02B8FE5B33EFD9D44D","9194"
"MOVED_STRUCTURED_ROOT_FILE_TO_REPO_LANE","C:\Users\13527\Desktop\123\HOUSE_WORK\PROJECT_COMMAND_CENTER_UI_LANE\HELPER_FILE_SURFACE_PREFLIGHT_20260606\HSRB_005_STATIC_REVIEW_DECISION_CLOSEOUT_CONTRACT_FIRST_NO_EXECUTION_COPY_PRINT_V0_1_20260609.txt","C:\Users\13527\Desktop\123\Jxhnny_Kl33N_Seedz\HOUSE_WORK\PROJECT_COMMAND_CENTER_UI_LANE\HELPER_FILE_SURFACE_PREFLIGHT_20260606\HSRB_005_STATIC_REVIEW_DECISION_CLOSEOUT_CONTRACT_FIRST_NO_EXECUTION_COPY_PRINT_V0_1_20260609.txt","Structured root ROOT_HOUSE_WORK file was missing from matching git lane.","9FE9CFE627BCED47336767D717C93B0F7C33D7D40A646BA1393EAD922C7C77C0","2225"
"MOVED_STRUCTURED_ROOT_FILE_TO_REPO_LANE","C:\Users\13527\Desktop\123\HOUSE_WORK\PROJECT_COMMAND_CENTER_UI_LANE\HELPER_FILE_SURFACE_PREFLIGHT_20260606\HSRB_005_STATIC_REVIEW_DECISION_CLOSEOUT_CONTRACT_FIRST_NO_EXECUTION_COPY_PRINT_V0_3_20260609.txt","C:\Users\13527\Desktop\123\Jxhnny_Kl33N_Seedz\HOUSE_WORK\PROJECT_COMMAND_CENTER_UI_LANE\HELPER_FILE_SURFACE_PREFLIGHT_20260606\HSRB_005_STATIC_REVIEW_DECISION_CLOSEOUT_CONTRACT_FIRST_NO_EXECUTION_COPY_PRINT_V0_3_20260609.txt","Structured root ROOT_HOUSE_WORK file was missing from matching git lane.","F0A1BB7968DCC5E0B9D6A76A4565B64F90DDBB7E8AE68C1C952A54497FD50D0E","7478"
"MOVED_STRUCTURED_ROOT_FILE_TO_REPO_LANE","C:\Users\13527\Desktop\123\HOUSE_WORK\PROJECT_COMMAND_CENTER_UI_LANE\HELPER_FILE_SURFACE_PREFLIGHT_20260606\HSRB_005_STATIC_REVIEW_DECISION_CLOSEOUT_CONTRACT_FIRST_NO_EXECUTION_COPY_PRINT_V0_4_20260609.txt","C:\Users\13527\Desktop\123\Jxhnny_Kl33N_Seedz\HOUSE_WORK\PROJECT_COMMAND_CENTER_UI_LANE\HELPER_FILE_SURFACE_PREFLIGHT_20260606\HSRB_005_STATIC_REVIEW_DECISION_CLOSEOUT_CONTRACT_FIRST_NO_EXECUTION_COPY_PRINT_V0_4_20260609.txt","Structured root ROOT_HOUSE_WORK file was missing from matching git lane.","81FA4190769520E4324D40FE6820C7B1322475B62EFD9E86B03A92235C28F3A4","7706"
"MOVED_STRUCTURED_ROOT_FILE_TO_REPO_LANE","C:\Users\13527\Desktop\123\HOUSE_WORK\PROJECT_COMMAND_CENTER_UI_LANE\HELPER_FILE_SURFACE_PREFLIGHT_20260606\HSRB_005_STATIC_REVIEW_DECISION_CLOSEOUT_CONTRACT_FIRST_NO_EXECUTION_RECEIPT_V0_1_20260609.txt","C:\Users\13527\Desktop\123\Jxhnny_Kl33N_Seedz\HOUSE_WORK\PROJECT_COMMAND_CENTER_UI_LANE\HELPER_FILE_SURFACE_PREFLIGHT_20260606\HSRB_005_STATIC_REVIEW_DECISION_CLOSEOUT_CONTRACT_FIRST_NO_EXECUTION_RECEIPT_V0_1_20260609.txt","Structured root ROOT_HOUSE_WORK file was missing from matching git lane.","E46BE8851470ACA21AE5EBE2E5532043F9F6FABD573EFE5AB73F24192E950A03","1250"
"MOVED_STRUCTURED_ROOT_FILE_TO_REPO_LANE","C:\Users\13527\Desktop\123\HOUSE_WORK\PROJECT_COMMAND_CENTER_UI_LANE\HELPER_FILE_SURFACE_PREFLIGHT_20260606\HSRB_005_STATIC_REVIEW_DECISION_CLOSEOUT_CONTRACT_FIRST_NO_EXECUTION_RECEIPT_V0_3_20260609.txt","C:\Users\13527\Desktop\123\Jxhnny_Kl33N_Seedz\HOUSE_WORK\PROJECT_COMMAND_CENTER_UI_LANE\HELPER_FILE_SURFACE_PREFLIGHT_20260606\HSRB_005_STATIC_REVIEW_DECISION_CLOSEOUT_CONTRACT_FIRST_NO_EXECUTION_RECEIPT_V0_3_20260609.txt","Structured root ROOT_HOUSE_WORK file was missing from matching git lane.","64DCC03BA1F57FDF442B6665C5D9D63BEB6DBED4E936F676E05E25BD062F4FA1","2846"
"MOVED_STRUCTURED_ROOT_FILE_TO_REPO_LANE","C:\Users\13527\Desktop\123\HOUSE_WORK\PROJECT_COMMAND_CENTER_UI_LANE\HELPER_FILE_SURFACE_PREFLIGHT_20260606\HSRB_005_STATIC_REVIEW_DECISION_CLOSEOUT_CONTRACT_FIRST_NO_EXECUTION_RECEIPT_V0_4_20260609.txt","C:\Users\13527\Desktop\123\Jxhnny_Kl33N_Seedz\HOUSE_WORK\PROJECT_COMMAND_CENTER_UI_LANE\HELPER_FILE_SURFACE_PREFLIGHT_20260606\HSRB_005_STATIC_REVIEW_DECISION_CLOSEOUT_CONTRACT_FIRST_NO_EXECUTION_RECEIPT_V0_4_20260609.txt","Structured root ROOT_HOUSE_WORK file was missing from matching git lane.","1BA6FB6E39633C8D6759580B1433928719C5C8C74E8F0C7743AA94DBD365FDEE","2743"
"MOVED_STRUCTURED_ROOT_FILE_TO_REPO_LANE","C:\Users\13527\Desktop\123\HOUSE_WORK\PROJECT_COMMAND_CENTER_UI_LANE\HELPER_FILE_SURFACE_PREFLIGHT_20260606\HSRB_005_STATIC_REVIEW_DECISION_CLOSEOUT_CONTRACT_FIRST_NO_EXECUTION_V0_1_20260609.md","C:\Users\13527\Desktop\123\Jxhnny_Kl33N_Seedz\HOUSE_WORK\PROJECT_COMMAND_CENTER_UI_LANE\HELPER_FILE_SURFACE_PREFLIGHT_20260606\HSRB_005_STATIC_REVIEW_DECISION_CLOSEOUT_CONTRACT_FIRST_NO_EXECUTION_V0_1_20260609.md","Structured root ROOT_HOUSE_WORK file was missing from matching git lane.","9FE9CFE627BCED47336767D717C93B0F7C33D7D40A646BA1393EAD922C7C77C0","2225"
"MOVED_STRUCTURED_ROOT_FILE_TO_REPO_LANE","C:\Users\13527\Desktop\123\HOUSE_WORK\PROJECT_COMMAND_CENTER_UI_LANE\HELPER_FILE_SURFACE_PREFLIGHT_20260606\HSRB_005_STATIC_REVIEW_DECISION_CLOSEOUT_CONTRACT_FIRST_NO_EXECUTION_V0_3_20260609.md","C:\Users\13527\Desktop\123\Jxhnny_Kl33N_Seedz\HOUSE_WORK\PROJECT_COMMAND_CENTER_UI_LANE\HELPER_FILE_SURFACE_PREFLIGHT_20260606\HSRB_005_STATIC_REVIEW_DECISION_CLOSEOUT_CONTRACT_FIRST_NO_EXECUTION_V0_3_20260609.md","Structured root ROOT_HOUSE_WORK file was missing from matching git lane.","F0A1BB7968DCC5E0B9D6A76A4565B64F90DDBB7E8AE68C1C952A54497FD50D0E","7478"
"MOVED_STRUCTURED_ROOT_FILE_TO_REPO_LANE","C:\Users\13527\Desktop\123\HOUSE_WORK\PROJECT_COMMAND_CENTER_UI_LANE\HELPER_FILE_SURFACE_PREFLIGHT_20260606\HSRB_005_STATIC_REVIEW_DECISION_CLOSEOUT_CONTRACT_FIRST_NO_EXECUTION_V0_4_20260609.md","C:\Users\13527\Desktop\123\Jxhnny_Kl33N_Seedz\HOUSE_WORK\PROJECT_COMMAND_CENTER_UI_LANE\HELPER_FILE_SURFACE_PREFLIGHT_20260606\HSRB_005_STATIC_REVIEW_DECISION_CLOSEOUT_CONTRACT_FIRST_NO_EXECUTION_V0_4_20260609.md","Structured root ROOT_HOUSE_WORK file was missing from matching git lane.","81FA4190769520E4324D40FE6820C7B1322475B62EFD9E86B03A92235C28F3A4","7706"
"MOVED_STRUCTURED_ROOT_FILE_TO_REPO_LANE","C:\Users\13527\Desktop\123\HOUSE_WORK\PROJECT_COMMAND_CENTER_UI_LANE\HELPER_FILE_SURFACE_PREFLIGHT_20260606\HSRB_005_STATIC_REVIEW_DECISION_CLOSEOUT_CONTRACT_FIRST_RISK_MARKER_INDEX_V0_1_20260609.csv","C:\Users\13527\Desktop\123\Jxhnny_Kl33N_Seedz\HOUSE_WORK\PROJECT_COMMAND_CENTER_UI_LANE\HELPER_FILE_SURFACE_PREFLIGHT_20260606\HSRB_005_STATIC_REVIEW_DECISION_CLOSEOUT_CONTRACT_FIRST_RISK_MARKER_INDEX_V0_1_20260609.csv","Structured root ROOT_HOUSE_WORK file was missing from matching git lane.","489184233B5FBA46F625BCBA8519C0FE0E4BAAD52C7609C7F48DE67A0320EB68","12906"
"MOVED_STRUCTURED_ROOT_FILE_TO_REPO_LANE","C:\Users\13527\Desktop\123\HOUSE_WORK\PROJECT_COMMAND_CENTER_UI_LANE\HELPER_FILE_SURFACE_PREFLIGHT_20260606\HSRB_005_STATIC_REVIEW_DECISION_CLOSEOUT_CONTRACT_FIRST_RISK_MARKER_INDEX_V0_3_20260609.csv","C:\Users\13527\Desktop\123\Jxhnny_Kl33N_Seedz\HOUSE_WORK\PROJECT_COMMAND_CENTER_UI_LANE\HELPER_FILE_SURFACE_PREFLIGHT_20260606\HSRB_005_STATIC_REVIEW_DECISION_CLOSEOUT_CONTRACT_FIRST_RISK_MARKER_INDEX_V0_3_20260609.csv","Structured root ROOT_HOUSE_WORK file was missing from matching git lane.","79F3EBD5DA7541D3422FFC21C2FC57B01A941780FB91DAB9E9B4D07C4B39C74B","14748"
"MOVED_STRUCTURED_ROOT_FILE_TO_REPO_LANE","C:\Users\13527\Desktop\123\HOUSE_WORK\PROJECT_COMMAND_CENTER_UI_LANE\HELPER_FILE_SURFACE_PREFLIGHT_20260606\HSRB_005_STATIC_REVIEW_DECISION_CLOSEOUT_CONTRACT_FIRST_RISK_MARKER_INDEX_V0_4_20260609.csv","C:\Users\13527\Desktop\123\Jxhnny_Kl33N_Seedz\HOUSE_WORK\PROJECT_COMMAND_CENTER_UI_LANE\HELPER_FILE_SURFACE_PREFLIGHT_20260606\HSRB_005_STATIC_REVIEW_DECISION_CLOSEOUT_CONTRACT_FIRST_RISK_MARKER_INDEX_V0_4_20260609.csv","Structured root ROOT_HOUSE_WORK file was missing from matching git lane.","79F3EBD5DA7541D3422FFC21C2FC57B01A941780FB91DAB9E9B4D07C4B39C74B","14748"
"MOVED_STRUCTURED_ROOT_FILE_TO_REPO_LANE","C:\Users\13527\Desktop\123\HOUSE_WORK\PROJECT_COMMAND_CENTER_UI_LANE\HELPER_FILE_SURFACE_PREFLIGHT_20260606\HSRB_006_REMAINING_HELPER_REVIEW_QUEUE_FAMILY_DISPOSITION_INDEX_CLOSEOUT_NO_EXECUTION_COPY_PRINT_V0_1_20260609.txt","C:\Users\13527\Desktop\123\Jxhnny_Kl33N_Seedz\HOUSE_WORK\PROJECT_COMMAND_CENTER_UI_LANE\HELPER_FILE_SURFACE_PREFLIGHT_20260606\HSRB_006_REMAINING_HELPER_REVIEW_QUEUE_FAMILY_DISPOSITION_INDEX_CLOSEOUT_NO_EXECUTION_COPY_PRINT_V0_1_20260609.txt","Structured root ROOT_HOUSE_WORK file was missing from matching git lane.","7B7AB9B53CDB7271A8EAE6C6EF2A4C649F05D0A182F1A01BB5A9F534B4D4ABDD","7950"
"MOVED_STRUCTURED_ROOT_FILE_TO_REPO_LANE","C:\Users\13527\Desktop\123\HOUSE_WORK\PROJECT_COMMAND_CENTER_UI_LANE\HELPER_FILE_SURFACE_PREFLIGHT_20260606\HSRB_006_REMAINING_HELPER_REVIEW_QUEUE_FAMILY_DISPOSITION_INDEX_CLOSEOUT_NO_EXECUTION_RECEIPT_V0_1_20260609.txt","C:\Users\13527\Desktop\123\Jxhnny_Kl33N_Seedz\HOUSE_WORK\PROJECT_COMMAND_CENTER_UI_LANE\HELPER_FILE_SURFACE_PREFLIGHT_20260606\HSRB_006_REMAINING_HELPER_REVIEW_QUEUE_FAMILY_DISPOSITION_INDEX_CLOSEOUT_NO_EXECUTION_RECEIPT_V0_1_20260609.txt","Structured root ROOT_HOUSE_WORK file was missing from matching git lane.","7C9F04A76EF8767C9889B61F3956B11220B5F83272429DBEB50F07FC7872123A","1445"
"MOVED_STRUCTURED_ROOT_FILE_TO_REPO_LANE","C:\Users\13527\Desktop\123\HOUSE_WORK\PROJECT_COMMAND_CENTER_UI_LANE\HELPER_FILE_SURFACE_PREFLIGHT_20260606\HSRB_006_REMAINING_HELPER_REVIEW_QUEUE_FAMILY_DISPOSITION_INDEX_CLOSEOUT_NO_EXECUTION_V0_1_20260609.md","C:\Users\13527\Desktop\123\Jxhnny_Kl33N_Seedz\HOUSE_WORK\PROJECT_COMMAND_CENTER_UI_LANE\HELPER_FILE_SURFACE_PREFLIGHT_20260606\HSRB_006_REMAINING_HELPER_REVIEW_QUEUE_FAMILY_DISPOSITION_INDEX_CLOSEOUT_NO_EXECUTION_V0_1_20260609.md","Structured root ROOT_HOUSE_WORK file was missing from matching git lane.","7B7AB9B53CDB7271A8EAE6C6EF2A4C649F05D0A182F1A01BB5A9F534B4D4ABDD","7950"
"MOVED_STRUCTURED_ROOT_FILE_TO_REPO_LANE","C:\Users\13527\Desktop\123\HOUSE_WORK\PROJECT_COMMAND_CENTER_UI_LANE\HELPER_FILE_SURFACE_PREFLIGHT_20260606\HSRB_006_REMAINING_HELPER_REVIEW_QUEUE_FAMILY_DISPOSITION_INDEX_NO_EXECUTION_COPY_PRINT_V0_1_20260609.txt","C:\Users\13527\Desktop\123\Jxhnny_Kl33N_Seedz\HOUSE_WORK\PROJECT_COMMAND_CENTER_UI_LANE\HELPER_FILE_SURFACE_PREFLIGHT_20260606\HSRB_006_REMAINING_HELPER_REVIEW_QUEUE_FAMILY_DISPOSITION_INDEX_NO_EXECUTION_COPY_PRINT_V0_1_20260609.txt","Structured root ROOT_HOUSE_WORK file was missing from matching git lane.","6E9499982350434EEDF0EF326B40140DF3A04143F7372C6097506EEFF4CC68D5","13415"
"MOVED_STRUCTURED_ROOT_FILE_TO_REPO_LANE","C:\Users\13527\Desktop\123\HOUSE_WORK\PROJECT_COMMAND_CENTER_UI_LANE\HELPER_FILE_SURFACE_PREFLIGHT_20260606\HSRB_006_REMAINING_HELPER_REVIEW_QUEUE_FAMILY_DISPOSITION_INDEX_NO_EXECUTION_RECEIPT_V0_1_20260609.txt","C:\Users\13527\Desktop\123\Jxhnny_Kl33N_Seedz\HOUSE_WORK\PROJECT_COMMAND_CENTER_UI_LANE\HELPER_FILE_SURFACE_PREFLIGHT_20260606\HSRB_006_REMAINING_HELPER_REVIEW_QUEUE_FAMILY_DISPOSITION_INDEX_NO_EXECUTION_RECEIPT_V0_1_20260609.txt","Structured root ROOT_HOUSE_WORK file was missing from matching git lane.","52DE3560FA633D5C5558004235B26B572F788F8BEF32B2BCCDB45D128F2DD083","1546"
"MOVED_STRUCTURED_ROOT_FILE_TO_REPO_LANE","C:\Users\13527\Desktop\123\HOUSE_WORK\PROJECT_COMMAND_CENTER_UI_LANE\HELPER_FILE_SURFACE_PREFLIGHT_20260606\HSRB_006_REMAINING_HELPER_REVIEW_QUEUE_FAMILY_DISPOSITION_INDEX_NO_EXECUTION_V0_1_20260609.csv","C:\Users\13527\Desktop\123\Jxhnny_Kl33N_Seedz\HOUSE_WORK\PROJECT_COMMAND_CENTER_UI_LANE\HELPER_FILE_SURFACE_PREFLIGHT_20260606\HSRB_006_REMAINING_HELPER_REVIEW_QUEUE_FAMILY_DISPOSITION_INDEX_NO_EXECUTION_V0_1_20260609.csv","Structured root ROOT_HOUSE_WORK file was missing from matching git lane.","35C86C1E8BB057F84EC58D3F48457227391AE4C494613565B1DC262BFF3428AF","29969"
"MOVED_STRUCTURED_ROOT_FILE_TO_REPO_LANE","C:\Users\13527\Desktop\123\HOUSE_WORK\PROJECT_COMMAND_CENTER_UI_LANE\HELPER_FILE_SURFACE_PREFLIGHT_20260606\HSRB_006_REMAINING_HELPER_REVIEW_QUEUE_FAMILY_DISPOSITION_INDEX_NO_EXECUTION_V0_1_20260609.md","C:\Users\13527\Desktop\123\Jxhnny_Kl33N_Seedz\HOUSE_WORK\PROJECT_COMMAND_CENTER_UI_LANE\HELPER_FILE_SURFACE_PREFLIGHT_20260606\HSRB_006_REMAINING_HELPER_REVIEW_QUEUE_FAMILY_DISPOSITION_INDEX_NO_EXECUTION_V0_1_20260609.md","Structured root ROOT_HOUSE_WORK file was missing from matching git lane.","6E9499982350434EEDF0EF326B40140DF3A04143F7372C6097506EEFF4CC68D5","13415"
"MOVED_STRUCTURED_ROOT_FILE_TO_REPO_LANE","C:\Users\13527\Desktop\123\HOUSE_WORK\PROJECT_COMMAND_CENTER_UI_LANE\HELPER_FILE_SURFACE_PREFLIGHT_20260606\HSRB_006_STATIC_REVIEW_DECISION_CLOSEOUT_CONTRACT_FIRST_NO_EXECUTION_COPY_PRINT_V0_1_20260609.txt","C:\Users\13527\Desktop\123\Jxhnny_Kl33N_Seedz\HOUSE_WORK\PROJECT_COMMAND_CENTER_UI_LANE\HELPER_FILE_SURFACE_PREFLIGHT_20260606\HSRB_006_STATIC_REVIEW_DECISION_CLOSEOUT_CONTRACT_FIRST_NO_EXECUTION_COPY_PRINT_V0_1_20260609.txt","Structured root ROOT_HOUSE_WORK file was missing from matching git lane.","8CDE31CC3740F47788729E66B8D95011E6A4B524E186B6B3BA7890F4656D1E65","1807"
"MOVED_STRUCTURED_ROOT_FILE_TO_REPO_LANE","C:\Users\13527\Desktop\123\HOUSE_WORK\PROJECT_COMMAND_CENTER_UI_LANE\HELPER_FILE_SURFACE_PREFLIGHT_20260606\HSRB_006_STATIC_REVIEW_DECISION_CLOSEOUT_CONTRACT_FIRST_NO_EXECUTION_RECEIPT_V0_1_20260609.txt","C:\Users\13527\Desktop\123\Jxhnny_Kl33N_Seedz\HOUSE_WORK\PROJECT_COMMAND_CENTER_UI_LANE\HELPER_FILE_SURFACE_PREFLIGHT_20260606\HSRB_006_STATIC_REVIEW_DECISION_CLOSEOUT_CONTRACT_FIRST_NO_EXECUTION_RECEIPT_V0_1_20260609.txt","Structured root ROOT_HOUSE_WORK file was missing from matching git lane.","EA8811B7E9A7639EF7E79E32D21EE5D2C68678F0D35451162A590EA7D4559E10","1182"
"MOVED_STRUCTURED_ROOT_FILE_TO_REPO_LANE","C:\Users\13527\Desktop\123\HOUSE_WORK\PROJECT_COMMAND_CENTER_UI_LANE\HELPER_FILE_SURFACE_PREFLIGHT_20260606\HSRB_006_STATIC_REVIEW_DECISION_CLOSEOUT_CONTRACT_FIRST_NO_EXECUTION_V0_1_20260609.md","C:\Users\13527\Desktop\123\Jxhnny_Kl33N_Seedz\HOUSE_WORK\PROJECT_COMMAND_CENTER_UI_LANE\HELPER_FILE_SURFACE_PREFLIGHT_20260606\HSRB_006_STATIC_REVIEW_DECISION_CLOSEOUT_CONTRACT_FIRST_NO_EXECUTION_V0_1_20260609.md","Structured root ROOT_HOUSE_WORK file was missing from matching git lane.","8CDE31CC3740F47788729E66B8D95011E6A4B524E186B6B3BA7890F4656D1E65","1807"
"MOVED_STRUCTURED_ROOT_FILE_TO_REPO_LANE","C:\Users\13527\Desktop\123\HOUSE_WORK\PROJECT_COMMAND_CENTER_UI_LANE\HELPER_FILE_SURFACE_PREFLIGHT_20260606\HSRB_006_STATIC_REVIEW_DECISION_CLOSEOUT_CONTRACT_FIRST_RISK_MARKER_INDEX_V0_1_20260609.csv","C:\Users\13527\Desktop\123\Jxhnny_Kl33N_Seedz\HOUSE_WORK\PROJECT_COMMAND_CENTER_UI_LANE\HELPER_FILE_SURFACE_PREFLIGHT_20260606\HSRB_006_STATIC_REVIEW_DECISION_CLOSEOUT_CONTRACT_FIRST_RISK_MARKER_INDEX_V0_1_20260609.csv","Structured root ROOT_HOUSE_WORK file was missing from matching git lane.","8EBE36440FC6355F1C2F805F5E7DFB4CECF9F41D3378C0CE8293981FA4BE4D5B","9436"
"MOVED_STRUCTURED_ROOT_FILE_TO_REPO_LANE","C:\Users\13527\Desktop\123\HOUSE_WORK\PROJECT_COMMAND_CENTER_UI_LANE\HELPER_FILE_SURFACE_PREFLIGHT_20260606\INDEX__GENERATED_POWERSHELL_COLLECTION_PARAMETER_BINDING_DEFECT_NO_EXECUTION_20260609.csv","C:\Users\13527\Desktop\123\Jxhnny_Kl33N_Seedz\HOUSE_WORK\PROJECT_COMMAND_CENTER_UI_LANE\HELPER_FILE_SURFACE_PREFLIGHT_20260606\INDEX__GENERATED_POWERSHELL_COLLECTION_PARAMETER_BINDING_DEFECT_NO_EXECUTION_20260609.csv","Structured root ROOT_HOUSE_WORK file was missing from matching git lane.","0DA2358D1217B81FFBDAB39123DC359B3FAE46E6210D5FDD5826F3D59E34EDF3","18437"
"MOVED_STRUCTURED_ROOT_FILE_TO_REPO_LANE","C:\Users\13527\Desktop\123\HOUSE_WORK\PROJECT_COMMAND_CENTER_UI_LANE\HELPER_FILE_SURFACE_PREFLIGHT_20260606\INDEX__GENERATED_POWERSHELL_COLLECTION_PARAMETER_BINDING_DEFECT_NO_EXECUTION_20260609.md","C:\Users\13527\Desktop\123\Jxhnny_Kl33N_Seedz\HOUSE_WORK\PROJECT_COMMAND_CENTER_UI_LANE\HELPER_FILE_SURFACE_PREFLIGHT_20260606\INDEX__GENERATED_POWERSHELL_COLLECTION_PARAMETER_BINDING_DEFECT_NO_EXECUTION_20260609.md","Structured root ROOT_HOUSE_WORK file was missing from matching git lane.","CD6931EE9295D493E04BF0C75791FB0656A6F6DEAEE6BCD3C315948AE1BFE3C0","4984"
"MOVED_STRUCTURED_ROOT_FILE_TO_REPO_LANE","C:\Users\13527\Desktop\123\HOUSE_WORK\PROJECT_COMMAND_CENTER_UI_LANE\HELPER_FILE_SURFACE_PREFLIGHT_20260606\INDEXED_GROUP_ACCESSION_AND_PHYSICAL_ROUTE_RECEIPT_20260608.md","C:\Users\13527\Desktop\123\Jxhnny_Kl33N_Seedz\HOUSE_WORK\PROJECT_COMMAND_CENTER_UI_LANE\HELPER_FILE_SURFACE_PREFLIGHT_20260606\INDEXED_GROUP_ACCESSION_AND_PHYSICAL_ROUTE_RECEIPT_20260608.md","Structured root ROOT_HOUSE_WORK file was missing from matching git lane.","7E09F700398F023B08DC7CFF3EB372C0C29BF0C642BFDF3D7E1DF4649653891E","15349"
"MOVED_STRUCTURED_ROOT_FILE_TO_REPO_LANE","C:\Users\13527\Desktop\123\HOUSE_WORK\PROJECT_COMMAND_CENTER_UI_LANE\HELPER_FILE_SURFACE_PREFLIGHT_20260606\INDEXED_GROUP_PROOF_HISTORY_INDEX_RECEIPT_20260608.md","C:\Users\13527\Desktop\123\Jxhnny_Kl33N_Seedz\HOUSE_WORK\PROJECT_COMMAND_CENTER_UI_LANE\HELPER_FILE_SURFACE_PREFLIGHT_20260606\INDEXED_GROUP_PROOF_HISTORY_INDEX_RECEIPT_20260608.md","Structured root ROOT_HOUSE_WORK file was missing from matching git lane.","2DF470010B1A57346729FF9DEF2844A1EE0F958F804464AF157E402413DE76E8","10773"
"MOVED_STRUCTURED_ROOT_FILE_TO_REPO_LANE","C:\Users\13527\Desktop\123\HOUSE_WORK\PROJECT_COMMAND_CENTER_UI_LANE\HELPER_FILE_SURFACE_PREFLIGHT_20260606\INVALIDATION__FALSE_COMPLETE_CREATE_SIX_DESTINATION_PARENT_FOLDERS_ONLY_20260609_20260609_182450.md","C:\Users\13527\Desktop\123\Jxhnny_Kl33N_Seedz\HOUSE_WORK\PROJECT_COMMAND_CENTER_UI_LANE\HELPER_FILE_SURFACE_PREFLIGHT_20260606\INVALIDATION__FALSE_COMPLETE_CREATE_SIX_DESTINATION_PARENT_FOLDERS_ONLY_20260609_20260609_182450.md","Structured root ROOT_HOUSE_WORK file was missing from matching git lane.","FFBEFA8B681F5FB4944CB1BF151EAAB25562A7782380B30EFF24BC06BAB2D9BF","2122"
"MOVED_STRUCTURED_ROOT_FILE_TO_REPO_LANE","C:\Users\13527\Desktop\123\HOUSE_WORK\PROJECT_COMMAND_CENTER_UI_LANE\HELPER_FILE_SURFACE_PREFLIGHT_20260606\LEFT_DESKTOP_INI_LEAVE_RECEIPT_20260608.md","C:\Users\13527\Desktop\123\Jxhnny_Kl33N_Seedz\HOUSE_WORK\PROJECT_COMMAND_CENTER_UI_LANE\HELPER_FILE_SURFACE_PREFLIGHT_20260606\LEFT_DESKTOP_INI_LEAVE_RECEIPT_20260608.md","Structured root ROOT_HOUSE_WORK file was missing from matching git lane.","2EE95495C30FBD578827E41B2E7316D8625F920561ACD3CE89620AEA403FF304","5050"
"MOVED_STRUCTURED_ROOT_FILE_TO_REPO_LANE","C:\Users\13527\Desktop\123\HOUSE_WORK\PROJECT_COMMAND_CENTER_UI_LANE\HELPER_FILE_SURFACE_PREFLIGHT_20260606\LOOSE_ROOT_DISPOSITION_CLOSEOUT_SUMMARY_20260608.md","C:\Users\13527\Desktop\123\Jxhnny_Kl33N_Seedz\HOUSE_WORK\PROJECT_COMMAND_CENTER_UI_LANE\HELPER_FILE_SURFACE_PREFLIGHT_20260606\LOOSE_ROOT_DISPOSITION_CLOSEOUT_SUMMARY_20260608.md","Structured root ROOT_HOUSE_WORK file was missing from matching git lane.","3D00EB20FCEEA43B39C62B4EFFC999A7DCFC52425DFE1F2EA90CBBAEE4B575CF","4222"
"MOVED_STRUCTURED_ROOT_FILE_TO_REPO_LANE","C:\Users\13527\Desktop\123\HOUSE_WORK\PROJECT_COMMAND_CENTER_UI_LANE\HELPER_FILE_SURFACE_PREFLIGHT_20260606\LOOSE_ROOT_PENDING_FAMILY_REVIEW_20260608.md","C:\Users\13527\Desktop\123\Jxhnny_Kl33N_Seedz\HOUSE_WORK\PROJECT_COMMAND_CENTER_UI_LANE\HELPER_FILE_SURFACE_PREFLIGHT_20260606\LOOSE_ROOT_PENDING_FAMILY_REVIEW_20260608.md","Structured root ROOT_HOUSE_WORK file was missing from matching git lane.","FE6036604DFCB72B7F8A8D8643F90DAA11CF61DD0B3E5F3E43BAF726137180E6","23086"
"MOVED_STRUCTURED_ROOT_FILE_TO_REPO_LANE","C:\Users\13527\Desktop\123\HOUSE_WORK\PROJECT_COMMAND_CENTER_UI_LANE\HELPER_FILE_SURFACE_PREFLIGHT_20260606\MANUAL_FINDING__64_ROW_HELPER_REVIEW_QUEUE_COVERAGE_CONFIRMED_BY_FILENAME_HSRB_002_DUPLICATE_RESIDUE_20260609.md","C:\Users\13527\Desktop\123\Jxhnny_Kl33N_Seedz\HOUSE_WORK\PROJECT_COMMAND_CENTER_UI_LANE\HELPER_FILE_SURFACE_PREFLIGHT_20260606\MANUAL_FINDING__64_ROW_HELPER_REVIEW_QUEUE_COVERAGE_CONFIRMED_BY_FILENAME_HSRB_002_DUPLICATE_RESIDUE_20260609.md","Structured root ROOT_HOUSE_WORK file was missing from matching git lane.","17E8577E76CBDC5D446E4835E4D583FF9221BBAC24DC4679B3219D5FAA4715B0","2601"
"REMOVED_ROOT_DUPLICATE_AFTER_HASH_MATCH","C:\Users\13527\Desktop\123\HOUSE_WORK\PROJECT_COMMAND_CENTER_UI_LANE\HELPER_FILE_SURFACE_PREFLIGHT_20260606\MULE_RECEIPT__HELPER_FILE_SURFACE_PREFLIGHT_20260606.md","C:\Users\13527\Desktop\123\Jxhnny_Kl33N_Seedz\HOUSE_WORK\PROJECT_COMMAND_CENTER_UI_LANE\HELPER_FILE_SURFACE_PREFLIGHT_20260606\MULE_RECEIPT__HELPER_FILE_SURFACE_PREFLIGHT_20260606.md","Same relative path and SHA256 already present in repo for ROOT_HOUSE_WORK.","5D99B080C1AD35C4E092F3DCFE02819865358775E1B5F15A72543CC0A01D7E02","5785"
"REMOVED_ROOT_DUPLICATE_AFTER_HASH_MATCH","C:\Users\13527\Desktop\123\HOUSE_WORK\PROJECT_COMMAND_CENTER_UI_LANE\HELPER_FILE_SURFACE_PREFLIGHT_20260606\MULE_WORKING_ORDER__HELPER_FILE_SURFACE_PREFLIGHT_AND_BOUNDED_OUTSIDE_SOURCE_RULE_20260606.md","C:\Users\13527\Desktop\123\Jxhnny_Kl33N_Seedz\HOUSE_WORK\PROJECT_COMMAND_CENTER_UI_LANE\HELPER_FILE_SURFACE_PREFLIGHT_20260606\MULE_WORKING_ORDER__HELPER_FILE_SURFACE_PREFLIGHT_AND_BOUNDED_OUTSIDE_SOURCE_RULE_20260606.md","Same relative path and SHA256 already present in repo for ROOT_HOUSE_WORK.","8C51B0AA270A4D03571B1FC65C8C8A9E055F34E32FDD1635488D834F75267E84","8863"
"MOVED_STRUCTURED_ROOT_FILE_TO_REPO_LANE","C:\Users\13527\Desktop\123\HOUSE_WORK\PROJECT_COMMAND_CENTER_UI_LANE\HELPER_FILE_SURFACE_PREFLIGHT_20260606\PARENT_STATE__64_ROW_HELPER_REVIEW_QUEUE_RETURN_TO_ROOT_HELD_ROUTE_PLAN_PAUSE_20260609.md","C:\Users\13527\Desktop\123\Jxhnny_Kl33N_Seedz\HOUSE_WORK\PROJECT_COMMAND_CENTER_UI_LANE\HELPER_FILE_SURFACE_PREFLIGHT_20260606\PARENT_STATE__64_ROW_HELPER_REVIEW_QUEUE_RETURN_TO_ROOT_HELD_ROUTE_PLAN_PAUSE_20260609.md","Structured root ROOT_HOUSE_WORK file was missing from matching git lane.","D9921F870982E6BD3C3323CE72A42D268069E18A5DE58356B59008F1C80D0E23","2337"
"MOVED_STRUCTURED_ROOT_FILE_TO_REPO_LANE","C:\Users\13527\Desktop\123\HOUSE_WORK\PROJECT_COMMAND_CENTER_UI_LANE\HELPER_FILE_SURFACE_PREFLIGHT_20260606\PAST_7_DAY_FILE_INVENTORY_TABLE_20260608.csv","C:\Users\13527\Desktop\123\Jxhnny_Kl33N_Seedz\HOUSE_WORK\PROJECT_COMMAND_CENTER_UI_LANE\HELPER_FILE_SURFACE_PREFLIGHT_20260606\PAST_7_DAY_FILE_INVENTORY_TABLE_20260608.csv","Structured root ROOT_HOUSE_WORK file was missing from matching git lane.","6EECFD8EEEF653D1081034C4D21A90DB20F4BD7B3215E9A8F3BB1A36B85584B6","2339011"
"MOVED_STRUCTURED_ROOT_FILE_TO_REPO_LANE","C:\Users\13527\Desktop\123\HOUSE_WORK\PROJECT_COMMAND_CENTER_UI_LANE\HELPER_FILE_SURFACE_PREFLIGHT_20260606\PAST_7_DAY_FULL_WASH_READ_ONLY_CLASSIFICATION_20260608.md","C:\Users\13527\Desktop\123\Jxhnny_Kl33N_Seedz\HOUSE_WORK\PROJECT_COMMAND_CENTER_UI_LANE\HELPER_FILE_SURFACE_PREFLIGHT_20260606\PAST_7_DAY_FULL_WASH_READ_ONLY_CLASSIFICATION_20260608.md","Structured root ROOT_HOUSE_WORK file was missing from matching git lane.","D7AE35135FE3497DA602BD016D07D1CB01B7972ADF890EC2085D2F87939749B9","16679"
"MOVED_STRUCTURED_ROOT_FILE_TO_REPO_LANE","C:\Users\13527\Desktop\123\HOUSE_WORK\PROJECT_COMMAND_CENTER_UI_LANE\HELPER_FILE_SURFACE_PREFLIGHT_20260606\PAST_7_DAY_FULL_WASH_READ_ONLY_CLASSIFICATION_TABLE_20260608.csv","C:\Users\13527\Desktop\123\Jxhnny_Kl33N_Seedz\HOUSE_WORK\PROJECT_COMMAND_CENTER_UI_LANE\HELPER_FILE_SURFACE_PREFLIGHT_20260606\PAST_7_DAY_FULL_WASH_READ_ONLY_CLASSIFICATION_TABLE_20260608.csv","Structured root ROOT_HOUSE_WORK file was missing from matching git lane.","FE8CF73D00D97E45302A6E1E839F49CF86DEF513D582055952D0DC5952BCB0CA","3920998"
"MOVED_STRUCTURED_ROOT_FILE_TO_REPO_LANE","C:\Users\13527\Desktop\123\HOUSE_WORK\PROJECT_COMMAND_CENTER_UI_LANE\HELPER_FILE_SURFACE_PREFLIGHT_20260606\PAST_7_DAY_WHOLE_HOUSE_FILE_RECOVERY_PLAN_READ_ONLY_20260608.md","C:\Users\13527\Desktop\123\Jxhnny_Kl33N_Seedz\HOUSE_WORK\PROJECT_COMMAND_CENTER_UI_LANE\HELPER_FILE_SURFACE_PREFLIGHT_20260606\PAST_7_DAY_WHOLE_HOUSE_FILE_RECOVERY_PLAN_READ_ONLY_20260608.md","Structured root ROOT_HOUSE_WORK file was missing from matching git lane.","022E1BCCF230EDCDAF3336E3526CA43E4A9EF4323A2E73F6E4FEA7A979C6F75A","13134"
"MOVED_STRUCTURED_ROOT_FILE_TO_REPO_LANE","C:\Users\13527\Desktop\123\HOUSE_WORK\PROJECT_COMMAND_CENTER_UI_LANE\HELPER_FILE_SURFACE_PREFLIGHT_20260606\PLAN__CREATE_MISSING_DESTINATION_PARENT_FOLDERS_NO_EXECUTION_20260609.csv","C:\Users\13527\Desktop\123\Jxhnny_Kl33N_Seedz\HOUSE_WORK\PROJECT_COMMAND_CENTER_UI_LANE\HELPER_FILE_SURFACE_PREFLIGHT_20260606\PLAN__CREATE_MISSING_DESTINATION_PARENT_FOLDERS_NO_EXECUTION_20260609.csv","Structured root ROOT_HOUSE_WORK file was missing from matching git lane.","BF0D1B5EF41647507E928D3BE9A454C0C6403262C3262BDE4EB9123302106445","1209"
"MOVED_STRUCTURED_ROOT_FILE_TO_REPO_LANE","C:\Users\13527\Desktop\123\HOUSE_WORK\PROJECT_COMMAND_CENTER_UI_LANE\HELPER_FILE_SURFACE_PREFLIGHT_20260606\PLAN__CREATE_REQUIRED_DESTINATION_DIRECTORY_SCAFFOLD_NO_EXECUTION_20260609_20260609_182450.csv","C:\Users\13527\Desktop\123\Jxhnny_Kl33N_Seedz\HOUSE_WORK\PROJECT_COMMAND_CENTER_UI_LANE\HELPER_FILE_SURFACE_PREFLIGHT_20260606\PLAN__CREATE_REQUIRED_DESTINATION_DIRECTORY_SCAFFOLD_NO_EXECUTION_20260609_20260609_182450.csv","Structured root ROOT_HOUSE_WORK file was missing from matching git lane.","3F69F56647BB169ED0C033876A9B42F544BADC365CC02CCC88E2FCF4B4DF6A03","2650"
"MOVED_STRUCTURED_ROOT_FILE_TO_REPO_LANE","C:\Users\13527\Desktop\123\HOUSE_WORK\PROJECT_COMMAND_CENTER_UI_LANE\HELPER_FILE_SURFACE_PREFLIGHT_20260606\PLANETARY_GATE_DECISION_MAP_NEXT_BATCH_20260608.md","C:\Users\13527\Desktop\123\Jxhnny_Kl33N_Seedz\HOUSE_WORK\PROJECT_COMMAND_CENTER_UI_LANE\HELPER_FILE_SURFACE_PREFLIGHT_20260606\PLANETARY_GATE_DECISION_MAP_NEXT_BATCH_20260608.md","Structured root ROOT_HOUSE_WORK file was missing from matching git lane.","A90F73C14A421139D9EF366BF757867E37B24AA4F806966E9DA40F5603592FD3","16057"
"MOVED_STRUCTURED_ROOT_FILE_TO_REPO_LANE","C:\Users\13527\Desktop\123\HOUSE_WORK\PROJECT_COMMAND_CENTER_UI_LANE\HELPER_FILE_SURFACE_PREFLIGHT_20260606\PLANETARY_GATE_HELPER_FILE_SURFACE_PREFLIGHT_CLOSEOUT_OR_NEXT_SELECTOR_20260608.md","C:\Users\13527\Desktop\123\Jxhnny_Kl33N_Seedz\HOUSE_WORK\PROJECT_COMMAND_CENTER_UI_LANE\HELPER_FILE_SURFACE_PREFLIGHT_20260606\PLANETARY_GATE_HELPER_FILE_SURFACE_PREFLIGHT_CLOSEOUT_OR_NEXT_SELECTOR_20260608.md","Structured root ROOT_HOUSE_WORK file was missing from matching git lane.","81ECA10E1284CCA033D475965AC4209C864827651C75A88585B90FA754622BC3","6939"
"MOVED_STRUCTURED_ROOT_FILE_TO_REPO_LANE","C:\Users\13527\Desktop\123\HOUSE_WORK\PROJECT_COMMAND_CENTER_UI_LANE\HELPER_FILE_SURFACE_PREFLIGHT_20260606\PLANETARY_GATE_HELPER_FILE_SURFACE_PREFLIGHT_CLOSEOUT_OR_NEXT_SELECTOR_RECEIPT_20260608.txt","C:\Users\13527\Desktop\123\Jxhnny_Kl33N_Seedz\HOUSE_WORK\PROJECT_COMMAND_CENTER_UI_LANE\HELPER_FILE_SURFACE_PREFLIGHT_20260606\PLANETARY_GATE_HELPER_FILE_SURFACE_PREFLIGHT_CLOSEOUT_OR_NEXT_SELECTOR_RECEIPT_20260608.txt","Structured root ROOT_HOUSE_WORK file was missing from matching git lane.","771333660B99960485C102C7972E46EDA80F91A12388F0FB4A24EBB21C2468F9","2102"
"MOVED_STRUCTURED_ROOT_FILE_TO_REPO_LANE","C:\Users\13527\Desktop\123\HOUSE_WORK\PROJECT_COMMAND_CENTER_UI_LANE\HELPER_FILE_SURFACE_PREFLIGHT_20260606\PLANETARY_GATE_MASTER_INDEX_CLEAN_FRONT_EXTRACT_20260608.md","C:\Users\13527\Desktop\123\Jxhnny_Kl33N_Seedz\HOUSE_WORK\PROJECT_COMMAND_CENTER_UI_LANE\HELPER_FILE_SURFACE_PREFLIGHT_20260606\PLANETARY_GATE_MASTER_INDEX_CLEAN_FRONT_EXTRACT_20260608.md","Structured root ROOT_HOUSE_WORK file was missing from matching git lane.","2576D004CF91764C30A02180FB59F515FA3C607CCC466A6C6F27BFD9FF695B24","11945"
"MOVED_STRUCTURED_ROOT_FILE_TO_REPO_LANE","C:\Users\13527\Desktop\123\HOUSE_WORK\PROJECT_COMMAND_CENTER_UI_LANE\HELPER_FILE_SURFACE_PREFLIGHT_20260606\PLANETARY_GATE_NEXT_OBJECT_SELECTOR_FROM_HELPER_FILE_SURFACE_PREFLIGHT_20260608.md","C:\Users\13527\Desktop\123\Jxhnny_Kl33N_Seedz\HOUSE_WORK\PROJECT_COMMAND_CENTER_UI_LANE\HELPER_FILE_SURFACE_PREFLIGHT_20260606\PLANETARY_GATE_NEXT_OBJECT_SELECTOR_FROM_HELPER_FILE_SURFACE_PREFLIGHT_20260608.md","Structured root ROOT_HOUSE_WORK file was missing from matching git lane.","15431564C9AC544972669D29641031B04425077CA6848C4CD73432EBFDCF942A","3265"
"MOVED_STRUCTURED_ROOT_FILE_TO_REPO_LANE","C:\Users\13527\Desktop\123\HOUSE_WORK\PROJECT_COMMAND_CENTER_UI_LANE\HELPER_FILE_SURFACE_PREFLIGHT_20260606\PLANETARY_GATE_NEXT_OBJECT_SELECTOR_FROM_HELPER_FILE_SURFACE_PREFLIGHT_RECEIPT_20260608.txt","C:\Users\13527\Desktop\123\Jxhnny_Kl33N_Seedz\HOUSE_WORK\PROJECT_COMMAND_CENTER_UI_LANE\HELPER_FILE_SURFACE_PREFLIGHT_20260606\PLANETARY_GATE_NEXT_OBJECT_SELECTOR_FROM_HELPER_FILE_SURFACE_PREFLIGHT_RECEIPT_20260608.txt","Structured root ROOT_HOUSE_WORK file was missing from matching git lane.","ACB984B6CCEDC16B8DB1EFC98F7B94FC0BAB61629A9218A6173A566AE513017F","1147"
"MOVED_STRUCTURED_ROOT_FILE_TO_REPO_LANE","C:\Users\13527\Desktop\123\HOUSE_WORK\PROJECT_COMMAND_CENTER_UI_LANE\HELPER_FILE_SURFACE_PREFLIGHT_20260606\PLANETARY_GATE_REENTRY_FROM_RAW_COMBINED_CANDIDATE_20260608.md","C:\Users\13527\Desktop\123\Jxhnny_Kl33N_Seedz\HOUSE_WORK\PROJECT_COMMAND_CENTER_UI_LANE\HELPER_FILE_SURFACE_PREFLIGHT_20260606\PLANETARY_GATE_REENTRY_FROM_RAW_COMBINED_CANDIDATE_20260608.md","Structured root ROOT_HOUSE_WORK file was missing from matching git lane.","B56539898A1FC8119B52DF025A0E601CD70A0E74ABF32C9484C4F1B32E443267","13180"
"MOVED_STRUCTURED_ROOT_FILE_TO_REPO_LANE","C:\Users\13527\Desktop\123\HOUSE_WORK\PROJECT_COMMAND_CENTER_UI_LANE\HELPER_FILE_SURFACE_PREFLIGHT_20260606\PLANETARY_GATE_ROLE_CARD_MATRIX_BUILD_AND_APPLY_20260608.md","C:\Users\13527\Desktop\123\Jxhnny_Kl33N_Seedz\HOUSE_WORK\PROJECT_COMMAND_CENTER_UI_LANE\HELPER_FILE_SURFACE_PREFLIGHT_20260606\PLANETARY_GATE_ROLE_CARD_MATRIX_BUILD_AND_APPLY_20260608.md","Structured root ROOT_HOUSE_WORK file was missing from matching git lane.","2960AD5098C8C09189105B3BB7D4E6D64389A6B60FF5C85CF0B72461A7C123AB","27757"
"MOVED_STRUCTURED_ROOT_FILE_TO_REPO_LANE","C:\Users\13527\Desktop\123\HOUSE_WORK\PROJECT_COMMAND_CENTER_UI_LANE\HELPER_FILE_SURFACE_PREFLIGHT_20260606\PLANETARY_GATE_ROLE_CARD_MATRIX_SOURCE_ANCHOR_PASS_20260608.md","C:\Users\13527\Desktop\123\Jxhnny_Kl33N_Seedz\HOUSE_WORK\PROJECT_COMMAND_CENTER_UI_LANE\HELPER_FILE_SURFACE_PREFLIGHT_20260606\PLANETARY_GATE_ROLE_CARD_MATRIX_SOURCE_ANCHOR_PASS_20260608.md","Structured root ROOT_HOUSE_WORK file was missing from matching git lane.","C22F9A9C739FD2BE3B6696DB193B10164E3363F1120E9EB52B37D393C0615260","26338"
"MOVED_STRUCTURED_ROOT_FILE_TO_REPO_LANE","C:\Users\13527\Desktop\123\HOUSE_WORK\PROJECT_COMMAND_CENTER_UI_LANE\HELPER_FILE_SURFACE_PREFLIGHT_20260606\PLANETARY_GATE_SELECTOR_FIELD_TEST_PACKET_FOR_GENERATED_RUNNER_DEFECT_FAMILY_20260608.md","C:\Users\13527\Desktop\123\Jxhnny_Kl33N_Seedz\HOUSE_WORK\PROJECT_COMMAND_CENTER_UI_LANE\HELPER_FILE_SURFACE_PREFLIGHT_20260606\PLANETARY_GATE_SELECTOR_FIELD_TEST_PACKET_FOR_GENERATED_RUNNER_DEFECT_FAMILY_20260608.md","Structured root ROOT_HOUSE_WORK file was missing from matching git lane.","4BCB354B10B28066AB4A78BF9861F6EDB9795A323362678BB97B175427AD99A0","12471"
"MOVED_STRUCTURED_ROOT_FILE_TO_REPO_LANE","C:\Users\13527\Desktop\123\HOUSE_WORK\PROJECT_COMMAND_CENTER_UI_LANE\HELPER_FILE_SURFACE_PREFLIGHT_20260606\PLANETARY_GATE_SELECTOR_FIELD_TEST_PACKET_FOR_ROOT_DROP_INTAKE_WASHER_GATE_RULE_20260608.md","C:\Users\13527\Desktop\123\Jxhnny_Kl33N_Seedz\HOUSE_WORK\PROJECT_COMMAND_CENTER_UI_LANE\HELPER_FILE_SURFACE_PREFLIGHT_20260606\PLANETARY_GATE_SELECTOR_FIELD_TEST_PACKET_FOR_ROOT_DROP_INTAKE_WASHER_GATE_RULE_20260608.md","Structured root ROOT_HOUSE_WORK file was missing from matching git lane.","E04A18A9156CA14F72F06E0DA52D6D3D398403DCFF631632A1A4A4B1155618A9","10257"
"MOVED_STRUCTURED_ROOT_FILE_TO_REPO_LANE","C:\Users\13527\Desktop\123\HOUSE_WORK\PROJECT_COMMAND_CENTER_UI_LANE\HELPER_FILE_SURFACE_PREFLIGHT_20260606\PLANETARY_GATE_SELECTOR_FIELD_TEST_PACKET_FOR_ROOT_DROP_INTAKE_WASHER_GATE_RULE_RECEIPT_20260608.txt","C:\Users\13527\Desktop\123\Jxhnny_Kl33N_Seedz\HOUSE_WORK\PROJECT_COMMAND_CENTER_UI_LANE\HELPER_FILE_SURFACE_PREFLIGHT_20260606\PLANETARY_GATE_SELECTOR_FIELD_TEST_PACKET_FOR_ROOT_DROP_INTAKE_WASHER_GATE_RULE_RECEIPT_20260608.txt","Structured root ROOT_HOUSE_WORK file was missing from matching git lane.","2EB4F22BFD7DCDA3D09E46037BE2B8AEEF66B76B7C95744BD470427C504A8698","1448"
"MOVED_STRUCTURED_ROOT_FILE_TO_REPO_LANE","C:\Users\13527\Desktop\123\HOUSE_WORK\PROJECT_COMMAND_CENTER_UI_LANE\HELPER_FILE_SURFACE_PREFLIGHT_20260606\PLANETARY_GATE_SELECTOR_FIELD_TEST_PACKET_FOR_USER_NAMED_OBJECT_20260608.md","C:\Users\13527\Desktop\123\Jxhnny_Kl33N_Seedz\HOUSE_WORK\PROJECT_COMMAND_CENTER_UI_LANE\HELPER_FILE_SURFACE_PREFLIGHT_20260606\PLANETARY_GATE_SELECTOR_FIELD_TEST_PACKET_FOR_USER_NAMED_OBJECT_20260608.md","Structured root ROOT_HOUSE_WORK file was missing from matching git lane.","8D84A0478875411891DE615FEF28E2DD7EA672599A686862AB00E691D65772A9","15811"
"MOVED_STRUCTURED_ROOT_FILE_TO_REPO_LANE","C:\Users\13527\Desktop\123\HOUSE_WORK\PROJECT_COMMAND_CENTER_UI_LANE\HELPER_FILE_SURFACE_PREFLIGHT_20260606\PLANETARY_GATE_SOURCE_ANCHORED_STANDARD_RUN_CARD_AND_SELECTOR_BUILD_20260608.md","C:\Users\13527\Desktop\123\Jxhnny_Kl33N_Seedz\HOUSE_WORK\PROJECT_COMMAND_CENTER_UI_LANE\HELPER_FILE_SURFACE_PREFLIGHT_20260606\PLANETARY_GATE_SOURCE_ANCHORED_STANDARD_RUN_CARD_AND_SELECTOR_BUILD_20260608.md","Structured root ROOT_HOUSE_WORK file was missing from matching git lane.","377663FFD2DDF1E7C95FC3D19A18B04EB4E304350633F2AB260CD660154366C3","25803"
"MOVED_STRUCTURED_ROOT_FILE_TO_REPO_LANE","C:\Users\13527\Desktop\123\HOUSE_WORK\PROJECT_COMMAND_CENTER_UI_LANE\HELPER_FILE_SURFACE_PREFLIGHT_20260606\POST_DELTA_RECONSIDERATION_58_PLAN_ROWS_20260609_V0_1_20260609_172237.csv","C:\Users\13527\Desktop\123\Jxhnny_Kl33N_Seedz\HOUSE_WORK\PROJECT_COMMAND_CENTER_UI_LANE\HELPER_FILE_SURFACE_PREFLIGHT_20260606\POST_DELTA_RECONSIDERATION_58_PLAN_ROWS_20260609_V0_1_20260609_172237.csv","Structured root ROOT_HOUSE_WORK file was missing from matching git lane.","2AECC9AE09023E9F1821A92205B062E7F780D72417020D320DD8FC79557F80A9","30599"
"MOVED_STRUCTURED_ROOT_FILE_TO_REPO_LANE","C:\Users\13527\Desktop\123\HOUSE_WORK\PROJECT_COMMAND_CENTER_UI_LANE\HELPER_FILE_SURFACE_PREFLIGHT_20260606\POST_DELTA_RECONSIDERATION_74_REVIEWED_DELTA_ROWS_20260609_V0_1_20260609_172237.csv","C:\Users\13527\Desktop\123\Jxhnny_Kl33N_Seedz\HOUSE_WORK\PROJECT_COMMAND_CENTER_UI_LANE\HELPER_FILE_SURFACE_PREFLIGHT_20260606\POST_DELTA_RECONSIDERATION_74_REVIEWED_DELTA_ROWS_20260609_V0_1_20260609_172237.csv","Structured root ROOT_HOUSE_WORK file was missing from matching git lane.","79BC9C7DF9FDCB4B7630044FDA8F2A90CBCA048E1499EAEDBFA4B47F562AAE71","44719"
"MOVED_STRUCTURED_ROOT_FILE_TO_REPO_LANE","C:\Users\13527\Desktop\123\HOUSE_WORK\PROJECT_COMMAND_CENTER_UI_LANE\HELPER_FILE_SURFACE_PREFLIGHT_20260606\POST_DELTA_RECONSIDERATION_COLLISIONS_20260609_V0_1_20260609_172237.csv","C:\Users\13527\Desktop\123\Jxhnny_Kl33N_Seedz\HOUSE_WORK\PROJECT_COMMAND_CENTER_UI_LANE\HELPER_FILE_SURFACE_PREFLIGHT_20260606\POST_DELTA_RECONSIDERATION_COLLISIONS_20260609_V0_1_20260609_172237.csv","Structured root ROOT_HOUSE_WORK file was missing from matching git lane.","51AC182F5422EE19C01AE2AE99491214B5C5F2399F593106E9DAF19FF472EE2C","17848"
"MOVED_STRUCTURED_ROOT_FILE_TO_REPO_LANE","C:\Users\13527\Desktop\123\HOUSE_WORK\PROJECT_COMMAND_CENTER_UI_LANE\HELPER_FILE_SURFACE_PREFLIGHT_20260606\POST_DELTA_RECONSIDERATION_NEW_DELTA_ROWS_20260609_V0_1_20260609_172237.csv","C:\Users\13527\Desktop\123\Jxhnny_Kl33N_Seedz\HOUSE_WORK\PROJECT_COMMAND_CENTER_UI_LANE\HELPER_FILE_SURFACE_PREFLIGHT_20260606\POST_DELTA_RECONSIDERATION_NEW_DELTA_ROWS_20260609_V0_1_20260609_172237.csv","Structured root ROOT_HOUSE_WORK file was missing from matching git lane.","E3B0C44298FC1C149AFBF4C8996FB92427AE41E4649B934CA495991B7852B855","0"
"MOVED_STRUCTURED_ROOT_FILE_TO_REPO_LANE","C:\Users\13527\Desktop\123\HOUSE_WORK\PROJECT_COMMAND_CENTER_UI_LANE\HELPER_FILE_SURFACE_PREFLIGHT_20260606\POST_DELTA_RECONSIDERATION_REPORT_20260609_V0_1_20260609_172237.md","C:\Users\13527\Desktop\123\Jxhnny_Kl33N_Seedz\HOUSE_WORK\PROJECT_COMMAND_CENTER_UI_LANE\HELPER_FILE_SURFACE_PREFLIGHT_20260606\POST_DELTA_RECONSIDERATION_REPORT_20260609_V0_1_20260609_172237.md","Structured root ROOT_HOUSE_WORK file was missing from matching git lane.","C48B6C85A8050556CC3B22FD3F3F3AA33973D1764115570CFA5A45E37D9EBC49","1874"
"MOVED_STRUCTURED_ROOT_FILE_TO_REPO_LANE","C:\Users\13527\Desktop\123\HOUSE_WORK\PROJECT_COMMAND_CENTER_UI_LANE\HELPER_FILE_SURFACE_PREFLIGHT_20260606\POST_DELTA_RECONSIDERATION_V0_2_58_PLAN_ROWS_20260609_20260609_174801.csv","C:\Users\13527\Desktop\123\Jxhnny_Kl33N_Seedz\HOUSE_WORK\PROJECT_COMMAND_CENTER_UI_LANE\HELPER_FILE_SURFACE_PREFLIGHT_20260606\POST_DELTA_RECONSIDERATION_V0_2_58_PLAN_ROWS_20260609_20260609_174801.csv","Structured root ROOT_HOUSE_WORK file was missing from matching git lane.","25E069A3763D76772314754278CB7798FAAB7EF2E0B3C14301053A923BAB9528","50366"
"MOVED_STRUCTURED_ROOT_FILE_TO_REPO_LANE","C:\Users\13527\Desktop\123\HOUSE_WORK\PROJECT_COMMAND_CENTER_UI_LANE\HELPER_FILE_SURFACE_PREFLIGHT_20260606\POST_DELTA_RECONSIDERATION_V0_2_58_PLAN_ROWS_20260609_20260609_193805.csv","C:\Users\13527\Desktop\123\Jxhnny_Kl33N_Seedz\HOUSE_WORK\PROJECT_COMMAND_CENTER_UI_LANE\HELPER_FILE_SURFACE_PREFLIGHT_20260606\POST_DELTA_RECONSIDERATION_V0_2_58_PLAN_ROWS_20260609_20260609_193805.csv","Structured root ROOT_HOUSE_WORK file was missing from matching git lane.","EEFDE772871BE542FB0D4CBA35EFE329302FCA15E590CBB55A82F13B438416BA","50311"
"MOVED_STRUCTURED_ROOT_FILE_TO_REPO_LANE","C:\Users\13527\Desktop\123\HOUSE_WORK\PROJECT_COMMAND_CENTER_UI_LANE\HELPER_FILE_SURFACE_PREFLIGHT_20260606\POST_DELTA_RECONSIDERATION_V0_2_74_REVIEWED_DELTA_ROWS_20260609_20260609_174801.csv","C:\Users\13527\Desktop\123\Jxhnny_Kl33N_Seedz\HOUSE_WORK\PROJECT_COMMAND_CENTER_UI_LANE\HELPER_FILE_SURFACE_PREFLIGHT_20260606\POST_DELTA_RECONSIDERATION_V0_2_74_REVIEWED_DELTA_ROWS_20260609_20260609_174801.csv","Structured root ROOT_HOUSE_WORK file was missing from matching git lane.","79BC9C7DF9FDCB4B7630044FDA8F2A90CBCA048E1499EAEDBFA4B47F562AAE71","44719"
"MOVED_STRUCTURED_ROOT_FILE_TO_REPO_LANE","C:\Users\13527\Desktop\123\HOUSE_WORK\PROJECT_COMMAND_CENTER_UI_LANE\HELPER_FILE_SURFACE_PREFLIGHT_20260606\POST_DELTA_RECONSIDERATION_V0_2_74_REVIEWED_DELTA_ROWS_20260609_20260609_193805.csv","C:\Users\13527\Desktop\123\Jxhnny_Kl33N_Seedz\HOUSE_WORK\PROJECT_COMMAND_CENTER_UI_LANE\HELPER_FILE_SURFACE_PREFLIGHT_20260606\POST_DELTA_RECONSIDERATION_V0_2_74_REVIEWED_DELTA_ROWS_20260609_20260609_193805.csv","Structured root ROOT_HOUSE_WORK file was missing from matching git lane.","79BC9C7DF9FDCB4B7630044FDA8F2A90CBCA048E1499EAEDBFA4B47F562AAE71","44719"
"MOVED_STRUCTURED_ROOT_FILE_TO_REPO_LANE","C:\Users\13527\Desktop\123\HOUSE_WORK\PROJECT_COMMAND_CENTER_UI_LANE\HELPER_FILE_SURFACE_PREFLIGHT_20260606\POST_DELTA_RECONSIDERATION_V0_2_DESTINATION_COLLISIONS_20260609_20260609_174801.csv","C:\Users\13527\Desktop\123\Jxhnny_Kl33N_Seedz\HOUSE_WORK\PROJECT_COMMAND_CENTER_UI_LANE\HELPER_FILE_SURFACE_PREFLIGHT_20260606\POST_DELTA_RECONSIDERATION_V0_2_DESTINATION_COLLISIONS_20260609_20260609_174801.csv","Structured root ROOT_HOUSE_WORK file was missing from matching git lane.","E3B0C44298FC1C149AFBF4C8996FB92427AE41E4649B934CA495991B7852B855","0"
"MOVED_STRUCTURED_ROOT_FILE_TO_REPO_LANE","C:\Users\13527\Desktop\123\HOUSE_WORK\PROJECT_COMMAND_CENTER_UI_LANE\HELPER_FILE_SURFACE_PREFLIGHT_20260606\POST_DELTA_RECONSIDERATION_V0_2_DESTINATION_COLLISIONS_20260609_20260609_193805.csv","C:\Users\13527\Desktop\123\Jxhnny_Kl33N_Seedz\HOUSE_WORK\PROJECT_COMMAND_CENTER_UI_LANE\HELPER_FILE_SURFACE_PREFLIGHT_20260606\POST_DELTA_RECONSIDERATION_V0_2_DESTINATION_COLLISIONS_20260609_20260609_193805.csv","Structured root ROOT_HOUSE_WORK file was missing from matching git lane.","E3B0C44298FC1C149AFBF4C8996FB92427AE41E4649B934CA495991B7852B855","0"
"MOVED_STRUCTURED_ROOT_FILE_TO_REPO_LANE","C:\Users\13527\Desktop\123\HOUSE_WORK\PROJECT_COMMAND_CENTER_UI_LANE\HELPER_FILE_SURFACE_PREFLIGHT_20260606\POST_DELTA_RECONSIDERATION_V0_2_DESTINATION_PARENT_MISSING_20260609_20260609_174801.csv","C:\Users\13527\Desktop\123\Jxhnny_Kl33N_Seedz\HOUSE_WORK\PROJECT_COMMAND_CENTER_UI_LANE\HELPER_FILE_SURFACE_PREFLIGHT_20260606\POST_DELTA_RECONSIDERATION_V0_2_DESTINATION_PARENT_MISSING_20260609_20260609_174801.csv","Structured root ROOT_HOUSE_WORK file was missing from matching git lane.","4C9713865CE5863AE97ECA0AE7372D2CE59BB6D41F2777CD6373693335BE1524","27626"
"MOVED_STRUCTURED_ROOT_FILE_TO_REPO_LANE","C:\Users\13527\Desktop\123\HOUSE_WORK\PROJECT_COMMAND_CENTER_UI_LANE\HELPER_FILE_SURFACE_PREFLIGHT_20260606\POST_DELTA_RECONSIDERATION_V0_2_DESTINATION_PARENT_MISSING_20260609_20260609_193805.csv","C:\Users\13527\Desktop\123\Jxhnny_Kl33N_Seedz\HOUSE_WORK\PROJECT_COMMAND_CENTER_UI_LANE\HELPER_FILE_SURFACE_PREFLIGHT_20260606\POST_DELTA_RECONSIDERATION_V0_2_DESTINATION_PARENT_MISSING_20260609_20260609_193805.csv","Structured root ROOT_HOUSE_WORK file was missing from matching git lane.","E3B0C44298FC1C149AFBF4C8996FB92427AE41E4649B934CA495991B7852B855","0"
"MOVED_STRUCTURED_ROOT_FILE_TO_REPO_LANE","C:\Users\13527\Desktop\123\HOUSE_WORK\PROJECT_COMMAND_CENTER_UI_LANE\HELPER_FILE_SURFACE_PREFLIGHT_20260606\POST_DELTA_RECONSIDERATION_V0_2_HOLD_OR_LEAVE_ROWS_20260609_20260609_174801.csv","C:\Users\13527\Desktop\123\Jxhnny_Kl33N_Seedz\HOUSE_WORK\PROJECT_COMMAND_CENTER_UI_LANE\HELPER_FILE_SURFACE_PREFLIGHT_20260606\POST_DELTA_RECONSIDERATION_V0_2_HOLD_OR_LEAVE_ROWS_20260609_20260609_174801.csv","Structured root ROOT_HOUSE_WORK file was missing from matching git lane.","E8BAE2D11C1D3068905CFE740B5D80E010A40A178AB95C6E8A0773787DB840D1","964"
"MOVED_STRUCTURED_ROOT_FILE_TO_REPO_LANE","C:\Users\13527\Desktop\123\HOUSE_WORK\PROJECT_COMMAND_CENTER_UI_LANE\HELPER_FILE_SURFACE_PREFLIGHT_20260606\POST_DELTA_RECONSIDERATION_V0_2_HOLD_OR_LEAVE_ROWS_20260609_20260609_193805.csv","C:\Users\13527\Desktop\123\Jxhnny_Kl33N_Seedz\HOUSE_WORK\PROJECT_COMMAND_CENTER_UI_LANE\HELPER_FILE_SURFACE_PREFLIGHT_20260606\POST_DELTA_RECONSIDERATION_V0_2_HOLD_OR_LEAVE_ROWS_20260609_20260609_193805.csv","Structured root ROOT_HOUSE_WORK file was missing from matching git lane.","E8BAE2D11C1D3068905CFE740B5D80E010A40A178AB95C6E8A0773787DB840D1","964"
"MOVED_STRUCTURED_ROOT_FILE_TO_REPO_LANE","C:\Users\13527\Desktop\123\HOUSE_WORK\PROJECT_COMMAND_CENTER_UI_LANE\HELPER_FILE_SURFACE_PREFLIGHT_20260606\POST_DELTA_RECONSIDERATION_V0_2_NEW_DELTA_ROWS_20260609_20260609_174801.csv","C:\Users\13527\Desktop\123\Jxhnny_Kl33N_Seedz\HOUSE_WORK\PROJECT_COMMAND_CENTER_UI_LANE\HELPER_FILE_SURFACE_PREFLIGHT_20260606\POST_DELTA_RECONSIDERATION_V0_2_NEW_DELTA_ROWS_20260609_20260609_174801.csv","Structured root ROOT_HOUSE_WORK file was missing from matching git lane.","E3B0C44298FC1C149AFBF4C8996FB92427AE41E4649B934CA495991B7852B855","0"
"MOVED_STRUCTURED_ROOT_FILE_TO_REPO_LANE","C:\Users\13527\Desktop\123\HOUSE_WORK\PROJECT_COMMAND_CENTER_UI_LANE\HELPER_FILE_SURFACE_PREFLIGHT_20260606\POST_DELTA_RECONSIDERATION_V0_2_NEW_DELTA_ROWS_20260609_20260609_193805.csv","C:\Users\13527\Desktop\123\Jxhnny_Kl33N_Seedz\HOUSE_WORK\PROJECT_COMMAND_CENTER_UI_LANE\HELPER_FILE_SURFACE_PREFLIGHT_20260606\POST_DELTA_RECONSIDERATION_V0_2_NEW_DELTA_ROWS_20260609_20260609_193805.csv","Structured root ROOT_HOUSE_WORK file was missing from matching git lane.","E3B0C44298FC1C149AFBF4C8996FB92427AE41E4649B934CA495991B7852B855","0"
"MOVED_STRUCTURED_ROOT_FILE_TO_REPO_LANE","C:\Users\13527\Desktop\123\HOUSE_WORK\PROJECT_COMMAND_CENTER_UI_LANE\HELPER_FILE_SURFACE_PREFLIGHT_20260606\POST_DELTA_RECONSIDERATION_V0_2_REPORT_20260609_20260609_174801.md","C:\Users\13527\Desktop\123\Jxhnny_Kl33N_Seedz\HOUSE_WORK\PROJECT_COMMAND_CENTER_UI_LANE\HELPER_FILE_SURFACE_PREFLIGHT_20260606\POST_DELTA_RECONSIDERATION_V0_2_REPORT_20260609_20260609_174801.md","Structured root ROOT_HOUSE_WORK file was missing from matching git lane.","9C07BD1A8319AA4A370D233526DBB904933B7178B97F101CC983EFF1EC5569D5","2263"
"MOVED_STRUCTURED_ROOT_FILE_TO_REPO_LANE","C:\Users\13527\Desktop\123\HOUSE_WORK\PROJECT_COMMAND_CENTER_UI_LANE\HELPER_FILE_SURFACE_PREFLIGHT_20260606\POST_DELTA_RECONSIDERATION_V0_2_REPORT_20260609_20260609_193805.md","C:\Users\13527\Desktop\123\Jxhnny_Kl33N_Seedz\HOUSE_WORK\PROJECT_COMMAND_CENTER_UI_LANE\HELPER_FILE_SURFACE_PREFLIGHT_20260606\POST_DELTA_RECONSIDERATION_V0_2_REPORT_20260609_20260609_193805.md","Structured root ROOT_HOUSE_WORK file was missing from matching git lane.","8046BEC3A558F18CCE4D3B548E134D64B78AF921777F1E5E35E18C837C9E46A1","2251"
"MOVED_STRUCTURED_ROOT_FILE_TO_REPO_LANE","C:\Users\13527\Desktop\123\HOUSE_WORK\PROJECT_COMMAND_CENTER_UI_LANE\HELPER_FILE_SURFACE_PREFLIGHT_20260606\POST_DELTA_RECONSIDERATION_V0_2_ROUTE_CANDIDATES_20260609_20260609_174801.csv","C:\Users\13527\Desktop\123\Jxhnny_Kl33N_Seedz\HOUSE_WORK\PROJECT_COMMAND_CENTER_UI_LANE\HELPER_FILE_SURFACE_PREFLIGHT_20260606\POST_DELTA_RECONSIDERATION_V0_2_ROUTE_CANDIDATES_20260609_20260609_174801.csv","Structured root ROOT_HOUSE_WORK file was missing from matching git lane.","DB04BE398D6081838E1E4EAF903CA051D4B03449EC0F9445EE73776DCBD7B8C3","30171"
"MOVED_STRUCTURED_ROOT_FILE_TO_REPO_LANE","C:\Users\13527\Desktop\123\HOUSE_WORK\PROJECT_COMMAND_CENTER_UI_LANE\HELPER_FILE_SURFACE_PREFLIGHT_20260606\POST_DELTA_RECONSIDERATION_V0_2_ROUTE_CANDIDATES_20260609_20260609_193805.csv","C:\Users\13527\Desktop\123\Jxhnny_Kl33N_Seedz\HOUSE_WORK\PROJECT_COMMAND_CENTER_UI_LANE\HELPER_FILE_SURFACE_PREFLIGHT_20260606\POST_DELTA_RECONSIDERATION_V0_2_ROUTE_CANDIDATES_20260609_20260609_193805.csv","Structured root ROOT_HOUSE_WORK file was missing from matching git lane.","3C7C9C9DDD04B643C2411374035668BFC6CFD167DABA4A25BC771CA7D4666659","30116"
"MOVED_STRUCTURED_ROOT_FILE_TO_REPO_LANE","C:\Users\13527\Desktop\123\HOUSE_WORK\PROJECT_COMMAND_CENTER_UI_LANE\HELPER_FILE_SURFACE_PREFLIGHT_20260606\POST_ROUTE_ROOT_RESIDUE_CLASSIFICATION_NO_CLEANUP_20260609.csv","C:\Users\13527\Desktop\123\Jxhnny_Kl33N_Seedz\HOUSE_WORK\PROJECT_COMMAND_CENTER_UI_LANE\HELPER_FILE_SURFACE_PREFLIGHT_20260606\POST_ROUTE_ROOT_RESIDUE_CLASSIFICATION_NO_CLEANUP_20260609.csv","Structured root ROOT_HOUSE_WORK file was missing from matching git lane.","AE3A944C8EB7960EF093BD60C7FAAC6C0051E7E5057D4F0E5A1AE6EE817E6BE9","38624"
"MOVED_STRUCTURED_ROOT_FILE_TO_REPO_LANE","C:\Users\13527\Desktop\123\HOUSE_WORK\PROJECT_COMMAND_CENTER_UI_LANE\HELPER_FILE_SURFACE_PREFLIGHT_20260606\POST_ROUTE_ROOT_RESIDUE_CLASSIFICATION_NO_CLEANUP_20260609.md","C:\Users\13527\Desktop\123\Jxhnny_Kl33N_Seedz\HOUSE_WORK\PROJECT_COMMAND_CENTER_UI_LANE\HELPER_FILE_SURFACE_PREFLIGHT_20260606\POST_ROUTE_ROOT_RESIDUE_CLASSIFICATION_NO_CLEANUP_20260609.md","Structured root ROOT_HOUSE_WORK file was missing from matching git lane.","F2E0F92970A9F561A7C158617DABE44D7F0C35A0EE2CDE26BD035A2DE5A9A411","4427"
"MOVED_STRUCTURED_ROOT_FILE_TO_REPO_LANE","C:\Users\13527\Desktop\123\HOUSE_WORK\PROJECT_COMMAND_CENTER_UI_LANE\HELPER_FILE_SURFACE_PREFLIGHT_20260606\POST_ROUTE_ROOT_SURFACE_VERIFY_NO_CLEANUP_20260609.md","C:\Users\13527\Desktop\123\Jxhnny_Kl33N_Seedz\HOUSE_WORK\PROJECT_COMMAND_CENTER_UI_LANE\HELPER_FILE_SURFACE_PREFLIGHT_20260606\POST_ROUTE_ROOT_SURFACE_VERIFY_NO_CLEANUP_20260609.md","Structured root ROOT_HOUSE_WORK file was missing from matching git lane.","42718F181B314CBD556AE499F3FA2FD926A8220DC39946754936C6855BA43793","23363"
"MOVED_STRUCTURED_ROOT_FILE_TO_REPO_LANE","C:\Users\13527\Desktop\123\HOUSE_WORK\PROJECT_COMMAND_CENTER_UI_LANE\HELPER_FILE_SURFACE_PREFLIGHT_20260606\PROOF_HISTORY_WRONG_PATH_RECOVERY_OR_CONFIRMATION_RECEIPT_20260608.md","C:\Users\13527\Desktop\123\Jxhnny_Kl33N_Seedz\HOUSE_WORK\PROJECT_COMMAND_CENTER_UI_LANE\HELPER_FILE_SURFACE_PREFLIGHT_20260606\PROOF_HISTORY_WRONG_PATH_RECOVERY_OR_CONFIRMATION_RECEIPT_20260608.md","Structured root ROOT_HOUSE_WORK file was missing from matching git lane.","91D86929B2377C7CE86D114C919DAC609C47B5724091478EBAB36F9436F333BF","7052"
"MOVED_STRUCTURED_ROOT_FILE_TO_REPO_LANE","C:\Users\13527\Desktop\123\HOUSE_WORK\PROJECT_COMMAND_CENTER_UI_LANE\HELPER_FILE_SURFACE_PREFLIGHT_20260606\PROOF_HISTORY_WRONG_SIBLING_PATH_FIXED_RECEIPT_20260608.md","C:\Users\13527\Desktop\123\Jxhnny_Kl33N_Seedz\HOUSE_WORK\PROJECT_COMMAND_CENTER_UI_LANE\HELPER_FILE_SURFACE_PREFLIGHT_20260606\PROOF_HISTORY_WRONG_SIBLING_PATH_FIXED_RECEIPT_20260608.md","Structured root ROOT_HOUSE_WORK file was missing from matching git lane.","7D9249B931BC577076D9BBA0C6E5476F01E8013A4B1EA0D645FCAD4AA7E50A2C","4529"
"MOVED_STRUCTURED_ROOT_FILE_TO_REPO_LANE","C:\Users\13527\Desktop\123\HOUSE_WORK\PROJECT_COMMAND_CENTER_UI_LANE\HELPER_FILE_SURFACE_PREFLIGHT_20260606\QUEUE__74_LIVE_ROOT_DELTA_REVIEW_NO_EXECUTION_20260609.csv","C:\Users\13527\Desktop\123\Jxhnny_Kl33N_Seedz\HOUSE_WORK\PROJECT_COMMAND_CENTER_UI_LANE\HELPER_FILE_SURFACE_PREFLIGHT_20260606\QUEUE__74_LIVE_ROOT_DELTA_REVIEW_NO_EXECUTION_20260609.csv","Structured root ROOT_HOUSE_WORK file was missing from matching git lane.","4B5B886003E19961AF3C5B97A9C23E271DE1B6B4E17DA5FBE20C3A3239D5B421","39215"
"MOVED_STRUCTURED_ROOT_FILE_TO_REPO_LANE","C:\Users\13527\Desktop\123\HOUSE_WORK\PROJECT_COMMAND_CENTER_UI_LANE\HELPER_FILE_SURFACE_PREFLIGHT_20260606\REPAIR_NOTE__ROOT_HELD_ROUTE_DRY_RUN_SELECTOR_V0_2_COLLECTION_FACTORY_NO_EXECUTION_20260609.md","C:\Users\13527\Desktop\123\Jxhnny_Kl33N_Seedz\HOUSE_WORK\PROJECT_COMMAND_CENTER_UI_LANE\HELPER_FILE_SURFACE_PREFLIGHT_20260606\REPAIR_NOTE__ROOT_HELD_ROUTE_DRY_RUN_SELECTOR_V0_2_COLLECTION_FACTORY_NO_EXECUTION_20260609.md","Structured root ROOT_HOUSE_WORK file was missing from matching git lane.","73242EF1BF1C7D76BDB143A58197080B36C1A1CFAC04EBEFEA1D4F4E7846C9BC","1359"
"MOVED_STRUCTURED_ROOT_FILE_TO_REPO_LANE","C:\Users\13527\Desktop\123\HOUSE_WORK\PROJECT_COMMAND_CENTER_UI_LANE\HELPER_FILE_SURFACE_PREFLIGHT_20260606\REVIEW__BATCH_001_74_LIVE_ROOT_DELTA_ROOT_HELD_ROUTE_CONTROL_SURFACE_NO_EXECUTION_20260609.md","C:\Users\13527\Desktop\123\Jxhnny_Kl33N_Seedz\HOUSE_WORK\PROJECT_COMMAND_CENTER_UI_LANE\HELPER_FILE_SURFACE_PREFLIGHT_20260606\REVIEW__BATCH_001_74_LIVE_ROOT_DELTA_ROOT_HELD_ROUTE_CONTROL_SURFACE_NO_EXECUTION_20260609.md","Structured root ROOT_HOUSE_WORK file was missing from matching git lane.","5F091BDD987AE15D3303F9414EE5D815CA885CF701EB0A7F41F2BAB97785B1D3","2019"
"MOVED_STRUCTURED_ROOT_FILE_TO_REPO_LANE","C:\Users\13527\Desktop\123\HOUSE_WORK\PROJECT_COMMAND_CENTER_UI_LANE\HELPER_FILE_SURFACE_PREFLIGHT_20260606\REVIEW__BATCH_002_74_LIVE_ROOT_DELTA_HSRB_AND_STATIC_REVIEW_CHAIN_NO_EXECUTION_20260609.md","C:\Users\13527\Desktop\123\Jxhnny_Kl33N_Seedz\HOUSE_WORK\PROJECT_COMMAND_CENTER_UI_LANE\HELPER_FILE_SURFACE_PREFLIGHT_20260606\REVIEW__BATCH_002_74_LIVE_ROOT_DELTA_HSRB_AND_STATIC_REVIEW_CHAIN_NO_EXECUTION_20260609.md","Structured root ROOT_HOUSE_WORK file was missing from matching git lane.","1A1FDA78088E8DC1F018F3F71B36AA777F70704A3B3BFB3127FA51DB7ABF16A2","2116"
"MOVED_STRUCTURED_ROOT_FILE_TO_REPO_LANE","C:\Users\13527\Desktop\123\HOUSE_WORK\PROJECT_COMMAND_CENTER_UI_LANE\HELPER_FILE_SURFACE_PREFLIGHT_20260606\REVIEW__BATCH_003_74_LIVE_ROOT_DELTA_HELPER_REVIEW_AND_64_ROW_QUEUE_CHAIN_NO_EXECUTION_20260609.md","C:\Users\13527\Desktop\123\Jxhnny_Kl33N_Seedz\HOUSE_WORK\PROJECT_COMMAND_CENTER_UI_LANE\HELPER_FILE_SURFACE_PREFLIGHT_20260606\REVIEW__BATCH_003_74_LIVE_ROOT_DELTA_HELPER_REVIEW_AND_64_ROW_QUEUE_CHAIN_NO_EXECUTION_20260609.md","Structured root ROOT_HOUSE_WORK file was missing from matching git lane.","83F6D8A9DE5172C2CC09042771860BC0C57EEDC75A0A5F29EAB3B5363B3DCBA4","2326"
"MOVED_STRUCTURED_ROOT_FILE_TO_REPO_LANE","C:\Users\13527\Desktop\123\HOUSE_WORK\PROJECT_COMMAND_CENTER_UI_LANE\HELPER_FILE_SURFACE_PREFLIGHT_20260606\REVIEW__ROOT_HELD_ROUTE_DRY_RUN_V0_2_NO_ROUTE_RECOMMENDATION_DUE_74_LIVE_ROOT_DELTA_20260609.md","C:\Users\13527\Desktop\123\Jxhnny_Kl33N_Seedz\HOUSE_WORK\PROJECT_COMMAND_CENTER_UI_LANE\HELPER_FILE_SURFACE_PREFLIGHT_20260606\REVIEW__ROOT_HELD_ROUTE_DRY_RUN_V0_2_NO_ROUTE_RECOMMENDATION_DUE_74_LIVE_ROOT_DELTA_20260609.md","Structured root ROOT_HOUSE_WORK file was missing from matching git lane.","AF0D7F4D2050133062B712622949C7BE735A4FCC18920E303B22B834BB1090DF","2736"
"MOVED_STRUCTURED_ROOT_FILE_TO_REPO_LANE","C:\Users\13527\Desktop\123\HOUSE_WORK\PROJECT_COMMAND_CENTER_UI_LANE\HELPER_FILE_SURFACE_PREFLIGHT_20260606\REVIEW_QUEUE__74_LIVE_ROOT_DELTA_NO_EXECUTION_20260609.md","C:\Users\13527\Desktop\123\Jxhnny_Kl33N_Seedz\HOUSE_WORK\PROJECT_COMMAND_CENTER_UI_LANE\HELPER_FILE_SURFACE_PREFLIGHT_20260606\REVIEW_QUEUE__74_LIVE_ROOT_DELTA_NO_EXECUTION_20260609.md","Structured root ROOT_HOUSE_WORK file was missing from matching git lane.","B7351F022D259D50054D0A57B113F6B8B474FAB6BA6AFF9A7EC1D7A540D71B24","2179"
"MOVED_STRUCTURED_ROOT_FILE_TO_REPO_LANE","C:\Users\13527\Desktop\123\HOUSE_WORK\PROJECT_COMMAND_CENTER_UI_LANE\HELPER_FILE_SURFACE_PREFLIGHT_20260606\ROLLUP__74_LIVE_ROOT_DELTA_BATCH_REVIEW_COVERAGE_NO_EXECUTION_20260609.csv","C:\Users\13527\Desktop\123\Jxhnny_Kl33N_Seedz\HOUSE_WORK\PROJECT_COMMAND_CENTER_UI_LANE\HELPER_FILE_SURFACE_PREFLIGHT_20260606\ROLLUP__74_LIVE_ROOT_DELTA_BATCH_REVIEW_COVERAGE_NO_EXECUTION_20260609.csv","Structured root ROOT_HOUSE_WORK file was missing from matching git lane.","5067CCF18DD293E7A003515396D89DF3E3B95C53102915892E516083921F4BE7","34371"
"MOVED_STRUCTURED_ROOT_FILE_TO_REPO_LANE","C:\Users\13527\Desktop\123\HOUSE_WORK\PROJECT_COMMAND_CENTER_UI_LANE\HELPER_FILE_SURFACE_PREFLIGHT_20260606\ROLLUP__74_LIVE_ROOT_DELTA_BATCH_REVIEW_COVERAGE_NO_EXECUTION_20260609.md","C:\Users\13527\Desktop\123\Jxhnny_Kl33N_Seedz\HOUSE_WORK\PROJECT_COMMAND_CENTER_UI_LANE\HELPER_FILE_SURFACE_PREFLIGHT_20260606\ROLLUP__74_LIVE_ROOT_DELTA_BATCH_REVIEW_COVERAGE_NO_EXECUTION_20260609.md","Structured root ROOT_HOUSE_WORK file was missing from matching git lane.","919503B9349BAF99137D71BC57EF6731668E9E01DD412E6C218D2C64D489E025","4064"
"MOVED_STRUCTURED_ROOT_FILE_TO_REPO_LANE","C:\Users\13527\Desktop\123\HOUSE_WORK\PROJECT_COMMAND_CENTER_UI_LANE\HELPER_FILE_SURFACE_PREFLIGHT_20260606\ROOT_DROP_INTAKE_BINDING_TO_EXISTING_INTAKE_GATE_V0_1_20260608.md","C:\Users\13527\Desktop\123\Jxhnny_Kl33N_Seedz\HOUSE_WORK\PROJECT_COMMAND_CENTER_UI_LANE\HELPER_FILE_SURFACE_PREFLIGHT_20260606\ROOT_DROP_INTAKE_BINDING_TO_EXISTING_INTAKE_GATE_V0_1_20260608.md","Structured root ROOT_HOUSE_WORK file was missing from matching git lane.","A54441A0EE300E8289BAE123A7D1CDEFF7499D0B839DD6E7790D6FDC23B44C4A","3800"
"MOVED_STRUCTURED_ROOT_FILE_TO_REPO_LANE","C:\Users\13527\Desktop\123\HOUSE_WORK\PROJECT_COMMAND_CENTER_UI_LANE\HELPER_FILE_SURFACE_PREFLIGHT_20260606\ROOT_DROP_INTAKE_BINDING_WRONG_LANE_INCIDENT_CLOSEOUT_20260608.md","C:\Users\13527\Desktop\123\Jxhnny_Kl33N_Seedz\HOUSE_WORK\PROJECT_COMMAND_CENTER_UI_LANE\HELPER_FILE_SURFACE_PREFLIGHT_20260606\ROOT_DROP_INTAKE_BINDING_WRONG_LANE_INCIDENT_CLOSEOUT_20260608.md","Structured root ROOT_HOUSE_WORK file was missing from matching git lane.","C659AD4B1CD2ABDDD9F4294A941F3BBEB19BCF1C5D0AB9D7BE946AC08BB42A78","3102"
"MOVED_STRUCTURED_ROOT_FILE_TO_REPO_LANE","C:\Users\13527\Desktop\123\HOUSE_WORK\PROJECT_COMMAND_CENTER_UI_LANE\HELPER_FILE_SURFACE_PREFLIGHT_20260606\ROOT_DROP_INTAKE_WASHER_HELPER_CANDIDATE_OPTION_SET_20260608.md","C:\Users\13527\Desktop\123\Jxhnny_Kl33N_Seedz\HOUSE_WORK\PROJECT_COMMAND_CENTER_UI_LANE\HELPER_FILE_SURFACE_PREFLIGHT_20260606\ROOT_DROP_INTAKE_WASHER_HELPER_CANDIDATE_OPTION_SET_20260608.md","Structured root ROOT_HOUSE_WORK file was missing from matching git lane.","E51EE8D26AC928AE23FBB46459C8FAFF28E66E67B60E88ECDD6BB1A7066770E8","14505"
"MOVED_STRUCTURED_ROOT_FILE_TO_REPO_LANE","C:\Users\13527\Desktop\123\HOUSE_WORK\PROJECT_COMMAND_CENTER_UI_LANE\HELPER_FILE_SURFACE_PREFLIGHT_20260606\ROOT_DROP_INTAKE_WASHER_HELPER_CANDIDATE_OPTION_SET_RECEIPT_20260608.txt","C:\Users\13527\Desktop\123\Jxhnny_Kl33N_Seedz\HOUSE_WORK\PROJECT_COMMAND_CENTER_UI_LANE\HELPER_FILE_SURFACE_PREFLIGHT_20260606\ROOT_DROP_INTAKE_WASHER_HELPER_CANDIDATE_OPTION_SET_RECEIPT_20260608.txt","Structured root ROOT_HOUSE_WORK file was missing from matching git lane.","41C7142E6E618BE77C5F40EB12D62F66A52CE2A5C180EB775FFA078AFEC52513","1439"
"MOVED_STRUCTURED_ROOT_FILE_TO_REPO_LANE","C:\Users\13527\Desktop\123\HOUSE_WORK\PROJECT_COMMAND_CENTER_UI_LANE\HELPER_FILE_SURFACE_PREFLIGHT_20260606\ROOT_DROP_INTAKE_WASHER_HELPER_CANDIDATE_REVIEW_DRY_RUN_20260608.md","C:\Users\13527\Desktop\123\Jxhnny_Kl33N_Seedz\HOUSE_WORK\PROJECT_COMMAND_CENTER_UI_LANE\HELPER_FILE_SURFACE_PREFLIGHT_20260606\ROOT_DROP_INTAKE_WASHER_HELPER_CANDIDATE_REVIEW_DRY_RUN_20260608.md","Structured root ROOT_HOUSE_WORK file was missing from matching git lane.","6F790D59EE2BDD05ABCEF99F4292EFEDAE58FEA64B3A28C3AB2BC41E950E5188","10779"
"MOVED_STRUCTURED_ROOT_FILE_TO_REPO_LANE","C:\Users\13527\Desktop\123\HOUSE_WORK\PROJECT_COMMAND_CENTER_UI_LANE\HELPER_FILE_SURFACE_PREFLIGHT_20260606\ROOT_DROP_INTAKE_WASHER_HELPER_CANDIDATE_REVIEW_DRY_RUN_RECEIPT_20260608.txt","C:\Users\13527\Desktop\123\Jxhnny_Kl33N_Seedz\HOUSE_WORK\PROJECT_COMMAND_CENTER_UI_LANE\HELPER_FILE_SURFACE_PREFLIGHT_20260606\ROOT_DROP_INTAKE_WASHER_HELPER_CANDIDATE_REVIEW_DRY_RUN_RECEIPT_20260608.txt","Structured root ROOT_HOUSE_WORK file was missing from matching git lane.","748B06757515A20C8C07974BC856EF1762B1AB81127196819742557E81976FE7","1818"
"MOVED_STRUCTURED_ROOT_FILE_TO_REPO_LANE","C:\Users\13527\Desktop\123\HOUSE_WORK\PROJECT_COMMAND_CENTER_UI_LANE\HELPER_FILE_SURFACE_PREFLIGHT_20260606\ROOT_DROP_INTAKE_WASHER_MULTI_FILE_DRY_RUN_RECEIPT_20260608.txt","C:\Users\13527\Desktop\123\Jxhnny_Kl33N_Seedz\HOUSE_WORK\PROJECT_COMMAND_CENTER_UI_LANE\HELPER_FILE_SURFACE_PREFLIGHT_20260606\ROOT_DROP_INTAKE_WASHER_MULTI_FILE_DRY_RUN_RECEIPT_20260608.txt","Structured root ROOT_HOUSE_WORK file was missing from matching git lane.","5770A63B7B719A9502921BC23556C74CC98B865E052DA94DEA15B3B5EEDFCF2F","1564"
"MOVED_STRUCTURED_ROOT_FILE_TO_REPO_LANE","C:\Users\13527\Desktop\123\HOUSE_WORK\PROJECT_COMMAND_CENTER_UI_LANE\HELPER_FILE_SURFACE_PREFLIGHT_20260606\ROOT_DROP_INTAKE_WASHER_OLD_LOAD_OR_SYSTEM_OPTION_SET_RECEIPT_V0_2_20260608.txt","C:\Users\13527\Desktop\123\Jxhnny_Kl33N_Seedz\HOUSE_WORK\PROJECT_COMMAND_CENTER_UI_LANE\HELPER_FILE_SURFACE_PREFLIGHT_20260606\ROOT_DROP_INTAKE_WASHER_OLD_LOAD_OR_SYSTEM_OPTION_SET_RECEIPT_V0_2_20260608.txt","Structured root ROOT_HOUSE_WORK file was missing from matching git lane.","57D65B525010C919698778F883814892D6570088CC71B8FE92390570C8ACE9DA","2640"
"MOVED_STRUCTURED_ROOT_FILE_TO_REPO_LANE","C:\Users\13527\Desktop\123\HOUSE_WORK\PROJECT_COMMAND_CENTER_UI_LANE\HELPER_FILE_SURFACE_PREFLIGHT_20260606\ROOT_DROP_INTAKE_WASHER_OLD_LOAD_OR_SYSTEM_OPTION_SET_V0_2_20260608.md","C:\Users\13527\Desktop\123\Jxhnny_Kl33N_Seedz\HOUSE_WORK\PROJECT_COMMAND_CENTER_UI_LANE\HELPER_FILE_SURFACE_PREFLIGHT_20260606\ROOT_DROP_INTAKE_WASHER_OLD_LOAD_OR_SYSTEM_OPTION_SET_V0_2_20260608.md","Structured root ROOT_HOUSE_WORK file was missing from matching git lane.","F10A98EFC3E8D16AFA83807669631473267E40E4BCA35899AE6924F8430BCC4D","11633"
"MOVED_STRUCTURED_ROOT_FILE_TO_REPO_LANE","C:\Users\13527\Desktop\123\HOUSE_WORK\PROJECT_COMMAND_CENTER_UI_LANE\HELPER_FILE_SURFACE_PREFLIGHT_20260606\ROOT_DROP_INTAKE_WASHER_OLD_LOAD_OR_SYSTEM_REVIEW_DRY_RUN_20260608.md","C:\Users\13527\Desktop\123\Jxhnny_Kl33N_Seedz\HOUSE_WORK\PROJECT_COMMAND_CENTER_UI_LANE\HELPER_FILE_SURFACE_PREFLIGHT_20260606\ROOT_DROP_INTAKE_WASHER_OLD_LOAD_OR_SYSTEM_REVIEW_DRY_RUN_20260608.md","Structured root ROOT_HOUSE_WORK file was missing from matching git lane.","A572A9510D84402B285C3B6D7CEE74676F4CA315D6519323B8818300B400F571","10168"
"MOVED_STRUCTURED_ROOT_FILE_TO_REPO_LANE","C:\Users\13527\Desktop\123\HOUSE_WORK\PROJECT_COMMAND_CENTER_UI_LANE\HELPER_FILE_SURFACE_PREFLIGHT_20260606\ROOT_DROP_INTAKE_WASHER_OLD_LOAD_OR_SYSTEM_REVIEW_DRY_RUN_RECEIPT_20260608.txt","C:\Users\13527\Desktop\123\Jxhnny_Kl33N_Seedz\HOUSE_WORK\PROJECT_COMMAND_CENTER_UI_LANE\HELPER_FILE_SURFACE_PREFLIGHT_20260606\ROOT_DROP_INTAKE_WASHER_OLD_LOAD_OR_SYSTEM_REVIEW_DRY_RUN_RECEIPT_20260608.txt","Structured root ROOT_HOUSE_WORK file was missing from matching git lane.","9138F329F22179CB95EEF0767B6EFDDB54FC38CA799B8D22D35193802D26B46D","2596"
"MOVED_STRUCTURED_ROOT_FILE_TO_REPO_LANE","C:\Users\13527\Desktop\123\HOUSE_WORK\PROJECT_COMMAND_CENTER_UI_LANE\HELPER_FILE_SURFACE_PREFLIGHT_20260606\ROOT_DROP_INTAKE_WASHER_QUEUE_CLOSEOUT_AND_NEXT_ACTION_CARD_20260608.md","C:\Users\13527\Desktop\123\Jxhnny_Kl33N_Seedz\HOUSE_WORK\PROJECT_COMMAND_CENTER_UI_LANE\HELPER_FILE_SURFACE_PREFLIGHT_20260606\ROOT_DROP_INTAKE_WASHER_QUEUE_CLOSEOUT_AND_NEXT_ACTION_CARD_20260608.md","Structured root ROOT_HOUSE_WORK file was missing from matching git lane.","A5136F34466F5B480409C62B1BC212FA93195D80500C63F606F8AC8801747A51","8771"
"MOVED_STRUCTURED_ROOT_FILE_TO_REPO_LANE","C:\Users\13527\Desktop\123\HOUSE_WORK\PROJECT_COMMAND_CENTER_UI_LANE\HELPER_FILE_SURFACE_PREFLIGHT_20260606\ROOT_DROP_INTAKE_WASHER_QUEUE_CLOSEOUT_AND_NEXT_ACTION_CARD_RECEIPT_20260608.txt","C:\Users\13527\Desktop\123\Jxhnny_Kl33N_Seedz\HOUSE_WORK\PROJECT_COMMAND_CENTER_UI_LANE\HELPER_FILE_SURFACE_PREFLIGHT_20260606\ROOT_DROP_INTAKE_WASHER_QUEUE_CLOSEOUT_AND_NEXT_ACTION_CARD_RECEIPT_20260608.txt","Structured root ROOT_HOUSE_WORK file was missing from matching git lane.","8F7ECF520CFA44A71FB43729A58A93075EF195604A27EF8EFA1EDE2735952CB4","2927"
"MOVED_STRUCTURED_ROOT_FILE_TO_REPO_LANE","C:\Users\13527\Desktop\123\HOUSE_WORK\PROJECT_COMMAND_CENTER_UI_LANE\HELPER_FILE_SURFACE_PREFLIGHT_20260606\ROOT_DROP_INTAKE_WASHER_REVIEW_QUEUE_FROM_MULTI_FILE_DRY_RUN_20260608.md","C:\Users\13527\Desktop\123\Jxhnny_Kl33N_Seedz\HOUSE_WORK\PROJECT_COMMAND_CENTER_UI_LANE\HELPER_FILE_SURFACE_PREFLIGHT_20260606\ROOT_DROP_INTAKE_WASHER_REVIEW_QUEUE_FROM_MULTI_FILE_DRY_RUN_20260608.md","Structured root ROOT_HOUSE_WORK file was missing from matching git lane.","5DA3E1C62606B97ACD21391A7704FA10D9C10EE1EE614FCD955956D6954070FD","20093"
"MOVED_STRUCTURED_ROOT_FILE_TO_REPO_LANE","C:\Users\13527\Desktop\123\HOUSE_WORK\PROJECT_COMMAND_CENTER_UI_LANE\HELPER_FILE_SURFACE_PREFLIGHT_20260606\ROOT_DROP_INTAKE_WASHER_REVIEW_QUEUE_FROM_MULTI_FILE_DRY_RUN_RECEIPT_20260608.txt","C:\Users\13527\Desktop\123\Jxhnny_Kl33N_Seedz\HOUSE_WORK\PROJECT_COMMAND_CENTER_UI_LANE\HELPER_FILE_SURFACE_PREFLIGHT_20260606\ROOT_DROP_INTAKE_WASHER_REVIEW_QUEUE_FROM_MULTI_FILE_DRY_RUN_RECEIPT_20260608.txt","Structured root ROOT_HOUSE_WORK file was missing from matching git lane.","DF1D8F35CA5EF9C17FA9F4BB7BA5C4102AB8521296BE932E760B49545DAE24AF","1907"
"MOVED_STRUCTURED_ROOT_FILE_TO_REPO_LANE","C:\Users\13527\Desktop\123\HOUSE_WORK\PROJECT_COMMAND_CENTER_UI_LANE\HELPER_FILE_SURFACE_PREFLIGHT_20260606\ROOT_DROP_INTAKE_WASHER_REVIEW_QUEUE_SUMMARY_AND_OPTION_SET_20260608.md","C:\Users\13527\Desktop\123\Jxhnny_Kl33N_Seedz\HOUSE_WORK\PROJECT_COMMAND_CENTER_UI_LANE\HELPER_FILE_SURFACE_PREFLIGHT_20260606\ROOT_DROP_INTAKE_WASHER_REVIEW_QUEUE_SUMMARY_AND_OPTION_SET_20260608.md","Structured root ROOT_HOUSE_WORK file was missing from matching git lane.","BD659A643AE3865FAB2FCEB0DC7C1700BBE4EF4F26D3803C6E0FB52127D61869","8961"
"MOVED_STRUCTURED_ROOT_FILE_TO_REPO_LANE","C:\Users\13527\Desktop\123\HOUSE_WORK\PROJECT_COMMAND_CENTER_UI_LANE\HELPER_FILE_SURFACE_PREFLIGHT_20260606\ROOT_DROP_INTAKE_WASHER_REVIEW_QUEUE_SUMMARY_AND_OPTION_SET_RECEIPT_20260608.txt","C:\Users\13527\Desktop\123\Jxhnny_Kl33N_Seedz\HOUSE_WORK\PROJECT_COMMAND_CENTER_UI_LANE\HELPER_FILE_SURFACE_PREFLIGHT_20260606\ROOT_DROP_INTAKE_WASHER_REVIEW_QUEUE_SUMMARY_AND_OPTION_SET_RECEIPT_20260608.txt","Structured root ROOT_HOUSE_WORK file was missing from matching git lane.","B43450672DF855F495B7492FD5DEA15961493EF1EC5C6BD12D8545DD2A7EE8FF","1777"
"MOVED_STRUCTURED_ROOT_FILE_TO_REPO_LANE","C:\Users\13527\Desktop\123\HOUSE_WORK\PROJECT_COMMAND_CENTER_UI_LANE\HELPER_FILE_SURFACE_PREFLIGHT_20260606\ROOT_DROP_INTAKE_WASHER_SOURCE_AUTHORITY_CANDIDATE_OPTION_SET_20260608.md","C:\Users\13527\Desktop\123\Jxhnny_Kl33N_Seedz\HOUSE_WORK\PROJECT_COMMAND_CENTER_UI_LANE\HELPER_FILE_SURFACE_PREFLIGHT_20260606\ROOT_DROP_INTAKE_WASHER_SOURCE_AUTHORITY_CANDIDATE_OPTION_SET_20260608.md","Structured root ROOT_HOUSE_WORK file was missing from matching git lane.","F1A44A706670489D5715B1726449C3D6DD8DB83DE6E497C5D73982CC40DF775F","8517"
"MOVED_STRUCTURED_ROOT_FILE_TO_REPO_LANE","C:\Users\13527\Desktop\123\HOUSE_WORK\PROJECT_COMMAND_CENTER_UI_LANE\HELPER_FILE_SURFACE_PREFLIGHT_20260606\ROOT_DROP_INTAKE_WASHER_SOURCE_AUTHORITY_CANDIDATE_OPTION_SET_RECEIPT_20260608.txt","C:\Users\13527\Desktop\123\Jxhnny_Kl33N_Seedz\HOUSE_WORK\PROJECT_COMMAND_CENTER_UI_LANE\HELPER_FILE_SURFACE_PREFLIGHT_20260606\ROOT_DROP_INTAKE_WASHER_SOURCE_AUTHORITY_CANDIDATE_OPTION_SET_RECEIPT_20260608.txt","Structured root ROOT_HOUSE_WORK file was missing from matching git lane.","9A42577D4BD29ECDDEDA19685891ECCE7F41ABF469346F792A5B416323CACE18","1950"
"MOVED_STRUCTURED_ROOT_FILE_TO_REPO_LANE","C:\Users\13527\Desktop\123\HOUSE_WORK\PROJECT_COMMAND_CENTER_UI_LANE\HELPER_FILE_SURFACE_PREFLIGHT_20260606\ROOT_DROP_INTAKE_WASHER_SOURCE_AUTHORITY_CANDIDATE_REVIEW_CARD_20260608.md","C:\Users\13527\Desktop\123\Jxhnny_Kl33N_Seedz\HOUSE_WORK\PROJECT_COMMAND_CENTER_UI_LANE\HELPER_FILE_SURFACE_PREFLIGHT_20260606\ROOT_DROP_INTAKE_WASHER_SOURCE_AUTHORITY_CANDIDATE_REVIEW_CARD_20260608.md","Structured root ROOT_HOUSE_WORK file was missing from matching git lane.","C1961F1D3357218A2FB8D474C19F5E4489BDBFE1F16CA86F9FD0C7F244813F11","2098"
"MOVED_STRUCTURED_ROOT_FILE_TO_REPO_LANE","C:\Users\13527\Desktop\123\HOUSE_WORK\PROJECT_COMMAND_CENTER_UI_LANE\HELPER_FILE_SURFACE_PREFLIGHT_20260606\ROOT_DROP_INTAKE_WASHER_SOURCE_AUTHORITY_CANDIDATE_REVIEW_DRY_RUN_20260608.md","C:\Users\13527\Desktop\123\Jxhnny_Kl33N_Seedz\HOUSE_WORK\PROJECT_COMMAND_CENTER_UI_LANE\HELPER_FILE_SURFACE_PREFLIGHT_20260606\ROOT_DROP_INTAKE_WASHER_SOURCE_AUTHORITY_CANDIDATE_REVIEW_DRY_RUN_20260608.md","Structured root ROOT_HOUSE_WORK file was missing from matching git lane.","D3813D05C3B9E1969F0A83FF84D528441E91A1430551E490D0194816FCA1D5D6","7527"
"MOVED_STRUCTURED_ROOT_FILE_TO_REPO_LANE","C:\Users\13527\Desktop\123\HOUSE_WORK\PROJECT_COMMAND_CENTER_UI_LANE\HELPER_FILE_SURFACE_PREFLIGHT_20260606\ROOT_DROP_INTAKE_WASHER_SOURCE_AUTHORITY_CANDIDATE_REVIEW_DRY_RUN_RECEIPT_20260608.txt","C:\Users\13527\Desktop\123\Jxhnny_Kl33N_Seedz\HOUSE_WORK\PROJECT_COMMAND_CENTER_UI_LANE\HELPER_FILE_SURFACE_PREFLIGHT_20260606\ROOT_DROP_INTAKE_WASHER_SOURCE_AUTHORITY_CANDIDATE_REVIEW_DRY_RUN_RECEIPT_20260608.txt","Structured root ROOT_HOUSE_WORK file was missing from matching git lane.","238E07D63A1A37C026EA5B932A4B5F8AF7B8878CAC22A9A86CF0038300CE9B36","2145"
"MOVED_STRUCTURED_ROOT_FILE_TO_REPO_LANE","C:\Users\13527\Desktop\123\HOUSE_WORK\PROJECT_COMMAND_CENTER_UI_LANE\HELPER_FILE_SURFACE_PREFLIGHT_20260606\ROOT_DROP_INTAKE_WASHER_SUPPORT_CANDIDATE_OPTION_SET_20260608.md","C:\Users\13527\Desktop\123\Jxhnny_Kl33N_Seedz\HOUSE_WORK\PROJECT_COMMAND_CENTER_UI_LANE\HELPER_FILE_SURFACE_PREFLIGHT_20260606\ROOT_DROP_INTAKE_WASHER_SUPPORT_CANDIDATE_OPTION_SET_20260608.md","Structured root ROOT_HOUSE_WORK file was missing from matching git lane.","77853EF98286012AD8D294966CBB367C729172E69D55E3EBA2874E72A725FD4C","12642"
"MOVED_STRUCTURED_ROOT_FILE_TO_REPO_LANE","C:\Users\13527\Desktop\123\HOUSE_WORK\PROJECT_COMMAND_CENTER_UI_LANE\HELPER_FILE_SURFACE_PREFLIGHT_20260606\ROOT_DROP_INTAKE_WASHER_SUPPORT_CANDIDATE_OPTION_SET_RECEIPT_20260608.txt","C:\Users\13527\Desktop\123\Jxhnny_Kl33N_Seedz\HOUSE_WORK\PROJECT_COMMAND_CENTER_UI_LANE\HELPER_FILE_SURFACE_PREFLIGHT_20260606\ROOT_DROP_INTAKE_WASHER_SUPPORT_CANDIDATE_OPTION_SET_RECEIPT_20260608.txt","Structured root ROOT_HOUSE_WORK file was missing from matching git lane.","D3219945274CE514594A5F322A14E43AAC350E0A51D3FB978393D305463A16BF","2288"
"MOVED_STRUCTURED_ROOT_FILE_TO_REPO_LANE","C:\Users\13527\Desktop\123\HOUSE_WORK\PROJECT_COMMAND_CENTER_UI_LANE\HELPER_FILE_SURFACE_PREFLIGHT_20260606\ROOT_DROP_INTAKE_WASHER_SUPPORT_CANDIDATE_REVIEW_DRY_RUN_20260608.md","C:\Users\13527\Desktop\123\Jxhnny_Kl33N_Seedz\HOUSE_WORK\PROJECT_COMMAND_CENTER_UI_LANE\HELPER_FILE_SURFACE_PREFLIGHT_20260606\ROOT_DROP_INTAKE_WASHER_SUPPORT_CANDIDATE_REVIEW_DRY_RUN_20260608.md","Structured root ROOT_HOUSE_WORK file was missing from matching git lane.","56BC9E4F1720DA4CE8A1A0E0A976C2AA774AB45767F9B02F03E73E3C324EAFDB","8275"
"MOVED_STRUCTURED_ROOT_FILE_TO_REPO_LANE","C:\Users\13527\Desktop\123\HOUSE_WORK\PROJECT_COMMAND_CENTER_UI_LANE\HELPER_FILE_SURFACE_PREFLIGHT_20260606\ROOT_DROP_INTAKE_WASHER_SUPPORT_CANDIDATE_REVIEW_DRY_RUN_RECEIPT_20260608.txt","C:\Users\13527\Desktop\123\Jxhnny_Kl33N_Seedz\HOUSE_WORK\PROJECT_COMMAND_CENTER_UI_LANE\HELPER_FILE_SURFACE_PREFLIGHT_20260606\ROOT_DROP_INTAKE_WASHER_SUPPORT_CANDIDATE_REVIEW_DRY_RUN_RECEIPT_20260608.txt","Structured root ROOT_HOUSE_WORK file was missing from matching git lane.","946E0E16805091DF846D6F2273CAAE5DA79585B4D18F30ECD541435D73EC07D3","2042"
"MOVED_STRUCTURED_ROOT_FILE_TO_REPO_LANE","C:\Users\13527\Desktop\123\HOUSE_WORK\PROJECT_COMMAND_CENTER_UI_LANE\HELPER_FILE_SURFACE_PREFLIGHT_20260606\ROOT_DROP_INTAKE_WASHER_SUPPORT_CARD_DRY_RUN__ROOT_DROP_RULE_20260608.md","C:\Users\13527\Desktop\123\Jxhnny_Kl33N_Seedz\HOUSE_WORK\PROJECT_COMMAND_CENTER_UI_LANE\HELPER_FILE_SURFACE_PREFLIGHT_20260606\ROOT_DROP_INTAKE_WASHER_SUPPORT_CARD_DRY_RUN__ROOT_DROP_RULE_20260608.md","Structured root ROOT_HOUSE_WORK file was missing from matching git lane.","D4C259530B55406DCAD612FD0CF3E74DC04C1B18E425140C0AC8B7132B3C3A15","1927"
"MOVED_STRUCTURED_ROOT_FILE_TO_REPO_LANE","C:\Users\13527\Desktop\123\HOUSE_WORK\PROJECT_COMMAND_CENTER_UI_LANE\HELPER_FILE_SURFACE_PREFLIGHT_20260606\ROOT_DROP_INTAKE_WASHER_SUPPORT_CARD_SCHEMA_20260608.md","C:\Users\13527\Desktop\123\Jxhnny_Kl33N_Seedz\HOUSE_WORK\PROJECT_COMMAND_CENTER_UI_LANE\HELPER_FILE_SURFACE_PREFLIGHT_20260606\ROOT_DROP_INTAKE_WASHER_SUPPORT_CARD_SCHEMA_20260608.md","Structured root ROOT_HOUSE_WORK file was missing from matching git lane.","3DABB1A98075F3FEF20A6B4F1042C49EE8024001227120D9E35C3DCE79A3F5D0","4079"
"MOVED_STRUCTURED_ROOT_FILE_TO_REPO_LANE","C:\Users\13527\Desktop\123\HOUSE_WORK\PROJECT_COMMAND_CENTER_UI_LANE\HELPER_FILE_SURFACE_PREFLIGHT_20260606\ROOT_DROP_INTAKE_WASHER_SUPPORT_CARD_SCHEMA_AND_DRY_RUN_RECEIPT_20260608.txt","C:\Users\13527\Desktop\123\Jxhnny_Kl33N_Seedz\HOUSE_WORK\PROJECT_COMMAND_CENTER_UI_LANE\HELPER_FILE_SURFACE_PREFLIGHT_20260606\ROOT_DROP_INTAKE_WASHER_SUPPORT_CARD_SCHEMA_AND_DRY_RUN_RECEIPT_20260608.txt","Structured root ROOT_HOUSE_WORK file was missing from matching git lane.","70D9CAD70D21162A1143D5B074852AE2A66F34814F95D2E8A42502E8C3A283A2","1754"
"MOVED_STRUCTURED_ROOT_FILE_TO_REPO_LANE","C:\Users\13527\Desktop\123\HOUSE_WORK\PROJECT_COMMAND_CENTER_UI_LANE\HELPER_FILE_SURFACE_PREFLIGHT_20260606\ROOT_DROP_INTAKE_WASHER_SUPPORT_CARD_SCHEMA_FIELD_TEST_ON_MORE_THAN_ONE_FILE_20260608.md","C:\Users\13527\Desktop\123\Jxhnny_Kl33N_Seedz\HOUSE_WORK\PROJECT_COMMAND_CENTER_UI_LANE\HELPER_FILE_SURFACE_PREFLIGHT_20260606\ROOT_DROP_INTAKE_WASHER_SUPPORT_CARD_SCHEMA_FIELD_TEST_ON_MORE_THAN_ONE_FILE_20260608.md","Structured root ROOT_HOUSE_WORK file was missing from matching git lane.","DE306B2A5A7BAF7D3B6E5AD39C972098F57E9701E1709A52F70A7503913E9E9E","13572"
"MOVED_STRUCTURED_ROOT_FILE_TO_REPO_LANE","C:\Users\13527\Desktop\123\HOUSE_WORK\PROJECT_COMMAND_CENTER_UI_LANE\HELPER_FILE_SURFACE_PREFLIGHT_20260606\ROOT_DROP_INTAKE_WRONG_LANE_INCIDENT_FAMILY_REVIEW_20260608.md","C:\Users\13527\Desktop\123\Jxhnny_Kl33N_Seedz\HOUSE_WORK\PROJECT_COMMAND_CENTER_UI_LANE\HELPER_FILE_SURFACE_PREFLIGHT_20260606\ROOT_DROP_INTAKE_WRONG_LANE_INCIDENT_FAMILY_REVIEW_20260608.md","Structured root ROOT_HOUSE_WORK file was missing from matching git lane.","521B66141841DC2382BC6CBA765C5A6D849B9C3A8F1D445BF4F3B65DB06C1DC3","8703"
"MOVED_STRUCTURED_ROOT_FILE_TO_REPO_LANE","C:\Users\13527\Desktop\123\HOUSE_WORK\PROJECT_COMMAND_CENTER_UI_LANE\HELPER_FILE_SURFACE_PREFLIGHT_20260606\ROOT_HELD_GROUP_NON_SCRIPT_CUSTODY_REVIEW_QUEUE_V0_1_20260608.md","C:\Users\13527\Desktop\123\Jxhnny_Kl33N_Seedz\HOUSE_WORK\PROJECT_COMMAND_CENTER_UI_LANE\HELPER_FILE_SURFACE_PREFLIGHT_20260606\ROOT_HELD_GROUP_NON_SCRIPT_CUSTODY_REVIEW_QUEUE_V0_1_20260608.md","Structured root ROOT_HOUSE_WORK file was missing from matching git lane.","561F28FABEDC9F75620B7BE44E35DB8E678C7BE116F8BF390EBB4712953676B9","3609"
"MOVED_STRUCTURED_ROOT_FILE_TO_REPO_LANE","C:\Users\13527\Desktop\123\HOUSE_WORK\PROJECT_COMMAND_CENTER_UI_LANE\HELPER_FILE_SURFACE_PREFLIGHT_20260606\ROOT_HELD_GROUP_NON_SCRIPT_CUSTODY_REVIEW_QUEUE_V0_1_RECEIPT_20260608.txt","C:\Users\13527\Desktop\123\Jxhnny_Kl33N_Seedz\HOUSE_WORK\PROJECT_COMMAND_CENTER_UI_LANE\HELPER_FILE_SURFACE_PREFLIGHT_20260606\ROOT_HELD_GROUP_NON_SCRIPT_CUSTODY_REVIEW_QUEUE_V0_1_RECEIPT_20260608.txt","Structured root ROOT_HOUSE_WORK file was missing from matching git lane.","25D3B81B6BE7574EF0CB3479C4C82869749D5F9611AD19FB58D21EF3467B8BE4","2166"
"MOVED_STRUCTURED_ROOT_FILE_TO_REPO_LANE","C:\Users\13527\Desktop\123\HOUSE_WORK\PROJECT_COMMAND_CENTER_UI_LANE\HELPER_FILE_SURFACE_PREFLIGHT_20260606\ROOT_HELD_GROUP_NON_SCRIPT_CUSTODY_REVIEW_QUEUE_V0_1_STRESS_BENCH_20260608.md","C:\Users\13527\Desktop\123\Jxhnny_Kl33N_Seedz\HOUSE_WORK\PROJECT_COMMAND_CENTER_UI_LANE\HELPER_FILE_SURFACE_PREFLIGHT_20260606\ROOT_HELD_GROUP_NON_SCRIPT_CUSTODY_REVIEW_QUEUE_V0_1_STRESS_BENCH_20260608.md","Structured root ROOT_HOUSE_WORK file was missing from matching git lane.","418E9A80E21A172CF51F1516ACB91A9E32BC21F5DAD44550DB718047FD1F9A2D","1007"
"MOVED_STRUCTURED_ROOT_FILE_TO_REPO_LANE","C:\Users\13527\Desktop\123\HOUSE_WORK\PROJECT_COMMAND_CENTER_UI_LANE\HELPER_FILE_SURFACE_PREFLIGHT_20260606\ROOT_HELD_GROUP_ROUTE_DRY_RUN_SELECTOR_RECEIPT_V0_5_20260609.txt","C:\Users\13527\Desktop\123\Jxhnny_Kl33N_Seedz\HOUSE_WORK\PROJECT_COMMAND_CENTER_UI_LANE\HELPER_FILE_SURFACE_PREFLIGHT_20260606\ROOT_HELD_GROUP_ROUTE_DRY_RUN_SELECTOR_RECEIPT_V0_5_20260609.txt","Structured root ROOT_HOUSE_WORK file was missing from matching git lane.","83BAF6AA1B48B4BB6B50A5939DC2AB824F032E835E34F781E506B46F71DD8819","1874"
"MOVED_STRUCTURED_ROOT_FILE_TO_REPO_LANE","C:\Users\13527\Desktop\123\HOUSE_WORK\PROJECT_COMMAND_CENTER_UI_LANE\HELPER_FILE_SURFACE_PREFLIGHT_20260606\ROOT_HELD_GROUP_ROUTE_DRY_RUN_SELECTOR_V0_5_20260609.md","C:\Users\13527\Desktop\123\Jxhnny_Kl33N_Seedz\HOUSE_WORK\PROJECT_COMMAND_CENTER_UI_LANE\HELPER_FILE_SURFACE_PREFLIGHT_20260606\ROOT_HELD_GROUP_ROUTE_DRY_RUN_SELECTOR_V0_5_20260609.md","Structured root ROOT_HOUSE_WORK file was missing from matching git lane.","7FF73554A783AF238BAE8C1D9B1FA9BC6359C693FC19ACC890B3BC0C65945543","79066"
"MOVED_STRUCTURED_ROOT_FILE_TO_REPO_LANE","C:\Users\13527\Desktop\123\HOUSE_WORK\PROJECT_COMMAND_CENTER_UI_LANE\HELPER_FILE_SURFACE_PREFLIGHT_20260606\ROOT_HELD_GROUP_ROUTE_DRY_RUN_SELECTOR_V0_5_MANUAL_DECISION_COPY_REVIEW_20260609.txt","C:\Users\13527\Desktop\123\Jxhnny_Kl33N_Seedz\HOUSE_WORK\PROJECT_COMMAND_CENTER_UI_LANE\HELPER_FILE_SURFACE_PREFLIGHT_20260606\ROOT_HELD_GROUP_ROUTE_DRY_RUN_SELECTOR_V0_5_MANUAL_DECISION_COPY_REVIEW_20260609.txt","Structured root ROOT_HOUSE_WORK file was missing from matching git lane.","FF1FBF53E5C4B5909966673B2FA3048E9073D1404D71C64561377BE16F729D23","20277"
"MOVED_STRUCTURED_ROOT_FILE_TO_REPO_LANE","C:\Users\13527\Desktop\123\HOUSE_WORK\PROJECT_COMMAND_CENTER_UI_LANE\HELPER_FILE_SURFACE_PREFLIGHT_20260606\ROOT_HELD_GROUP_ROUTE_DRY_RUN_SELECTOR_V0_5_MANUAL_DECISION_WORKSHEET_20260609.csv","C:\Users\13527\Desktop\123\Jxhnny_Kl33N_Seedz\HOUSE_WORK\PROJECT_COMMAND_CENTER_UI_LANE\HELPER_FILE_SURFACE_PREFLIGHT_20260606\ROOT_HELD_GROUP_ROUTE_DRY_RUN_SELECTOR_V0_5_MANUAL_DECISION_WORKSHEET_20260609.csv","Structured root ROOT_HOUSE_WORK file was missing from matching git lane.","2A29F825FEDE1EB4EA5EA3F9F22F733803F09944F57F4538EFDEF2C28BE0BF40","15958"
"MOVED_STRUCTURED_ROOT_FILE_TO_REPO_LANE","C:\Users\13527\Desktop\123\HOUSE_WORK\PROJECT_COMMAND_CENTER_UI_LANE\HELPER_FILE_SURFACE_PREFLIGHT_20260606\ROOT_HELD_GROUP_ROUTE_DRY_RUN_SELECTOR_V0_5_MANUAL_DECISION_WORKSHEET_20260609.md","C:\Users\13527\Desktop\123\Jxhnny_Kl33N_Seedz\HOUSE_WORK\PROJECT_COMMAND_CENTER_UI_LANE\HELPER_FILE_SURFACE_PREFLIGHT_20260606\ROOT_HELD_GROUP_ROUTE_DRY_RUN_SELECTOR_V0_5_MANUAL_DECISION_WORKSHEET_20260609.md","Structured root ROOT_HOUSE_WORK file was missing from matching git lane.","EC0F192AB6B42BBCB10A733CD0AA55F1732AAD1691E8D9918386E87E4FD212F5","18720"
"MOVED_STRUCTURED_ROOT_FILE_TO_REPO_LANE","C:\Users\13527\Desktop\123\HOUSE_WORK\PROJECT_COMMAND_CENTER_UI_LANE\HELPER_FILE_SURFACE_PREFLIGHT_20260606\ROOT_HELD_GROUP_ROUTE_DRY_RUN_SELECTOR_V0_5_MANUAL_DECISION_WORKSHEET_RECEIPT_20260609.txt","C:\Users\13527\Desktop\123\Jxhnny_Kl33N_Seedz\HOUSE_WORK\PROJECT_COMMAND_CENTER_UI_LANE\HELPER_FILE_SURFACE_PREFLIGHT_20260606\ROOT_HELD_GROUP_ROUTE_DRY_RUN_SELECTOR_V0_5_MANUAL_DECISION_WORKSHEET_RECEIPT_20260609.txt","Structured root ROOT_HOUSE_WORK file was missing from matching git lane.","B2AF8C533F9B62059260C8B884E5A374D225C0F46F38EC1C7CFD286BBCDC6D0E","2157"
"MOVED_STRUCTURED_ROOT_FILE_TO_REPO_LANE","C:\Users\13527\Desktop\123\HOUSE_WORK\PROJECT_COMMAND_CENTER_UI_LANE\HELPER_FILE_SURFACE_PREFLIGHT_20260606\ROOT_HELD_GROUP_ROUTE_DRY_RUN_SELECTOR_V0_5_MANUAL_DECISION_WORKSHEET_USER_MARKED_RECEIPT_V0_1_20260609.txt","C:\Users\13527\Desktop\123\Jxhnny_Kl33N_Seedz\HOUSE_WORK\PROJECT_COMMAND_CENTER_UI_LANE\HELPER_FILE_SURFACE_PREFLIGHT_20260606\ROOT_HELD_GROUP_ROUTE_DRY_RUN_SELECTOR_V0_5_MANUAL_DECISION_WORKSHEET_USER_MARKED_RECEIPT_V0_1_20260609.txt","Structured root ROOT_HOUSE_WORK file was missing from matching git lane.","595214E86DE6929792ACAB6739DA4C8AAF309C4B996BD775B5516AA0101DE665","1494"
"MOVED_STRUCTURED_ROOT_FILE_TO_REPO_LANE","C:\Users\13527\Desktop\123\HOUSE_WORK\PROJECT_COMMAND_CENTER_UI_LANE\HELPER_FILE_SURFACE_PREFLIGHT_20260606\ROOT_HELD_GROUP_ROUTE_DRY_RUN_SELECTOR_V0_5_MANUAL_DECISION_WORKSHEET_USER_MARKED_V0_1_20260609.csv","C:\Users\13527\Desktop\123\Jxhnny_Kl33N_Seedz\HOUSE_WORK\PROJECT_COMMAND_CENTER_UI_LANE\HELPER_FILE_SURFACE_PREFLIGHT_20260606\ROOT_HELD_GROUP_ROUTE_DRY_RUN_SELECTOR_V0_5_MANUAL_DECISION_WORKSHEET_USER_MARKED_V0_1_20260609.csv","Structured root ROOT_HOUSE_WORK file was missing from matching git lane.","DB41FAF1985E4FA729934CB8258F9084FCC725A476ABB9072FAAC58662A75A5D","20807"
"MOVED_STRUCTURED_ROOT_FILE_TO_REPO_LANE","C:\Users\13527\Desktop\123\HOUSE_WORK\PROJECT_COMMAND_CENTER_UI_LANE\HELPER_FILE_SURFACE_PREFLIGHT_20260606\ROOT_HELD_GROUP_ROUTE_DRY_RUN_SELECTOR_V0_5_MANUAL_DECISION_WORKSHEET_USER_MARKED_V0_1_20260609.md","C:\Users\13527\Desktop\123\Jxhnny_Kl33N_Seedz\HOUSE_WORK\PROJECT_COMMAND_CENTER_UI_LANE\HELPER_FILE_SURFACE_PREFLIGHT_20260606\ROOT_HELD_GROUP_ROUTE_DRY_RUN_SELECTOR_V0_5_MANUAL_DECISION_WORKSHEET_USER_MARKED_V0_1_20260609.md","Structured root ROOT_HOUSE_WORK file was missing from matching git lane.","DD0A2E7951D6783BC2BC823EE51BFE49657A790C2EE5D4C4B0155546416EDB5F","23690"
"MOVED_STRUCTURED_ROOT_FILE_TO_REPO_LANE","C:\Users\13527\Desktop\123\HOUSE_WORK\PROJECT_COMMAND_CENTER_UI_LANE\HELPER_FILE_SURFACE_PREFLIGHT_20260606\ROOT_HELD_GROUP_ROUTE_DRY_RUN_SELECTOR_V0_5_REVIEW_AND_NEXT_ACTION_CARD_RECEIPT_V0_2_20260609.txt","C:\Users\13527\Desktop\123\Jxhnny_Kl33N_Seedz\HOUSE_WORK\PROJECT_COMMAND_CENTER_UI_LANE\HELPER_FILE_SURFACE_PREFLIGHT_20260606\ROOT_HELD_GROUP_ROUTE_DRY_RUN_SELECTOR_V0_5_REVIEW_AND_NEXT_ACTION_CARD_RECEIPT_V0_2_20260609.txt","Structured root ROOT_HOUSE_WORK file was missing from matching git lane.","638973843C45F0950164E92323E820E5D470A3DDF2A77B4F4BB1D661CE5786F5","3680"
"MOVED_STRUCTURED_ROOT_FILE_TO_REPO_LANE","C:\Users\13527\Desktop\123\HOUSE_WORK\PROJECT_COMMAND_CENTER_UI_LANE\HELPER_FILE_SURFACE_PREFLIGHT_20260606\ROOT_HELD_GROUP_ROUTE_DRY_RUN_SELECTOR_V0_5_REVIEW_AND_NEXT_ACTION_CARD_V0_2_20260609.md","C:\Users\13527\Desktop\123\Jxhnny_Kl33N_Seedz\HOUSE_WORK\PROJECT_COMMAND_CENTER_UI_LANE\HELPER_FILE_SURFACE_PREFLIGHT_20260606\ROOT_HELD_GROUP_ROUTE_DRY_RUN_SELECTOR_V0_5_REVIEW_AND_NEXT_ACTION_CARD_V0_2_20260609.md","Structured root ROOT_HOUSE_WORK file was missing from matching git lane.","27EF576560656F28091410B53357A875803ABA2F593930F00BC78BA1606D1FA0","4856"
"MOVED_STRUCTURED_ROOT_FILE_TO_REPO_LANE","C:\Users\13527\Desktop\123\HOUSE_WORK\PROJECT_COMMAND_CENTER_UI_LANE\HELPER_FILE_SURFACE_PREFLIGHT_20260606\ROOT_HELD_GROUP_ROUTE_DRY_RUN_SELECTOR_V0_5_USER_MARKED_DECISION_CLOSEOUT_RECEIPT_V0_1_20260609.txt","C:\Users\13527\Desktop\123\Jxhnny_Kl33N_Seedz\HOUSE_WORK\PROJECT_COMMAND_CENTER_UI_LANE\HELPER_FILE_SURFACE_PREFLIGHT_20260606\ROOT_HELD_GROUP_ROUTE_DRY_RUN_SELECTOR_V0_5_USER_MARKED_DECISION_CLOSEOUT_RECEIPT_V0_1_20260609.txt","Structured root ROOT_HOUSE_WORK file was missing from matching git lane.","C9367818C378F6EE90D33416A835E7C6AD0598F6706AEA1CD305007AE132325B","1881"
"MOVED_STRUCTURED_ROOT_FILE_TO_REPO_LANE","C:\Users\13527\Desktop\123\HOUSE_WORK\PROJECT_COMMAND_CENTER_UI_LANE\HELPER_FILE_SURFACE_PREFLIGHT_20260606\ROOT_HELD_GROUP_ROUTE_DRY_RUN_SELECTOR_V0_5_USER_MARKED_DECISION_CLOSEOUT_V0_1_20260609.md","C:\Users\13527\Desktop\123\Jxhnny_Kl33N_Seedz\HOUSE_WORK\PROJECT_COMMAND_CENTER_UI_LANE\HELPER_FILE_SURFACE_PREFLIGHT_20260606\ROOT_HELD_GROUP_ROUTE_DRY_RUN_SELECTOR_V0_5_USER_MARKED_DECISION_CLOSEOUT_V0_1_20260609.md","Structured root ROOT_HOUSE_WORK file was missing from matching git lane.","5151964CA547748825386CF881153CF5FA71B73BD35260FA1D8F8A4B4B81C38F","9607"
"MOVED_STRUCTURED_ROOT_FILE_TO_REPO_LANE","C:\Users\13527\Desktop\123\HOUSE_WORK\PROJECT_COMMAND_CENTER_UI_LANE\HELPER_FILE_SURFACE_PREFLIGHT_20260606\ROOT_HELD_GROUP_ROUTE_DRY_RUN_SELECTOR_V0_5_USER_REVIEW_PACKET_RECEIPT_V0_2_20260609.txt","C:\Users\13527\Desktop\123\Jxhnny_Kl33N_Seedz\HOUSE_WORK\PROJECT_COMMAND_CENTER_UI_LANE\HELPER_FILE_SURFACE_PREFLIGHT_20260606\ROOT_HELD_GROUP_ROUTE_DRY_RUN_SELECTOR_V0_5_USER_REVIEW_PACKET_RECEIPT_V0_2_20260609.txt","Structured root ROOT_HOUSE_WORK file was missing from matching git lane.","8C8EAB1472271BEC433FE4E2779BC1624EFC255C9D178EF47B2C16574AFF70D5","1286"
"MOVED_STRUCTURED_ROOT_FILE_TO_REPO_LANE","C:\Users\13527\Desktop\123\HOUSE_WORK\PROJECT_COMMAND_CENTER_UI_LANE\HELPER_FILE_SURFACE_PREFLIGHT_20260606\ROOT_HELD_GROUP_ROUTE_DRY_RUN_SELECTOR_V0_5_USER_REVIEW_PACKET_V0_2_20260609.md","C:\Users\13527\Desktop\123\Jxhnny_Kl33N_Seedz\HOUSE_WORK\PROJECT_COMMAND_CENTER_UI_LANE\HELPER_FILE_SURFACE_PREFLIGHT_20260606\ROOT_HELD_GROUP_ROUTE_DRY_RUN_SELECTOR_V0_5_USER_REVIEW_PACKET_V0_2_20260609.md","Structured root ROOT_HOUSE_WORK file was missing from matching git lane.","38D59D51507A5869B821CAD8834DC5EF38B2720EDFC044D49EC8A4772A3F2328","19873"
"MOVED_STRUCTURED_ROOT_FILE_TO_REPO_LANE","C:\Users\13527\Desktop\123\HOUSE_WORK\PROJECT_COMMAND_CENTER_UI_LANE\HELPER_FILE_SURFACE_PREFLIGHT_20260606\ROOT_HELD_GROUP_ROUTE_OR_HOLD_DECISION_OPTION_SET_V0_2_20260608.md","C:\Users\13527\Desktop\123\Jxhnny_Kl33N_Seedz\HOUSE_WORK\PROJECT_COMMAND_CENTER_UI_LANE\HELPER_FILE_SURFACE_PREFLIGHT_20260606\ROOT_HELD_GROUP_ROUTE_OR_HOLD_DECISION_OPTION_SET_V0_2_20260608.md","Structured root ROOT_HOUSE_WORK file was missing from matching git lane.","A481C79DA3206ADBB1A1BC43226CBFFB3F8AE2012A94539375D6EC35960D2965","4430"
"MOVED_STRUCTURED_ROOT_FILE_TO_REPO_LANE","C:\Users\13527\Desktop\123\HOUSE_WORK\PROJECT_COMMAND_CENTER_UI_LANE\HELPER_FILE_SURFACE_PREFLIGHT_20260606\ROOT_HELD_GROUP_ROUTE_OR_HOLD_DECISION_OPTION_SET_V0_2_RECEIPT_20260608.txt","C:\Users\13527\Desktop\123\Jxhnny_Kl33N_Seedz\HOUSE_WORK\PROJECT_COMMAND_CENTER_UI_LANE\HELPER_FILE_SURFACE_PREFLIGHT_20260606\ROOT_HELD_GROUP_ROUTE_OR_HOLD_DECISION_OPTION_SET_V0_2_RECEIPT_20260608.txt","Structured root ROOT_HOUSE_WORK file was missing from matching git lane.","6D3D51A37A5C9D7979E1E3F3C1289B6585AF41658FE99F022C6E8CD425AC5DC5","2032"
"MOVED_STRUCTURED_ROOT_FILE_TO_REPO_LANE","C:\Users\13527\Desktop\123\HOUSE_WORK\PROJECT_COMMAND_CENTER_UI_LANE\HELPER_FILE_SURFACE_PREFLIGHT_20260606\ROOT_HELD_GROUP_ROUTE_OR_HOLD_DECISION_OPTION_SET_V0_2_STRESS_BENCH_20260608.md","C:\Users\13527\Desktop\123\Jxhnny_Kl33N_Seedz\HOUSE_WORK\PROJECT_COMMAND_CENTER_UI_LANE\HELPER_FILE_SURFACE_PREFLIGHT_20260606\ROOT_HELD_GROUP_ROUTE_OR_HOLD_DECISION_OPTION_SET_V0_2_STRESS_BENCH_20260608.md","Structured root ROOT_HOUSE_WORK file was missing from matching git lane.","28F86A1766538C96197029314E1A20217AB798970F010B6A79C4A54BF3E348FA","806"
"MOVED_STRUCTURED_ROOT_FILE_TO_REPO_LANE","C:\Users\13527\Desktop\123\HOUSE_WORK\PROJECT_COMMAND_CENTER_UI_LANE\HELPER_FILE_SURFACE_PREFLIGHT_20260606\ROOT_HELD_GROUP_ROUTE_OR_HOLD_DECISION_READ_ONLY_PREP_CARD_20260608.md","C:\Users\13527\Desktop\123\Jxhnny_Kl33N_Seedz\HOUSE_WORK\PROJECT_COMMAND_CENTER_UI_LANE\HELPER_FILE_SURFACE_PREFLIGHT_20260606\ROOT_HELD_GROUP_ROUTE_OR_HOLD_DECISION_READ_ONLY_PREP_CARD_20260608.md","Structured root ROOT_HOUSE_WORK file was missing from matching git lane.","83967BAB53B170BAD53AEAC21BE042B6129B7C13B9934AC110D729011E1B6F8E","27220"
"MOVED_STRUCTURED_ROOT_FILE_TO_REPO_LANE","C:\Users\13527\Desktop\123\HOUSE_WORK\PROJECT_COMMAND_CENTER_UI_LANE\HELPER_FILE_SURFACE_PREFLIGHT_20260606\ROOT_HELD_GROUP_ROUTE_OR_HOLD_DECISION_READ_ONLY_PREP_CARD_RECEIPT_20260608.txt","C:\Users\13527\Desktop\123\Jxhnny_Kl33N_Seedz\HOUSE_WORK\PROJECT_COMMAND_CENTER_UI_LANE\HELPER_FILE_SURFACE_PREFLIGHT_20260606\ROOT_HELD_GROUP_ROUTE_OR_HOLD_DECISION_READ_ONLY_PREP_CARD_RECEIPT_20260608.txt","Structured root ROOT_HOUSE_WORK file was missing from matching git lane.","73AA76F428746BC7C6971F928AF580FEC9AA590627141261B52A66419C4F6AE7","1585"
"MOVED_STRUCTURED_ROOT_FILE_TO_REPO_LANE","C:\Users\13527\Desktop\123\HOUSE_WORK\PROJECT_COMMAND_CENTER_UI_LANE\HELPER_FILE_SURFACE_PREFLIGHT_20260606\ROOT_HELD_GROUP_ROUTE_OR_HOLD_DECISION_READ_ONLY_PREP_CARD_V0_2_20260608.md","C:\Users\13527\Desktop\123\Jxhnny_Kl33N_Seedz\HOUSE_WORK\PROJECT_COMMAND_CENTER_UI_LANE\HELPER_FILE_SURFACE_PREFLIGHT_20260606\ROOT_HELD_GROUP_ROUTE_OR_HOLD_DECISION_READ_ONLY_PREP_CARD_V0_2_20260608.md","Structured root ROOT_HOUSE_WORK file was missing from matching git lane.","5E7F2234E72DC05D318E24767BDC057912274BEA5368507208CEF4CDDAD460C1","14827"
"MOVED_STRUCTURED_ROOT_FILE_TO_REPO_LANE","C:\Users\13527\Desktop\123\HOUSE_WORK\PROJECT_COMMAND_CENTER_UI_LANE\HELPER_FILE_SURFACE_PREFLIGHT_20260606\ROOT_HELD_GROUP_ROUTE_OR_HOLD_DECISION_READ_ONLY_PREP_CARD_V0_2_RECEIPT_20260608.txt","C:\Users\13527\Desktop\123\Jxhnny_Kl33N_Seedz\HOUSE_WORK\PROJECT_COMMAND_CENTER_UI_LANE\HELPER_FILE_SURFACE_PREFLIGHT_20260606\ROOT_HELD_GROUP_ROUTE_OR_HOLD_DECISION_READ_ONLY_PREP_CARD_V0_2_RECEIPT_20260608.txt","Structured root ROOT_HOUSE_WORK file was missing from matching git lane.","88C98D9B1B4C2C665DA2E0AEB357B58E1467FB9AF37907996083BCAD91841A9D","2406"
"MOVED_STRUCTURED_ROOT_FILE_TO_REPO_LANE","C:\Users\13527\Desktop\123\HOUSE_WORK\PROJECT_COMMAND_CENTER_UI_LANE\HELPER_FILE_SURFACE_PREFLIGHT_20260606\ROOT_HELD_GROUP_ROUTE_OR_HOLD_DECISION_READ_ONLY_PREP_CARD_V0_2_STRESS_BENCH_20260608.md","C:\Users\13527\Desktop\123\Jxhnny_Kl33N_Seedz\HOUSE_WORK\PROJECT_COMMAND_CENTER_UI_LANE\HELPER_FILE_SURFACE_PREFLIGHT_20260606\ROOT_HELD_GROUP_ROUTE_OR_HOLD_DECISION_READ_ONLY_PREP_CARD_V0_2_STRESS_BENCH_20260608.md","Structured root ROOT_HOUSE_WORK file was missing from matching git lane.","BDFD4FED741CBFCB3B1DF8DFF0E3D5EF31E17BC3D190EC907EB04C5D962587CD","981"
"MOVED_STRUCTURED_ROOT_FILE_TO_REPO_LANE","C:\Users\13527\Desktop\123\HOUSE_WORK\PROJECT_COMMAND_CENTER_UI_LANE\HELPER_FILE_SURFACE_PREFLIGHT_20260606\ROOT_HELD_GROUP_ROUTE_OR_HOLD_DECISION_READ_ONLY_REVIEW_V0_2_20260608.md","C:\Users\13527\Desktop\123\Jxhnny_Kl33N_Seedz\HOUSE_WORK\PROJECT_COMMAND_CENTER_UI_LANE\HELPER_FILE_SURFACE_PREFLIGHT_20260606\ROOT_HELD_GROUP_ROUTE_OR_HOLD_DECISION_READ_ONLY_REVIEW_V0_2_20260608.md","Structured root ROOT_HOUSE_WORK file was missing from matching git lane.","5926E984B853D3422023BF6AA5F4180A81C3AFE716FB6E18F09906102CBCD20D","21308"
"MOVED_STRUCTURED_ROOT_FILE_TO_REPO_LANE","C:\Users\13527\Desktop\123\HOUSE_WORK\PROJECT_COMMAND_CENTER_UI_LANE\HELPER_FILE_SURFACE_PREFLIGHT_20260606\ROOT_HELD_GROUP_ROUTE_OR_HOLD_DECISION_READ_ONLY_REVIEW_V0_2_RECEIPT_20260608.txt","C:\Users\13527\Desktop\123\Jxhnny_Kl33N_Seedz\HOUSE_WORK\PROJECT_COMMAND_CENTER_UI_LANE\HELPER_FILE_SURFACE_PREFLIGHT_20260606\ROOT_HELD_GROUP_ROUTE_OR_HOLD_DECISION_READ_ONLY_REVIEW_V0_2_RECEIPT_20260608.txt","Structured root ROOT_HOUSE_WORK file was missing from matching git lane.","E34E00686A9014E543944F7FE22EE7462E21885FE26AD641BB57B0A4E1B49902","2302"
"MOVED_STRUCTURED_ROOT_FILE_TO_REPO_LANE","C:\Users\13527\Desktop\123\HOUSE_WORK\PROJECT_COMMAND_CENTER_UI_LANE\HELPER_FILE_SURFACE_PREFLIGHT_20260606\ROOT_HELD_GROUP_ROUTE_OR_HOLD_DECISION_READ_ONLY_REVIEW_V0_2_STRESS_BENCH_20260608.md","C:\Users\13527\Desktop\123\Jxhnny_Kl33N_Seedz\HOUSE_WORK\PROJECT_COMMAND_CENTER_UI_LANE\HELPER_FILE_SURFACE_PREFLIGHT_20260606\ROOT_HELD_GROUP_ROUTE_OR_HOLD_DECISION_READ_ONLY_REVIEW_V0_2_STRESS_BENCH_20260608.md","Structured root ROOT_HOUSE_WORK file was missing from matching git lane.","553987B342C485816CDF39AC534BBA5875D5DC8C3CB0BF2CF321813A08BBFD3A","1086"
"MOVED_STRUCTURED_ROOT_FILE_TO_REPO_LANE","C:\Users\13527\Desktop\123\HOUSE_WORK\PROJECT_COMMAND_CENTER_UI_LANE\HELPER_FILE_SURFACE_PREFLIGHT_20260606\ROOT_HELD_GROUP_ROUTE_PLAN_ONLY_V0_1_20260608.md","C:\Users\13527\Desktop\123\Jxhnny_Kl33N_Seedz\HOUSE_WORK\PROJECT_COMMAND_CENTER_UI_LANE\HELPER_FILE_SURFACE_PREFLIGHT_20260606\ROOT_HELD_GROUP_ROUTE_PLAN_ONLY_V0_1_20260608.md","Structured root ROOT_HOUSE_WORK file was missing from matching git lane.","FBDA72FCC368B608EE2802B7FDC9941A451446E7E7A8AD1D9D69C7FA137405E0","30696"
"MOVED_STRUCTURED_ROOT_FILE_TO_REPO_LANE","C:\Users\13527\Desktop\123\HOUSE_WORK\PROJECT_COMMAND_CENTER_UI_LANE\HELPER_FILE_SURFACE_PREFLIGHT_20260606\ROOT_HELD_GROUP_ROUTE_PLAN_ONLY_V0_1_RECEIPT_20260608.txt","C:\Users\13527\Desktop\123\Jxhnny_Kl33N_Seedz\HOUSE_WORK\PROJECT_COMMAND_CENTER_UI_LANE\HELPER_FILE_SURFACE_PREFLIGHT_20260606\ROOT_HELD_GROUP_ROUTE_PLAN_ONLY_V0_1_RECEIPT_20260608.txt","Structured root ROOT_HOUSE_WORK file was missing from matching git lane.","9BF504598C1352D7E06BC6F836116FCDA85A9E90681B46FCFED91A0DB1352C08","2059"
"MOVED_STRUCTURED_ROOT_FILE_TO_REPO_LANE","C:\Users\13527\Desktop\123\HOUSE_WORK\PROJECT_COMMAND_CENTER_UI_LANE\HELPER_FILE_SURFACE_PREFLIGHT_20260606\ROOT_HELD_GROUP_ROUTE_PLAN_ONLY_V0_1_STRESS_BENCH_20260608.md","C:\Users\13527\Desktop\123\Jxhnny_Kl33N_Seedz\HOUSE_WORK\PROJECT_COMMAND_CENTER_UI_LANE\HELPER_FILE_SURFACE_PREFLIGHT_20260606\ROOT_HELD_GROUP_ROUTE_PLAN_ONLY_V0_1_STRESS_BENCH_20260608.md","Structured root ROOT_HOUSE_WORK file was missing from matching git lane.","708238059F594CCAD99C93D2CC8B21285851E7EAEA4A58E663DFCD2DB0A8E4BD","1113"
"MOVED_STRUCTURED_ROOT_FILE_TO_REPO_LANE","C:\Users\13527\Desktop\123\HOUSE_WORK\PROJECT_COMMAND_CENTER_UI_LANE\HELPER_FILE_SURFACE_PREFLIGHT_20260606\ROOT_HELD_GROUP_SCRIPT_CUSTODY_REVIEW_QUEUE_V0_1_20260608.md","C:\Users\13527\Desktop\123\Jxhnny_Kl33N_Seedz\HOUSE_WORK\PROJECT_COMMAND_CENTER_UI_LANE\HELPER_FILE_SURFACE_PREFLIGHT_20260606\ROOT_HELD_GROUP_SCRIPT_CUSTODY_REVIEW_QUEUE_V0_1_20260608.md","Structured root ROOT_HOUSE_WORK file was missing from matching git lane.","7852B77BA614A172B328AC2B422E0EF0D4443D4F0FDE0A84F75A218E0206EB2B","24656"
"MOVED_STRUCTURED_ROOT_FILE_TO_REPO_LANE","C:\Users\13527\Desktop\123\HOUSE_WORK\PROJECT_COMMAND_CENTER_UI_LANE\HELPER_FILE_SURFACE_PREFLIGHT_20260606\ROOT_HELD_GROUP_SCRIPT_CUSTODY_REVIEW_QUEUE_V0_1_RECEIPT_20260608.txt","C:\Users\13527\Desktop\123\Jxhnny_Kl33N_Seedz\HOUSE_WORK\PROJECT_COMMAND_CENTER_UI_LANE\HELPER_FILE_SURFACE_PREFLIGHT_20260606\ROOT_HELD_GROUP_SCRIPT_CUSTODY_REVIEW_QUEUE_V0_1_RECEIPT_20260608.txt","Structured root ROOT_HOUSE_WORK file was missing from matching git lane.","6EA3AB7A96C4613B698A4542049378D1D604C40EA7E356C00D1B1025FCF70947","2469"
"MOVED_STRUCTURED_ROOT_FILE_TO_REPO_LANE","C:\Users\13527\Desktop\123\HOUSE_WORK\PROJECT_COMMAND_CENTER_UI_LANE\HELPER_FILE_SURFACE_PREFLIGHT_20260606\ROOT_HELD_GROUP_SCRIPT_CUSTODY_REVIEW_QUEUE_V0_1_STRESS_BENCH_20260608.md","C:\Users\13527\Desktop\123\Jxhnny_Kl33N_Seedz\HOUSE_WORK\PROJECT_COMMAND_CENTER_UI_LANE\HELPER_FILE_SURFACE_PREFLIGHT_20260606\ROOT_HELD_GROUP_SCRIPT_CUSTODY_REVIEW_QUEUE_V0_1_STRESS_BENCH_20260608.md","Structured root ROOT_HOUSE_WORK file was missing from matching git lane.","2CB8467E1373490461583E4560819E9CE1201505661F6E01EBCA4374CDD8B818","1187"
"MOVED_STRUCTURED_ROOT_FILE_TO_REPO_LANE","C:\Users\13527\Desktop\123\HOUSE_WORK\PROJECT_COMMAND_CENTER_UI_LANE\HELPER_FILE_SURFACE_PREFLIGHT_20260606\ROUGH_LOCAL__FREEZE_EVIDENCE_POWERSHELL_RUNNER_EMPTY_LINES_BIND_20260608.md","C:\Users\13527\Desktop\123\Jxhnny_Kl33N_Seedz\HOUSE_WORK\PROJECT_COMMAND_CENTER_UI_LANE\HELPER_FILE_SURFACE_PREFLIGHT_20260606\ROUGH_LOCAL__FREEZE_EVIDENCE_POWERSHELL_RUNNER_EMPTY_LINES_BIND_20260608.md","Structured root ROOT_HOUSE_WORK file was missing from matching git lane.","83699918316AD2ED2F49F103C7C0DFA676FC02268CDACAE1C03A87269CEB7474","4121"
"MOVED_STRUCTURED_ROOT_FILE_TO_REPO_LANE","C:\Users\13527\Desktop\123\HOUSE_WORK\PROJECT_COMMAND_CENTER_UI_LANE\HELPER_FILE_SURFACE_PREFLIGHT_20260606\ROUGH_LOCAL__GENERATED_RUNNER_LINE_WRITER_DEEP_LAYER_FREEZE_20260608.md","C:\Users\13527\Desktop\123\Jxhnny_Kl33N_Seedz\HOUSE_WORK\PROJECT_COMMAND_CENTER_UI_LANE\HELPER_FILE_SURFACE_PREFLIGHT_20260606\ROUGH_LOCAL__GENERATED_RUNNER_LINE_WRITER_DEEP_LAYER_FREEZE_20260608.md","Structured root ROOT_HOUSE_WORK file was missing from matching git lane.","56A984E2187D4A7F8FD63353F7D1A7551C01D87DC467C07B3C31B4FE1369EEEB","3191"
"MOVED_STRUCTURED_ROOT_FILE_TO_REPO_LANE","C:\Users\13527\Desktop\123\HOUSE_WORK\PROJECT_COMMAND_CENTER_UI_LANE\HELPER_FILE_SURFACE_PREFLIGHT_20260606\ROUGH_LOCAL__GENERATED_RUNNER_SAFE_TEMPLATE_RULE_CARD_CHAIN_20260608.md","C:\Users\13527\Desktop\123\Jxhnny_Kl33N_Seedz\HOUSE_WORK\PROJECT_COMMAND_CENTER_UI_LANE\HELPER_FILE_SURFACE_PREFLIGHT_20260606\ROUGH_LOCAL__GENERATED_RUNNER_SAFE_TEMPLATE_RULE_CARD_CHAIN_20260608.md","Structured root ROOT_HOUSE_WORK file was missing from matching git lane.","B655EE3D7455ACDB69192433A43DDBC90B69B1B0D729040125788B2C27CF51EE","4230"
"MOVED_STRUCTURED_ROOT_FILE_TO_REPO_LANE","C:\Users\13527\Desktop\123\HOUSE_WORK\PROJECT_COMMAND_CENTER_UI_LANE\HELPER_FILE_SURFACE_PREFLIGHT_20260606\ROUGH_LOCAL__HELPER_FILE_SURFACE_PREFLIGHT_LANE_CLOSEOUT_CARD_20260608.md","C:\Users\13527\Desktop\123\Jxhnny_Kl33N_Seedz\HOUSE_WORK\PROJECT_COMMAND_CENTER_UI_LANE\HELPER_FILE_SURFACE_PREFLIGHT_20260606\ROUGH_LOCAL__HELPER_FILE_SURFACE_PREFLIGHT_LANE_CLOSEOUT_CARD_20260608.md","Structured root ROOT_HOUSE_WORK file was missing from matching git lane.","38505DAE4DD4292CDBFA8441E78952F57D06BF94B7B4B09BCE2F4F0E37D1FF2F","3062"
"MOVED_STRUCTURED_ROOT_FILE_TO_REPO_LANE","C:\Users\13527\Desktop\123\HOUSE_WORK\PROJECT_COMMAND_CENTER_UI_LANE\HELPER_FILE_SURFACE_PREFLIGHT_20260606\ROUGH_LOCAL__ROOT_DROP_INTAKE_WASHER_HELPER_CANDIDATE_OPTION_SET_20260608.md","C:\Users\13527\Desktop\123\Jxhnny_Kl33N_Seedz\HOUSE_WORK\PROJECT_COMMAND_CENTER_UI_LANE\HELPER_FILE_SURFACE_PREFLIGHT_20260606\ROUGH_LOCAL__ROOT_DROP_INTAKE_WASHER_HELPER_CANDIDATE_OPTION_SET_20260608.md","Structured root ROOT_HOUSE_WORK file was missing from matching git lane.","1471518275D8355E631ACE084CCFFA275BD30DCAA650103CE4E1ADEBB2CA9D00","3690"
"MOVED_STRUCTURED_ROOT_FILE_TO_REPO_LANE","C:\Users\13527\Desktop\123\HOUSE_WORK\PROJECT_COMMAND_CENTER_UI_LANE\HELPER_FILE_SURFACE_PREFLIGHT_20260606\ROUGH_LOCAL__ROOT_DROP_INTAKE_WASHER_OLD_LOAD_OR_SYSTEM_OPTION_SET_V0_2_20260608.md","C:\Users\13527\Desktop\123\Jxhnny_Kl33N_Seedz\HOUSE_WORK\PROJECT_COMMAND_CENTER_UI_LANE\HELPER_FILE_SURFACE_PREFLIGHT_20260606\ROUGH_LOCAL__ROOT_DROP_INTAKE_WASHER_OLD_LOAD_OR_SYSTEM_OPTION_SET_V0_2_20260608.md","Structured root ROOT_HOUSE_WORK file was missing from matching git lane.","6336441DBE5255B09FD0FF4B9245381E6279E3D93F595680051CA91A97F27D96","6699"
"MOVED_STRUCTURED_ROOT_FILE_TO_REPO_LANE","C:\Users\13527\Desktop\123\HOUSE_WORK\PROJECT_COMMAND_CENTER_UI_LANE\HELPER_FILE_SURFACE_PREFLIGHT_20260606\ROUGH_LOCAL__ROOT_DROP_INTAKE_WASHER_QUEUE_CLOSEOUT_AND_NEXT_ACTION_CARD_20260608.md","C:\Users\13527\Desktop\123\Jxhnny_Kl33N_Seedz\HOUSE_WORK\PROJECT_COMMAND_CENTER_UI_LANE\HELPER_FILE_SURFACE_PREFLIGHT_20260606\ROUGH_LOCAL__ROOT_DROP_INTAKE_WASHER_QUEUE_CLOSEOUT_AND_NEXT_ACTION_CARD_20260608.md","Structured root ROOT_HOUSE_WORK file was missing from matching git lane.","338DBFE97ECCA89DE9CB20D1AD8103DE84456CC88D44ED7E62ECC79A3E547AB1","5508"
"MOVED_STRUCTURED_ROOT_FILE_TO_REPO_LANE","C:\Users\13527\Desktop\123\HOUSE_WORK\PROJECT_COMMAND_CENTER_UI_LANE\HELPER_FILE_SURFACE_PREFLIGHT_20260606\ROUGH_LOCAL__ROOT_DROP_INTAKE_WASHER_SOURCE_AUTHORITY_CANDIDATE_OPTION_SET_20260608.md","C:\Users\13527\Desktop\123\Jxhnny_Kl33N_Seedz\HOUSE_WORK\PROJECT_COMMAND_CENTER_UI_LANE\HELPER_FILE_SURFACE_PREFLIGHT_20260606\ROUGH_LOCAL__ROOT_DROP_INTAKE_WASHER_SOURCE_AUTHORITY_CANDIDATE_OPTION_SET_20260608.md","Structured root ROOT_HOUSE_WORK file was missing from matching git lane.","7BAE7F5EA6B1673BDFF91F13BE4981D26871E99B65C944E371D5E15220843FCA","4411"
"MOVED_STRUCTURED_ROOT_FILE_TO_REPO_LANE","C:\Users\13527\Desktop\123\HOUSE_WORK\PROJECT_COMMAND_CENTER_UI_LANE\HELPER_FILE_SURFACE_PREFLIGHT_20260606\ROUGH_LOCAL__ROOT_DROP_INTAKE_WASHER_SUPPORT_CANDIDATE_OPTION_SET_V0_2_20260608.md","C:\Users\13527\Desktop\123\Jxhnny_Kl33N_Seedz\HOUSE_WORK\PROJECT_COMMAND_CENTER_UI_LANE\HELPER_FILE_SURFACE_PREFLIGHT_20260606\ROUGH_LOCAL__ROOT_DROP_INTAKE_WASHER_SUPPORT_CANDIDATE_OPTION_SET_V0_2_20260608.md","Structured root ROOT_HOUSE_WORK file was missing from matching git lane.","6C649C373DBC910D5E6B4F7BFCB0393330FC042DE7692D8F844E2592F58816D9","6018"
"MOVED_STRUCTURED_ROOT_FILE_TO_REPO_LANE","C:\Users\13527\Desktop\123\HOUSE_WORK\PROJECT_COMMAND_CENTER_UI_LANE\HELPER_FILE_SURFACE_PREFLIGHT_20260606\ROUGH_LOCAL__ROOT_DROP_INTAKE_WASHER_SUPPORT_CARD_SCHEMA_CHAIN_20260608.md","C:\Users\13527\Desktop\123\Jxhnny_Kl33N_Seedz\HOUSE_WORK\PROJECT_COMMAND_CENTER_UI_LANE\HELPER_FILE_SURFACE_PREFLIGHT_20260606\ROUGH_LOCAL__ROOT_DROP_INTAKE_WASHER_SUPPORT_CARD_SCHEMA_CHAIN_20260608.md","Structured root ROOT_HOUSE_WORK file was missing from matching git lane.","98E8BF180A50A729685C4B7A46FD89F1473AAB2E3CB58776507AFBB6CBE199CA","3933"
"MOVED_STRUCTURED_ROOT_FILE_TO_REPO_LANE","C:\Users\13527\Desktop\123\HOUSE_WORK\PROJECT_COMMAND_CENTER_UI_LANE\HELPER_FILE_SURFACE_PREFLIGHT_20260606\ROUGH_LOCAL__ROOT_HELD_GROUP_NON_SCRIPT_CUSTODY_REVIEW_QUEUE_V0_1_20260608.md","C:\Users\13527\Desktop\123\Jxhnny_Kl33N_Seedz\HOUSE_WORK\PROJECT_COMMAND_CENTER_UI_LANE\HELPER_FILE_SURFACE_PREFLIGHT_20260606\ROUGH_LOCAL__ROOT_HELD_GROUP_NON_SCRIPT_CUSTODY_REVIEW_QUEUE_V0_1_20260608.md","Structured root ROOT_HOUSE_WORK file was missing from matching git lane.","9F1F7FCE144848D3A5619C23D4685DC77AC03EC95630264D56B0B2206E332D70","2974"
"MOVED_STRUCTURED_ROOT_FILE_TO_REPO_LANE","C:\Users\13527\Desktop\123\HOUSE_WORK\PROJECT_COMMAND_CENTER_UI_LANE\HELPER_FILE_SURFACE_PREFLIGHT_20260606\ROUGH_LOCAL__ROOT_HELD_GROUP_ROUTE_OR_HOLD_DECISION_OPTION_SET_V0_2_20260608.md","C:\Users\13527\Desktop\123\Jxhnny_Kl33N_Seedz\HOUSE_WORK\PROJECT_COMMAND_CENTER_UI_LANE\HELPER_FILE_SURFACE_PREFLIGHT_20260606\ROUGH_LOCAL__ROOT_HELD_GROUP_ROUTE_OR_HOLD_DECISION_OPTION_SET_V0_2_20260608.md","Structured root ROOT_HOUSE_WORK file was missing from matching git lane.","61F2F5892616CB334F7B9B7B7991B5998EDDFE66865731D4E656A92431A01C61","3480"
"MOVED_STRUCTURED_ROOT_FILE_TO_REPO_LANE","C:\Users\13527\Desktop\123\HOUSE_WORK\PROJECT_COMMAND_CENTER_UI_LANE\HELPER_FILE_SURFACE_PREFLIGHT_20260606\ROUGH_LOCAL__ROOT_HELD_GROUP_ROUTE_OR_HOLD_DECISION_READ_ONLY_PREP_CARD_20260608.md","C:\Users\13527\Desktop\123\Jxhnny_Kl33N_Seedz\HOUSE_WORK\PROJECT_COMMAND_CENTER_UI_LANE\HELPER_FILE_SURFACE_PREFLIGHT_20260606\ROUGH_LOCAL__ROOT_HELD_GROUP_ROUTE_OR_HOLD_DECISION_READ_ONLY_PREP_CARD_20260608.md","Structured root ROOT_HOUSE_WORK file was missing from matching git lane.","23BC00D620F2340918B9650916A036E65D5062E20214FB5582533E501B821ABC","3399"
"MOVED_STRUCTURED_ROOT_FILE_TO_REPO_LANE","C:\Users\13527\Desktop\123\HOUSE_WORK\PROJECT_COMMAND_CENTER_UI_LANE\HELPER_FILE_SURFACE_PREFLIGHT_20260606\ROUGH_LOCAL__ROOT_HELD_GROUP_ROUTE_OR_HOLD_DECISION_READ_ONLY_PREP_CARD_V0_2_20260608.md","C:\Users\13527\Desktop\123\Jxhnny_Kl33N_Seedz\HOUSE_WORK\PROJECT_COMMAND_CENTER_UI_LANE\HELPER_FILE_SURFACE_PREFLIGHT_20260606\ROUGH_LOCAL__ROOT_HELD_GROUP_ROUTE_OR_HOLD_DECISION_READ_ONLY_PREP_CARD_V0_2_20260608.md","Structured root ROOT_HOUSE_WORK file was missing from matching git lane.","B972BDBF87A4A1AC0AF5E4E594AA53422BE786D0CF533BC8CDDEC968664DC8CD","3657"
"MOVED_STRUCTURED_ROOT_FILE_TO_REPO_LANE","C:\Users\13527\Desktop\123\HOUSE_WORK\PROJECT_COMMAND_CENTER_UI_LANE\HELPER_FILE_SURFACE_PREFLIGHT_20260606\ROUGH_LOCAL__ROOT_HELD_GROUP_ROUTE_OR_HOLD_DECISION_READ_ONLY_REVIEW_V0_2_20260608.md","C:\Users\13527\Desktop\123\Jxhnny_Kl33N_Seedz\HOUSE_WORK\PROJECT_COMMAND_CENTER_UI_LANE\HELPER_FILE_SURFACE_PREFLIGHT_20260606\ROUGH_LOCAL__ROOT_HELD_GROUP_ROUTE_OR_HOLD_DECISION_READ_ONLY_REVIEW_V0_2_20260608.md","Structured root ROOT_HOUSE_WORK file was missing from matching git lane.","D84815EB025893BFCEF44B232A8E1A2BDE2D41C463AD7572AD2FD083A6E32632","4079"
"MOVED_STRUCTURED_ROOT_FILE_TO_REPO_LANE","C:\Users\13527\Desktop\123\HOUSE_WORK\PROJECT_COMMAND_CENTER_UI_LANE\HELPER_FILE_SURFACE_PREFLIGHT_20260606\ROUGH_LOCAL__ROOT_HELD_GROUP_ROUTE_PLAN_ONLY_V0_1_20260608.md","C:\Users\13527\Desktop\123\Jxhnny_Kl33N_Seedz\HOUSE_WORK\PROJECT_COMMAND_CENTER_UI_LANE\HELPER_FILE_SURFACE_PREFLIGHT_20260606\ROUGH_LOCAL__ROOT_HELD_GROUP_ROUTE_PLAN_ONLY_V0_1_20260608.md","Structured root ROOT_HOUSE_WORK file was missing from matching git lane.","530E34A31335B826B95132ADAD99EF900396072B246CAFA0A43A6271F1C070CB","3084"
"MOVED_STRUCTURED_ROOT_FILE_TO_REPO_LANE","C:\Users\13527\Desktop\123\HOUSE_WORK\PROJECT_COMMAND_CENTER_UI_LANE\HELPER_FILE_SURFACE_PREFLIGHT_20260606\ROUGH_LOCAL__ROOT_HELD_GROUP_SCRIPT_CUSTODY_REVIEW_QUEUE_V0_1_20260608.md","C:\Users\13527\Desktop\123\Jxhnny_Kl33N_Seedz\HOUSE_WORK\PROJECT_COMMAND_CENTER_UI_LANE\HELPER_FILE_SURFACE_PREFLIGHT_20260606\ROUGH_LOCAL__ROOT_HELD_GROUP_SCRIPT_CUSTODY_REVIEW_QUEUE_V0_1_20260608.md","Structured root ROOT_HOUSE_WORK file was missing from matching git lane.","0D1A89C2AAF3DC3DAC8FD1EDCCEA4EF7266BD4C6512CD2A2DB0BC0B02F745747","2981"
"MOVED_STRUCTURED_ROOT_FILE_TO_REPO_LANE","C:\Users\13527\Desktop\123\HOUSE_WORK\PROJECT_COMMAND_CENTER_UI_LANE\HELPER_FILE_SURFACE_PREFLIGHT_20260606\ROUGH_LOCAL_GENERATED_RUNNER_DEEP_LAYER_LEDGER_RECEIPT_20260608.txt","C:\Users\13527\Desktop\123\Jxhnny_Kl33N_Seedz\HOUSE_WORK\PROJECT_COMMAND_CENTER_UI_LANE\HELPER_FILE_SURFACE_PREFLIGHT_20260606\ROUGH_LOCAL_GENERATED_RUNNER_DEEP_LAYER_LEDGER_RECEIPT_20260608.txt","Structured root ROOT_HOUSE_WORK file was missing from matching git lane.","787293813EE4305B7B278F14AA8214301D5A5FFD3AF3F48D2AA4DEB14AA66E65","1233"
"MOVED_STRUCTURED_ROOT_FILE_TO_REPO_LANE","C:\Users\13527\Desktop\123\HOUSE_WORK\PROJECT_COMMAND_CENTER_UI_LANE\HELPER_FILE_SURFACE_PREFLIGHT_20260606\ROUGH_LOCAL_GENERATED_RUNNER_SAFE_TEMPLATE_RULE_CARD_CHAIN_RECEIPT_20260608.txt","C:\Users\13527\Desktop\123\Jxhnny_Kl33N_Seedz\HOUSE_WORK\PROJECT_COMMAND_CENTER_UI_LANE\HELPER_FILE_SURFACE_PREFLIGHT_20260606\ROUGH_LOCAL_GENERATED_RUNNER_SAFE_TEMPLATE_RULE_CARD_CHAIN_RECEIPT_20260608.txt","Structured root ROOT_HOUSE_WORK file was missing from matching git lane.","FC59C7E2B5067F169CE278B11527B73FFDA5FF1180CC257168A88C0A5CEF3470","1345"
"MOVED_STRUCTURED_ROOT_FILE_TO_REPO_LANE","C:\Users\13527\Desktop\123\HOUSE_WORK\PROJECT_COMMAND_CENTER_UI_LANE\HELPER_FILE_SURFACE_PREFLIGHT_20260606\ROUGH_LOCAL_HELPER_FILE_SURFACE_PREFLIGHT_LANE_CLOSEOUT_CARD_RECEIPT_20260608.txt","C:\Users\13527\Desktop\123\Jxhnny_Kl33N_Seedz\HOUSE_WORK\PROJECT_COMMAND_CENTER_UI_LANE\HELPER_FILE_SURFACE_PREFLIGHT_20260606\ROUGH_LOCAL_HELPER_FILE_SURFACE_PREFLIGHT_LANE_CLOSEOUT_CARD_RECEIPT_20260608.txt","Structured root ROOT_HOUSE_WORK file was missing from matching git lane.","3E20324A2B3D8B8608C3FA35012FF65D3CC6965AA45A26B891CBC8C6A83017C8","1662"
"MOVED_STRUCTURED_ROOT_FILE_TO_REPO_LANE","C:\Users\13527\Desktop\123\HOUSE_WORK\PROJECT_COMMAND_CENTER_UI_LANE\HELPER_FILE_SURFACE_PREFLIGHT_20260606\ROUGH_LOCAL_ROOT_DROP_INTAKE_WASHER_HELPER_CANDIDATE_OPTION_SET_RECEIPT_20260608.txt","C:\Users\13527\Desktop\123\Jxhnny_Kl33N_Seedz\HOUSE_WORK\PROJECT_COMMAND_CENTER_UI_LANE\HELPER_FILE_SURFACE_PREFLIGHT_20260606\ROUGH_LOCAL_ROOT_DROP_INTAKE_WASHER_HELPER_CANDIDATE_OPTION_SET_RECEIPT_20260608.txt","Structured root ROOT_HOUSE_WORK file was missing from matching git lane.","47BB4E9FDC5D51866E746BC5AC718A57ECAE24F70BF13D8CE5D3C4BF4D18899A","1277"
"MOVED_STRUCTURED_ROOT_FILE_TO_REPO_LANE","C:\Users\13527\Desktop\123\HOUSE_WORK\PROJECT_COMMAND_CENTER_UI_LANE\HELPER_FILE_SURFACE_PREFLIGHT_20260606\ROUGH_LOCAL_ROOT_DROP_INTAKE_WASHER_OLD_LOAD_OR_SYSTEM_OPTION_SET_V0_2_RECEIPT_20260608.txt","C:\Users\13527\Desktop\123\Jxhnny_Kl33N_Seedz\HOUSE_WORK\PROJECT_COMMAND_CENTER_UI_LANE\HELPER_FILE_SURFACE_PREFLIGHT_20260606\ROUGH_LOCAL_ROOT_DROP_INTAKE_WASHER_OLD_LOAD_OR_SYSTEM_OPTION_SET_V0_2_RECEIPT_20260608.txt","Structured root ROOT_HOUSE_WORK file was missing from matching git lane.","4E957DE9FDEB252BBC2A5F43F3072E9C3C6B417B030EED50F7C444D2FC6BAD42","2338"
"MOVED_STRUCTURED_ROOT_FILE_TO_REPO_LANE","C:\Users\13527\Desktop\123\HOUSE_WORK\PROJECT_COMMAND_CENTER_UI_LANE\HELPER_FILE_SURFACE_PREFLIGHT_20260606\ROUGH_LOCAL_ROOT_DROP_INTAKE_WASHER_QUEUE_CLOSEOUT_AND_NEXT_ACTION_CARD_RECEIPT_20260608.txt","C:\Users\13527\Desktop\123\Jxhnny_Kl33N_Seedz\HOUSE_WORK\PROJECT_COMMAND_CENTER_UI_LANE\HELPER_FILE_SURFACE_PREFLIGHT_20260606\ROUGH_LOCAL_ROOT_DROP_INTAKE_WASHER_QUEUE_CLOSEOUT_AND_NEXT_ACTION_CARD_RECEIPT_20260608.txt","Structured root ROOT_HOUSE_WORK file was missing from matching git lane.","E31B3EF98C1B3F5F673C014B8062BA30B735985C24C68DAB5F7EF3B06316AFFA","1998"
"MOVED_STRUCTURED_ROOT_FILE_TO_REPO_LANE","C:\Users\13527\Desktop\123\HOUSE_WORK\PROJECT_COMMAND_CENTER_UI_LANE\HELPER_FILE_SURFACE_PREFLIGHT_20260606\ROUGH_LOCAL_ROOT_DROP_INTAKE_WASHER_SOURCE_AUTHORITY_CANDIDATE_OPTION_SET_RECEIPT_20260608.txt","C:\Users\13527\Desktop\123\Jxhnny_Kl33N_Seedz\HOUSE_WORK\PROJECT_COMMAND_CENTER_UI_LANE\HELPER_FILE_SURFACE_PREFLIGHT_20260606\ROUGH_LOCAL_ROOT_DROP_INTAKE_WASHER_SOURCE_AUTHORITY_CANDIDATE_OPTION_SET_RECEIPT_20260608.txt","Structured root ROOT_HOUSE_WORK file was missing from matching git lane.","980634FA3699D5FD3D5AF7D98035355674F4A7C9DD622DC7E57E6B935535DBDE","1662"
"MOVED_STRUCTURED_ROOT_FILE_TO_REPO_LANE","C:\Users\13527\Desktop\123\HOUSE_WORK\PROJECT_COMMAND_CENTER_UI_LANE\HELPER_FILE_SURFACE_PREFLIGHT_20260606\ROUGH_LOCAL_ROOT_DROP_INTAKE_WASHER_SUPPORT_CANDIDATE_OPTION_SET_V0_2_RECEIPT_20260608.txt","C:\Users\13527\Desktop\123\Jxhnny_Kl33N_Seedz\HOUSE_WORK\PROJECT_COMMAND_CENTER_UI_LANE\HELPER_FILE_SURFACE_PREFLIGHT_20260606\ROUGH_LOCAL_ROOT_DROP_INTAKE_WASHER_SUPPORT_CANDIDATE_OPTION_SET_V0_2_RECEIPT_20260608.txt","Structured root ROOT_HOUSE_WORK file was missing from matching git lane.","DE2D9045123E6431FCD048C4DB6700BF93369EB604D674959C89BBE6B7CFFAD6","2126"
"MOVED_STRUCTURED_ROOT_FILE_TO_REPO_LANE","C:\Users\13527\Desktop\123\HOUSE_WORK\PROJECT_COMMAND_CENTER_UI_LANE\HELPER_FILE_SURFACE_PREFLIGHT_20260606\ROUGH_LOCAL_ROOT_DROP_INTAKE_WASHER_SUPPORT_CARD_SCHEMA_CHAIN_RECEIPT_20260608.txt","C:\Users\13527\Desktop\123\Jxhnny_Kl33N_Seedz\HOUSE_WORK\PROJECT_COMMAND_CENTER_UI_LANE\HELPER_FILE_SURFACE_PREFLIGHT_20260606\ROUGH_LOCAL_ROOT_DROP_INTAKE_WASHER_SUPPORT_CARD_SCHEMA_CHAIN_RECEIPT_20260608.txt","Structured root ROOT_HOUSE_WORK file was missing from matching git lane.","91DAAB8ECFC427FA252EFE4F42DBC88C6E22D3933636803E7EAAACD3180F3DC4","1321"
"MOVED_STRUCTURED_ROOT_FILE_TO_REPO_LANE","C:\Users\13527\Desktop\123\HOUSE_WORK\PROJECT_COMMAND_CENTER_UI_LANE\HELPER_FILE_SURFACE_PREFLIGHT_20260606\ROUGH_LOCAL_ROOT_HELD_GROUP_NON_SCRIPT_CUSTODY_REVIEW_QUEUE_V0_1_RECEIPT_20260608.txt","C:\Users\13527\Desktop\123\Jxhnny_Kl33N_Seedz\HOUSE_WORK\PROJECT_COMMAND_CENTER_UI_LANE\HELPER_FILE_SURFACE_PREFLIGHT_20260606\ROUGH_LOCAL_ROOT_HELD_GROUP_NON_SCRIPT_CUSTODY_REVIEW_QUEUE_V0_1_RECEIPT_20260608.txt","Structured root ROOT_HOUSE_WORK file was missing from matching git lane.","2B0621AAE1B2A9B9846251C14A7C915D49CF66373CF88DAADCCE1F2945E468C9","2221"
"MOVED_STRUCTURED_ROOT_FILE_TO_REPO_LANE","C:\Users\13527\Desktop\123\HOUSE_WORK\PROJECT_COMMAND_CENTER_UI_LANE\HELPER_FILE_SURFACE_PREFLIGHT_20260606\ROUGH_LOCAL_ROOT_HELD_GROUP_ROUTE_OR_HOLD_DECISION_OPTION_SET_V0_2_RECEIPT_20260608.txt","C:\Users\13527\Desktop\123\Jxhnny_Kl33N_Seedz\HOUSE_WORK\PROJECT_COMMAND_CENTER_UI_LANE\HELPER_FILE_SURFACE_PREFLIGHT_20260606\ROUGH_LOCAL_ROOT_HELD_GROUP_ROUTE_OR_HOLD_DECISION_OPTION_SET_V0_2_RECEIPT_20260608.txt","Structured root ROOT_HOUSE_WORK file was missing from matching git lane.","DAC82432BFD9716713438D1E4601FB20FFBE4D8021B8C6191C2940B283B26BFF","2112"
"MOVED_STRUCTURED_ROOT_FILE_TO_REPO_LANE","C:\Users\13527\Desktop\123\HOUSE_WORK\PROJECT_COMMAND_CENTER_UI_LANE\HELPER_FILE_SURFACE_PREFLIGHT_20260606\ROUGH_LOCAL_ROOT_HELD_GROUP_ROUTE_OR_HOLD_DECISION_READ_ONLY_PREP_CARD_RECEIPT_20260608.txt","C:\Users\13527\Desktop\123\Jxhnny_Kl33N_Seedz\HOUSE_WORK\PROJECT_COMMAND_CENTER_UI_LANE\HELPER_FILE_SURFACE_PREFLIGHT_20260606\ROUGH_LOCAL_ROOT_HELD_GROUP_ROUTE_OR_HOLD_DECISION_READ_ONLY_PREP_CARD_RECEIPT_20260608.txt","Structured root ROOT_HOUSE_WORK file was missing from matching git lane.","5A60A3AECBCDAE882989F616ABBC190A78E6F1BFFA4DDEDA8165CDD8AD5CB4BF","2049"
"MOVED_STRUCTURED_ROOT_FILE_TO_REPO_LANE","C:\Users\13527\Desktop\123\HOUSE_WORK\PROJECT_COMMAND_CENTER_UI_LANE\HELPER_FILE_SURFACE_PREFLIGHT_20260606\ROUGH_LOCAL_ROOT_HELD_GROUP_ROUTE_OR_HOLD_DECISION_READ_ONLY_PREP_CARD_V0_2_RECEIPT_20260608.txt","C:\Users\13527\Desktop\123\Jxhnny_Kl33N_Seedz\HOUSE_WORK\PROJECT_COMMAND_CENTER_UI_LANE\HELPER_FILE_SURFACE_PREFLIGHT_20260606\ROUGH_LOCAL_ROOT_HELD_GROUP_ROUTE_OR_HOLD_DECISION_READ_ONLY_PREP_CARD_V0_2_RECEIPT_20260608.txt","Structured root ROOT_HOUSE_WORK file was missing from matching git lane.","FA9C6A9F828D7EC608F6F4F9ACC49D293930B6E6B10BBE18379FBEBE8C99F843","2647"
"MOVED_STRUCTURED_ROOT_FILE_TO_REPO_LANE","C:\Users\13527\Desktop\123\HOUSE_WORK\PROJECT_COMMAND_CENTER_UI_LANE\HELPER_FILE_SURFACE_PREFLIGHT_20260606\ROUGH_LOCAL_ROOT_HELD_GROUP_ROUTE_OR_HOLD_DECISION_READ_ONLY_REVIEW_V0_2_RECEIPT_20260608.txt","C:\Users\13527\Desktop\123\Jxhnny_Kl33N_Seedz\HOUSE_WORK\PROJECT_COMMAND_CENTER_UI_LANE\HELPER_FILE_SURFACE_PREFLIGHT_20260606\ROUGH_LOCAL_ROOT_HELD_GROUP_ROUTE_OR_HOLD_DECISION_READ_ONLY_REVIEW_V0_2_RECEIPT_20260608.txt","Structured root ROOT_HOUSE_WORK file was missing from matching git lane.","2FBFCB76AD79EC7E39F01BE597D58A699033266B7E47C837A7919B7578D8E31F","2475"
"MOVED_STRUCTURED_ROOT_FILE_TO_REPO_LANE","C:\Users\13527\Desktop\123\HOUSE_WORK\PROJECT_COMMAND_CENTER_UI_LANE\HELPER_FILE_SURFACE_PREFLIGHT_20260606\ROUGH_LOCAL_ROOT_HELD_GROUP_ROUTE_PLAN_ONLY_V0_1_RECEIPT_20260608.txt","C:\Users\13527\Desktop\123\Jxhnny_Kl33N_Seedz\HOUSE_WORK\PROJECT_COMMAND_CENTER_UI_LANE\HELPER_FILE_SURFACE_PREFLIGHT_20260606\ROUGH_LOCAL_ROOT_HELD_GROUP_ROUTE_PLAN_ONLY_V0_1_RECEIPT_20260608.txt","Structured root ROOT_HOUSE_WORK file was missing from matching git lane.","167338243CFCAA4A81FF82578F1FC13E16EDA2D346BC1780F8615DF217622210","2336"
"MOVED_STRUCTURED_ROOT_FILE_TO_REPO_LANE","C:\Users\13527\Desktop\123\HOUSE_WORK\PROJECT_COMMAND_CENTER_UI_LANE\HELPER_FILE_SURFACE_PREFLIGHT_20260606\ROUGH_LOCAL_ROOT_HELD_GROUP_SCRIPT_CUSTODY_REVIEW_QUEUE_V0_1_RECEIPT_20260608.txt","C:\Users\13527\Desktop\123\Jxhnny_Kl33N_Seedz\HOUSE_WORK\PROJECT_COMMAND_CENTER_UI_LANE\HELPER_FILE_SURFACE_PREFLIGHT_20260606\ROUGH_LOCAL_ROOT_HELD_GROUP_SCRIPT_CUSTODY_REVIEW_QUEUE_V0_1_RECEIPT_20260608.txt","Structured root ROOT_HOUSE_WORK file was missing from matching git lane.","902C22F6FF50E03E0A2276E94DCE328564296E5BBA7589429034B9D624D5FA50","2242"
"MOVED_STRUCTURED_ROOT_FILE_TO_REPO_LANE","C:\Users\13527\Desktop\123\HOUSE_WORK\PROJECT_COMMAND_CENTER_UI_LANE\HELPER_FILE_SURFACE_PREFLIGHT_20260606\ROUTE_55_CLOSEOUT_HOLD_VERIFICATION_V0_2_20260609_205142.csv","C:\Users\13527\Desktop\123\Jxhnny_Kl33N_Seedz\HOUSE_WORK\PROJECT_COMMAND_CENTER_UI_LANE\HELPER_FILE_SURFACE_PREFLIGHT_20260606\ROUTE_55_CLOSEOUT_HOLD_VERIFICATION_V0_2_20260609_205142.csv","Structured root ROOT_HOUSE_WORK file was missing from matching git lane.","0CA5D6733AF81AFE4EBF4EFA2F1E9BA367AD9F35AD5AE01E1BD7199A69D93AA9","1306"
"MOVED_STRUCTURED_ROOT_FILE_TO_REPO_LANE","C:\Users\13527\Desktop\123\HOUSE_WORK\PROJECT_COMMAND_CENTER_UI_LANE\HELPER_FILE_SURFACE_PREFLIGHT_20260606\ROUTE_55_CLOSEOUT_ISSUES_V0_2_20260609_205142.csv","C:\Users\13527\Desktop\123\Jxhnny_Kl33N_Seedz\HOUSE_WORK\PROJECT_COMMAND_CENTER_UI_LANE\HELPER_FILE_SURFACE_PREFLIGHT_20260606\ROUTE_55_CLOSEOUT_ISSUES_V0_2_20260609_205142.csv","Structured root ROOT_HOUSE_WORK file was missing from matching git lane.","0B7F0D35CFE514339566618862C32020112E50576F44B10540E62309395BC394","788"
"MOVED_STRUCTURED_ROOT_FILE_TO_REPO_LANE","C:\Users\13527\Desktop\123\HOUSE_WORK\PROJECT_COMMAND_CENTER_UI_LANE\HELPER_FILE_SURFACE_PREFLIGHT_20260606\ROUTE_55_CLOSEOUT_REPORT_V0_2_20260609_205142.md","C:\Users\13527\Desktop\123\Jxhnny_Kl33N_Seedz\HOUSE_WORK\PROJECT_COMMAND_CENTER_UI_LANE\HELPER_FILE_SURFACE_PREFLIGHT_20260606\ROUTE_55_CLOSEOUT_REPORT_V0_2_20260609_205142.md","Structured root ROOT_HOUSE_WORK file was missing from matching git lane.","00D483A0D1470E7901B86B09F219119B28EFDB3028B742760FBD84520A244523","2402"
"MOVED_STRUCTURED_ROOT_FILE_TO_REPO_LANE","C:\Users\13527\Desktop\123\HOUSE_WORK\PROJECT_COMMAND_CENTER_UI_LANE\HELPER_FILE_SURFACE_PREFLIGHT_20260606\ROUTE_55_CLOSEOUT_ROUTE_VERIFICATION_V0_2_20260609_205142.csv","C:\Users\13527\Desktop\123\Jxhnny_Kl33N_Seedz\HOUSE_WORK\PROJECT_COMMAND_CENTER_UI_LANE\HELPER_FILE_SURFACE_PREFLIGHT_20260606\ROUTE_55_CLOSEOUT_ROUTE_VERIFICATION_V0_2_20260609_205142.csv","Structured root ROOT_HOUSE_WORK file was missing from matching git lane.","57817CCCF752EABA657C4D2E8CB087B0C3C7ADED9402C78B818B4A600EEC0005","29643"
"MOVED_STRUCTURED_ROOT_FILE_TO_REPO_LANE","C:\Users\13527\Desktop\123\HOUSE_WORK\PROJECT_COMMAND_CENTER_UI_LANE\HELPER_FILE_SURFACE_PREFLIGHT_20260606\ROUTE_55_EXECUTOR_ACTION_TABLE_APPROVED_FOR_BUILD_NOT_RUN_V0_1_20260609_204546.csv","C:\Users\13527\Desktop\123\Jxhnny_Kl33N_Seedz\HOUSE_WORK\PROJECT_COMMAND_CENTER_UI_LANE\HELPER_FILE_SURFACE_PREFLIGHT_20260606\ROUTE_55_EXECUTOR_ACTION_TABLE_APPROVED_FOR_BUILD_NOT_RUN_V0_1_20260609_204546.csv","Structured root ROOT_HOUSE_WORK file was missing from matching git lane.","0FE829D5089DF3D5591E6B53D0055B4F967F48F6AE540EA0F2D7C041A6510D06","38207"
"MOVED_STRUCTURED_ROOT_FILE_TO_REPO_LANE","C:\Users\13527\Desktop\123\HOUSE_WORK\PROJECT_COMMAND_CENTER_UI_LANE\HELPER_FILE_SURFACE_PREFLIGHT_20260606\ROUTE_55_EXECUTOR_APPROVED_ONLY_DO_NOT_RUN_UNLESS_APPROVED_V0_1_20260609_204546.ps1","C:\Users\13527\Desktop\123\Jxhnny_Kl33N_Seedz\HOUSE_WORK\PROJECT_COMMAND_CENTER_UI_LANE\HELPER_FILE_SURFACE_PREFLIGHT_20260606\ROUTE_55_EXECUTOR_APPROVED_ONLY_DO_NOT_RUN_UNLESS_APPROVED_V0_1_20260609_204546.ps1","Structured root ROOT_HOUSE_WORK file was missing from matching git lane.","9593202555160B904ECC1792B682A994C06E89F30196CD4FE0CF61A4B5BF3CE0","6777"
"MOVED_STRUCTURED_ROOT_FILE_TO_REPO_LANE","C:\Users\13527\Desktop\123\HOUSE_WORK\PROJECT_COMMAND_CENTER_UI_LANE\HELPER_FILE_SURFACE_PREFLIGHT_20260606\ROUTE_55_EXECUTOR_PACKAGE_BUILD_REPORT_NO_RUN_V0_1_20260609_204546.md","C:\Users\13527\Desktop\123\Jxhnny_Kl33N_Seedz\HOUSE_WORK\PROJECT_COMMAND_CENTER_UI_LANE\HELPER_FILE_SURFACE_PREFLIGHT_20260606\ROUTE_55_EXECUTOR_PACKAGE_BUILD_REPORT_NO_RUN_V0_1_20260609_204546.md","Structured root ROOT_HOUSE_WORK file was missing from matching git lane.","3DC3DF3FA22432E5B7320F2EEDD24671FE76CDABF3D49C69C1EA4B0E92114144","3015"
"MOVED_STRUCTURED_ROOT_FILE_TO_REPO_LANE","C:\Users\13527\Desktop\123\HOUSE_WORK\PROJECT_COMMAND_CENTER_UI_LANE\HELPER_FILE_SURFACE_PREFLIGHT_20260606\ROUTE_55_EXECUTOR_RUN_REPORT_20260609_204637.md","C:\Users\13527\Desktop\123\Jxhnny_Kl33N_Seedz\HOUSE_WORK\PROJECT_COMMAND_CENTER_UI_LANE\HELPER_FILE_SURFACE_PREFLIGHT_20260606\ROUTE_55_EXECUTOR_RUN_REPORT_20260609_204637.md","Structured root ROOT_HOUSE_WORK file was missing from matching git lane.","33072098120ACAED006CB40949A1C26290942991A52FDA85C5A45D36C56BB1B2","1000"
"MOVED_STRUCTURED_ROOT_FILE_TO_REPO_LANE","C:\Users\13527\Desktop\123\HOUSE_WORK\PROJECT_COMMAND_CENTER_UI_LANE\HELPER_FILE_SURFACE_PREFLIGHT_20260606\ROUTE_55_EXECUTOR_RUN_REPORT_20260609_204808.md","C:\Users\13527\Desktop\123\Jxhnny_Kl33N_Seedz\HOUSE_WORK\PROJECT_COMMAND_CENTER_UI_LANE\HELPER_FILE_SURFACE_PREFLIGHT_20260606\ROUTE_55_EXECUTOR_RUN_REPORT_20260609_204808.md","Structured root ROOT_HOUSE_WORK file was missing from matching git lane.","B91674B4198116E1B97D1941BD6E0D8F654ADBEDD8D6993A54BB3C082CE27544","1013"
"MOVED_STRUCTURED_ROOT_FILE_TO_REPO_LANE","C:\Users\13527\Desktop\123\HOUSE_WORK\PROJECT_COMMAND_CENTER_UI_LANE\HELPER_FILE_SURFACE_PREFLIGHT_20260606\ROUTE_PLAN__3_UNMAPPED_ROUTE55_HELPER_SCRIPTS_NO_EXECUTION_20260609.csv","C:\Users\13527\Desktop\123\Jxhnny_Kl33N_Seedz\HOUSE_WORK\PROJECT_COMMAND_CENTER_UI_LANE\HELPER_FILE_SURFACE_PREFLIGHT_20260606\ROUTE_PLAN__3_UNMAPPED_ROUTE55_HELPER_SCRIPTS_NO_EXECUTION_20260609.csv","Structured root ROOT_HOUSE_WORK file was missing from matching git lane.","98AC6E301D881057F9EFDC42A493FF3607B9A610234F4D4D140FA7066DE891D7","1653"
"MOVED_STRUCTURED_ROOT_FILE_TO_REPO_LANE","C:\Users\13527\Desktop\123\HOUSE_WORK\PROJECT_COMMAND_CENTER_UI_LANE\HELPER_FILE_SURFACE_PREFLIGHT_20260606\ROUTE_PLAN__74_REVIEWED_DELTA_RESIDUE_NO_EXECUTION_20260609.csv","C:\Users\13527\Desktop\123\Jxhnny_Kl33N_Seedz\HOUSE_WORK\PROJECT_COMMAND_CENTER_UI_LANE\HELPER_FILE_SURFACE_PREFLIGHT_20260606\ROUTE_PLAN__74_REVIEWED_DELTA_RESIDUE_NO_EXECUTION_20260609.csv","Structured root ROOT_HOUSE_WORK file was missing from matching git lane.","05378D00E175205C86CA91B91BB58905F6D287EAB0C350BD830232FBFDFA3E25","76064"
"MOVED_STRUCTURED_ROOT_FILE_TO_REPO_LANE","C:\Users\13527\Desktop\123\HOUSE_WORK\PROJECT_COMMAND_CENTER_UI_LANE\HELPER_FILE_SURFACE_PREFLIGHT_20260606\RUN_BOUNDED_GIT_SNAPSHOT_ROUGH_LOCAL_HASH_TRUTH_BOUNDARY_V0_3_STOP_ON_BLOCKER_SAFE_WRITER_20260608.ps1","C:\Users\13527\Desktop\123\Jxhnny_Kl33N_Seedz\HOUSE_WORK\PROJECT_COMMAND_CENTER_UI_LANE\HELPER_FILE_SURFACE_PREFLIGHT_20260606\RUN_BOUNDED_GIT_SNAPSHOT_ROUGH_LOCAL_HASH_TRUTH_BOUNDARY_V0_3_STOP_ON_BLOCKER_SAFE_WRITER_20260608.ps1","Structured root ROOT_HOUSE_WORK file was missing from matching git lane.","F00FE67E139E3A0F5CC87DEE0EEAD2464D601E151DEA73B37B9FBB86CEB8197E","5835"
"MOVED_STRUCTURED_ROOT_FILE_TO_REPO_LANE","C:\Users\13527\Desktop\123\HOUSE_WORK\PROJECT_COMMAND_CENTER_UI_LANE\HELPER_FILE_SURFACE_PREFLIGHT_20260606\RUN_REPORT__ROUTE_3_ROUTE55_HELPER_SCRIPTS_ONLY_20260609.md","C:\Users\13527\Desktop\123\Jxhnny_Kl33N_Seedz\HOUSE_WORK\PROJECT_COMMAND_CENTER_UI_LANE\HELPER_FILE_SURFACE_PREFLIGHT_20260606\RUN_REPORT__ROUTE_3_ROUTE55_HELPER_SCRIPTS_ONLY_20260609.md","Structured root ROOT_HOUSE_WORK file was missing from matching git lane.","EB93E5A6E4CBCBE87A0A2CB55C06B82BDE4AB26CC31B2943F8BF9363CC5E2808","1534"
"MOVED_STRUCTURED_ROOT_FILE_TO_REPO_LANE","C:\Users\13527\Desktop\123\HOUSE_WORK\PROJECT_COMMAND_CENTER_UI_LANE\HELPER_FILE_SURFACE_PREFLIGHT_20260606\RUN_REPORT__ROUTE_74_REVIEWED_DELTA_FILES_ONLY_20260609.md","C:\Users\13527\Desktop\123\Jxhnny_Kl33N_Seedz\HOUSE_WORK\PROJECT_COMMAND_CENTER_UI_LANE\HELPER_FILE_SURFACE_PREFLIGHT_20260606\RUN_REPORT__ROUTE_74_REVIEWED_DELTA_FILES_ONLY_20260609.md","Structured root ROOT_HOUSE_WORK file was missing from matching git lane.","88785CB14DECF0BAC7AB02689B6CA2105489FBC19A15D1086E262E2D22EA55FD","1203"
"MOVED_STRUCTURED_ROOT_FILE_TO_REPO_LANE","C:\Users\13527\Desktop\123\HOUSE_WORK\PROJECT_COMMAND_CENTER_UI_LANE\HELPER_FILE_SURFACE_PREFLIGHT_20260606\RUN_STATIC_SCAN_SELECTED_NEXT_CANDIDATE_NO_EXECUTION_20260609_V0_1.ps1","C:\Users\13527\Desktop\123\Jxhnny_Kl33N_Seedz\HOUSE_WORK\PROJECT_COMMAND_CENTER_UI_LANE\HELPER_FILE_SURFACE_PREFLIGHT_20260606\RUN_STATIC_SCAN_SELECTED_NEXT_CANDIDATE_NO_EXECUTION_20260609_V0_1.ps1","Structured root ROOT_HOUSE_WORK file was missing from matching git lane.","D748C3A18BF95D55798497D8EED96A79F1DBDA7F5D34B2760877967E33B429E6","12874"
"MOVED_STRUCTURED_ROOT_FILE_TO_REPO_LANE","C:\Users\13527\Desktop\123\HOUSE_WORK\PROJECT_COMMAND_CENTER_UI_LANE\HELPER_FILE_SURFACE_PREFLIGHT_20260606\RUN_TABLE__ROUTE_74_REVIEWED_DELTA_FILES_ONLY_20260609.csv","C:\Users\13527\Desktop\123\Jxhnny_Kl33N_Seedz\HOUSE_WORK\PROJECT_COMMAND_CENTER_UI_LANE\HELPER_FILE_SURFACE_PREFLIGHT_20260606\RUN_TABLE__ROUTE_74_REVIEWED_DELTA_FILES_ONLY_20260609.csv","Structured root ROOT_HOUSE_WORK file was missing from matching git lane.","22B8D0E72D578EC52D10ECC778A78F6F58ADB5AA99CD47B3DEE57E48494CEE4B","51170"
"MOVED_STRUCTURED_ROOT_FILE_TO_REPO_LANE","C:\Users\13527\Desktop\123\HOUSE_WORK\PROJECT_COMMAND_CENTER_UI_LANE\HELPER_FILE_SURFACE_PREFLIGHT_20260606\SCOPE__POST_DELTA_REVIEW_ROUTE_RECONSIDERATION_NO_EXECUTION_20260609.md","C:\Users\13527\Desktop\123\Jxhnny_Kl33N_Seedz\HOUSE_WORK\PROJECT_COMMAND_CENTER_UI_LANE\HELPER_FILE_SURFACE_PREFLIGHT_20260606\SCOPE__POST_DELTA_REVIEW_ROUTE_RECONSIDERATION_NO_EXECUTION_20260609.md","Structured root ROOT_HOUSE_WORK file was missing from matching git lane.","2A944F70BB3990173BC83691C6B632AD66B9F15E1FD9F0F0D8861CF5540C326B","4086"
"MOVED_STRUCTURED_ROOT_FILE_TO_REPO_LANE","C:\Users\13527\Desktop\123\HOUSE_WORK\PROJECT_COMMAND_CENTER_UI_LANE\HELPER_FILE_SURFACE_PREFLIGHT_20260606\SCOPE__ROOT_HELD_ROUTE_DRY_RUN_EXPANSION_NO_EXECUTION_20260609.md","C:\Users\13527\Desktop\123\Jxhnny_Kl33N_Seedz\HOUSE_WORK\PROJECT_COMMAND_CENTER_UI_LANE\HELPER_FILE_SURFACE_PREFLIGHT_20260606\SCOPE__ROOT_HELD_ROUTE_DRY_RUN_EXPANSION_NO_EXECUTION_20260609.md","Structured root ROOT_HOUSE_WORK file was missing from matching git lane.","583F1A74AE5975E5F06C2CBBB70BB4297A4C83CA556ABD327C8AE2CE97FFCAE7","4910"
"MOVED_STRUCTURED_ROOT_FILE_TO_REPO_LANE","C:\Users\13527\Desktop\123\HOUSE_WORK\PROJECT_COMMAND_CENTER_UI_LANE\HELPER_FILE_SURFACE_PREFLIGHT_20260606\SELECTOR__GENERATED_HELPER_CANDIDATES_FOR_STATIC_GATE_NO_EXECUTION_20260609.csv","C:\Users\13527\Desktop\123\Jxhnny_Kl33N_Seedz\HOUSE_WORK\PROJECT_COMMAND_CENTER_UI_LANE\HELPER_FILE_SURFACE_PREFLIGHT_20260606\SELECTOR__GENERATED_HELPER_CANDIDATES_FOR_STATIC_GATE_NO_EXECUTION_20260609.csv","Structured root ROOT_HOUSE_WORK file was missing from matching git lane.","0EA56AA647141BE95106B476336EA62BC80ABD838E27062044C2D67BCDCF6C19","3066"
"MOVED_STRUCTURED_ROOT_FILE_TO_REPO_LANE","C:\Users\13527\Desktop\123\HOUSE_WORK\PROJECT_COMMAND_CENTER_UI_LANE\HELPER_FILE_SURFACE_PREFLIGHT_20260606\SELECTOR__GENERATED_HELPER_CANDIDATES_FOR_STATIC_GATE_NO_EXECUTION_20260609.md","C:\Users\13527\Desktop\123\Jxhnny_Kl33N_Seedz\HOUSE_WORK\PROJECT_COMMAND_CENTER_UI_LANE\HELPER_FILE_SURFACE_PREFLIGHT_20260606\SELECTOR__GENERATED_HELPER_CANDIDATES_FOR_STATIC_GATE_NO_EXECUTION_20260609.md","Structured root ROOT_HOUSE_WORK file was missing from matching git lane.","98622E3F231C62D0CA3EB640F84E935CCF1AD0506B3B90FB0C8DFAFB7725673F","3347"
"MOVED_STRUCTURED_ROOT_FILE_TO_REPO_LANE","C:\Users\13527\Desktop\123\HOUSE_WORK\PROJECT_COMMAND_CENTER_UI_LANE\HELPER_FILE_SURFACE_PREFLIGHT_20260606\STATIC_GATE__GENERATED_HELPER_REPAIR_COLLECTION_PARAMETER_BINDING_NO_EXECUTION_20260609.csv","C:\Users\13527\Desktop\123\Jxhnny_Kl33N_Seedz\HOUSE_WORK\PROJECT_COMMAND_CENTER_UI_LANE\HELPER_FILE_SURFACE_PREFLIGHT_20260606\STATIC_GATE__GENERATED_HELPER_REPAIR_COLLECTION_PARAMETER_BINDING_NO_EXECUTION_20260609.csv","Structured root ROOT_HOUSE_WORK file was missing from matching git lane.","564ECC2560DA57D85D6777288BDD1009510EFCB5FF291D9E32D0E7C9691AA8EB","2350"
"MOVED_STRUCTURED_ROOT_FILE_TO_REPO_LANE","C:\Users\13527\Desktop\123\HOUSE_WORK\PROJECT_COMMAND_CENTER_UI_LANE\HELPER_FILE_SURFACE_PREFLIGHT_20260606\STATIC_GATE__GENERATED_HELPER_REPAIR_COLLECTION_PARAMETER_BINDING_NO_EXECUTION_20260609.md","C:\Users\13527\Desktop\123\Jxhnny_Kl33N_Seedz\HOUSE_WORK\PROJECT_COMMAND_CENTER_UI_LANE\HELPER_FILE_SURFACE_PREFLIGHT_20260606\STATIC_GATE__GENERATED_HELPER_REPAIR_COLLECTION_PARAMETER_BINDING_NO_EXECUTION_20260609.md","Structured root ROOT_HOUSE_WORK file was missing from matching git lane.","28B44536EFF96A4E349BC72D81222D8344816B0E28C60BE29390DE02732A8DE4","3496"
"MOVED_STRUCTURED_ROOT_FILE_TO_REPO_LANE","C:\Users\13527\Desktop\123\HOUSE_WORK\PROJECT_COMMAND_CENTER_UI_LANE\HELPER_FILE_SURFACE_PREFLIGHT_20260606\STATIC_REVIEW__POST_DELTA_REVIEW_ROUTE_RECONSIDERATION_SELECTOR_NO_EXECUTION_20260609_V0_1.md","C:\Users\13527\Desktop\123\Jxhnny_Kl33N_Seedz\HOUSE_WORK\PROJECT_COMMAND_CENTER_UI_LANE\HELPER_FILE_SURFACE_PREFLIGHT_20260606\STATIC_REVIEW__POST_DELTA_REVIEW_ROUTE_RECONSIDERATION_SELECTOR_NO_EXECUTION_20260609_V0_1.md","Structured root ROOT_HOUSE_WORK file was missing from matching git lane.","15CFB0E3BE58F996C975452A95B762E305FC012CE031D4D0CD047673B84293F1","3466"
"MOVED_STRUCTURED_ROOT_FILE_TO_REPO_LANE","C:\Users\13527\Desktop\123\HOUSE_WORK\PROJECT_COMMAND_CENTER_UI_LANE\HELPER_FILE_SURFACE_PREFLIGHT_20260606\STATIC_REVIEW__POST_DELTA_REVIEW_ROUTE_RECONSIDERATION_SELECTOR_NO_EXECUTION_20260609_V0_2.md","C:\Users\13527\Desktop\123\Jxhnny_Kl33N_Seedz\HOUSE_WORK\PROJECT_COMMAND_CENTER_UI_LANE\HELPER_FILE_SURFACE_PREFLIGHT_20260606\STATIC_REVIEW__POST_DELTA_REVIEW_ROUTE_RECONSIDERATION_SELECTOR_NO_EXECUTION_20260609_V0_2.md","Structured root ROOT_HOUSE_WORK file was missing from matching git lane.","9F193E7ADDF947FD31AEA9369DA6A3AF626492C3511CCC2893B1DCA315AAC58A","4037"
"MOVED_STRUCTURED_ROOT_FILE_TO_REPO_LANE","C:\Users\13527\Desktop\123\HOUSE_WORK\PROJECT_COMMAND_CENTER_UI_LANE\HELPER_FILE_SURFACE_PREFLIGHT_20260606\STATIC_REVIEW__POST_DELTA_REVIEW_ROUTE_RECONSIDERATION_SELECTOR_V0_2_NO_EXECUTION_20260609_V0_1.md","C:\Users\13527\Desktop\123\Jxhnny_Kl33N_Seedz\HOUSE_WORK\PROJECT_COMMAND_CENTER_UI_LANE\HELPER_FILE_SURFACE_PREFLIGHT_20260606\STATIC_REVIEW__POST_DELTA_REVIEW_ROUTE_RECONSIDERATION_SELECTOR_V0_2_NO_EXECUTION_20260609_V0_1.md","Structured root ROOT_HOUSE_WORK file was missing from matching git lane.","273287979B990B40C967BC87688832CC8D57A9A227D478C4C2473CC36795511E","4433"
"MOVED_STRUCTURED_ROOT_FILE_TO_REPO_LANE","C:\Users\13527\Desktop\123\HOUSE_WORK\PROJECT_COMMAND_CENTER_UI_LANE\HELPER_FILE_SURFACE_PREFLIGHT_20260606\STATIC_REVIEW__POST_DELTA_REVIEW_ROUTE_RECONSIDERATION_SELECTOR_V0_2_NO_EXECUTION_20260609_V0_2.md","C:\Users\13527\Desktop\123\Jxhnny_Kl33N_Seedz\HOUSE_WORK\PROJECT_COMMAND_CENTER_UI_LANE\HELPER_FILE_SURFACE_PREFLIGHT_20260606\STATIC_REVIEW__POST_DELTA_REVIEW_ROUTE_RECONSIDERATION_SELECTOR_V0_2_NO_EXECUTION_20260609_V0_2.md","Structured root ROOT_HOUSE_WORK file was missing from matching git lane.","1EB709A851E4D50ECA6AD73AC452D083EC94B4496548DFB95C32501037E6A20D","4826"
"MOVED_STRUCTURED_ROOT_FILE_TO_REPO_LANE","C:\Users\13527\Desktop\123\HOUSE_WORK\PROJECT_COMMAND_CENTER_UI_LANE\HELPER_FILE_SURFACE_PREFLIGHT_20260606\STATIC_REVIEW__ROOT_HELD_ROUTE_DRY_RUN_SELECTOR_SCRIPT_PASS_BEFORE_EXECUTION_20260609.md","C:\Users\13527\Desktop\123\Jxhnny_Kl33N_Seedz\HOUSE_WORK\PROJECT_COMMAND_CENTER_UI_LANE\HELPER_FILE_SURFACE_PREFLIGHT_20260606\STATIC_REVIEW__ROOT_HELD_ROUTE_DRY_RUN_SELECTOR_SCRIPT_PASS_BEFORE_EXECUTION_20260609.md","Structured root ROOT_HOUSE_WORK file was missing from matching git lane.","DB6986FA42B8047ABDE592A442F16BC2FB8A0D1F8BA024E2A7562CA12F13E0AB","1782"
"MOVED_STRUCTURED_ROOT_FILE_TO_REPO_LANE","C:\Users\13527\Desktop\123\HOUSE_WORK\PROJECT_COMMAND_CENTER_UI_LANE\HELPER_FILE_SURFACE_PREFLIGHT_20260606\STATIC_REVIEW__ROOT_HELD_ROUTE_DRY_RUN_SELECTOR_V0_2_PASS_BEFORE_EXECUTION_20260609.md","C:\Users\13527\Desktop\123\Jxhnny_Kl33N_Seedz\HOUSE_WORK\PROJECT_COMMAND_CENTER_UI_LANE\HELPER_FILE_SURFACE_PREFLIGHT_20260606\STATIC_REVIEW__ROOT_HELD_ROUTE_DRY_RUN_SELECTOR_V0_2_PASS_BEFORE_EXECUTION_20260609.md","Structured root ROOT_HOUSE_WORK file was missing from matching git lane.","4766100578CF32E285C4CEFABFCFC38E5FDA9978288A2B3582C293521CFCED57","1667"
"MOVED_STRUCTURED_ROOT_FILE_TO_REPO_LANE","C:\Users\13527\Desktop\123\HOUSE_WORK\PROJECT_COMMAND_CENTER_UI_LANE\HELPER_FILE_SURFACE_PREFLIGHT_20260606\STATIC_REVIEW__ROUTE_55_EXECUTOR_APPROVED_ONLY_NO_RUN_V0_1_20260609_204546.md","C:\Users\13527\Desktop\123\Jxhnny_Kl33N_Seedz\HOUSE_WORK\PROJECT_COMMAND_CENTER_UI_LANE\HELPER_FILE_SURFACE_PREFLIGHT_20260606\STATIC_REVIEW__ROUTE_55_EXECUTOR_APPROVED_ONLY_NO_RUN_V0_1_20260609_204546.md","Structured root ROOT_HOUSE_WORK file was missing from matching git lane.","869C28C277D523DBBA556393D6DD4A6EB5B5FAFA470C7FE00BD69401C3E524A5","1242"
"MOVED_STRUCTURED_ROOT_FILE_TO_REPO_LANE","C:\Users\13527\Desktop\123\HOUSE_WORK\PROJECT_COMMAND_CENTER_UI_LANE\HELPER_FILE_SURFACE_PREFLIGHT_20260606\STATIC_REVIEW_PACKET_BATCH_HSRB_001_ACTIVE_ROUTE_SELECTOR_DEFECT_CHAIN_COPY_PRINT_V0_2_20260609.txt","C:\Users\13527\Desktop\123\Jxhnny_Kl33N_Seedz\HOUSE_WORK\PROJECT_COMMAND_CENTER_UI_LANE\HELPER_FILE_SURFACE_PREFLIGHT_20260606\STATIC_REVIEW_PACKET_BATCH_HSRB_001_ACTIVE_ROUTE_SELECTOR_DEFECT_CHAIN_COPY_PRINT_V0_2_20260609.txt","Structured root ROOT_HOUSE_WORK file was missing from matching git lane.","542422B7754B1B50FD9FB2A539E70EC98A5BA3069BCA8A252B356E8DB4ABEE88","2020"
"MOVED_STRUCTURED_ROOT_FILE_TO_REPO_LANE","C:\Users\13527\Desktop\123\HOUSE_WORK\PROJECT_COMMAND_CENTER_UI_LANE\HELPER_FILE_SURFACE_PREFLIGHT_20260606\STATIC_REVIEW_PACKET_BATCH_HSRB_001_ACTIVE_ROUTE_SELECTOR_DEFECT_CHAIN_RECEIPT_V0_2_20260609.txt","C:\Users\13527\Desktop\123\Jxhnny_Kl33N_Seedz\HOUSE_WORK\PROJECT_COMMAND_CENTER_UI_LANE\HELPER_FILE_SURFACE_PREFLIGHT_20260606\STATIC_REVIEW_PACKET_BATCH_HSRB_001_ACTIVE_ROUTE_SELECTOR_DEFECT_CHAIN_RECEIPT_V0_2_20260609.txt","Structured root ROOT_HOUSE_WORK file was missing from matching git lane.","595200DD309D26DFBD4D8F7DB1DC74A6D0E1EB46E9E7BC9E1D4890C906D8CF08","2953"
"MOVED_STRUCTURED_ROOT_FILE_TO_REPO_LANE","C:\Users\13527\Desktop\123\HOUSE_WORK\PROJECT_COMMAND_CENTER_UI_LANE\HELPER_FILE_SURFACE_PREFLIGHT_20260606\STATIC_REVIEW_PACKET_BATCH_HSRB_001_ACTIVE_ROUTE_SELECTOR_DEFECT_CHAIN_SUMMARY_V0_1_20260609.csv","C:\Users\13527\Desktop\123\Jxhnny_Kl33N_Seedz\HOUSE_WORK\PROJECT_COMMAND_CENTER_UI_LANE\HELPER_FILE_SURFACE_PREFLIGHT_20260606\STATIC_REVIEW_PACKET_BATCH_HSRB_001_ACTIVE_ROUTE_SELECTOR_DEFECT_CHAIN_SUMMARY_V0_1_20260609.csv","Structured root ROOT_HOUSE_WORK file was missing from matching git lane.","9C2E922097CB4C9DC35F931678A3D70F87B56037978FCD8A45213DA46375721D","3755"
"MOVED_STRUCTURED_ROOT_FILE_TO_REPO_LANE","C:\Users\13527\Desktop\123\HOUSE_WORK\PROJECT_COMMAND_CENTER_UI_LANE\HELPER_FILE_SURFACE_PREFLIGHT_20260606\STATIC_REVIEW_PACKET_BATCH_HSRB_001_ACTIVE_ROUTE_SELECTOR_DEFECT_CHAIN_SUMMARY_V0_2_20260609.csv","C:\Users\13527\Desktop\123\Jxhnny_Kl33N_Seedz\HOUSE_WORK\PROJECT_COMMAND_CENTER_UI_LANE\HELPER_FILE_SURFACE_PREFLIGHT_20260606\STATIC_REVIEW_PACKET_BATCH_HSRB_001_ACTIVE_ROUTE_SELECTOR_DEFECT_CHAIN_SUMMARY_V0_2_20260609.csv","Structured root ROOT_HOUSE_WORK file was missing from matching git lane.","9C2E922097CB4C9DC35F931678A3D70F87B56037978FCD8A45213DA46375721D","3755"
"MOVED_STRUCTURED_ROOT_FILE_TO_REPO_LANE","C:\Users\13527\Desktop\123\HOUSE_WORK\PROJECT_COMMAND_CENTER_UI_LANE\HELPER_FILE_SURFACE_PREFLIGHT_20260606\STATIC_REVIEW_PACKET_BATCH_HSRB_001_ACTIVE_ROUTE_SELECTOR_DEFECT_CHAIN_V0_2_20260609.md","C:\Users\13527\Desktop\123\Jxhnny_Kl33N_Seedz\HOUSE_WORK\PROJECT_COMMAND_CENTER_UI_LANE\HELPER_FILE_SURFACE_PREFLIGHT_20260606\STATIC_REVIEW_PACKET_BATCH_HSRB_001_ACTIVE_ROUTE_SELECTOR_DEFECT_CHAIN_V0_2_20260609.md","Structured root ROOT_HOUSE_WORK file was missing from matching git lane.","3EB8D2223F0685216227D146FBF95515D71F8F6F4CEA000EF0DC2A0E5F6A03D1","6532"
"MOVED_STRUCTURED_ROOT_FILE_TO_REPO_LANE","C:\Users\13527\Desktop\123\HOUSE_WORK\PROJECT_COMMAND_CENTER_UI_LANE\HELPER_FILE_SURFACE_PREFLIGHT_20260606\STATIC_REVIEW_PACKET_BATCH_HSRB_002_GENERATED_RUNNER_SAFE_TEMPLATE_CHAIN_COPY_PRINT_V0_1_20260609.txt","C:\Users\13527\Desktop\123\Jxhnny_Kl33N_Seedz\HOUSE_WORK\PROJECT_COMMAND_CENTER_UI_LANE\HELPER_FILE_SURFACE_PREFLIGHT_20260606\STATIC_REVIEW_PACKET_BATCH_HSRB_002_GENERATED_RUNNER_SAFE_TEMPLATE_CHAIN_COPY_PRINT_V0_1_20260609.txt","Structured root ROOT_HOUSE_WORK file was missing from matching git lane.","89B52B5F21248427F6D5733100A71D171495132EB6D2C80094F1CB27456AF7FF","2367"
"MOVED_STRUCTURED_ROOT_FILE_TO_REPO_LANE","C:\Users\13527\Desktop\123\HOUSE_WORK\PROJECT_COMMAND_CENTER_UI_LANE\HELPER_FILE_SURFACE_PREFLIGHT_20260606\STATIC_REVIEW_PACKET_BATCH_HSRB_002_GENERATED_RUNNER_SAFE_TEMPLATE_CHAIN_RECEIPT_V0_1_20260609.txt","C:\Users\13527\Desktop\123\Jxhnny_Kl33N_Seedz\HOUSE_WORK\PROJECT_COMMAND_CENTER_UI_LANE\HELPER_FILE_SURFACE_PREFLIGHT_20260606\STATIC_REVIEW_PACKET_BATCH_HSRB_002_GENERATED_RUNNER_SAFE_TEMPLATE_CHAIN_RECEIPT_V0_1_20260609.txt","Structured root ROOT_HOUSE_WORK file was missing from matching git lane.","C8A18CDB8071CBA593AE8245E1C5BF6470BB8D4DDA7B7E80ED323A96F3D78026","2177"
"MOVED_STRUCTURED_ROOT_FILE_TO_REPO_LANE","C:\Users\13527\Desktop\123\HOUSE_WORK\PROJECT_COMMAND_CENTER_UI_LANE\HELPER_FILE_SURFACE_PREFLIGHT_20260606\STATIC_REVIEW_PACKET_BATCH_HSRB_002_GENERATED_RUNNER_SAFE_TEMPLATE_CHAIN_SUMMARY_V0_1_20260609.csv","C:\Users\13527\Desktop\123\Jxhnny_Kl33N_Seedz\HOUSE_WORK\PROJECT_COMMAND_CENTER_UI_LANE\HELPER_FILE_SURFACE_PREFLIGHT_20260606\STATIC_REVIEW_PACKET_BATCH_HSRB_002_GENERATED_RUNNER_SAFE_TEMPLATE_CHAIN_SUMMARY_V0_1_20260609.csv","Structured root ROOT_HOUSE_WORK file was missing from matching git lane.","D0FCC6E841F197D1C80E9D6A1E0447F323EAEF0979F618E843FC372CFDB95431","4932"
"MOVED_STRUCTURED_ROOT_FILE_TO_REPO_LANE","C:\Users\13527\Desktop\123\HOUSE_WORK\PROJECT_COMMAND_CENTER_UI_LANE\HELPER_FILE_SURFACE_PREFLIGHT_20260606\STATIC_REVIEW_PACKET_BATCH_HSRB_002_GENERATED_RUNNER_SAFE_TEMPLATE_CHAIN_V0_1_20260609.md","C:\Users\13527\Desktop\123\Jxhnny_Kl33N_Seedz\HOUSE_WORK\PROJECT_COMMAND_CENTER_UI_LANE\HELPER_FILE_SURFACE_PREFLIGHT_20260606\STATIC_REVIEW_PACKET_BATCH_HSRB_002_GENERATED_RUNNER_SAFE_TEMPLATE_CHAIN_V0_1_20260609.md","Structured root ROOT_HOUSE_WORK file was missing from matching git lane.","38FC2086733DF84975FD691502B6FA680CDD6033ABD7FF52EAFFD211359B4F8E","7483"
"MOVED_STRUCTURED_ROOT_FILE_TO_REPO_LANE","C:\Users\13527\Desktop\123\HOUSE_WORK\PROJECT_COMMAND_CENTER_UI_LANE\HELPER_FILE_SURFACE_PREFLIGHT_20260606\STATIC_REVIEW_PACKET_BATCH_HSRB_003_ROOT_DROP_INTAKE_WASHER_BUILD_OPTION_SET_CHAIN_COPY_PRINT_V0_1_20260609.txt","C:\Users\13527\Desktop\123\Jxhnny_Kl33N_Seedz\HOUSE_WORK\PROJECT_COMMAND_CENTER_UI_LANE\HELPER_FILE_SURFACE_PREFLIGHT_20260606\STATIC_REVIEW_PACKET_BATCH_HSRB_003_ROOT_DROP_INTAKE_WASHER_BUILD_OPTION_SET_CHAIN_COPY_PRINT_V0_1_20260609.txt","Structured root ROOT_HOUSE_WORK file was missing from matching git lane.","CDDAD451AE35644EBA42694119F96E8AB348B14E245CFA4EA58FCD9DDDC1B4FF","11777"
"MOVED_STRUCTURED_ROOT_FILE_TO_REPO_LANE","C:\Users\13527\Desktop\123\HOUSE_WORK\PROJECT_COMMAND_CENTER_UI_LANE\HELPER_FILE_SURFACE_PREFLIGHT_20260606\STATIC_REVIEW_PACKET_BATCH_HSRB_003_ROOT_DROP_INTAKE_WASHER_BUILD_OPTION_SET_CHAIN_RECEIPT_V0_1_20260609.txt","C:\Users\13527\Desktop\123\Jxhnny_Kl33N_Seedz\HOUSE_WORK\PROJECT_COMMAND_CENTER_UI_LANE\HELPER_FILE_SURFACE_PREFLIGHT_20260606\STATIC_REVIEW_PACKET_BATCH_HSRB_003_ROOT_DROP_INTAKE_WASHER_BUILD_OPTION_SET_CHAIN_RECEIPT_V0_1_20260609.txt","Structured root ROOT_HOUSE_WORK file was missing from matching git lane.","1925821AEBE747D1797E4EE8544338104B8ABD301DC12F6540734A5DA42D6544","2312"
"MOVED_STRUCTURED_ROOT_FILE_TO_REPO_LANE","C:\Users\13527\Desktop\123\HOUSE_WORK\PROJECT_COMMAND_CENTER_UI_LANE\HELPER_FILE_SURFACE_PREFLIGHT_20260606\STATIC_REVIEW_PACKET_BATCH_HSRB_003_ROOT_DROP_INTAKE_WASHER_BUILD_OPTION_SET_CHAIN_SUMMARY_V0_1_20260609.csv","C:\Users\13527\Desktop\123\Jxhnny_Kl33N_Seedz\HOUSE_WORK\PROJECT_COMMAND_CENTER_UI_LANE\HELPER_FILE_SURFACE_PREFLIGHT_20260606\STATIC_REVIEW_PACKET_BATCH_HSRB_003_ROOT_DROP_INTAKE_WASHER_BUILD_OPTION_SET_CHAIN_SUMMARY_V0_1_20260609.csv","Structured root ROOT_HOUSE_WORK file was missing from matching git lane.","BDA4237D9453936BDEE9C43D270B6E82B9CC3255A34A05DD210CEAE6EB4F59BF","7805"
"MOVED_STRUCTURED_ROOT_FILE_TO_REPO_LANE","C:\Users\13527\Desktop\123\HOUSE_WORK\PROJECT_COMMAND_CENTER_UI_LANE\HELPER_FILE_SURFACE_PREFLIGHT_20260606\STATIC_REVIEW_PACKET_BATCH_HSRB_003_ROOT_DROP_INTAKE_WASHER_BUILD_OPTION_SET_CHAIN_V0_1_20260609.md","C:\Users\13527\Desktop\123\Jxhnny_Kl33N_Seedz\HOUSE_WORK\PROJECT_COMMAND_CENTER_UI_LANE\HELPER_FILE_SURFACE_PREFLIGHT_20260606\STATIC_REVIEW_PACKET_BATCH_HSRB_003_ROOT_DROP_INTAKE_WASHER_BUILD_OPTION_SET_CHAIN_V0_1_20260609.md","Structured root ROOT_HOUSE_WORK file was missing from matching git lane.","CDDAD451AE35644EBA42694119F96E8AB348B14E245CFA4EA58FCD9DDDC1B4FF","11777"
"MOVED_STRUCTURED_ROOT_FILE_TO_REPO_LANE","C:\Users\13527\Desktop\123\HOUSE_WORK\PROJECT_COMMAND_CENTER_UI_LANE\HELPER_FILE_SURFACE_PREFLIGHT_20260606\STATIC_REVIEW_PACKET_BATCH_HSRB_004_HELPER_FILE_SURFACE_PREFLIGHT_AND_PLANETARY_GATE_SELECTOR_CHAIN_COPY_PRINT_V0_1_20260609.txt","C:\Users\13527\Desktop\123\Jxhnny_Kl33N_Seedz\HOUSE_WORK\PROJECT_COMMAND_CENTER_UI_LANE\HELPER_FILE_SURFACE_PREFLIGHT_20260606\STATIC_REVIEW_PACKET_BATCH_HSRB_004_HELPER_FILE_SURFACE_PREFLIGHT_AND_PLANETARY_GATE_SELECTOR_CHAIN_COPY_PRINT_V0_1_20260609.txt","Structured root ROOT_HOUSE_WORK file was missing from matching git lane.","ACB93394A06256D4EC421E37233F7D64C04E8EF12AAA691B02D2B8FAAF175B8A","6425"
"MOVED_STRUCTURED_ROOT_FILE_TO_REPO_LANE","C:\Users\13527\Desktop\123\HOUSE_WORK\PROJECT_COMMAND_CENTER_UI_LANE\HELPER_FILE_SURFACE_PREFLIGHT_20260606\STATIC_REVIEW_PACKET_BATCH_HSRB_004_HELPER_FILE_SURFACE_PREFLIGHT_AND_PLANETARY_GATE_SELECTOR_CHAIN_RECEIPT_V0_1_20260609.txt","C:\Users\13527\Desktop\123\Jxhnny_Kl33N_Seedz\HOUSE_WORK\PROJECT_COMMAND_CENTER_UI_LANE\HELPER_FILE_SURFACE_PREFLIGHT_20260606\STATIC_REVIEW_PACKET_BATCH_HSRB_004_HELPER_FILE_SURFACE_PREFLIGHT_AND_PLANETARY_GATE_SELECTOR_CHAIN_RECEIPT_V0_1_20260609.txt","Structured root ROOT_HOUSE_WORK file was missing from matching git lane.","7C55B2BBA90D4EAAB3A963843FFD8A5E579850577761C552A657145EA999AFF2","2500"
"MOVED_STRUCTURED_ROOT_FILE_TO_REPO_LANE","C:\Users\13527\Desktop\123\HOUSE_WORK\PROJECT_COMMAND_CENTER_UI_LANE\HELPER_FILE_SURFACE_PREFLIGHT_20260606\STATIC_REVIEW_PACKET_BATCH_HSRB_004_HELPER_FILE_SURFACE_PREFLIGHT_AND_PLANETARY_GATE_SELECTOR_CHAIN_SUMMARY_V0_1_20260609.csv","C:\Users\13527\Desktop\123\Jxhnny_Kl33N_Seedz\HOUSE_WORK\PROJECT_COMMAND_CENTER_UI_LANE\HELPER_FILE_SURFACE_PREFLIGHT_20260606\STATIC_REVIEW_PACKET_BATCH_HSRB_004_HELPER_FILE_SURFACE_PREFLIGHT_AND_PLANETARY_GATE_SELECTOR_CHAIN_SUMMARY_V0_1_20260609.csv","Structured root ROOT_HOUSE_WORK file was missing from matching git lane.","B91829990D3AE011A8F7D8221487BC9302079ECF55CF722CE7C138DA67244C8C","3171"
"MOVED_STRUCTURED_ROOT_FILE_TO_REPO_LANE","C:\Users\13527\Desktop\123\HOUSE_WORK\PROJECT_COMMAND_CENTER_UI_LANE\HELPER_FILE_SURFACE_PREFLIGHT_20260606\STATIC_REVIEW_PACKET_BATCH_HSRB_004_HELPER_FILE_SURFACE_PREFLIGHT_AND_PLANETARY_GATE_SELECTOR_CHAIN_V0_1_20260609.md","C:\Users\13527\Desktop\123\Jxhnny_Kl33N_Seedz\HOUSE_WORK\PROJECT_COMMAND_CENTER_UI_LANE\HELPER_FILE_SURFACE_PREFLIGHT_20260606\STATIC_REVIEW_PACKET_BATCH_HSRB_004_HELPER_FILE_SURFACE_PREFLIGHT_AND_PLANETARY_GATE_SELECTOR_CHAIN_V0_1_20260609.md","Structured root ROOT_HOUSE_WORK file was missing from matching git lane.","ACB93394A06256D4EC421E37233F7D64C04E8EF12AAA691B02D2B8FAAF175B8A","6425"
"MOVED_STRUCTURED_ROOT_FILE_TO_REPO_LANE","C:\Users\13527\Desktop\123\HOUSE_WORK\PROJECT_COMMAND_CENTER_UI_LANE\HELPER_FILE_SURFACE_PREFLIGHT_20260606\STATIC_REVIEW_PACKET_BATCH_HSRB_005_ROOT_HELD_ROUTE_OR_HOLD_AND_CUSTODY_FAMILY_COPY_PRINT_V0_1_20260609.txt","C:\Users\13527\Desktop\123\Jxhnny_Kl33N_Seedz\HOUSE_WORK\PROJECT_COMMAND_CENTER_UI_LANE\HELPER_FILE_SURFACE_PREFLIGHT_20260606\STATIC_REVIEW_PACKET_BATCH_HSRB_005_ROOT_HELD_ROUTE_OR_HOLD_AND_CUSTODY_FAMILY_COPY_PRINT_V0_1_20260609.txt","Structured root ROOT_HOUSE_WORK file was missing from matching git lane.","36355621C2874541AB806B286202EDA6DDFD2E63539C5676EB78F8445486DB23","21481"
"MOVED_STRUCTURED_ROOT_FILE_TO_REPO_LANE","C:\Users\13527\Desktop\123\HOUSE_WORK\PROJECT_COMMAND_CENTER_UI_LANE\HELPER_FILE_SURFACE_PREFLIGHT_20260606\STATIC_REVIEW_PACKET_BATCH_HSRB_005_ROOT_HELD_ROUTE_OR_HOLD_AND_CUSTODY_FAMILY_RECEIPT_V0_1_20260609.txt","C:\Users\13527\Desktop\123\Jxhnny_Kl33N_Seedz\HOUSE_WORK\PROJECT_COMMAND_CENTER_UI_LANE\HELPER_FILE_SURFACE_PREFLIGHT_20260606\STATIC_REVIEW_PACKET_BATCH_HSRB_005_ROOT_HELD_ROUTE_OR_HOLD_AND_CUSTODY_FAMILY_RECEIPT_V0_1_20260609.txt","Structured root ROOT_HOUSE_WORK file was missing from matching git lane.","766FC59AB439FCA184BF1A7AC1E283F61D6EFBF5165B5AD2237ED6013F0F8537","2632"
"MOVED_STRUCTURED_ROOT_FILE_TO_REPO_LANE","C:\Users\13527\Desktop\123\HOUSE_WORK\PROJECT_COMMAND_CENTER_UI_LANE\HELPER_FILE_SURFACE_PREFLIGHT_20260606\STATIC_REVIEW_PACKET_BATCH_HSRB_005_ROOT_HELD_ROUTE_OR_HOLD_AND_CUSTODY_FAMILY_SUMMARY_V0_1_20260609.csv","C:\Users\13527\Desktop\123\Jxhnny_Kl33N_Seedz\HOUSE_WORK\PROJECT_COMMAND_CENTER_UI_LANE\HELPER_FILE_SURFACE_PREFLIGHT_20260606\STATIC_REVIEW_PACKET_BATCH_HSRB_005_ROOT_HELD_ROUTE_OR_HOLD_AND_CUSTODY_FAMILY_SUMMARY_V0_1_20260609.csv","Structured root ROOT_HOUSE_WORK file was missing from matching git lane.","BFEAF1DF2F09BE1C6C193A293AF029DB5EF61CFCF89227C6A6F781602F31716D","15360"
"MOVED_STRUCTURED_ROOT_FILE_TO_REPO_LANE","C:\Users\13527\Desktop\123\HOUSE_WORK\PROJECT_COMMAND_CENTER_UI_LANE\HELPER_FILE_SURFACE_PREFLIGHT_20260606\STATIC_REVIEW_PACKET_BATCH_HSRB_005_ROOT_HELD_ROUTE_OR_HOLD_AND_CUSTODY_FAMILY_V0_1_20260609.md","C:\Users\13527\Desktop\123\Jxhnny_Kl33N_Seedz\HOUSE_WORK\PROJECT_COMMAND_CENTER_UI_LANE\HELPER_FILE_SURFACE_PREFLIGHT_20260606\STATIC_REVIEW_PACKET_BATCH_HSRB_005_ROOT_HELD_ROUTE_OR_HOLD_AND_CUSTODY_FAMILY_V0_1_20260609.md","Structured root ROOT_HOUSE_WORK file was missing from matching git lane.","36355621C2874541AB806B286202EDA6DDFD2E63539C5676EB78F8445486DB23","21481"
"MOVED_STRUCTURED_ROOT_FILE_TO_REPO_LANE","C:\Users\13527\Desktop\123\HOUSE_WORK\PROJECT_COMMAND_CENTER_UI_LANE\HELPER_FILE_SURFACE_PREFLIGHT_20260606\STATIC_REVIEW_PACKET_BATCH_HSRB_006_REMAINING_HELPER_REVIEW_QUEUE_FAMILY_COPY_PRINT_V0_1_20260609.txt","C:\Users\13527\Desktop\123\Jxhnny_Kl33N_Seedz\HOUSE_WORK\PROJECT_COMMAND_CENTER_UI_LANE\HELPER_FILE_SURFACE_PREFLIGHT_20260606\STATIC_REVIEW_PACKET_BATCH_HSRB_006_REMAINING_HELPER_REVIEW_QUEUE_FAMILY_COPY_PRINT_V0_1_20260609.txt","Structured root ROOT_HOUSE_WORK file was missing from matching git lane.","4A9E7F2B1F50A57A0C01FF1E46BBE4433574480677E1AD767C797B2C2F5ABFCA","34852"
"MOVED_STRUCTURED_ROOT_FILE_TO_REPO_LANE","C:\Users\13527\Desktop\123\HOUSE_WORK\PROJECT_COMMAND_CENTER_UI_LANE\HELPER_FILE_SURFACE_PREFLIGHT_20260606\STATIC_REVIEW_PACKET_BATCH_HSRB_006_REMAINING_HELPER_REVIEW_QUEUE_FAMILY_RECEIPT_V0_1_20260609.txt","C:\Users\13527\Desktop\123\Jxhnny_Kl33N_Seedz\HOUSE_WORK\PROJECT_COMMAND_CENTER_UI_LANE\HELPER_FILE_SURFACE_PREFLIGHT_20260606\STATIC_REVIEW_PACKET_BATCH_HSRB_006_REMAINING_HELPER_REVIEW_QUEUE_FAMILY_RECEIPT_V0_1_20260609.txt","Structured root ROOT_HOUSE_WORK file was missing from matching git lane.","BBF864C3CED8BBC40EB1EF4B353D8C7EE4D1E07C955901EC41F0D17DB22860B7","2761"
"MOVED_STRUCTURED_ROOT_FILE_TO_REPO_LANE","C:\Users\13527\Desktop\123\HOUSE_WORK\PROJECT_COMMAND_CENTER_UI_LANE\HELPER_FILE_SURFACE_PREFLIGHT_20260606\STATIC_REVIEW_PACKET_BATCH_HSRB_006_REMAINING_HELPER_REVIEW_QUEUE_FAMILY_SUMMARY_V0_1_20260609.csv","C:\Users\13527\Desktop\123\Jxhnny_Kl33N_Seedz\HOUSE_WORK\PROJECT_COMMAND_CENTER_UI_LANE\HELPER_FILE_SURFACE_PREFLIGHT_20260606\STATIC_REVIEW_PACKET_BATCH_HSRB_006_REMAINING_HELPER_REVIEW_QUEUE_FAMILY_SUMMARY_V0_1_20260609.csv","Structured root ROOT_HOUSE_WORK file was missing from matching git lane.","18ED5DF722150FB1EED48DF36DC74B3A7156060221EB13F5BC4AF5C3458C2164","31362"
"MOVED_STRUCTURED_ROOT_FILE_TO_REPO_LANE","C:\Users\13527\Desktop\123\HOUSE_WORK\PROJECT_COMMAND_CENTER_UI_LANE\HELPER_FILE_SURFACE_PREFLIGHT_20260606\STATIC_REVIEW_PACKET_BATCH_HSRB_006_REMAINING_HELPER_REVIEW_QUEUE_FAMILY_V0_1_20260609.md","C:\Users\13527\Desktop\123\Jxhnny_Kl33N_Seedz\HOUSE_WORK\PROJECT_COMMAND_CENTER_UI_LANE\HELPER_FILE_SURFACE_PREFLIGHT_20260606\STATIC_REVIEW_PACKET_BATCH_HSRB_006_REMAINING_HELPER_REVIEW_QUEUE_FAMILY_V0_1_20260609.md","Structured root ROOT_HOUSE_WORK file was missing from matching git lane.","4A9E7F2B1F50A57A0C01FF1E46BBE4433574480677E1AD767C797B2C2F5ABFCA","34852"
"MOVED_STRUCTURED_ROOT_FILE_TO_REPO_LANE","C:\Users\13527\Desktop\123\HOUSE_WORK\PROJECT_COMMAND_CENTER_UI_LANE\HELPER_FILE_SURFACE_PREFLIGHT_20260606\STATIC_SCAN__ONE_GENERATED_HELPER_COLLECTION_PARAMETER_BINDING_NO_EXECUTION_20260609.csv","C:\Users\13527\Desktop\123\Jxhnny_Kl33N_Seedz\HOUSE_WORK\PROJECT_COMMAND_CENTER_UI_LANE\HELPER_FILE_SURFACE_PREFLIGHT_20260606\STATIC_SCAN__ONE_GENERATED_HELPER_COLLECTION_PARAMETER_BINDING_NO_EXECUTION_20260609.csv","Structured root ROOT_HOUSE_WORK file was missing from matching git lane.","EC42A940479944B8DC14092DA8F3AA9669C4F1BE663F102B1C73CEE650D23DCA","4799"
"MOVED_STRUCTURED_ROOT_FILE_TO_REPO_LANE","C:\Users\13527\Desktop\123\HOUSE_WORK\PROJECT_COMMAND_CENTER_UI_LANE\HELPER_FILE_SURFACE_PREFLIGHT_20260606\STATIC_SCAN__ONE_GENERATED_HELPER_COLLECTION_PARAMETER_BINDING_NO_EXECUTION_20260609.md","C:\Users\13527\Desktop\123\Jxhnny_Kl33N_Seedz\HOUSE_WORK\PROJECT_COMMAND_CENTER_UI_LANE\HELPER_FILE_SURFACE_PREFLIGHT_20260606\STATIC_SCAN__ONE_GENERATED_HELPER_COLLECTION_PARAMETER_BINDING_NO_EXECUTION_20260609.md","Structured root ROOT_HOUSE_WORK file was missing from matching git lane.","8E060F5C243AD85283E2991C7D5E4069E6BD93B2CDBE761E29C102F10B34B186","3332"
"MOVED_STRUCTURED_ROOT_FILE_TO_REPO_LANE","C:\Users\13527\Desktop\123\HOUSE_WORK\PROJECT_COMMAND_CENTER_UI_LANE\HELPER_FILE_SURFACE_PREFLIGHT_20260606\STATIC_SCAN__ONE_GENERATED_HELPER_COLLECTION_PARAMETER_BINDING_NO_EXECUTION_V0_2_20260609.md","C:\Users\13527\Desktop\123\Jxhnny_Kl33N_Seedz\HOUSE_WORK\PROJECT_COMMAND_CENTER_UI_LANE\HELPER_FILE_SURFACE_PREFLIGHT_20260606\STATIC_SCAN__ONE_GENERATED_HELPER_COLLECTION_PARAMETER_BINDING_NO_EXECUTION_V0_2_20260609.md","Structured root ROOT_HOUSE_WORK file was missing from matching git lane.","427DACD7458E01EE249877C6FFEC646AD22681EFA90FDE3B343BB00900851616","5712"
"MOVED_STRUCTURED_ROOT_FILE_TO_REPO_LANE","C:\Users\13527\Desktop\123\HOUSE_WORK\PROJECT_COMMAND_CENTER_UI_LANE\HELPER_FILE_SURFACE_PREFLIGHT_20260606\STATIC_SCAN__POST_DELTA_REVIEW_ROUTE_RECONSIDERATION_SELECTOR_NO_EXECUTION_20260609.csv","C:\Users\13527\Desktop\123\Jxhnny_Kl33N_Seedz\HOUSE_WORK\PROJECT_COMMAND_CENTER_UI_LANE\HELPER_FILE_SURFACE_PREFLIGHT_20260606\STATIC_SCAN__POST_DELTA_REVIEW_ROUTE_RECONSIDERATION_SELECTOR_NO_EXECUTION_20260609.csv","Structured root ROOT_HOUSE_WORK file was missing from matching git lane.","0F965944B6B9A9749D1786788C9643E18AF527E72A8CDF4919175FBBE86DC041","5064"
"MOVED_STRUCTURED_ROOT_FILE_TO_REPO_LANE","C:\Users\13527\Desktop\123\HOUSE_WORK\PROJECT_COMMAND_CENTER_UI_LANE\HELPER_FILE_SURFACE_PREFLIGHT_20260606\STATIC_SCAN__POST_DELTA_REVIEW_ROUTE_RECONSIDERATION_SELECTOR_NO_EXECUTION_20260609.md","C:\Users\13527\Desktop\123\Jxhnny_Kl33N_Seedz\HOUSE_WORK\PROJECT_COMMAND_CENTER_UI_LANE\HELPER_FILE_SURFACE_PREFLIGHT_20260606\STATIC_SCAN__POST_DELTA_REVIEW_ROUTE_RECONSIDERATION_SELECTOR_NO_EXECUTION_20260609.md","Structured root ROOT_HOUSE_WORK file was missing from matching git lane.","EB93441637D9507E8647C6FE3C50D925450F0B29DF3DF252917BB3870A331906","3280"
"MOVED_STRUCTURED_ROOT_FILE_TO_REPO_LANE","C:\Users\13527\Desktop\123\HOUSE_WORK\PROJECT_COMMAND_CENTER_UI_LANE\HELPER_FILE_SURFACE_PREFLIGHT_20260606\STATIC_SCAN__V0_2_GENERATED_HELPER_COLLECTION_PARAMETER_BINDING_NO_EXECUTION_20260609.csv","C:\Users\13527\Desktop\123\Jxhnny_Kl33N_Seedz\HOUSE_WORK\PROJECT_COMMAND_CENTER_UI_LANE\HELPER_FILE_SURFACE_PREFLIGHT_20260606\STATIC_SCAN__V0_2_GENERATED_HELPER_COLLECTION_PARAMETER_BINDING_NO_EXECUTION_20260609.csv","Structured root ROOT_HOUSE_WORK file was missing from matching git lane.","257492202EEBDAC9B741AA7CA59534D7C640C6838732E53CF9C2FAEC778749D1","4791"
"MOVED_STRUCTURED_ROOT_FILE_TO_REPO_LANE","C:\Users\13527\Desktop\123\HOUSE_WORK\PROJECT_COMMAND_CENTER_UI_LANE\HELPER_FILE_SURFACE_PREFLIGHT_20260606\STATIC_SCAN__V0_2_GENERATED_HELPER_COLLECTION_PARAMETER_BINDING_NO_EXECUTION_20260609.md","C:\Users\13527\Desktop\123\Jxhnny_Kl33N_Seedz\HOUSE_WORK\PROJECT_COMMAND_CENTER_UI_LANE\HELPER_FILE_SURFACE_PREFLIGHT_20260606\STATIC_SCAN__V0_2_GENERATED_HELPER_COLLECTION_PARAMETER_BINDING_NO_EXECUTION_20260609.md","Structured root ROOT_HOUSE_WORK file was missing from matching git lane.","850DB475C1E064D1340D2F28B52DDCF07E54695BFFB817ED4CFB8B226AB4C244","3585"
"MOVED_STRUCTURED_ROOT_FILE_TO_REPO_LANE","C:\Users\13527\Desktop\123\HOUSE_WORK\PROJECT_COMMAND_CENTER_UI_LANE\HELPER_FILE_SURFACE_PREFLIGHT_20260606\SUPERSEDED_AS_HISTORY_INCIDENT_PROOF_INDEX_RECEIPT_20260608.md","C:\Users\13527\Desktop\123\Jxhnny_Kl33N_Seedz\HOUSE_WORK\PROJECT_COMMAND_CENTER_UI_LANE\HELPER_FILE_SURFACE_PREFLIGHT_20260606\SUPERSEDED_AS_HISTORY_INCIDENT_PROOF_INDEX_RECEIPT_20260608.md","Structured root ROOT_HOUSE_WORK file was missing from matching git lane.","FAF4E2656F16F64C58A09F585C72C1C850B3BD0049CFABA1633DE68AD299C555","5491"
"MOVED_STRUCTURED_ROOT_FILE_TO_REPO_LANE","C:\Users\13527\Desktop\123\HOUSE_WORK\PROJECT_COMMAND_CENTER_UI_LANE\HELPER_FILE_SURFACE_PREFLIGHT_20260606\TRACE__STATIC_GATE_SCAN_PARSER_ERROR_LOWER_FILE_CHECK_NO_EXECUTION_20260609.csv","C:\Users\13527\Desktop\123\Jxhnny_Kl33N_Seedz\HOUSE_WORK\PROJECT_COMMAND_CENTER_UI_LANE\HELPER_FILE_SURFACE_PREFLIGHT_20260606\TRACE__STATIC_GATE_SCAN_PARSER_ERROR_LOWER_FILE_CHECK_NO_EXECUTION_20260609.csv","Structured root ROOT_HOUSE_WORK file was missing from matching git lane.","B5E41C231D1697A6B4866FBCCC2FBB5F25ECEF6929F7A335AE26577CAAB3B8BC","2091"
"MOVED_STRUCTURED_ROOT_FILE_TO_REPO_LANE","C:\Users\13527\Desktop\123\HOUSE_WORK\PROJECT_COMMAND_CENTER_UI_LANE\HELPER_FILE_SURFACE_PREFLIGHT_20260606\TRACE__STATIC_GATE_SCAN_PARSER_ERROR_LOWER_FILE_CHECK_NO_EXECUTION_20260609.md","C:\Users\13527\Desktop\123\Jxhnny_Kl33N_Seedz\HOUSE_WORK\PROJECT_COMMAND_CENTER_UI_LANE\HELPER_FILE_SURFACE_PREFLIGHT_20260606\TRACE__STATIC_GATE_SCAN_PARSER_ERROR_LOWER_FILE_CHECK_NO_EXECUTION_20260609.md","Structured root ROOT_HOUSE_WORK file was missing from matching git lane.","7BA7365A22CF92E58D8299F7E3AD6979FEC9EE50F2DA7908104F6BA0ED82270B","3354"
"MOVED_STRUCTURED_ROOT_FILE_TO_REPO_LANE","C:\Users\13527\Desktop\123\HOUSE_WORK\PROJECT_COMMAND_CENTER_UI_LANE\HELPER_FILE_SURFACE_PREFLIGHT_20260606\TRACE__STATIC_GATE_SCAN_ROOT_CAUSE_V0_2_NO_ELSEIF_LAYER_CLASSIFICATION_NO_EXECUTION_20260609.csv","C:\Users\13527\Desktop\123\Jxhnny_Kl33N_Seedz\HOUSE_WORK\PROJECT_COMMAND_CENTER_UI_LANE\HELPER_FILE_SURFACE_PREFLIGHT_20260606\TRACE__STATIC_GATE_SCAN_ROOT_CAUSE_V0_2_NO_ELSEIF_LAYER_CLASSIFICATION_NO_EXECUTION_20260609.csv","Structured root ROOT_HOUSE_WORK file was missing from matching git lane.","13D6659CD58CE9CF4179D3D1D05E4C5A1818CB73F55B2A3CA66CD8FCCC005DB9","611"
"MOVED_STRUCTURED_ROOT_FILE_TO_REPO_LANE","C:\Users\13527\Desktop\123\HOUSE_WORK\PROJECT_COMMAND_CENTER_UI_LANE\HELPER_FILE_SURFACE_PREFLIGHT_20260606\TRACE__STATIC_GATE_SCAN_ROOT_CAUSE_V0_2_NO_ELSEIF_LAYER_CLASSIFICATION_NO_EXECUTION_20260609.md","C:\Users\13527\Desktop\123\Jxhnny_Kl33N_Seedz\HOUSE_WORK\PROJECT_COMMAND_CENTER_UI_LANE\HELPER_FILE_SURFACE_PREFLIGHT_20260606\TRACE__STATIC_GATE_SCAN_ROOT_CAUSE_V0_2_NO_ELSEIF_LAYER_CLASSIFICATION_NO_EXECUTION_20260609.md","Structured root ROOT_HOUSE_WORK file was missing from matching git lane.","7E2A02ACA36D63209190672EB546F1F26ADA8D2A91F3A8D07A3E5CFF3A84744B","5149"
"MOVED_STRUCTURED_ROOT_FILE_TO_REPO_LANE","C:\Users\13527\Desktop\123\HOUSE_WORK\PROJECT_COMMAND_CENTER_UI_LANE\HELPER_FILE_SURFACE_PREFLIGHT_20260606\USER_APPROVAL__CREATE_REQUIRED_DESTINATION_DIRECTORY_SCAFFOLD_ONLY_20260609_20260609_193222.md","C:\Users\13527\Desktop\123\Jxhnny_Kl33N_Seedz\HOUSE_WORK\PROJECT_COMMAND_CENTER_UI_LANE\HELPER_FILE_SURFACE_PREFLIGHT_20260606\USER_APPROVAL__CREATE_REQUIRED_DESTINATION_DIRECTORY_SCAFFOLD_ONLY_20260609_20260609_193222.md","Structured root ROOT_HOUSE_WORK file was missing from matching git lane.","84398353489118BDD7914A60E1DF3888FFBBB6401A3CACFE4839D361C8236DAB","1436"
"MOVED_STRUCTURED_ROOT_FILE_TO_REPO_LANE","C:\Users\13527\Desktop\123\HOUSE_WORK\PROJECT_COMMAND_CENTER_UI_LANE\HELPER_FILE_SURFACE_PREFLIGHT_20260606\USER_APPROVAL__CREATE_SIX_DESTINATION_PARENT_FOLDERS_ONLY_20260609_20260609_182140.md","C:\Users\13527\Desktop\123\Jxhnny_Kl33N_Seedz\HOUSE_WORK\PROJECT_COMMAND_CENTER_UI_LANE\HELPER_FILE_SURFACE_PREFLIGHT_20260606\USER_APPROVAL__CREATE_SIX_DESTINATION_PARENT_FOLDERS_ONLY_20260609_20260609_182140.md","Structured root ROOT_HOUSE_WORK file was missing from matching git lane.","8794A4AB39185FB05B73F1BC8A471BC7821F7268C7C7B5EFEFAFFFD5438CBC39","916"
"MOVED_STRUCTURED_ROOT_FILE_TO_REPO_LANE","C:\Users\13527\Desktop\123\HOUSE_WORK\PROJECT_COMMAND_CENTER_UI_LANE\HELPER_FILE_SURFACE_PREFLIGHT_20260606\VERIFY__ROOT_AFTER_ROUTE55_AND_3_HELPER_SCRIPT_ROUTE_NO_CLEANUP_20260609.csv","C:\Users\13527\Desktop\123\Jxhnny_Kl33N_Seedz\HOUSE_WORK\PROJECT_COMMAND_CENTER_UI_LANE\HELPER_FILE_SURFACE_PREFLIGHT_20260606\VERIFY__ROOT_AFTER_ROUTE55_AND_3_HELPER_SCRIPT_ROUTE_NO_CLEANUP_20260609.csv","Structured root ROOT_HOUSE_WORK file was missing from matching git lane.","A67100BD7692FF0FE9DCD2E3CA52C2721F157756417F109A34402EF32BDFABE4","31040"
"MOVED_STRUCTURED_ROOT_FILE_TO_REPO_LANE","C:\Users\13527\Desktop\123\HOUSE_WORK\PROJECT_COMMAND_CENTER_UI_LANE\HELPER_FILE_SURFACE_PREFLIGHT_20260606\VERIFY__ROOT_AFTER_ROUTE55_AND_3_HELPER_SCRIPT_ROUTE_NO_CLEANUP_20260609.md","C:\Users\13527\Desktop\123\Jxhnny_Kl33N_Seedz\HOUSE_WORK\PROJECT_COMMAND_CENTER_UI_LANE\HELPER_FILE_SURFACE_PREFLIGHT_20260606\VERIFY__ROOT_AFTER_ROUTE55_AND_3_HELPER_SCRIPT_ROUTE_NO_CLEANUP_20260609.md","Structured root ROOT_HOUSE_WORK file was missing from matching git lane.","83063080D884C3DBBD001ED91F91800DBB7B55BE24CC4D8004283D4472B22F68","709"
"MOVED_STRUCTURED_ROOT_FILE_TO_REPO_LANE","C:\Users\13527\Desktop\123\HOUSE_WORK\PROJECT_COMMAND_CENTER_UI_LANE\HELPER_FILE_SURFACE_PREFLIGHT_20260606\CANDIDATE_ADDENDA\PLANETARY_GATE_SUPPORT_GUARD_MEMBRANE_REORDER_ADDENDUM_V0_1_20260607.md","C:\Users\13527\Desktop\123\Jxhnny_Kl33N_Seedz\HOUSE_WORK\PROJECT_COMMAND_CENTER_UI_LANE\HELPER_FILE_SURFACE_PREFLIGHT_20260606\CANDIDATE_ADDENDA\PLANETARY_GATE_SUPPORT_GUARD_MEMBRANE_REORDER_ADDENDUM_V0_1_20260607.md","Structured root ROOT_HOUSE_WORK file was missing from matching git lane.","B27A0EE5666AF60F96E07F04BEEF7472B7B37F48F066746B96B52F30C88FD271","4591"
"MOVED_STRUCTURED_ROOT_FILE_TO_REPO_LANE","C:\Users\13527\Desktop\123\HOUSE_WORK\PROJECT_COMMAND_CENTER_UI_LANE\HELPER_FILE_SURFACE_PREFLIGHT_20260606\CANDIDATE_REVISION_PACKETS\INTAKE_GATE_WEB_CHECK_PLUS_GUARD_MEMBRANE_REVISION_PACKET_V0_1_20260607.md","C:\Users\13527\Desktop\123\Jxhnny_Kl33N_Seedz\HOUSE_WORK\PROJECT_COMMAND_CENTER_UI_LANE\HELPER_FILE_SURFACE_PREFLIGHT_20260606\CANDIDATE_REVISION_PACKETS\INTAKE_GATE_WEB_CHECK_PLUS_GUARD_MEMBRANE_REVISION_PACKET_V0_1_20260607.md","Structured root ROOT_HOUSE_WORK file was missing from matching git lane.","7CAF97D9E9EE6A7F94F290C5C1418DD884ED067635FC37081E9A882240EE6611","20723"
"MOVED_STRUCTURED_ROOT_FILE_TO_REPO_LANE","C:\Users\13527\Desktop\123\HOUSE_WORK\PROJECT_COMMAND_CENTER_UI_LANE\HELPER_FILE_SURFACE_PREFLIGHT_20260606\CANDIDATE_SPECS\HOUSE_SEMANTIC_NERVOUS_SYSTEM_READ_ONLY_SPEC_V0_1.md","C:\Users\13527\Desktop\123\Jxhnny_Kl33N_Seedz\HOUSE_WORK\PROJECT_COMMAND_CENTER_UI_LANE\HELPER_FILE_SURFACE_PREFLIGHT_20260606\CANDIDATE_SPECS\HOUSE_SEMANTIC_NERVOUS_SYSTEM_READ_ONLY_SPEC_V0_1.md","Structured root ROOT_HOUSE_WORK file was missing from matching git lane.","84A7C41C8698FE4A141C6A4DC1613CF753708BBA69AFFF7E183FA74C6572BB31","65693"
"MOVED_STRUCTURED_ROOT_FILE_TO_REPO_LANE","C:\Users\13527\Desktop\123\HOUSE_WORK\PROJECT_COMMAND_CENTER_UI_LANE\HELPER_FILE_SURFACE_PREFLIGHT_20260606\CLEAN_CANDIDATES\PLANETARY_HOUSE_GATE_MASTER_INDEX_WITH_INTAKE_TOOLBELT_V0_3_CLEAN_CANDIDATE_20260607.md","C:\Users\13527\Desktop\123\Jxhnny_Kl33N_Seedz\HOUSE_WORK\PROJECT_COMMAND_CENTER_UI_LANE\HELPER_FILE_SURFACE_PREFLIGHT_20260606\CLEAN_CANDIDATES\PLANETARY_HOUSE_GATE_MASTER_INDEX_WITH_INTAKE_TOOLBELT_V0_3_CLEAN_CANDIDATE_20260607.md","Structured root ROOT_HOUSE_WORK file was missing from matching git lane.","275DC941B1CD0905342D5B1D54814440B9DA2850556BDD8326A47A92D9325A3D","667800"
"MOVED_STRUCTURED_ROOT_FILE_TO_REPO_LANE","C:\Users\13527\Desktop\123\HOUSE_WORK\PROJECT_COMMAND_CENTER_UI_LANE\HELPER_FILE_SURFACE_PREFLIGHT_20260606\FRONT_DOOR_INTAKE_TOOLBELT\SOFT_SUITS\GUARD_MEMBRANE_SOFT_SUIT_TEST_CARD_V0_1_RAW_20260607.md","C:\Users\13527\Desktop\123\Jxhnny_Kl33N_Seedz\HOUSE_WORK\PROJECT_COMMAND_CENTER_UI_LANE\HELPER_FILE_SURFACE_PREFLIGHT_20260606\FRONT_DOOR_INTAKE_TOOLBELT\SOFT_SUITS\GUARD_MEMBRANE_SOFT_SUIT_TEST_CARD_V0_1_RAW_20260607.md","Structured root ROOT_HOUSE_WORK file was missing from matching git lane.","A0B7897CCBFA603DC021B44526987E942DA94CB00BF5DE160F54810879B886BD","11212"
"MOVED_STRUCTURED_ROOT_FILE_TO_REPO_LANE","C:\Users\13527\Desktop\123\HOUSE_WORK\PROJECT_COMMAND_CENTER_UI_LANE\HELPER_FILE_SURFACE_PREFLIGHT_20260606\INCIDENTS\FREEZE_EVIDENCE__GENERATED_RUNNER_LINE_WRITER_DEEP_LAYER__20260608\DEEP_LAYER_ROOT_CAUSE__GENERATED_RUNNER_LINE_WRITER_AND_FALSE_COMPLETE_20260608.md","C:\Users\13527\Desktop\123\Jxhnny_Kl33N_Seedz\HOUSE_WORK\PROJECT_COMMAND_CENTER_UI_LANE\HELPER_FILE_SURFACE_PREFLIGHT_20260606\INCIDENTS\FREEZE_EVIDENCE__GENERATED_RUNNER_LINE_WRITER_DEEP_LAYER__20260608\DEEP_LAYER_ROOT_CAUSE__GENERATED_RUNNER_LINE_WRITER_AND_FALSE_COMPLETE_20260608.md","Structured root ROOT_HOUSE_WORK file was missing from matching git lane.","5584FEED2B9FB713463B2C63F02D0BC866AB5B20D332D236BE1B304BDA65E16A","2495"
"MOVED_STRUCTURED_ROOT_FILE_TO_REPO_LANE","C:\Users\13527\Desktop\123\HOUSE_WORK\PROJECT_COMMAND_CENTER_UI_LANE\HELPER_FILE_SURFACE_PREFLIGHT_20260606\INCIDENTS\FREEZE_EVIDENCE__GENERATED_RUNNER_LINE_WRITER_DEEP_LAYER__20260608\ERROR_FREEZE__GENERATED_RUNNER_LINE_WRITER_DEEP_LAYER_20260608.md","C:\Users\13527\Desktop\123\Jxhnny_Kl33N_Seedz\HOUSE_WORK\PROJECT_COMMAND_CENTER_UI_LANE\HELPER_FILE_SURFACE_PREFLIGHT_20260606\INCIDENTS\FREEZE_EVIDENCE__GENERATED_RUNNER_LINE_WRITER_DEEP_LAYER__20260608\ERROR_FREEZE__GENERATED_RUNNER_LINE_WRITER_DEEP_LAYER_20260608.md","Structured root ROOT_HOUSE_WORK file was missing from matching git lane.","C90B2B94677D1CD30E2D078244E89DE9C0C05827E4BF16A33030175251932958","3358"
"MOVED_STRUCTURED_ROOT_FILE_TO_REPO_LANE","C:\Users\13527\Desktop\123\HOUSE_WORK\PROJECT_COMMAND_CENTER_UI_LANE\HELPER_FILE_SURFACE_PREFLIGHT_20260606\INCIDENTS\FREEZE_EVIDENCE__GENERATED_RUNNER_LINE_WRITER_DEEP_LAYER__20260608\FIX_NOTE__SAFE_TEXT_WRITER_AND_STOP_ON_BLOCKER_PATTERN_20260608.md","C:\Users\13527\Desktop\123\Jxhnny_Kl33N_Seedz\HOUSE_WORK\PROJECT_COMMAND_CENTER_UI_LANE\HELPER_FILE_SURFACE_PREFLIGHT_20260606\INCIDENTS\FREEZE_EVIDENCE__GENERATED_RUNNER_LINE_WRITER_DEEP_LAYER__20260608\FIX_NOTE__SAFE_TEXT_WRITER_AND_STOP_ON_BLOCKER_PATTERN_20260608.md","Structured root ROOT_HOUSE_WORK file was missing from matching git lane.","B7CA2AE7D5F33594DE772EAF0485D8A01612547A6E662892FAAC97B8F8D021EC","1714"
"MOVED_STRUCTURED_ROOT_FILE_TO_REPO_LANE","C:\Users\13527\Desktop\123\HOUSE_WORK\PROJECT_COMMAND_CENTER_UI_LANE\HELPER_FILE_SURFACE_PREFLIGHT_20260606\INCIDENTS\FREEZE_EVIDENCE__GENERATED_RUNNER_LINE_WRITER_DEEP_LAYER__20260608\HASH_RECEIPT__GENERATED_RUNNER_DEEP_LAYER_FREEZE_20260608.txt","C:\Users\13527\Desktop\123\Jxhnny_Kl33N_Seedz\HOUSE_WORK\PROJECT_COMMAND_CENTER_UI_LANE\HELPER_FILE_SURFACE_PREFLIGHT_20260606\INCIDENTS\FREEZE_EVIDENCE__GENERATED_RUNNER_LINE_WRITER_DEEP_LAYER__20260608\HASH_RECEIPT__GENERATED_RUNNER_DEEP_LAYER_FREEZE_20260608.txt","Structured root ROOT_HOUSE_WORK file was missing from matching git lane.","098424D043022C8B0C0D2DE5A47CABCBE7D58B03EF39BCA65A256595B91388D9","3188"
"MOVED_STRUCTURED_ROOT_FILE_TO_REPO_LANE","C:\Users\13527\Desktop\123\HOUSE_WORK\PROJECT_COMMAND_CENTER_UI_LANE\HELPER_FILE_SURFACE_PREFLIGHT_20260606\INCIDENTS\FREEZE_EVIDENCE__OLD_SYSTEM_REVIEW_DESKTOP_INI_MISSING_AT_REVIEW__20260608\ERROR_FREEZE__OLD_SYSTEM_REVIEW_DESKTOP_INI_MISSING_AT_REVIEW_20260608.md","C:\Users\13527\Desktop\123\Jxhnny_Kl33N_Seedz\HOUSE_WORK\PROJECT_COMMAND_CENTER_UI_LANE\HELPER_FILE_SURFACE_PREFLIGHT_20260606\INCIDENTS\FREEZE_EVIDENCE__OLD_SYSTEM_REVIEW_DESKTOP_INI_MISSING_AT_REVIEW__20260608\ERROR_FREEZE__OLD_SYSTEM_REVIEW_DESKTOP_INI_MISSING_AT_REVIEW_20260608.md","Structured root ROOT_HOUSE_WORK file was missing from matching git lane.","0EA466DC840BD32F49B4D632BCE3C0F683A402761CF2AD7011C0797764D900F9","1872"
"MOVED_STRUCTURED_ROOT_FILE_TO_REPO_LANE","C:\Users\13527\Desktop\123\HOUSE_WORK\PROJECT_COMMAND_CENTER_UI_LANE\HELPER_FILE_SURFACE_PREFLIGHT_20260606\INCIDENTS\FREEZE_EVIDENCE__OLD_SYSTEM_REVIEW_DESKTOP_INI_MISSING_AT_REVIEW__20260608\FAILED_RUNNER_COPY__RUN_ROOT_DROP_INTAKE_WASHER_OLD_LOAD_OR_SYSTEM_REVIEW_DRY_RUN_20260608.ps1","C:\Users\13527\Desktop\123\Jxhnny_Kl33N_Seedz\HOUSE_WORK\PROJECT_COMMAND_CENTER_UI_LANE\HELPER_FILE_SURFACE_PREFLIGHT_20260606\INCIDENTS\FREEZE_EVIDENCE__OLD_SYSTEM_REVIEW_DESKTOP_INI_MISSING_AT_REVIEW__20260608\FAILED_RUNNER_COPY__RUN_ROOT_DROP_INTAKE_WASHER_OLD_LOAD_OR_SYSTEM_REVIEW_DRY_RUN_20260608.ps1","Structured root ROOT_HOUSE_WORK file was missing from matching git lane.","426B6E5CDE9BFC779F5CE19BBD9D3AC4775430866EB499B0D1B00633B7F164A2","23515"
"MOVED_STRUCTURED_ROOT_FILE_TO_REPO_LANE","C:\Users\13527\Desktop\123\HOUSE_WORK\PROJECT_COMMAND_CENTER_UI_LANE\HELPER_FILE_SURFACE_PREFLIGHT_20260606\INCIDENTS\FREEZE_EVIDENCE__OLD_SYSTEM_REVIEW_DESKTOP_INI_MISSING_AT_REVIEW__20260608\FIX_NOTE__OLD_SYSTEM_REVIEW_V0_2_MISSING_AT_REVIEW_RECORD_20260608.md","C:\Users\13527\Desktop\123\Jxhnny_Kl33N_Seedz\HOUSE_WORK\PROJECT_COMMAND_CENTER_UI_LANE\HELPER_FILE_SURFACE_PREFLIGHT_20260606\INCIDENTS\FREEZE_EVIDENCE__OLD_SYSTEM_REVIEW_DESKTOP_INI_MISSING_AT_REVIEW__20260608\FIX_NOTE__OLD_SYSTEM_REVIEW_V0_2_MISSING_AT_REVIEW_RECORD_20260608.md","Structured root ROOT_HOUSE_WORK file was missing from matching git lane.","9468B560DB0CE77AC88F38391D41C9FE0EC2BC5524F576F6141EF1D628482DA9","1206"
"MOVED_STRUCTURED_ROOT_FILE_TO_REPO_LANE","C:\Users\13527\Desktop\123\HOUSE_WORK\PROJECT_COMMAND_CENTER_UI_LANE\HELPER_FILE_SURFACE_PREFLIGHT_20260606\INCIDENTS\FREEZE_EVIDENCE__OLD_SYSTEM_REVIEW_DESKTOP_INI_MISSING_AT_REVIEW__20260608\FIXED_RUNNER_COPY__RUN_ROOT_DROP_INTAKE_WASHER_OLD_LOAD_OR_SYSTEM_REVIEW_DRY_RUN_V0_2_20260608.ps1","C:\Users\13527\Desktop\123\Jxhnny_Kl33N_Seedz\HOUSE_WORK\PROJECT_COMMAND_CENTER_UI_LANE\HELPER_FILE_SURFACE_PREFLIGHT_20260606\INCIDENTS\FREEZE_EVIDENCE__OLD_SYSTEM_REVIEW_DESKTOP_INI_MISSING_AT_REVIEW__20260608\FIXED_RUNNER_COPY__RUN_ROOT_DROP_INTAKE_WASHER_OLD_LOAD_OR_SYSTEM_REVIEW_DRY_RUN_V0_2_20260608.ps1","Structured root ROOT_HOUSE_WORK file was missing from matching git lane.","4ED1D3AFD0597C3A998CD97C48B98B2449355CF2C579A6177346818C9CE422BD","33100"
"MOVED_STRUCTURED_ROOT_FILE_TO_REPO_LANE","C:\Users\13527\Desktop\123\HOUSE_WORK\PROJECT_COMMAND_CENTER_UI_LANE\HELPER_FILE_SURFACE_PREFLIGHT_20260606\INCIDENTS\FREEZE_EVIDENCE__OLD_SYSTEM_REVIEW_DESKTOP_INI_MISSING_AT_REVIEW__20260608\HASH_RECEIPT__OLD_SYSTEM_REVIEW_V0_2_FIX_20260608.txt","C:\Users\13527\Desktop\123\Jxhnny_Kl33N_Seedz\HOUSE_WORK\PROJECT_COMMAND_CENTER_UI_LANE\HELPER_FILE_SURFACE_PREFLIGHT_20260606\INCIDENTS\FREEZE_EVIDENCE__OLD_SYSTEM_REVIEW_DESKTOP_INI_MISSING_AT_REVIEW__20260608\HASH_RECEIPT__OLD_SYSTEM_REVIEW_V0_2_FIX_20260608.txt","Structured root ROOT_HOUSE_WORK file was missing from matching git lane.","9E14CD3C696A5A254AC227BBBCFCB83F8CC70E8064D92DBF214AA37AE0EF6F5D","1057"
"MOVED_STRUCTURED_ROOT_FILE_TO_REPO_LANE","C:\Users\13527\Desktop\123\HOUSE_WORK\PROJECT_COMMAND_CENTER_UI_LANE\HELPER_FILE_SURFACE_PREFLIGHT_20260606\INCIDENTS\FREEZE_EVIDENCE__POWERSHELL_FIELD_TEST_RUNNER_EMPTY_LINES_BIND__20260608\ERROR_FREEZE__POWERSHELL_RUNNER_EMPTY_LINES_BIND_20260608.md","C:\Users\13527\Desktop\123\Jxhnny_Kl33N_Seedz\HOUSE_WORK\PROJECT_COMMAND_CENTER_UI_LANE\HELPER_FILE_SURFACE_PREFLIGHT_20260606\INCIDENTS\FREEZE_EVIDENCE__POWERSHELL_FIELD_TEST_RUNNER_EMPTY_LINES_BIND__20260608\ERROR_FREEZE__POWERSHELL_RUNNER_EMPTY_LINES_BIND_20260608.md","Structured root ROOT_HOUSE_WORK file was missing from matching git lane.","9A4E20F5F2600EBCF5052FC0986BA0D8C4C352753E7301BC6FBAE69E5A1E92EB","2186"
"MOVED_STRUCTURED_ROOT_FILE_TO_REPO_LANE","C:\Users\13527\Desktop\123\HOUSE_WORK\PROJECT_COMMAND_CENTER_UI_LANE\HELPER_FILE_SURFACE_PREFLIGHT_20260606\INCIDENTS\FREEZE_EVIDENCE__POWERSHELL_FIELD_TEST_RUNNER_EMPTY_LINES_BIND__20260608\FAILED_SCRIPT_COPY__RUN_SELECTOR_FIELD_TEST_PACKET_FOR_POWERSHELL_HELPER_FILES_20260608.ps1","C:\Users\13527\Desktop\123\Jxhnny_Kl33N_Seedz\HOUSE_WORK\PROJECT_COMMAND_CENTER_UI_LANE\HELPER_FILE_SURFACE_PREFLIGHT_20260606\INCIDENTS\FREEZE_EVIDENCE__POWERSHELL_FIELD_TEST_RUNNER_EMPTY_LINES_BIND__20260608\FAILED_SCRIPT_COPY__RUN_SELECTOR_FIELD_TEST_PACKET_FOR_POWERSHELL_HELPER_FILES_20260608.ps1","Structured root ROOT_HOUSE_WORK file was missing from matching git lane.","AA773E18BD60BAA9B0D4C27C8336598906F0AFCD11D22B503FAB9200433E9F45","20642"
"MOVED_STRUCTURED_ROOT_FILE_TO_REPO_LANE","C:\Users\13527\Desktop\123\HOUSE_WORK\PROJECT_COMMAND_CENTER_UI_LANE\HELPER_FILE_SURFACE_PREFLIGHT_20260606\INCIDENTS\FREEZE_EVIDENCE__POWERSHELL_FIELD_TEST_RUNNER_EMPTY_LINES_BIND__20260608\FIX_NOTE__POWERSHELL_RUNNER_EMPTY_LINES_BIND_20260608.md","C:\Users\13527\Desktop\123\Jxhnny_Kl33N_Seedz\HOUSE_WORK\PROJECT_COMMAND_CENTER_UI_LANE\HELPER_FILE_SURFACE_PREFLIGHT_20260606\INCIDENTS\FREEZE_EVIDENCE__POWERSHELL_FIELD_TEST_RUNNER_EMPTY_LINES_BIND__20260608\FIX_NOTE__POWERSHELL_RUNNER_EMPTY_LINES_BIND_20260608.md","Structured root ROOT_HOUSE_WORK file was missing from matching git lane.","3525AB6100A8F0F6404C261ED29EA6BA035B5684FAB266FABB0120ABA7B6CE46","1808"
"MOVED_STRUCTURED_ROOT_FILE_TO_REPO_LANE","C:\Users\13527\Desktop\123\HOUSE_WORK\PROJECT_COMMAND_CENTER_UI_LANE\HELPER_FILE_SURFACE_PREFLIGHT_20260606\INCIDENTS\FREEZE_EVIDENCE__POWERSHELL_FIELD_TEST_RUNNER_EMPTY_LINES_BIND__20260608\FIXED_SCRIPT_COPY__RUN_SELECTOR_FIELD_TEST_PACKET_FOR_POWERSHELL_HELPER_FILES_V0_2_FREEZE_EVIDENCE_20260608.ps1","C:\Users\13527\Desktop\123\Jxhnny_Kl33N_Seedz\HOUSE_WORK\PROJECT_COMMAND_CENTER_UI_LANE\HELPER_FILE_SURFACE_PREFLIGHT_20260606\INCIDENTS\FREEZE_EVIDENCE__POWERSHELL_FIELD_TEST_RUNNER_EMPTY_LINES_BIND__20260608\FIXED_SCRIPT_COPY__RUN_SELECTOR_FIELD_TEST_PACKET_FOR_POWERSHELL_HELPER_FILES_V0_2_FREEZE_EVIDENCE_20260608.ps1","Structured root ROOT_HOUSE_WORK file was missing from matching git lane.","7DCEC1D04A7B55A62A617C0419A23E6CB8B5BCC4DB93E0A1502A6D22F8AA8CD8","30218"
"MOVED_STRUCTURED_ROOT_FILE_TO_REPO_LANE","C:\Users\13527\Desktop\123\HOUSE_WORK\PROJECT_COMMAND_CENTER_UI_LANE\HELPER_FILE_SURFACE_PREFLIGHT_20260606\INCIDENTS\FREEZE_EVIDENCE__POWERSHELL_FIELD_TEST_RUNNER_EMPTY_LINES_BIND__20260608\OUTPUT_REPORT_HASH_RECEIPT__PLANETARY_GATE_SELECTOR_FIELD_TEST_PACKET_20260608.txt","C:\Users\13527\Desktop\123\Jxhnny_Kl33N_Seedz\HOUSE_WORK\PROJECT_COMMAND_CENTER_UI_LANE\HELPER_FILE_SURFACE_PREFLIGHT_20260606\INCIDENTS\FREEZE_EVIDENCE__POWERSHELL_FIELD_TEST_RUNNER_EMPTY_LINES_BIND__20260608\OUTPUT_REPORT_HASH_RECEIPT__PLANETARY_GATE_SELECTOR_FIELD_TEST_PACKET_20260608.txt","Structured root ROOT_HOUSE_WORK file was missing from matching git lane.","A723340D68C791D93B800E435EBD337A380D25D53DEEA5542734F6394581E24D","1218"
"MOVED_STRUCTURED_ROOT_FILE_TO_REPO_LANE","C:\Users\13527\Desktop\123\HOUSE_WORK\PROJECT_COMMAND_CENTER_UI_LANE\HELPER_FILE_SURFACE_PREFLIGHT_20260606\INCIDENTS\FREEZE_EVIDENCE__POWERSHELL_FIELD_TEST_RUNNER_EMPTY_LINES_BIND__20260608\ROUGH_LOCAL_GIT_BOUNDARY_FIX_ADDENDUM_20260608.md","C:\Users\13527\Desktop\123\Jxhnny_Kl33N_Seedz\HOUSE_WORK\PROJECT_COMMAND_CENTER_UI_LANE\HELPER_FILE_SURFACE_PREFLIGHT_20260606\INCIDENTS\FREEZE_EVIDENCE__POWERSHELL_FIELD_TEST_RUNNER_EMPTY_LINES_BIND__20260608\ROUGH_LOCAL_GIT_BOUNDARY_FIX_ADDENDUM_20260608.md","Structured root ROOT_HOUSE_WORK file was missing from matching git lane.","E36C816209E472E389945BC335074275038A1C78934B110A3F7688B2F05060D9","1566"
"MOVED_STRUCTURED_ROOT_FILE_TO_REPO_LANE","C:\Users\13527\Desktop\123\HOUSE_WORK\PROJECT_COMMAND_CENTER_UI_LANE\HELPER_FILE_SURFACE_PREFLIGHT_20260606\INCIDENTS\FREEZE_EVIDENCE__SAFE_TEMPLATE_FIELD_APPLY_SELF_CHECK_AND_COPY_PATH_CHAIN__20260608\ERROR_FREEZE__SAFE_TEMPLATE_FIELD_APPLY_V0_1_SELF_CHECK_FALSE_POSITIVE_20260608.md","C:\Users\13527\Desktop\123\Jxhnny_Kl33N_Seedz\HOUSE_WORK\PROJECT_COMMAND_CENTER_UI_LANE\HELPER_FILE_SURFACE_PREFLIGHT_20260606\INCIDENTS\FREEZE_EVIDENCE__SAFE_TEMPLATE_FIELD_APPLY_SELF_CHECK_AND_COPY_PATH_CHAIN__20260608\ERROR_FREEZE__SAFE_TEMPLATE_FIELD_APPLY_V0_1_SELF_CHECK_FALSE_POSITIVE_20260608.md","Structured root ROOT_HOUSE_WORK file was missing from matching git lane.","9DA8854834B56030309845DE0C567C5E9AD30EFC899361E38C8E36D734CAADE0","1785"
"MOVED_STRUCTURED_ROOT_FILE_TO_REPO_LANE","C:\Users\13527\Desktop\123\HOUSE_WORK\PROJECT_COMMAND_CENTER_UI_LANE\HELPER_FILE_SURFACE_PREFLIGHT_20260606\INCIDENTS\FREEZE_EVIDENCE__SAFE_TEMPLATE_FIELD_APPLY_SELF_CHECK_AND_COPY_PATH_CHAIN__20260608\ERROR_FREEZE__SAFE_TEMPLATE_FIELD_APPLY_V0_2_MISSING_PARENT_COPY_20260608.md","C:\Users\13527\Desktop\123\Jxhnny_Kl33N_Seedz\HOUSE_WORK\PROJECT_COMMAND_CENTER_UI_LANE\HELPER_FILE_SURFACE_PREFLIGHT_20260606\INCIDENTS\FREEZE_EVIDENCE__SAFE_TEMPLATE_FIELD_APPLY_SELF_CHECK_AND_COPY_PATH_CHAIN__20260608\ERROR_FREEZE__SAFE_TEMPLATE_FIELD_APPLY_V0_2_MISSING_PARENT_COPY_20260608.md","Structured root ROOT_HOUSE_WORK file was missing from matching git lane.","73CE0F2FB8BC8DA8C4CEFF6B5E1394DBD8C1E6147EB70C18CBC6F8ECA43A307C","1800"
"MOVED_STRUCTURED_ROOT_FILE_TO_REPO_LANE","C:\Users\13527\Desktop\123\HOUSE_WORK\PROJECT_COMMAND_CENTER_UI_LANE\HELPER_FILE_SURFACE_PREFLIGHT_20260606\INCIDENTS\FREEZE_EVIDENCE__SAFE_TEMPLATE_FIELD_APPLY_SELF_CHECK_AND_COPY_PATH_CHAIN__20260608\FAILED_RUNNER_COPY__FIELD_APPLY_GENERATED_RUNNER_SAFE_TEMPLATE_RULE_CARD_20260608.ps1","C:\Users\13527\Desktop\123\Jxhnny_Kl33N_Seedz\HOUSE_WORK\PROJECT_COMMAND_CENTER_UI_LANE\HELPER_FILE_SURFACE_PREFLIGHT_20260606\INCIDENTS\FREEZE_EVIDENCE__SAFE_TEMPLATE_FIELD_APPLY_SELF_CHECK_AND_COPY_PATH_CHAIN__20260608\FAILED_RUNNER_COPY__FIELD_APPLY_GENERATED_RUNNER_SAFE_TEMPLATE_RULE_CARD_20260608.ps1","Structured root ROOT_HOUSE_WORK file was missing from matching git lane.","47CB61434C57B35ACF64378C87BD7E6EE7CA7A7A8DC08A18468BFEDD22F3E5EB","11057"
"MOVED_STRUCTURED_ROOT_FILE_TO_REPO_LANE","C:\Users\13527\Desktop\123\HOUSE_WORK\PROJECT_COMMAND_CENTER_UI_LANE\HELPER_FILE_SURFACE_PREFLIGHT_20260606\INCIDENTS\FREEZE_EVIDENCE__SAFE_TEMPLATE_FIELD_APPLY_SELF_CHECK_AND_COPY_PATH_CHAIN__20260608\FAILED_RUNNER_COPY__FIELD_APPLY_GENERATED_RUNNER_SAFE_TEMPLATE_RULE_CARD_V0_2_20260608.ps1","C:\Users\13527\Desktop\123\Jxhnny_Kl33N_Seedz\HOUSE_WORK\PROJECT_COMMAND_CENTER_UI_LANE\HELPER_FILE_SURFACE_PREFLIGHT_20260606\INCIDENTS\FREEZE_EVIDENCE__SAFE_TEMPLATE_FIELD_APPLY_SELF_CHECK_AND_COPY_PATH_CHAIN__20260608\FAILED_RUNNER_COPY__FIELD_APPLY_GENERATED_RUNNER_SAFE_TEMPLATE_RULE_CARD_V0_2_20260608.ps1","Structured root ROOT_HOUSE_WORK file was missing from matching git lane.","8EC9358F731D2B79DAC7471D18F02517881E3D0F8356B9F636D429E04743EE02","16899"
"MOVED_STRUCTURED_ROOT_FILE_TO_REPO_LANE","C:\Users\13527\Desktop\123\HOUSE_WORK\PROJECT_COMMAND_CENTER_UI_LANE\HELPER_FILE_SURFACE_PREFLIGHT_20260606\INCIDENTS\FREEZE_EVIDENCE__SAFE_TEMPLATE_FIELD_APPLY_SELF_CHECK_AND_COPY_PATH_CHAIN__20260608\FIX_NOTE__SAFE_TEMPLATE_FIELD_APPLY_V0_3_PARENT_FIRST_AND_CODE_AWARE_CHECK_20260608.md","C:\Users\13527\Desktop\123\Jxhnny_Kl33N_Seedz\HOUSE_WORK\PROJECT_COMMAND_CENTER_UI_LANE\HELPER_FILE_SURFACE_PREFLIGHT_20260606\INCIDENTS\FREEZE_EVIDENCE__SAFE_TEMPLATE_FIELD_APPLY_SELF_CHECK_AND_COPY_PATH_CHAIN__20260608\FIX_NOTE__SAFE_TEMPLATE_FIELD_APPLY_V0_3_PARENT_FIRST_AND_CODE_AWARE_CHECK_20260608.md","Structured root ROOT_HOUSE_WORK file was missing from matching git lane.","253EA8CC37C67E2E2BA05B5EBC9FE3D4C8A41DC7E9FA82A423BA2A3C537129A1","818"
"MOVED_STRUCTURED_ROOT_FILE_TO_REPO_LANE","C:\Users\13527\Desktop\123\HOUSE_WORK\PROJECT_COMMAND_CENTER_UI_LANE\HELPER_FILE_SURFACE_PREFLIGHT_20260606\INCIDENTS\FREEZE_EVIDENCE__SUPPORT_OPTION_SET_SCALAR_COUNT_STRICTMODE__20260608\ERROR_FREEZE__SUPPORT_OPTION_SET_SCALAR_COUNT_STRICTMODE_20260608.md","C:\Users\13527\Desktop\123\Jxhnny_Kl33N_Seedz\HOUSE_WORK\PROJECT_COMMAND_CENTER_UI_LANE\HELPER_FILE_SURFACE_PREFLIGHT_20260606\INCIDENTS\FREEZE_EVIDENCE__SUPPORT_OPTION_SET_SCALAR_COUNT_STRICTMODE__20260608\ERROR_FREEZE__SUPPORT_OPTION_SET_SCALAR_COUNT_STRICTMODE_20260608.md","Structured root ROOT_HOUSE_WORK file was missing from matching git lane.","A871B1A2557061B0FB6C6AE5F56A05076CACEC65EDC8B0ECC11FD90063F0D642","1719"
"MOVED_STRUCTURED_ROOT_FILE_TO_REPO_LANE","C:\Users\13527\Desktop\123\HOUSE_WORK\PROJECT_COMMAND_CENTER_UI_LANE\HELPER_FILE_SURFACE_PREFLIGHT_20260606\INCIDENTS\FREEZE_EVIDENCE__SUPPORT_OPTION_SET_SCALAR_COUNT_STRICTMODE__20260608\FAILED_RUNNER_COPY__BUILD_ROOT_DROP_INTAKE_WASHER_SUPPORT_CANDIDATE_OPTION_SET_20260608.ps1","C:\Users\13527\Desktop\123\Jxhnny_Kl33N_Seedz\HOUSE_WORK\PROJECT_COMMAND_CENTER_UI_LANE\HELPER_FILE_SURFACE_PREFLIGHT_20260606\INCIDENTS\FREEZE_EVIDENCE__SUPPORT_OPTION_SET_SCALAR_COUNT_STRICTMODE__20260608\FAILED_RUNNER_COPY__BUILD_ROOT_DROP_INTAKE_WASHER_SUPPORT_CANDIDATE_OPTION_SET_20260608.ps1","Structured root ROOT_HOUSE_WORK file was missing from matching git lane.","4D020C550899629BDDF01B0C493798585C86545167542AB9F4B44DDF861F6813","20469"
"MOVED_STRUCTURED_ROOT_FILE_TO_REPO_LANE","C:\Users\13527\Desktop\123\HOUSE_WORK\PROJECT_COMMAND_CENTER_UI_LANE\HELPER_FILE_SURFACE_PREFLIGHT_20260606\INCIDENTS\FREEZE_EVIDENCE__SUPPORT_OPTION_SET_SCALAR_COUNT_STRICTMODE__20260608\FIX_NOTE__SUPPORT_OPTION_SET_V0_2_ARRAY_WRAP_20260608.md","C:\Users\13527\Desktop\123\Jxhnny_Kl33N_Seedz\HOUSE_WORK\PROJECT_COMMAND_CENTER_UI_LANE\HELPER_FILE_SURFACE_PREFLIGHT_20260606\INCIDENTS\FREEZE_EVIDENCE__SUPPORT_OPTION_SET_SCALAR_COUNT_STRICTMODE__20260608\FIX_NOTE__SUPPORT_OPTION_SET_V0_2_ARRAY_WRAP_20260608.md","Structured root ROOT_HOUSE_WORK file was missing from matching git lane.","AC026B24260013E83289E36139296D57287111DE5F8DB9B99E31B86A3483123E","1219"
"MOVED_STRUCTURED_ROOT_FILE_TO_REPO_LANE","C:\Users\13527\Desktop\123\HOUSE_WORK\PROJECT_COMMAND_CENTER_UI_LANE\HELPER_FILE_SURFACE_PREFLIGHT_20260606\INCIDENTS\FREEZE_EVIDENCE__SUPPORT_OPTION_SET_SCALAR_COUNT_STRICTMODE__20260608\FIXED_RUNNER_COPY__BUILD_ROOT_DROP_INTAKE_WASHER_SUPPORT_CANDIDATE_OPTION_SET_V0_2_20260608.ps1","C:\Users\13527\Desktop\123\Jxhnny_Kl33N_Seedz\HOUSE_WORK\PROJECT_COMMAND_CENTER_UI_LANE\HELPER_FILE_SURFACE_PREFLIGHT_20260606\INCIDENTS\FREEZE_EVIDENCE__SUPPORT_OPTION_SET_SCALAR_COUNT_STRICTMODE__20260608\FIXED_RUNNER_COPY__BUILD_ROOT_DROP_INTAKE_WASHER_SUPPORT_CANDIDATE_OPTION_SET_V0_2_20260608.ps1","Structured root ROOT_HOUSE_WORK file was missing from matching git lane.","B40174F150AC0B698484A4F76A30E7CAD844787F9391D03A02053693983F3AAE","27520"
"MOVED_STRUCTURED_ROOT_FILE_TO_REPO_LANE","C:\Users\13527\Desktop\123\HOUSE_WORK\PROJECT_COMMAND_CENTER_UI_LANE\HELPER_FILE_SURFACE_PREFLIGHT_20260606\INCIDENTS\FREEZE_EVIDENCE__SUPPORT_OPTION_SET_SCALAR_COUNT_STRICTMODE__20260608\HASH_RECEIPT__SUPPORT_OPTION_SET_V0_2_FIX_20260608.txt","C:\Users\13527\Desktop\123\Jxhnny_Kl33N_Seedz\HOUSE_WORK\PROJECT_COMMAND_CENTER_UI_LANE\HELPER_FILE_SURFACE_PREFLIGHT_20260606\INCIDENTS\FREEZE_EVIDENCE__SUPPORT_OPTION_SET_SCALAR_COUNT_STRICTMODE__20260608\HASH_RECEIPT__SUPPORT_OPTION_SET_V0_2_FIX_20260608.txt","Structured root ROOT_HOUSE_WORK file was missing from matching git lane.","01FC1F9CCE14DA3071A2534C57F5F0BFD7377B5BF77F19153EE5356760ABB9BF","1031"
"MOVED_STRUCTURED_ROOT_FILE_TO_REPO_LANE","C:\Users\13527\Desktop\123\HOUSE_WORK\PROJECT_COMMAND_CENTER_UI_LANE\HELPER_FILE_SURFACE_PREFLIGHT_20260606\RAW_COMBINED_CANDIDATES\PLANETARY_HOUSE_GATE_MASTER_INDEX_WITH_INTAKE_TOOLBELT_V0_2_RAW_COMBINED_20260607.md","C:\Users\13527\Desktop\123\Jxhnny_Kl33N_Seedz\HOUSE_WORK\PROJECT_COMMAND_CENTER_UI_LANE\HELPER_FILE_SURFACE_PREFLIGHT_20260606\RAW_COMBINED_CANDIDATES\PLANETARY_HOUSE_GATE_MASTER_INDEX_WITH_INTAKE_TOOLBELT_V0_2_RAW_COMBINED_20260607.md","Structured root ROOT_HOUSE_WORK file was missing from matching git lane.","9677012844994948C593912F995F2496E02F5B1187C1686DAC0366344C88B4AE","589522"
"MOVED_STRUCTURED_ROOT_FILE_TO_REPO_LANE","C:\Users\13527\Desktop\123\HOUSE_WORK\PROJECT_COMMAND_CENTER_UI_LANE\HELPER_FILE_SURFACE_PREFLIGHT_20260606\ROOT_DROP_INTAKE_WASHER_HELPER_CANDIDATE_REVIEW_DRY_RUN_CARDS_20260608\HELPER_REVIEW_CARD_01__BUILD_GENERATED_RUNNER_SAFE_TEMPLATE_RULE_CARD_20260608.ps1.md","C:\Users\13527\Desktop\123\Jxhnny_Kl33N_Seedz\HOUSE_WORK\PROJECT_COMMAND_CENTER_UI_LANE\HELPER_FILE_SURFACE_PREFLIGHT_20260606\ROOT_DROP_INTAKE_WASHER_HELPER_CANDIDATE_REVIEW_DRY_RUN_CARDS_20260608\HELPER_REVIEW_CARD_01__BUILD_GENERATED_RUNNER_SAFE_TEMPLATE_RULE_CARD_20260608.ps1.md","Structured root ROOT_HOUSE_WORK file was missing from matching git lane.","4BFEA5BC735E1B7FADF7736C76FDE975734FDAF8FE066FD852F970DE577334EE","1833"
"MOVED_STRUCTURED_ROOT_FILE_TO_REPO_LANE","C:\Users\13527\Desktop\123\HOUSE_WORK\PROJECT_COMMAND_CENTER_UI_LANE\HELPER_FILE_SURFACE_PREFLIGHT_20260606\ROOT_DROP_INTAKE_WASHER_HELPER_CANDIDATE_REVIEW_DRY_RUN_CARDS_20260608\HELPER_REVIEW_CARD_02__BUILD_ROOT_DROP_INTAKE_WASHER_SUPPORT_CARD_SCHEMA_AND_DRY_RUN_20260608.ps1.md","C:\Users\13527\Desktop\123\Jxhnny_Kl33N_Seedz\HOUSE_WORK\PROJECT_COMMAND_CENTER_UI_LANE\HELPER_FILE_SURFACE_PREFLIGHT_20260606\ROOT_DROP_INTAKE_WASHER_HELPER_CANDIDATE_REVIEW_DRY_RUN_CARDS_20260608\HELPER_REVIEW_CARD_02__BUILD_ROOT_DROP_INTAKE_WASHER_SUPPORT_CARD_SCHEMA_AND_DRY_RUN_20260608.ps1.md","Structured root ROOT_HOUSE_WORK file was missing from matching git lane.","84EBCEC71DDB6F5987BAA1DE78B809030E697D77667FD31587F69570EE53BDAF","1863"
"MOVED_STRUCTURED_ROOT_FILE_TO_REPO_LANE","C:\Users\13527\Desktop\123\HOUSE_WORK\PROJECT_COMMAND_CENTER_UI_LANE\HELPER_FILE_SURFACE_PREFLIGHT_20260606\ROOT_DROP_INTAKE_WASHER_HELPER_CANDIDATE_REVIEW_DRY_RUN_CARDS_20260608\HELPER_REVIEW_CARD_03__FIELD_APPLY_GENERATED_RUNNER_SAFE_TEMPLATE_RULE_CARD_20260608.ps1.md","C:\Users\13527\Desktop\123\Jxhnny_Kl33N_Seedz\HOUSE_WORK\PROJECT_COMMAND_CENTER_UI_LANE\HELPER_FILE_SURFACE_PREFLIGHT_20260606\ROOT_DROP_INTAKE_WASHER_HELPER_CANDIDATE_REVIEW_DRY_RUN_CARDS_20260608\HELPER_REVIEW_CARD_03__FIELD_APPLY_GENERATED_RUNNER_SAFE_TEMPLATE_RULE_CARD_20260608.ps1.md","Structured root ROOT_HOUSE_WORK file was missing from matching git lane.","B5C35378626C57A267B22D51FDBBC985B0DC999B4B903D42A88239085221FC7A","1845"
"MOVED_STRUCTURED_ROOT_FILE_TO_REPO_LANE","C:\Users\13527\Desktop\123\HOUSE_WORK\PROJECT_COMMAND_CENTER_UI_LANE\HELPER_FILE_SURFACE_PREFLIGHT_20260606\ROOT_DROP_INTAKE_WASHER_HELPER_CANDIDATE_REVIEW_DRY_RUN_CARDS_20260608\HELPER_REVIEW_CARD_04__FIELD_APPLY_GENERATED_RUNNER_SAFE_TEMPLATE_RULE_CARD_V0_2_20260608.ps1.md","C:\Users\13527\Desktop\123\Jxhnny_Kl33N_Seedz\HOUSE_WORK\PROJECT_COMMAND_CENTER_UI_LANE\HELPER_FILE_SURFACE_PREFLIGHT_20260606\ROOT_DROP_INTAKE_WASHER_HELPER_CANDIDATE_REVIEW_DRY_RUN_CARDS_20260608\HELPER_REVIEW_CARD_04__FIELD_APPLY_GENERATED_RUNNER_SAFE_TEMPLATE_RULE_CARD_V0_2_20260608.ps1.md","Structured root ROOT_HOUSE_WORK file was missing from matching git lane.","72BB72D135E61E2D89BD75F7771D06BC7EFE0F4E66AA48C7779B15502C658D94","1877"
"MOVED_STRUCTURED_ROOT_FILE_TO_REPO_LANE","C:\Users\13527\Desktop\123\HOUSE_WORK\PROJECT_COMMAND_CENTER_UI_LANE\HELPER_FILE_SURFACE_PREFLIGHT_20260606\ROOT_DROP_INTAKE_WASHER_HELPER_CANDIDATE_REVIEW_DRY_RUN_CARDS_20260608\HELPER_REVIEW_CARD_05__FIELD_APPLY_GENERATED_RUNNER_SAFE_TEMPLATE_RULE_CARD_V0_3_20260608.ps1.md","C:\Users\13527\Desktop\123\Jxhnny_Kl33N_Seedz\HOUSE_WORK\PROJECT_COMMAND_CENTER_UI_LANE\HELPER_FILE_SURFACE_PREFLIGHT_20260606\ROOT_DROP_INTAKE_WASHER_HELPER_CANDIDATE_REVIEW_DRY_RUN_CARDS_20260608\HELPER_REVIEW_CARD_05__FIELD_APPLY_GENERATED_RUNNER_SAFE_TEMPLATE_RULE_CARD_V0_3_20260608.ps1.md","Structured root ROOT_HOUSE_WORK file was missing from matching git lane.","C69D1566F6B19A2FB3861D1012A3BA41E011222B15B816D64B9C01CF7C259879","1876"
"MOVED_STRUCTURED_ROOT_FILE_TO_REPO_LANE","C:\Users\13527\Desktop\123\HOUSE_WORK\PROJECT_COMMAND_CENTER_UI_LANE\HELPER_FILE_SURFACE_PREFLIGHT_20260606\ROOT_DROP_INTAKE_WASHER_HELPER_CANDIDATE_REVIEW_DRY_RUN_CARDS_20260608\HELPER_REVIEW_CARD_06__FREEZE_GENERATED_RUNNER_DEEP_LAYER_AND_WRITE_SAFE_GIT_RUNNER_20260608.ps1.md","C:\Users\13527\Desktop\123\Jxhnny_Kl33N_Seedz\HOUSE_WORK\PROJECT_COMMAND_CENTER_UI_LANE\HELPER_FILE_SURFACE_PREFLIGHT_20260606\ROOT_DROP_INTAKE_WASHER_HELPER_CANDIDATE_REVIEW_DRY_RUN_CARDS_20260608\HELPER_REVIEW_CARD_06__FREEZE_GENERATED_RUNNER_DEEP_LAYER_AND_WRITE_SAFE_GIT_RUNNER_20260608.ps1.md","Structured root ROOT_HOUSE_WORK file was missing from matching git lane.","5C31C1266DF8B4D680B32E4D4868FF18A015E1718D2D45A98B1306F4F4FFC7CC","1856"
"MOVED_STRUCTURED_ROOT_FILE_TO_REPO_LANE","C:\Users\13527\Desktop\123\HOUSE_WORK\PROJECT_COMMAND_CENTER_UI_LANE\HELPER_FILE_SURFACE_PREFLIGHT_20260606\ROOT_DROP_INTAKE_WASHER_HELPER_CANDIDATE_REVIEW_DRY_RUN_CARDS_20260608\HELPER_REVIEW_CARD_07__FREEZE_GIT_SNAPSHOT_NO_WORKTREE_AND_WRITE_FIXED_RUNNER_20260608.ps1.md","C:\Users\13527\Desktop\123\Jxhnny_Kl33N_Seedz\HOUSE_WORK\PROJECT_COMMAND_CENTER_UI_LANE\HELPER_FILE_SURFACE_PREFLIGHT_20260606\ROOT_DROP_INTAKE_WASHER_HELPER_CANDIDATE_REVIEW_DRY_RUN_CARDS_20260608\HELPER_REVIEW_CARD_07__FREEZE_GIT_SNAPSHOT_NO_WORKTREE_AND_WRITE_FIXED_RUNNER_20260608.ps1.md","Structured root ROOT_HOUSE_WORK file was missing from matching git lane.","5C7D07E5FA5EDDDA64C97BC2966C9CA022FD4A51D11932A59141DAAA04742FB7","1844"
"MOVED_STRUCTURED_ROOT_FILE_TO_REPO_LANE","C:\Users\13527\Desktop\123\HOUSE_WORK\PROJECT_COMMAND_CENTER_UI_LANE\HELPER_FILE_SURFACE_PREFLIGHT_20260606\ROOT_DROP_INTAKE_WASHER_MULTI_FILE_DRY_RUN_CARDS_20260608\CARD_01__BUILD_GENERATED_RUNNER_SAFE_TEMPLATE_RULE_CARD_20260608.ps1.md","C:\Users\13527\Desktop\123\Jxhnny_Kl33N_Seedz\HOUSE_WORK\PROJECT_COMMAND_CENTER_UI_LANE\HELPER_FILE_SURFACE_PREFLIGHT_20260606\ROOT_DROP_INTAKE_WASHER_MULTI_FILE_DRY_RUN_CARDS_20260608\CARD_01__BUILD_GENERATED_RUNNER_SAFE_TEMPLATE_RULE_CARD_20260608.ps1.md","Structured root ROOT_HOUSE_WORK file was missing from matching git lane.","8597864CE301CE3D78ABF4FB147BF10206FBA7B445C55CB339232845014DBB0D","1734"
"MOVED_STRUCTURED_ROOT_FILE_TO_REPO_LANE","C:\Users\13527\Desktop\123\HOUSE_WORK\PROJECT_COMMAND_CENTER_UI_LANE\HELPER_FILE_SURFACE_PREFLIGHT_20260606\ROOT_DROP_INTAKE_WASHER_MULTI_FILE_DRY_RUN_CARDS_20260608\CARD_02__BUILD_ROOT_DROP_INTAKE_WASHER_SUPPORT_CARD_SCHEMA_AND_DRY_RUN_20260608.ps1.md","C:\Users\13527\Desktop\123\Jxhnny_Kl33N_Seedz\HOUSE_WORK\PROJECT_COMMAND_CENTER_UI_LANE\HELPER_FILE_SURFACE_PREFLIGHT_20260606\ROOT_DROP_INTAKE_WASHER_MULTI_FILE_DRY_RUN_CARDS_20260608\CARD_02__BUILD_ROOT_DROP_INTAKE_WASHER_SUPPORT_CARD_SCHEMA_AND_DRY_RUN_20260608.ps1.md","Structured root ROOT_HOUSE_WORK file was missing from matching git lane.","D71F4E28537B409A2BC83026DCC224194E570439E51C9BE26F6141481E8131BD","1749"
"MOVED_STRUCTURED_ROOT_FILE_TO_REPO_LANE","C:\Users\13527\Desktop\123\HOUSE_WORK\PROJECT_COMMAND_CENTER_UI_LANE\HELPER_FILE_SURFACE_PREFLIGHT_20260606\ROOT_DROP_INTAKE_WASHER_MULTI_FILE_DRY_RUN_CARDS_20260608\CARD_03__current_and_next_plans.txt.md","C:\Users\13527\Desktop\123\Jxhnny_Kl33N_Seedz\HOUSE_WORK\PROJECT_COMMAND_CENTER_UI_LANE\HELPER_FILE_SURFACE_PREFLIGHT_20260606\ROOT_DROP_INTAKE_WASHER_MULTI_FILE_DRY_RUN_CARDS_20260608\CARD_03__current_and_next_plans.txt.md","Structured root ROOT_HOUSE_WORK file was missing from matching git lane.","D29A1ECD5C96EC8032977FECB1D37147968933CB85B0D72DEB8C5CC5FCE403D1","1658"
"MOVED_STRUCTURED_ROOT_FILE_TO_REPO_LANE","C:\Users\13527\Desktop\123\HOUSE_WORK\PROJECT_COMMAND_CENTER_UI_LANE\HELPER_FILE_SURFACE_PREFLIGHT_20260606\ROOT_DROP_INTAKE_WASHER_MULTI_FILE_DRY_RUN_CARDS_20260608\CARD_04__desktop.ini.md","C:\Users\13527\Desktop\123\Jxhnny_Kl33N_Seedz\HOUSE_WORK\PROJECT_COMMAND_CENTER_UI_LANE\HELPER_FILE_SURFACE_PREFLIGHT_20260606\ROOT_DROP_INTAKE_WASHER_MULTI_FILE_DRY_RUN_CARDS_20260608\CARD_04__desktop.ini.md","Structured root ROOT_HOUSE_WORK file was missing from matching git lane.","95B3B7F959DEA9557D880F31CFDAF212D82F79C6560D97F0DEDFF4407153340B","1645"
"MOVED_STRUCTURED_ROOT_FILE_TO_REPO_LANE","C:\Users\13527\Desktop\123\HOUSE_WORK\PROJECT_COMMAND_CENTER_UI_LANE\HELPER_FILE_SURFACE_PREFLIGHT_20260606\ROOT_DROP_INTAKE_WASHER_MULTI_FILE_DRY_RUN_CARDS_20260608\CARD_05__FIELD_APPLY_GENERATED_RUNNER_SAFE_TEMPLATE_RULE_CARD_20260608.ps1.md","C:\Users\13527\Desktop\123\Jxhnny_Kl33N_Seedz\HOUSE_WORK\PROJECT_COMMAND_CENTER_UI_LANE\HELPER_FILE_SURFACE_PREFLIGHT_20260606\ROOT_DROP_INTAKE_WASHER_MULTI_FILE_DRY_RUN_CARDS_20260608\CARD_05__FIELD_APPLY_GENERATED_RUNNER_SAFE_TEMPLATE_RULE_CARD_20260608.ps1.md","Structured root ROOT_HOUSE_WORK file was missing from matching git lane.","F38CCDF757A7D4240EA5FF57689769C864DB1F2BE3FCE5F505875780F008C890","1740"
"MOVED_STRUCTURED_ROOT_FILE_TO_REPO_LANE","C:\Users\13527\Desktop\123\HOUSE_WORK\PROJECT_COMMAND_CENTER_UI_LANE\HELPER_FILE_SURFACE_PREFLIGHT_20260606\ROOT_DROP_INTAKE_WASHER_MULTI_FILE_DRY_RUN_CARDS_20260608\CARD_06__FIELD_APPLY_GENERATED_RUNNER_SAFE_TEMPLATE_RULE_CARD_V0_2_20260608.ps1.md","C:\Users\13527\Desktop\123\Jxhnny_Kl33N_Seedz\HOUSE_WORK\PROJECT_COMMAND_CENTER_UI_LANE\HELPER_FILE_SURFACE_PREFLIGHT_20260606\ROOT_DROP_INTAKE_WASHER_MULTI_FILE_DRY_RUN_CARDS_20260608\CARD_06__FIELD_APPLY_GENERATED_RUNNER_SAFE_TEMPLATE_RULE_CARD_V0_2_20260608.ps1.md","Structured root ROOT_HOUSE_WORK file was missing from matching git lane.","29F363005B5BE7D2BECD8B25414057629CA7CBC65A7F17BECAC6C5D3FACF2DCC","1745"
"MOVED_STRUCTURED_ROOT_FILE_TO_REPO_LANE","C:\Users\13527\Desktop\123\HOUSE_WORK\PROJECT_COMMAND_CENTER_UI_LANE\HELPER_FILE_SURFACE_PREFLIGHT_20260606\ROOT_DROP_INTAKE_WASHER_MULTI_FILE_DRY_RUN_CARDS_20260608\CARD_07__FIELD_APPLY_GENERATED_RUNNER_SAFE_TEMPLATE_RULE_CARD_V0_3_20260608.ps1.md","C:\Users\13527\Desktop\123\Jxhnny_Kl33N_Seedz\HOUSE_WORK\PROJECT_COMMAND_CENTER_UI_LANE\HELPER_FILE_SURFACE_PREFLIGHT_20260606\ROOT_DROP_INTAKE_WASHER_MULTI_FILE_DRY_RUN_CARDS_20260608\CARD_07__FIELD_APPLY_GENERATED_RUNNER_SAFE_TEMPLATE_RULE_CARD_V0_3_20260608.ps1.md","Structured root ROOT_HOUSE_WORK file was missing from matching git lane.","102AE70B99096D8174FDE05A2992DE5B6405B7E2CB89FC8D5500D62E07F1BF94","1745"
"MOVED_STRUCTURED_ROOT_FILE_TO_REPO_LANE","C:\Users\13527\Desktop\123\HOUSE_WORK\PROJECT_COMMAND_CENTER_UI_LANE\HELPER_FILE_SURFACE_PREFLIGHT_20260606\ROOT_DROP_INTAKE_WASHER_MULTI_FILE_DRY_RUN_CARDS_20260608\CARD_08__FREEZE_GENERATED_RUNNER_DEEP_LAYER_AND_WRITE_SAFE_GIT_RUNNER_20260608.ps1.md","C:\Users\13527\Desktop\123\Jxhnny_Kl33N_Seedz\HOUSE_WORK\PROJECT_COMMAND_CENTER_UI_LANE\HELPER_FILE_SURFACE_PREFLIGHT_20260606\ROOT_DROP_INTAKE_WASHER_MULTI_FILE_DRY_RUN_CARDS_20260608\CARD_08__FREEZE_GENERATED_RUNNER_DEEP_LAYER_AND_WRITE_SAFE_GIT_RUNNER_20260608.ps1.md","Structured root ROOT_HOUSE_WORK file was missing from matching git lane.","B7A18AA5F3AAAC5064FA4DE064AFBE4238536C14A4E6BCE9894AD7E9A48C1CAA","1748"
"MOVED_STRUCTURED_ROOT_FILE_TO_REPO_LANE","C:\Users\13527\Desktop\123\HOUSE_WORK\PROJECT_COMMAND_CENTER_UI_LANE\HELPER_FILE_SURFACE_PREFLIGHT_20260606\ROOT_DROP_INTAKE_WASHER_MULTI_FILE_DRY_RUN_CARDS_20260608\CARD_09__FREEZE_GIT_SNAPSHOT_NO_WORKTREE_AND_WRITE_FIXED_RUNNER_20260608.ps1.md","C:\Users\13527\Desktop\123\Jxhnny_Kl33N_Seedz\HOUSE_WORK\PROJECT_COMMAND_CENTER_UI_LANE\HELPER_FILE_SURFACE_PREFLIGHT_20260606\ROOT_DROP_INTAKE_WASHER_MULTI_FILE_DRY_RUN_CARDS_20260608\CARD_09__FREEZE_GIT_SNAPSHOT_NO_WORKTREE_AND_WRITE_FIXED_RUNNER_20260608.ps1.md","Structured root ROOT_HOUSE_WORK file was missing from matching git lane.","490D1E929992482B4DE54AF43A1894132FE333BFEDB3E0058ED79FEC12ED9336","1742"
"MOVED_STRUCTURED_ROOT_FILE_TO_REPO_LANE","C:\Users\13527\Desktop\123\HOUSE_WORK\PROJECT_COMMAND_CENTER_UI_LANE\HELPER_FILE_SURFACE_PREFLIGHT_20260606\ROOT_DROP_INTAKE_WASHER_MULTI_FILE_DRY_RUN_CARDS_20260608\CARD_10__HUMAN_ACCEPTANCE_DECISION__HELPER_EXPOSURE_33RD_PROTOCOL_FIRST_LIVE_USE_TEST_20260606.md.md","C:\Users\13527\Desktop\123\Jxhnny_Kl33N_Seedz\HOUSE_WORK\PROJECT_COMMAND_CENTER_UI_LANE\HELPER_FILE_SURFACE_PREFLIGHT_20260606\ROOT_DROP_INTAKE_WASHER_MULTI_FILE_DRY_RUN_CARDS_20260608\CARD_10__HUMAN_ACCEPTANCE_DECISION__HELPER_EXPOSURE_33RD_PROTOCOL_FIRST_LIVE_USE_TEST_20260606.md.md","Structured root ROOT_HOUSE_WORK file was missing from matching git lane.","55862984464DAFE1C1FD1FF56E71F9E274B77AD16687DC25B054EABA88A15A38","1719"
"MOVED_STRUCTURED_ROOT_FILE_TO_REPO_LANE","C:\Users\13527\Desktop\123\HOUSE_WORK\PROJECT_COMMAND_CENTER_UI_LANE\HELPER_FILE_SURFACE_PREFLIGHT_20260606\ROOT_DROP_INTAKE_WASHER_MULTI_FILE_DRY_RUN_CARDS_20260608\CARD_11__PLANETARY_HOUSE_GATE_MASTER_INDEX_WITH_INTAKE_TOOLBELT_V0_3_RAW_COMBINED_WITH_GUARD_MEMBRA.md","C:\Users\13527\Desktop\123\Jxhnny_Kl33N_Seedz\HOUSE_WORK\PROJECT_COMMAND_CENTER_UI_LANE\HELPER_FILE_SURFACE_PREFLIGHT_20260606\ROOT_DROP_INTAKE_WASHER_MULTI_FILE_DRY_RUN_CARDS_20260608\CARD_11__PLANETARY_HOUSE_GATE_MASTER_INDEX_WITH_INTAKE_TOOLBELT_V0_3_RAW_COMBINED_WITH_GUARD_MEMBRA.md","Structured root ROOT_HOUSE_WORK file was missing from matching git lane.","32FBBFDCECB1CFB7F6B230A186C63FEA6BDFA667B5BA5B273FE83C19F3917957","1782"
"MOVED_STRUCTURED_ROOT_FILE_TO_REPO_LANE","C:\Users\13527\Desktop\123\HOUSE_WORK\PROJECT_COMMAND_CENTER_UI_LANE\HELPER_FILE_SURFACE_PREFLIGHT_20260606\ROOT_DROP_INTAKE_WASHER_MULTI_FILE_DRY_RUN_CARDS_20260608\CARD_12__ROOT_DROP_INTAKE_WASHER_GATE_RULE_V0_1_20260608.md.md","C:\Users\13527\Desktop\123\Jxhnny_Kl33N_Seedz\HOUSE_WORK\PROJECT_COMMAND_CENTER_UI_LANE\HELPER_FILE_SURFACE_PREFLIGHT_20260606\ROOT_DROP_INTAKE_WASHER_MULTI_FILE_DRY_RUN_CARDS_20260608\CARD_12__ROOT_DROP_INTAKE_WASHER_GATE_RULE_V0_1_20260608.md.md","Structured root ROOT_HOUSE_WORK file was missing from matching git lane.","AE2816791A1AE21A73734527490F1BA7C6199DB28BDB73F61AC3776F96A1F0FE","1713"
"MOVED_STRUCTURED_ROOT_FILE_TO_REPO_LANE","C:\Users\13527\Desktop\123\HOUSE_WORK\PROJECT_COMMAND_CENTER_UI_LANE\HELPER_FILE_SURFACE_PREFLIGHT_20260606\ROOT_DROP_INTAKE_WASHER_OLD_LOAD_OR_SYSTEM_REVIEW_DRY_RUN_CARDS_V0_2_20260608\OLD_SYSTEM_REVIEW_CARD_01__desktop.ini.md","C:\Users\13527\Desktop\123\Jxhnny_Kl33N_Seedz\HOUSE_WORK\PROJECT_COMMAND_CENTER_UI_LANE\HELPER_FILE_SURFACE_PREFLIGHT_20260606\ROOT_DROP_INTAKE_WASHER_OLD_LOAD_OR_SYSTEM_REVIEW_DRY_RUN_CARDS_V0_2_20260608\OLD_SYSTEM_REVIEW_CARD_01__desktop.ini.md","Structured root ROOT_HOUSE_WORK file was missing from matching git lane.","A81779D4DB433B24CE27A96DD0BDF391EFC694783F079994B8F13B9DC7FA4B66","2176"
"MOVED_STRUCTURED_ROOT_FILE_TO_REPO_LANE","C:\Users\13527\Desktop\123\HOUSE_WORK\PROJECT_COMMAND_CENTER_UI_LANE\HELPER_FILE_SURFACE_PREFLIGHT_20260606\ROOT_DROP_INTAKE_WASHER_OLD_LOAD_OR_SYSTEM_REVIEW_DRY_RUN_CARDS_V0_2_20260608\OLD_SYSTEM_REVIEW_CARD_02__HUMAN_ACCEPTANCE_DECISION__HELPER_EXPOSURE_33RD_PROTOCOL_FIRST_LIVE_USE_TEST_20260606.md.md","C:\Users\13527\Desktop\123\Jxhnny_Kl33N_Seedz\HOUSE_WORK\PROJECT_COMMAND_CENTER_UI_LANE\HELPER_FILE_SURFACE_PREFLIGHT_20260606\ROOT_DROP_INTAKE_WASHER_OLD_LOAD_OR_SYSTEM_REVIEW_DRY_RUN_CARDS_V0_2_20260608\OLD_SYSTEM_REVIEW_CARD_02__HUMAN_ACCEPTANCE_DECISION__HELPER_EXPOSURE_33RD_PROTOCOL_FIRST_LIVE_USE_TEST_20260606.md.md","Structured root ROOT_HOUSE_WORK file was missing from matching git lane.","15C2882D4F715969B2ACF0E64FF2D051510FE0001803359C4C1237FFF248381D","2207"
"MOVED_STRUCTURED_ROOT_FILE_TO_REPO_LANE","C:\Users\13527\Desktop\123\HOUSE_WORK\PROJECT_COMMAND_CENTER_UI_LANE\HELPER_FILE_SURFACE_PREFLIGHT_20260606\ROOT_DROP_INTAKE_WASHER_SUPPORT_CANDIDATE_REVIEW_DRY_RUN_CARDS_20260608\SUPPORT_REVIEW_CARD_01__current_and_next_plans.txt.md","C:\Users\13527\Desktop\123\Jxhnny_Kl33N_Seedz\HOUSE_WORK\PROJECT_COMMAND_CENTER_UI_LANE\HELPER_FILE_SURFACE_PREFLIGHT_20260606\ROOT_DROP_INTAKE_WASHER_SUPPORT_CANDIDATE_REVIEW_DRY_RUN_CARDS_20260608\SUPPORT_REVIEW_CARD_01__current_and_next_plans.txt.md","Structured root ROOT_HOUSE_WORK file was missing from matching git lane.","ACE8AE11EB79352ED48D63BED6B93FE2ACCCE13BDAAA79B2B8D6C640175D2B0C","1994"
"MOVED_STRUCTURED_ROOT_FILE_TO_REPO_LANE","C:\Users\13527\Desktop\123\HOUSE_WORK\PROJECT_COMMAND_CENTER_UI_LANE\HELPER_FILE_SURFACE_PREFLIGHT_20260606\ROOT_DROP_INTAKE_WASHER_SUPPORT_CANDIDATE_REVIEW_DRY_RUN_CARDS_20260608\SUPPORT_REVIEW_CARD_02__ROOT_DROP_INTAKE_WASHER_GATE_RULE_V0_1_20260608.md.md","C:\Users\13527\Desktop\123\Jxhnny_Kl33N_Seedz\HOUSE_WORK\PROJECT_COMMAND_CENTER_UI_LANE\HELPER_FILE_SURFACE_PREFLIGHT_20260606\ROOT_DROP_INTAKE_WASHER_SUPPORT_CANDIDATE_REVIEW_DRY_RUN_CARDS_20260608\SUPPORT_REVIEW_CARD_02__ROOT_DROP_INTAKE_WASHER_GATE_RULE_V0_1_20260608.md.md","Structured root ROOT_HOUSE_WORK file was missing from matching git lane.","44EEC407F7E14CF2175E899CEB2A61FEA1168F640B1544534C46883D7A61C778","2095"
"MOVED_STRUCTURED_ROOT_FILE_TO_REPO_LANE","C:\Users\13527\Desktop\123\HOUSE_WORK\PROJECT_COMMAND_CENTER_UI_LANE\HELPER_FILE_SURFACE_PREFLIGHT_20260606\ROUTE_55_USED_HELPER_SCRIPTS_20260609\BUILD_ROUTE_55_EXECUTOR_PACKAGE_NO_RUN_V0_1_20260609.ps1","C:\Users\13527\Desktop\123\Jxhnny_Kl33N_Seedz\HOUSE_WORK\PROJECT_COMMAND_CENTER_UI_LANE\HELPER_FILE_SURFACE_PREFLIGHT_20260606\ROUTE_55_USED_HELPER_SCRIPTS_20260609\BUILD_ROUTE_55_EXECUTOR_PACKAGE_NO_RUN_V0_1_20260609.ps1","Structured root ROOT_HOUSE_WORK file was missing from matching git lane.","3FBC05A7EE0EB2A7D6DFA2E07CEDF30016389F14F11B7DD97DD88C12578B9D40","29441"
"MOVED_STRUCTURED_ROOT_FILE_TO_REPO_LANE","C:\Users\13527\Desktop\123\HOUSE_WORK\PROJECT_COMMAND_CENTER_UI_LANE\HELPER_FILE_SURFACE_PREFLIGHT_20260606\ROUTE_55_USED_HELPER_SCRIPTS_20260609\VERIFY_ROUTE_55_EXECUTOR_CLOSEOUT_V0_1_20260609.ps1","C:\Users\13527\Desktop\123\Jxhnny_Kl33N_Seedz\HOUSE_WORK\PROJECT_COMMAND_CENTER_UI_LANE\HELPER_FILE_SURFACE_PREFLIGHT_20260606\ROUTE_55_USED_HELPER_SCRIPTS_20260609\VERIFY_ROUTE_55_EXECUTOR_CLOSEOUT_V0_1_20260609.ps1","Structured root ROOT_HOUSE_WORK file was missing from matching git lane.","22E6C4AC8166F5C997E83F3BF14233C71CD3CB20904A4BE45ABD82B035176C4E","19738"
"MOVED_STRUCTURED_ROOT_FILE_TO_REPO_LANE","C:\Users\13527\Desktop\123\HOUSE_WORK\PROJECT_COMMAND_CENTER_UI_LANE\HELPER_FILE_SURFACE_PREFLIGHT_20260606\ROUTE_55_USED_HELPER_SCRIPTS_20260609\VERIFY_ROUTE_55_EXECUTOR_CLOSEOUT_V0_2_20260609.ps1","C:\Users\13527\Desktop\123\Jxhnny_Kl33N_Seedz\HOUSE_WORK\PROJECT_COMMAND_CENTER_UI_LANE\HELPER_FILE_SURFACE_PREFLIGHT_20260606\ROUTE_55_USED_HELPER_SCRIPTS_20260609\VERIFY_ROUTE_55_EXECUTOR_CLOSEOUT_V0_2_20260609.ps1","Structured root ROOT_HOUSE_WORK file was missing from matching git lane.","7E1FDDC8BA82A7ED9EAEF3DC957F7122552910B287C3BC44275FB77764967CE3","16382"
"MOVED_STRUCTURED_ROOT_FILE_TO_REPO_LANE","C:\Users\13527\Desktop\123\HOUSE_WORK\PROJECT_COMMAND_CENTER_UI_LANE\HELPER_FILE_SURFACE_PREFLIGHT_20260606\ROUTE_74_REVIEWED_DELTA_RESIDUE_CUSTODY_20260609\CANDIDATE_64_ROW_COVERAGE_ROLLUP_PROOF\BUILD_64_ROW_HELPER_SCRIPT_REVIEW_QUEUE_HSRB_001_006_COVERAGE_ROLLUP_NO_EXECUTION_20260609_V0_1.ps1","C:\Users\13527\Desktop\123\Jxhnny_Kl33N_Seedz\HOUSE_WORK\PROJECT_COMMAND_CENTER_UI_LANE\HELPER_FILE_SURFACE_PREFLIGHT_20260606\ROUTE_74_REVIEWED_DELTA_RESIDUE_CUSTODY_20260609\CANDIDATE_64_ROW_COVERAGE_ROLLUP_PROOF\BUILD_64_ROW_HELPER_SCRIPT_REVIEW_QUEUE_HSRB_001_006_COVERAGE_ROLLUP_NO_EXECUTION_20260609_V0_1.ps1","Structured root ROOT_HOUSE_WORK file was missing from matching git lane.","580C7EACBD7C774C3E11BD852B897A6B7DD9885DE2B74A8B6CC66FBA2FC2B35D","20534"
"MOVED_STRUCTURED_ROOT_FILE_TO_REPO_LANE","C:\Users\13527\Desktop\123\HOUSE_WORK\PROJECT_COMMAND_CENTER_UI_LANE\HELPER_FILE_SURFACE_PREFLIGHT_20260606\ROUTE_74_REVIEWED_DELTA_RESIDUE_CUSTODY_20260609\CANDIDATE_64_ROW_COVERAGE_ROLLUP_PROOF\BUILD_64_ROW_HELPER_SCRIPT_REVIEW_QUEUE_HSRB_001_006_COVERAGE_ROLLUP_NO_EXECUTION_20260609_V0_2.ps1","C:\Users\13527\Desktop\123\Jxhnny_Kl33N_Seedz\HOUSE_WORK\PROJECT_COMMAND_CENTER_UI_LANE\HELPER_FILE_SURFACE_PREFLIGHT_20260606\ROUTE_74_REVIEWED_DELTA_RESIDUE_CUSTODY_20260609\CANDIDATE_64_ROW_COVERAGE_ROLLUP_PROOF\BUILD_64_ROW_HELPER_SCRIPT_REVIEW_QUEUE_HSRB_001_006_COVERAGE_ROLLUP_NO_EXECUTION_20260609_V0_2.ps1","Structured root ROOT_HOUSE_WORK file was missing from matching git lane.","A15AE6A75233082895765EAF840B00CFB2976AC212E59FEC3F5129E0A55EB828","25077"
"MOVED_STRUCTURED_ROOT_FILE_TO_REPO_LANE","C:\Users\13527\Desktop\123\HOUSE_WORK\PROJECT_COMMAND_CENTER_UI_LANE\HELPER_FILE_SURFACE_PREFLIGHT_20260606\ROUTE_74_REVIEWED_DELTA_RESIDUE_CUSTODY_20260609\CANDIDATE_64_ROW_COVERAGE_ROLLUP_PROOF\BUILD_64_ROW_HELPER_SCRIPT_REVIEW_QUEUE_HSRB_001_006_COVERAGE_ROLLUP_NO_EXECUTION_20260609_V0_3.ps1","C:\Users\13527\Desktop\123\Jxhnny_Kl33N_Seedz\HOUSE_WORK\PROJECT_COMMAND_CENTER_UI_LANE\HELPER_FILE_SURFACE_PREFLIGHT_20260606\ROUTE_74_REVIEWED_DELTA_RESIDUE_CUSTODY_20260609\CANDIDATE_64_ROW_COVERAGE_ROLLUP_PROOF\BUILD_64_ROW_HELPER_SCRIPT_REVIEW_QUEUE_HSRB_001_006_COVERAGE_ROLLUP_NO_EXECUTION_20260609_V0_3.ps1","Structured root ROOT_HOUSE_WORK file was missing from matching git lane.","D077F9E7ED0906F08D9B44C79103DBB6B3CD58652F8053F0CA66017E77A56014","28320"
"MOVED_STRUCTURED_ROOT_FILE_TO_REPO_LANE","C:\Users\13527\Desktop\123\HOUSE_WORK\PROJECT_COMMAND_CENTER_UI_LANE\HELPER_FILE_SURFACE_PREFLIGHT_20260606\ROUTE_74_REVIEWED_DELTA_RESIDUE_CUSTODY_20260609\CANDIDATE_64_ROW_QUEUE_BUILDER_RESIDUE\BUILD_HELPER_SCRIPT_REVIEW_QUEUE_FROM_64_REVIEW_ROWS_NO_EXECUTION_20260609_V0_1.ps1","C:\Users\13527\Desktop\123\Jxhnny_Kl33N_Seedz\HOUSE_WORK\PROJECT_COMMAND_CENTER_UI_LANE\HELPER_FILE_SURFACE_PREFLIGHT_20260606\ROUTE_74_REVIEWED_DELTA_RESIDUE_CUSTODY_20260609\CANDIDATE_64_ROW_QUEUE_BUILDER_RESIDUE\BUILD_HELPER_SCRIPT_REVIEW_QUEUE_FROM_64_REVIEW_ROWS_NO_EXECUTION_20260609_V0_1.ps1","Structured root ROOT_HOUSE_WORK file was missing from matching git lane.","CCA5E7E70E38CFED4763D0765718B942FC3F3F90219780997F0ED753EA95D271","13270"
"MOVED_STRUCTURED_ROOT_FILE_TO_REPO_LANE","C:\Users\13527\Desktop\123\HOUSE_WORK\PROJECT_COMMAND_CENTER_UI_LANE\HELPER_FILE_SURFACE_PREFLIGHT_20260606\ROUTE_74_REVIEWED_DELTA_RESIDUE_CUSTODY_20260609\CANDIDATE_64_ROW_QUEUE_BUILDER_RESIDUE\BUILD_HELPER_SCRIPT_REVIEW_QUEUE_FROM_64_REVIEW_ROWS_NO_EXECUTION_20260609_V0_2.ps1","C:\Users\13527\Desktop\123\Jxhnny_Kl33N_Seedz\HOUSE_WORK\PROJECT_COMMAND_CENTER_UI_LANE\HELPER_FILE_SURFACE_PREFLIGHT_20260606\ROUTE_74_REVIEWED_DELTA_RESIDUE_CUSTODY_20260609\CANDIDATE_64_ROW_QUEUE_BUILDER_RESIDUE\BUILD_HELPER_SCRIPT_REVIEW_QUEUE_FROM_64_REVIEW_ROWS_NO_EXECUTION_20260609_V0_2.ps1","Structured root ROOT_HOUSE_WORK file was missing from matching git lane.","DC2201A77C2A1B6755A4BB7B1919BA9D9BF5D1471E40A37B82CFADB263436645","18739"
"MOVED_STRUCTURED_ROOT_FILE_TO_REPO_LANE","C:\Users\13527\Desktop\123\HOUSE_WORK\PROJECT_COMMAND_CENTER_UI_LANE\HELPER_FILE_SURFACE_PREFLIGHT_20260606\ROUTE_74_REVIEWED_DELTA_RESIDUE_CUSTODY_20260609\CANDIDATE_BATCH_SELECTOR_RESIDUE\BUILD_HELPER_SCRIPT_REVIEW_BATCH_SELECTOR_FROM_64_QUEUE_NO_EXECUTION_20260609_V0_1.ps1","C:\Users\13527\Desktop\123\Jxhnny_Kl33N_Seedz\HOUSE_WORK\PROJECT_COMMAND_CENTER_UI_LANE\HELPER_FILE_SURFACE_PREFLIGHT_20260606\ROUTE_74_REVIEWED_DELTA_RESIDUE_CUSTODY_20260609\CANDIDATE_BATCH_SELECTOR_RESIDUE\BUILD_HELPER_SCRIPT_REVIEW_BATCH_SELECTOR_FROM_64_QUEUE_NO_EXECUTION_20260609_V0_1.ps1","Structured root ROOT_HOUSE_WORK file was missing from matching git lane.","8F2C28726DFD75859EB81C9DA7BC31D83504CFDA4DFC4A50004AF0377670337F","20778"
"MOVED_STRUCTURED_ROOT_FILE_TO_REPO_LANE","C:\Users\13527\Desktop\123\HOUSE_WORK\PROJECT_COMMAND_CENTER_UI_LANE\HELPER_FILE_SURFACE_PREFLIGHT_20260606\ROUTE_74_REVIEWED_DELTA_RESIDUE_CUSTODY_20260609\CANDIDATE_CLOSEOUT_PROOF_HISTORY\BUILD_HSRB_001_PROOF_INDEX_CLOSEOUT_NO_EXECUTION_20260609_V0_1.ps1","C:\Users\13527\Desktop\123\Jxhnny_Kl33N_Seedz\HOUSE_WORK\PROJECT_COMMAND_CENTER_UI_LANE\HELPER_FILE_SURFACE_PREFLIGHT_20260606\ROUTE_74_REVIEWED_DELTA_RESIDUE_CUSTODY_20260609\CANDIDATE_CLOSEOUT_PROOF_HISTORY\BUILD_HSRB_001_PROOF_INDEX_CLOSEOUT_NO_EXECUTION_20260609_V0_1.ps1","Structured root ROOT_HOUSE_WORK file was missing from matching git lane.","B092DFA7BEAA88578B8771D13B0740CBDFB4D1646AE1B0EEF93DBC660E182FAF","11957"
"MOVED_STRUCTURED_ROOT_FILE_TO_REPO_LANE","C:\Users\13527\Desktop\123\HOUSE_WORK\PROJECT_COMMAND_CENTER_UI_LANE\HELPER_FILE_SURFACE_PREFLIGHT_20260606\ROUTE_74_REVIEWED_DELTA_RESIDUE_CUSTODY_20260609\CANDIDATE_CLOSEOUT_PROOF_HISTORY\BUILD_HSRB_001_PROOF_INDEX_CLOSEOUT_NO_EXECUTION_20260609_V0_2.ps1","C:\Users\13527\Desktop\123\Jxhnny_Kl33N_Seedz\HOUSE_WORK\PROJECT_COMMAND_CENTER_UI_LANE\HELPER_FILE_SURFACE_PREFLIGHT_20260606\ROUTE_74_REVIEWED_DELTA_RESIDUE_CUSTODY_20260609\CANDIDATE_CLOSEOUT_PROOF_HISTORY\BUILD_HSRB_001_PROOF_INDEX_CLOSEOUT_NO_EXECUTION_20260609_V0_2.ps1","Structured root ROOT_HOUSE_WORK file was missing from matching git lane.","64A8B554D55ACFD1C361D66B23140C2201797864DE712F0BAF4724FE201B6B78","13324"
"MOVED_STRUCTURED_ROOT_FILE_TO_REPO_LANE","C:\Users\13527\Desktop\123\HOUSE_WORK\PROJECT_COMMAND_CENTER_UI_LANE\HELPER_FILE_SURFACE_PREFLIGHT_20260606\ROUTE_74_REVIEWED_DELTA_RESIDUE_CUSTODY_20260609\CANDIDATE_CLOSEOUT_PROOF_HISTORY\BUILD_HSRB_001_STATIC_REVIEW_DECISION_CLOSEOUT_NO_EXECUTION_20260609_V0_1.ps1","C:\Users\13527\Desktop\123\Jxhnny_Kl33N_Seedz\HOUSE_WORK\PROJECT_COMMAND_CENTER_UI_LANE\HELPER_FILE_SURFACE_PREFLIGHT_20260606\ROUTE_74_REVIEWED_DELTA_RESIDUE_CUSTODY_20260609\CANDIDATE_CLOSEOUT_PROOF_HISTORY\BUILD_HSRB_001_STATIC_REVIEW_DECISION_CLOSEOUT_NO_EXECUTION_20260609_V0_1.ps1","Structured root ROOT_HOUSE_WORK file was missing from matching git lane.","E63B0B0CE457AC190552040FF378F41BF853EAF0C02CAC3FAA8685A43428C015","9525"
"MOVED_STRUCTURED_ROOT_FILE_TO_REPO_LANE","C:\Users\13527\Desktop\123\HOUSE_WORK\PROJECT_COMMAND_CENTER_UI_LANE\HELPER_FILE_SURFACE_PREFLIGHT_20260606\ROUTE_74_REVIEWED_DELTA_RESIDUE_CUSTODY_20260609\CANDIDATE_CLOSEOUT_PROOF_HISTORY\BUILD_HSRB_001_STATIC_REVIEW_DECISION_CLOSEOUT_NO_EXECUTION_20260609_V0_2.ps1","C:\Users\13527\Desktop\123\Jxhnny_Kl33N_Seedz\HOUSE_WORK\PROJECT_COMMAND_CENTER_UI_LANE\HELPER_FILE_SURFACE_PREFLIGHT_20260606\ROUTE_74_REVIEWED_DELTA_RESIDUE_CUSTODY_20260609\CANDIDATE_CLOSEOUT_PROOF_HISTORY\BUILD_HSRB_001_STATIC_REVIEW_DECISION_CLOSEOUT_NO_EXECUTION_20260609_V0_2.ps1","Structured root ROOT_HOUSE_WORK file was missing from matching git lane.","643F81A0D24B052F1C97F88AC01AD1C3FFEBEE80D371115C13559B05378E3BB4","16799"
"MOVED_STRUCTURED_ROOT_FILE_TO_REPO_LANE","C:\Users\13527\Desktop\123\HOUSE_WORK\PROJECT_COMMAND_CENTER_UI_LANE\HELPER_FILE_SURFACE_PREFLIGHT_20260606\ROUTE_74_REVIEWED_DELTA_RESIDUE_CUSTODY_20260609\CANDIDATE_CLOSEOUT_PROOF_HISTORY\BUILD_HSRB_002_STATIC_REVIEW_DECISION_CLOSEOUT_NO_EXECUTION_20260609_V0_1.ps1","C:\Users\13527\Desktop\123\Jxhnny_Kl33N_Seedz\HOUSE_WORK\PROJECT_COMMAND_CENTER_UI_LANE\HELPER_FILE_SURFACE_PREFLIGHT_20260606\ROUTE_74_REVIEWED_DELTA_RESIDUE_CUSTODY_20260609\CANDIDATE_CLOSEOUT_PROOF_HISTORY\BUILD_HSRB_002_STATIC_REVIEW_DECISION_CLOSEOUT_NO_EXECUTION_20260609_V0_1.ps1","Structured root ROOT_HOUSE_WORK file was missing from matching git lane.","F6D596A4E32DFA83D3C4BEDEBB85C3BCA047746A9E0F42EC2B4DD43BDE7E3476","15250"
"MOVED_STRUCTURED_ROOT_FILE_TO_REPO_LANE","C:\Users\13527\Desktop\123\HOUSE_WORK\PROJECT_COMMAND_CENTER_UI_LANE\HELPER_FILE_SURFACE_PREFLIGHT_20260606\ROUTE_74_REVIEWED_DELTA_RESIDUE_CUSTODY_20260609\CANDIDATE_CLOSEOUT_PROOF_HISTORY\BUILD_HSRB_002_STATIC_REVIEW_DECISION_CLOSEOUT_NO_EXECUTION_20260609_V0_2 (1).ps1","C:\Users\13527\Desktop\123\Jxhnny_Kl33N_Seedz\HOUSE_WORK\PROJECT_COMMAND_CENTER_UI_LANE\HELPER_FILE_SURFACE_PREFLIGHT_20260606\ROUTE_74_REVIEWED_DELTA_RESIDUE_CUSTODY_20260609\CANDIDATE_CLOSEOUT_PROOF_HISTORY\BUILD_HSRB_002_STATIC_REVIEW_DECISION_CLOSEOUT_NO_EXECUTION_20260609_V0_2 (1).ps1","Structured root ROOT_HOUSE_WORK file was missing from matching git lane.","D09F00A6C505558C321037900662379B2F9AA34EE8C13F4A400EFB8AC96CC97F","19150"
"MOVED_STRUCTURED_ROOT_FILE_TO_REPO_LANE","C:\Users\13527\Desktop\123\HOUSE_WORK\PROJECT_COMMAND_CENTER_UI_LANE\HELPER_FILE_SURFACE_PREFLIGHT_20260606\ROUTE_74_REVIEWED_DELTA_RESIDUE_CUSTODY_20260609\CANDIDATE_CLOSEOUT_PROOF_HISTORY\BUILD_HSRB_002_STATIC_REVIEW_DECISION_CLOSEOUT_NO_EXECUTION_20260609_V0_2.ps1","C:\Users\13527\Desktop\123\Jxhnny_Kl33N_Seedz\HOUSE_WORK\PROJECT_COMMAND_CENTER_UI_LANE\HELPER_FILE_SURFACE_PREFLIGHT_20260606\ROUTE_74_REVIEWED_DELTA_RESIDUE_CUSTODY_20260609\CANDIDATE_CLOSEOUT_PROOF_HISTORY\BUILD_HSRB_002_STATIC_REVIEW_DECISION_CLOSEOUT_NO_EXECUTION_20260609_V0_2.ps1","Structured root ROOT_HOUSE_WORK file was missing from matching git lane.","D09F00A6C505558C321037900662379B2F9AA34EE8C13F4A400EFB8AC96CC97F","19150"
"MOVED_STRUCTURED_ROOT_FILE_TO_REPO_LANE","C:\Users\13527\Desktop\123\HOUSE_WORK\PROJECT_COMMAND_CENTER_UI_LANE\HELPER_FILE_SURFACE_PREFLIGHT_20260606\ROUTE_74_REVIEWED_DELTA_RESIDUE_CUSTODY_20260609\CANDIDATE_CLOSEOUT_PROOF_HISTORY\BUILD_HSRB_002_TEMPLATE_RULE_AND_ATTEMPT_INDEX_CLOSEOUT_NO_EXECUTION_20260609_V0_1.ps1","C:\Users\13527\Desktop\123\Jxhnny_Kl33N_Seedz\HOUSE_WORK\PROJECT_COMMAND_CENTER_UI_LANE\HELPER_FILE_SURFACE_PREFLIGHT_20260606\ROUTE_74_REVIEWED_DELTA_RESIDUE_CUSTODY_20260609\CANDIDATE_CLOSEOUT_PROOF_HISTORY\BUILD_HSRB_002_TEMPLATE_RULE_AND_ATTEMPT_INDEX_CLOSEOUT_NO_EXECUTION_20260609_V0_1.ps1","Structured root ROOT_HOUSE_WORK file was missing from matching git lane.","0A7BB65A78B9C9EF62F4565AD5FF87FFD5C4D4DA2C11EE6AB0C09E14668B36A4","16004"
"MOVED_STRUCTURED_ROOT_FILE_TO_REPO_LANE","C:\Users\13527\Desktop\123\HOUSE_WORK\PROJECT_COMMAND_CENTER_UI_LANE\HELPER_FILE_SURFACE_PREFLIGHT_20260606\ROUTE_74_REVIEWED_DELTA_RESIDUE_CUSTODY_20260609\CANDIDATE_CLOSEOUT_PROOF_HISTORY\BUILD_HSRB_003_RISK_MARKER_AND_DISPOSITION_INDEX_CLOSEOUT_NO_EXECUTION_20260609_V0_1.ps1","C:\Users\13527\Desktop\123\Jxhnny_Kl33N_Seedz\HOUSE_WORK\PROJECT_COMMAND_CENTER_UI_LANE\HELPER_FILE_SURFACE_PREFLIGHT_20260606\ROUTE_74_REVIEWED_DELTA_RESIDUE_CUSTODY_20260609\CANDIDATE_CLOSEOUT_PROOF_HISTORY\BUILD_HSRB_003_RISK_MARKER_AND_DISPOSITION_INDEX_CLOSEOUT_NO_EXECUTION_20260609_V0_1.ps1","Structured root ROOT_HOUSE_WORK file was missing from matching git lane.","70A6B843B4C09FF21E3EF4B3D19B7A48552B55025D1FD0F9E15B6178BD2C6979","30131"
"MOVED_STRUCTURED_ROOT_FILE_TO_REPO_LANE","C:\Users\13527\Desktop\123\HOUSE_WORK\PROJECT_COMMAND_CENTER_UI_LANE\HELPER_FILE_SURFACE_PREFLIGHT_20260606\ROUTE_74_REVIEWED_DELTA_RESIDUE_CUSTODY_20260609\CANDIDATE_CLOSEOUT_PROOF_HISTORY\BUILD_HSRB_003_STATIC_REVIEW_DECISION_CLOSEOUT_CONTRACT_FIRST_NO_EXECUTION_20260609_V0_2.ps1","C:\Users\13527\Desktop\123\Jxhnny_Kl33N_Seedz\HOUSE_WORK\PROJECT_COMMAND_CENTER_UI_LANE\HELPER_FILE_SURFACE_PREFLIGHT_20260606\ROUTE_74_REVIEWED_DELTA_RESIDUE_CUSTODY_20260609\CANDIDATE_CLOSEOUT_PROOF_HISTORY\BUILD_HSRB_003_STATIC_REVIEW_DECISION_CLOSEOUT_CONTRACT_FIRST_NO_EXECUTION_20260609_V0_2.ps1","Structured root ROOT_HOUSE_WORK file was missing from matching git lane.","6D886CAEB95090D55BCFA08398A23CF390092E8989A5E0E146E323471174C5A0","26870"
"MOVED_STRUCTURED_ROOT_FILE_TO_REPO_LANE","C:\Users\13527\Desktop\123\HOUSE_WORK\PROJECT_COMMAND_CENTER_UI_LANE\HELPER_FILE_SURFACE_PREFLIGHT_20260606\ROUTE_74_REVIEWED_DELTA_RESIDUE_CUSTODY_20260609\CANDIDATE_CLOSEOUT_PROOF_HISTORY\BUILD_HSRB_004_HELPER_FILE_SURFACE_PREFLIGHT_AND_PLANETARY_GATE_SELECTOR_DISPOSITION_INDEX_CLOSEOUT_NO_EXECUTION_20260609_V0_1.ps1","C:\Users\13527\Desktop\123\Jxhnny_Kl33N_Seedz\HOUSE_WORK\PROJECT_COMMAND_CENTER_UI_LANE\HELPER_FILE_SURFACE_PREFLIGHT_20260606\ROUTE_74_REVIEWED_DELTA_RESIDUE_CUSTODY_20260609\CANDIDATE_CLOSEOUT_PROOF_HISTORY\BUILD_HSRB_004_HELPER_FILE_SURFACE_PREFLIGHT_AND_PLANETARY_GATE_SELECTOR_DISPOSITION_INDEX_CLOSEOUT_NO_EXECUTION_20260609_V0_1.ps1","Structured root ROOT_HOUSE_WORK file was missing from matching git lane.","46003895CDF292D849EC0BB0B4F9D2B26962714C31E0DD1E95B03B0E3186CAD9","27021"
"MOVED_STRUCTURED_ROOT_FILE_TO_REPO_LANE","C:\Users\13527\Desktop\123\HOUSE_WORK\PROJECT_COMMAND_CENTER_UI_LANE\HELPER_FILE_SURFACE_PREFLIGHT_20260606\ROUTE_74_REVIEWED_DELTA_RESIDUE_CUSTODY_20260609\CANDIDATE_CLOSEOUT_PROOF_HISTORY\BUILD_HSRB_004_STATIC_REVIEW_DECISION_CLOSEOUT_CONTRACT_FIRST_NO_EXECUTION_20260609_V0_1.ps1","C:\Users\13527\Desktop\123\Jxhnny_Kl33N_Seedz\HOUSE_WORK\PROJECT_COMMAND_CENTER_UI_LANE\HELPER_FILE_SURFACE_PREFLIGHT_20260606\ROUTE_74_REVIEWED_DELTA_RESIDUE_CUSTODY_20260609\CANDIDATE_CLOSEOUT_PROOF_HISTORY\BUILD_HSRB_004_STATIC_REVIEW_DECISION_CLOSEOUT_CONTRACT_FIRST_NO_EXECUTION_20260609_V0_1.ps1","Structured root ROOT_HOUSE_WORK file was missing from matching git lane.","E53FB22900F9DAF20E4BD061906B5CC2FDFA6BFBDE6BA8DFD4CD1C836E1699AE","28751"
"MOVED_STRUCTURED_ROOT_FILE_TO_REPO_LANE","C:\Users\13527\Desktop\123\HOUSE_WORK\PROJECT_COMMAND_CENTER_UI_LANE\HELPER_FILE_SURFACE_PREFLIGHT_20260606\ROUTE_74_REVIEWED_DELTA_RESIDUE_CUSTODY_20260609\CANDIDATE_CLOSEOUT_PROOF_HISTORY\BUILD_HSRB_005_ROOT_HELD_ROUTE_OR_HOLD_AND_CUSTODY_FAMILY_DISPOSITION_INDEX_CLOSEOUT_NO_EXECUTION_20260609_V0_1.ps1","C:\Users\13527\Desktop\123\Jxhnny_Kl33N_Seedz\HOUSE_WORK\PROJECT_COMMAND_CENTER_UI_LANE\HELPER_FILE_SURFACE_PREFLIGHT_20260606\ROUTE_74_REVIEWED_DELTA_RESIDUE_CUSTODY_20260609\CANDIDATE_CLOSEOUT_PROOF_HISTORY\BUILD_HSRB_005_ROOT_HELD_ROUTE_OR_HOLD_AND_CUSTODY_FAMILY_DISPOSITION_INDEX_CLOSEOUT_NO_EXECUTION_20260609_V0_1.ps1","Structured root ROOT_HOUSE_WORK file was missing from matching git lane.","85B08CD61239EE84CF871B923D954C5EBFC7648C8F6FC58749C9C51073DFF4E8","21056"
"MOVED_STRUCTURED_ROOT_FILE_TO_REPO_LANE","C:\Users\13527\Desktop\123\HOUSE_WORK\PROJECT_COMMAND_CENTER_UI_LANE\HELPER_FILE_SURFACE_PREFLIGHT_20260606\ROUTE_74_REVIEWED_DELTA_RESIDUE_CUSTODY_20260609\CANDIDATE_CLOSEOUT_PROOF_HISTORY\BUILD_HSRB_005_STATIC_REVIEW_DECISION_CLOSEOUT_CONTRACT_FIRST_NO_EXECUTION_20260609_V0_1.ps1","C:\Users\13527\Desktop\123\Jxhnny_Kl33N_Seedz\HOUSE_WORK\PROJECT_COMMAND_CENTER_UI_LANE\HELPER_FILE_SURFACE_PREFLIGHT_20260606\ROUTE_74_REVIEWED_DELTA_RESIDUE_CUSTODY_20260609\CANDIDATE_CLOSEOUT_PROOF_HISTORY\BUILD_HSRB_005_STATIC_REVIEW_DECISION_CLOSEOUT_CONTRACT_FIRST_NO_EXECUTION_20260609_V0_1.ps1","Structured root ROOT_HOUSE_WORK file was missing from matching git lane.","97880CF3DF012899A64705DBA6E127383E0DEBCA1672D96DE2B744382C336843","22268"
"MOVED_STRUCTURED_ROOT_FILE_TO_REPO_LANE","C:\Users\13527\Desktop\123\HOUSE_WORK\PROJECT_COMMAND_CENTER_UI_LANE\HELPER_FILE_SURFACE_PREFLIGHT_20260606\ROUTE_74_REVIEWED_DELTA_RESIDUE_CUSTODY_20260609\CANDIDATE_CLOSEOUT_PROOF_HISTORY\BUILD_HSRB_005_STATIC_REVIEW_DECISION_CLOSEOUT_CONTRACT_FIRST_NO_EXECUTION_20260609_V0_2.ps1","C:\Users\13527\Desktop\123\Jxhnny_Kl33N_Seedz\HOUSE_WORK\PROJECT_COMMAND_CENTER_UI_LANE\HELPER_FILE_SURFACE_PREFLIGHT_20260606\ROUTE_74_REVIEWED_DELTA_RESIDUE_CUSTODY_20260609\CANDIDATE_CLOSEOUT_PROOF_HISTORY\BUILD_HSRB_005_STATIC_REVIEW_DECISION_CLOSEOUT_CONTRACT_FIRST_NO_EXECUTION_20260609_V0_2.ps1","Structured root ROOT_HOUSE_WORK file was missing from matching git lane.","9989A3C63C6998A08F0A1D0A8B870DF68990966873CDFC3F5C4470D1F5C62CE7","27972"
"MOVED_STRUCTURED_ROOT_FILE_TO_REPO_LANE","C:\Users\13527\Desktop\123\HOUSE_WORK\PROJECT_COMMAND_CENTER_UI_LANE\HELPER_FILE_SURFACE_PREFLIGHT_20260606\ROUTE_74_REVIEWED_DELTA_RESIDUE_CUSTODY_20260609\CANDIDATE_CLOSEOUT_PROOF_HISTORY\BUILD_HSRB_005_STATIC_REVIEW_DECISION_CLOSEOUT_CONTRACT_FIRST_NO_EXECUTION_20260609_V0_3.ps1","C:\Users\13527\Desktop\123\Jxhnny_Kl33N_Seedz\HOUSE_WORK\PROJECT_COMMAND_CENTER_UI_LANE\HELPER_FILE_SURFACE_PREFLIGHT_20260606\ROUTE_74_REVIEWED_DELTA_RESIDUE_CUSTODY_20260609\CANDIDATE_CLOSEOUT_PROOF_HISTORY\BUILD_HSRB_005_STATIC_REVIEW_DECISION_CLOSEOUT_CONTRACT_FIRST_NO_EXECUTION_20260609_V0_3.ps1","Structured root ROOT_HOUSE_WORK file was missing from matching git lane.","69BDA3CC30442B40AA5E11210406037227841F2564D7D8DFC262EA5290AE399F","30039"
"MOVED_STRUCTURED_ROOT_FILE_TO_REPO_LANE","C:\Users\13527\Desktop\123\HOUSE_WORK\PROJECT_COMMAND_CENTER_UI_LANE\HELPER_FILE_SURFACE_PREFLIGHT_20260606\ROUTE_74_REVIEWED_DELTA_RESIDUE_CUSTODY_20260609\CANDIDATE_CLOSEOUT_PROOF_HISTORY\BUILD_HSRB_005_STATIC_REVIEW_DECISION_CLOSEOUT_CONTRACT_FIRST_NO_EXECUTION_20260609_V0_4.ps1","C:\Users\13527\Desktop\123\Jxhnny_Kl33N_Seedz\HOUSE_WORK\PROJECT_COMMAND_CENTER_UI_LANE\HELPER_FILE_SURFACE_PREFLIGHT_20260606\ROUTE_74_REVIEWED_DELTA_RESIDUE_CUSTODY_20260609\CANDIDATE_CLOSEOUT_PROOF_HISTORY\BUILD_HSRB_005_STATIC_REVIEW_DECISION_CLOSEOUT_CONTRACT_FIRST_NO_EXECUTION_20260609_V0_4.ps1","Structured root ROOT_HOUSE_WORK file was missing from matching git lane.","00BAAF9587147BCFC0DA3AF6089C8E02FB347F559081645B409C3DE45A85A468","29483"
"MOVED_STRUCTURED_ROOT_FILE_TO_REPO_LANE","C:\Users\13527\Desktop\123\HOUSE_WORK\PROJECT_COMMAND_CENTER_UI_LANE\HELPER_FILE_SURFACE_PREFLIGHT_20260606\ROUTE_74_REVIEWED_DELTA_RESIDUE_CUSTODY_20260609\CANDIDATE_CLOSEOUT_PROOF_HISTORY\BUILD_HSRB_006_REMAINING_HELPER_REVIEW_QUEUE_FAMILY_DISPOSITION_INDEX_CLOSEOUT_NO_EXECUTION_20260609_V0_1.ps1","C:\Users\13527\Desktop\123\Jxhnny_Kl33N_Seedz\HOUSE_WORK\PROJECT_COMMAND_CENTER_UI_LANE\HELPER_FILE_SURFACE_PREFLIGHT_20260606\ROUTE_74_REVIEWED_DELTA_RESIDUE_CUSTODY_20260609\CANDIDATE_CLOSEOUT_PROOF_HISTORY\BUILD_HSRB_006_REMAINING_HELPER_REVIEW_QUEUE_FAMILY_DISPOSITION_INDEX_CLOSEOUT_NO_EXECUTION_20260609_V0_1.ps1","Structured root ROOT_HOUSE_WORK file was missing from matching git lane.","6BCC5B785F508C986AD8F060186C85FFBCD6072FE72A3EB1A44474B283303E98","24156"
"MOVED_STRUCTURED_ROOT_FILE_TO_REPO_LANE","C:\Users\13527\Desktop\123\HOUSE_WORK\PROJECT_COMMAND_CENTER_UI_LANE\HELPER_FILE_SURFACE_PREFLIGHT_20260606\ROUTE_74_REVIEWED_DELTA_RESIDUE_CUSTODY_20260609\CANDIDATE_CLOSEOUT_PROOF_HISTORY\BUILD_HSRB_006_STATIC_REVIEW_DECISION_CLOSEOUT_CONTRACT_FIRST_NO_EXECUTION_20260609_V0_1.ps1","C:\Users\13527\Desktop\123\Jxhnny_Kl33N_Seedz\HOUSE_WORK\PROJECT_COMMAND_CENTER_UI_LANE\HELPER_FILE_SURFACE_PREFLIGHT_20260606\ROUTE_74_REVIEWED_DELTA_RESIDUE_CUSTODY_20260609\CANDIDATE_CLOSEOUT_PROOF_HISTORY\BUILD_HSRB_006_STATIC_REVIEW_DECISION_CLOSEOUT_CONTRACT_FIRST_NO_EXECUTION_20260609_V0_1.ps1","Structured root ROOT_HOUSE_WORK file was missing from matching git lane.","85C54CE3560F57A08A556D5CEC35210296923EB8B8BB6B2CFF09FC0F5CF6D2CB","19719"
"MOVED_STRUCTURED_ROOT_FILE_TO_REPO_LANE","C:\Users\13527\Desktop\123\HOUSE_WORK\PROJECT_COMMAND_CENTER_UI_LANE\HELPER_FILE_SURFACE_PREFLIGHT_20260606\ROUTE_74_REVIEWED_DELTA_RESIDUE_CUSTODY_20260609\CANDIDATE_INPUT_SURFACE_DIAGNOSTIC_PROOF\BUILD_64_ROW_HELPER_SCRIPT_REVIEW_QUEUE_HSRB_001_006_INPUT_SURFACE_DIAGNOSTIC_NO_EXECUTION_20260609_V0_1.ps1","C:\Users\13527\Desktop\123\Jxhnny_Kl33N_Seedz\HOUSE_WORK\PROJECT_COMMAND_CENTER_UI_LANE\HELPER_FILE_SURFACE_PREFLIGHT_20260606\ROUTE_74_REVIEWED_DELTA_RESIDUE_CUSTODY_20260609\CANDIDATE_INPUT_SURFACE_DIAGNOSTIC_PROOF\BUILD_64_ROW_HELPER_SCRIPT_REVIEW_QUEUE_HSRB_001_006_INPUT_SURFACE_DIAGNOSTIC_NO_EXECUTION_20260609_V0_1.ps1","Structured root ROOT_HOUSE_WORK file was missing from matching git lane.","F6868564A4FA16C413D97355A856E2D42344CEF8198CF2260C2EBAE0EFF7C07C","17304"
"MOVED_STRUCTURED_ROOT_FILE_TO_REPO_LANE","C:\Users\13527\Desktop\123\HOUSE_WORK\PROJECT_COMMAND_CENTER_UI_LANE\HELPER_FILE_SURFACE_PREFLIGHT_20260606\ROUTE_74_REVIEWED_DELTA_RESIDUE_CUSTODY_20260609\CANDIDATE_INPUT_SURFACE_DIAGNOSTIC_PROOF\BUILD_64_ROW_HELPER_SCRIPT_REVIEW_QUEUE_HSRB_001_006_INPUT_SURFACE_DIAGNOSTIC_NO_EXECUTION_20260609_V0_2.ps1","C:\Users\13527\Desktop\123\Jxhnny_Kl33N_Seedz\HOUSE_WORK\PROJECT_COMMAND_CENTER_UI_LANE\HELPER_FILE_SURFACE_PREFLIGHT_20260606\ROUTE_74_REVIEWED_DELTA_RESIDUE_CUSTODY_20260609\CANDIDATE_INPUT_SURFACE_DIAGNOSTIC_PROOF\BUILD_64_ROW_HELPER_SCRIPT_REVIEW_QUEUE_HSRB_001_006_INPUT_SURFACE_DIAGNOSTIC_NO_EXECUTION_20260609_V0_2.ps1","Structured root ROOT_HOUSE_WORK file was missing from matching git lane.","2298E7F87493F003BA4AE23B33FC7306C0D7E99B74C3402ECF05170035EA241B","12096"
"MOVED_STRUCTURED_ROOT_FILE_TO_REPO_LANE","C:\Users\13527\Desktop\123\HOUSE_WORK\PROJECT_COMMAND_CENTER_UI_LANE\HELPER_FILE_SURFACE_PREFLIGHT_20260606\ROUTE_74_REVIEWED_DELTA_RESIDUE_CUSTODY_20260609\CANDIDATE_NEXT_BATCH_SELECTOR_RESIDUE\BUILD_HELPER_SCRIPT_REVIEW_NEXT_BATCH_SELECTOR_FROM_64_QUEUE_NO_EXECUTION_20260609_V0_1.ps1","C:\Users\13527\Desktop\123\Jxhnny_Kl33N_Seedz\HOUSE_WORK\PROJECT_COMMAND_CENTER_UI_LANE\HELPER_FILE_SURFACE_PREFLIGHT_20260606\ROUTE_74_REVIEWED_DELTA_RESIDUE_CUSTODY_20260609\CANDIDATE_NEXT_BATCH_SELECTOR_RESIDUE\BUILD_HELPER_SCRIPT_REVIEW_NEXT_BATCH_SELECTOR_FROM_64_QUEUE_NO_EXECUTION_20260609_V0_1.ps1","Structured root ROOT_HOUSE_WORK file was missing from matching git lane.","001B379F3884A1E44F3A8C53DFE4016AA0E25514728BD8ED3D598411D8D557FA","11887"
"MOVED_STRUCTURED_ROOT_FILE_TO_REPO_LANE","C:\Users\13527\Desktop\123\HOUSE_WORK\PROJECT_COMMAND_CENTER_UI_LANE\HELPER_FILE_SURFACE_PREFLIGHT_20260606\ROUTE_74_REVIEWED_DELTA_RESIDUE_CUSTODY_20260609\CANDIDATE_NEXT_BATCH_SELECTOR_RESIDUE\BUILD_HELPER_SCRIPT_REVIEW_NEXT_BATCH_SELECTOR_HSRB_003_FROM_64_QUEUE_NO_EXECUTION_20260609_V0_1.ps1","C:\Users\13527\Desktop\123\Jxhnny_Kl33N_Seedz\HOUSE_WORK\PROJECT_COMMAND_CENTER_UI_LANE\HELPER_FILE_SURFACE_PREFLIGHT_20260606\ROUTE_74_REVIEWED_DELTA_RESIDUE_CUSTODY_20260609\CANDIDATE_NEXT_BATCH_SELECTOR_RESIDUE\BUILD_HELPER_SCRIPT_REVIEW_NEXT_BATCH_SELECTOR_HSRB_003_FROM_64_QUEUE_NO_EXECUTION_20260609_V0_1.ps1","Structured root ROOT_HOUSE_WORK file was missing from matching git lane.","567059C302FC741708630C4F3BF9C8246EEA4E030831DF5B802A355633741A05","14848"
"MOVED_STRUCTURED_ROOT_FILE_TO_REPO_LANE","C:\Users\13527\Desktop\123\HOUSE_WORK\PROJECT_COMMAND_CENTER_UI_LANE\HELPER_FILE_SURFACE_PREFLIGHT_20260606\ROUTE_74_REVIEWED_DELTA_RESIDUE_CUSTODY_20260609\CANDIDATE_NEXT_BATCH_SELECTOR_RESIDUE\BUILD_HELPER_SCRIPT_REVIEW_NEXT_BATCH_SELECTOR_HSRB_003_FROM_64_QUEUE_NO_EXECUTION_20260609_V0_2.ps1","C:\Users\13527\Desktop\123\Jxhnny_Kl33N_Seedz\HOUSE_WORK\PROJECT_COMMAND_CENTER_UI_LANE\HELPER_FILE_SURFACE_PREFLIGHT_20260606\ROUTE_74_REVIEWED_DELTA_RESIDUE_CUSTODY_20260609\CANDIDATE_NEXT_BATCH_SELECTOR_RESIDUE\BUILD_HELPER_SCRIPT_REVIEW_NEXT_BATCH_SELECTOR_HSRB_003_FROM_64_QUEUE_NO_EXECUTION_20260609_V0_2.ps1","Structured root ROOT_HOUSE_WORK file was missing from matching git lane.","59BEB116930C04966ACAE3F7515676EFF9584AE388E220D3400DA308DB5EFAB7","30234"
"MOVED_STRUCTURED_ROOT_FILE_TO_REPO_LANE","C:\Users\13527\Desktop\123\HOUSE_WORK\PROJECT_COMMAND_CENTER_UI_LANE\HELPER_FILE_SURFACE_PREFLIGHT_20260606\ROUTE_74_REVIEWED_DELTA_RESIDUE_CUSTODY_20260609\CANDIDATE_NEXT_BATCH_SELECTOR_RESIDUE\BUILD_HELPER_SCRIPT_REVIEW_NEXT_BATCH_SELECTOR_HSRB_004_FROM_64_QUEUE_NO_EXECUTION_20260609_V0_1.ps1","C:\Users\13527\Desktop\123\Jxhnny_Kl33N_Seedz\HOUSE_WORK\PROJECT_COMMAND_CENTER_UI_LANE\HELPER_FILE_SURFACE_PREFLIGHT_20260606\ROUTE_74_REVIEWED_DELTA_RESIDUE_CUSTODY_20260609\CANDIDATE_NEXT_BATCH_SELECTOR_RESIDUE\BUILD_HELPER_SCRIPT_REVIEW_NEXT_BATCH_SELECTOR_HSRB_004_FROM_64_QUEUE_NO_EXECUTION_20260609_V0_1.ps1","Structured root ROOT_HOUSE_WORK file was missing from matching git lane.","157F489F9BEAF18D4C1FEE14FD56E0238A9A15F00B9C7B2D692907AA70D615AF","18561"
"MOVED_STRUCTURED_ROOT_FILE_TO_REPO_LANE","C:\Users\13527\Desktop\123\HOUSE_WORK\PROJECT_COMMAND_CENTER_UI_LANE\HELPER_FILE_SURFACE_PREFLIGHT_20260606\ROUTE_74_REVIEWED_DELTA_RESIDUE_CUSTODY_20260609\CANDIDATE_NEXT_BATCH_SELECTOR_RESIDUE\BUILD_HELPER_SCRIPT_REVIEW_NEXT_BATCH_SELECTOR_HSRB_005_FROM_64_QUEUE_NO_EXECUTION_20260609_V0_1.ps1","C:\Users\13527\Desktop\123\Jxhnny_Kl33N_Seedz\HOUSE_WORK\PROJECT_COMMAND_CENTER_UI_LANE\HELPER_FILE_SURFACE_PREFLIGHT_20260606\ROUTE_74_REVIEWED_DELTA_RESIDUE_CUSTODY_20260609\CANDIDATE_NEXT_BATCH_SELECTOR_RESIDUE\BUILD_HELPER_SCRIPT_REVIEW_NEXT_BATCH_SELECTOR_HSRB_005_FROM_64_QUEUE_NO_EXECUTION_20260609_V0_1.ps1","Structured root ROOT_HOUSE_WORK file was missing from matching git lane.","515358642D7615AE9B5E7823A03B9E6A6A1E7FFAE91EB106ED708079F265A596","24868"
"MOVED_STRUCTURED_ROOT_FILE_TO_REPO_LANE","C:\Users\13527\Desktop\123\HOUSE_WORK\PROJECT_COMMAND_CENTER_UI_LANE\HELPER_FILE_SURFACE_PREFLIGHT_20260606\ROUTE_74_REVIEWED_DELTA_RESIDUE_CUSTODY_20260609\CANDIDATE_NEXT_BATCH_SELECTOR_RESIDUE\BUILD_HELPER_SCRIPT_REVIEW_NEXT_BATCH_SELECTOR_HSRB_005_FROM_64_QUEUE_NO_EXECUTION_20260609_V0_2.ps1","C:\Users\13527\Desktop\123\Jxhnny_Kl33N_Seedz\HOUSE_WORK\PROJECT_COMMAND_CENTER_UI_LANE\HELPER_FILE_SURFACE_PREFLIGHT_20260606\ROUTE_74_REVIEWED_DELTA_RESIDUE_CUSTODY_20260609\CANDIDATE_NEXT_BATCH_SELECTOR_RESIDUE\BUILD_HELPER_SCRIPT_REVIEW_NEXT_BATCH_SELECTOR_HSRB_005_FROM_64_QUEUE_NO_EXECUTION_20260609_V0_2.ps1","Structured root ROOT_HOUSE_WORK file was missing from matching git lane.","31134288D7B77D28706973FA32B4AD3BE0E46C0E9617EDA7F8AAC240BFE5E307","24805"
"MOVED_STRUCTURED_ROOT_FILE_TO_REPO_LANE","C:\Users\13527\Desktop\123\HOUSE_WORK\PROJECT_COMMAND_CENTER_UI_LANE\HELPER_FILE_SURFACE_PREFLIGHT_20260606\ROUTE_74_REVIEWED_DELTA_RESIDUE_CUSTODY_20260609\CANDIDATE_NEXT_BATCH_SELECTOR_RESIDUE\BUILD_HELPER_SCRIPT_REVIEW_NEXT_BATCH_SELECTOR_HSRB_006_FROM_64_QUEUE_NO_EXECUTION_20260609_V0_1.ps1","C:\Users\13527\Desktop\123\Jxhnny_Kl33N_Seedz\HOUSE_WORK\PROJECT_COMMAND_CENTER_UI_LANE\HELPER_FILE_SURFACE_PREFLIGHT_20260606\ROUTE_74_REVIEWED_DELTA_RESIDUE_CUSTODY_20260609\CANDIDATE_NEXT_BATCH_SELECTOR_RESIDUE\BUILD_HELPER_SCRIPT_REVIEW_NEXT_BATCH_SELECTOR_HSRB_006_FROM_64_QUEUE_NO_EXECUTION_20260609_V0_1.ps1","Structured root ROOT_HOUSE_WORK file was missing from matching git lane.","95013008E15D7ED5014BBF51EA90DBBD432AD75CCABEB94607269EF6165935FA","25197"
"MOVED_STRUCTURED_ROOT_FILE_TO_REPO_LANE","C:\Users\13527\Desktop\123\HOUSE_WORK\PROJECT_COMMAND_CENTER_UI_LANE\HELPER_FILE_SURFACE_PREFLIGHT_20260606\ROUTE_74_REVIEWED_DELTA_RESIDUE_CUSTODY_20260609\CANDIDATE_NEXT_BATCH_SELECTOR_RESIDUE\BUILD_HELPER_SCRIPT_REVIEW_NEXT_BATCH_SELECTOR_HSRB_006_FROM_64_QUEUE_NO_EXECUTION_20260609_V0_2.ps1","C:\Users\13527\Desktop\123\Jxhnny_Kl33N_Seedz\HOUSE_WORK\PROJECT_COMMAND_CENTER_UI_LANE\HELPER_FILE_SURFACE_PREFLIGHT_20260606\ROUTE_74_REVIEWED_DELTA_RESIDUE_CUSTODY_20260609\CANDIDATE_NEXT_BATCH_SELECTOR_RESIDUE\BUILD_HELPER_SCRIPT_REVIEW_NEXT_BATCH_SELECTOR_HSRB_006_FROM_64_QUEUE_NO_EXECUTION_20260609_V0_2.ps1","Structured root ROOT_HOUSE_WORK file was missing from matching git lane.","35F008B8B42EFEAC12CAD56F8BA26DC5CCD47169B241419EA1FF1AE8C288024B","29334"
"MOVED_STRUCTURED_ROOT_FILE_TO_REPO_LANE","C:\Users\13527\Desktop\123\HOUSE_WORK\PROJECT_COMMAND_CENTER_UI_LANE\HELPER_FILE_SURFACE_PREFLIGHT_20260606\ROUTE_74_REVIEWED_DELTA_RESIDUE_CUSTODY_20260609\CANDIDATE_PROOF_HISTORY_REVIEW_BEFORE_OLD_LOADS\BUILD_ROOT_HELD_GROUP_ROUTE_DRY_RUN_SELECTOR_V0_5_USER_MARKED_DECISION_CLOSEOUT_20260609_V0_1.ps1","C:\Users\13527\Desktop\123\Jxhnny_Kl33N_Seedz\HOUSE_WORK\PROJECT_COMMAND_CENTER_UI_LANE\HELPER_FILE_SURFACE_PREFLIGHT_20260606\ROUTE_74_REVIEWED_DELTA_RESIDUE_CUSTODY_20260609\CANDIDATE_PROOF_HISTORY_REVIEW_BEFORE_OLD_LOADS\BUILD_ROOT_HELD_GROUP_ROUTE_DRY_RUN_SELECTOR_V0_5_USER_MARKED_DECISION_CLOSEOUT_20260609_V0_1.ps1","Structured root ROOT_HOUSE_WORK file was missing from matching git lane.","A0F16591EFC97FDFF030566D17B5B06B2BD4726330C284FC951DD3592FC868F5","12233"
"MOVED_STRUCTURED_ROOT_FILE_TO_REPO_LANE","C:\Users\13527\Desktop\123\HOUSE_WORK\PROJECT_COMMAND_CENTER_UI_LANE\HELPER_FILE_SURFACE_PREFLIGHT_20260606\ROUTE_74_REVIEWED_DELTA_RESIDUE_CUSTODY_20260609\CANDIDATE_PROOF_INDEX_HISTORY\BUILD_HSRB_001_LAST_PASSING_PROOF_AND_SUPERSEDED_FAILED_ATTEMPT_INDEX_NO_EXECUTION_20260609_V0_1.ps1","C:\Users\13527\Desktop\123\Jxhnny_Kl33N_Seedz\HOUSE_WORK\PROJECT_COMMAND_CENTER_UI_LANE\HELPER_FILE_SURFACE_PREFLIGHT_20260606\ROUTE_74_REVIEWED_DELTA_RESIDUE_CUSTODY_20260609\CANDIDATE_PROOF_INDEX_HISTORY\BUILD_HSRB_001_LAST_PASSING_PROOF_AND_SUPERSEDED_FAILED_ATTEMPT_INDEX_NO_EXECUTION_20260609_V0_1.ps1","Structured root ROOT_HOUSE_WORK file was missing from matching git lane.","E5DB9766D24CB91D07870F6F3488DA59DA39AC439131DC9D4167A0A1E76BB2B3","19228"
"MOVED_STRUCTURED_ROOT_FILE_TO_REPO_LANE","C:\Users\13527\Desktop\123\HOUSE_WORK\PROJECT_COMMAND_CENTER_UI_LANE\HELPER_FILE_SURFACE_PREFLIGHT_20260606\ROUTE_74_REVIEWED_DELTA_RESIDUE_CUSTODY_20260609\CANDIDATE_REPAIR_ATTEMPT_PROOF_REVIEW\REPAIR_HSRB_002_TEMPLATE_RULE_AND_ATTEMPT_INDEX_PRESERVE_TICKET_ID_AND_ROLE_COUNTS_NO_EXECUTION_20260609_V0_3.ps1","C:\Users\13527\Desktop\123\Jxhnny_Kl33N_Seedz\HOUSE_WORK\PROJECT_COMMAND_CENTER_UI_LANE\HELPER_FILE_SURFACE_PREFLIGHT_20260606\ROUTE_74_REVIEWED_DELTA_RESIDUE_CUSTODY_20260609\CANDIDATE_REPAIR_ATTEMPT_PROOF_REVIEW\REPAIR_HSRB_002_TEMPLATE_RULE_AND_ATTEMPT_INDEX_PRESERVE_TICKET_ID_AND_ROLE_COUNTS_NO_EXECUTION_20260609_V0_3.ps1","Structured root ROOT_HOUSE_WORK file was missing from matching git lane.","20B0E1513B683E1CABB9AB212817617C8949A8CB50A1CE7639AC99825A91A2F9","27885"
"MOVED_STRUCTURED_ROOT_FILE_TO_REPO_LANE","C:\Users\13527\Desktop\123\HOUSE_WORK\PROJECT_COMMAND_CENTER_UI_LANE\HELPER_FILE_SURFACE_PREFLIGHT_20260606\ROUTE_74_REVIEWED_DELTA_RESIDUE_CUSTODY_20260609\CANDIDATE_REPAIR_ATTEMPT_PROOF_REVIEW\REPAIR_HSRB_002_TEMPLATE_RULE_AND_ATTEMPT_INDEX_PRESERVE_TICKET_ID_AND_ROLE_COUNTS_NO_EXECUTION_20260609_V0_4.ps1","C:\Users\13527\Desktop\123\Jxhnny_Kl33N_Seedz\HOUSE_WORK\PROJECT_COMMAND_CENTER_UI_LANE\HELPER_FILE_SURFACE_PREFLIGHT_20260606\ROUTE_74_REVIEWED_DELTA_RESIDUE_CUSTODY_20260609\CANDIDATE_REPAIR_ATTEMPT_PROOF_REVIEW\REPAIR_HSRB_002_TEMPLATE_RULE_AND_ATTEMPT_INDEX_PRESERVE_TICKET_ID_AND_ROLE_COUNTS_NO_EXECUTION_20260609_V0_4.ps1","Structured root ROOT_HOUSE_WORK file was missing from matching git lane.","FF054E1C39BF0A90895626FB420E2F3A42AE66E164C59BD93ACC9F440F3BC354","22497"
"MOVED_STRUCTURED_ROOT_FILE_TO_REPO_LANE","C:\Users\13527\Desktop\123\HOUSE_WORK\PROJECT_COMMAND_CENTER_UI_LANE\HELPER_FILE_SURFACE_PREFLIGHT_20260606\ROUTE_74_REVIEWED_DELTA_RESIDUE_CUSTODY_20260609\CANDIDATE_REPAIR_ATTEMPT_PROOF_REVIEW\REPAIR_HSRB_002_TEMPLATE_RULE_AND_ATTEMPT_INDEX_PRESERVE_TICKET_ID_NO_EXECUTION_20260609_V0_1.ps1","C:\Users\13527\Desktop\123\Jxhnny_Kl33N_Seedz\HOUSE_WORK\PROJECT_COMMAND_CENTER_UI_LANE\HELPER_FILE_SURFACE_PREFLIGHT_20260606\ROUTE_74_REVIEWED_DELTA_RESIDUE_CUSTODY_20260609\CANDIDATE_REPAIR_ATTEMPT_PROOF_REVIEW\REPAIR_HSRB_002_TEMPLATE_RULE_AND_ATTEMPT_INDEX_PRESERVE_TICKET_ID_NO_EXECUTION_20260609_V0_1.ps1","Structured root ROOT_HOUSE_WORK file was missing from matching git lane.","AF93DB96855661D648081D02E980D75C564A206E95595D580E20FBEDF0954F2A","25776"
"MOVED_STRUCTURED_ROOT_FILE_TO_REPO_LANE","C:\Users\13527\Desktop\123\HOUSE_WORK\PROJECT_COMMAND_CENTER_UI_LANE\HELPER_FILE_SURFACE_PREFLIGHT_20260606\ROUTE_74_REVIEWED_DELTA_RESIDUE_CUSTODY_20260609\CANDIDATE_REPAIR_ATTEMPT_PROOF_REVIEW\REPAIR_HSRB_002_TEMPLATE_RULE_AND_ATTEMPT_INDEX_PRESERVE_TICKET_ID_NO_EXECUTION_20260609_V0_2.ps1","C:\Users\13527\Desktop\123\Jxhnny_Kl33N_Seedz\HOUSE_WORK\PROJECT_COMMAND_CENTER_UI_LANE\HELPER_FILE_SURFACE_PREFLIGHT_20260606\ROUTE_74_REVIEWED_DELTA_RESIDUE_CUSTODY_20260609\CANDIDATE_REPAIR_ATTEMPT_PROOF_REVIEW\REPAIR_HSRB_002_TEMPLATE_RULE_AND_ATTEMPT_INDEX_PRESERVE_TICKET_ID_NO_EXECUTION_20260609_V0_2.ps1","Structured root ROOT_HOUSE_WORK file was missing from matching git lane.","C4513B253A2E9265C6872A0655FC2EA87192BA673B9CF790425A28ECCD09A9AE","28637"
"MOVED_STRUCTURED_ROOT_FILE_TO_REPO_LANE","C:\Users\13527\Desktop\123\HOUSE_WORK\PROJECT_COMMAND_CENTER_UI_LANE\HELPER_FILE_SURFACE_PREFLIGHT_20260606\ROUTE_74_REVIEWED_DELTA_RESIDUE_CUSTODY_20260609\CANDIDATE_REPAIR_ATTEMPT_PROOF_REVIEW\REPAIR_HSRB_002_TEMPLATE_RULE_AND_ATTEMPT_INDEX_PRESERVE_TICKET_ID_ROLE_COUNTS_AND_SHA_NO_EXECUTION_20260609_V0_5.ps1","C:\Users\13527\Desktop\123\Jxhnny_Kl33N_Seedz\HOUSE_WORK\PROJECT_COMMAND_CENTER_UI_LANE\HELPER_FILE_SURFACE_PREFLIGHT_20260606\ROUTE_74_REVIEWED_DELTA_RESIDUE_CUSTODY_20260609\CANDIDATE_REPAIR_ATTEMPT_PROOF_REVIEW\REPAIR_HSRB_002_TEMPLATE_RULE_AND_ATTEMPT_INDEX_PRESERVE_TICKET_ID_ROLE_COUNTS_AND_SHA_NO_EXECUTION_20260609_V0_5.ps1","Structured root ROOT_HOUSE_WORK file was missing from matching git lane.","B47E66451A538738464121FB0C17C225B85CE69E671EC07A661A947EB3FACD49","26435"
"MOVED_STRUCTURED_ROOT_FILE_TO_REPO_LANE","C:\Users\13527\Desktop\123\HOUSE_WORK\PROJECT_COMMAND_CENTER_UI_LANE\HELPER_FILE_SURFACE_PREFLIGHT_20260606\ROUTE_74_REVIEWED_DELTA_RESIDUE_CUSTODY_20260609\CANDIDATE_REVIEW_CHAIN_PROOF_HISTORY\BUILD_HSRB_003_ROOT_DROP_INTAKE_WASHER_BUILD_OPTION_SET_RISK_MARKER_AND_DISPOSITION_INDEX_NO_EXECUTION_20260609_V0_1.ps1","C:\Users\13527\Desktop\123\Jxhnny_Kl33N_Seedz\HOUSE_WORK\PROJECT_COMMAND_CENTER_UI_LANE\HELPER_FILE_SURFACE_PREFLIGHT_20260606\ROUTE_74_REVIEWED_DELTA_RESIDUE_CUSTODY_20260609\CANDIDATE_REVIEW_CHAIN_PROOF_HISTORY\BUILD_HSRB_003_ROOT_DROP_INTAKE_WASHER_BUILD_OPTION_SET_RISK_MARKER_AND_DISPOSITION_INDEX_NO_EXECUTION_20260609_V0_1.ps1","Structured root ROOT_HOUSE_WORK file was missing from matching git lane.","F48B2B532F1C684F8E6F679C84B146F5587E1C8D87C971CA35BDFD3CF425CAE7","33625"
"MOVED_STRUCTURED_ROOT_FILE_TO_REPO_LANE","C:\Users\13527\Desktop\123\HOUSE_WORK\PROJECT_COMMAND_CENTER_UI_LANE\HELPER_FILE_SURFACE_PREFLIGHT_20260606\ROUTE_74_REVIEWED_DELTA_RESIDUE_CUSTODY_20260609\CANDIDATE_REVIEW_CHAIN_PROOF_HISTORY\BUILD_HSRB_003_ROOT_DROP_INTAKE_WASHER_BUILD_OPTION_SET_RISK_MARKER_AND_DISPOSITION_INDEX_NO_EXECUTION_20260609_V0_2.ps1","C:\Users\13527\Desktop\123\Jxhnny_Kl33N_Seedz\HOUSE_WORK\PROJECT_COMMAND_CENTER_UI_LANE\HELPER_FILE_SURFACE_PREFLIGHT_20260606\ROUTE_74_REVIEWED_DELTA_RESIDUE_CUSTODY_20260609\CANDIDATE_REVIEW_CHAIN_PROOF_HISTORY\BUILD_HSRB_003_ROOT_DROP_INTAKE_WASHER_BUILD_OPTION_SET_RISK_MARKER_AND_DISPOSITION_INDEX_NO_EXECUTION_20260609_V0_2.ps1","Structured root ROOT_HOUSE_WORK file was missing from matching git lane.","8D34973748EF39C68B385BA2D98A776728CE0BC4C7BDA27B9E4CE0A00383A56A","38657"
"MOVED_STRUCTURED_ROOT_FILE_TO_REPO_LANE","C:\Users\13527\Desktop\123\HOUSE_WORK\PROJECT_COMMAND_CENTER_UI_LANE\HELPER_FILE_SURFACE_PREFLIGHT_20260606\ROUTE_74_REVIEWED_DELTA_RESIDUE_CUSTODY_20260609\CANDIDATE_REVIEW_CHAIN_PROOF_HISTORY\BUILD_HSRB_004_HELPER_FILE_SURFACE_PREFLIGHT_AND_PLANETARY_GATE_SELECTOR_DISPOSITION_INDEX_NO_EXECUTION_20260609_V0_1.ps1","C:\Users\13527\Desktop\123\Jxhnny_Kl33N_Seedz\HOUSE_WORK\PROJECT_COMMAND_CENTER_UI_LANE\HELPER_FILE_SURFACE_PREFLIGHT_20260606\ROUTE_74_REVIEWED_DELTA_RESIDUE_CUSTODY_20260609\CANDIDATE_REVIEW_CHAIN_PROOF_HISTORY\BUILD_HSRB_004_HELPER_FILE_SURFACE_PREFLIGHT_AND_PLANETARY_GATE_SELECTOR_DISPOSITION_INDEX_NO_EXECUTION_20260609_V0_1.ps1","Structured root ROOT_HOUSE_WORK file was missing from matching git lane.","36C89877A708AFBBA3393D635595CF5B9F70516AF6E26A2F1A929C29FEE13CF5","26980"
"MOVED_STRUCTURED_ROOT_FILE_TO_REPO_LANE","C:\Users\13527\Desktop\123\HOUSE_WORK\PROJECT_COMMAND_CENTER_UI_LANE\HELPER_FILE_SURFACE_PREFLIGHT_20260606\ROUTE_74_REVIEWED_DELTA_RESIDUE_CUSTODY_20260609\CANDIDATE_REVIEW_CHAIN_PROOF_HISTORY\BUILD_HSRB_004_HELPER_FILE_SURFACE_PREFLIGHT_AND_PLANETARY_GATE_SELECTOR_DISPOSITION_INDEX_NO_EXECUTION_20260609_V0_2.ps1","C:\Users\13527\Desktop\123\Jxhnny_Kl33N_Seedz\HOUSE_WORK\PROJECT_COMMAND_CENTER_UI_LANE\HELPER_FILE_SURFACE_PREFLIGHT_20260606\ROUTE_74_REVIEWED_DELTA_RESIDUE_CUSTODY_20260609\CANDIDATE_REVIEW_CHAIN_PROOF_HISTORY\BUILD_HSRB_004_HELPER_FILE_SURFACE_PREFLIGHT_AND_PLANETARY_GATE_SELECTOR_DISPOSITION_INDEX_NO_EXECUTION_20260609_V0_2.ps1","Structured root ROOT_HOUSE_WORK file was missing from matching git lane.","EF346628607410860847C566570D3B35256FDE201D8F7B7008137AC590D896D3","30350"
"MOVED_STRUCTURED_ROOT_FILE_TO_REPO_LANE","C:\Users\13527\Desktop\123\HOUSE_WORK\PROJECT_COMMAND_CENTER_UI_LANE\HELPER_FILE_SURFACE_PREFLIGHT_20260606\ROUTE_74_REVIEWED_DELTA_RESIDUE_CUSTODY_20260609\CANDIDATE_REVIEW_CHAIN_PROOF_HISTORY\BUILD_HSRB_004_HELPER_FILE_SURFACE_PREFLIGHT_AND_PLANETARY_GATE_SELECTOR_DISPOSITION_INDEX_NO_EXECUTION_20260609_V0_3.ps1","C:\Users\13527\Desktop\123\Jxhnny_Kl33N_Seedz\HOUSE_WORK\PROJECT_COMMAND_CENTER_UI_LANE\HELPER_FILE_SURFACE_PREFLIGHT_20260606\ROUTE_74_REVIEWED_DELTA_RESIDUE_CUSTODY_20260609\CANDIDATE_REVIEW_CHAIN_PROOF_HISTORY\BUILD_HSRB_004_HELPER_FILE_SURFACE_PREFLIGHT_AND_PLANETARY_GATE_SELECTOR_DISPOSITION_INDEX_NO_EXECUTION_20260609_V0_3.ps1","Structured root ROOT_HOUSE_WORK file was missing from matching git lane.","CCE733E120D66D28A0E38509DCFC2C1CE74D247AD30F71A7B3EAAD7275F99163","30273"
"MOVED_STRUCTURED_ROOT_FILE_TO_REPO_LANE","C:\Users\13527\Desktop\123\HOUSE_WORK\PROJECT_COMMAND_CENTER_UI_LANE\HELPER_FILE_SURFACE_PREFLIGHT_20260606\ROUTE_74_REVIEWED_DELTA_RESIDUE_CUSTODY_20260609\CANDIDATE_REVIEW_CHAIN_PROOF_HISTORY\BUILD_HSRB_005_ROOT_HELD_ROUTE_OR_HOLD_AND_CUSTODY_FAMILY_DISPOSITION_INDEX_NO_EXECUTION_20260609_V0_1.ps1","C:\Users\13527\Desktop\123\Jxhnny_Kl33N_Seedz\HOUSE_WORK\PROJECT_COMMAND_CENTER_UI_LANE\HELPER_FILE_SURFACE_PREFLIGHT_20260606\ROUTE_74_REVIEWED_DELTA_RESIDUE_CUSTODY_20260609\CANDIDATE_REVIEW_CHAIN_PROOF_HISTORY\BUILD_HSRB_005_ROOT_HELD_ROUTE_OR_HOLD_AND_CUSTODY_FAMILY_DISPOSITION_INDEX_NO_EXECUTION_20260609_V0_1.ps1","Structured root ROOT_HOUSE_WORK file was missing from matching git lane.","7E06CB036C3841887DFBC99E3B8408172AD36253863D37D50E88DEE6495BC233","28146"
"MOVED_STRUCTURED_ROOT_FILE_TO_REPO_LANE","C:\Users\13527\Desktop\123\HOUSE_WORK\PROJECT_COMMAND_CENTER_UI_LANE\HELPER_FILE_SURFACE_PREFLIGHT_20260606\ROUTE_74_REVIEWED_DELTA_RESIDUE_CUSTODY_20260609\CANDIDATE_REVIEW_CHAIN_PROOF_HISTORY\BUILD_HSRB_006_REMAINING_HELPER_REVIEW_QUEUE_FAMILY_DISPOSITION_INDEX_NO_EXECUTION_20260609_V0_1.ps1","C:\Users\13527\Desktop\123\Jxhnny_Kl33N_Seedz\HOUSE_WORK\PROJECT_COMMAND_CENTER_UI_LANE\HELPER_FILE_SURFACE_PREFLIGHT_20260606\ROUTE_74_REVIEWED_DELTA_RESIDUE_CUSTODY_20260609\CANDIDATE_REVIEW_CHAIN_PROOF_HISTORY\BUILD_HSRB_006_REMAINING_HELPER_REVIEW_QUEUE_FAMILY_DISPOSITION_INDEX_NO_EXECUTION_20260609_V0_1.ps1","Structured root ROOT_HOUSE_WORK file was missing from matching git lane.","10CF949C80FF3935CDCD1EE2CD40C771AC72807C9D91E52EDADC1D3FE516CE97","30815"
"MOVED_STRUCTURED_ROOT_FILE_TO_REPO_LANE","C:\Users\13527\Desktop\123\HOUSE_WORK\PROJECT_COMMAND_CENTER_UI_LANE\HELPER_FILE_SURFACE_PREFLIGHT_20260606\ROUTE_74_REVIEWED_DELTA_RESIDUE_CUSTODY_20260609\CANDIDATE_ROUGH_LOCAL_IMPORT_PROOF_REVIEW\ROUGH_LOCAL_IMPORT_ROOT_HELD_GROUP_NON_SCRIPT_CUSTODY_QUEUE_V0_1_20260608_HEAVY_BOUNDARY_V0_1.ps1","C:\Users\13527\Desktop\123\Jxhnny_Kl33N_Seedz\HOUSE_WORK\PROJECT_COMMAND_CENTER_UI_LANE\HELPER_FILE_SURFACE_PREFLIGHT_20260606\ROUTE_74_REVIEWED_DELTA_RESIDUE_CUSTODY_20260609\CANDIDATE_ROUGH_LOCAL_IMPORT_PROOF_REVIEW\ROUGH_LOCAL_IMPORT_ROOT_HELD_GROUP_NON_SCRIPT_CUSTODY_QUEUE_V0_1_20260608_HEAVY_BOUNDARY_V0_1.ps1","Structured root ROOT_HOUSE_WORK file was missing from matching git lane.","A2A3AC1252E631757DE98293BD51B8BDBF0DB128F85F20F500947A20008B6E58","16785"
"MOVED_STRUCTURED_ROOT_FILE_TO_REPO_LANE","C:\Users\13527\Desktop\123\HOUSE_WORK\PROJECT_COMMAND_CENTER_UI_LANE\HELPER_FILE_SURFACE_PREFLIGHT_20260606\ROUTE_74_REVIEWED_DELTA_RESIDUE_CUSTODY_20260609\CANDIDATE_ROUGH_LOCAL_IMPORT_PROOF_REVIEW\ROUGH_LOCAL_IMPORT_ROOT_HELD_GROUP_ROUTE_PLAN_ONLY_V0_1_20260608_HEAVY_BOUNDARY_V0_1.ps1","C:\Users\13527\Desktop\123\Jxhnny_Kl33N_Seedz\HOUSE_WORK\PROJECT_COMMAND_CENTER_UI_LANE\HELPER_FILE_SURFACE_PREFLIGHT_20260606\ROUTE_74_REVIEWED_DELTA_RESIDUE_CUSTODY_20260609\CANDIDATE_ROUGH_LOCAL_IMPORT_PROOF_REVIEW\ROUGH_LOCAL_IMPORT_ROOT_HELD_GROUP_ROUTE_PLAN_ONLY_V0_1_20260608_HEAVY_BOUNDARY_V0_1.ps1","Structured root ROOT_HOUSE_WORK file was missing from matching git lane.","0096EC633609357C81A89FAD7F6DDC627E834E02498B94F1C42D83ADE47F4136","17671"
"MOVED_STRUCTURED_ROOT_FILE_TO_REPO_LANE","C:\Users\13527\Desktop\123\HOUSE_WORK\PROJECT_COMMAND_CENTER_UI_LANE\HELPER_FILE_SURFACE_PREFLIGHT_20260606\ROUTE_74_REVIEWED_DELTA_RESIDUE_CUSTODY_20260609\CANDIDATE_ROUGH_LOCAL_IMPORT_PROOF_REVIEW\ROUGH_LOCAL_IMPORT_ROOT_HELD_GROUP_SCRIPT_CUSTODY_QUEUE_V0_1_20260608_HEAVY_BOUNDARY_V0_1.ps1","C:\Users\13527\Desktop\123\Jxhnny_Kl33N_Seedz\HOUSE_WORK\PROJECT_COMMAND_CENTER_UI_LANE\HELPER_FILE_SURFACE_PREFLIGHT_20260606\ROUTE_74_REVIEWED_DELTA_RESIDUE_CUSTODY_20260609\CANDIDATE_ROUGH_LOCAL_IMPORT_PROOF_REVIEW\ROUGH_LOCAL_IMPORT_ROOT_HELD_GROUP_SCRIPT_CUSTODY_QUEUE_V0_1_20260608_HEAVY_BOUNDARY_V0_1.ps1","Structured root ROOT_HOUSE_WORK file was missing from matching git lane.","DE297F3D385509290B4494FCB58C305847085F00FF5E1B111CFC5E82523FBA64","16871"
"MOVED_STRUCTURED_ROOT_FILE_TO_REPO_LANE","C:\Users\13527\Desktop\123\HOUSE_WORK\PROJECT_COMMAND_CENTER_UI_LANE\HELPER_FILE_SURFACE_PREFLIGHT_20260606\ROUTE_74_REVIEWED_DELTA_RESIDUE_CUSTODY_20260609\CANDIDATE_ROUTE_PLAN_BUILDER_PROOF_REVIEW\BUILD_ROOT_HELD_GROUP_ROUTE_PLAN_ONLY_V0_1_20260608_HEAVY_BOUNDARY_V0_1.ps1","C:\Users\13527\Desktop\123\Jxhnny_Kl33N_Seedz\HOUSE_WORK\PROJECT_COMMAND_CENTER_UI_LANE\HELPER_FILE_SURFACE_PREFLIGHT_20260606\ROUTE_74_REVIEWED_DELTA_RESIDUE_CUSTODY_20260609\CANDIDATE_ROUTE_PLAN_BUILDER_PROOF_REVIEW\BUILD_ROOT_HELD_GROUP_ROUTE_PLAN_ONLY_V0_1_20260608_HEAVY_BOUNDARY_V0_1.ps1","Structured root ROOT_HOUSE_WORK file was missing from matching git lane.","5CCAA3703A71A8929F9D97EE9C3A357651B8AC4E98455A4E2D454B3668CD81E2","28110"
"MOVED_STRUCTURED_ROOT_FILE_TO_REPO_LANE","C:\Users\13527\Desktop\123\HOUSE_WORK\PROJECT_COMMAND_CENTER_UI_LANE\HELPER_FILE_SURFACE_PREFLIGHT_20260606\ROUTE_74_REVIEWED_DELTA_RESIDUE_CUSTODY_20260609\CANDIDATE_ROUTE_TO_OLD_LOADS_AFTER_USER_APPROVAL\BUILD_ROOT_HELD_GROUP_NON_SCRIPT_CUSTODY_REVIEW_QUEUE_V0_1_20260608_HEAVY_BOUNDARY_V0_1.ps1","C:\Users\13527\Desktop\123\Jxhnny_Kl33N_Seedz\HOUSE_WORK\PROJECT_COMMAND_CENTER_UI_LANE\HELPER_FILE_SURFACE_PREFLIGHT_20260606\ROUTE_74_REVIEWED_DELTA_RESIDUE_CUSTODY_20260609\CANDIDATE_ROUTE_TO_OLD_LOADS_AFTER_USER_APPROVAL\BUILD_ROOT_HELD_GROUP_NON_SCRIPT_CUSTODY_REVIEW_QUEUE_V0_1_20260608_HEAVY_BOUNDARY_V0_1.ps1","Structured root ROOT_HOUSE_WORK file was missing from matching git lane.","1F7352FCEC4350BFAB8770406C501934E9A727BE974B94C0079A9078B9C7D818","22277"
"MOVED_STRUCTURED_ROOT_FILE_TO_REPO_LANE","C:\Users\13527\Desktop\123\HOUSE_WORK\PROJECT_COMMAND_CENTER_UI_LANE\HELPER_FILE_SURFACE_PREFLIGHT_20260606\ROUTE_74_REVIEWED_DELTA_RESIDUE_CUSTODY_20260609\CANDIDATE_ROUTE_TO_OLD_LOADS_AFTER_USER_APPROVAL\BUILD_ROOT_HELD_GROUP_NON_SCRIPT_CUSTODY_REVIEW_QUEUE_V0_1_20260608_HEAVY_BOUNDARY_V0_2.ps1","C:\Users\13527\Desktop\123\Jxhnny_Kl33N_Seedz\HOUSE_WORK\PROJECT_COMMAND_CENTER_UI_LANE\HELPER_FILE_SURFACE_PREFLIGHT_20260606\ROUTE_74_REVIEWED_DELTA_RESIDUE_CUSTODY_20260609\CANDIDATE_ROUTE_TO_OLD_LOADS_AFTER_USER_APPROVAL\BUILD_ROOT_HELD_GROUP_NON_SCRIPT_CUSTODY_REVIEW_QUEUE_V0_1_20260608_HEAVY_BOUNDARY_V0_2.ps1","Structured root ROOT_HOUSE_WORK file was missing from matching git lane.","1F7352FCEC4350BFAB8770406C501934E9A727BE974B94C0079A9078B9C7D818","22277"
"MOVED_STRUCTURED_ROOT_FILE_TO_REPO_LANE","C:\Users\13527\Desktop\123\HOUSE_WORK\PROJECT_COMMAND_CENTER_UI_LANE\HELPER_FILE_SURFACE_PREFLIGHT_20260606\ROUTE_74_REVIEWED_DELTA_RESIDUE_CUSTODY_20260609\CANDIDATE_ROUTE_TO_OLD_LOADS_AFTER_USER_APPROVAL\BUILD_ROOT_HELD_GROUP_ROUTE_DRY_RUN_SELECTOR_20260609_V0_2.ps1","C:\Users\13527\Desktop\123\Jxhnny_Kl33N_Seedz\HOUSE_WORK\PROJECT_COMMAND_CENTER_UI_LANE\HELPER_FILE_SURFACE_PREFLIGHT_20260606\ROUTE_74_REVIEWED_DELTA_RESIDUE_CUSTODY_20260609\CANDIDATE_ROUTE_TO_OLD_LOADS_AFTER_USER_APPROVAL\BUILD_ROOT_HELD_GROUP_ROUTE_DRY_RUN_SELECTOR_20260609_V0_2.ps1","Structured root ROOT_HOUSE_WORK file was missing from matching git lane.","7D99F1EE4DC8EBB140A2A097B466F4DA8FD8BCF0E74EC2C131F24B9D7A313322","29201"
"MOVED_STRUCTURED_ROOT_FILE_TO_REPO_LANE","C:\Users\13527\Desktop\123\HOUSE_WORK\PROJECT_COMMAND_CENTER_UI_LANE\HELPER_FILE_SURFACE_PREFLIGHT_20260606\ROUTE_74_REVIEWED_DELTA_RESIDUE_CUSTODY_20260609\CANDIDATE_ROUTE_TO_OLD_LOADS_AFTER_USER_APPROVAL\BUILD_ROOT_HELD_GROUP_ROUTE_DRY_RUN_SELECTOR_20260609_V0_3.ps1","C:\Users\13527\Desktop\123\Jxhnny_Kl33N_Seedz\HOUSE_WORK\PROJECT_COMMAND_CENTER_UI_LANE\HELPER_FILE_SURFACE_PREFLIGHT_20260606\ROUTE_74_REVIEWED_DELTA_RESIDUE_CUSTODY_20260609\CANDIDATE_ROUTE_TO_OLD_LOADS_AFTER_USER_APPROVAL\BUILD_ROOT_HELD_GROUP_ROUTE_DRY_RUN_SELECTOR_20260609_V0_3.ps1","Structured root ROOT_HOUSE_WORK file was missing from matching git lane.","7F10DB255DD2A00CCB4AC90BEC2B5A9491A902946A3732933D3AAC86B234DAFB","30250"
"MOVED_STRUCTURED_ROOT_FILE_TO_REPO_LANE","C:\Users\13527\Desktop\123\HOUSE_WORK\PROJECT_COMMAND_CENTER_UI_LANE\HELPER_FILE_SURFACE_PREFLIGHT_20260606\ROUTE_74_REVIEWED_DELTA_RESIDUE_CUSTODY_20260609\CANDIDATE_ROUTE_TO_OLD_LOADS_AFTER_USER_APPROVAL\BUILD_ROOT_HELD_GROUP_ROUTE_DRY_RUN_SELECTOR_20260609_V0_4.ps1","C:\Users\13527\Desktop\123\Jxhnny_Kl33N_Seedz\HOUSE_WORK\PROJECT_COMMAND_CENTER_UI_LANE\HELPER_FILE_SURFACE_PREFLIGHT_20260606\ROUTE_74_REVIEWED_DELTA_RESIDUE_CUSTODY_20260609\CANDIDATE_ROUTE_TO_OLD_LOADS_AFTER_USER_APPROVAL\BUILD_ROOT_HELD_GROUP_ROUTE_DRY_RUN_SELECTOR_20260609_V0_4.ps1","Structured root ROOT_HOUSE_WORK file was missing from matching git lane.","FD8B25E4F1620DFECEC4D85B954A4C18100262329167F56F6EE58AFBA3178990","31734"
"MOVED_STRUCTURED_ROOT_FILE_TO_REPO_LANE","C:\Users\13527\Desktop\123\HOUSE_WORK\PROJECT_COMMAND_CENTER_UI_LANE\HELPER_FILE_SURFACE_PREFLIGHT_20260606\ROUTE_74_REVIEWED_DELTA_RESIDUE_CUSTODY_20260609\CANDIDATE_ROUTE_TO_OLD_LOADS_AFTER_USER_APPROVAL\BUILD_ROOT_HELD_GROUP_ROUTE_DRY_RUN_SELECTOR_20260609_V0_5.ps1","C:\Users\13527\Desktop\123\Jxhnny_Kl33N_Seedz\HOUSE_WORK\PROJECT_COMMAND_CENTER_UI_LANE\HELPER_FILE_SURFACE_PREFLIGHT_20260606\ROUTE_74_REVIEWED_DELTA_RESIDUE_CUSTODY_20260609\CANDIDATE_ROUTE_TO_OLD_LOADS_AFTER_USER_APPROVAL\BUILD_ROOT_HELD_GROUP_ROUTE_DRY_RUN_SELECTOR_20260609_V0_5.ps1","Structured root ROOT_HOUSE_WORK file was missing from matching git lane.","8E0E0E36C347C60F28C22AB34956EFD9E9179E6E173E91E8E8D9CF507EAE7781","24511"
"MOVED_STRUCTURED_ROOT_FILE_TO_REPO_LANE","C:\Users\13527\Desktop\123\HOUSE_WORK\PROJECT_COMMAND_CENTER_UI_LANE\HELPER_FILE_SURFACE_PREFLIGHT_20260606\ROUTE_74_REVIEWED_DELTA_RESIDUE_CUSTODY_20260609\CANDIDATE_ROUTE_TO_OLD_LOADS_AFTER_USER_APPROVAL\BUILD_ROOT_HELD_GROUP_ROUTE_DRY_RUN_SELECTOR_20260609.ps1","C:\Users\13527\Desktop\123\Jxhnny_Kl33N_Seedz\HOUSE_WORK\PROJECT_COMMAND_CENTER_UI_LANE\HELPER_FILE_SURFACE_PREFLIGHT_20260606\ROUTE_74_REVIEWED_DELTA_RESIDUE_CUSTODY_20260609\CANDIDATE_ROUTE_TO_OLD_LOADS_AFTER_USER_APPROVAL\BUILD_ROOT_HELD_GROUP_ROUTE_DRY_RUN_SELECTOR_20260609.ps1","Structured root ROOT_HOUSE_WORK file was missing from matching git lane.","C7E77EB8A3B444F544504EA58635A84F87CADAD1C1D6C8D75A82AE8EBE9F2B52","23934"
"MOVED_STRUCTURED_ROOT_FILE_TO_REPO_LANE","C:\Users\13527\Desktop\123\HOUSE_WORK\PROJECT_COMMAND_CENTER_UI_LANE\HELPER_FILE_SURFACE_PREFLIGHT_20260606\ROUTE_74_REVIEWED_DELTA_RESIDUE_CUSTODY_20260609\CANDIDATE_ROUTE_TO_OLD_LOADS_AFTER_USER_APPROVAL\BUILD_ROOT_HELD_GROUP_ROUTE_DRY_RUN_SELECTOR_V0_5_MANUAL_DECISION_WORKSHEET_20260609.ps1","C:\Users\13527\Desktop\123\Jxhnny_Kl33N_Seedz\HOUSE_WORK\PROJECT_COMMAND_CENTER_UI_LANE\HELPER_FILE_SURFACE_PREFLIGHT_20260606\ROUTE_74_REVIEWED_DELTA_RESIDUE_CUSTODY_20260609\CANDIDATE_ROUTE_TO_OLD_LOADS_AFTER_USER_APPROVAL\BUILD_ROOT_HELD_GROUP_ROUTE_DRY_RUN_SELECTOR_V0_5_MANUAL_DECISION_WORKSHEET_20260609.ps1","Structured root ROOT_HOUSE_WORK file was missing from matching git lane.","83A9FA61B92E7BCF99FB8EB3098B8D2611A0F68AFA03403B8465C498918B4890","13174"
"MOVED_STRUCTURED_ROOT_FILE_TO_REPO_LANE","C:\Users\13527\Desktop\123\HOUSE_WORK\PROJECT_COMMAND_CENTER_UI_LANE\HELPER_FILE_SURFACE_PREFLIGHT_20260606\ROUTE_74_REVIEWED_DELTA_RESIDUE_CUSTODY_20260609\CANDIDATE_ROUTE_TO_OLD_LOADS_AFTER_USER_APPROVAL\BUILD_ROOT_HELD_GROUP_ROUTE_DRY_RUN_SELECTOR_V0_5_REVIEW_AND_NEXT_SELECTOR_20260609_V0_2.ps1","C:\Users\13527\Desktop\123\Jxhnny_Kl33N_Seedz\HOUSE_WORK\PROJECT_COMMAND_CENTER_UI_LANE\HELPER_FILE_SURFACE_PREFLIGHT_20260606\ROUTE_74_REVIEWED_DELTA_RESIDUE_CUSTODY_20260609\CANDIDATE_ROUTE_TO_OLD_LOADS_AFTER_USER_APPROVAL\BUILD_ROOT_HELD_GROUP_ROUTE_DRY_RUN_SELECTOR_V0_5_REVIEW_AND_NEXT_SELECTOR_20260609_V0_2.ps1","Structured root ROOT_HOUSE_WORK file was missing from matching git lane.","4651E84646D85E4020D52F976ACA007DB6FEAB7F49048E29A5D42324533B1650","16849"
"MOVED_STRUCTURED_ROOT_FILE_TO_REPO_LANE","C:\Users\13527\Desktop\123\HOUSE_WORK\PROJECT_COMMAND_CENTER_UI_LANE\HELPER_FILE_SURFACE_PREFLIGHT_20260606\ROUTE_74_REVIEWED_DELTA_RESIDUE_CUSTODY_20260609\CANDIDATE_ROUTE_TO_OLD_LOADS_AFTER_USER_APPROVAL\BUILD_ROOT_HELD_GROUP_ROUTE_DRY_RUN_SELECTOR_V0_5_REVIEW_AND_NEXT_SELECTOR_20260609.ps1","C:\Users\13527\Desktop\123\Jxhnny_Kl33N_Seedz\HOUSE_WORK\PROJECT_COMMAND_CENTER_UI_LANE\HELPER_FILE_SURFACE_PREFLIGHT_20260606\ROUTE_74_REVIEWED_DELTA_RESIDUE_CUSTODY_20260609\CANDIDATE_ROUTE_TO_OLD_LOADS_AFTER_USER_APPROVAL\BUILD_ROOT_HELD_GROUP_ROUTE_DRY_RUN_SELECTOR_V0_5_REVIEW_AND_NEXT_SELECTOR_20260609.ps1","Structured root ROOT_HOUSE_WORK file was missing from matching git lane.","D734F12B8C9E5AFC826822C026FAB5EA8E65AFA02018AC24A452B9831539E78C","11767"
"MOVED_STRUCTURED_ROOT_FILE_TO_REPO_LANE","C:\Users\13527\Desktop\123\HOUSE_WORK\PROJECT_COMMAND_CENTER_UI_LANE\HELPER_FILE_SURFACE_PREFLIGHT_20260606\ROUTE_74_REVIEWED_DELTA_RESIDUE_CUSTODY_20260609\CANDIDATE_ROUTE_TO_OLD_LOADS_AFTER_USER_APPROVAL\MARK_ROOT_HELD_GROUP_ROUTE_DRY_RUN_SELECTOR_V0_5_MANUAL_DECISION_WORKSHEET_20260609_V0_1.ps1","C:\Users\13527\Desktop\123\Jxhnny_Kl33N_Seedz\HOUSE_WORK\PROJECT_COMMAND_CENTER_UI_LANE\HELPER_FILE_SURFACE_PREFLIGHT_20260606\ROUTE_74_REVIEWED_DELTA_RESIDUE_CUSTODY_20260609\CANDIDATE_ROUTE_TO_OLD_LOADS_AFTER_USER_APPROVAL\MARK_ROOT_HELD_GROUP_ROUTE_DRY_RUN_SELECTOR_V0_5_MANUAL_DECISION_WORKSHEET_20260609_V0_1.ps1","Structured root ROOT_HOUSE_WORK file was missing from matching git lane.","4B7C30E3B94779AD728277F2378BAE36C7BFB34A14B37F190ECDE9A519BB649C","6655"
"MOVED_STRUCTURED_ROOT_FILE_TO_REPO_LANE","C:\Users\13527\Desktop\123\HOUSE_WORK\PROJECT_COMMAND_CENTER_UI_LANE\HELPER_FILE_SURFACE_PREFLIGHT_20260606\ROUTE_74_REVIEWED_DELTA_RESIDUE_CUSTODY_20260609\CANDIDATE_STATIC_REVIEW_PACKET_SUPPORT\BUILD_STATIC_REVIEW_PACKET_FOR_BATCH_HSRB_001_ACTIVE_ROUTE_SELECTOR_DEFECT_CHAIN_NO_EXECUTION_20260609_V0_1.ps1","C:\Users\13527\Desktop\123\Jxhnny_Kl33N_Seedz\HOUSE_WORK\PROJECT_COMMAND_CENTER_UI_LANE\HELPER_FILE_SURFACE_PREFLIGHT_20260606\ROUTE_74_REVIEWED_DELTA_RESIDUE_CUSTODY_20260609\CANDIDATE_STATIC_REVIEW_PACKET_SUPPORT\BUILD_STATIC_REVIEW_PACKET_FOR_BATCH_HSRB_001_ACTIVE_ROUTE_SELECTOR_DEFECT_CHAIN_NO_EXECUTION_20260609_V0_1.ps1","Structured root ROOT_HOUSE_WORK file was missing from matching git lane.","14B3B54C1F573759CB0576F5627E745DA6E324905F33376A673F31BD424D1CC4","23775"
"MOVED_STRUCTURED_ROOT_FILE_TO_REPO_LANE","C:\Users\13527\Desktop\123\HOUSE_WORK\PROJECT_COMMAND_CENTER_UI_LANE\HELPER_FILE_SURFACE_PREFLIGHT_20260606\ROUTE_74_REVIEWED_DELTA_RESIDUE_CUSTODY_20260609\CANDIDATE_STATIC_REVIEW_PACKET_SUPPORT\BUILD_STATIC_REVIEW_PACKET_FOR_BATCH_HSRB_001_ACTIVE_ROUTE_SELECTOR_DEFECT_CHAIN_NO_EXECUTION_20260609_V0_2.ps1","C:\Users\13527\Desktop\123\Jxhnny_Kl33N_Seedz\HOUSE_WORK\PROJECT_COMMAND_CENTER_UI_LANE\HELPER_FILE_SURFACE_PREFLIGHT_20260606\ROUTE_74_REVIEWED_DELTA_RESIDUE_CUSTODY_20260609\CANDIDATE_STATIC_REVIEW_PACKET_SUPPORT\BUILD_STATIC_REVIEW_PACKET_FOR_BATCH_HSRB_001_ACTIVE_ROUTE_SELECTOR_DEFECT_CHAIN_NO_EXECUTION_20260609_V0_2.ps1","Structured root ROOT_HOUSE_WORK file was missing from matching git lane.","BAAA742834C8EA3F8C7F61B098DE391398A637DE8E0ADAE71FA12611175382EF","27716"
"MOVED_STRUCTURED_ROOT_FILE_TO_REPO_LANE","C:\Users\13527\Desktop\123\HOUSE_WORK\PROJECT_COMMAND_CENTER_UI_LANE\HELPER_FILE_SURFACE_PREFLIGHT_20260606\ROUTE_74_REVIEWED_DELTA_RESIDUE_CUSTODY_20260609\CANDIDATE_STATIC_REVIEW_PACKET_SUPPORT\BUILD_STATIC_REVIEW_PACKET_FOR_BATCH_HSRB_002_GENERATED_RUNNER_SAFE_TEMPLATE_CHAIN_NO_EXECUTION_20260609_V0_1.ps1","C:\Users\13527\Desktop\123\Jxhnny_Kl33N_Seedz\HOUSE_WORK\PROJECT_COMMAND_CENTER_UI_LANE\HELPER_FILE_SURFACE_PREFLIGHT_20260606\ROUTE_74_REVIEWED_DELTA_RESIDUE_CUSTODY_20260609\CANDIDATE_STATIC_REVIEW_PACKET_SUPPORT\BUILD_STATIC_REVIEW_PACKET_FOR_BATCH_HSRB_002_GENERATED_RUNNER_SAFE_TEMPLATE_CHAIN_NO_EXECUTION_20260609_V0_1.ps1","Structured root ROOT_HOUSE_WORK file was missing from matching git lane.","6FB8289CE736DC838731950774F7B32CEC21EF8FF79C09C70EBFE30B650C7331","27126"
"MOVED_STRUCTURED_ROOT_FILE_TO_REPO_LANE","C:\Users\13527\Desktop\123\HOUSE_WORK\PROJECT_COMMAND_CENTER_UI_LANE\HELPER_FILE_SURFACE_PREFLIGHT_20260606\ROUTE_74_REVIEWED_DELTA_RESIDUE_CUSTODY_20260609\CANDIDATE_STATIC_REVIEW_PACKET_SUPPORT\BUILD_STATIC_REVIEW_PACKET_FOR_BATCH_HSRB_003_ROOT_DROP_INTAKE_WASHER_BUILD_OPTION_SET_CHAIN_NO_EXECUTION_20260609_V0_1.ps1","C:\Users\13527\Desktop\123\Jxhnny_Kl33N_Seedz\HOUSE_WORK\PROJECT_COMMAND_CENTER_UI_LANE\HELPER_FILE_SURFACE_PREFLIGHT_20260606\ROUTE_74_REVIEWED_DELTA_RESIDUE_CUSTODY_20260609\CANDIDATE_STATIC_REVIEW_PACKET_SUPPORT\BUILD_STATIC_REVIEW_PACKET_FOR_BATCH_HSRB_003_ROOT_DROP_INTAKE_WASHER_BUILD_OPTION_SET_CHAIN_NO_EXECUTION_20260609_V0_1.ps1","Structured root ROOT_HOUSE_WORK file was missing from matching git lane.","BD6AEEB35F4E0FDABE587D0FEFD8B48C506110A16C09DADFD23CEF9D0EE6ADC3","31650"
"MOVED_STRUCTURED_ROOT_FILE_TO_REPO_LANE","C:\Users\13527\Desktop\123\HOUSE_WORK\PROJECT_COMMAND_CENTER_UI_LANE\HELPER_FILE_SURFACE_PREFLIGHT_20260606\ROUTE_74_REVIEWED_DELTA_RESIDUE_CUSTODY_20260609\CANDIDATE_STATIC_REVIEW_PACKET_SUPPORT\BUILD_STATIC_REVIEW_PACKET_FOR_BATCH_HSRB_004_HELPER_FILE_SURFACE_PREFLIGHT_AND_PLANETARY_GATE_SELECTOR_CHAIN_NO_EXECUTION_20260609_V0_1.ps1","C:\Users\13527\Desktop\123\Jxhnny_Kl33N_Seedz\HOUSE_WORK\PROJECT_COMMAND_CENTER_UI_LANE\HELPER_FILE_SURFACE_PREFLIGHT_20260606\ROUTE_74_REVIEWED_DELTA_RESIDUE_CUSTODY_20260609\CANDIDATE_STATIC_REVIEW_PACKET_SUPPORT\BUILD_STATIC_REVIEW_PACKET_FOR_BATCH_HSRB_004_HELPER_FILE_SURFACE_PREFLIGHT_AND_PLANETARY_GATE_SELECTOR_CHAIN_NO_EXECUTION_20260609_V0_1.ps1","Structured root ROOT_HOUSE_WORK file was missing from matching git lane.","38F4F846E98E5169C3BB0D96D509D0902E4BD5DA9014532AF15723DA49CA3F91","29563"
"MOVED_STRUCTURED_ROOT_FILE_TO_REPO_LANE","C:\Users\13527\Desktop\123\HOUSE_WORK\PROJECT_COMMAND_CENTER_UI_LANE\HELPER_FILE_SURFACE_PREFLIGHT_20260606\ROUTE_74_REVIEWED_DELTA_RESIDUE_CUSTODY_20260609\CANDIDATE_STATIC_REVIEW_PACKET_SUPPORT\BUILD_STATIC_REVIEW_PACKET_FOR_BATCH_HSRB_005_ROOT_HELD_ROUTE_OR_HOLD_AND_CUSTODY_FAMILY_NO_EXECUTION_20260609_V0_1.ps1","C:\Users\13527\Desktop\123\Jxhnny_Kl33N_Seedz\HOUSE_WORK\PROJECT_COMMAND_CENTER_UI_LANE\HELPER_FILE_SURFACE_PREFLIGHT_20260606\ROUTE_74_REVIEWED_DELTA_RESIDUE_CUSTODY_20260609\CANDIDATE_STATIC_REVIEW_PACKET_SUPPORT\BUILD_STATIC_REVIEW_PACKET_FOR_BATCH_HSRB_005_ROOT_HELD_ROUTE_OR_HOLD_AND_CUSTODY_FAMILY_NO_EXECUTION_20260609_V0_1.ps1","Structured root ROOT_HOUSE_WORK file was missing from matching git lane.","1CB30DBD9FE40D51C75E7E323CDE3A08FAB48882A488820765C86551D676B781","30986"
"MOVED_STRUCTURED_ROOT_FILE_TO_REPO_LANE","C:\Users\13527\Desktop\123\HOUSE_WORK\PROJECT_COMMAND_CENTER_UI_LANE\HELPER_FILE_SURFACE_PREFLIGHT_20260606\ROUTE_74_REVIEWED_DELTA_RESIDUE_CUSTODY_20260609\CANDIDATE_STATIC_REVIEW_PACKET_SUPPORT\BUILD_STATIC_REVIEW_PACKET_FOR_BATCH_HSRB_006_REMAINING_HELPER_REVIEW_QUEUE_FAMILY_NO_EXECUTION_20260609_V0_1.ps1","C:\Users\13527\Desktop\123\Jxhnny_Kl33N_Seedz\HOUSE_WORK\PROJECT_COMMAND_CENTER_UI_LANE\HELPER_FILE_SURFACE_PREFLIGHT_20260606\ROUTE_74_REVIEWED_DELTA_RESIDUE_CUSTODY_20260609\CANDIDATE_STATIC_REVIEW_PACKET_SUPPORT\BUILD_STATIC_REVIEW_PACKET_FOR_BATCH_HSRB_006_REMAINING_HELPER_REVIEW_QUEUE_FAMILY_NO_EXECUTION_20260609_V0_1.ps1","Structured root ROOT_HOUSE_WORK file was missing from matching git lane.","9CA5B74682BFC9B8287BFEE8847E1E92E0396225EADFF8AC1B71F14C16C718AB","37907"
"MOVED_STRUCTURED_ROOT_FILE_TO_REPO_LANE","C:\Users\13527\Desktop\123\HOUSE_WORK\PROJECT_COMMAND_CENTER_UI_LANE\HELPER_FILE_SURFACE_PREFLIGHT_20260606\ROUTE_74_REVIEWED_DELTA_RESIDUE_CUSTODY_20260609\CANDIDATE_SUPPORT_PACKET_REVIEW_BEFORE_OLD_LOADS\BUILD_ROOT_HELD_GROUP_ROUTE_DRY_RUN_SELECTOR_V0_5_USER_REVIEW_PACKET_20260609_V0_2.ps1","C:\Users\13527\Desktop\123\Jxhnny_Kl33N_Seedz\HOUSE_WORK\PROJECT_COMMAND_CENTER_UI_LANE\HELPER_FILE_SURFACE_PREFLIGHT_20260606\ROUTE_74_REVIEWED_DELTA_RESIDUE_CUSTODY_20260609\CANDIDATE_SUPPORT_PACKET_REVIEW_BEFORE_OLD_LOADS\BUILD_ROOT_HELD_GROUP_ROUTE_DRY_RUN_SELECTOR_V0_5_USER_REVIEW_PACKET_20260609_V0_2.ps1","Structured root ROOT_HOUSE_WORK file was missing from matching git lane.","670576CCAFACF87448A654E39CE93B35E522B7ED045031C93E1E3B492C8132BB","19725"
"MOVED_STRUCTURED_ROOT_FILE_TO_REPO_LANE","C:\Users\13527\Desktop\123\HOUSE_WORK\PROJECT_COMMAND_CENTER_UI_LANE\HELPER_FILE_SURFACE_PREFLIGHT_20260606\ROUTE_74_REVIEWED_DELTA_RESIDUE_CUSTODY_20260609\CANDIDATE_SUPPORT_PACKET_REVIEW_BEFORE_OLD_LOADS\BUILD_ROOT_HELD_GROUP_ROUTE_DRY_RUN_SELECTOR_V0_5_USER_REVIEW_PACKET_20260609.ps1","C:\Users\13527\Desktop\123\Jxhnny_Kl33N_Seedz\HOUSE_WORK\PROJECT_COMMAND_CENTER_UI_LANE\HELPER_FILE_SURFACE_PREFLIGHT_20260606\ROUTE_74_REVIEWED_DELTA_RESIDUE_CUSTODY_20260609\CANDIDATE_SUPPORT_PACKET_REVIEW_BEFORE_OLD_LOADS\BUILD_ROOT_HELD_GROUP_ROUTE_DRY_RUN_SELECTOR_V0_5_USER_REVIEW_PACKET_20260609.ps1","Structured root ROOT_HOUSE_WORK file was missing from matching git lane.","E5A82E993DE3BAA3E61A9CB1FFF72FAD195AFAFC8AF7BC71F536C59CB5F12055","15628"
"MOVED_STRUCTURED_ROOT_FILE_TO_REPO_LANE","C:\Users\13527\Desktop\123\HOUSE_WORK\PROJECT_COMMAND_CENTER_UI_LANE\HELPER_FILE_SURFACE_PREFLIGHT_20260606\ROUTE_74_REVIEWED_DELTA_RESIDUE_CUSTODY_20260609\CANDIDATE_TEMPLATE_RULE_SUPPORT_REVIEW\BUILD_HSRB_002_TEMPLATE_RULE_AND_ATTEMPT_INDEX_NO_EXECUTION_20260609_V0_1.ps1","C:\Users\13527\Desktop\123\Jxhnny_Kl33N_Seedz\HOUSE_WORK\PROJECT_COMMAND_CENTER_UI_LANE\HELPER_FILE_SURFACE_PREFLIGHT_20260606\ROUTE_74_REVIEWED_DELTA_RESIDUE_CUSTODY_20260609\CANDIDATE_TEMPLATE_RULE_SUPPORT_REVIEW\BUILD_HSRB_002_TEMPLATE_RULE_AND_ATTEMPT_INDEX_NO_EXECUTION_20260609_V0_1.ps1","Structured root ROOT_HOUSE_WORK file was missing from matching git lane.","954E98860D82F4D65610C9D5A27A07305BDC48E769DC42C1D36DB19A4D989BCE","20207"
"MOVED_STRUCTURED_ROOT_FILE_TO_REPO_LANE","C:\Users\13527\Desktop\123\HOUSE_WORK\PROJECT_COMMAND_CENTER_UI_LANE\LANE_PLACEMENT_GIT_UPLOAD_AUDIT_20260607\DESKTOP_LANE_FILE_HASHES.csv","C:\Users\13527\Desktop\123\Jxhnny_Kl33N_Seedz\HOUSE_WORK\PROJECT_COMMAND_CENTER_UI_LANE\LANE_PLACEMENT_GIT_UPLOAD_AUDIT_20260607\DESKTOP_LANE_FILE_HASHES.csv","Structured root ROOT_HOUSE_WORK file was missing from matching git lane.","EC240DAA96FB5E1FAA3F41A3FCBD396813A76EB7AEE9C144BE2039A2C23112E6","178095"
"REMOVED_ROOT_DUPLICATE_AFTER_HASH_MATCH","C:\Users\13527\Desktop\123\HOUSE_WORK\PROJECT_COMMAND_CENTER_UI_LANE\LANE_PLACEMENT_GIT_UPLOAD_AUDIT_20260607\FILES_IN_DESKTOP_NOT_IN_GIT_REPO_LANE.csv","C:\Users\13527\Desktop\123\Jxhnny_Kl33N_Seedz\HOUSE_WORK\PROJECT_COMMAND_CENTER_UI_LANE\LANE_PLACEMENT_GIT_UPLOAD_AUDIT_20260607\FILES_IN_DESKTOP_NOT_IN_GIT_REPO_LANE.csv","Same relative path and SHA256 already present in repo for ROOT_HOUSE_WORK.","819AE1F396CF8A98C1A51F309CBE3EAF2E466A00080F85AAE5B66EC7888EA5D0","55749"
"REMOVED_ROOT_DUPLICATE_AFTER_HASH_MATCH","C:\Users\13527\Desktop\123\HOUSE_WORK\PROJECT_COMMAND_CENTER_UI_LANE\LANE_PLACEMENT_GIT_UPLOAD_AUDIT_20260607\FILES_IN_GIT_REPO_NOT_IN_DESKTOP_LANE.csv","C:\Users\13527\Desktop\123\Jxhnny_Kl33N_Seedz\HOUSE_WORK\PROJECT_COMMAND_CENTER_UI_LANE\LANE_PLACEMENT_GIT_UPLOAD_AUDIT_20260607\FILES_IN_GIT_REPO_NOT_IN_DESKTOP_LANE.csv","Same relative path and SHA256 already present in repo for ROOT_HOUSE_WORK.","69BB683C0E750EEF92DAFBF6E39678ED48E6D7E938D6AE871ACF4E30632AF619","12258"
"REMOVED_ROOT_DUPLICATE_AFTER_HASH_MATCH","C:\Users\13527\Desktop\123\HOUSE_WORK\PROJECT_COMMAND_CENTER_UI_LANE\LANE_PLACEMENT_GIT_UPLOAD_AUDIT_20260607\FILES_WITH_DIFFERENT_HASHES.csv","C:\Users\13527\Desktop\123\Jxhnny_Kl33N_Seedz\HOUSE_WORK\PROJECT_COMMAND_CENTER_UI_LANE\LANE_PLACEMENT_GIT_UPLOAD_AUDIT_20260607\FILES_WITH_DIFFERENT_HASHES.csv","Same relative path and SHA256 already present in repo for ROOT_HOUSE_WORK.","3EDF062A7F5EC0C488ECE990EA1650B16D3E74FD7DEAF9380EE5EC44C95646AA","554"
"MOVED_STRUCTURED_ROOT_FILE_TO_REPO_LANE","C:\Users\13527\Desktop\123\HOUSE_WORK\PROJECT_COMMAND_CENTER_UI_LANE\LANE_PLACEMENT_GIT_UPLOAD_AUDIT_20260607\GIT_REPO_LANE_FILE_HASHES.csv","C:\Users\13527\Desktop\123\Jxhnny_Kl33N_Seedz\HOUSE_WORK\PROJECT_COMMAND_CENTER_UI_LANE\LANE_PLACEMENT_GIT_UPLOAD_AUDIT_20260607\GIT_REPO_LANE_FILE_HASHES.csv","Structured root ROOT_HOUSE_WORK file was missing from matching git lane.","3C15E87D3DB6333C71EA31A2D9C57D8886DEAE2EF10CBBD40CC41DFBF6E64F2F","139564"
"REMOVED_ROOT_DUPLICATE_AFTER_HASH_MATCH","C:\Users\13527\Desktop\123\HOUSE_WORK\PROJECT_COMMAND_CENTER_UI_LANE\LANE_PLACEMENT_GIT_UPLOAD_AUDIT_20260607\GIT_UPLOAD_MANIFEST__COMMAND_CENTER_UI_LANE_20260607.md","C:\Users\13527\Desktop\123\Jxhnny_Kl33N_Seedz\HOUSE_WORK\PROJECT_COMMAND_CENTER_UI_LANE\LANE_PLACEMENT_GIT_UPLOAD_AUDIT_20260607\GIT_UPLOAD_MANIFEST__COMMAND_CENTER_UI_LANE_20260607.md","Same relative path and SHA256 already present in repo for ROOT_HOUSE_WORK.","B29108A8B58636DF9A8A841DC739F5A7CA7E99FC1C7CA6FF387E56F6367E14F8","2191"
"REMOVED_ROOT_DUPLICATE_AFTER_HASH_MATCH","C:\Users\13527\Desktop\123\HOUSE_WORK\PROJECT_COMMAND_CENTER_UI_LANE\LANE_PLACEMENT_GIT_UPLOAD_AUDIT_20260607\LANE_PLACEMENT_AND_GIT_UPLOAD_AUDIT_REPORT_20260607.md","C:\Users\13527\Desktop\123\Jxhnny_Kl33N_Seedz\HOUSE_WORK\PROJECT_COMMAND_CENTER_UI_LANE\LANE_PLACEMENT_GIT_UPLOAD_AUDIT_20260607\LANE_PLACEMENT_AND_GIT_UPLOAD_AUDIT_REPORT_20260607.md","Same relative path and SHA256 already present in repo for ROOT_HOUSE_WORK.","69C95B93D7067029CE36F1CB77896A4B27F40441AF27A4A89336DDEAAA0A4A88","5395"
"REMOVED_ROOT_DUPLICATE_AFTER_HASH_MATCH","C:\Users\13527\Desktop\123\HOUSE_WORK\PROJECT_COMMAND_CENTER_UI_LANE\LANE_PLACEMENT_GIT_UPLOAD_AUDIT_20260607\MARKDOWN_FOUR_BACKTICK_HITS.csv","C:\Users\13527\Desktop\123\Jxhnny_Kl33N_Seedz\HOUSE_WORK\PROJECT_COMMAND_CENTER_UI_LANE\LANE_PLACEMENT_GIT_UPLOAD_AUDIT_20260607\MARKDOWN_FOUR_BACKTICK_HITS.csv","Same relative path and SHA256 already present in repo for ROOT_HOUSE_WORK.","F2135A5157B4B07EF48B73CC1713F24DAEF5E93CCF57DDA229BDD905A6A42E9B","37"
"REMOVED_ROOT_DUPLICATE_AFTER_HASH_MATCH","C:\Users\13527\Desktop\123\HOUSE_WORK\PROJECT_COMMAND_CENTER_UI_LANE\LANE_PLACEMENT_GIT_UPLOAD_AUDIT_20260607\WEIRD_WORD_SCAN_HITS.csv","C:\Users\13527\Desktop\123\Jxhnny_Kl33N_Seedz\HOUSE_WORK\PROJECT_COMMAND_CENTER_UI_LANE\LANE_PLACEMENT_GIT_UPLOAD_AUDIT_20260607\WEIRD_WORD_SCAN_HITS.csv","Same relative path and SHA256 already present in repo for ROOT_HOUSE_WORK.","D665D9AE4DD9B74E56FF390666824C00C4921283D396AAE1F78CB1BAD2115DF5","29"
"REMOVED_ROOT_DUPLICATE_AFTER_HASH_MATCH","C:\Users\13527\Desktop\123\HOUSE_WORK\PROJECT_COMMAND_CENTER_UI_LANE\LIVE_INSTALL_EXECUTION\COMMAND_CENTER_UI_LANE_LIVE_INSTALL_EXECUTION_V1_20260606_164411\ERROR_LEDGER__COMMAND_CENTER_UI_LANE_LIVE_INSTALL_EXECUTION_V1_20260606.md","C:\Users\13527\Desktop\123\Jxhnny_Kl33N_Seedz\HOUSE_WORK\PROJECT_COMMAND_CENTER_UI_LANE\LIVE_INSTALL_EXECUTION\COMMAND_CENTER_UI_LANE_LIVE_INSTALL_EXECUTION_V1_20260606_164411\ERROR_LEDGER__COMMAND_CENTER_UI_LANE_LIVE_INSTALL_EXECUTION_V1_20260606.md","Same relative path and SHA256 already present in repo for ROOT_HOUSE_WORK.","997585B84BA30F28E19210D920E683AFE68477902D0221CE8A4C01DD9DB50F40","196"
"REMOVED_ROOT_DUPLICATE_AFTER_HASH_MATCH","C:\Users\13527\Desktop\123\HOUSE_WORK\PROJECT_COMMAND_CENTER_UI_LANE\LIVE_INSTALL_EXECUTION\COMMAND_CENTER_UI_LANE_LIVE_INSTALL_EXECUTION_V1_20260606_164411\HASH_LEDGER_TARGET_AFTER__COMMAND_CENTER_UI_LANE_V1_20260606.md","C:\Users\13527\Desktop\123\Jxhnny_Kl33N_Seedz\HOUSE_WORK\PROJECT_COMMAND_CENTER_UI_LANE\LIVE_INSTALL_EXECUTION\COMMAND_CENTER_UI_LANE_LIVE_INSTALL_EXECUTION_V1_20260606_164411\HASH_LEDGER_TARGET_AFTER__COMMAND_CENTER_UI_LANE_V1_20260606.md","Same relative path and SHA256 already present in repo for ROOT_HOUSE_WORK.","CC458A7AA02CDCE731584888A053B870AD176C64F27074AC2908226A9A1590BA","18446"
"REMOVED_ROOT_DUPLICATE_AFTER_HASH_MATCH","C:\Users\13527\Desktop\123\HOUSE_WORK\PROJECT_COMMAND_CENTER_UI_LANE\LIVE_INSTALL_EXECUTION\COMMAND_CENTER_UI_LANE_LIVE_INSTALL_EXECUTION_V1_20260606_164411\RECEIPT__COMMAND_CENTER_UI_LANE_LIVE_INSTALL_EXECUTION_V1_20260606.md","C:\Users\13527\Desktop\123\Jxhnny_Kl33N_Seedz\HOUSE_WORK\PROJECT_COMMAND_CENTER_UI_LANE\LIVE_INSTALL_EXECUTION\COMMAND_CENTER_UI_LANE_LIVE_INSTALL_EXECUTION_V1_20260606_164411\RECEIPT__COMMAND_CENTER_UI_LANE_LIVE_INSTALL_EXECUTION_V1_20260606.md","Same relative path and SHA256 already present in repo for ROOT_HOUSE_WORK.","5EAFFB86D0F1274C973C234A9B89F5730F358E9AC7705F4362D915EC117D97CD","1219"
"REMOVED_ROOT_DUPLICATE_AFTER_HASH_MATCH","C:\Users\13527\Desktop\123\HOUSE_WORK\PROJECT_COMMAND_CENTER_UI_LANE\LIVE_INSTALL_EXECUTION_PLAN_GATE\COMMAND_CENTER_UI_LANE_LIVE_INSTALL_EXECUTION_PLAN_GATE_CARD_V1_20260606.md","C:\Users\13527\Desktop\123\Jxhnny_Kl33N_Seedz\HOUSE_WORK\PROJECT_COMMAND_CENTER_UI_LANE\LIVE_INSTALL_EXECUTION_PLAN_GATE\COMMAND_CENTER_UI_LANE_LIVE_INSTALL_EXECUTION_PLAN_GATE_CARD_V1_20260606.md","Same relative path and SHA256 already present in repo for ROOT_HOUSE_WORK.","B7BA3D38AB4DF5400459985AB5A59B7D38A97F788E7A5B83E80E5FC310658F5E","511"
"REMOVED_ROOT_DUPLICATE_AFTER_HASH_MATCH","C:\Users\13527\Desktop\123\HOUSE_WORK\PROJECT_COMMAND_CENTER_UI_LANE\LIVE_INSTALL_EXECUTION_PLAN_GATE\COMMAND_CENTER_UI_LANE_LIVE_INSTALL_EXECUTION_PLAN_GATE_V1_20260606.ps1","C:\Users\13527\Desktop\123\Jxhnny_Kl33N_Seedz\HOUSE_WORK\PROJECT_COMMAND_CENTER_UI_LANE\LIVE_INSTALL_EXECUTION_PLAN_GATE\COMMAND_CENTER_UI_LANE_LIVE_INSTALL_EXECUTION_PLAN_GATE_V1_20260606.ps1","Same relative path and SHA256 already present in repo for ROOT_HOUSE_WORK.","66E50E85D73BABCA0C76B0574FFBBE96880EDDAAF3C08D1C24FE8574BCB1F323","32285"
"REMOVED_ROOT_DUPLICATE_AFTER_HASH_MATCH","C:\Users\13527\Desktop\123\HOUSE_WORK\PROJECT_COMMAND_CENTER_UI_LANE\LIVE_INSTALL_EXECUTION_PLAN_GATE\CURRENT_COMMAND_CENTER_UI_LANE_LIVE_INSTALL_EXECUTION_PLAN_STATUS.json","C:\Users\13527\Desktop\123\Jxhnny_Kl33N_Seedz\HOUSE_WORK\PROJECT_COMMAND_CENTER_UI_LANE\LIVE_INSTALL_EXECUTION_PLAN_GATE\CURRENT_COMMAND_CENTER_UI_LANE_LIVE_INSTALL_EXECUTION_PLAN_STATUS.json","Same relative path and SHA256 already present in repo for ROOT_HOUSE_WORK.","A7227102AD631730A25D1A261DAB42081A47E7F05494C7E95EC82E32F5F1064A","3893"
"REMOVED_ROOT_DUPLICATE_AFTER_HASH_MATCH","C:\Users\13527\Desktop\123\HOUSE_WORK\PROJECT_COMMAND_CENTER_UI_LANE\LIVE_INSTALL_EXECUTION_PLAN_GATE\CURRENT_COMMAND_CENTER_UI_LANE_LIVE_INSTALL_EXECUTION_PLAN_STATUS.md","C:\Users\13527\Desktop\123\Jxhnny_Kl33N_Seedz\HOUSE_WORK\PROJECT_COMMAND_CENTER_UI_LANE\LIVE_INSTALL_EXECUTION_PLAN_GATE\CURRENT_COMMAND_CENTER_UI_LANE_LIVE_INSTALL_EXECUTION_PLAN_STATUS.md","Same relative path and SHA256 already present in repo for ROOT_HOUSE_WORK.","91F323B24657580D43CCC5533D61CBADE90A1F2FF92E071A4C6A655D2CB5E629","3858"
"REMOVED_ROOT_DUPLICATE_AFTER_HASH_MATCH","C:\Users\13527\Desktop\123\HOUSE_WORK\PROJECT_COMMAND_CENTER_UI_LANE\LIVE_INSTALL_EXECUTION_PLAN_GATE\COMMAND_CENTER_UI_LANE_LIVE_INSTALL_EXECUTION_PLAN_GATE_V1_20260606_162345\COMMAND_CENTER_UI_LANE_LIVE_INSTALL_EXECUTION_PLAN_PACKET_V1_20260606.md","C:\Users\13527\Desktop\123\Jxhnny_Kl33N_Seedz\HOUSE_WORK\PROJECT_COMMAND_CENTER_UI_LANE\LIVE_INSTALL_EXECUTION_PLAN_GATE\COMMAND_CENTER_UI_LANE_LIVE_INSTALL_EXECUTION_PLAN_GATE_V1_20260606_162345\COMMAND_CENTER_UI_LANE_LIVE_INSTALL_EXECUTION_PLAN_PACKET_V1_20260606.md","Same relative path and SHA256 already present in repo for ROOT_HOUSE_WORK.","A26391782E74304923BFD55AB6F160780F98A35DBB85A9F2DA4FCD5185877579","3819"
"REMOVED_ROOT_DUPLICATE_AFTER_HASH_MATCH","C:\Users\13527\Desktop\123\HOUSE_WORK\PROJECT_COMMAND_CENTER_UI_LANE\LIVE_INSTALL_EXECUTION_PLAN_GATE\COMMAND_CENTER_UI_LANE_LIVE_INSTALL_EXECUTION_PLAN_GATE_V1_20260606_162345\COPY_PLAN_MANIFEST__COMMAND_CENTER_UI_LANE_V1_20260606.json","C:\Users\13527\Desktop\123\Jxhnny_Kl33N_Seedz\HOUSE_WORK\PROJECT_COMMAND_CENTER_UI_LANE\LIVE_INSTALL_EXECUTION_PLAN_GATE\COMMAND_CENTER_UI_LANE_LIVE_INSTALL_EXECUTION_PLAN_GATE_V1_20260606_162345\COPY_PLAN_MANIFEST__COMMAND_CENTER_UI_LANE_V1_20260606.json","Same relative path and SHA256 already present in repo for ROOT_HOUSE_WORK.","8B4A34A25A9B64712F82E43CC002B8CB741C80FC6E0E7E76B29C26E342424678","47357"
"REMOVED_ROOT_DUPLICATE_AFTER_HASH_MATCH","C:\Users\13527\Desktop\123\HOUSE_WORK\PROJECT_COMMAND_CENTER_UI_LANE\LIVE_INSTALL_EXECUTION_PLAN_GATE\COMMAND_CENTER_UI_LANE_LIVE_INSTALL_EXECUTION_PLAN_GATE_V1_20260606_162345\COPY_PLAN_MANIFEST__COMMAND_CENTER_UI_LANE_V1_20260606.md","C:\Users\13527\Desktop\123\Jxhnny_Kl33N_Seedz\HOUSE_WORK\PROJECT_COMMAND_CENTER_UI_LANE\LIVE_INSTALL_EXECUTION_PLAN_GATE\COMMAND_CENTER_UI_LANE_LIVE_INSTALL_EXECUTION_PLAN_GATE_V1_20260606_162345\COPY_PLAN_MANIFEST__COMMAND_CENTER_UI_LANE_V1_20260606.md","Same relative path and SHA256 already present in repo for ROOT_HOUSE_WORK.","7F341AFF715200DFCC0D84D8E44F9160D5936F54312EB193885A014F29930276","32856"
"REMOVED_ROOT_DUPLICATE_AFTER_HASH_MATCH","C:\Users\13527\Desktop\123\HOUSE_WORK\PROJECT_COMMAND_CENTER_UI_LANE\LIVE_INSTALL_EXECUTION_PLAN_GATE\COMMAND_CENTER_UI_LANE_LIVE_INSTALL_EXECUTION_PLAN_GATE_V1_20260606_162345\ERROR_LEDGER__COMMAND_CENTER_UI_LANE_LIVE_INSTALL_EXECUTION_PLAN_GATE_V1_20260606.md","C:\Users\13527\Desktop\123\Jxhnny_Kl33N_Seedz\HOUSE_WORK\PROJECT_COMMAND_CENTER_UI_LANE\LIVE_INSTALL_EXECUTION_PLAN_GATE\COMMAND_CENTER_UI_LANE_LIVE_INSTALL_EXECUTION_PLAN_GATE_V1_20260606_162345\ERROR_LEDGER__COMMAND_CENTER_UI_LANE_LIVE_INSTALL_EXECUTION_PLAN_GATE_V1_20260606.md","Same relative path and SHA256 already present in repo for ROOT_HOUSE_WORK.","A54295A4F2B0BB879D0CBD5E578351F9579081CA1F092E976598E39E7484B50F","332"
"REMOVED_ROOT_DUPLICATE_AFTER_HASH_MATCH","C:\Users\13527\Desktop\123\HOUSE_WORK\PROJECT_COMMAND_CENTER_UI_LANE\LIVE_INSTALL_EXECUTION_PLAN_GATE\COMMAND_CENTER_UI_LANE_LIVE_INSTALL_EXECUTION_PLAN_GATE_V1_20260606_162345\EXECUTION_STEPS__COMMAND_CENTER_UI_LANE_LIVE_INSTALL_V1_20260606.md","C:\Users\13527\Desktop\123\Jxhnny_Kl33N_Seedz\HOUSE_WORK\PROJECT_COMMAND_CENTER_UI_LANE\LIVE_INSTALL_EXECUTION_PLAN_GATE\COMMAND_CENTER_UI_LANE_LIVE_INSTALL_EXECUTION_PLAN_GATE_V1_20260606_162345\EXECUTION_STEPS__COMMAND_CENTER_UI_LANE_LIVE_INSTALL_V1_20260606.md","Same relative path and SHA256 already present in repo for ROOT_HOUSE_WORK.","638D9A93C0B5583F9D02FEB069F83FED72BD5265D03033556964F082B09B8A0E","804"
"REMOVED_ROOT_DUPLICATE_AFTER_HASH_MATCH","C:\Users\13527\Desktop\123\HOUSE_WORK\PROJECT_COMMAND_CENTER_UI_LANE\LIVE_INSTALL_EXECUTION_PLAN_GATE\COMMAND_CENTER_UI_LANE_LIVE_INSTALL_EXECUTION_PLAN_GATE_V1_20260606_162345\NEXT_OBJECT_CARD__COMMAND_CENTER_UI_LANE_LIVE_INSTALL_FINAL_EXECUTION_AUTHORIZATION_GATE_V1_20260606.md","C:\Users\13527\Desktop\123\Jxhnny_Kl33N_Seedz\HOUSE_WORK\PROJECT_COMMAND_CENTER_UI_LANE\LIVE_INSTALL_EXECUTION_PLAN_GATE\COMMAND_CENTER_UI_LANE_LIVE_INSTALL_EXECUTION_PLAN_GATE_V1_20260606_162345\NEXT_OBJECT_CARD__COMMAND_CENTER_UI_LANE_LIVE_INSTALL_FINAL_EXECUTION_AUTHORIZATION_GATE_V1_20260606.md","Same relative path and SHA256 already present in repo for ROOT_HOUSE_WORK.","3DD6581D49A9ACB5BE93869C9691C3FD23CE214014B1A729E15379D8DDDB8638","774"
"REMOVED_ROOT_DUPLICATE_AFTER_HASH_MATCH","C:\Users\13527\Desktop\123\HOUSE_WORK\PROJECT_COMMAND_CENTER_UI_LANE\LIVE_INSTALL_EXECUTION_PLAN_GATE\COMMAND_CENTER_UI_LANE_LIVE_INSTALL_EXECUTION_PLAN_GATE_V1_20260606_162345\OUTPUT__WORK_ENTRYPOINT_VERIFY_FOR_EXECUTION_PLAN_GATE.txt","C:\Users\13527\Desktop\123\Jxhnny_Kl33N_Seedz\HOUSE_WORK\PROJECT_COMMAND_CENTER_UI_LANE\LIVE_INSTALL_EXECUTION_PLAN_GATE\COMMAND_CENTER_UI_LANE_LIVE_INSTALL_EXECUTION_PLAN_GATE_V1_20260606_162345\OUTPUT__WORK_ENTRYPOINT_VERIFY_FOR_EXECUTION_PLAN_GATE.txt","Same relative path and SHA256 already present in repo for ROOT_HOUSE_WORK.","9F89FC7739EAA6CA6D9B827752DD72439DBB54E80A1B5D2A195F1AD58D16116A","560"
"REMOVED_ROOT_DUPLICATE_AFTER_HASH_MATCH","C:\Users\13527\Desktop\123\HOUSE_WORK\PROJECT_COMMAND_CENTER_UI_LANE\LIVE_INSTALL_EXECUTION_PLAN_GATE\COMMAND_CENTER_UI_LANE_LIVE_INSTALL_EXECUTION_PLAN_GATE_V1_20260606_162345\RECEIPT__COMMAND_CENTER_UI_LANE_LIVE_INSTALL_EXECUTION_PLAN_GATE_V1_20260606.md","C:\Users\13527\Desktop\123\Jxhnny_Kl33N_Seedz\HOUSE_WORK\PROJECT_COMMAND_CENTER_UI_LANE\LIVE_INSTALL_EXECUTION_PLAN_GATE\COMMAND_CENTER_UI_LANE_LIVE_INSTALL_EXECUTION_PLAN_GATE_V1_20260606_162345\RECEIPT__COMMAND_CENTER_UI_LANE_LIVE_INSTALL_EXECUTION_PLAN_GATE_V1_20260606.md","Same relative path and SHA256 already present in repo for ROOT_HOUSE_WORK.","04893696D77DDB3F0DB6687845EA1DE946BB32E9A9DC5F4C41EA2DC97AA8D99A","3363"
"REMOVED_ROOT_DUPLICATE_AFTER_HASH_MATCH","C:\Users\13527\Desktop\123\HOUSE_WORK\PROJECT_COMMAND_CENTER_UI_LANE\LIVE_INSTALL_EXECUTION_PLAN_GATE\COMMAND_CENTER_UI_LANE_LIVE_INSTALL_EXECUTION_PLAN_GATE_V1_20260606_162345\ROLLBACK_EXECUTION_PLAN__COMMAND_CENTER_UI_LANE_V1_20260606.md","C:\Users\13527\Desktop\123\Jxhnny_Kl33N_Seedz\HOUSE_WORK\PROJECT_COMMAND_CENTER_UI_LANE\LIVE_INSTALL_EXECUTION_PLAN_GATE\COMMAND_CENTER_UI_LANE_LIVE_INSTALL_EXECUTION_PLAN_GATE_V1_20260606_162345\ROLLBACK_EXECUTION_PLAN__COMMAND_CENTER_UI_LANE_V1_20260606.md","Same relative path and SHA256 already present in repo for ROOT_HOUSE_WORK.","0400BBB70DE67B374AF86B94A679358CEE29CE212392D7CBBD0CD4FF3BC811D9","760"
"REMOVED_ROOT_DUPLICATE_AFTER_HASH_MATCH","C:\Users\13527\Desktop\123\HOUSE_WORK\PROJECT_COMMAND_CENTER_UI_LANE\LIVE_INSTALL_EXECUTION_PLAN_GATE\COMMAND_CENTER_UI_LANE_LIVE_INSTALL_EXECUTION_PLAN_GATE_V1_20260606_162345\STOP_CONDITIONS__COMMAND_CENTER_UI_LANE_LIVE_INSTALL_V1_20260606.md","C:\Users\13527\Desktop\123\Jxhnny_Kl33N_Seedz\HOUSE_WORK\PROJECT_COMMAND_CENTER_UI_LANE\LIVE_INSTALL_EXECUTION_PLAN_GATE\COMMAND_CENTER_UI_LANE_LIVE_INSTALL_EXECUTION_PLAN_GATE_V1_20260606_162345\STOP_CONDITIONS__COMMAND_CENTER_UI_LANE_LIVE_INSTALL_V1_20260606.md","Same relative path and SHA256 already present in repo for ROOT_HOUSE_WORK.","15A16A6FD2D22EB9C640444BBDD5B537B1188BA47B902B4989B969C4CB97155B","608"
"REMOVED_ROOT_DUPLICATE_AFTER_HASH_MATCH","C:\Users\13527\Desktop\123\HOUSE_WORK\PROJECT_COMMAND_CENTER_UI_LANE\LIVE_INSTALL_EXECUTION_PLAN_GATE\COMMAND_CENTER_UI_LANE_LIVE_INSTALL_EXECUTION_PLAN_GATE_V1_20260606_162345\VERIFY_AFTER_INSTALL_PLAN__COMMAND_CENTER_UI_LANE_V1_20260606.md","C:\Users\13527\Desktop\123\Jxhnny_Kl33N_Seedz\HOUSE_WORK\PROJECT_COMMAND_CENTER_UI_LANE\LIVE_INSTALL_EXECUTION_PLAN_GATE\COMMAND_CENTER_UI_LANE_LIVE_INSTALL_EXECUTION_PLAN_GATE_V1_20260606_162345\VERIFY_AFTER_INSTALL_PLAN__COMMAND_CENTER_UI_LANE_V1_20260606.md","Same relative path and SHA256 already present in repo for ROOT_HOUSE_WORK.","7C321CFF5F6D924577DBB040D1AAF490273239C55FBBBA17EF6AE766B6996AE8","957"
"REMOVED_ROOT_DUPLICATE_AFTER_HASH_MATCH","C:\Users\13527\Desktop\123\HOUSE_WORK\PROJECT_COMMAND_CENTER_UI_LANE\LIVE_INSTALL_EXECUTION_PLAN_GATE\WRITER_RECEIPTS\WRITE_COMMAND_CENTER_UI_LANE_LIVE_INSTALL_EXECUTION_PLAN_GATE_V1_20260606_162345\RECEIPT__WRITE_COMMAND_CENTER_UI_LANE_LIVE_INSTALL_EXECUTION_PLAN_GATE_V1_20260606.md","C:\Users\13527\Desktop\123\Jxhnny_Kl33N_Seedz\HOUSE_WORK\PROJECT_COMMAND_CENTER_UI_LANE\LIVE_INSTALL_EXECUTION_PLAN_GATE\WRITER_RECEIPTS\WRITE_COMMAND_CENTER_UI_LANE_LIVE_INSTALL_EXECUTION_PLAN_GATE_V1_20260606_162345\RECEIPT__WRITE_COMMAND_CENTER_UI_LANE_LIVE_INSTALL_EXECUTION_PLAN_GATE_V1_20260606.md","Same relative path and SHA256 already present in repo for ROOT_HOUSE_WORK.","24D5BC146BC36C7DD223DA9BFB042D8F0E55417E7949C6A4165840B8634B3F79","2071"
"REMOVED_ROOT_DUPLICATE_AFTER_HASH_MATCH","C:\Users\13527\Desktop\123\HOUSE_WORK\PROJECT_COMMAND_CENTER_UI_LANE\LIVE_INSTALL_EXECUTION_PLAN_GATE\WRITER_RECEIPTS\WRITE_COMMAND_CENTER_UI_LANE_LIVE_INSTALL_EXECUTION_PLAN_GATE_V1_20260606_162345\VERIFY_OUTPUT__COMMAND_CENTER_UI_LANE_LIVE_INSTALL_EXECUTION_PLAN_GATE_V1_20260606.txt","C:\Users\13527\Desktop\123\Jxhnny_Kl33N_Seedz\HOUSE_WORK\PROJECT_COMMAND_CENTER_UI_LANE\LIVE_INSTALL_EXECUTION_PLAN_GATE\WRITER_RECEIPTS\WRITE_COMMAND_CENTER_UI_LANE_LIVE_INSTALL_EXECUTION_PLAN_GATE_V1_20260606_162345\VERIFY_OUTPUT__COMMAND_CENTER_UI_LANE_LIVE_INSTALL_EXECUTION_PLAN_GATE_V1_20260606.txt","Same relative path and SHA256 already present in repo for ROOT_HOUSE_WORK.","256B4F48F032C488CE2CB05D239A020B2158154C2AD21CF99DCBAE8F2D52C54F","948"
"REMOVED_ROOT_DUPLICATE_AFTER_HASH_MATCH","C:\Users\13527\Desktop\123\HOUSE_WORK\PROJECT_COMMAND_CENTER_UI_LANE\LIVE_INSTALL_EXECUTION_SCRIPT_BUILD_GATE\COMMAND_CENTER_UI_LANE_LIVE_INSTALL_EXECUTION_SCRIPT_BUILD_GATE_CARD_V1_20260606.md","C:\Users\13527\Desktop\123\Jxhnny_Kl33N_Seedz\HOUSE_WORK\PROJECT_COMMAND_CENTER_UI_LANE\LIVE_INSTALL_EXECUTION_SCRIPT_BUILD_GATE\COMMAND_CENTER_UI_LANE_LIVE_INSTALL_EXECUTION_SCRIPT_BUILD_GATE_CARD_V1_20260606.md","Same relative path and SHA256 already present in repo for ROOT_HOUSE_WORK.","6C94CDCF33F8F6AB855930AF97539FB7EB182A1EE68BA049E20F5AA1DB5DC7AE","804"
"REMOVED_ROOT_DUPLICATE_AFTER_HASH_MATCH","C:\Users\13527\Desktop\123\HOUSE_WORK\PROJECT_COMMAND_CENTER_UI_LANE\LIVE_INSTALL_EXECUTION_SCRIPT_BUILD_GATE\COMMAND_CENTER_UI_LANE_LIVE_INSTALL_EXECUTION_SCRIPT_BUILD_GATE_V1_20260606.ps1","C:\Users\13527\Desktop\123\Jxhnny_Kl33N_Seedz\HOUSE_WORK\PROJECT_COMMAND_CENTER_UI_LANE\LIVE_INSTALL_EXECUTION_SCRIPT_BUILD_GATE\COMMAND_CENTER_UI_LANE_LIVE_INSTALL_EXECUTION_SCRIPT_BUILD_GATE_V1_20260606.ps1","Same relative path and SHA256 already present in repo for ROOT_HOUSE_WORK.","D7DD1ECE09266DF8F8D4492E5A3D316670FBE1576A127D23F9C61D7F8C9F79B3","34087"
"REMOVED_ROOT_DUPLICATE_AFTER_HASH_MATCH","C:\Users\13527\Desktop\123\HOUSE_WORK\PROJECT_COMMAND_CENTER_UI_LANE\LIVE_INSTALL_EXECUTION_SCRIPT_BUILD_GATE\CURRENT_COMMAND_CENTER_UI_LANE_LIVE_INSTALL_EXECUTION_SCRIPT_BUILD_STATUS.json","C:\Users\13527\Desktop\123\Jxhnny_Kl33N_Seedz\HOUSE_WORK\PROJECT_COMMAND_CENTER_UI_LANE\LIVE_INSTALL_EXECUTION_SCRIPT_BUILD_GATE\CURRENT_COMMAND_CENTER_UI_LANE_LIVE_INSTALL_EXECUTION_SCRIPT_BUILD_STATUS.json","Same relative path and SHA256 already present in repo for ROOT_HOUSE_WORK.","8C54BC65C6FD35D3EABE39F865EDE1AD657DAEDAF8BA8EF8D3139E419845567F","2529"
"REMOVED_ROOT_DUPLICATE_AFTER_HASH_MATCH","C:\Users\13527\Desktop\123\HOUSE_WORK\PROJECT_COMMAND_CENTER_UI_LANE\LIVE_INSTALL_EXECUTION_SCRIPT_BUILD_GATE\CURRENT_COMMAND_CENTER_UI_LANE_LIVE_INSTALL_EXECUTION_SCRIPT_BUILD_STATUS.md","C:\Users\13527\Desktop\123\Jxhnny_Kl33N_Seedz\HOUSE_WORK\PROJECT_COMMAND_CENTER_UI_LANE\LIVE_INSTALL_EXECUTION_SCRIPT_BUILD_GATE\CURRENT_COMMAND_CENTER_UI_LANE_LIVE_INSTALL_EXECUTION_SCRIPT_BUILD_STATUS.md","Same relative path and SHA256 already present in repo for ROOT_HOUSE_WORK.","D04AFFFD188F3B9455FCCF5255C50A7629D705DF51CA662A905E59ED1A7E8487","2614"
"REMOVED_ROOT_DUPLICATE_AFTER_HASH_MATCH","C:\Users\13527\Desktop\123\HOUSE_WORK\PROJECT_COMMAND_CENTER_UI_LANE\LIVE_INSTALL_EXECUTION_SCRIPT_BUILD_GATE\EXECUTE_COMMAND_CENTER_UI_LANE_LIVE_INSTALL_V1_20260606.ps1","C:\Users\13527\Desktop\123\Jxhnny_Kl33N_Seedz\HOUSE_WORK\PROJECT_COMMAND_CENTER_UI_LANE\LIVE_INSTALL_EXECUTION_SCRIPT_BUILD_GATE\EXECUTE_COMMAND_CENTER_UI_LANE_LIVE_INSTALL_V1_20260606.ps1","Same relative path and SHA256 already present in repo for ROOT_HOUSE_WORK.","F5CC56A8235C57ABC76516BCADB6079E012F73A807F10A4FCC5305D9E4C1C303","15671"
"REMOVED_ROOT_DUPLICATE_AFTER_HASH_MATCH","C:\Users\13527\Desktop\123\HOUSE_WORK\PROJECT_COMMAND_CENTER_UI_LANE\LIVE_INSTALL_EXECUTION_SCRIPT_BUILD_GATE\REPAIR_CARD__COMMAND_CENTER_UI_LANE_LIVE_INSTALL_EXECUTION_SCRIPT_BUILD_GATE_WRITER_V1_TO_V1_1_20260606.md","C:\Users\13527\Desktop\123\Jxhnny_Kl33N_Seedz\HOUSE_WORK\PROJECT_COMMAND_CENTER_UI_LANE\LIVE_INSTALL_EXECUTION_SCRIPT_BUILD_GATE\REPAIR_CARD__COMMAND_CENTER_UI_LANE_LIVE_INSTALL_EXECUTION_SCRIPT_BUILD_GATE_WRITER_V1_TO_V1_1_20260606.md","Same relative path and SHA256 already present in repo for ROOT_HOUSE_WORK.","353A7285A67426F6D7A7BD0D8AFBE44F203485CC6858027D8C2D46BB412BB33B","856"
"REMOVED_ROOT_DUPLICATE_AFTER_HASH_MATCH","C:\Users\13527\Desktop\123\HOUSE_WORK\PROJECT_COMMAND_CENTER_UI_LANE\LIVE_INSTALL_EXECUTION_SCRIPT_BUILD_GATE\COMMAND_CENTER_UI_LANE_LIVE_INSTALL_EXECUTION_SCRIPT_BUILD_GATE_V1_20260606_163016\COMMAND_CENTER_UI_LANE_LIVE_INSTALL_EXECUTION_SCRIPT_BUILD_PACKET_V1_20260606.md","C:\Users\13527\Desktop\123\Jxhnny_Kl33N_Seedz\HOUSE_WORK\PROJECT_COMMAND_CENTER_UI_LANE\LIVE_INSTALL_EXECUTION_SCRIPT_BUILD_GATE\COMMAND_CENTER_UI_LANE_LIVE_INSTALL_EXECUTION_SCRIPT_BUILD_GATE_V1_20260606_163016\COMMAND_CENTER_UI_LANE_LIVE_INSTALL_EXECUTION_SCRIPT_BUILD_PACKET_V1_20260606.md","Same relative path and SHA256 already present in repo for ROOT_HOUSE_WORK.","CFC9BB11C22FC67370746B40B9559EBA18223E439D4DBAA76E3C3E9A0333FB14","1318"
"REMOVED_ROOT_DUPLICATE_AFTER_HASH_MATCH","C:\Users\13527\Desktop\123\HOUSE_WORK\PROJECT_COMMAND_CENTER_UI_LANE\LIVE_INSTALL_EXECUTION_SCRIPT_BUILD_GATE\COMMAND_CENTER_UI_LANE_LIVE_INSTALL_EXECUTION_SCRIPT_BUILD_GATE_V1_20260606_163016\ERROR_LEDGER__COMMAND_CENTER_UI_LANE_LIVE_INSTALL_EXECUTION_SCRIPT_BUILD_GATE_V1_20260606.md","C:\Users\13527\Desktop\123\Jxhnny_Kl33N_Seedz\HOUSE_WORK\PROJECT_COMMAND_CENTER_UI_LANE\LIVE_INSTALL_EXECUTION_SCRIPT_BUILD_GATE\COMMAND_CENTER_UI_LANE_LIVE_INSTALL_EXECUTION_SCRIPT_BUILD_GATE_V1_20260606_163016\ERROR_LEDGER__COMMAND_CENTER_UI_LANE_LIVE_INSTALL_EXECUTION_SCRIPT_BUILD_GATE_V1_20260606.md","Same relative path and SHA256 already present in repo for ROOT_HOUSE_WORK.","123AA841C3F4FEA586984560E42788A0D90BF91CEE984063FBA01F7FE9010348","214"
"REMOVED_ROOT_DUPLICATE_AFTER_HASH_MATCH","C:\Users\13527\Desktop\123\HOUSE_WORK\PROJECT_COMMAND_CENTER_UI_LANE\LIVE_INSTALL_EXECUTION_SCRIPT_BUILD_GATE\COMMAND_CENTER_UI_LANE_LIVE_INSTALL_EXECUTION_SCRIPT_BUILD_GATE_V1_20260606_163016\NEXT_OBJECT_CARD__COMMAND_CENTER_UI_LANE_LIVE_INSTALL_RUN_AUTHORIZATION_GATE_V1_20260606.md","C:\Users\13527\Desktop\123\Jxhnny_Kl33N_Seedz\HOUSE_WORK\PROJECT_COMMAND_CENTER_UI_LANE\LIVE_INSTALL_EXECUTION_SCRIPT_BUILD_GATE\COMMAND_CENTER_UI_LANE_LIVE_INSTALL_EXECUTION_SCRIPT_BUILD_GATE_V1_20260606_163016\NEXT_OBJECT_CARD__COMMAND_CENTER_UI_LANE_LIVE_INSTALL_RUN_AUTHORIZATION_GATE_V1_20260606.md","Same relative path and SHA256 already present in repo for ROOT_HOUSE_WORK.","421F484C6CF39B7E3DE8A0FAB41572BA4DE83359084CD5B8A79691E14CB72953","693"
"REMOVED_ROOT_DUPLICATE_AFTER_HASH_MATCH","C:\Users\13527\Desktop\123\HOUSE_WORK\PROJECT_COMMAND_CENTER_UI_LANE\LIVE_INSTALL_EXECUTION_SCRIPT_BUILD_GATE\COMMAND_CENTER_UI_LANE_LIVE_INSTALL_EXECUTION_SCRIPT_BUILD_GATE_V1_20260606_163016\OUTPUT__WORK_ENTRYPOINT_VERIFY_FOR_EXECUTION_SCRIPT_BUILD_GATE.txt","C:\Users\13527\Desktop\123\Jxhnny_Kl33N_Seedz\HOUSE_WORK\PROJECT_COMMAND_CENTER_UI_LANE\LIVE_INSTALL_EXECUTION_SCRIPT_BUILD_GATE\COMMAND_CENTER_UI_LANE_LIVE_INSTALL_EXECUTION_SCRIPT_BUILD_GATE_V1_20260606_163016\OUTPUT__WORK_ENTRYPOINT_VERIFY_FOR_EXECUTION_SCRIPT_BUILD_GATE.txt","Same relative path and SHA256 already present in repo for ROOT_HOUSE_WORK.","214D16F716FA374F250FB5BBA6923CD7B3F2E3EE76DAA712BE3D69E1DC33B511","560"
"REMOVED_ROOT_DUPLICATE_AFTER_HASH_MATCH","C:\Users\13527\Desktop\123\HOUSE_WORK\PROJECT_COMMAND_CENTER_UI_LANE\LIVE_INSTALL_EXECUTION_SCRIPT_BUILD_GATE\COMMAND_CENTER_UI_LANE_LIVE_INSTALL_EXECUTION_SCRIPT_BUILD_GATE_V1_20260606_163016\RECEIPT__COMMAND_CENTER_UI_LANE_LIVE_INSTALL_EXECUTION_SCRIPT_BUILD_GATE_V1_20260606.md","C:\Users\13527\Desktop\123\Jxhnny_Kl33N_Seedz\HOUSE_WORK\PROJECT_COMMAND_CENTER_UI_LANE\LIVE_INSTALL_EXECUTION_SCRIPT_BUILD_GATE\COMMAND_CENTER_UI_LANE_LIVE_INSTALL_EXECUTION_SCRIPT_BUILD_GATE_V1_20260606_163016\RECEIPT__COMMAND_CENTER_UI_LANE_LIVE_INSTALL_EXECUTION_SCRIPT_BUILD_GATE_V1_20260606.md","Same relative path and SHA256 already present in repo for ROOT_HOUSE_WORK.","60D569FCB5ED4E0C0F066EE824B0AD4BBB47EEF2B58C9C6C2F984EC82EB981C7","3697"
"REMOVED_ROOT_DUPLICATE_AFTER_HASH_MATCH","C:\Users\13527\Desktop\123\HOUSE_WORK\PROJECT_COMMAND_CENTER_UI_LANE\LIVE_INSTALL_EXECUTION_SCRIPT_BUILD_GATE\COMMAND_CENTER_UI_LANE_LIVE_INSTALL_EXECUTION_SCRIPT_BUILD_GATE_V1_20260606_163016\SYNTAX_REPORT__LIVE_INSTALL_EXECUTION_SCRIPT_V1_20260606.md","C:\Users\13527\Desktop\123\Jxhnny_Kl33N_Seedz\HOUSE_WORK\PROJECT_COMMAND_CENTER_UI_LANE\LIVE_INSTALL_EXECUTION_SCRIPT_BUILD_GATE\COMMAND_CENTER_UI_LANE_LIVE_INSTALL_EXECUTION_SCRIPT_BUILD_GATE_V1_20260606_163016\SYNTAX_REPORT__LIVE_INSTALL_EXECUTION_SCRIPT_V1_20260606.md","Same relative path and SHA256 already present in repo for ROOT_HOUSE_WORK.","ACF0F57F8742D9CB7D54BA5DE08E7BD6E0EF610ED61F4406527538D7CD05525A","307"
"REMOVED_ROOT_DUPLICATE_AFTER_HASH_MATCH","C:\Users\13527\Desktop\123\HOUSE_WORK\PROJECT_COMMAND_CENTER_UI_LANE\LIVE_INSTALL_EXECUTION_SCRIPT_BUILD_GATE\WRITER_RECEIPTS\WRITE_COMMAND_CENTER_UI_LANE_LIVE_INSTALL_EXECUTION_SCRIPT_BUILD_GATE_V1_1_20260606_163016\ERROR_LEDGER__WRITE_COMMAND_CENTER_UI_LANE_LIVE_INSTALL_EXECUTION_SCRIPT_BUILD_GATE_V1_1_20260606.md","C:\Users\13527\Desktop\123\Jxhnny_Kl33N_Seedz\HOUSE_WORK\PROJECT_COMMAND_CENTER_UI_LANE\LIVE_INSTALL_EXECUTION_SCRIPT_BUILD_GATE\WRITER_RECEIPTS\WRITE_COMMAND_CENTER_UI_LANE_LIVE_INSTALL_EXECUTION_SCRIPT_BUILD_GATE_V1_1_20260606_163016\ERROR_LEDGER__WRITE_COMMAND_CENTER_UI_LANE_LIVE_INSTALL_EXECUTION_SCRIPT_BUILD_GATE_V1_1_20260606.md","Same relative path and SHA256 already present in repo for ROOT_HOUSE_WORK.","0C1D161D5D1CD5877C85F6C9DFB2E469BC9E2BEB423EC2E3490BF2B0F837DF19","222"
"REMOVED_ROOT_DUPLICATE_AFTER_HASH_MATCH","C:\Users\13527\Desktop\123\HOUSE_WORK\PROJECT_COMMAND_CENTER_UI_LANE\LIVE_INSTALL_EXECUTION_SCRIPT_BUILD_GATE\WRITER_RECEIPTS\WRITE_COMMAND_CENTER_UI_LANE_LIVE_INSTALL_EXECUTION_SCRIPT_BUILD_GATE_V1_1_20260606_163016\RECEIPT__WRITE_COMMAND_CENTER_UI_LANE_LIVE_INSTALL_EXECUTION_SCRIPT_BUILD_GATE_V1_1_20260606.md","C:\Users\13527\Desktop\123\Jxhnny_Kl33N_Seedz\HOUSE_WORK\PROJECT_COMMAND_CENTER_UI_LANE\LIVE_INSTALL_EXECUTION_SCRIPT_BUILD_GATE\WRITER_RECEIPTS\WRITE_COMMAND_CENTER_UI_LANE_LIVE_INSTALL_EXECUTION_SCRIPT_BUILD_GATE_V1_1_20260606_163016\RECEIPT__WRITE_COMMAND_CENTER_UI_LANE_LIVE_INSTALL_EXECUTION_SCRIPT_BUILD_GATE_V1_1_20260606.md","Same relative path and SHA256 already present in repo for ROOT_HOUSE_WORK.","2546C992D8108D73CD5F96C90DB353F386062E5307A5DE330CBC43891D0FE3A7","3031"
"REMOVED_ROOT_DUPLICATE_AFTER_HASH_MATCH","C:\Users\13527\Desktop\123\HOUSE_WORK\PROJECT_COMMAND_CENTER_UI_LANE\LIVE_INSTALL_EXECUTION_SCRIPT_BUILD_GATE\WRITER_RECEIPTS\WRITE_COMMAND_CENTER_UI_LANE_LIVE_INSTALL_EXECUTION_SCRIPT_BUILD_GATE_V1_1_20260606_163016\VERIFY_OUTPUT__COMMAND_CENTER_UI_LANE_LIVE_INSTALL_EXECUTION_SCRIPT_BUILD_GATE_V1_1_20260606.txt","C:\Users\13527\Desktop\123\Jxhnny_Kl33N_Seedz\HOUSE_WORK\PROJECT_COMMAND_CENTER_UI_LANE\LIVE_INSTALL_EXECUTION_SCRIPT_BUILD_GATE\WRITER_RECEIPTS\WRITE_COMMAND_CENTER_UI_LANE_LIVE_INSTALL_EXECUTION_SCRIPT_BUILD_GATE_V1_1_20260606_163016\VERIFY_OUTPUT__COMMAND_CENTER_UI_LANE_LIVE_INSTALL_EXECUTION_SCRIPT_BUILD_GATE_V1_1_20260606.txt","Same relative path and SHA256 already present in repo for ROOT_HOUSE_WORK.","D3486BA50F93BDDADD9CECD2F35E46A7948EFF790802217C357C9949D5B9255C","864"
"REMOVED_ROOT_DUPLICATE_AFTER_HASH_MATCH","C:\Users\13527\Desktop\123\HOUSE_WORK\PROJECT_COMMAND_CENTER_UI_LANE\LIVE_INSTALL_FINAL_EXECUTION_AUTHORIZATION_GATE\COMMAND_CENTER_UI_LANE_LIVE_INSTALL_FINAL_EXECUTION_AUTHORIZATION_GATE_CARD_V1_20260606.md","C:\Users\13527\Desktop\123\Jxhnny_Kl33N_Seedz\HOUSE_WORK\PROJECT_COMMAND_CENTER_UI_LANE\LIVE_INSTALL_FINAL_EXECUTION_AUTHORIZATION_GATE\COMMAND_CENTER_UI_LANE_LIVE_INSTALL_FINAL_EXECUTION_AUTHORIZATION_GATE_CARD_V1_20260606.md","Same relative path and SHA256 already present in repo for ROOT_HOUSE_WORK.","21D63FFE3D38B7963939A3D0D4FE74E847D03F0C8CC1309E42C16D9A5C3FC2F1","1381"
"REMOVED_ROOT_DUPLICATE_AFTER_HASH_MATCH","C:\Users\13527\Desktop\123\HOUSE_WORK\PROJECT_COMMAND_CENTER_UI_LANE\LIVE_INSTALL_FINAL_EXECUTION_AUTHORIZATION_GATE\COMMAND_CENTER_UI_LANE_LIVE_INSTALL_FINAL_EXECUTION_AUTHORIZATION_GATE_V1_20260606.ps1","C:\Users\13527\Desktop\123\Jxhnny_Kl33N_Seedz\HOUSE_WORK\PROJECT_COMMAND_CENTER_UI_LANE\LIVE_INSTALL_FINAL_EXECUTION_AUTHORIZATION_GATE\COMMAND_CENTER_UI_LANE_LIVE_INSTALL_FINAL_EXECUTION_AUTHORIZATION_GATE_V1_20260606.ps1","Same relative path and SHA256 already present in repo for ROOT_HOUSE_WORK.","ABD44AAB3FA152687F23BAE67936D371AFB38452A84DCC58799CCCAB546D575D","27097"
"REMOVED_ROOT_DUPLICATE_AFTER_HASH_MATCH","C:\Users\13527\Desktop\123\HOUSE_WORK\PROJECT_COMMAND_CENTER_UI_LANE\LIVE_INSTALL_FINAL_EXECUTION_AUTHORIZATION_GATE\CURRENT_COMMAND_CENTER_UI_LANE_LIVE_INSTALL_FINAL_EXECUTION_AUTHORIZATION_STATUS.json","C:\Users\13527\Desktop\123\Jxhnny_Kl33N_Seedz\HOUSE_WORK\PROJECT_COMMAND_CENTER_UI_LANE\LIVE_INSTALL_FINAL_EXECUTION_AUTHORIZATION_GATE\CURRENT_COMMAND_CENTER_UI_LANE_LIVE_INSTALL_FINAL_EXECUTION_AUTHORIZATION_STATUS.json","Same relative path and SHA256 already present in repo for ROOT_HOUSE_WORK.","2F163B807E938F1BB8517200E8504E7C43E87E46AAA7E79E0C676B9CD1C757C1","2889"
"REMOVED_ROOT_DUPLICATE_AFTER_HASH_MATCH","C:\Users\13527\Desktop\123\HOUSE_WORK\PROJECT_COMMAND_CENTER_UI_LANE\LIVE_INSTALL_FINAL_EXECUTION_AUTHORIZATION_GATE\CURRENT_COMMAND_CENTER_UI_LANE_LIVE_INSTALL_FINAL_EXECUTION_AUTHORIZATION_STATUS.md","C:\Users\13527\Desktop\123\Jxhnny_Kl33N_Seedz\HOUSE_WORK\PROJECT_COMMAND_CENTER_UI_LANE\LIVE_INSTALL_FINAL_EXECUTION_AUTHORIZATION_GATE\CURRENT_COMMAND_CENTER_UI_LANE_LIVE_INSTALL_FINAL_EXECUTION_AUTHORIZATION_STATUS.md","Same relative path and SHA256 already present in repo for ROOT_HOUSE_WORK.","B122388DF2230760C7A054E1D6E5110F3FDE8D82DEBF2AB06B905349BEAF54BE","2960"
"REMOVED_ROOT_DUPLICATE_AFTER_HASH_MATCH","C:\Users\13527\Desktop\123\HOUSE_WORK\PROJECT_COMMAND_CENTER_UI_LANE\LIVE_INSTALL_FINAL_EXECUTION_AUTHORIZATION_GATE\COMMAND_CENTER_UI_LANE_LIVE_INSTALL_FINAL_EXECUTION_AUTHORIZATION_GATE_V1_20260606_162538\COMMAND_CENTER_UI_LANE_LIVE_INSTALL_FINAL_EXECUTION_AUTHORIZATION_PACKET_V1_20260606.md","C:\Users\13527\Desktop\123\Jxhnny_Kl33N_Seedz\HOUSE_WORK\PROJECT_COMMAND_CENTER_UI_LANE\LIVE_INSTALL_FINAL_EXECUTION_AUTHORIZATION_GATE\COMMAND_CENTER_UI_LANE_LIVE_INSTALL_FINAL_EXECUTION_AUTHORIZATION_GATE_V1_20260606_162538\COMMAND_CENTER_UI_LANE_LIVE_INSTALL_FINAL_EXECUTION_AUTHORIZATION_PACKET_V1_20260606.md","Same relative path and SHA256 already present in repo for ROOT_HOUSE_WORK.","10F323B72A70948D414EB9BDFCAC20D0791CF5B94C0FF1BEC9F47438594C7E90","3558"
"REMOVED_ROOT_DUPLICATE_AFTER_HASH_MATCH","C:\Users\13527\Desktop\123\HOUSE_WORK\PROJECT_COMMAND_CENTER_UI_LANE\LIVE_INSTALL_FINAL_EXECUTION_AUTHORIZATION_GATE\COMMAND_CENTER_UI_LANE_LIVE_INSTALL_FINAL_EXECUTION_AUTHORIZATION_GATE_V1_20260606_162538\ERROR_LEDGER__COMMAND_CENTER_UI_LANE_LIVE_INSTALL_FINAL_EXECUTION_AUTHORIZATION_GATE_V1_20260606.md","C:\Users\13527\Desktop\123\Jxhnny_Kl33N_Seedz\HOUSE_WORK\PROJECT_COMMAND_CENTER_UI_LANE\LIVE_INSTALL_FINAL_EXECUTION_AUTHORIZATION_GATE\COMMAND_CENTER_UI_LANE_LIVE_INSTALL_FINAL_EXECUTION_AUTHORIZATION_GATE_V1_20260606_162538\ERROR_LEDGER__COMMAND_CENTER_UI_LANE_LIVE_INSTALL_FINAL_EXECUTION_AUTHORIZATION_GATE_V1_20260606.md","Same relative path and SHA256 already present in repo for ROOT_HOUSE_WORK.","C44B29AA04C0EFC9AA2683093D04911CF494E03F1C05E9BEB47D6B4E4D7F787B","347"
"REMOVED_ROOT_DUPLICATE_AFTER_HASH_MATCH","C:\Users\13527\Desktop\123\HOUSE_WORK\PROJECT_COMMAND_CENTER_UI_LANE\LIVE_INSTALL_FINAL_EXECUTION_AUTHORIZATION_GATE\COMMAND_CENTER_UI_LANE_LIVE_INSTALL_FINAL_EXECUTION_AUTHORIZATION_GATE_V1_20260606_162538\LOCKED_TERMS__COMMAND_CENTER_UI_LANE_LIVE_INSTALL_EXECUTION_SCRIPT_BUILD_V1_20260606.md","C:\Users\13527\Desktop\123\Jxhnny_Kl33N_Seedz\HOUSE_WORK\PROJECT_COMMAND_CENTER_UI_LANE\LIVE_INSTALL_FINAL_EXECUTION_AUTHORIZATION_GATE\COMMAND_CENTER_UI_LANE_LIVE_INSTALL_FINAL_EXECUTION_AUTHORIZATION_GATE_V1_20260606_162538\LOCKED_TERMS__COMMAND_CENTER_UI_LANE_LIVE_INSTALL_EXECUTION_SCRIPT_BUILD_V1_20260606.md","Same relative path and SHA256 already present in repo for ROOT_HOUSE_WORK.","4649DE8B2FA82EA8BA97F693FCC2653C6E185BAB2DA33DFD2B7E57AE817304B8","2823"
"REMOVED_ROOT_DUPLICATE_AFTER_HASH_MATCH","C:\Users\13527\Desktop\123\HOUSE_WORK\PROJECT_COMMAND_CENTER_UI_LANE\LIVE_INSTALL_FINAL_EXECUTION_AUTHORIZATION_GATE\COMMAND_CENTER_UI_LANE_LIVE_INSTALL_FINAL_EXECUTION_AUTHORIZATION_GATE_V1_20260606_162538\NEXT_OBJECT_CARD__COMMAND_CENTER_UI_LANE_LIVE_INSTALL_EXECUTION_SCRIPT_BUILD_GATE_V1_20260606.md","C:\Users\13527\Desktop\123\Jxhnny_Kl33N_Seedz\HOUSE_WORK\PROJECT_COMMAND_CENTER_UI_LANE\LIVE_INSTALL_FINAL_EXECUTION_AUTHORIZATION_GATE\COMMAND_CENTER_UI_LANE_LIVE_INSTALL_FINAL_EXECUTION_AUTHORIZATION_GATE_V1_20260606_162538\NEXT_OBJECT_CARD__COMMAND_CENTER_UI_LANE_LIVE_INSTALL_EXECUTION_SCRIPT_BUILD_GATE_V1_20260606.md","Same relative path and SHA256 already present in repo for ROOT_HOUSE_WORK.","B1BCC39799EECE1385AE4F4C55D5EEFECA249CBC7BB59049C8E534790224F42B","1120"
"REMOVED_ROOT_DUPLICATE_AFTER_HASH_MATCH","C:\Users\13527\Desktop\123\HOUSE_WORK\PROJECT_COMMAND_CENTER_UI_LANE\LIVE_INSTALL_FINAL_EXECUTION_AUTHORIZATION_GATE\COMMAND_CENTER_UI_LANE_LIVE_INSTALL_FINAL_EXECUTION_AUTHORIZATION_GATE_V1_20260606_162538\OUTPUT__WORK_ENTRYPOINT_VERIFY_FOR_FINAL_EXECUTION_AUTHORIZATION_GATE.txt","C:\Users\13527\Desktop\123\Jxhnny_Kl33N_Seedz\HOUSE_WORK\PROJECT_COMMAND_CENTER_UI_LANE\LIVE_INSTALL_FINAL_EXECUTION_AUTHORIZATION_GATE\COMMAND_CENTER_UI_LANE_LIVE_INSTALL_FINAL_EXECUTION_AUTHORIZATION_GATE_V1_20260606_162538\OUTPUT__WORK_ENTRYPOINT_VERIFY_FOR_FINAL_EXECUTION_AUTHORIZATION_GATE.txt","Same relative path and SHA256 already present in repo for ROOT_HOUSE_WORK.","4E281F75C244215BFE7EAFBCCCF51710BF24B6609F676F24832E085CE6DCF520","560"
"REMOVED_ROOT_DUPLICATE_AFTER_HASH_MATCH","C:\Users\13527\Desktop\123\HOUSE_WORK\PROJECT_COMMAND_CENTER_UI_LANE\LIVE_INSTALL_FINAL_EXECUTION_AUTHORIZATION_GATE\COMMAND_CENTER_UI_LANE_LIVE_INSTALL_FINAL_EXECUTION_AUTHORIZATION_GATE_V1_20260606_162538\PENDING_CARD__COMMAND_CENTER_UI_LANE_LIVE_INSTALL_FINAL_EXECUTION_AUTHORIZATION_V1_20260606.md","C:\Users\13527\Desktop\123\Jxhnny_Kl33N_Seedz\HOUSE_WORK\PROJECT_COMMAND_CENTER_UI_LANE\LIVE_INSTALL_FINAL_EXECUTION_AUTHORIZATION_GATE\COMMAND_CENTER_UI_LANE_LIVE_INSTALL_FINAL_EXECUTION_AUTHORIZATION_GATE_V1_20260606_162538\PENDING_CARD__COMMAND_CENTER_UI_LANE_LIVE_INSTALL_FINAL_EXECUTION_AUTHORIZATION_V1_20260606.md","Same relative path and SHA256 already present in repo for ROOT_HOUSE_WORK.","F54BDC33075F39AE95ACF21A2B0D150F301D3C63D1588103F7BD23FD2C7BDF1F","830"
"REMOVED_ROOT_DUPLICATE_AFTER_HASH_MATCH","C:\Users\13527\Desktop\123\HOUSE_WORK\PROJECT_COMMAND_CENTER_UI_LANE\LIVE_INSTALL_FINAL_EXECUTION_AUTHORIZATION_GATE\COMMAND_CENTER_UI_LANE_LIVE_INSTALL_FINAL_EXECUTION_AUTHORIZATION_GATE_V1_20260606_162538\RECEIPT__COMMAND_CENTER_UI_LANE_LIVE_INSTALL_FINAL_EXECUTION_AUTHORIZATION_GATE_V1_20260606.md","C:\Users\13527\Desktop\123\Jxhnny_Kl33N_Seedz\HOUSE_WORK\PROJECT_COMMAND_CENTER_UI_LANE\LIVE_INSTALL_FINAL_EXECUTION_AUTHORIZATION_GATE\COMMAND_CENTER_UI_LANE_LIVE_INSTALL_FINAL_EXECUTION_AUTHORIZATION_GATE_V1_20260606_162538\RECEIPT__COMMAND_CENTER_UI_LANE_LIVE_INSTALL_FINAL_EXECUTION_AUTHORIZATION_GATE_V1_20260606.md","Same relative path and SHA256 already present in repo for ROOT_HOUSE_WORK.","098DED4725F1A8A7F79E466DF638B641488A78DB8E19A63CC85B3B314F2D1C71","3235"
"REMOVED_ROOT_DUPLICATE_AFTER_HASH_MATCH","C:\Users\13527\Desktop\123\HOUSE_WORK\PROJECT_COMMAND_CENTER_UI_LANE\LIVE_INSTALL_FINAL_EXECUTION_AUTHORIZATION_GATE\COMMAND_CENTER_UI_LANE_LIVE_INSTALL_FINAL_EXECUTION_AUTHORIZATION_GATE_V1_20260606_162609\COMMAND_CENTER_UI_LANE_LIVE_INSTALL_FINAL_EXECUTION_AUTHORIZATION_PACKET_V1_20260606.md","C:\Users\13527\Desktop\123\Jxhnny_Kl33N_Seedz\HOUSE_WORK\PROJECT_COMMAND_CENTER_UI_LANE\LIVE_INSTALL_FINAL_EXECUTION_AUTHORIZATION_GATE\COMMAND_CENTER_UI_LANE_LIVE_INSTALL_FINAL_EXECUTION_AUTHORIZATION_GATE_V1_20260606_162609\COMMAND_CENTER_UI_LANE_LIVE_INSTALL_FINAL_EXECUTION_AUTHORIZATION_PACKET_V1_20260606.md","Same relative path and SHA256 already present in repo for ROOT_HOUSE_WORK.","3105865F63DE6C48E85EAC50284473AC90F854815F0CDEADB242C1E0FEDE3D2D","3602"
"REMOVED_ROOT_DUPLICATE_AFTER_HASH_MATCH","C:\Users\13527\Desktop\123\HOUSE_WORK\PROJECT_COMMAND_CENTER_UI_LANE\LIVE_INSTALL_FINAL_EXECUTION_AUTHORIZATION_GATE\COMMAND_CENTER_UI_LANE_LIVE_INSTALL_FINAL_EXECUTION_AUTHORIZATION_GATE_V1_20260606_162609\ERROR_LEDGER__COMMAND_CENTER_UI_LANE_LIVE_INSTALL_FINAL_EXECUTION_AUTHORIZATION_GATE_V1_20260606.md","C:\Users\13527\Desktop\123\Jxhnny_Kl33N_Seedz\HOUSE_WORK\PROJECT_COMMAND_CENTER_UI_LANE\LIVE_INSTALL_FINAL_EXECUTION_AUTHORIZATION_GATE\COMMAND_CENTER_UI_LANE_LIVE_INSTALL_FINAL_EXECUTION_AUTHORIZATION_GATE_V1_20260606_162609\ERROR_LEDGER__COMMAND_CENTER_UI_LANE_LIVE_INSTALL_FINAL_EXECUTION_AUTHORIZATION_GATE_V1_20260606.md","Same relative path and SHA256 already present in repo for ROOT_HOUSE_WORK.","AC78906CDA031A4485B7F817B6F9F2A22DAEF47329DCFBE15325A5593E1AE9C0","347"
"REMOVED_ROOT_DUPLICATE_AFTER_HASH_MATCH","C:\Users\13527\Desktop\123\HOUSE_WORK\PROJECT_COMMAND_CENTER_UI_LANE\LIVE_INSTALL_FINAL_EXECUTION_AUTHORIZATION_GATE\COMMAND_CENTER_UI_LANE_LIVE_INSTALL_FINAL_EXECUTION_AUTHORIZATION_GATE_V1_20260606_162609\LOCKED_TERMS__COMMAND_CENTER_UI_LANE_LIVE_INSTALL_EXECUTION_SCRIPT_BUILD_V1_20260606.md","C:\Users\13527\Desktop\123\Jxhnny_Kl33N_Seedz\HOUSE_WORK\PROJECT_COMMAND_CENTER_UI_LANE\LIVE_INSTALL_FINAL_EXECUTION_AUTHORIZATION_GATE\COMMAND_CENTER_UI_LANE_LIVE_INSTALL_FINAL_EXECUTION_AUTHORIZATION_GATE_V1_20260606_162609\LOCKED_TERMS__COMMAND_CENTER_UI_LANE_LIVE_INSTALL_EXECUTION_SCRIPT_BUILD_V1_20260606.md","Same relative path and SHA256 already present in repo for ROOT_HOUSE_WORK.","F2A443A0C83876CF38A7018148FA7CE2B1BDAF1ECFA75928D29207A763640A42","2845"
"REMOVED_ROOT_DUPLICATE_AFTER_HASH_MATCH","C:\Users\13527\Desktop\123\HOUSE_WORK\PROJECT_COMMAND_CENTER_UI_LANE\LIVE_INSTALL_FINAL_EXECUTION_AUTHORIZATION_GATE\COMMAND_CENTER_UI_LANE_LIVE_INSTALL_FINAL_EXECUTION_AUTHORIZATION_GATE_V1_20260606_162609\NEXT_OBJECT_CARD__COMMAND_CENTER_UI_LANE_LIVE_INSTALL_EXECUTION_SCRIPT_BUILD_GATE_V1_20260606.md","C:\Users\13527\Desktop\123\Jxhnny_Kl33N_Seedz\HOUSE_WORK\PROJECT_COMMAND_CENTER_UI_LANE\LIVE_INSTALL_FINAL_EXECUTION_AUTHORIZATION_GATE\COMMAND_CENTER_UI_LANE_LIVE_INSTALL_FINAL_EXECUTION_AUTHORIZATION_GATE_V1_20260606_162609\NEXT_OBJECT_CARD__COMMAND_CENTER_UI_LANE_LIVE_INSTALL_EXECUTION_SCRIPT_BUILD_GATE_V1_20260606.md","Same relative path and SHA256 already present in repo for ROOT_HOUSE_WORK.","5F3628747EDFDD2C1C6B3065C4BB1B874E2E7EBB609C92DDF9DBCEE3CE55577C","1116"
"REMOVED_ROOT_DUPLICATE_AFTER_HASH_MATCH","C:\Users\13527\Desktop\123\HOUSE_WORK\PROJECT_COMMAND_CENTER_UI_LANE\LIVE_INSTALL_FINAL_EXECUTION_AUTHORIZATION_GATE\COMMAND_CENTER_UI_LANE_LIVE_INSTALL_FINAL_EXECUTION_AUTHORIZATION_GATE_V1_20260606_162609\OUTPUT__WORK_ENTRYPOINT_VERIFY_FOR_FINAL_EXECUTION_AUTHORIZATION_GATE.txt","C:\Users\13527\Desktop\123\Jxhnny_Kl33N_Seedz\HOUSE_WORK\PROJECT_COMMAND_CENTER_UI_LANE\LIVE_INSTALL_FINAL_EXECUTION_AUTHORIZATION_GATE\COMMAND_CENTER_UI_LANE_LIVE_INSTALL_FINAL_EXECUTION_AUTHORIZATION_GATE_V1_20260606_162609\OUTPUT__WORK_ENTRYPOINT_VERIFY_FOR_FINAL_EXECUTION_AUTHORIZATION_GATE.txt","Same relative path and SHA256 already present in repo for ROOT_HOUSE_WORK.","1D73BC352EBA722D18122E945C508C59F8A1565A679CABFD42F8E9DFE307F2B6","560"
"REMOVED_ROOT_DUPLICATE_AFTER_HASH_MATCH","C:\Users\13527\Desktop\123\HOUSE_WORK\PROJECT_COMMAND_CENTER_UI_LANE\LIVE_INSTALL_FINAL_EXECUTION_AUTHORIZATION_GATE\COMMAND_CENTER_UI_LANE_LIVE_INSTALL_FINAL_EXECUTION_AUTHORIZATION_GATE_V1_20260606_162609\PENDING_CARD__COMMAND_CENTER_UI_LANE_LIVE_INSTALL_FINAL_EXECUTION_AUTHORIZATION_V1_20260606.md","C:\Users\13527\Desktop\123\Jxhnny_Kl33N_Seedz\HOUSE_WORK\PROJECT_COMMAND_CENTER_UI_LANE\LIVE_INSTALL_FINAL_EXECUTION_AUTHORIZATION_GATE\COMMAND_CENTER_UI_LANE_LIVE_INSTALL_FINAL_EXECUTION_AUTHORIZATION_GATE_V1_20260606_162609\PENDING_CARD__COMMAND_CENTER_UI_LANE_LIVE_INSTALL_FINAL_EXECUTION_AUTHORIZATION_V1_20260606.md","Same relative path and SHA256 already present in repo for ROOT_HOUSE_WORK.","ABC0C9F1E475BB054892B3469AB2554792212216B6A0318E3D51DFAA9449D578","856"
"REMOVED_ROOT_DUPLICATE_AFTER_HASH_MATCH","C:\Users\13527\Desktop\123\HOUSE_WORK\PROJECT_COMMAND_CENTER_UI_LANE\LIVE_INSTALL_FINAL_EXECUTION_AUTHORIZATION_GATE\COMMAND_CENTER_UI_LANE_LIVE_INSTALL_FINAL_EXECUTION_AUTHORIZATION_GATE_V1_20260606_162609\RECEIPT__COMMAND_CENTER_UI_LANE_LIVE_INSTALL_FINAL_EXECUTION_AUTHORIZATION_GATE_V1_20260606.md","C:\Users\13527\Desktop\123\Jxhnny_Kl33N_Seedz\HOUSE_WORK\PROJECT_COMMAND_CENTER_UI_LANE\LIVE_INSTALL_FINAL_EXECUTION_AUTHORIZATION_GATE\COMMAND_CENTER_UI_LANE_LIVE_INSTALL_FINAL_EXECUTION_AUTHORIZATION_GATE_V1_20260606_162609\RECEIPT__COMMAND_CENTER_UI_LANE_LIVE_INSTALL_FINAL_EXECUTION_AUTHORIZATION_GATE_V1_20260606.md","Same relative path and SHA256 already present in repo for ROOT_HOUSE_WORK.","7F1E12218ECB414FB43EA81D7B0925736A22927998E7EA80C363711E890A0772","3299"
"REMOVED_ROOT_DUPLICATE_AFTER_HASH_MATCH","C:\Users\13527\Desktop\123\HOUSE_WORK\PROJECT_COMMAND_CENTER_UI_LANE\LIVE_INSTALL_FINAL_EXECUTION_AUTHORIZATION_GATE\WRITER_RECEIPTS\WRITE_COMMAND_CENTER_UI_LANE_LIVE_INSTALL_FINAL_EXECUTION_AUTHORIZATION_GATE_V1_20260606_162538\RECEIPT__WRITE_COMMAND_CENTER_UI_LANE_LIVE_INSTALL_FINAL_EXECUTION_AUTHORIZATION_GATE_V1_20260606.md","C:\Users\13527\Desktop\123\Jxhnny_Kl33N_Seedz\HOUSE_WORK\PROJECT_COMMAND_CENTER_UI_LANE\LIVE_INSTALL_FINAL_EXECUTION_AUTHORIZATION_GATE\WRITER_RECEIPTS\WRITE_COMMAND_CENTER_UI_LANE_LIVE_INSTALL_FINAL_EXECUTION_AUTHORIZATION_GATE_V1_20260606_162538\RECEIPT__WRITE_COMMAND_CENTER_UI_LANE_LIVE_INSTALL_FINAL_EXECUTION_AUTHORIZATION_GATE_V1_20260606.md","Same relative path and SHA256 already present in repo for ROOT_HOUSE_WORK.","818E59D2FBCA9C010A6446145449B7D35EF771CDED3E07798CCA5693318F94AE","2313"
"REMOVED_ROOT_DUPLICATE_AFTER_HASH_MATCH","C:\Users\13527\Desktop\123\HOUSE_WORK\PROJECT_COMMAND_CENTER_UI_LANE\LIVE_INSTALL_FINAL_EXECUTION_AUTHORIZATION_GATE\WRITER_RECEIPTS\WRITE_COMMAND_CENTER_UI_LANE_LIVE_INSTALL_FINAL_EXECUTION_AUTHORIZATION_GATE_V1_20260606_162538\VERIFY_OUTPUT__COMMAND_CENTER_UI_LANE_LIVE_INSTALL_FINAL_EXECUTION_AUTHORIZATION_GATE_V1_20260606.txt","C:\Users\13527\Desktop\123\Jxhnny_Kl33N_Seedz\HOUSE_WORK\PROJECT_COMMAND_CENTER_UI_LANE\LIVE_INSTALL_FINAL_EXECUTION_AUTHORIZATION_GATE\WRITER_RECEIPTS\WRITE_COMMAND_CENTER_UI_LANE_LIVE_INSTALL_FINAL_EXECUTION_AUTHORIZATION_GATE_V1_20260606_162538\VERIFY_OUTPUT__COMMAND_CENTER_UI_LANE_LIVE_INSTALL_FINAL_EXECUTION_AUTHORIZATION_GATE_V1_20260606.txt","Same relative path and SHA256 already present in repo for ROOT_HOUSE_WORK.","B05CB903CD6AE92E1EC9EDB2631AD6D95197DDE353F7572EC168D532B33BBF60","1032"
"REMOVED_ROOT_DUPLICATE_AFTER_HASH_MATCH","C:\Users\13527\Desktop\123\HOUSE_WORK\PROJECT_COMMAND_CENTER_UI_LANE\LIVE_INSTALL_HUMAN_AUTHORIZATION_GATE\COMMAND_CENTER_UI_LANE_LIVE_INSTALL_HUMAN_AUTHORIZATION_GATE_CARD_V1_20260606.md","C:\Users\13527\Desktop\123\Jxhnny_Kl33N_Seedz\HOUSE_WORK\PROJECT_COMMAND_CENTER_UI_LANE\LIVE_INSTALL_HUMAN_AUTHORIZATION_GATE\COMMAND_CENTER_UI_LANE_LIVE_INSTALL_HUMAN_AUTHORIZATION_GATE_CARD_V1_20260606.md","Same relative path and SHA256 already present in repo for ROOT_HOUSE_WORK.","1AEE52C391E55138316DD58E5FFE52EEB0C2527C102F2119B0988890A1BAA4AA","1324"
"REMOVED_ROOT_DUPLICATE_AFTER_HASH_MATCH","C:\Users\13527\Desktop\123\HOUSE_WORK\PROJECT_COMMAND_CENTER_UI_LANE\LIVE_INSTALL_HUMAN_AUTHORIZATION_GATE\COMMAND_CENTER_UI_LANE_LIVE_INSTALL_HUMAN_AUTHORIZATION_GATE_V1_20260606.ps1","C:\Users\13527\Desktop\123\Jxhnny_Kl33N_Seedz\HOUSE_WORK\PROJECT_COMMAND_CENTER_UI_LANE\LIVE_INSTALL_HUMAN_AUTHORIZATION_GATE\COMMAND_CENTER_UI_LANE_LIVE_INSTALL_HUMAN_AUTHORIZATION_GATE_V1_20260606.ps1","Same relative path and SHA256 already present in repo for ROOT_HOUSE_WORK.","5713C9AD8262C72A731505DD5839E8FE0FDF00637CD3CEE65D026EEE90528D69","24948"
"REMOVED_ROOT_DUPLICATE_AFTER_HASH_MATCH","C:\Users\13527\Desktop\123\HOUSE_WORK\PROJECT_COMMAND_CENTER_UI_LANE\LIVE_INSTALL_HUMAN_AUTHORIZATION_GATE\CURRENT_COMMAND_CENTER_UI_LANE_LIVE_INSTALL_HUMAN_AUTHORIZATION_STATUS.json","C:\Users\13527\Desktop\123\Jxhnny_Kl33N_Seedz\HOUSE_WORK\PROJECT_COMMAND_CENTER_UI_LANE\LIVE_INSTALL_HUMAN_AUTHORIZATION_GATE\CURRENT_COMMAND_CENTER_UI_LANE_LIVE_INSTALL_HUMAN_AUTHORIZATION_STATUS.json","Same relative path and SHA256 already present in repo for ROOT_HOUSE_WORK.","4CA3B41952E0DFA342E068C4AC82452AA3BE4BCB22E3668DD318C8C1EAD698AD","2786"
"REMOVED_ROOT_DUPLICATE_AFTER_HASH_MATCH","C:\Users\13527\Desktop\123\HOUSE_WORK\PROJECT_COMMAND_CENTER_UI_LANE\LIVE_INSTALL_HUMAN_AUTHORIZATION_GATE\CURRENT_COMMAND_CENTER_UI_LANE_LIVE_INSTALL_HUMAN_AUTHORIZATION_STATUS.md","C:\Users\13527\Desktop\123\Jxhnny_Kl33N_Seedz\HOUSE_WORK\PROJECT_COMMAND_CENTER_UI_LANE\LIVE_INSTALL_HUMAN_AUTHORIZATION_GATE\CURRENT_COMMAND_CENTER_UI_LANE_LIVE_INSTALL_HUMAN_AUTHORIZATION_STATUS.md","Same relative path and SHA256 already present in repo for ROOT_HOUSE_WORK.","FAD49B132F741132EE606B4E65C2316CAE4F8329EF2093F4FFF42EC529A0DC5B","2828"
"REMOVED_ROOT_DUPLICATE_AFTER_HASH_MATCH","C:\Users\13527\Desktop\123\HOUSE_WORK\PROJECT_COMMAND_CENTER_UI_LANE\LIVE_INSTALL_HUMAN_AUTHORIZATION_GATE\COMMAND_CENTER_UI_LANE_LIVE_INSTALL_HUMAN_AUTHORIZATION_GATE_V1_20260606_162040\COMMAND_CENTER_UI_LANE_LIVE_INSTALL_HUMAN_AUTHORIZATION_PACKET_V1_20260606.md","C:\Users\13527\Desktop\123\Jxhnny_Kl33N_Seedz\HOUSE_WORK\PROJECT_COMMAND_CENTER_UI_LANE\LIVE_INSTALL_HUMAN_AUTHORIZATION_GATE\COMMAND_CENTER_UI_LANE_LIVE_INSTALL_HUMAN_AUTHORIZATION_GATE_V1_20260606_162040\COMMAND_CENTER_UI_LANE_LIVE_INSTALL_HUMAN_AUTHORIZATION_PACKET_V1_20260606.md","Same relative path and SHA256 already present in repo for ROOT_HOUSE_WORK.","5AA415F9AAE9850112762FDB3CCF9B4524999F8BA5D443C868440C49C414D07D","3341"
"REMOVED_ROOT_DUPLICATE_AFTER_HASH_MATCH","C:\Users\13527\Desktop\123\HOUSE_WORK\PROJECT_COMMAND_CENTER_UI_LANE\LIVE_INSTALL_HUMAN_AUTHORIZATION_GATE\COMMAND_CENTER_UI_LANE_LIVE_INSTALL_HUMAN_AUTHORIZATION_GATE_V1_20260606_162040\ERROR_LEDGER__COMMAND_CENTER_UI_LANE_LIVE_INSTALL_HUMAN_AUTHORIZATION_GATE_V1_20260606.md","C:\Users\13527\Desktop\123\Jxhnny_Kl33N_Seedz\HOUSE_WORK\PROJECT_COMMAND_CENTER_UI_LANE\LIVE_INSTALL_HUMAN_AUTHORIZATION_GATE\COMMAND_CENTER_UI_LANE_LIVE_INSTALL_HUMAN_AUTHORIZATION_GATE_V1_20260606_162040\ERROR_LEDGER__COMMAND_CENTER_UI_LANE_LIVE_INSTALL_HUMAN_AUTHORIZATION_GATE_V1_20260606.md","Same relative path and SHA256 already present in repo for ROOT_HOUSE_WORK.","F81F450A425E623B2DB04FFFF8F6DB1995F81671346429D5CDE94FE03F094028","303"
"REMOVED_ROOT_DUPLICATE_AFTER_HASH_MATCH","C:\Users\13527\Desktop\123\HOUSE_WORK\PROJECT_COMMAND_CENTER_UI_LANE\LIVE_INSTALL_HUMAN_AUTHORIZATION_GATE\COMMAND_CENTER_UI_LANE_LIVE_INSTALL_HUMAN_AUTHORIZATION_GATE_V1_20260606_162040\LOCKED_TERMS__COMMAND_CENTER_UI_LANE_LIVE_INSTALL_V1_20260606.md","C:\Users\13527\Desktop\123\Jxhnny_Kl33N_Seedz\HOUSE_WORK\PROJECT_COMMAND_CENTER_UI_LANE\LIVE_INSTALL_HUMAN_AUTHORIZATION_GATE\COMMAND_CENTER_UI_LANE_LIVE_INSTALL_HUMAN_AUTHORIZATION_GATE_V1_20260606_162040\LOCKED_TERMS__COMMAND_CENTER_UI_LANE_LIVE_INSTALL_V1_20260606.md","Same relative path and SHA256 already present in repo for ROOT_HOUSE_WORK.","49C48769D3E6D1E7F4722B9E6E4E91774685B08AC7C2C09B8CBFE1BE0E64E367","2614"
"REMOVED_ROOT_DUPLICATE_AFTER_HASH_MATCH","C:\Users\13527\Desktop\123\HOUSE_WORK\PROJECT_COMMAND_CENTER_UI_LANE\LIVE_INSTALL_HUMAN_AUTHORIZATION_GATE\COMMAND_CENTER_UI_LANE_LIVE_INSTALL_HUMAN_AUTHORIZATION_GATE_V1_20260606_162040\NEXT_OBJECT_CARD__COMMAND_CENTER_UI_LANE_LIVE_INSTALL_EXECUTION_PLAN_GATE_V1_20260606.md","C:\Users\13527\Desktop\123\Jxhnny_Kl33N_Seedz\HOUSE_WORK\PROJECT_COMMAND_CENTER_UI_LANE\LIVE_INSTALL_HUMAN_AUTHORIZATION_GATE\COMMAND_CENTER_UI_LANE_LIVE_INSTALL_HUMAN_AUTHORIZATION_GATE_V1_20260606_162040\NEXT_OBJECT_CARD__COMMAND_CENTER_UI_LANE_LIVE_INSTALL_EXECUTION_PLAN_GATE_V1_20260606.md","Same relative path and SHA256 already present in repo for ROOT_HOUSE_WORK.","3A831A6C711416C1678B90582CD7986687EDFB66A365A14DC30A4950CE5B9D0E","1024"
"REMOVED_ROOT_DUPLICATE_AFTER_HASH_MATCH","C:\Users\13527\Desktop\123\HOUSE_WORK\PROJECT_COMMAND_CENTER_UI_LANE\LIVE_INSTALL_HUMAN_AUTHORIZATION_GATE\COMMAND_CENTER_UI_LANE_LIVE_INSTALL_HUMAN_AUTHORIZATION_GATE_V1_20260606_162040\OUTPUT__WORK_ENTRYPOINT_VERIFY_FOR_HUMAN_AUTHORIZATION_GATE.txt","C:\Users\13527\Desktop\123\Jxhnny_Kl33N_Seedz\HOUSE_WORK\PROJECT_COMMAND_CENTER_UI_LANE\LIVE_INSTALL_HUMAN_AUTHORIZATION_GATE\COMMAND_CENTER_UI_LANE_LIVE_INSTALL_HUMAN_AUTHORIZATION_GATE_V1_20260606_162040\OUTPUT__WORK_ENTRYPOINT_VERIFY_FOR_HUMAN_AUTHORIZATION_GATE.txt","Same relative path and SHA256 already present in repo for ROOT_HOUSE_WORK.","1547E490E3188082F53B697E563CCA2C4522F6FFBF0D9EB3B9F49554E635205D","560"
"REMOVED_ROOT_DUPLICATE_AFTER_HASH_MATCH","C:\Users\13527\Desktop\123\HOUSE_WORK\PROJECT_COMMAND_CENTER_UI_LANE\LIVE_INSTALL_HUMAN_AUTHORIZATION_GATE\COMMAND_CENTER_UI_LANE_LIVE_INSTALL_HUMAN_AUTHORIZATION_GATE_V1_20260606_162040\PENDING_CARD__COMMAND_CENTER_UI_LANE_LIVE_INSTALL_AUTHORIZATION_V1_20260606.md","C:\Users\13527\Desktop\123\Jxhnny_Kl33N_Seedz\HOUSE_WORK\PROJECT_COMMAND_CENTER_UI_LANE\LIVE_INSTALL_HUMAN_AUTHORIZATION_GATE\COMMAND_CENTER_UI_LANE_LIVE_INSTALL_HUMAN_AUTHORIZATION_GATE_V1_20260606_162040\PENDING_CARD__COMMAND_CENTER_UI_LANE_LIVE_INSTALL_AUTHORIZATION_V1_20260606.md","Same relative path and SHA256 already present in repo for ROOT_HOUSE_WORK.","7E51488DF24AACB26478FA19346E94738622F852CDCD931E91D890A7FE859B73","790"
"REMOVED_ROOT_DUPLICATE_AFTER_HASH_MATCH","C:\Users\13527\Desktop\123\HOUSE_WORK\PROJECT_COMMAND_CENTER_UI_LANE\LIVE_INSTALL_HUMAN_AUTHORIZATION_GATE\COMMAND_CENTER_UI_LANE_LIVE_INSTALL_HUMAN_AUTHORIZATION_GATE_V1_20260606_162040\RECEIPT__COMMAND_CENTER_UI_LANE_LIVE_INSTALL_HUMAN_AUTHORIZATION_GATE_V1_20260606.md","C:\Users\13527\Desktop\123\Jxhnny_Kl33N_Seedz\HOUSE_WORK\PROJECT_COMMAND_CENTER_UI_LANE\LIVE_INSTALL_HUMAN_AUTHORIZATION_GATE\COMMAND_CENTER_UI_LANE_LIVE_INSTALL_HUMAN_AUTHORIZATION_GATE_V1_20260606_162040\RECEIPT__COMMAND_CENTER_UI_LANE_LIVE_INSTALL_HUMAN_AUTHORIZATION_GATE_V1_20260606.md","Same relative path and SHA256 already present in repo for ROOT_HOUSE_WORK.","F4CA7B5FFC8855AA6EB2A165DF982FCF6585995ABA276E1952FD06395E290792","3007"
"REMOVED_ROOT_DUPLICATE_AFTER_HASH_MATCH","C:\Users\13527\Desktop\123\HOUSE_WORK\PROJECT_COMMAND_CENTER_UI_LANE\LIVE_INSTALL_HUMAN_AUTHORIZATION_GATE\COMMAND_CENTER_UI_LANE_LIVE_INSTALL_HUMAN_AUTHORIZATION_GATE_V1_20260606_162115\COMMAND_CENTER_UI_LANE_LIVE_INSTALL_HUMAN_AUTHORIZATION_PACKET_V1_20260606.md","C:\Users\13527\Desktop\123\Jxhnny_Kl33N_Seedz\HOUSE_WORK\PROJECT_COMMAND_CENTER_UI_LANE\LIVE_INSTALL_HUMAN_AUTHORIZATION_GATE\COMMAND_CENTER_UI_LANE_LIVE_INSTALL_HUMAN_AUTHORIZATION_GATE_V1_20260606_162115\COMMAND_CENTER_UI_LANE_LIVE_INSTALL_HUMAN_AUTHORIZATION_PACKET_V1_20260606.md","Same relative path and SHA256 already present in repo for ROOT_HOUSE_WORK.","119C8A5D0DDDAA0940F53508CE080F9EBB95BE377F90F0B5CDAE38E5B26C60E9","3376"
"REMOVED_ROOT_DUPLICATE_AFTER_HASH_MATCH","C:\Users\13527\Desktop\123\HOUSE_WORK\PROJECT_COMMAND_CENTER_UI_LANE\LIVE_INSTALL_HUMAN_AUTHORIZATION_GATE\COMMAND_CENTER_UI_LANE_LIVE_INSTALL_HUMAN_AUTHORIZATION_GATE_V1_20260606_162115\ERROR_LEDGER__COMMAND_CENTER_UI_LANE_LIVE_INSTALL_HUMAN_AUTHORIZATION_GATE_V1_20260606.md","C:\Users\13527\Desktop\123\Jxhnny_Kl33N_Seedz\HOUSE_WORK\PROJECT_COMMAND_CENTER_UI_LANE\LIVE_INSTALL_HUMAN_AUTHORIZATION_GATE\COMMAND_CENTER_UI_LANE_LIVE_INSTALL_HUMAN_AUTHORIZATION_GATE_V1_20260606_162115\ERROR_LEDGER__COMMAND_CENTER_UI_LANE_LIVE_INSTALL_HUMAN_AUTHORIZATION_GATE_V1_20260606.md","Same relative path and SHA256 already present in repo for ROOT_HOUSE_WORK.","805A66C27DDB9BB1078C889C316C92A7B7A0710BC55C3C6D0D11341CDF0E6EBE","303"
"REMOVED_ROOT_DUPLICATE_AFTER_HASH_MATCH","C:\Users\13527\Desktop\123\HOUSE_WORK\PROJECT_COMMAND_CENTER_UI_LANE\LIVE_INSTALL_HUMAN_AUTHORIZATION_GATE\COMMAND_CENTER_UI_LANE_LIVE_INSTALL_HUMAN_AUTHORIZATION_GATE_V1_20260606_162115\LOCKED_TERMS__COMMAND_CENTER_UI_LANE_LIVE_INSTALL_V1_20260606.md","C:\Users\13527\Desktop\123\Jxhnny_Kl33N_Seedz\HOUSE_WORK\PROJECT_COMMAND_CENTER_UI_LANE\LIVE_INSTALL_HUMAN_AUTHORIZATION_GATE\COMMAND_CENTER_UI_LANE_LIVE_INSTALL_HUMAN_AUTHORIZATION_GATE_V1_20260606_162115\LOCKED_TERMS__COMMAND_CENTER_UI_LANE_LIVE_INSTALL_V1_20260606.md","Same relative path and SHA256 already present in repo for ROOT_HOUSE_WORK.","E714205DB6CFF3EAB50BFBEB2DD55D2418863140C43AFF6DE507F7884A166872","2628"
"REMOVED_ROOT_DUPLICATE_AFTER_HASH_MATCH","C:\Users\13527\Desktop\123\HOUSE_WORK\PROJECT_COMMAND_CENTER_UI_LANE\LIVE_INSTALL_HUMAN_AUTHORIZATION_GATE\COMMAND_CENTER_UI_LANE_LIVE_INSTALL_HUMAN_AUTHORIZATION_GATE_V1_20260606_162115\NEXT_OBJECT_CARD__COMMAND_CENTER_UI_LANE_LIVE_INSTALL_EXECUTION_PLAN_GATE_V1_20260606.md","C:\Users\13527\Desktop\123\Jxhnny_Kl33N_Seedz\HOUSE_WORK\PROJECT_COMMAND_CENTER_UI_LANE\LIVE_INSTALL_HUMAN_AUTHORIZATION_GATE\COMMAND_CENTER_UI_LANE_LIVE_INSTALL_HUMAN_AUTHORIZATION_GATE_V1_20260606_162115\NEXT_OBJECT_CARD__COMMAND_CENTER_UI_LANE_LIVE_INSTALL_EXECUTION_PLAN_GATE_V1_20260606.md","Same relative path and SHA256 already present in repo for ROOT_HOUSE_WORK.","6C5EFBA165D418CE9ED9547447D322209EDE77BFF39CEBD6D476F7D75E56C54E","1019"
"REMOVED_ROOT_DUPLICATE_AFTER_HASH_MATCH","C:\Users\13527\Desktop\123\HOUSE_WORK\PROJECT_COMMAND_CENTER_UI_LANE\LIVE_INSTALL_HUMAN_AUTHORIZATION_GATE\COMMAND_CENTER_UI_LANE_LIVE_INSTALL_HUMAN_AUTHORIZATION_GATE_V1_20260606_162115\OUTPUT__WORK_ENTRYPOINT_VERIFY_FOR_HUMAN_AUTHORIZATION_GATE.txt","C:\Users\13527\Desktop\123\Jxhnny_Kl33N_Seedz\HOUSE_WORK\PROJECT_COMMAND_CENTER_UI_LANE\LIVE_INSTALL_HUMAN_AUTHORIZATION_GATE\COMMAND_CENTER_UI_LANE_LIVE_INSTALL_HUMAN_AUTHORIZATION_GATE_V1_20260606_162115\OUTPUT__WORK_ENTRYPOINT_VERIFY_FOR_HUMAN_AUTHORIZATION_GATE.txt","Same relative path and SHA256 already present in repo for ROOT_HOUSE_WORK.","C4D164F9E4EF8FCA7C7BD1EADD33B66124213F2F71BD84F6C2DB5AC40E88BDA4","560"
"REMOVED_ROOT_DUPLICATE_AFTER_HASH_MATCH","C:\Users\13527\Desktop\123\HOUSE_WORK\PROJECT_COMMAND_CENTER_UI_LANE\LIVE_INSTALL_HUMAN_AUTHORIZATION_GATE\COMMAND_CENTER_UI_LANE_LIVE_INSTALL_HUMAN_AUTHORIZATION_GATE_V1_20260606_162115\PENDING_CARD__COMMAND_CENTER_UI_LANE_LIVE_INSTALL_AUTHORIZATION_V1_20260606.md","C:\Users\13527\Desktop\123\Jxhnny_Kl33N_Seedz\HOUSE_WORK\PROJECT_COMMAND_CENTER_UI_LANE\LIVE_INSTALL_HUMAN_AUTHORIZATION_GATE\COMMAND_CENTER_UI_LANE_LIVE_INSTALL_HUMAN_AUTHORIZATION_GATE_V1_20260606_162115\PENDING_CARD__COMMAND_CENTER_UI_LANE_LIVE_INSTALL_AUTHORIZATION_V1_20260606.md","Same relative path and SHA256 already present in repo for ROOT_HOUSE_WORK.","D6919959D9D5C14FDC31C1089442598B676F4269CB765ECD847D279BC70ACE5C","808"
"REMOVED_ROOT_DUPLICATE_AFTER_HASH_MATCH","C:\Users\13527\Desktop\123\HOUSE_WORK\PROJECT_COMMAND_CENTER_UI_LANE\LIVE_INSTALL_HUMAN_AUTHORIZATION_GATE\COMMAND_CENTER_UI_LANE_LIVE_INSTALL_HUMAN_AUTHORIZATION_GATE_V1_20260606_162115\RECEIPT__COMMAND_CENTER_UI_LANE_LIVE_INSTALL_HUMAN_AUTHORIZATION_GATE_V1_20260606.md","C:\Users\13527\Desktop\123\Jxhnny_Kl33N_Seedz\HOUSE_WORK\PROJECT_COMMAND_CENTER_UI_LANE\LIVE_INSTALL_HUMAN_AUTHORIZATION_GATE\COMMAND_CENTER_UI_LANE_LIVE_INSTALL_HUMAN_AUTHORIZATION_GATE_V1_20260606_162115\RECEIPT__COMMAND_CENTER_UI_LANE_LIVE_INSTALL_HUMAN_AUTHORIZATION_GATE_V1_20260606.md","Same relative path and SHA256 already present in repo for ROOT_HOUSE_WORK.","00A4835B02636B0022984943C8AC9133167F71E497AC6B3C79C532F1AB80CF1D","3072"
"REMOVED_ROOT_DUPLICATE_AFTER_HASH_MATCH","C:\Users\13527\Desktop\123\HOUSE_WORK\PROJECT_COMMAND_CENTER_UI_LANE\LIVE_INSTALL_HUMAN_AUTHORIZATION_GATE\WRITER_RECEIPTS\WRITE_COMMAND_CENTER_UI_LANE_LIVE_INSTALL_HUMAN_AUTHORIZATION_GATE_V1_20260606_162040\RECEIPT__WRITE_COMMAND_CENTER_UI_LANE_LIVE_INSTALL_HUMAN_AUTHORIZATION_GATE_V1_20260606.md","C:\Users\13527\Desktop\123\Jxhnny_Kl33N_Seedz\HOUSE_WORK\PROJECT_COMMAND_CENTER_UI_LANE\LIVE_INSTALL_HUMAN_AUTHORIZATION_GATE\WRITER_RECEIPTS\WRITE_COMMAND_CENTER_UI_LANE_LIVE_INSTALL_HUMAN_AUTHORIZATION_GATE_V1_20260606_162040\RECEIPT__WRITE_COMMAND_CENTER_UI_LANE_LIVE_INSTALL_HUMAN_AUTHORIZATION_GATE_V1_20260606.md","Same relative path and SHA256 already present in repo for ROOT_HOUSE_WORK.","2B69BE9D49007618EAD54822BDCC486D63765EE03FAFE7CCFDB23E4740781648","2158"
"REMOVED_ROOT_DUPLICATE_AFTER_HASH_MATCH","C:\Users\13527\Desktop\123\HOUSE_WORK\PROJECT_COMMAND_CENTER_UI_LANE\LIVE_INSTALL_HUMAN_AUTHORIZATION_GATE\WRITER_RECEIPTS\WRITE_COMMAND_CENTER_UI_LANE_LIVE_INSTALL_HUMAN_AUTHORIZATION_GATE_V1_20260606_162040\VERIFY_OUTPUT__COMMAND_CENTER_UI_LANE_LIVE_INSTALL_HUMAN_AUTHORIZATION_GATE_V1_20260606.txt","C:\Users\13527\Desktop\123\Jxhnny_Kl33N_Seedz\HOUSE_WORK\PROJECT_COMMAND_CENTER_UI_LANE\LIVE_INSTALL_HUMAN_AUTHORIZATION_GATE\WRITER_RECEIPTS\WRITE_COMMAND_CENTER_UI_LANE_LIVE_INSTALL_HUMAN_AUTHORIZATION_GATE_V1_20260606_162040\VERIFY_OUTPUT__COMMAND_CENTER_UI_LANE_LIVE_INSTALL_HUMAN_AUTHORIZATION_GATE_V1_20260606.txt","Same relative path and SHA256 already present in repo for ROOT_HOUSE_WORK.","7893E68AB1FF9EF914DB14BF43C65751A3F9BCB98CAD19BE121FB4C85888419E","938"
"REMOVED_ROOT_DUPLICATE_AFTER_HASH_MATCH","C:\Users\13527\Desktop\123\HOUSE_WORK\PROJECT_COMMAND_CENTER_UI_LANE\LIVE_INSTALL_PREP_GATE\CURRENT_COMMAND_CENTER_UI_LANE_LIVE_INSTALL_PREP_GATE_STATUS.json","C:\Users\13527\Desktop\123\Jxhnny_Kl33N_Seedz\HOUSE_WORK\PROJECT_COMMAND_CENTER_UI_LANE\LIVE_INSTALL_PREP_GATE\CURRENT_COMMAND_CENTER_UI_LANE_LIVE_INSTALL_PREP_GATE_STATUS.json","Same relative path and SHA256 already present in repo for ROOT_HOUSE_WORK.","10CFE5CCBE8250D19CD50A0B02898C2007637CEEE540418973422493F8AE4B79","3870"
"REMOVED_ROOT_DUPLICATE_AFTER_HASH_MATCH","C:\Users\13527\Desktop\123\HOUSE_WORK\PROJECT_COMMAND_CENTER_UI_LANE\LIVE_INSTALL_PREP_GATE\CURRENT_COMMAND_CENTER_UI_LANE_LIVE_INSTALL_PREP_GATE_STATUS.md","C:\Users\13527\Desktop\123\Jxhnny_Kl33N_Seedz\HOUSE_WORK\PROJECT_COMMAND_CENTER_UI_LANE\LIVE_INSTALL_PREP_GATE\CURRENT_COMMAND_CENTER_UI_LANE_LIVE_INSTALL_PREP_GATE_STATUS.md","Same relative path and SHA256 already present in repo for ROOT_HOUSE_WORK.","9FB21EC988DF6A8D5B7B2F9783BDCC7EF6CF47628EFBA012DB2B7DB675E36C30","3862"
"REMOVED_ROOT_DUPLICATE_AFTER_HASH_MATCH","C:\Users\13527\Desktop\123\HOUSE_WORK\PROJECT_COMMAND_CENTER_UI_LANE\LIVE_INSTALL_PREP_GATE\COMMAND_CENTER_UI_LANE_LIVE_INSTALL_PREP_GATE_V1_20260606_161719\COMMAND_CENTER_UI_LANE_LIVE_INSTALL_PREP_GATE_PACKET_V1_20260606.md","C:\Users\13527\Desktop\123\Jxhnny_Kl33N_Seedz\HOUSE_WORK\PROJECT_COMMAND_CENTER_UI_LANE\LIVE_INSTALL_PREP_GATE\COMMAND_CENTER_UI_LANE_LIVE_INSTALL_PREP_GATE_V1_20260606_161719\COMMAND_CENTER_UI_LANE_LIVE_INSTALL_PREP_GATE_PACKET_V1_20260606.md","Same relative path and SHA256 already present in repo for ROOT_HOUSE_WORK.","E555AFF9F380C1D211ECD426B7145B3F8BC95898ABCFCA35F85E69F3125CDBCD","3820"
"REMOVED_ROOT_DUPLICATE_AFTER_HASH_MATCH","C:\Users\13527\Desktop\123\HOUSE_WORK\PROJECT_COMMAND_CENTER_UI_LANE\LIVE_INSTALL_PREP_GATE\COMMAND_CENTER_UI_LANE_LIVE_INSTALL_PREP_GATE_V1_20260606_161719\ERROR_LEDGER__COMMAND_CENTER_UI_LANE_LIVE_INSTALL_PREP_GATE_V1_20260606.md","C:\Users\13527\Desktop\123\Jxhnny_Kl33N_Seedz\HOUSE_WORK\PROJECT_COMMAND_CENTER_UI_LANE\LIVE_INSTALL_PREP_GATE\COMMAND_CENTER_UI_LANE_LIVE_INSTALL_PREP_GATE_V1_20260606_161719\ERROR_LEDGER__COMMAND_CENTER_UI_LANE_LIVE_INSTALL_PREP_GATE_V1_20260606.md","Same relative path and SHA256 already present in repo for ROOT_HOUSE_WORK.","EF9C8E646BBC3340D36C1F7CADFC538C102D3B371986ABC1E0735DCF7E8AAA22","288"
"REMOVED_ROOT_DUPLICATE_AFTER_HASH_MATCH","C:\Users\13527\Desktop\123\HOUSE_WORK\PROJECT_COMMAND_CENTER_UI_LANE\LIVE_INSTALL_PREP_GATE\COMMAND_CENTER_UI_LANE_LIVE_INSTALL_PREP_GATE_V1_20260606_161719\HASH_LEDGER_SOURCE__COMMAND_CENTER_UI_LANE_V1_20260606.md","C:\Users\13527\Desktop\123\Jxhnny_Kl33N_Seedz\HOUSE_WORK\PROJECT_COMMAND_CENTER_UI_LANE\LIVE_INSTALL_PREP_GATE\COMMAND_CENTER_UI_LANE_LIVE_INSTALL_PREP_GATE_V1_20260606_161719\HASH_LEDGER_SOURCE__COMMAND_CENTER_UI_LANE_V1_20260606.md","Same relative path and SHA256 already present in repo for ROOT_HOUSE_WORK.","C6007F577A29996A5FDE3F32B198CA73792ED8430684540A45558D8C78A6C3E2","35023"
"REMOVED_ROOT_DUPLICATE_AFTER_HASH_MATCH","C:\Users\13527\Desktop\123\HOUSE_WORK\PROJECT_COMMAND_CENTER_UI_LANE\LIVE_INSTALL_PREP_GATE\COMMAND_CENTER_UI_LANE_LIVE_INSTALL_PREP_GATE_V1_20260606_161719\HASH_LEDGER_TARGET_BEFORE__COMMAND_CENTER_UI_LANE_V1_20260606.md","C:\Users\13527\Desktop\123\Jxhnny_Kl33N_Seedz\HOUSE_WORK\PROJECT_COMMAND_CENTER_UI_LANE\LIVE_INSTALL_PREP_GATE\COMMAND_CENTER_UI_LANE_LIVE_INSTALL_PREP_GATE_V1_20260606_161719\HASH_LEDGER_TARGET_BEFORE__COMMAND_CENTER_UI_LANE_V1_20260606.md","Same relative path and SHA256 already present in repo for ROOT_HOUSE_WORK.","D37E011C1C13AB03896789818136727554717D4D5D56479616E80E1767F65F99","452"
"REMOVED_ROOT_DUPLICATE_AFTER_HASH_MATCH","C:\Users\13527\Desktop\123\HOUSE_WORK\PROJECT_COMMAND_CENTER_UI_LANE\LIVE_INSTALL_PREP_GATE\COMMAND_CENTER_UI_LANE_LIVE_INSTALL_PREP_GATE_V1_20260606_161719\NEXT_OBJECT_CARD__COMMAND_CENTER_UI_LANE_LIVE_INSTALL_HUMAN_AUTHORIZATION_GATE_V1_20260606.md","C:\Users\13527\Desktop\123\Jxhnny_Kl33N_Seedz\HOUSE_WORK\PROJECT_COMMAND_CENTER_UI_LANE\LIVE_INSTALL_PREP_GATE\COMMAND_CENTER_UI_LANE_LIVE_INSTALL_PREP_GATE_V1_20260606_161719\NEXT_OBJECT_CARD__COMMAND_CENTER_UI_LANE_LIVE_INSTALL_HUMAN_AUTHORIZATION_GATE_V1_20260606.md","Same relative path and SHA256 already present in repo for ROOT_HOUSE_WORK.","5DF88814AC69AD0F351548FEDADE304B9D1E1C19759166ADA7B56C423CF604AE","1004"
"REMOVED_ROOT_DUPLICATE_AFTER_HASH_MATCH","C:\Users\13527\Desktop\123\HOUSE_WORK\PROJECT_COMMAND_CENTER_UI_LANE\LIVE_INSTALL_PREP_GATE\COMMAND_CENTER_UI_LANE_LIVE_INSTALL_PREP_GATE_V1_20260606_161719\OUTPUT__WORK_ENTRYPOINT_VERIFY_FOR_LIVE_INSTALL_PREP_GATE.txt","C:\Users\13527\Desktop\123\Jxhnny_Kl33N_Seedz\HOUSE_WORK\PROJECT_COMMAND_CENTER_UI_LANE\LIVE_INSTALL_PREP_GATE\COMMAND_CENTER_UI_LANE_LIVE_INSTALL_PREP_GATE_V1_20260606_161719\OUTPUT__WORK_ENTRYPOINT_VERIFY_FOR_LIVE_INSTALL_PREP_GATE.txt","Same relative path and SHA256 already present in repo for ROOT_HOUSE_WORK.","2CDD76C003B7EE9FCF098FB307FF33332546264AE82A98B6A70381F3E622A039","560"
"REMOVED_ROOT_DUPLICATE_AFTER_HASH_MATCH","C:\Users\13527\Desktop\123\HOUSE_WORK\PROJECT_COMMAND_CENTER_UI_LANE\LIVE_INSTALL_PREP_GATE\COMMAND_CENTER_UI_LANE_LIVE_INSTALL_PREP_GATE_V1_20260606_161719\PROPOSED_INSTALL_MANIFEST__COMMAND_CENTER_UI_LANE_V1_20260606.json","C:\Users\13527\Desktop\123\Jxhnny_Kl33N_Seedz\HOUSE_WORK\PROJECT_COMMAND_CENTER_UI_LANE\LIVE_INSTALL_PREP_GATE\COMMAND_CENTER_UI_LANE_LIVE_INSTALL_PREP_GATE_V1_20260606_161719\PROPOSED_INSTALL_MANIFEST__COMMAND_CENTER_UI_LANE_V1_20260606.json","Same relative path and SHA256 already present in repo for ROOT_HOUSE_WORK.","99DB5A0D99C3EE6C89076381CA3D78613D45E7E97809EBCADF472F65EA80FC94","40020"
"REMOVED_ROOT_DUPLICATE_AFTER_HASH_MATCH","C:\Users\13527\Desktop\123\HOUSE_WORK\PROJECT_COMMAND_CENTER_UI_LANE\LIVE_INSTALL_PREP_GATE\COMMAND_CENTER_UI_LANE_LIVE_INSTALL_PREP_GATE_V1_20260606_161719\PROPOSED_INSTALL_MANIFEST__COMMAND_CENTER_UI_LANE_V1_20260606.md","C:\Users\13527\Desktop\123\Jxhnny_Kl33N_Seedz\HOUSE_WORK\PROJECT_COMMAND_CENTER_UI_LANE\LIVE_INSTALL_PREP_GATE\COMMAND_CENTER_UI_LANE_LIVE_INSTALL_PREP_GATE_V1_20260606_161719\PROPOSED_INSTALL_MANIFEST__COMMAND_CENTER_UI_LANE_V1_20260606.md","Same relative path and SHA256 already present in repo for ROOT_HOUSE_WORK.","5277B67B89F829DF78E9151D2399B9C2BF135B0CB630DB462C27C24D674CA2F7","19301"
"REMOVED_ROOT_DUPLICATE_AFTER_HASH_MATCH","C:\Users\13527\Desktop\123\HOUSE_WORK\PROJECT_COMMAND_CENTER_UI_LANE\LIVE_INSTALL_PREP_GATE\COMMAND_CENTER_UI_LANE_LIVE_INSTALL_PREP_GATE_V1_20260606_161719\RECEIPT__COMMAND_CENTER_UI_LANE_LIVE_INSTALL_PREP_GATE_V1_20260606.md","C:\Users\13527\Desktop\123\Jxhnny_Kl33N_Seedz\HOUSE_WORK\PROJECT_COMMAND_CENTER_UI_LANE\LIVE_INSTALL_PREP_GATE\COMMAND_CENTER_UI_LANE_LIVE_INSTALL_PREP_GATE_V1_20260606_161719\RECEIPT__COMMAND_CENTER_UI_LANE_LIVE_INSTALL_PREP_GATE_V1_20260606.md","Same relative path and SHA256 already present in repo for ROOT_HOUSE_WORK.","F5F8752D7FFE96914234CBD782CAE0E9FE9A5867FB97DBFA1160813F36B87011","4180"
"REMOVED_ROOT_DUPLICATE_AFTER_HASH_MATCH","C:\Users\13527\Desktop\123\HOUSE_WORK\PROJECT_COMMAND_CENTER_UI_LANE\LIVE_INSTALL_PREP_GATE\COMMAND_CENTER_UI_LANE_LIVE_INSTALL_PREP_GATE_V1_20260606_161719\ROLLBACK_PLAN__COMMAND_CENTER_UI_LANE_V1_20260606.md","C:\Users\13527\Desktop\123\Jxhnny_Kl33N_Seedz\HOUSE_WORK\PROJECT_COMMAND_CENTER_UI_LANE\LIVE_INSTALL_PREP_GATE\COMMAND_CENTER_UI_LANE_LIVE_INSTALL_PREP_GATE_V1_20260606_161719\ROLLBACK_PLAN__COMMAND_CENTER_UI_LANE_V1_20260606.md","Same relative path and SHA256 already present in repo for ROOT_HOUSE_WORK.","37866E7C190E3A1F84E833A8603962CA225029291963BB13FCECF74640EE78FB","851"
"REMOVED_ROOT_DUPLICATE_AFTER_HASH_MATCH","C:\Users\13527\Desktop\123\HOUSE_WORK\PROJECT_COMMAND_CENTER_UI_LANE\LIVE_INSTALL_PREP_GATE\COMMAND_CENTER_UI_LANE_LIVE_INSTALL_PREP_GATE_V1_20260606_161719\TARGET_COLLISION_MAP__COMMAND_CENTER_UI_LANE_V1_20260606.md","C:\Users\13527\Desktop\123\Jxhnny_Kl33N_Seedz\HOUSE_WORK\PROJECT_COMMAND_CENTER_UI_LANE\LIVE_INSTALL_PREP_GATE\COMMAND_CENTER_UI_LANE_LIVE_INSTALL_PREP_GATE_V1_20260606_161719\TARGET_COLLISION_MAP__COMMAND_CENTER_UI_LANE_V1_20260606.md","Same relative path and SHA256 already present in repo for ROOT_HOUSE_WORK.","DAE7464AA9A768323CAB943DFDC4D1DFBD47DAB907D9931C38FF601C2ECB63BD","338"
"REMOVED_ROOT_DUPLICATE_AFTER_HASH_MATCH","C:\Users\13527\Desktop\123\HOUSE_WORK\PROJECT_COMMAND_CENTER_UI_LANE\LIVE_INSTALL_RUN_AUTHORIZATION_GATE\COMMAND_CENTER_UI_LANE_LIVE_INSTALL_RUN_AUTHORIZATION_GATE_CARD_V1_20260606.md","C:\Users\13527\Desktop\123\Jxhnny_Kl33N_Seedz\HOUSE_WORK\PROJECT_COMMAND_CENTER_UI_LANE\LIVE_INSTALL_RUN_AUTHORIZATION_GATE\COMMAND_CENTER_UI_LANE_LIVE_INSTALL_RUN_AUTHORIZATION_GATE_CARD_V1_20260606.md","Same relative path and SHA256 already present in repo for ROOT_HOUSE_WORK.","5EFC120D6C6D3DF2E80A6582BE85EDC303017D40CE89C2B275FF94C65C89FA8D","1305"
"REMOVED_ROOT_DUPLICATE_AFTER_HASH_MATCH","C:\Users\13527\Desktop\123\HOUSE_WORK\PROJECT_COMMAND_CENTER_UI_LANE\LIVE_INSTALL_RUN_AUTHORIZATION_GATE\COMMAND_CENTER_UI_LANE_LIVE_INSTALL_RUN_AUTHORIZATION_GATE_V1_20260606.ps1","C:\Users\13527\Desktop\123\Jxhnny_Kl33N_Seedz\HOUSE_WORK\PROJECT_COMMAND_CENTER_UI_LANE\LIVE_INSTALL_RUN_AUTHORIZATION_GATE\COMMAND_CENTER_UI_LANE_LIVE_INSTALL_RUN_AUTHORIZATION_GATE_V1_20260606.ps1","Same relative path and SHA256 already present in repo for ROOT_HOUSE_WORK.","189CB5AD3E8A961BD6BEF17DD4938B697173681BE209EC7B09DDB3E5AFB9B172","25390"
"REMOVED_ROOT_DUPLICATE_AFTER_HASH_MATCH","C:\Users\13527\Desktop\123\HOUSE_WORK\PROJECT_COMMAND_CENTER_UI_LANE\LIVE_INSTALL_RUN_AUTHORIZATION_GATE\CURRENT_COMMAND_CENTER_UI_LANE_LIVE_INSTALL_RUN_AUTHORIZATION_STATUS.json","C:\Users\13527\Desktop\123\Jxhnny_Kl33N_Seedz\HOUSE_WORK\PROJECT_COMMAND_CENTER_UI_LANE\LIVE_INSTALL_RUN_AUTHORIZATION_GATE\CURRENT_COMMAND_CENTER_UI_LANE_LIVE_INSTALL_RUN_AUTHORIZATION_STATUS.json","Same relative path and SHA256 already present in repo for ROOT_HOUSE_WORK.","2D19C6CA8F8727079989266FB54FEFF3F637947733E5B9686BEC884D1561AA64","3210"
"REMOVED_ROOT_DUPLICATE_AFTER_HASH_MATCH","C:\Users\13527\Desktop\123\HOUSE_WORK\PROJECT_COMMAND_CENTER_UI_LANE\LIVE_INSTALL_RUN_AUTHORIZATION_GATE\CURRENT_COMMAND_CENTER_UI_LANE_LIVE_INSTALL_RUN_AUTHORIZATION_STATUS.md","C:\Users\13527\Desktop\123\Jxhnny_Kl33N_Seedz\HOUSE_WORK\PROJECT_COMMAND_CENTER_UI_LANE\LIVE_INSTALL_RUN_AUTHORIZATION_GATE\CURRENT_COMMAND_CENTER_UI_LANE_LIVE_INSTALL_RUN_AUTHORIZATION_STATUS.md","Same relative path and SHA256 already present in repo for ROOT_HOUSE_WORK.","3A4FAEB4CFD71974FDBCAE76FA6A9CFFCADF401D91B0DFAB5921A5108BCC2113","3246"
"REMOVED_ROOT_DUPLICATE_AFTER_HASH_MATCH","C:\Users\13527\Desktop\123\HOUSE_WORK\PROJECT_COMMAND_CENTER_UI_LANE\LIVE_INSTALL_RUN_AUTHORIZATION_GATE\COMMAND_CENTER_UI_LANE_LIVE_INSTALL_RUN_AUTHORIZATION_GATE_V1_20260606_164029\COMMAND_CENTER_UI_LANE_LIVE_INSTALL_RUN_AUTHORIZATION_PACKET_V1_20260606.md","C:\Users\13527\Desktop\123\Jxhnny_Kl33N_Seedz\HOUSE_WORK\PROJECT_COMMAND_CENTER_UI_LANE\LIVE_INSTALL_RUN_AUTHORIZATION_GATE\COMMAND_CENTER_UI_LANE_LIVE_INSTALL_RUN_AUTHORIZATION_GATE_V1_20260606_164029\COMMAND_CENTER_UI_LANE_LIVE_INSTALL_RUN_AUTHORIZATION_PACKET_V1_20260606.md","Same relative path and SHA256 already present in repo for ROOT_HOUSE_WORK.","BDCB48D1C28C41F85B97ACDB4E2072478E2BF570CDC6EFD8AC0C53EEC0F73DEC","2839"
"REMOVED_ROOT_DUPLICATE_AFTER_HASH_MATCH","C:\Users\13527\Desktop\123\HOUSE_WORK\PROJECT_COMMAND_CENTER_UI_LANE\LIVE_INSTALL_RUN_AUTHORIZATION_GATE\COMMAND_CENTER_UI_LANE_LIVE_INSTALL_RUN_AUTHORIZATION_GATE_V1_20260606_164029\ERROR_LEDGER__COMMAND_CENTER_UI_LANE_LIVE_INSTALL_RUN_AUTHORIZATION_GATE_V1_20260606.md","C:\Users\13527\Desktop\123\Jxhnny_Kl33N_Seedz\HOUSE_WORK\PROJECT_COMMAND_CENTER_UI_LANE\LIVE_INSTALL_RUN_AUTHORIZATION_GATE\COMMAND_CENTER_UI_LANE_LIVE_INSTALL_RUN_AUTHORIZATION_GATE_V1_20260606_164029\ERROR_LEDGER__COMMAND_CENTER_UI_LANE_LIVE_INSTALL_RUN_AUTHORIZATION_GATE_V1_20260606.md","Same relative path and SHA256 already present in repo for ROOT_HOUSE_WORK.","10FB9A5DB0D39AA371A62FC0678828A1C85841F59BC7FC0EEA3A510F6E109E17","321"
"REMOVED_ROOT_DUPLICATE_AFTER_HASH_MATCH","C:\Users\13527\Desktop\123\HOUSE_WORK\PROJECT_COMMAND_CENTER_UI_LANE\LIVE_INSTALL_RUN_AUTHORIZATION_GATE\COMMAND_CENTER_UI_LANE_LIVE_INSTALL_RUN_AUTHORIZATION_GATE_V1_20260606_164029\LOCKED_TERMS__COMMAND_CENTER_UI_LANE_LIVE_INSTALL_EXECUTION_RUN_V1_20260606.md","C:\Users\13527\Desktop\123\Jxhnny_Kl33N_Seedz\HOUSE_WORK\PROJECT_COMMAND_CENTER_UI_LANE\LIVE_INSTALL_RUN_AUTHORIZATION_GATE\COMMAND_CENTER_UI_LANE_LIVE_INSTALL_RUN_AUTHORIZATION_GATE_V1_20260606_164029\LOCKED_TERMS__COMMAND_CENTER_UI_LANE_LIVE_INSTALL_EXECUTION_RUN_V1_20260606.md","Same relative path and SHA256 already present in repo for ROOT_HOUSE_WORK.","04FAA58379E5FDFCFA2635577B572E340E7CF143AE892312BB258ED776E79B32","1220"
"REMOVED_ROOT_DUPLICATE_AFTER_HASH_MATCH","C:\Users\13527\Desktop\123\HOUSE_WORK\PROJECT_COMMAND_CENTER_UI_LANE\LIVE_INSTALL_RUN_AUTHORIZATION_GATE\COMMAND_CENTER_UI_LANE_LIVE_INSTALL_RUN_AUTHORIZATION_GATE_V1_20260606_164029\NEXT_OBJECT_CARD__COMMAND_CENTER_UI_LANE_LIVE_INSTALL_EXECUTION_RUN_V1_20260606.md","C:\Users\13527\Desktop\123\Jxhnny_Kl33N_Seedz\HOUSE_WORK\PROJECT_COMMAND_CENTER_UI_LANE\LIVE_INSTALL_RUN_AUTHORIZATION_GATE\COMMAND_CENTER_UI_LANE_LIVE_INSTALL_RUN_AUTHORIZATION_GATE_V1_20260606_164029\NEXT_OBJECT_CARD__COMMAND_CENTER_UI_LANE_LIVE_INSTALL_EXECUTION_RUN_V1_20260606.md","Same relative path and SHA256 already present in repo for ROOT_HOUSE_WORK.","61364F5446D902C804AB807E56EB3ECE12D0CE9C6704F3D5F29A079FB2D6356C","1241"
"REMOVED_ROOT_DUPLICATE_AFTER_HASH_MATCH","C:\Users\13527\Desktop\123\HOUSE_WORK\PROJECT_COMMAND_CENTER_UI_LANE\LIVE_INSTALL_RUN_AUTHORIZATION_GATE\COMMAND_CENTER_UI_LANE_LIVE_INSTALL_RUN_AUTHORIZATION_GATE_V1_20260606_164029\OUTPUT__WORK_ENTRYPOINT_VERIFY_FOR_RUN_AUTHORIZATION_GATE.txt","C:\Users\13527\Desktop\123\Jxhnny_Kl33N_Seedz\HOUSE_WORK\PROJECT_COMMAND_CENTER_UI_LANE\LIVE_INSTALL_RUN_AUTHORIZATION_GATE\COMMAND_CENTER_UI_LANE_LIVE_INSTALL_RUN_AUTHORIZATION_GATE_V1_20260606_164029\OUTPUT__WORK_ENTRYPOINT_VERIFY_FOR_RUN_AUTHORIZATION_GATE.txt","Same relative path and SHA256 already present in repo for ROOT_HOUSE_WORK.","AC757E7BAA9FEFFCE513A4AD7ED87F0553E244DDCE5750508CA36C9A70D5B514","560"
"REMOVED_ROOT_DUPLICATE_AFTER_HASH_MATCH","C:\Users\13527\Desktop\123\HOUSE_WORK\PROJECT_COMMAND_CENTER_UI_LANE\LIVE_INSTALL_RUN_AUTHORIZATION_GATE\COMMAND_CENTER_UI_LANE_LIVE_INSTALL_RUN_AUTHORIZATION_GATE_V1_20260606_164029\PENDING_CARD__COMMAND_CENTER_UI_LANE_LIVE_INSTALL_RUN_AUTHORIZATION_V1_20260606.md","C:\Users\13527\Desktop\123\Jxhnny_Kl33N_Seedz\HOUSE_WORK\PROJECT_COMMAND_CENTER_UI_LANE\LIVE_INSTALL_RUN_AUTHORIZATION_GATE\COMMAND_CENTER_UI_LANE_LIVE_INSTALL_RUN_AUTHORIZATION_GATE_V1_20260606_164029\PENDING_CARD__COMMAND_CENTER_UI_LANE_LIVE_INSTALL_RUN_AUTHORIZATION_V1_20260606.md","Same relative path and SHA256 already present in repo for ROOT_HOUSE_WORK.","3FAE3FABBCB3375B58C970EA1B1CB42F7CA026E3408B9D1355B6C158A51F0D80","751"
"REMOVED_ROOT_DUPLICATE_AFTER_HASH_MATCH","C:\Users\13527\Desktop\123\HOUSE_WORK\PROJECT_COMMAND_CENTER_UI_LANE\LIVE_INSTALL_RUN_AUTHORIZATION_GATE\COMMAND_CENTER_UI_LANE_LIVE_INSTALL_RUN_AUTHORIZATION_GATE_V1_20260606_164029\RECEIPT__COMMAND_CENTER_UI_LANE_LIVE_INSTALL_RUN_AUTHORIZATION_GATE_V1_20260606.md","C:\Users\13527\Desktop\123\Jxhnny_Kl33N_Seedz\HOUSE_WORK\PROJECT_COMMAND_CENTER_UI_LANE\LIVE_INSTALL_RUN_AUTHORIZATION_GATE\COMMAND_CENTER_UI_LANE_LIVE_INSTALL_RUN_AUTHORIZATION_GATE_V1_20260606_164029\RECEIPT__COMMAND_CENTER_UI_LANE_LIVE_INSTALL_RUN_AUTHORIZATION_GATE_V1_20260606.md","Same relative path and SHA256 already present in repo for ROOT_HOUSE_WORK.","25AC4730F803A3BE07C758E095CAC788E63A958785CD88CC66854F6DE2C59C92","3007"
"REMOVED_ROOT_DUPLICATE_AFTER_HASH_MATCH","C:\Users\13527\Desktop\123\HOUSE_WORK\PROJECT_COMMAND_CENTER_UI_LANE\LIVE_INSTALL_RUN_AUTHORIZATION_GATE\COMMAND_CENTER_UI_LANE_LIVE_INSTALL_RUN_AUTHORIZATION_GATE_V1_20260606_164212\COMMAND_CENTER_UI_LANE_LIVE_INSTALL_RUN_AUTHORIZATION_PACKET_V1_20260606.md","C:\Users\13527\Desktop\123\Jxhnny_Kl33N_Seedz\HOUSE_WORK\PROJECT_COMMAND_CENTER_UI_LANE\LIVE_INSTALL_RUN_AUTHORIZATION_GATE\COMMAND_CENTER_UI_LANE_LIVE_INSTALL_RUN_AUTHORIZATION_GATE_V1_20260606_164212\COMMAND_CENTER_UI_LANE_LIVE_INSTALL_RUN_AUTHORIZATION_PACKET_V1_20260606.md","Same relative path and SHA256 already present in repo for ROOT_HOUSE_WORK.","00C6739BE5A677180773B6A17BFA8C59BB8F988292B2319AAA211CA5F92E69F8","2865"
"REMOVED_ROOT_DUPLICATE_AFTER_HASH_MATCH","C:\Users\13527\Desktop\123\HOUSE_WORK\PROJECT_COMMAND_CENTER_UI_LANE\LIVE_INSTALL_RUN_AUTHORIZATION_GATE\COMMAND_CENTER_UI_LANE_LIVE_INSTALL_RUN_AUTHORIZATION_GATE_V1_20260606_164212\ERROR_LEDGER__COMMAND_CENTER_UI_LANE_LIVE_INSTALL_RUN_AUTHORIZATION_GATE_V1_20260606.md","C:\Users\13527\Desktop\123\Jxhnny_Kl33N_Seedz\HOUSE_WORK\PROJECT_COMMAND_CENTER_UI_LANE\LIVE_INSTALL_RUN_AUTHORIZATION_GATE\COMMAND_CENTER_UI_LANE_LIVE_INSTALL_RUN_AUTHORIZATION_GATE_V1_20260606_164212\ERROR_LEDGER__COMMAND_CENTER_UI_LANE_LIVE_INSTALL_RUN_AUTHORIZATION_GATE_V1_20260606.md","Same relative path and SHA256 already present in repo for ROOT_HOUSE_WORK.","5988932CD8CA90CF47C851FEB29DEDD3EA876FFAD27FC69DACE61607A0481DE7","321"
"REMOVED_ROOT_DUPLICATE_AFTER_HASH_MATCH","C:\Users\13527\Desktop\123\HOUSE_WORK\PROJECT_COMMAND_CENTER_UI_LANE\LIVE_INSTALL_RUN_AUTHORIZATION_GATE\COMMAND_CENTER_UI_LANE_LIVE_INSTALL_RUN_AUTHORIZATION_GATE_V1_20260606_164212\LOCKED_TERMS__COMMAND_CENTER_UI_LANE_LIVE_INSTALL_EXECUTION_RUN_V1_20260606.md","C:\Users\13527\Desktop\123\Jxhnny_Kl33N_Seedz\HOUSE_WORK\PROJECT_COMMAND_CENTER_UI_LANE\LIVE_INSTALL_RUN_AUTHORIZATION_GATE\COMMAND_CENTER_UI_LANE_LIVE_INSTALL_RUN_AUTHORIZATION_GATE_V1_20260606_164212\LOCKED_TERMS__COMMAND_CENTER_UI_LANE_LIVE_INSTALL_EXECUTION_RUN_V1_20260606.md","Same relative path and SHA256 already present in repo for ROOT_HOUSE_WORK.","05A1C9B2AE231AD512B9BADFCBE0EF2679ADA02C0FF536C0D38EF52F5803031D","1233"
"REMOVED_ROOT_DUPLICATE_AFTER_HASH_MATCH","C:\Users\13527\Desktop\123\HOUSE_WORK\PROJECT_COMMAND_CENTER_UI_LANE\LIVE_INSTALL_RUN_AUTHORIZATION_GATE\COMMAND_CENTER_UI_LANE_LIVE_INSTALL_RUN_AUTHORIZATION_GATE_V1_20260606_164212\NEXT_OBJECT_CARD__COMMAND_CENTER_UI_LANE_LIVE_INSTALL_EXECUTION_RUN_V1_20260606.md","C:\Users\13527\Desktop\123\Jxhnny_Kl33N_Seedz\HOUSE_WORK\PROJECT_COMMAND_CENTER_UI_LANE\LIVE_INSTALL_RUN_AUTHORIZATION_GATE\COMMAND_CENTER_UI_LANE_LIVE_INSTALL_RUN_AUTHORIZATION_GATE_V1_20260606_164212\NEXT_OBJECT_CARD__COMMAND_CENTER_UI_LANE_LIVE_INSTALL_EXECUTION_RUN_V1_20260606.md","Same relative path and SHA256 already present in repo for ROOT_HOUSE_WORK.","DAD4E0673DCC5E49E1F5648C363C0622BF6D7EF2872699DE68AF9EEE82348F61","1272"
"REMOVED_ROOT_DUPLICATE_AFTER_HASH_MATCH","C:\Users\13527\Desktop\123\HOUSE_WORK\PROJECT_COMMAND_CENTER_UI_LANE\LIVE_INSTALL_RUN_AUTHORIZATION_GATE\COMMAND_CENTER_UI_LANE_LIVE_INSTALL_RUN_AUTHORIZATION_GATE_V1_20260606_164212\OUTPUT__WORK_ENTRYPOINT_VERIFY_FOR_RUN_AUTHORIZATION_GATE.txt","C:\Users\13527\Desktop\123\Jxhnny_Kl33N_Seedz\HOUSE_WORK\PROJECT_COMMAND_CENTER_UI_LANE\LIVE_INSTALL_RUN_AUTHORIZATION_GATE\COMMAND_CENTER_UI_LANE_LIVE_INSTALL_RUN_AUTHORIZATION_GATE_V1_20260606_164212\OUTPUT__WORK_ENTRYPOINT_VERIFY_FOR_RUN_AUTHORIZATION_GATE.txt","Same relative path and SHA256 already present in repo for ROOT_HOUSE_WORK.","119947AA8CFF8EA6234839ADC00DFBAB67E95174D0712C3B4504D6EA94091D9E","560"
"REMOVED_ROOT_DUPLICATE_AFTER_HASH_MATCH","C:\Users\13527\Desktop\123\HOUSE_WORK\PROJECT_COMMAND_CENTER_UI_LANE\LIVE_INSTALL_RUN_AUTHORIZATION_GATE\COMMAND_CENTER_UI_LANE_LIVE_INSTALL_RUN_AUTHORIZATION_GATE_V1_20260606_164212\PENDING_CARD__COMMAND_CENTER_UI_LANE_LIVE_INSTALL_RUN_AUTHORIZATION_V1_20260606.md","C:\Users\13527\Desktop\123\Jxhnny_Kl33N_Seedz\HOUSE_WORK\PROJECT_COMMAND_CENTER_UI_LANE\LIVE_INSTALL_RUN_AUTHORIZATION_GATE\COMMAND_CENTER_UI_LANE_LIVE_INSTALL_RUN_AUTHORIZATION_GATE_V1_20260606_164212\PENDING_CARD__COMMAND_CENTER_UI_LANE_LIVE_INSTALL_RUN_AUTHORIZATION_V1_20260606.md","Same relative path and SHA256 already present in repo for ROOT_HOUSE_WORK.","7DCD1490AECBA23CE7145C4DA766F2548D1879B2A5F8C2C82B617FF0787C0C69","768"
"REMOVED_ROOT_DUPLICATE_AFTER_HASH_MATCH","C:\Users\13527\Desktop\123\HOUSE_WORK\PROJECT_COMMAND_CENTER_UI_LANE\LIVE_INSTALL_RUN_AUTHORIZATION_GATE\COMMAND_CENTER_UI_LANE_LIVE_INSTALL_RUN_AUTHORIZATION_GATE_V1_20260606_164212\RECEIPT__COMMAND_CENTER_UI_LANE_LIVE_INSTALL_RUN_AUTHORIZATION_GATE_V1_20260606.md","C:\Users\13527\Desktop\123\Jxhnny_Kl33N_Seedz\HOUSE_WORK\PROJECT_COMMAND_CENTER_UI_LANE\LIVE_INSTALL_RUN_AUTHORIZATION_GATE\COMMAND_CENTER_UI_LANE_LIVE_INSTALL_RUN_AUTHORIZATION_GATE_V1_20260606_164212\RECEIPT__COMMAND_CENTER_UI_LANE_LIVE_INSTALL_RUN_AUTHORIZATION_GATE_V1_20260606.md","Same relative path and SHA256 already present in repo for ROOT_HOUSE_WORK.","5EECC4AACE6A927763255A870DC5CDE8476B2B43D0FE0D72576D365501AA18C0","3053"
"REMOVED_ROOT_DUPLICATE_AFTER_HASH_MATCH","C:\Users\13527\Desktop\123\HOUSE_WORK\PROJECT_COMMAND_CENTER_UI_LANE\LIVE_INSTALL_RUN_AUTHORIZATION_GATE\WRITER_RECEIPTS\WRITE_COMMAND_CENTER_UI_LANE_LIVE_INSTALL_RUN_AUTHORIZATION_GATE_V1_20260606_164029\ERROR_LEDGER__WRITE_COMMAND_CENTER_UI_LANE_LIVE_INSTALL_RUN_AUTHORIZATION_GATE_V1_20260606.md","C:\Users\13527\Desktop\123\Jxhnny_Kl33N_Seedz\HOUSE_WORK\PROJECT_COMMAND_CENTER_UI_LANE\LIVE_INSTALL_RUN_AUTHORIZATION_GATE\WRITER_RECEIPTS\WRITE_COMMAND_CENTER_UI_LANE_LIVE_INSTALL_RUN_AUTHORIZATION_GATE_V1_20260606_164029\ERROR_LEDGER__WRITE_COMMAND_CENTER_UI_LANE_LIVE_INSTALL_RUN_AUTHORIZATION_GATE_V1_20260606.md","Same relative path and SHA256 already present in repo for ROOT_HOUSE_WORK.","C80F6FB0AC084C855F0851EDD6FE2FBE5639811753434D7AEEBA36A93C73E24A","215"
"REMOVED_ROOT_DUPLICATE_AFTER_HASH_MATCH","C:\Users\13527\Desktop\123\HOUSE_WORK\PROJECT_COMMAND_CENTER_UI_LANE\LIVE_INSTALL_RUN_AUTHORIZATION_GATE\WRITER_RECEIPTS\WRITE_COMMAND_CENTER_UI_LANE_LIVE_INSTALL_RUN_AUTHORIZATION_GATE_V1_20260606_164029\RECEIPT__WRITE_COMMAND_CENTER_UI_LANE_LIVE_INSTALL_RUN_AUTHORIZATION_GATE_V1_20260606.md","C:\Users\13527\Desktop\123\Jxhnny_Kl33N_Seedz\HOUSE_WORK\PROJECT_COMMAND_CENTER_UI_LANE\LIVE_INSTALL_RUN_AUTHORIZATION_GATE\WRITER_RECEIPTS\WRITE_COMMAND_CENTER_UI_LANE_LIVE_INSTALL_RUN_AUTHORIZATION_GATE_V1_20260606_164029\RECEIPT__WRITE_COMMAND_CENTER_UI_LANE_LIVE_INSTALL_RUN_AUTHORIZATION_GATE_V1_20260606.md","Same relative path and SHA256 already present in repo for ROOT_HOUSE_WORK.","1931CCE8577C2155DEB3146C86E9369AC05036C0A6E88A26920A2C5860E5BC5C","2458"
"REMOVED_ROOT_DUPLICATE_AFTER_HASH_MATCH","C:\Users\13527\Desktop\123\HOUSE_WORK\PROJECT_COMMAND_CENTER_UI_LANE\LIVE_INSTALL_RUN_AUTHORIZATION_GATE\WRITER_RECEIPTS\WRITE_COMMAND_CENTER_UI_LANE_LIVE_INSTALL_RUN_AUTHORIZATION_GATE_V1_20260606_164029\VERIFY_OUTPUT__COMMAND_CENTER_UI_LANE_LIVE_INSTALL_RUN_AUTHORIZATION_GATE_V1_20260606.txt","C:\Users\13527\Desktop\123\Jxhnny_Kl33N_Seedz\HOUSE_WORK\PROJECT_COMMAND_CENTER_UI_LANE\LIVE_INSTALL_RUN_AUTHORIZATION_GATE\WRITER_RECEIPTS\WRITE_COMMAND_CENTER_UI_LANE_LIVE_INSTALL_RUN_AUTHORIZATION_GATE_V1_20260606_164029\VERIFY_OUTPUT__COMMAND_CENTER_UI_LANE_LIVE_INSTALL_RUN_AUTHORIZATION_GATE_V1_20260606.txt","Same relative path and SHA256 already present in repo for ROOT_HOUSE_WORK.","730E8C81467D9C40FE3FC8E9E74E08529E6AF7C793791BD646BF9E3138DA0AA2","1102"
"MOVED_STRUCTURED_ROOT_FILE_TO_REPO_LANE","C:\Users\13527\Desktop\123\HOUSE_WORK\PROJECT_COMMAND_CENTER_UI_LANE\LOOSE_FILE_CLEANUP_20260606_184940\LOOSE_FILE_STATUS_BEFORE.txt","C:\Users\13527\Desktop\123\Jxhnny_Kl33N_Seedz\HOUSE_WORK\PROJECT_COMMAND_CENTER_UI_LANE\LOOSE_FILE_CLEANUP_20260606_184940\LOOSE_FILE_STATUS_BEFORE.txt","Structured root ROOT_HOUSE_WORK file was missing from matching git lane.","D6729B3E470FA06CB01340CF425D2986E1F0EC43A031AEB3AF32B5ABE9F54A9D","1960"
"MOVED_STRUCTURED_ROOT_FILE_TO_REPO_LANE","C:\Users\13527\Desktop\123\HOUSE_WORK\PROJECT_COMMAND_CENTER_UI_LANE\LOOSE_FILE_CLEANUP_20260606_185015\LOOSE_FILE_CLASSIFICATION.csv","C:\Users\13527\Desktop\123\Jxhnny_Kl33N_Seedz\HOUSE_WORK\PROJECT_COMMAND_CENTER_UI_LANE\LOOSE_FILE_CLEANUP_20260606_185015\LOOSE_FILE_CLASSIFICATION.csv","Structured root ROOT_HOUSE_WORK file was missing from matching git lane.","3B83C412AF0DB196CE1D09638AE7FBB19D2130B2A8C975B3E2CE9ED0304D4F98","2853"
"MOVED_STRUCTURED_ROOT_FILE_TO_REPO_LANE","C:\Users\13527\Desktop\123\HOUSE_WORK\PROJECT_COMMAND_CENTER_UI_LANE\LOOSE_FILE_CLEANUP_20260606_185015\LOOSE_FILE_STATUS_BEFORE.txt","C:\Users\13527\Desktop\123\Jxhnny_Kl33N_Seedz\HOUSE_WORK\PROJECT_COMMAND_CENTER_UI_LANE\LOOSE_FILE_CLEANUP_20260606_185015\LOOSE_FILE_STATUS_BEFORE.txt","Structured root ROOT_HOUSE_WORK file was missing from matching git lane.","D6729B3E470FA06CB01340CF425D2986E1F0EC43A031AEB3AF32B5ABE9F54A9D","1960"
"MOVED_STRUCTURED_ROOT_FILE_TO_REPO_LANE","C:\Users\13527\Desktop\123\HOUSE_WORK\PROJECT_COMMAND_CENTER_UI_LANE\LOOSE_FILE_CLEANUP_20260606_185015\LOOSE_FILE_STATUS_CLASSIFY_INPUT.txt","C:\Users\13527\Desktop\123\Jxhnny_Kl33N_Seedz\HOUSE_WORK\PROJECT_COMMAND_CENTER_UI_LANE\LOOSE_FILE_CLEANUP_20260606_185015\LOOSE_FILE_STATUS_CLASSIFY_INPUT.txt","Structured root ROOT_HOUSE_WORK file was missing from matching git lane.","D6729B3E470FA06CB01340CF425D2986E1F0EC43A031AEB3AF32B5ABE9F54A9D","1960"
"REMOVED_ROOT_DUPLICATE_AFTER_HASH_MATCH","C:\Users\13527\Desktop\123\HOUSE_WORK\PROJECT_COMMAND_CENTER_UI_LANE\POST_INSTALL_VERIFY_AND_CLOSEOUT_GATE\COMMAND_CENTER_UI_LANE_POST_INSTALL_VERIFY_AND_CLOSEOUT_GATE_CARD_V1_20260606.md","C:\Users\13527\Desktop\123\Jxhnny_Kl33N_Seedz\HOUSE_WORK\PROJECT_COMMAND_CENTER_UI_LANE\POST_INSTALL_VERIFY_AND_CLOSEOUT_GATE\COMMAND_CENTER_UI_LANE_POST_INSTALL_VERIFY_AND_CLOSEOUT_GATE_CARD_V1_20260606.md","Same relative path and SHA256 already present in repo for ROOT_HOUSE_WORK.","BE43FF871BC55CE7E3CD54D3A5E29C0C86DE509270A6D98F0522E761A4ABEE3F","524"
"REMOVED_ROOT_DUPLICATE_AFTER_HASH_MATCH","C:\Users\13527\Desktop\123\HOUSE_WORK\PROJECT_COMMAND_CENTER_UI_LANE\POST_INSTALL_VERIFY_AND_CLOSEOUT_GATE\COMMAND_CENTER_UI_LANE_POST_INSTALL_VERIFY_AND_CLOSEOUT_GATE_V1_20260606.ps1","C:\Users\13527\Desktop\123\Jxhnny_Kl33N_Seedz\HOUSE_WORK\PROJECT_COMMAND_CENTER_UI_LANE\POST_INSTALL_VERIFY_AND_CLOSEOUT_GATE\COMMAND_CENTER_UI_LANE_POST_INSTALL_VERIFY_AND_CLOSEOUT_GATE_V1_20260606.ps1","Same relative path and SHA256 already present in repo for ROOT_HOUSE_WORK.","4DD24DC87935B4126F416F6F645BB8C7CB2999DDEC1D778B693F395EE4A38385","28646"
"REMOVED_ROOT_DUPLICATE_AFTER_HASH_MATCH","C:\Users\13527\Desktop\123\HOUSE_WORK\PROJECT_COMMAND_CENTER_UI_LANE\POST_INSTALL_VERIFY_AND_CLOSEOUT_GATE\CURRENT_COMMAND_CENTER_UI_LANE_INSTALLED_STATUS.json","C:\Users\13527\Desktop\123\Jxhnny_Kl33N_Seedz\HOUSE_WORK\PROJECT_COMMAND_CENTER_UI_LANE\POST_INSTALL_VERIFY_AND_CLOSEOUT_GATE\CURRENT_COMMAND_CENTER_UI_LANE_INSTALLED_STATUS.json","Same relative path and SHA256 already present in repo for ROOT_HOUSE_WORK.","54F799AF51F47102388B5DC48AFD2BB9E09140E629443388CD0EA9F7A18CB7BB","3226"
"REMOVED_ROOT_DUPLICATE_AFTER_HASH_MATCH","C:\Users\13527\Desktop\123\HOUSE_WORK\PROJECT_COMMAND_CENTER_UI_LANE\POST_INSTALL_VERIFY_AND_CLOSEOUT_GATE\CURRENT_COMMAND_CENTER_UI_LANE_INSTALLED_STATUS.md","C:\Users\13527\Desktop\123\Jxhnny_Kl33N_Seedz\HOUSE_WORK\PROJECT_COMMAND_CENTER_UI_LANE\POST_INSTALL_VERIFY_AND_CLOSEOUT_GATE\CURRENT_COMMAND_CENTER_UI_LANE_INSTALLED_STATUS.md","Same relative path and SHA256 already present in repo for ROOT_HOUSE_WORK.","6A14DEBEA494859C45D3A6F1C175C89E6E6D3E8C227FE646EAA550F61D33CDB9","3174"
"REMOVED_ROOT_DUPLICATE_AFTER_HASH_MATCH","C:\Users\13527\Desktop\123\HOUSE_WORK\PROJECT_COMMAND_CENTER_UI_LANE\POST_INSTALL_VERIFY_AND_CLOSEOUT_GATE\COMMAND_CENTER_UI_LANE_POST_INSTALL_VERIFY_AND_CLOSEOUT_GATE_V1_20260606_165024\COMMAND_CENTER_UI_LANE_POST_INSTALL_VERIFY_AND_CLOSEOUT_PACKET_V1_20260606.md","C:\Users\13527\Desktop\123\Jxhnny_Kl33N_Seedz\HOUSE_WORK\PROJECT_COMMAND_CENTER_UI_LANE\POST_INSTALL_VERIFY_AND_CLOSEOUT_GATE\COMMAND_CENTER_UI_LANE_POST_INSTALL_VERIFY_AND_CLOSEOUT_GATE_V1_20260606_165024\COMMAND_CENTER_UI_LANE_POST_INSTALL_VERIFY_AND_CLOSEOUT_PACKET_V1_20260606.md","Same relative path and SHA256 already present in repo for ROOT_HOUSE_WORK.","7A2BC1072E52DB9C9AEC65ADDC096E13CCE27092316534C6988846261E6CC178","2629"
"REMOVED_ROOT_DUPLICATE_AFTER_HASH_MATCH","C:\Users\13527\Desktop\123\HOUSE_WORK\PROJECT_COMMAND_CENTER_UI_LANE\POST_INSTALL_VERIFY_AND_CLOSEOUT_GATE\COMMAND_CENTER_UI_LANE_POST_INSTALL_VERIFY_AND_CLOSEOUT_GATE_V1_20260606_165024\ERROR_LEDGER__COMMAND_CENTER_UI_LANE_POST_INSTALL_VERIFY_AND_CLOSEOUT_GATE_V1_20260606.md","C:\Users\13527\Desktop\123\Jxhnny_Kl33N_Seedz\HOUSE_WORK\PROJECT_COMMAND_CENTER_UI_LANE\POST_INSTALL_VERIFY_AND_CLOSEOUT_GATE\COMMAND_CENTER_UI_LANE_POST_INSTALL_VERIFY_AND_CLOSEOUT_GATE_V1_20260606_165024\ERROR_LEDGER__COMMAND_CENTER_UI_LANE_POST_INSTALL_VERIFY_AND_CLOSEOUT_GATE_V1_20260606.md","Same relative path and SHA256 already present in repo for ROOT_HOUSE_WORK.","132DF711EB3165D34169F53DFBB2F35504DDB4011A68F1CA03687B52BA10ADFF","336"
"REMOVED_ROOT_DUPLICATE_AFTER_HASH_MATCH","C:\Users\13527\Desktop\123\HOUSE_WORK\PROJECT_COMMAND_CENTER_UI_LANE\POST_INSTALL_VERIFY_AND_CLOSEOUT_GATE\COMMAND_CENTER_UI_LANE_POST_INSTALL_VERIFY_AND_CLOSEOUT_GATE_V1_20260606_165024\HASH_LEDGER_TARGET_AFTER_CLOSEOUT__COMMAND_CENTER_UI_LANE_V1_20260606.md","C:\Users\13527\Desktop\123\Jxhnny_Kl33N_Seedz\HOUSE_WORK\PROJECT_COMMAND_CENTER_UI_LANE\POST_INSTALL_VERIFY_AND_CLOSEOUT_GATE\COMMAND_CENTER_UI_LANE_POST_INSTALL_VERIFY_AND_CLOSEOUT_GATE_V1_20260606_165024\HASH_LEDGER_TARGET_AFTER_CLOSEOUT__COMMAND_CENTER_UI_LANE_V1_20260606.md","Same relative path and SHA256 already present in repo for ROOT_HOUSE_WORK.","811C34691A9998F33192B50730F15A096567C1C3780A34D78BC1C7801A0BA626","18514"
"REMOVED_ROOT_DUPLICATE_AFTER_HASH_MATCH","C:\Users\13527\Desktop\123\HOUSE_WORK\PROJECT_COMMAND_CENTER_UI_LANE\POST_INSTALL_VERIFY_AND_CLOSEOUT_GATE\COMMAND_CENTER_UI_LANE_POST_INSTALL_VERIFY_AND_CLOSEOUT_GATE_V1_20260606_165024\NEXT_OBJECT_CARD__COMMAND_CENTER_UI_LANE_SAVE_AND_COMMIT_GATE_V1_20260606.md","C:\Users\13527\Desktop\123\Jxhnny_Kl33N_Seedz\HOUSE_WORK\PROJECT_COMMAND_CENTER_UI_LANE\POST_INSTALL_VERIFY_AND_CLOSEOUT_GATE\COMMAND_CENTER_UI_LANE_POST_INSTALL_VERIFY_AND_CLOSEOUT_GATE_V1_20260606_165024\NEXT_OBJECT_CARD__COMMAND_CENTER_UI_LANE_SAVE_AND_COMMIT_GATE_V1_20260606.md","Same relative path and SHA256 already present in repo for ROOT_HOUSE_WORK.","23891A8FFB21DC0228B4C8B1ADB669A9A0671D3893D3D8DA2CBF94CE9FC53F9C","839"
"REMOVED_ROOT_DUPLICATE_AFTER_HASH_MATCH","C:\Users\13527\Desktop\123\HOUSE_WORK\PROJECT_COMMAND_CENTER_UI_LANE\POST_INSTALL_VERIFY_AND_CLOSEOUT_GATE\COMMAND_CENTER_UI_LANE_POST_INSTALL_VERIFY_AND_CLOSEOUT_GATE_V1_20260606_165024\OUTPUT__WORK_ENTRYPOINT_VERIFY_FOR_POST_INSTALL_CLOSEOUT_GATE.txt","C:\Users\13527\Desktop\123\Jxhnny_Kl33N_Seedz\HOUSE_WORK\PROJECT_COMMAND_CENTER_UI_LANE\POST_INSTALL_VERIFY_AND_CLOSEOUT_GATE\COMMAND_CENTER_UI_LANE_POST_INSTALL_VERIFY_AND_CLOSEOUT_GATE_V1_20260606_165024\OUTPUT__WORK_ENTRYPOINT_VERIFY_FOR_POST_INSTALL_CLOSEOUT_GATE.txt","Same relative path and SHA256 already present in repo for ROOT_HOUSE_WORK.","6955B7C0B6842003C275A825156F6C35F97085A3B5B1BEDDF8E04CE6B0794C21","560"
"REMOVED_ROOT_DUPLICATE_AFTER_HASH_MATCH","C:\Users\13527\Desktop\123\HOUSE_WORK\PROJECT_COMMAND_CENTER_UI_LANE\POST_INSTALL_VERIFY_AND_CLOSEOUT_GATE\COMMAND_CENTER_UI_LANE_POST_INSTALL_VERIFY_AND_CLOSEOUT_GATE_V1_20260606_165024\RECEIPT__COMMAND_CENTER_UI_LANE_POST_INSTALL_VERIFY_AND_CLOSEOUT_GATE_V1_20260606.md","C:\Users\13527\Desktop\123\Jxhnny_Kl33N_Seedz\HOUSE_WORK\PROJECT_COMMAND_CENTER_UI_LANE\POST_INSTALL_VERIFY_AND_CLOSEOUT_GATE\COMMAND_CENTER_UI_LANE_POST_INSTALL_VERIFY_AND_CLOSEOUT_GATE_V1_20260606_165024\RECEIPT__COMMAND_CENTER_UI_LANE_POST_INSTALL_VERIFY_AND_CLOSEOUT_GATE_V1_20260606.md","Same relative path and SHA256 already present in repo for ROOT_HOUSE_WORK.","27EF83B087A22D83510E7A6D6703D9E4E7F71ACD72ECABF8EAD05CF96D77AC6F","3519"
"REMOVED_ROOT_DUPLICATE_AFTER_HASH_MATCH","C:\Users\13527\Desktop\123\HOUSE_WORK\PROJECT_COMMAND_CENTER_UI_LANE\POST_INSTALL_VERIFY_AND_CLOSEOUT_GATE\COMMAND_CENTER_UI_LANE_POST_INSTALL_VERIFY_AND_CLOSEOUT_GATE_V1_20260606_165024\TARGET_VERIFICATION_LEDGER__COMMAND_CENTER_UI_LANE_V1_20260606.md","C:\Users\13527\Desktop\123\Jxhnny_Kl33N_Seedz\HOUSE_WORK\PROJECT_COMMAND_CENTER_UI_LANE\POST_INSTALL_VERIFY_AND_CLOSEOUT_GATE\COMMAND_CENTER_UI_LANE_POST_INSTALL_VERIFY_AND_CLOSEOUT_GATE_V1_20260606_165024\TARGET_VERIFICATION_LEDGER__COMMAND_CENTER_UI_LANE_V1_20260606.md","Same relative path and SHA256 already present in repo for ROOT_HOUSE_WORK.","405E2A5EB4D99F818F7D4B47CD4D5C8540C72EC94DED41117C13824F5F209B12","23189"
"REMOVED_ROOT_DUPLICATE_AFTER_HASH_MATCH","C:\Users\13527\Desktop\123\HOUSE_WORK\PROJECT_COMMAND_CENTER_UI_LANE\POST_INSTALL_VERIFY_AND_CLOSEOUT_GATE\WRITER_RECEIPTS\WRITE_COMMAND_CENTER_UI_LANE_POST_INSTALL_VERIFY_AND_CLOSEOUT_GATE_V1_20260606_165024\ERROR_LEDGER__WRITE_COMMAND_CENTER_UI_LANE_POST_INSTALL_VERIFY_AND_CLOSEOUT_GATE_V1_20260606.md","C:\Users\13527\Desktop\123\Jxhnny_Kl33N_Seedz\HOUSE_WORK\PROJECT_COMMAND_CENTER_UI_LANE\POST_INSTALL_VERIFY_AND_CLOSEOUT_GATE\WRITER_RECEIPTS\WRITE_COMMAND_CENTER_UI_LANE_POST_INSTALL_VERIFY_AND_CLOSEOUT_GATE_V1_20260606_165024\ERROR_LEDGER__WRITE_COMMAND_CENTER_UI_LANE_POST_INSTALL_VERIFY_AND_CLOSEOUT_GATE_V1_20260606.md","Same relative path and SHA256 already present in repo for ROOT_HOUSE_WORK.","A121B7F26206748020EFB1EBDB7F1FF558229AE9E8B5C453312F01C11EBBB0E0","217"
"REMOVED_ROOT_DUPLICATE_AFTER_HASH_MATCH","C:\Users\13527\Desktop\123\HOUSE_WORK\PROJECT_COMMAND_CENTER_UI_LANE\POST_INSTALL_VERIFY_AND_CLOSEOUT_GATE\WRITER_RECEIPTS\WRITE_COMMAND_CENTER_UI_LANE_POST_INSTALL_VERIFY_AND_CLOSEOUT_GATE_V1_20260606_165024\RECEIPT__WRITE_COMMAND_CENTER_UI_LANE_POST_INSTALL_VERIFY_AND_CLOSEOUT_GATE_V1_20260606.md","C:\Users\13527\Desktop\123\Jxhnny_Kl33N_Seedz\HOUSE_WORK\PROJECT_COMMAND_CENTER_UI_LANE\POST_INSTALL_VERIFY_AND_CLOSEOUT_GATE\WRITER_RECEIPTS\WRITE_COMMAND_CENTER_UI_LANE_POST_INSTALL_VERIFY_AND_CLOSEOUT_GATE_V1_20260606_165024\RECEIPT__WRITE_COMMAND_CENTER_UI_LANE_POST_INSTALL_VERIFY_AND_CLOSEOUT_GATE_V1_20260606.md","Same relative path and SHA256 already present in repo for ROOT_HOUSE_WORK.","9A956FCBB5F2CF0F6915B10A7D15AF06A56A1F924CF0014B3BC78F8E15A45C97","2405"
"REMOVED_ROOT_DUPLICATE_AFTER_HASH_MATCH","C:\Users\13527\Desktop\123\HOUSE_WORK\PROJECT_COMMAND_CENTER_UI_LANE\POST_INSTALL_VERIFY_AND_CLOSEOUT_GATE\WRITER_RECEIPTS\WRITE_COMMAND_CENTER_UI_LANE_POST_INSTALL_VERIFY_AND_CLOSEOUT_GATE_V1_20260606_165024\VERIFY_OUTPUT__COMMAND_CENTER_UI_LANE_POST_INSTALL_VERIFY_AND_CLOSEOUT_GATE_V1_20260606.txt","C:\Users\13527\Desktop\123\Jxhnny_Kl33N_Seedz\HOUSE_WORK\PROJECT_COMMAND_CENTER_UI_LANE\POST_INSTALL_VERIFY_AND_CLOSEOUT_GATE\WRITER_RECEIPTS\WRITE_COMMAND_CENTER_UI_LANE_POST_INSTALL_VERIFY_AND_CLOSEOUT_GATE_V1_20260606_165024\VERIFY_OUTPUT__COMMAND_CENTER_UI_LANE_POST_INSTALL_VERIFY_AND_CLOSEOUT_GATE_V1_20260606.txt","Same relative path and SHA256 already present in repo for ROOT_HOUSE_WORK.","8508CD10F4D265136990D352A1F595E88043E7E759E1DC20AD54A8C859697F71","919"
"REMOVED_ROOT_DUPLICATE_AFTER_HASH_MATCH","C:\Users\13527\Desktop\123\HOUSE_WORK\PROJECT_COMMAND_CENTER_UI_LANE\REPO_SYNC_PRE_COMMIT_GATE\COMMAND_CENTER_UI_LANE_REPO_SYNC_PRE_COMMIT_GATE_CARD_V1_20260606.md","C:\Users\13527\Desktop\123\Jxhnny_Kl33N_Seedz\HOUSE_WORK\PROJECT_COMMAND_CENTER_UI_LANE\REPO_SYNC_PRE_COMMIT_GATE\COMMAND_CENTER_UI_LANE_REPO_SYNC_PRE_COMMIT_GATE_CARD_V1_20260606.md","Same relative path and SHA256 already present in repo for ROOT_HOUSE_WORK.","BAB272230D92DC5E629A19A4BD0B6B44A654173DDF68E2AA6771B2CB108EDB4B","1105"
"REMOVED_ROOT_DUPLICATE_AFTER_HASH_MATCH","C:\Users\13527\Desktop\123\HOUSE_WORK\PROJECT_COMMAND_CENTER_UI_LANE\REPO_SYNC_PRE_COMMIT_GATE\COMMAND_CENTER_UI_LANE_REPO_SYNC_PRE_COMMIT_GATE_V1_20260606.ps1","C:\Users\13527\Desktop\123\Jxhnny_Kl33N_Seedz\HOUSE_WORK\PROJECT_COMMAND_CENTER_UI_LANE\REPO_SYNC_PRE_COMMIT_GATE\COMMAND_CENTER_UI_LANE_REPO_SYNC_PRE_COMMIT_GATE_V1_20260606.ps1","Same relative path and SHA256 already present in repo for ROOT_HOUSE_WORK.","5EA238CF0FBC5648B149BE3978BB6D6574F1199327EAB2416B06615E4A78D75B","31621"
"BACKED_UP_STALE_REPO_COPY_BEFORE_REPLACE","C:\Users\13527\Desktop\123\Jxhnny_Kl33N_Seedz\HOUSE_WORK\PROJECT_COMMAND_CENTER_UI_LANE\REPO_SYNC_PRE_COMMIT_GATE\CURRENT_COMMAND_CENTER_UI_LANE_REPO_SYNC_PRE_COMMIT_STATUS.json","C:\Users\13527\Desktop\123\Jxhnny_Kl33N_Seedz\COMMAND_CENTER\UI_LANE\ROOT_DROP_INTAKE_20260611\REPLACED_STALE_REPO_COPIES\ROOT_HOUSE_WORK\PROJECT_COMMAND_CENTER_UI_LANE\REPO_SYNC_PRE_COMMIT_GATE\CURRENT_COMMAND_CENTER_UI_LANE_REPO_SYNC_PRE_COMMIT_STATUS.json","Repo copy differed and root-house copy was newer.","049AE65BD5DD1BB5C0C4DB7470EAF658C5F64239416DD5EFF8152B49C77ED877","4118"
"REPLACED_STALE_REPO_COPY_WITH_NEWER_ROOT_FILE","C:\Users\13527\Desktop\123\HOUSE_WORK\PROJECT_COMMAND_CENTER_UI_LANE\REPO_SYNC_PRE_COMMIT_GATE\CURRENT_COMMAND_CENTER_UI_LANE_REPO_SYNC_PRE_COMMIT_STATUS.json","C:\Users\13527\Desktop\123\Jxhnny_Kl33N_Seedz\HOUSE_WORK\PROJECT_COMMAND_CENTER_UI_LANE\REPO_SYNC_PRE_COMMIT_GATE\CURRENT_COMMAND_CENTER_UI_LANE_REPO_SYNC_PRE_COMMIT_STATUS.json","Newer root-house status replaced older stale repo status after backup.","E7187845463F3B433FECB8BDD072B7BAF7B7ACC1C66B85285C3F469AC10D961A","4121"
"BACKED_UP_STALE_REPO_COPY_BEFORE_REPLACE","C:\Users\13527\Desktop\123\Jxhnny_Kl33N_Seedz\HOUSE_WORK\PROJECT_COMMAND_CENTER_UI_LANE\REPO_SYNC_PRE_COMMIT_GATE\CURRENT_COMMAND_CENTER_UI_LANE_REPO_SYNC_PRE_COMMIT_STATUS.md","C:\Users\13527\Desktop\123\Jxhnny_Kl33N_Seedz\COMMAND_CENTER\UI_LANE\ROOT_DROP_INTAKE_20260611\REPLACED_STALE_REPO_COPIES\ROOT_HOUSE_WORK\PROJECT_COMMAND_CENTER_UI_LANE\REPO_SYNC_PRE_COMMIT_GATE\CURRENT_COMMAND_CENTER_UI_LANE_REPO_SYNC_PRE_COMMIT_STATUS.md","Repo copy differed and root-house copy was newer.","0ECF9DBBB2EAC6559C5EC277C9F0D677D0818745191FE0CCE4E2CB6252FF1D27","4035"
"REPLACED_STALE_REPO_COPY_WITH_NEWER_ROOT_FILE","C:\Users\13527\Desktop\123\HOUSE_WORK\PROJECT_COMMAND_CENTER_UI_LANE\REPO_SYNC_PRE_COMMIT_GATE\CURRENT_COMMAND_CENTER_UI_LANE_REPO_SYNC_PRE_COMMIT_STATUS.md","C:\Users\13527\Desktop\123\Jxhnny_Kl33N_Seedz\HOUSE_WORK\PROJECT_COMMAND_CENTER_UI_LANE\REPO_SYNC_PRE_COMMIT_GATE\CURRENT_COMMAND_CENTER_UI_LANE_REPO_SYNC_PRE_COMMIT_STATUS.md","Newer root-house status replaced older stale repo status after backup.","18C01ED0FEAD2C17FD2ECC31DF74370D7FF27EBB21FC8ED7197CFD88C424712B","4035"
"REMOVED_ROOT_DUPLICATE_AFTER_HASH_MATCH","C:\Users\13527\Desktop\123\HOUSE_WORK\PROJECT_COMMAND_CENTER_UI_LANE\REPO_SYNC_PRE_COMMIT_GATE\COMMAND_CENTER_UI_LANE_REPO_SYNC_PRE_COMMIT_GATE_V1_20260606_171517\COMMAND_CENTER_UI_LANE_REPO_SYNC_PRE_COMMIT_PACKET_V1_20260606.md","C:\Users\13527\Desktop\123\Jxhnny_Kl33N_Seedz\HOUSE_WORK\PROJECT_COMMAND_CENTER_UI_LANE\REPO_SYNC_PRE_COMMIT_GATE\COMMAND_CENTER_UI_LANE_REPO_SYNC_PRE_COMMIT_GATE_V1_20260606_171517\COMMAND_CENTER_UI_LANE_REPO_SYNC_PRE_COMMIT_PACKET_V1_20260606.md","Same relative path and SHA256 already present in repo for ROOT_HOUSE_WORK.","AFFD995EC43BC3200B523F907ED4E65EB9022273B95B66BF2F73B1887396D368","3550"
"REMOVED_ROOT_DUPLICATE_AFTER_HASH_MATCH","C:\Users\13527\Desktop\123\HOUSE_WORK\PROJECT_COMMAND_CENTER_UI_LANE\REPO_SYNC_PRE_COMMIT_GATE\COMMAND_CENTER_UI_LANE_REPO_SYNC_PRE_COMMIT_GATE_V1_20260606_171517\ERROR_LEDGER__COMMAND_CENTER_UI_LANE_REPO_SYNC_PRE_COMMIT_GATE_V1_20260606.md","C:\Users\13527\Desktop\123\Jxhnny_Kl33N_Seedz\HOUSE_WORK\PROJECT_COMMAND_CENTER_UI_LANE\REPO_SYNC_PRE_COMMIT_GATE\COMMAND_CENTER_UI_LANE_REPO_SYNC_PRE_COMMIT_GATE_V1_20260606_171517\ERROR_LEDGER__COMMAND_CENTER_UI_LANE_REPO_SYNC_PRE_COMMIT_GATE_V1_20260606.md","Same relative path and SHA256 already present in repo for ROOT_HOUSE_WORK.","461E8AE8BCC72D469C151DDDA0272807EEC73A993E7C606CF7FC9DFAE5FFFA2E","356"
"REMOVED_ROOT_DUPLICATE_AFTER_HASH_MATCH","C:\Users\13527\Desktop\123\HOUSE_WORK\PROJECT_COMMAND_CENTER_UI_LANE\REPO_SYNC_PRE_COMMIT_GATE\COMMAND_CENTER_UI_LANE_REPO_SYNC_PRE_COMMIT_GATE_V1_20260606_171517\GIT_STATUS_AFTER__COMMAND_CENTER_UI_LANE_REPO_SYNC_V1_20260606.txt","C:\Users\13527\Desktop\123\Jxhnny_Kl33N_Seedz\HOUSE_WORK\PROJECT_COMMAND_CENTER_UI_LANE\REPO_SYNC_PRE_COMMIT_GATE\COMMAND_CENTER_UI_LANE_REPO_SYNC_PRE_COMMIT_GATE_V1_20260606_171517\GIT_STATUS_AFTER__COMMAND_CENTER_UI_LANE_REPO_SYNC_V1_20260606.txt","Same relative path and SHA256 already present in repo for ROOT_HOUSE_WORK.","D6729B3E470FA06CB01340CF425D2986E1F0EC43A031AEB3AF32B5ABE9F54A9D","1960"
"REMOVED_ROOT_DUPLICATE_AFTER_HASH_MATCH","C:\Users\13527\Desktop\123\HOUSE_WORK\PROJECT_COMMAND_CENTER_UI_LANE\REPO_SYNC_PRE_COMMIT_GATE\COMMAND_CENTER_UI_LANE_REPO_SYNC_PRE_COMMIT_GATE_V1_20260606_171517\GIT_STATUS_BEFORE__COMMAND_CENTER_UI_LANE_REPO_SYNC_V1_20260606.txt","C:\Users\13527\Desktop\123\Jxhnny_Kl33N_Seedz\HOUSE_WORK\PROJECT_COMMAND_CENTER_UI_LANE\REPO_SYNC_PRE_COMMIT_GATE\COMMAND_CENTER_UI_LANE_REPO_SYNC_PRE_COMMIT_GATE_V1_20260606_171517\GIT_STATUS_BEFORE__COMMAND_CENTER_UI_LANE_REPO_SYNC_V1_20260606.txt","Same relative path and SHA256 already present in repo for ROOT_HOUSE_WORK.","D6729B3E470FA06CB01340CF425D2986E1F0EC43A031AEB3AF32B5ABE9F54A9D","1960"
"REMOVED_ROOT_DUPLICATE_AFTER_HASH_MATCH","C:\Users\13527\Desktop\123\HOUSE_WORK\PROJECT_COMMAND_CENTER_UI_LANE\REPO_SYNC_PRE_COMMIT_GATE\COMMAND_CENTER_UI_LANE_REPO_SYNC_PRE_COMMIT_GATE_V1_20260606_171517\NEXT_OBJECT_CARD__COMMAND_CENTER_UI_LANE_SAVE_AND_COMMIT_GATE_V1_1_20260606.md","C:\Users\13527\Desktop\123\Jxhnny_Kl33N_Seedz\HOUSE_WORK\PROJECT_COMMAND_CENTER_UI_LANE\REPO_SYNC_PRE_COMMIT_GATE\COMMAND_CENTER_UI_LANE_REPO_SYNC_PRE_COMMIT_GATE_V1_20260606_171517\NEXT_OBJECT_CARD__COMMAND_CENTER_UI_LANE_SAVE_AND_COMMIT_GATE_V1_1_20260606.md","Same relative path and SHA256 already present in repo for ROOT_HOUSE_WORK.","9C5296EB0E6A386D89AEA1F6304E5EDC7C624A81A2CE585C27CB33DA37715F11","877"
"REMOVED_ROOT_DUPLICATE_AFTER_HASH_MATCH","C:\Users\13527\Desktop\123\HOUSE_WORK\PROJECT_COMMAND_CENTER_UI_LANE\REPO_SYNC_PRE_COMMIT_GATE\COMMAND_CENTER_UI_LANE_REPO_SYNC_PRE_COMMIT_GATE_V1_20260606_171517\OUTPUT__WORK_ENTRYPOINT_VERIFY_FOR_REPO_SYNC_PRE_COMMIT_GATE.txt","C:\Users\13527\Desktop\123\Jxhnny_Kl33N_Seedz\HOUSE_WORK\PROJECT_COMMAND_CENTER_UI_LANE\REPO_SYNC_PRE_COMMIT_GATE\COMMAND_CENTER_UI_LANE_REPO_SYNC_PRE_COMMIT_GATE_V1_20260606_171517\OUTPUT__WORK_ENTRYPOINT_VERIFY_FOR_REPO_SYNC_PRE_COMMIT_GATE.txt","Same relative path and SHA256 already present in repo for ROOT_HOUSE_WORK.","70D41E5EC9AE3780F9FCD0E682F4E3B98D2408C6B8632AE2C1854CA99B4CDCF6","560"
"REMOVED_ROOT_DUPLICATE_AFTER_HASH_MATCH","C:\Users\13527\Desktop\123\HOUSE_WORK\PROJECT_COMMAND_CENTER_UI_LANE\REPO_SYNC_PRE_COMMIT_GATE\COMMAND_CENTER_UI_LANE_REPO_SYNC_PRE_COMMIT_GATE_V1_20260606_171517\PENDING_CARD__COMMAND_CENTER_UI_LANE_REPO_SYNC_PRE_COMMIT_V1_20260606.md","C:\Users\13527\Desktop\123\Jxhnny_Kl33N_Seedz\HOUSE_WORK\PROJECT_COMMAND_CENTER_UI_LANE\REPO_SYNC_PRE_COMMIT_GATE\COMMAND_CENTER_UI_LANE_REPO_SYNC_PRE_COMMIT_GATE_V1_20260606_171517\PENDING_CARD__COMMAND_CENTER_UI_LANE_REPO_SYNC_PRE_COMMIT_V1_20260606.md","Same relative path and SHA256 already present in repo for ROOT_HOUSE_WORK.","F6C67A771E581A64434CA0BABB61A7C252DECFC8BFD0DECAE229D4AD2264CDC1","734"
"REMOVED_ROOT_DUPLICATE_AFTER_HASH_MATCH","C:\Users\13527\Desktop\123\HOUSE_WORK\PROJECT_COMMAND_CENTER_UI_LANE\REPO_SYNC_PRE_COMMIT_GATE\COMMAND_CENTER_UI_LANE_REPO_SYNC_PRE_COMMIT_GATE_V1_20260606_171517\RECEIPT__COMMAND_CENTER_UI_LANE_REPO_SYNC_PRE_COMMIT_GATE_V1_20260606.md","C:\Users\13527\Desktop\123\Jxhnny_Kl33N_Seedz\HOUSE_WORK\PROJECT_COMMAND_CENTER_UI_LANE\REPO_SYNC_PRE_COMMIT_GATE\COMMAND_CENTER_UI_LANE_REPO_SYNC_PRE_COMMIT_GATE_V1_20260606_171517\RECEIPT__COMMAND_CENTER_UI_LANE_REPO_SYNC_PRE_COMMIT_GATE_V1_20260606.md","Same relative path and SHA256 already present in repo for ROOT_HOUSE_WORK.","D08C5F62D4F3746707E8E4D1D1F1EC47922231B316AAF5BF893039EE5E28F4E2","3062"
"REMOVED_ROOT_DUPLICATE_AFTER_HASH_MATCH","C:\Users\13527\Desktop\123\HOUSE_WORK\PROJECT_COMMAND_CENTER_UI_LANE\REPO_SYNC_PRE_COMMIT_GATE\COMMAND_CENTER_UI_LANE_REPO_SYNC_PRE_COMMIT_GATE_V1_20260606_171517\REPO_SYNC_COPY_PLAN_MANIFEST__COMMAND_CENTER_UI_LANE_V1_20260606.json","C:\Users\13527\Desktop\123\Jxhnny_Kl33N_Seedz\HOUSE_WORK\PROJECT_COMMAND_CENTER_UI_LANE\REPO_SYNC_PRE_COMMIT_GATE\COMMAND_CENTER_UI_LANE_REPO_SYNC_PRE_COMMIT_GATE_V1_20260606_171517\REPO_SYNC_COPY_PLAN_MANIFEST__COMMAND_CENTER_UI_LANE_V1_20260606.json","Same relative path and SHA256 already present in repo for ROOT_HOUSE_WORK.","8FF8C6622AB1E05A78315E0107A80AE66A7137B5EC4AD4EFD50C59EFE0221A60","309633"
"REMOVED_ROOT_DUPLICATE_AFTER_HASH_MATCH","C:\Users\13527\Desktop\123\HOUSE_WORK\PROJECT_COMMAND_CENTER_UI_LANE\REPO_SYNC_PRE_COMMIT_GATE\COMMAND_CENTER_UI_LANE_REPO_SYNC_PRE_COMMIT_GATE_V1_20260606_171517\REPO_SYNC_COPY_PLAN_MANIFEST__COMMAND_CENTER_UI_LANE_V1_20260606.md","C:\Users\13527\Desktop\123\Jxhnny_Kl33N_Seedz\HOUSE_WORK\PROJECT_COMMAND_CENTER_UI_LANE\REPO_SYNC_PRE_COMMIT_GATE\COMMAND_CENTER_UI_LANE_REPO_SYNC_PRE_COMMIT_GATE_V1_20260606_171517\REPO_SYNC_COPY_PLAN_MANIFEST__COMMAND_CENTER_UI_LANE_V1_20260606.md","Same relative path and SHA256 already present in repo for ROOT_HOUSE_WORK.","6E303CA624CA987B567288EF7723086B11DB914382EDA81DC3162B0E9FE2EFC6","199160"
"MOVED_STRUCTURED_ROOT_FILE_TO_REPO_LANE","C:\Users\13527\Desktop\123\HOUSE_WORK\PROJECT_COMMAND_CENTER_UI_LANE\REPO_SYNC_PRE_COMMIT_GATE\COMMAND_CENTER_UI_LANE_REPO_SYNC_PRE_COMMIT_GATE_V1_20260606_171817\COMMAND_CENTER_UI_LANE_REPO_SYNC_PRE_COMMIT_PACKET_V1_20260606.md","C:\Users\13527\Desktop\123\Jxhnny_Kl33N_Seedz\HOUSE_WORK\PROJECT_COMMAND_CENTER_UI_LANE\REPO_SYNC_PRE_COMMIT_GATE\COMMAND_CENTER_UI_LANE_REPO_SYNC_PRE_COMMIT_GATE_V1_20260606_171817\COMMAND_CENTER_UI_LANE_REPO_SYNC_PRE_COMMIT_PACKET_V1_20260606.md","Structured root ROOT_HOUSE_WORK file was missing from matching git lane.","47F5C77652DE5A6769A872CAC161D23E85A9D10CAD4BF164D08D280A61FFF3D2","3550"
"MOVED_STRUCTURED_ROOT_FILE_TO_REPO_LANE","C:\Users\13527\Desktop\123\HOUSE_WORK\PROJECT_COMMAND_CENTER_UI_LANE\REPO_SYNC_PRE_COMMIT_GATE\COMMAND_CENTER_UI_LANE_REPO_SYNC_PRE_COMMIT_GATE_V1_20260606_171817\ERROR_LEDGER__COMMAND_CENTER_UI_LANE_REPO_SYNC_PRE_COMMIT_GATE_V1_20260606.md","C:\Users\13527\Desktop\123\Jxhnny_Kl33N_Seedz\HOUSE_WORK\PROJECT_COMMAND_CENTER_UI_LANE\REPO_SYNC_PRE_COMMIT_GATE\COMMAND_CENTER_UI_LANE_REPO_SYNC_PRE_COMMIT_GATE_V1_20260606_171817\ERROR_LEDGER__COMMAND_CENTER_UI_LANE_REPO_SYNC_PRE_COMMIT_GATE_V1_20260606.md","Structured root ROOT_HOUSE_WORK file was missing from matching git lane.","F8C21F3CA5FEFD4FE60B53E3385080477DFC6689B7AF3AAD5A3A53E2EA792523","356"
"MOVED_STRUCTURED_ROOT_FILE_TO_REPO_LANE","C:\Users\13527\Desktop\123\HOUSE_WORK\PROJECT_COMMAND_CENTER_UI_LANE\REPO_SYNC_PRE_COMMIT_GATE\COMMAND_CENTER_UI_LANE_REPO_SYNC_PRE_COMMIT_GATE_V1_20260606_171817\GIT_STATUS_AFTER__COMMAND_CENTER_UI_LANE_REPO_SYNC_V1_20260606.txt","C:\Users\13527\Desktop\123\Jxhnny_Kl33N_Seedz\HOUSE_WORK\PROJECT_COMMAND_CENTER_UI_LANE\REPO_SYNC_PRE_COMMIT_GATE\COMMAND_CENTER_UI_LANE_REPO_SYNC_PRE_COMMIT_GATE_V1_20260606_171817\GIT_STATUS_AFTER__COMMAND_CENTER_UI_LANE_REPO_SYNC_V1_20260606.txt","Structured root ROOT_HOUSE_WORK file was missing from matching git lane.","DBEC36772B093530AF9DFCFA19C8AEDD43E144B3628231282D0778724AD8799C","4592"
"REMOVED_ROOT_DUPLICATE_AFTER_HASH_MATCH","C:\Users\13527\Desktop\123\HOUSE_WORK\PROJECT_COMMAND_CENTER_UI_LANE\REPO_SYNC_PRE_COMMIT_GATE\COMMAND_CENTER_UI_LANE_REPO_SYNC_PRE_COMMIT_GATE_V1_20260606_171817\GIT_STATUS_BEFORE__COMMAND_CENTER_UI_LANE_REPO_SYNC_V1_20260606.txt","C:\Users\13527\Desktop\123\Jxhnny_Kl33N_Seedz\HOUSE_WORK\PROJECT_COMMAND_CENTER_UI_LANE\REPO_SYNC_PRE_COMMIT_GATE\COMMAND_CENTER_UI_LANE_REPO_SYNC_PRE_COMMIT_GATE_V1_20260606_171817\GIT_STATUS_BEFORE__COMMAND_CENTER_UI_LANE_REPO_SYNC_V1_20260606.txt","Same relative path and SHA256 already present in repo for ROOT_HOUSE_WORK.","D6729B3E470FA06CB01340CF425D2986E1F0EC43A031AEB3AF32B5ABE9F54A9D","1960"
"MOVED_STRUCTURED_ROOT_FILE_TO_REPO_LANE","C:\Users\13527\Desktop\123\HOUSE_WORK\PROJECT_COMMAND_CENTER_UI_LANE\REPO_SYNC_PRE_COMMIT_GATE\COMMAND_CENTER_UI_LANE_REPO_SYNC_PRE_COMMIT_GATE_V1_20260606_171817\NEXT_OBJECT_CARD__COMMAND_CENTER_UI_LANE_SAVE_AND_COMMIT_GATE_V1_1_20260606.md","C:\Users\13527\Desktop\123\Jxhnny_Kl33N_Seedz\HOUSE_WORK\PROJECT_COMMAND_CENTER_UI_LANE\REPO_SYNC_PRE_COMMIT_GATE\COMMAND_CENTER_UI_LANE_REPO_SYNC_PRE_COMMIT_GATE_V1_20260606_171817\NEXT_OBJECT_CARD__COMMAND_CENTER_UI_LANE_SAVE_AND_COMMIT_GATE_V1_1_20260606.md","Structured root ROOT_HOUSE_WORK file was missing from matching git lane.","EA89DA2F6939BE3BEC3C7BDDBADFB6426F4084C223010B6AFF4344D69827AD2F","911"
"REMOVED_ROOT_DUPLICATE_AFTER_HASH_MATCH","C:\Users\13527\Desktop\123\HOUSE_WORK\PROJECT_COMMAND_CENTER_UI_LANE\REPO_SYNC_PRE_COMMIT_GATE\COMMAND_CENTER_UI_LANE_REPO_SYNC_PRE_COMMIT_GATE_V1_20260606_171817\OUTPUT__WORK_ENTRYPOINT_VERIFY_FOR_REPO_SYNC_PRE_COMMIT_GATE.txt","C:\Users\13527\Desktop\123\Jxhnny_Kl33N_Seedz\HOUSE_WORK\PROJECT_COMMAND_CENTER_UI_LANE\REPO_SYNC_PRE_COMMIT_GATE\COMMAND_CENTER_UI_LANE_REPO_SYNC_PRE_COMMIT_GATE_V1_20260606_171817\OUTPUT__WORK_ENTRYPOINT_VERIFY_FOR_REPO_SYNC_PRE_COMMIT_GATE.txt","Same relative path and SHA256 already present in repo for ROOT_HOUSE_WORK.","125913EF62A608A8BC2B9CE6478195DE745A066C00271931C8713EDB7711D681","560"
"MOVED_STRUCTURED_ROOT_FILE_TO_REPO_LANE","C:\Users\13527\Desktop\123\HOUSE_WORK\PROJECT_COMMAND_CENTER_UI_LANE\REPO_SYNC_PRE_COMMIT_GATE\COMMAND_CENTER_UI_LANE_REPO_SYNC_PRE_COMMIT_GATE_V1_20260606_171817\PENDING_CARD__COMMAND_CENTER_UI_LANE_REPO_SYNC_PRE_COMMIT_V1_20260606.md","C:\Users\13527\Desktop\123\Jxhnny_Kl33N_Seedz\HOUSE_WORK\PROJECT_COMMAND_CENTER_UI_LANE\REPO_SYNC_PRE_COMMIT_GATE\COMMAND_CENTER_UI_LANE_REPO_SYNC_PRE_COMMIT_GATE_V1_20260606_171817\PENDING_CARD__COMMAND_CENTER_UI_LANE_REPO_SYNC_PRE_COMMIT_V1_20260606.md","Structured root ROOT_HOUSE_WORK file was missing from matching git lane.","69BE765E38A17E3C1BC111CA6F6C8274D0207CE2F8D98C3431A4B80C382D8692","721"
"MOVED_STRUCTURED_ROOT_FILE_TO_REPO_LANE","C:\Users\13527\Desktop\123\HOUSE_WORK\PROJECT_COMMAND_CENTER_UI_LANE\REPO_SYNC_PRE_COMMIT_GATE\COMMAND_CENTER_UI_LANE_REPO_SYNC_PRE_COMMIT_GATE_V1_20260606_171817\RECEIPT__COMMAND_CENTER_UI_LANE_REPO_SYNC_PRE_COMMIT_GATE_V1_20260606.md","C:\Users\13527\Desktop\123\Jxhnny_Kl33N_Seedz\HOUSE_WORK\PROJECT_COMMAND_CENTER_UI_LANE\REPO_SYNC_PRE_COMMIT_GATE\COMMAND_CENTER_UI_LANE_REPO_SYNC_PRE_COMMIT_GATE_V1_20260606_171817\RECEIPT__COMMAND_CENTER_UI_LANE_REPO_SYNC_PRE_COMMIT_GATE_V1_20260606.md","Structured root ROOT_HOUSE_WORK file was missing from matching git lane.","226E651288E74AB59D966DC63487D078D6F889AD49E39B02AAA0D48865AB7BAD","3088"
"MOVED_STRUCTURED_ROOT_FILE_TO_REPO_LANE","C:\Users\13527\Desktop\123\HOUSE_WORK\PROJECT_COMMAND_CENTER_UI_LANE\REPO_SYNC_PRE_COMMIT_GATE\COMMAND_CENTER_UI_LANE_REPO_SYNC_PRE_COMMIT_GATE_V1_20260606_171817\REPO_SYNC_COPY_PLAN_MANIFEST__COMMAND_CENTER_UI_LANE_V1_20260606.json","C:\Users\13527\Desktop\123\Jxhnny_Kl33N_Seedz\HOUSE_WORK\PROJECT_COMMAND_CENTER_UI_LANE\REPO_SYNC_PRE_COMMIT_GATE\COMMAND_CENTER_UI_LANE_REPO_SYNC_PRE_COMMIT_GATE_V1_20260606_171817\REPO_SYNC_COPY_PLAN_MANIFEST__COMMAND_CENTER_UI_LANE_V1_20260606.json","Structured root ROOT_HOUSE_WORK file was missing from matching git lane.","3072AD034D1583D1BEFBDE984E159875A78136692BABF3042584C3C8476447BE","327188"
"MOVED_STRUCTURED_ROOT_FILE_TO_REPO_LANE","C:\Users\13527\Desktop\123\HOUSE_WORK\PROJECT_COMMAND_CENTER_UI_LANE\REPO_SYNC_PRE_COMMIT_GATE\COMMAND_CENTER_UI_LANE_REPO_SYNC_PRE_COMMIT_GATE_V1_20260606_171817\REPO_SYNC_COPY_PLAN_MANIFEST__COMMAND_CENTER_UI_LANE_V1_20260606.md","C:\Users\13527\Desktop\123\Jxhnny_Kl33N_Seedz\HOUSE_WORK\PROJECT_COMMAND_CENTER_UI_LANE\REPO_SYNC_PRE_COMMIT_GATE\COMMAND_CENTER_UI_LANE_REPO_SYNC_PRE_COMMIT_GATE_V1_20260606_171817\REPO_SYNC_COPY_PLAN_MANIFEST__COMMAND_CENTER_UI_LANE_V1_20260606.md","Structured root ROOT_HOUSE_WORK file was missing from matching git lane.","89B3A53CC953E10ED9D96B51D3F01910CDAC253E7F034584B7C27335362BCC75","210636"
"MOVED_STRUCTURED_ROOT_FILE_TO_REPO_LANE","C:\Users\13527\Desktop\123\HOUSE_WORK\PROJECT_COMMAND_CENTER_UI_LANE\REPO_SYNC_PRE_COMMIT_GATE\COMMAND_CENTER_UI_LANE_REPO_SYNC_PRE_COMMIT_GATE_V1_20260606_171817\SYNCED_FILES_MANIFEST__COMMAND_CENTER_UI_LANE_REPO_SYNC_V1_20260606.json","C:\Users\13527\Desktop\123\Jxhnny_Kl33N_Seedz\HOUSE_WORK\PROJECT_COMMAND_CENTER_UI_LANE\REPO_SYNC_PRE_COMMIT_GATE\COMMAND_CENTER_UI_LANE_REPO_SYNC_PRE_COMMIT_GATE_V1_20260606_171817\SYNCED_FILES_MANIFEST__COMMAND_CENTER_UI_LANE_REPO_SYNC_V1_20260606.json","Structured root ROOT_HOUSE_WORK file was missing from matching git lane.","79E52E02BF50A2DDFF248507ED4AA5DC33741F1128D9A3DA9128C56A520F17B6","277729"
"MOVED_STRUCTURED_ROOT_FILE_TO_REPO_LANE","C:\Users\13527\Desktop\123\HOUSE_WORK\PROJECT_COMMAND_CENTER_UI_LANE\REPO_SYNC_PRE_COMMIT_GATE\COMMAND_CENTER_UI_LANE_REPO_SYNC_PRE_COMMIT_GATE_V1_20260606_171817\SYNCED_FILES_MANIFEST__COMMAND_CENTER_UI_LANE_REPO_SYNC_V1_20260606.txt","C:\Users\13527\Desktop\123\Jxhnny_Kl33N_Seedz\HOUSE_WORK\PROJECT_COMMAND_CENTER_UI_LANE\REPO_SYNC_PRE_COMMIT_GATE\COMMAND_CENTER_UI_LANE_REPO_SYNC_PRE_COMMIT_GATE_V1_20260606_171817\SYNCED_FILES_MANIFEST__COMMAND_CENTER_UI_LANE_REPO_SYNC_V1_20260606.txt","Structured root ROOT_HOUSE_WORK file was missing from matching git lane.","6F872A8D7D0E1AA4E697CCB2E2F32E0CEFC2EBB82C890B808081954836EC27D0","54545"
"REMOVED_ROOT_DUPLICATE_AFTER_HASH_MATCH","C:\Users\13527\Desktop\123\HOUSE_WORK\PROJECT_COMMAND_CENTER_UI_LANE\REPO_SYNC_PRE_COMMIT_GATE\WRITER_RECEIPTS\WRITE_COMMAND_CENTER_UI_LANE_REPO_SYNC_PRE_COMMIT_GATE_V1_20260606_171517\ERROR_LEDGER__WRITE_COMMAND_CENTER_UI_LANE_REPO_SYNC_PRE_COMMIT_GATE_V1_20260606.md","C:\Users\13527\Desktop\123\Jxhnny_Kl33N_Seedz\HOUSE_WORK\PROJECT_COMMAND_CENTER_UI_LANE\REPO_SYNC_PRE_COMMIT_GATE\WRITER_RECEIPTS\WRITE_COMMAND_CENTER_UI_LANE_REPO_SYNC_PRE_COMMIT_GATE_V1_20260606_171517\ERROR_LEDGER__WRITE_COMMAND_CENTER_UI_LANE_REPO_SYNC_PRE_COMMIT_GATE_V1_20260606.md","Same relative path and SHA256 already present in repo for ROOT_HOUSE_WORK.","74E0ED5678D85B3D69C0E91B9FCECF11F5E338F4A0E3B97FB71BB91AD3600A83","205"
"REMOVED_ROOT_DUPLICATE_AFTER_HASH_MATCH","C:\Users\13527\Desktop\123\HOUSE_WORK\PROJECT_COMMAND_CENTER_UI_LANE\REPO_SYNC_PRE_COMMIT_GATE\WRITER_RECEIPTS\WRITE_COMMAND_CENTER_UI_LANE_REPO_SYNC_PRE_COMMIT_GATE_V1_20260606_171517\RECEIPT__WRITE_COMMAND_CENTER_UI_LANE_REPO_SYNC_PRE_COMMIT_GATE_V1_20260606.md","C:\Users\13527\Desktop\123\Jxhnny_Kl33N_Seedz\HOUSE_WORK\PROJECT_COMMAND_CENTER_UI_LANE\REPO_SYNC_PRE_COMMIT_GATE\WRITER_RECEIPTS\WRITE_COMMAND_CENTER_UI_LANE_REPO_SYNC_PRE_COMMIT_GATE_V1_20260606_171517\RECEIPT__WRITE_COMMAND_CENTER_UI_LANE_REPO_SYNC_PRE_COMMIT_GATE_V1_20260606.md","Same relative path and SHA256 already present in repo for ROOT_HOUSE_WORK.","085B124367B41290AD252C5B9C9B047E7B718DA06DB81BDF7E359D1A8E77C39D","2166"
"REMOVED_ROOT_DUPLICATE_AFTER_HASH_MATCH","C:\Users\13527\Desktop\123\HOUSE_WORK\PROJECT_COMMAND_CENTER_UI_LANE\REPO_SYNC_PRE_COMMIT_GATE\WRITER_RECEIPTS\WRITE_COMMAND_CENTER_UI_LANE_REPO_SYNC_PRE_COMMIT_GATE_V1_20260606_171517\VERIFY_OUTPUT__COMMAND_CENTER_UI_LANE_REPO_SYNC_PRE_COMMIT_GATE_V1_20260606.txt","C:\Users\13527\Desktop\123\Jxhnny_Kl33N_Seedz\HOUSE_WORK\PROJECT_COMMAND_CENTER_UI_LANE\REPO_SYNC_PRE_COMMIT_GATE\WRITER_RECEIPTS\WRITE_COMMAND_CENTER_UI_LANE_REPO_SYNC_PRE_COMMIT_GATE_V1_20260606_171517\VERIFY_OUTPUT__COMMAND_CENTER_UI_LANE_REPO_SYNC_PRE_COMMIT_GATE_V1_20260606.txt","Same relative path and SHA256 already present in repo for ROOT_HOUSE_WORK.","ABA9C9660594C454E11B5ED34AFF2944D8B1467852D6A73281255E1F70724DE1","708"
"REMOVED_ROOT_DUPLICATE_AFTER_HASH_MATCH","C:\Users\13527\Desktop\123\HOUSE_WORK\PROJECT_COMMAND_CENTER_UI_LANE\REVIEW_DECISION_GATE\COMMAND_CENTER_UI_LANE_REVIEW_DECISION_GATE_V1_1_20260606.ps1","C:\Users\13527\Desktop\123\Jxhnny_Kl33N_Seedz\HOUSE_WORK\PROJECT_COMMAND_CENTER_UI_LANE\REVIEW_DECISION_GATE\COMMAND_CENTER_UI_LANE_REVIEW_DECISION_GATE_V1_1_20260606.ps1","Same relative path and SHA256 already present in repo for ROOT_HOUSE_WORK.","9E0501FCD16BD5FFB03D17568DEEE8C12285406A918508FA4CC11F1A460E19EC","26062"
"REMOVED_ROOT_DUPLICATE_AFTER_HASH_MATCH","C:\Users\13527\Desktop\123\HOUSE_WORK\PROJECT_COMMAND_CENTER_UI_LANE\REVIEW_DECISION_GATE\COMMAND_CENTER_UI_LANE_REVIEW_DECISION_GATE_V1_2_20260606.ps1","C:\Users\13527\Desktop\123\Jxhnny_Kl33N_Seedz\HOUSE_WORK\PROJECT_COMMAND_CENTER_UI_LANE\REVIEW_DECISION_GATE\COMMAND_CENTER_UI_LANE_REVIEW_DECISION_GATE_V1_2_20260606.ps1","Same relative path and SHA256 already present in repo for ROOT_HOUSE_WORK.","523BF3B49981FB3BF8A13854194D0B27E6A8DBC36CFE4F7C2E09DBBA589B1958","27408"
"REMOVED_ROOT_DUPLICATE_AFTER_HASH_MATCH","C:\Users\13527\Desktop\123\HOUSE_WORK\PROJECT_COMMAND_CENTER_UI_LANE\REVIEW_DECISION_GATE\CURRENT_COMMAND_CENTER_UI_LANE_REVIEW_DECISION_GATE_STATUS.json","C:\Users\13527\Desktop\123\Jxhnny_Kl33N_Seedz\HOUSE_WORK\PROJECT_COMMAND_CENTER_UI_LANE\REVIEW_DECISION_GATE\CURRENT_COMMAND_CENTER_UI_LANE_REVIEW_DECISION_GATE_STATUS.json","Same relative path and SHA256 already present in repo for ROOT_HOUSE_WORK.","98EFB2440412E79DBFA109FB3763F46DB70198504D9A0FBA6F3C7E4A3358819D","2833"
"REMOVED_ROOT_DUPLICATE_AFTER_HASH_MATCH","C:\Users\13527\Desktop\123\HOUSE_WORK\PROJECT_COMMAND_CENTER_UI_LANE\REVIEW_DECISION_GATE\CURRENT_COMMAND_CENTER_UI_LANE_REVIEW_DECISION_GATE_STATUS.md","C:\Users\13527\Desktop\123\Jxhnny_Kl33N_Seedz\HOUSE_WORK\PROJECT_COMMAND_CENTER_UI_LANE\REVIEW_DECISION_GATE\CURRENT_COMMAND_CENTER_UI_LANE_REVIEW_DECISION_GATE_STATUS.md","Same relative path and SHA256 already present in repo for ROOT_HOUSE_WORK.","A96FADC7649E8FFADC52DF5D8AD2102F5D2D4956EAB5AC6CB08ED4B21CBC5D54","3041"
"REMOVED_ROOT_DUPLICATE_AFTER_HASH_MATCH","C:\Users\13527\Desktop\123\HOUSE_WORK\PROJECT_COMMAND_CENTER_UI_LANE\REVIEW_DECISION_GATE\REPAIR_CARD__COMMAND_CENTER_UI_LANE_REVIEW_DECISION_GATE_V1_TO_V1_1_20260606.md","C:\Users\13527\Desktop\123\Jxhnny_Kl33N_Seedz\HOUSE_WORK\PROJECT_COMMAND_CENTER_UI_LANE\REVIEW_DECISION_GATE\REPAIR_CARD__COMMAND_CENTER_UI_LANE_REVIEW_DECISION_GATE_V1_TO_V1_1_20260606.md","Same relative path and SHA256 already present in repo for ROOT_HOUSE_WORK.","A67B299025AA2541DEBD33595A684929BCB4BA72BB7A1528ADAEA3F5163A8733","1132"
"REMOVED_ROOT_DUPLICATE_AFTER_HASH_MATCH","C:\Users\13527\Desktop\123\HOUSE_WORK\PROJECT_COMMAND_CENTER_UI_LANE\REVIEW_DECISION_GATE\REPAIR_CARD__COMMAND_CENTER_UI_LANE_REVIEW_DECISION_GATE_V1_TO_V1_2_20260606.md","C:\Users\13527\Desktop\123\Jxhnny_Kl33N_Seedz\HOUSE_WORK\PROJECT_COMMAND_CENTER_UI_LANE\REVIEW_DECISION_GATE\REPAIR_CARD__COMMAND_CENTER_UI_LANE_REVIEW_DECISION_GATE_V1_TO_V1_2_20260606.md","Same relative path and SHA256 already present in repo for ROOT_HOUSE_WORK.","1E9C0DE93702F8C15BF23FB2618F887BC66772CD151CCF7611A9471C0C0BB488","989"
"REMOVED_ROOT_DUPLICATE_AFTER_HASH_MATCH","C:\Users\13527\Desktop\123\HOUSE_WORK\PROJECT_COMMAND_CENTER_UI_LANE\REVIEW_DECISION_GATE\COMMAND_CENTER_UI_LANE_REVIEW_DECISION_GATE_V1_20260606_160225\COMMAND_CENTER_UI_LANE_REVIEW_DECISION_GATE_PACKET_V1_20260606.md","C:\Users\13527\Desktop\123\Jxhnny_Kl33N_Seedz\HOUSE_WORK\PROJECT_COMMAND_CENTER_UI_LANE\REVIEW_DECISION_GATE\COMMAND_CENTER_UI_LANE_REVIEW_DECISION_GATE_V1_20260606_160225\COMMAND_CENTER_UI_LANE_REVIEW_DECISION_GATE_PACKET_V1_20260606.md","Same relative path and SHA256 already present in repo for ROOT_HOUSE_WORK.","494F64F88268B386F7996A463F212B01D46CB29F358B65EA03DF6A8458C699E9","1851"
"REMOVED_ROOT_DUPLICATE_AFTER_HASH_MATCH","C:\Users\13527\Desktop\123\HOUSE_WORK\PROJECT_COMMAND_CENTER_UI_LANE\REVIEW_DECISION_GATE\COMMAND_CENTER_UI_LANE_REVIEW_DECISION_GATE_V1_20260606_160225\ERROR_LEDGER__COMMAND_CENTER_UI_LANE_REVIEW_DECISION_GATE_V1_20260606.md","C:\Users\13527\Desktop\123\Jxhnny_Kl33N_Seedz\HOUSE_WORK\PROJECT_COMMAND_CENTER_UI_LANE\REVIEW_DECISION_GATE\COMMAND_CENTER_UI_LANE_REVIEW_DECISION_GATE_V1_20260606_160225\ERROR_LEDGER__COMMAND_CENTER_UI_LANE_REVIEW_DECISION_GATE_V1_20260606.md","Same relative path and SHA256 already present in repo for ROOT_HOUSE_WORK.","CFAE55AE56A7C9FC70F9C49149911AE119C7D5AE32CA3DF36872AC61DE0C4895","535"
"REMOVED_ROOT_DUPLICATE_AFTER_HASH_MATCH","C:\Users\13527\Desktop\123\HOUSE_WORK\PROJECT_COMMAND_CENTER_UI_LANE\REVIEW_DECISION_GATE\COMMAND_CENTER_UI_LANE_REVIEW_DECISION_GATE_V1_20260606_160225\NEXT_OBJECT_CARD__COMMAND_CENTER_UI_LANE_LIVE_INSTALL_PREP_GATE_V1_20260606.md","C:\Users\13527\Desktop\123\Jxhnny_Kl33N_Seedz\HOUSE_WORK\PROJECT_COMMAND_CENTER_UI_LANE\REVIEW_DECISION_GATE\COMMAND_CENTER_UI_LANE_REVIEW_DECISION_GATE_V1_20260606_160225\NEXT_OBJECT_CARD__COMMAND_CENTER_UI_LANE_LIVE_INSTALL_PREP_GATE_V1_20260606.md","Same relative path and SHA256 already present in repo for ROOT_HOUSE_WORK.","A4A484639D1CADA7DDCED2DB1C400D6DAC20B8C83F1D1F53B332FAAF99D51879","1257"
"REMOVED_ROOT_DUPLICATE_AFTER_HASH_MATCH","C:\Users\13527\Desktop\123\HOUSE_WORK\PROJECT_COMMAND_CENTER_UI_LANE\REVIEW_DECISION_GATE\COMMAND_CENTER_UI_LANE_REVIEW_DECISION_GATE_V1_20260606_160225\OUTPUT__WORK_ENTRYPOINT_VERIFY_FOR_DECISION_GATE.txt","C:\Users\13527\Desktop\123\Jxhnny_Kl33N_Seedz\HOUSE_WORK\PROJECT_COMMAND_CENTER_UI_LANE\REVIEW_DECISION_GATE\COMMAND_CENTER_UI_LANE_REVIEW_DECISION_GATE_V1_20260606_160225\OUTPUT__WORK_ENTRYPOINT_VERIFY_FOR_DECISION_GATE.txt","Same relative path and SHA256 already present in repo for ROOT_HOUSE_WORK.","42EE9471F73D0932A47DE23FB206599438C66EB5FF9BEBA2C8F174138C69FF12","560"
"REMOVED_ROOT_DUPLICATE_AFTER_HASH_MATCH","C:\Users\13527\Desktop\123\HOUSE_WORK\PROJECT_COMMAND_CENTER_UI_LANE\REVIEW_DECISION_GATE\COMMAND_CENTER_UI_LANE_REVIEW_DECISION_GATE_V1_20260606_160225\PARK_CARD__COMMAND_CENTER_UI_LANE_REVIEW_DECISION_GATE_V1_20260606.md","C:\Users\13527\Desktop\123\Jxhnny_Kl33N_Seedz\HOUSE_WORK\PROJECT_COMMAND_CENTER_UI_LANE\REVIEW_DECISION_GATE\COMMAND_CENTER_UI_LANE_REVIEW_DECISION_GATE_V1_20260606_160225\PARK_CARD__COMMAND_CENTER_UI_LANE_REVIEW_DECISION_GATE_V1_20260606.md","Same relative path and SHA256 already present in repo for ROOT_HOUSE_WORK.","D113937674C72BC8CCFC9AE1ED11D35F0F387D364A02DC6D9039DD45CDF63D6F","679"
"REMOVED_ROOT_DUPLICATE_AFTER_HASH_MATCH","C:\Users\13527\Desktop\123\HOUSE_WORK\PROJECT_COMMAND_CENTER_UI_LANE\REVIEW_DECISION_GATE\COMMAND_CENTER_UI_LANE_REVIEW_DECISION_GATE_V1_20260606_160225\RECEIPT__COMMAND_CENTER_UI_LANE_REVIEW_DECISION_GATE_V1_20260606.md","C:\Users\13527\Desktop\123\Jxhnny_Kl33N_Seedz\HOUSE_WORK\PROJECT_COMMAND_CENTER_UI_LANE\REVIEW_DECISION_GATE\COMMAND_CENTER_UI_LANE_REVIEW_DECISION_GATE_V1_20260606_160225\RECEIPT__COMMAND_CENTER_UI_LANE_REVIEW_DECISION_GATE_V1_20260606.md","Same relative path and SHA256 already present in repo for ROOT_HOUSE_WORK.","29E5864E79D3C6F4AED6B86C911C74A45FCA6E8CA790ACE87B5FB0117DF5202E","2958"
"REMOVED_ROOT_DUPLICATE_AFTER_HASH_MATCH","C:\Users\13527\Desktop\123\HOUSE_WORK\PROJECT_COMMAND_CENTER_UI_LANE\REVIEW_DECISION_GATE\COMMAND_CENTER_UI_LANE_REVIEW_DECISION_GATE_V1_2_20260606_160658\COMMAND_CENTER_UI_LANE_REVIEW_DECISION_GATE_PACKET_V1_2_20260606.md","C:\Users\13527\Desktop\123\Jxhnny_Kl33N_Seedz\HOUSE_WORK\PROJECT_COMMAND_CENTER_UI_LANE\REVIEW_DECISION_GATE\COMMAND_CENTER_UI_LANE_REVIEW_DECISION_GATE_V1_2_20260606_160658\COMMAND_CENTER_UI_LANE_REVIEW_DECISION_GATE_PACKET_V1_2_20260606.md","Same relative path and SHA256 already present in repo for ROOT_HOUSE_WORK.","AD868AFB5DC797FB00813C1E2FA9207FE2EC134980935012B9598B9A06222825","2430"
"REMOVED_ROOT_DUPLICATE_AFTER_HASH_MATCH","C:\Users\13527\Desktop\123\HOUSE_WORK\PROJECT_COMMAND_CENTER_UI_LANE\REVIEW_DECISION_GATE\COMMAND_CENTER_UI_LANE_REVIEW_DECISION_GATE_V1_2_20260606_160658\ERROR_LEDGER__COMMAND_CENTER_UI_LANE_REVIEW_DECISION_GATE_V1_2_20260606.md","C:\Users\13527\Desktop\123\Jxhnny_Kl33N_Seedz\HOUSE_WORK\PROJECT_COMMAND_CENTER_UI_LANE\REVIEW_DECISION_GATE\COMMAND_CENTER_UI_LANE_REVIEW_DECISION_GATE_V1_2_20260606_160658\ERROR_LEDGER__COMMAND_CENTER_UI_LANE_REVIEW_DECISION_GATE_V1_2_20260606.md","Same relative path and SHA256 already present in repo for ROOT_HOUSE_WORK.","6BA105F6E5F1C34B1B0C442C010E65E5A8DBE94F769A49EE4B70C90AADD941F2","285"
"REMOVED_ROOT_DUPLICATE_AFTER_HASH_MATCH","C:\Users\13527\Desktop\123\HOUSE_WORK\PROJECT_COMMAND_CENTER_UI_LANE\REVIEW_DECISION_GATE\COMMAND_CENTER_UI_LANE_REVIEW_DECISION_GATE_V1_2_20260606_160658\NEXT_OBJECT_CARD__COMMAND_CENTER_UI_LANE_LIVE_INSTALL_PREP_GATE_V1_20260606.md","C:\Users\13527\Desktop\123\Jxhnny_Kl33N_Seedz\HOUSE_WORK\PROJECT_COMMAND_CENTER_UI_LANE\REVIEW_DECISION_GATE\COMMAND_CENTER_UI_LANE_REVIEW_DECISION_GATE_V1_2_20260606_160658\NEXT_OBJECT_CARD__COMMAND_CENTER_UI_LANE_LIVE_INSTALL_PREP_GATE_V1_20260606.md","Same relative path and SHA256 already present in repo for ROOT_HOUSE_WORK.","FEA3D6297D8C751C2092D9B9F7D62993584C0D04D8ACD606C62FF10D5E38D4EA","1108"
"REMOVED_ROOT_DUPLICATE_AFTER_HASH_MATCH","C:\Users\13527\Desktop\123\HOUSE_WORK\PROJECT_COMMAND_CENTER_UI_LANE\REVIEW_DECISION_GATE\COMMAND_CENTER_UI_LANE_REVIEW_DECISION_GATE_V1_2_20260606_160658\OUTPUT__WORK_ENTRYPOINT_VERIFY_FOR_DECISION_GATE_V1_2.txt","C:\Users\13527\Desktop\123\Jxhnny_Kl33N_Seedz\HOUSE_WORK\PROJECT_COMMAND_CENTER_UI_LANE\REVIEW_DECISION_GATE\COMMAND_CENTER_UI_LANE_REVIEW_DECISION_GATE_V1_2_20260606_160658\OUTPUT__WORK_ENTRYPOINT_VERIFY_FOR_DECISION_GATE_V1_2.txt","Same relative path and SHA256 already present in repo for ROOT_HOUSE_WORK.","027D2B4C8848D01245CB451B9DB6BC768415E46BCB30161B752B126911AC6C9B","560"
"REMOVED_ROOT_DUPLICATE_AFTER_HASH_MATCH","C:\Users\13527\Desktop\123\HOUSE_WORK\PROJECT_COMMAND_CENTER_UI_LANE\REVIEW_DECISION_GATE\COMMAND_CENTER_UI_LANE_REVIEW_DECISION_GATE_V1_2_20260606_160658\PARK_CARD__COMMAND_CENTER_UI_LANE_REVIEW_DECISION_GATE_V1_2_20260606.md","C:\Users\13527\Desktop\123\Jxhnny_Kl33N_Seedz\HOUSE_WORK\PROJECT_COMMAND_CENTER_UI_LANE\REVIEW_DECISION_GATE\COMMAND_CENTER_UI_LANE_REVIEW_DECISION_GATE_V1_2_20260606_160658\PARK_CARD__COMMAND_CENTER_UI_LANE_REVIEW_DECISION_GATE_V1_2_20260606.md","Same relative path and SHA256 already present in repo for ROOT_HOUSE_WORK.","8734CB18F2458C019F765D5B14046081F140AF33A3DDA96B85AADD17809F0D5B","629"
"REMOVED_ROOT_DUPLICATE_AFTER_HASH_MATCH","C:\Users\13527\Desktop\123\HOUSE_WORK\PROJECT_COMMAND_CENTER_UI_LANE\REVIEW_DECISION_GATE\COMMAND_CENTER_UI_LANE_REVIEW_DECISION_GATE_V1_2_20260606_160658\RECEIPT__COMMAND_CENTER_UI_LANE_REVIEW_DECISION_GATE_V1_2_20260606.md","C:\Users\13527\Desktop\123\Jxhnny_Kl33N_Seedz\HOUSE_WORK\PROJECT_COMMAND_CENTER_UI_LANE\REVIEW_DECISION_GATE\COMMAND_CENTER_UI_LANE_REVIEW_DECISION_GATE_V1_2_20260606_160658\RECEIPT__COMMAND_CENTER_UI_LANE_REVIEW_DECISION_GATE_V1_2_20260606.md","Same relative path and SHA256 already present in repo for ROOT_HOUSE_WORK.","7BF55DC273AF693C60C079820F6B8F3572EE456BF278D6C3F566E94880E37F6F","4530"
"REMOVED_ROOT_DUPLICATE_AFTER_HASH_MATCH","C:\Users\13527\Desktop\123\HOUSE_WORK\PROJECT_COMMAND_CENTER_UI_LANE\REVIEW_DECISION_GATE\COMMAND_CENTER_UI_LANE_REVIEW_DECISION_GATE_V1_2_20260606_160658\REPAIR_FINDING__DECISION_GATE_V1_TO_V1_2_20260606.md","C:\Users\13527\Desktop\123\Jxhnny_Kl33N_Seedz\HOUSE_WORK\PROJECT_COMMAND_CENTER_UI_LANE\REVIEW_DECISION_GATE\COMMAND_CENTER_UI_LANE_REVIEW_DECISION_GATE_V1_2_20260606_160658\REPAIR_FINDING__DECISION_GATE_V1_TO_V1_2_20260606.md","Same relative path and SHA256 already present in repo for ROOT_HOUSE_WORK.","9A8198E65FB36682C23F4AC807F5F8F7B9A73EA4AE2013F21EB43EB109982008","829"
"REMOVED_ROOT_DUPLICATE_AFTER_HASH_MATCH","C:\Users\13527\Desktop\123\HOUSE_WORK\PROJECT_COMMAND_CENTER_UI_LANE\REVIEW_DECISION_GATE\RUN_SEQUENCES\COMMAND_CENTER_UI_LANE_RUN_SEQUENCE_INDEX_20260606.md","C:\Users\13527\Desktop\123\Jxhnny_Kl33N_Seedz\HOUSE_WORK\PROJECT_COMMAND_CENTER_UI_LANE\REVIEW_DECISION_GATE\RUN_SEQUENCES\COMMAND_CENTER_UI_LANE_RUN_SEQUENCE_INDEX_20260606.md","Same relative path and SHA256 already present in repo for ROOT_HOUSE_WORK.","1A2A2B1207A6E8C683B78DBCF1933AB9EA5E57A80D49DE892AF569BF682923AB","1297"
"REMOVED_ROOT_DUPLICATE_AFTER_HASH_MATCH","C:\Users\13527\Desktop\123\HOUSE_WORK\PROJECT_COMMAND_CENTER_UI_LANE\REVIEW_DECISION_GATE\RUN_SEQUENCES\CURRENT_COMMAND_CENTER_UI_LANE_DECISION_GATE_REPAIR_RUN_SEQUENCE_STATUS.json","C:\Users\13527\Desktop\123\Jxhnny_Kl33N_Seedz\HOUSE_WORK\PROJECT_COMMAND_CENTER_UI_LANE\REVIEW_DECISION_GATE\RUN_SEQUENCES\CURRENT_COMMAND_CENTER_UI_LANE_DECISION_GATE_REPAIR_RUN_SEQUENCE_STATUS.json","Same relative path and SHA256 already present in repo for ROOT_HOUSE_WORK.","A4DA1982F6835C19A98BE87FF5F8815B25C27FF6F868A63E13FBAF691F520E41","1658"
"REMOVED_ROOT_DUPLICATE_AFTER_HASH_MATCH","C:\Users\13527\Desktop\123\HOUSE_WORK\PROJECT_COMMAND_CENTER_UI_LANE\REVIEW_DECISION_GATE\RUN_SEQUENCES\CURRENT_COMMAND_CENTER_UI_LANE_DECISION_GATE_REPAIR_RUN_SEQUENCE_STATUS.md","C:\Users\13527\Desktop\123\Jxhnny_Kl33N_Seedz\HOUSE_WORK\PROJECT_COMMAND_CENTER_UI_LANE\REVIEW_DECISION_GATE\RUN_SEQUENCES\CURRENT_COMMAND_CENTER_UI_LANE_DECISION_GATE_REPAIR_RUN_SEQUENCE_STATUS.md","Same relative path and SHA256 already present in repo for ROOT_HOUSE_WORK.","92E72A0C5CF82A16FA855ED059523D3B8797058554C4481A00C8B9B46DDCFB89","1841"
"REMOVED_ROOT_DUPLICATE_AFTER_HASH_MATCH","C:\Users\13527\Desktop\123\HOUSE_WORK\PROJECT_COMMAND_CENTER_UI_LANE\REVIEW_DECISION_GATE\RUN_SEQUENCES\COMMAND_CENTER_UI_LANE_DECISION_GATE_REPAIR_RUN_SEQUENCE_20260606_20260606_160932\ERROR_LEDGER__RUN_SEQUENCE__COMMAND_CENTER_UI_LANE_DECISION_GATE_REPAIR_RUN_SEQUENCE_20260606.md","C:\Users\13527\Desktop\123\Jxhnny_Kl33N_Seedz\HOUSE_WORK\PROJECT_COMMAND_CENTER_UI_LANE\REVIEW_DECISION_GATE\RUN_SEQUENCES\COMMAND_CENTER_UI_LANE_DECISION_GATE_REPAIR_RUN_SEQUENCE_20260606_20260606_160932\ERROR_LEDGER__RUN_SEQUENCE__COMMAND_CENTER_UI_LANE_DECISION_GATE_REPAIR_RUN_SEQUENCE_20260606.md","Same relative path and SHA256 already present in repo for ROOT_HOUSE_WORK.","C61DD5E6891B5C35C5313BEFFD80372755A1285857B66C3CF6A93F3C86B37AE9","270"
"REMOVED_ROOT_DUPLICATE_AFTER_HASH_MATCH","C:\Users\13527\Desktop\123\HOUSE_WORK\PROJECT_COMMAND_CENTER_UI_LANE\REVIEW_DECISION_GATE\RUN_SEQUENCES\COMMAND_CENTER_UI_LANE_DECISION_GATE_REPAIR_RUN_SEQUENCE_20260606_20260606_160932\RECEIPT__RUN_SEQUENCE__COMMAND_CENTER_UI_LANE_DECISION_GATE_REPAIR_RUN_SEQUENCE_20260606.md","C:\Users\13527\Desktop\123\Jxhnny_Kl33N_Seedz\HOUSE_WORK\PROJECT_COMMAND_CENTER_UI_LANE\REVIEW_DECISION_GATE\RUN_SEQUENCES\COMMAND_CENTER_UI_LANE_DECISION_GATE_REPAIR_RUN_SEQUENCE_20260606_20260606_160932\RECEIPT__RUN_SEQUENCE__COMMAND_CENTER_UI_LANE_DECISION_GATE_REPAIR_RUN_SEQUENCE_20260606.md","Same relative path and SHA256 already present in repo for ROOT_HOUSE_WORK.","14F5C9E4AECA47990C282AA08A7DAAE6B609E42E507908213AF0F990042B1B15","1850"
"REMOVED_ROOT_DUPLICATE_AFTER_HASH_MATCH","C:\Users\13527\Desktop\123\HOUSE_WORK\PROJECT_COMMAND_CENTER_UI_LANE\REVIEW_DECISION_GATE\RUN_SEQUENCES\COMMAND_CENTER_UI_LANE_DECISION_GATE_REPAIR_RUN_SEQUENCE_20260606_20260606_160932\RUN_SEQUENCE__COMMAND_CENTER_UI_LANE_DECISION_GATE_REPAIR_RUN_SEQUENCE_20260606.json","C:\Users\13527\Desktop\123\Jxhnny_Kl33N_Seedz\HOUSE_WORK\PROJECT_COMMAND_CENTER_UI_LANE\REVIEW_DECISION_GATE\RUN_SEQUENCES\COMMAND_CENTER_UI_LANE_DECISION_GATE_REPAIR_RUN_SEQUENCE_20260606_20260606_160932\RUN_SEQUENCE__COMMAND_CENTER_UI_LANE_DECISION_GATE_REPAIR_RUN_SEQUENCE_20260606.json","Same relative path and SHA256 already present in repo for ROOT_HOUSE_WORK.","0C54A4AD6A04600F7F271CFB98B70EF64590504A868AA7E7F4DFA204DAC42093","4282"
"REMOVED_ROOT_DUPLICATE_AFTER_HASH_MATCH","C:\Users\13527\Desktop\123\HOUSE_WORK\PROJECT_COMMAND_CENTER_UI_LANE\REVIEW_DECISION_GATE\RUN_SEQUENCES\COMMAND_CENTER_UI_LANE_DECISION_GATE_REPAIR_RUN_SEQUENCE_20260606_20260606_160932\RUN_SEQUENCE__COMMAND_CENTER_UI_LANE_DECISION_GATE_REPAIR_RUN_SEQUENCE_20260606.md","C:\Users\13527\Desktop\123\Jxhnny_Kl33N_Seedz\HOUSE_WORK\PROJECT_COMMAND_CENTER_UI_LANE\REVIEW_DECISION_GATE\RUN_SEQUENCES\COMMAND_CENTER_UI_LANE_DECISION_GATE_REPAIR_RUN_SEQUENCE_20260606_20260606_160932\RUN_SEQUENCE__COMMAND_CENTER_UI_LANE_DECISION_GATE_REPAIR_RUN_SEQUENCE_20260606.md","Same relative path and SHA256 already present in repo for ROOT_HOUSE_WORK.","584BCDAD131E365F508C7C817461950FBC267EA9AE6F46902858224AA39FD676","2681"
"REMOVED_ROOT_DUPLICATE_AFTER_HASH_MATCH","C:\Users\13527\Desktop\123\HOUSE_WORK\PROJECT_COMMAND_CENTER_UI_LANE\REVIEW_DECISION_GATE\WRITER_RECEIPTS\WRITE_COMMAND_CENTER_UI_LANE_REVIEW_DECISION_GATE_V1_2_20260606_160657\RECEIPT__WRITE_COMMAND_CENTER_UI_LANE_REVIEW_DECISION_GATE_V1_2_20260606.md","C:\Users\13527\Desktop\123\Jxhnny_Kl33N_Seedz\HOUSE_WORK\PROJECT_COMMAND_CENTER_UI_LANE\REVIEW_DECISION_GATE\WRITER_RECEIPTS\WRITE_COMMAND_CENTER_UI_LANE_REVIEW_DECISION_GATE_V1_2_20260606_160657\RECEIPT__WRITE_COMMAND_CENTER_UI_LANE_REVIEW_DECISION_GATE_V1_2_20260606.md","Same relative path and SHA256 already present in repo for ROOT_HOUSE_WORK.","4CF33440682BA97573AF6ECBF5349DA606F478EF20E145043349FDB02E815D4A","1944"
"REMOVED_ROOT_DUPLICATE_AFTER_HASH_MATCH","C:\Users\13527\Desktop\123\HOUSE_WORK\PROJECT_COMMAND_CENTER_UI_LANE\REVIEW_DECISION_GATE\WRITER_RECEIPTS\WRITE_COMMAND_CENTER_UI_LANE_REVIEW_DECISION_GATE_V1_2_20260606_160657\VERIFY_OUTPUT__COMMAND_CENTER_UI_LANE_REVIEW_DECISION_GATE_V1_2_20260606.txt","C:\Users\13527\Desktop\123\Jxhnny_Kl33N_Seedz\HOUSE_WORK\PROJECT_COMMAND_CENTER_UI_LANE\REVIEW_DECISION_GATE\WRITER_RECEIPTS\WRITE_COMMAND_CENTER_UI_LANE_REVIEW_DECISION_GATE_V1_2_20260606_160657\VERIFY_OUTPUT__COMMAND_CENTER_UI_LANE_REVIEW_DECISION_GATE_V1_2_20260606.txt","Same relative path and SHA256 already present in repo for ROOT_HOUSE_WORK.","165FC608CFD65321721AFA5267450E136237BBDF81698BD006E859FA49493B09","963"
"REMOVED_ROOT_DUPLICATE_AFTER_HASH_MATCH","C:\Users\13527\Desktop\123\HOUSE_WORK\PROJECT_COMMAND_CENTER_UI_LANE\REVIEW_ENTRY\CURRENT_COMMAND_CENTER_UI_LANE_REVIEW_STATUS.json","C:\Users\13527\Desktop\123\Jxhnny_Kl33N_Seedz\HOUSE_WORK\PROJECT_COMMAND_CENTER_UI_LANE\REVIEW_ENTRY\CURRENT_COMMAND_CENTER_UI_LANE_REVIEW_STATUS.json","Same relative path and SHA256 already present in repo for ROOT_HOUSE_WORK.","284BA557959D0A23FCDDF0DEFBB4F42A50B5911F25607A5FE4C3AB9A33478A7A","4171"
"REMOVED_ROOT_DUPLICATE_AFTER_HASH_MATCH","C:\Users\13527\Desktop\123\HOUSE_WORK\PROJECT_COMMAND_CENTER_UI_LANE\REVIEW_ENTRY\CURRENT_COMMAND_CENTER_UI_LANE_REVIEW_STATUS.md","C:\Users\13527\Desktop\123\Jxhnny_Kl33N_Seedz\HOUSE_WORK\PROJECT_COMMAND_CENTER_UI_LANE\REVIEW_ENTRY\CURRENT_COMMAND_CENTER_UI_LANE_REVIEW_STATUS.md","Same relative path and SHA256 already present in repo for ROOT_HOUSE_WORK.","4B39321646005732DA556558C871CB8A43459A17284BDA7E5DA988850D3A5D94","1075"
"REMOVED_ROOT_DUPLICATE_AFTER_HASH_MATCH","C:\Users\13527\Desktop\123\HOUSE_WORK\PROJECT_COMMAND_CENTER_UI_LANE\REVIEW_ENTRY\COMMAND_CENTER_UI_LANE_REVIEW_ENTRY_V1_20260606_153627\COMMAND_CENTER_UI_LANE_REVIEW_DECISION_CARD_V1_20260606.md","C:\Users\13527\Desktop\123\Jxhnny_Kl33N_Seedz\HOUSE_WORK\PROJECT_COMMAND_CENTER_UI_LANE\REVIEW_ENTRY\COMMAND_CENTER_UI_LANE_REVIEW_ENTRY_V1_20260606_153627\COMMAND_CENTER_UI_LANE_REVIEW_DECISION_CARD_V1_20260606.md","Same relative path and SHA256 already present in repo for ROOT_HOUSE_WORK.","A69095A515CC1E0FCD0D9C56A73CAB1FD959CE1390B213839DD852F24D3EC338","1017"
"REMOVED_ROOT_DUPLICATE_AFTER_HASH_MATCH","C:\Users\13527\Desktop\123\HOUSE_WORK\PROJECT_COMMAND_CENTER_UI_LANE\REVIEW_ENTRY\COMMAND_CENTER_UI_LANE_REVIEW_ENTRY_V1_20260606_153627\COMMAND_CENTER_UI_LANE_REVIEW_PACKET_V1_20260606.md","C:\Users\13527\Desktop\123\Jxhnny_Kl33N_Seedz\HOUSE_WORK\PROJECT_COMMAND_CENTER_UI_LANE\REVIEW_ENTRY\COMMAND_CENTER_UI_LANE_REVIEW_ENTRY_V1_20260606_153627\COMMAND_CENTER_UI_LANE_REVIEW_PACKET_V1_20260606.md","Same relative path and SHA256 already present in repo for ROOT_HOUSE_WORK.","EE59F0539B65881E3763DDFD2B748C7D7DD11993A8B54FE39EC34BAD441AC092","3243"
"REMOVED_ROOT_DUPLICATE_AFTER_HASH_MATCH","C:\Users\13527\Desktop\123\HOUSE_WORK\PROJECT_COMMAND_CENTER_UI_LANE\REVIEW_ENTRY\COMMAND_CENTER_UI_LANE_REVIEW_ENTRY_V1_20260606_153627\ERROR_LEDGER__COMMAND_CENTER_UI_LANE_REVIEW_ENTRY_V1_20260606.md","C:\Users\13527\Desktop\123\Jxhnny_Kl33N_Seedz\HOUSE_WORK\PROJECT_COMMAND_CENTER_UI_LANE\REVIEW_ENTRY\COMMAND_CENTER_UI_LANE_REVIEW_ENTRY_V1_20260606_153627\ERROR_LEDGER__COMMAND_CENTER_UI_LANE_REVIEW_ENTRY_V1_20260606.md","Same relative path and SHA256 already present in repo for ROOT_HOUSE_WORK.","935C813F239D2BED940FEA9416D4246596ACD24C0CDB8E1EB0BAF74F129FE274","275"
"REMOVED_ROOT_DUPLICATE_AFTER_HASH_MATCH","C:\Users\13527\Desktop\123\HOUSE_WORK\PROJECT_COMMAND_CENTER_UI_LANE\REVIEW_ENTRY\COMMAND_CENTER_UI_LANE_REVIEW_ENTRY_V1_20260606_153627\OUTPUT__WORK_ENTRYPOINT_VERIFY_FOR_UI_LANE_REVIEW.txt","C:\Users\13527\Desktop\123\Jxhnny_Kl33N_Seedz\HOUSE_WORK\PROJECT_COMMAND_CENTER_UI_LANE\REVIEW_ENTRY\COMMAND_CENTER_UI_LANE_REVIEW_ENTRY_V1_20260606_153627\OUTPUT__WORK_ENTRYPOINT_VERIFY_FOR_UI_LANE_REVIEW.txt","Same relative path and SHA256 already present in repo for ROOT_HOUSE_WORK.","C89EDB640793F22BF3454F57405E5A9EA2FBDB91A6AED83A0CC19DA75C341773","560"
"REMOVED_ROOT_DUPLICATE_AFTER_HASH_MATCH","C:\Users\13527\Desktop\123\HOUSE_WORK\PROJECT_COMMAND_CENTER_UI_LANE\REVIEW_ENTRY\COMMAND_CENTER_UI_LANE_REVIEW_ENTRY_V1_20260606_153627\RECEIPT__COMMAND_CENTER_UI_LANE_REVIEW_ENTRY_V1_20260606.md","C:\Users\13527\Desktop\123\Jxhnny_Kl33N_Seedz\HOUSE_WORK\PROJECT_COMMAND_CENTER_UI_LANE\REVIEW_ENTRY\COMMAND_CENTER_UI_LANE_REVIEW_ENTRY_V1_20260606_153627\RECEIPT__COMMAND_CENTER_UI_LANE_REVIEW_ENTRY_V1_20260606.md","Same relative path and SHA256 already present in repo for ROOT_HOUSE_WORK.","60BE9FEE82B13003B1D48E38C4C6E9E5C53C48A44162486EF61AD82A3EB05A98","4333"
"MOVED_STRUCTURED_ROOT_FILE_TO_REPO_LANE","C:\Users\13527\Desktop\123\HOUSE_WORK\PROJECT_COMMAND_CENTER_UI_LANE\SAVE_AND_COMMIT_GATE\COMMAND_CENTER_UI_LANE_SAVE_AND_COMMIT_GATE_CARD_V1_1_20260606.md","C:\Users\13527\Desktop\123\Jxhnny_Kl33N_Seedz\HOUSE_WORK\PROJECT_COMMAND_CENTER_UI_LANE\SAVE_AND_COMMIT_GATE\COMMAND_CENTER_UI_LANE_SAVE_AND_COMMIT_GATE_CARD_V1_1_20260606.md","Structured root ROOT_HOUSE_WORK file was missing from matching git lane.","829A4090E70E1A66B684C3C59071E11D1E7DE7B0FDF8836347DBE6462A9F57F9","1143"
"MOVED_STRUCTURED_ROOT_FILE_TO_REPO_LANE","C:\Users\13527\Desktop\123\HOUSE_WORK\PROJECT_COMMAND_CENTER_UI_LANE\SAVE_AND_COMMIT_GATE\COMMAND_CENTER_UI_LANE_SAVE_AND_COMMIT_GATE_CARD_V1_2_20260606.md","C:\Users\13527\Desktop\123\Jxhnny_Kl33N_Seedz\HOUSE_WORK\PROJECT_COMMAND_CENTER_UI_LANE\SAVE_AND_COMMIT_GATE\COMMAND_CENTER_UI_LANE_SAVE_AND_COMMIT_GATE_CARD_V1_2_20260606.md","Structured root ROOT_HOUSE_WORK file was missing from matching git lane.","EADD60E244189335F8DBC2F4C3888258E873B24DD61BAED5465F27F315B5C9FA","1263"
"REMOVED_ROOT_DUPLICATE_AFTER_HASH_MATCH","C:\Users\13527\Desktop\123\HOUSE_WORK\PROJECT_COMMAND_CENTER_UI_LANE\SAVE_AND_COMMIT_GATE\COMMAND_CENTER_UI_LANE_SAVE_AND_COMMIT_GATE_CARD_V1_20260606.md","C:\Users\13527\Desktop\123\Jxhnny_Kl33N_Seedz\HOUSE_WORK\PROJECT_COMMAND_CENTER_UI_LANE\SAVE_AND_COMMIT_GATE\COMMAND_CENTER_UI_LANE_SAVE_AND_COMMIT_GATE_CARD_V1_20260606.md","Same relative path and SHA256 already present in repo for ROOT_HOUSE_WORK.","6C1059283EEDF2636440654007392D204BD85918E14BEE8FCF1EF2D5B9B8641F","1111"
"MOVED_STRUCTURED_ROOT_FILE_TO_REPO_LANE","C:\Users\13527\Desktop\123\HOUSE_WORK\PROJECT_COMMAND_CENTER_UI_LANE\SAVE_AND_COMMIT_GATE\COMMAND_CENTER_UI_LANE_SAVE_AND_COMMIT_GATE_CARD_V1_3_20260606.md","C:\Users\13527\Desktop\123\Jxhnny_Kl33N_Seedz\HOUSE_WORK\PROJECT_COMMAND_CENTER_UI_LANE\SAVE_AND_COMMIT_GATE\COMMAND_CENTER_UI_LANE_SAVE_AND_COMMIT_GATE_CARD_V1_3_20260606.md","Structured root ROOT_HOUSE_WORK file was missing from matching git lane.","166A1740B1BF1CDDD7BDC0E685F4D9C5A9354FC497663AA451E0071E52022AD1","1236"
"MOVED_STRUCTURED_ROOT_FILE_TO_REPO_LANE","C:\Users\13527\Desktop\123\HOUSE_WORK\PROJECT_COMMAND_CENTER_UI_LANE\SAVE_AND_COMMIT_GATE\COMMAND_CENTER_UI_LANE_SAVE_AND_COMMIT_GATE_CARD_V1_4_20260606.md","C:\Users\13527\Desktop\123\Jxhnny_Kl33N_Seedz\HOUSE_WORK\PROJECT_COMMAND_CENTER_UI_LANE\SAVE_AND_COMMIT_GATE\COMMAND_CENTER_UI_LANE_SAVE_AND_COMMIT_GATE_CARD_V1_4_20260606.md","Structured root ROOT_HOUSE_WORK file was missing from matching git lane.","A3AFE046DF22AC3F48615D83A28E8E20F3DF8E65702E3838CB6857B3E6AA907B","1326"
"MOVED_STRUCTURED_ROOT_FILE_TO_REPO_LANE","C:\Users\13527\Desktop\123\HOUSE_WORK\PROJECT_COMMAND_CENTER_UI_LANE\SAVE_AND_COMMIT_GATE\COMMAND_CENTER_UI_LANE_SAVE_AND_COMMIT_GATE_V1_1_20260606.ps1","C:\Users\13527\Desktop\123\Jxhnny_Kl33N_Seedz\HOUSE_WORK\PROJECT_COMMAND_CENTER_UI_LANE\SAVE_AND_COMMIT_GATE\COMMAND_CENTER_UI_LANE_SAVE_AND_COMMIT_GATE_V1_1_20260606.ps1","Structured root ROOT_HOUSE_WORK file was missing from matching git lane.","FE356B00C195AC6D4449B8B67C5893368AEE94A2C5C0216008811C47F82BAE41","35037"
"MOVED_STRUCTURED_ROOT_FILE_TO_REPO_LANE","C:\Users\13527\Desktop\123\HOUSE_WORK\PROJECT_COMMAND_CENTER_UI_LANE\SAVE_AND_COMMIT_GATE\COMMAND_CENTER_UI_LANE_SAVE_AND_COMMIT_GATE_V1_2_20260606.ps1","C:\Users\13527\Desktop\123\Jxhnny_Kl33N_Seedz\HOUSE_WORK\PROJECT_COMMAND_CENTER_UI_LANE\SAVE_AND_COMMIT_GATE\COMMAND_CENTER_UI_LANE_SAVE_AND_COMMIT_GATE_V1_2_20260606.ps1","Structured root ROOT_HOUSE_WORK file was missing from matching git lane.","AB1C6612D299C37D7F577C0886A55EC489887F1910F759B42B8ECA3CA676516A","35180"
"REMOVED_ROOT_DUPLICATE_AFTER_HASH_MATCH","C:\Users\13527\Desktop\123\HOUSE_WORK\PROJECT_COMMAND_CENTER_UI_LANE\SAVE_AND_COMMIT_GATE\COMMAND_CENTER_UI_LANE_SAVE_AND_COMMIT_GATE_V1_20260606.ps1","C:\Users\13527\Desktop\123\Jxhnny_Kl33N_Seedz\HOUSE_WORK\PROJECT_COMMAND_CENTER_UI_LANE\SAVE_AND_COMMIT_GATE\COMMAND_CENTER_UI_LANE_SAVE_AND_COMMIT_GATE_V1_20260606.ps1","Same relative path and SHA256 already present in repo for ROOT_HOUSE_WORK.","C236EEB85E8906530E072A5E9819C074DF066B3712963306551FF9C1639388E2","30184"
"MOVED_STRUCTURED_ROOT_FILE_TO_REPO_LANE","C:\Users\13527\Desktop\123\HOUSE_WORK\PROJECT_COMMAND_CENTER_UI_LANE\SAVE_AND_COMMIT_GATE\COMMAND_CENTER_UI_LANE_SAVE_AND_COMMIT_GATE_V1_3_20260606.ps1","C:\Users\13527\Desktop\123\Jxhnny_Kl33N_Seedz\HOUSE_WORK\PROJECT_COMMAND_CENTER_UI_LANE\SAVE_AND_COMMIT_GATE\COMMAND_CENTER_UI_LANE_SAVE_AND_COMMIT_GATE_V1_3_20260606.ps1","Structured root ROOT_HOUSE_WORK file was missing from matching git lane.","8CE58A95351EB1F658269B462758961BE703A6145BF2850A0EBBE7BD609ED1E8","35288"
"MOVED_STRUCTURED_ROOT_FILE_TO_REPO_LANE","C:\Users\13527\Desktop\123\HOUSE_WORK\PROJECT_COMMAND_CENTER_UI_LANE\SAVE_AND_COMMIT_GATE\COMMAND_CENTER_UI_LANE_SAVE_AND_COMMIT_GATE_V1_4_20260606.ps1","C:\Users\13527\Desktop\123\Jxhnny_Kl33N_Seedz\HOUSE_WORK\PROJECT_COMMAND_CENTER_UI_LANE\SAVE_AND_COMMIT_GATE\COMMAND_CENTER_UI_LANE_SAVE_AND_COMMIT_GATE_V1_4_20260606.ps1","Structured root ROOT_HOUSE_WORK file was missing from matching git lane.","C53948A17429A4B999A9F19EE7133DD96B9FAD61552F02AED91B409C1A3BBC86","33563"
"MOVED_STRUCTURED_ROOT_FILE_TO_REPO_LANE","C:\Users\13527\Desktop\123\HOUSE_WORK\PROJECT_COMMAND_CENTER_UI_LANE\SAVE_AND_COMMIT_GATE\CURRENT_COMMAND_CENTER_UI_LANE_SAVE_AND_COMMIT_STATUS_V1_1.json","C:\Users\13527\Desktop\123\Jxhnny_Kl33N_Seedz\HOUSE_WORK\PROJECT_COMMAND_CENTER_UI_LANE\SAVE_AND_COMMIT_GATE\CURRENT_COMMAND_CENTER_UI_LANE_SAVE_AND_COMMIT_STATUS_V1_1.json","Structured root ROOT_HOUSE_WORK file was missing from matching git lane.","085784BF5CEF86C676965D543AEE9FB7406DDB864C81BB7E4A7E61D695D6B939","4283"
"MOVED_STRUCTURED_ROOT_FILE_TO_REPO_LANE","C:\Users\13527\Desktop\123\HOUSE_WORK\PROJECT_COMMAND_CENTER_UI_LANE\SAVE_AND_COMMIT_GATE\CURRENT_COMMAND_CENTER_UI_LANE_SAVE_AND_COMMIT_STATUS_V1_1.md","C:\Users\13527\Desktop\123\Jxhnny_Kl33N_Seedz\HOUSE_WORK\PROJECT_COMMAND_CENTER_UI_LANE\SAVE_AND_COMMIT_GATE\CURRENT_COMMAND_CENTER_UI_LANE_SAVE_AND_COMMIT_STATUS_V1_1.md","Structured root ROOT_HOUSE_WORK file was missing from matching git lane.","856D27F08F7F7AC6684BAFE9E68F24A268C25BF278141EA195D32C218E543732","4115"
"MOVED_STRUCTURED_ROOT_FILE_TO_REPO_LANE","C:\Users\13527\Desktop\123\HOUSE_WORK\PROJECT_COMMAND_CENTER_UI_LANE\SAVE_AND_COMMIT_GATE\CURRENT_COMMAND_CENTER_UI_LANE_SAVE_AND_COMMIT_STATUS_V1_2.json","C:\Users\13527\Desktop\123\Jxhnny_Kl33N_Seedz\HOUSE_WORK\PROJECT_COMMAND_CENTER_UI_LANE\SAVE_AND_COMMIT_GATE\CURRENT_COMMAND_CENTER_UI_LANE_SAVE_AND_COMMIT_STATUS_V1_2.json","Structured root ROOT_HOUSE_WORK file was missing from matching git lane.","2374A21D535501109678927B7BAC99A0B9E3E6F08DB0EE673F2B8F4CD439E5A0","4283"
"MOVED_STRUCTURED_ROOT_FILE_TO_REPO_LANE","C:\Users\13527\Desktop\123\HOUSE_WORK\PROJECT_COMMAND_CENTER_UI_LANE\SAVE_AND_COMMIT_GATE\CURRENT_COMMAND_CENTER_UI_LANE_SAVE_AND_COMMIT_STATUS_V1_2.md","C:\Users\13527\Desktop\123\Jxhnny_Kl33N_Seedz\HOUSE_WORK\PROJECT_COMMAND_CENTER_UI_LANE\SAVE_AND_COMMIT_GATE\CURRENT_COMMAND_CENTER_UI_LANE_SAVE_AND_COMMIT_STATUS_V1_2.md","Structured root ROOT_HOUSE_WORK file was missing from matching git lane.","6F7FF70E6D9F72B534C8E714F684FF9B3B006B91DA0B32A8F95A0B690A9C1E75","4115"
"MOVED_STRUCTURED_ROOT_FILE_TO_REPO_LANE","C:\Users\13527\Desktop\123\HOUSE_WORK\PROJECT_COMMAND_CENTER_UI_LANE\SAVE_AND_COMMIT_GATE\CURRENT_COMMAND_CENTER_UI_LANE_SAVE_AND_COMMIT_STATUS_V1_3.json","C:\Users\13527\Desktop\123\Jxhnny_Kl33N_Seedz\HOUSE_WORK\PROJECT_COMMAND_CENTER_UI_LANE\SAVE_AND_COMMIT_GATE\CURRENT_COMMAND_CENTER_UI_LANE_SAVE_AND_COMMIT_STATUS_V1_3.json","Structured root ROOT_HOUSE_WORK file was missing from matching git lane.","04FCAAAC3AA0B5441221C61BAEC935B1F7C52C59B3EDC052635EC2EE38EB579B","4564"
"MOVED_STRUCTURED_ROOT_FILE_TO_REPO_LANE","C:\Users\13527\Desktop\123\HOUSE_WORK\PROJECT_COMMAND_CENTER_UI_LANE\SAVE_AND_COMMIT_GATE\CURRENT_COMMAND_CENTER_UI_LANE_SAVE_AND_COMMIT_STATUS_V1_3.md","C:\Users\13527\Desktop\123\Jxhnny_Kl33N_Seedz\HOUSE_WORK\PROJECT_COMMAND_CENTER_UI_LANE\SAVE_AND_COMMIT_GATE\CURRENT_COMMAND_CENTER_UI_LANE_SAVE_AND_COMMIT_STATUS_V1_3.md","Structured root ROOT_HOUSE_WORK file was missing from matching git lane.","EAD7A8BBE31B3B6C4B67C49C1DC3C0E28B912C5AB7473B05A65A10126A5D6222","4380"
"MOVED_STRUCTURED_ROOT_FILE_TO_REPO_LANE","C:\Users\13527\Desktop\123\HOUSE_WORK\PROJECT_COMMAND_CENTER_UI_LANE\SAVE_AND_COMMIT_GATE\CURRENT_COMMAND_CENTER_UI_LANE_SAVE_AND_COMMIT_STATUS_V1_4.json","C:\Users\13527\Desktop\123\Jxhnny_Kl33N_Seedz\HOUSE_WORK\PROJECT_COMMAND_CENTER_UI_LANE\SAVE_AND_COMMIT_GATE\CURRENT_COMMAND_CENTER_UI_LANE_SAVE_AND_COMMIT_STATUS_V1_4.json","Structured root ROOT_HOUSE_WORK file was missing from matching git lane.","034E3B0C57DBB577059D27527EAEC96F53FBF39AA8FFAD1581A8A0617517C774","4381"
"MOVED_STRUCTURED_ROOT_FILE_TO_REPO_LANE","C:\Users\13527\Desktop\123\HOUSE_WORK\PROJECT_COMMAND_CENTER_UI_LANE\SAVE_AND_COMMIT_GATE\CURRENT_COMMAND_CENTER_UI_LANE_SAVE_AND_COMMIT_STATUS_V1_4.md","C:\Users\13527\Desktop\123\Jxhnny_Kl33N_Seedz\HOUSE_WORK\PROJECT_COMMAND_CENTER_UI_LANE\SAVE_AND_COMMIT_GATE\CURRENT_COMMAND_CENTER_UI_LANE_SAVE_AND_COMMIT_STATUS_V1_4.md","Structured root ROOT_HOUSE_WORK file was missing from matching git lane.","B668FD325C493D58DF220BE1DE9991F8469DDE2178285B24A2AE32BAB51953D0","4220"
"REMOVED_ROOT_DUPLICATE_AFTER_HASH_MATCH","C:\Users\13527\Desktop\123\HOUSE_WORK\PROJECT_COMMAND_CENTER_UI_LANE\SAVE_AND_COMMIT_GATE\CURRENT_COMMAND_CENTER_UI_LANE_SAVE_AND_COMMIT_STATUS.json","C:\Users\13527\Desktop\123\Jxhnny_Kl33N_Seedz\HOUSE_WORK\PROJECT_COMMAND_CENTER_UI_LANE\SAVE_AND_COMMIT_GATE\CURRENT_COMMAND_CENTER_UI_LANE_SAVE_AND_COMMIT_STATUS.json","Same relative path and SHA256 already present in repo for ROOT_HOUSE_WORK.","172F430402BE5B752A295833BA8265A404D76273263A6329714C927038FB2FE8","3900"
"REMOVED_ROOT_DUPLICATE_AFTER_HASH_MATCH","C:\Users\13527\Desktop\123\HOUSE_WORK\PROJECT_COMMAND_CENTER_UI_LANE\SAVE_AND_COMMIT_GATE\CURRENT_COMMAND_CENTER_UI_LANE_SAVE_AND_COMMIT_STATUS.md","C:\Users\13527\Desktop\123\Jxhnny_Kl33N_Seedz\HOUSE_WORK\PROJECT_COMMAND_CENTER_UI_LANE\SAVE_AND_COMMIT_GATE\CURRENT_COMMAND_CENTER_UI_LANE_SAVE_AND_COMMIT_STATUS.md","Same relative path and SHA256 already present in repo for ROOT_HOUSE_WORK.","5ABDEE8F913260BAC0FD9DEFDB5F49F626351370893A9920A73E0C0B4BEAEB50","3505"
"MOVED_STRUCTURED_ROOT_FILE_TO_REPO_LANE","C:\Users\13527\Desktop\123\HOUSE_WORK\PROJECT_COMMAND_CENTER_UI_LANE\SAVE_AND_COMMIT_GATE\COMMAND_CENTER_UI_LANE_SAVE_AND_COMMIT_GATE_V1_1_20260606_172111\APPROVED_SYNCED_FILES__COMMAND_CENTER_UI_LANE_SAVE_AND_COMMIT_V1_1_20260606.txt","C:\Users\13527\Desktop\123\Jxhnny_Kl33N_Seedz\HOUSE_WORK\PROJECT_COMMAND_CENTER_UI_LANE\SAVE_AND_COMMIT_GATE\COMMAND_CENTER_UI_LANE_SAVE_AND_COMMIT_GATE_V1_1_20260606_172111\APPROVED_SYNCED_FILES__COMMAND_CENTER_UI_LANE_SAVE_AND_COMMIT_V1_1_20260606.txt","Structured root ROOT_HOUSE_WORK file was missing from matching git lane.","30EF952A0CE342748922D273A7944C8E31263A3EC1CE22DB61CECB98EC17C74B","54545"
"MOVED_STRUCTURED_ROOT_FILE_TO_REPO_LANE","C:\Users\13527\Desktop\123\HOUSE_WORK\PROJECT_COMMAND_CENTER_UI_LANE\SAVE_AND_COMMIT_GATE\COMMAND_CENTER_UI_LANE_SAVE_AND_COMMIT_GATE_V1_1_20260606_172111\COMMAND_CENTER_UI_LANE_SAVE_AND_COMMIT_PACKET_V1_1_20260606.md","C:\Users\13527\Desktop\123\Jxhnny_Kl33N_Seedz\HOUSE_WORK\PROJECT_COMMAND_CENTER_UI_LANE\SAVE_AND_COMMIT_GATE\COMMAND_CENTER_UI_LANE_SAVE_AND_COMMIT_GATE_V1_1_20260606_172111\COMMAND_CENTER_UI_LANE_SAVE_AND_COMMIT_PACKET_V1_1_20260606.md","Structured root ROOT_HOUSE_WORK file was missing from matching git lane.","36EE80A253E3B7D20D93BE6B627F9D07C46BC71BADFE1F41A13DA1D7A16B5017","3905"
"MOVED_STRUCTURED_ROOT_FILE_TO_REPO_LANE","C:\Users\13527\Desktop\123\HOUSE_WORK\PROJECT_COMMAND_CENTER_UI_LANE\SAVE_AND_COMMIT_GATE\COMMAND_CENTER_UI_LANE_SAVE_AND_COMMIT_GATE_V1_1_20260606_172111\ERROR_LEDGER__COMMAND_CENTER_UI_LANE_SAVE_AND_COMMIT_GATE_V1_1_20260606.md","C:\Users\13527\Desktop\123\Jxhnny_Kl33N_Seedz\HOUSE_WORK\PROJECT_COMMAND_CENTER_UI_LANE\SAVE_AND_COMMIT_GATE\COMMAND_CENTER_UI_LANE_SAVE_AND_COMMIT_GATE_V1_1_20260606_172111\ERROR_LEDGER__COMMAND_CENTER_UI_LANE_SAVE_AND_COMMIT_GATE_V1_1_20260606.md","Structured root ROOT_HOUSE_WORK file was missing from matching git lane.","234077D2AE59BD56E31AFDE30326BF6EFE831E71D03784A6250D40D52EF643A8","343"
"MOVED_STRUCTURED_ROOT_FILE_TO_REPO_LANE","C:\Users\13527\Desktop\123\HOUSE_WORK\PROJECT_COMMAND_CENTER_UI_LANE\SAVE_AND_COMMIT_GATE\COMMAND_CENTER_UI_LANE_SAVE_AND_COMMIT_GATE_V1_1_20260606_172111\GIT_STATUS_AFTER__COMMAND_CENTER_UI_LANE_SAVE_AND_COMMIT_V1_1_20260606.txt","C:\Users\13527\Desktop\123\Jxhnny_Kl33N_Seedz\HOUSE_WORK\PROJECT_COMMAND_CENTER_UI_LANE\SAVE_AND_COMMIT_GATE\COMMAND_CENTER_UI_LANE_SAVE_AND_COMMIT_GATE_V1_1_20260606_172111\GIT_STATUS_AFTER__COMMAND_CENTER_UI_LANE_SAVE_AND_COMMIT_V1_1_20260606.txt","Structured root ROOT_HOUSE_WORK file was missing from matching git lane.","DBEC36772B093530AF9DFCFA19C8AEDD43E144B3628231282D0778724AD8799C","4592"
"MOVED_STRUCTURED_ROOT_FILE_TO_REPO_LANE","C:\Users\13527\Desktop\123\HOUSE_WORK\PROJECT_COMMAND_CENTER_UI_LANE\SAVE_AND_COMMIT_GATE\COMMAND_CENTER_UI_LANE_SAVE_AND_COMMIT_GATE_V1_1_20260606_172111\GIT_STATUS_BEFORE__COMMAND_CENTER_UI_LANE_SAVE_AND_COMMIT_V1_1_20260606.txt","C:\Users\13527\Desktop\123\Jxhnny_Kl33N_Seedz\HOUSE_WORK\PROJECT_COMMAND_CENTER_UI_LANE\SAVE_AND_COMMIT_GATE\COMMAND_CENTER_UI_LANE_SAVE_AND_COMMIT_GATE_V1_1_20260606_172111\GIT_STATUS_BEFORE__COMMAND_CENTER_UI_LANE_SAVE_AND_COMMIT_V1_1_20260606.txt","Structured root ROOT_HOUSE_WORK file was missing from matching git lane.","DBEC36772B093530AF9DFCFA19C8AEDD43E144B3628231282D0778724AD8799C","4592"
"MOVED_STRUCTURED_ROOT_FILE_TO_REPO_LANE","C:\Users\13527\Desktop\123\HOUSE_WORK\PROJECT_COMMAND_CENTER_UI_LANE\SAVE_AND_COMMIT_GATE\COMMAND_CENTER_UI_LANE_SAVE_AND_COMMIT_GATE_V1_1_20260606_172111\NEXT_OBJECT_CARD__COMMAND_CENTER_UI_LANE_PUSH_GATE_V1_20260606.md","C:\Users\13527\Desktop\123\Jxhnny_Kl33N_Seedz\HOUSE_WORK\PROJECT_COMMAND_CENTER_UI_LANE\SAVE_AND_COMMIT_GATE\COMMAND_CENTER_UI_LANE_SAVE_AND_COMMIT_GATE_V1_1_20260606_172111\NEXT_OBJECT_CARD__COMMAND_CENTER_UI_LANE_PUSH_GATE_V1_20260606.md","Structured root ROOT_HOUSE_WORK file was missing from matching git lane.","550F0518825BE814F0F733A007A37BC2A2EEC3EA8BCC6BCFA6FC1A09106D5D5F","658"
"MOVED_STRUCTURED_ROOT_FILE_TO_REPO_LANE","C:\Users\13527\Desktop\123\HOUSE_WORK\PROJECT_COMMAND_CENTER_UI_LANE\SAVE_AND_COMMIT_GATE\COMMAND_CENTER_UI_LANE_SAVE_AND_COMMIT_GATE_V1_1_20260606_172111\OUTPUT__WORK_ENTRYPOINT_VERIFY_FOR_SAVE_AND_COMMIT_GATE_V1_1.txt","C:\Users\13527\Desktop\123\Jxhnny_Kl33N_Seedz\HOUSE_WORK\PROJECT_COMMAND_CENTER_UI_LANE\SAVE_AND_COMMIT_GATE\COMMAND_CENTER_UI_LANE_SAVE_AND_COMMIT_GATE_V1_1_20260606_172111\OUTPUT__WORK_ENTRYPOINT_VERIFY_FOR_SAVE_AND_COMMIT_GATE_V1_1.txt","Structured root ROOT_HOUSE_WORK file was missing from matching git lane.","F15580E1ABFF82DB2F721CAF6CC587596DC8BE8DD714C52F176785F7D4C4C047","560"
"MOVED_STRUCTURED_ROOT_FILE_TO_REPO_LANE","C:\Users\13527\Desktop\123\HOUSE_WORK\PROJECT_COMMAND_CENTER_UI_LANE\SAVE_AND_COMMIT_GATE\COMMAND_CENTER_UI_LANE_SAVE_AND_COMMIT_GATE_V1_1_20260606_172111\PENDING_CARD__COMMAND_CENTER_UI_LANE_SAVE_AND_COMMIT_V1_1_20260606.md","C:\Users\13527\Desktop\123\Jxhnny_Kl33N_Seedz\HOUSE_WORK\PROJECT_COMMAND_CENTER_UI_LANE\SAVE_AND_COMMIT_GATE\COMMAND_CENTER_UI_LANE_SAVE_AND_COMMIT_GATE_V1_1_20260606_172111\PENDING_CARD__COMMAND_CENTER_UI_LANE_SAVE_AND_COMMIT_V1_1_20260606.md","Structured root ROOT_HOUSE_WORK file was missing from matching git lane.","1E762D2E6839928D4D659046BEB8E4D232C0F01931882E8F0F0E489ECE7161C7","781"
"MOVED_STRUCTURED_ROOT_FILE_TO_REPO_LANE","C:\Users\13527\Desktop\123\HOUSE_WORK\PROJECT_COMMAND_CENTER_UI_LANE\SAVE_AND_COMMIT_GATE\COMMAND_CENTER_UI_LANE_SAVE_AND_COMMIT_GATE_V1_1_20260606_172111\RECEIPT__COMMAND_CENTER_UI_LANE_SAVE_AND_COMMIT_GATE_V1_1_20260606.md","C:\Users\13527\Desktop\123\Jxhnny_Kl33N_Seedz\HOUSE_WORK\PROJECT_COMMAND_CENTER_UI_LANE\SAVE_AND_COMMIT_GATE\COMMAND_CENTER_UI_LANE_SAVE_AND_COMMIT_GATE_V1_1_20260606_172111\RECEIPT__COMMAND_CENTER_UI_LANE_SAVE_AND_COMMIT_GATE_V1_1_20260606.md","Structured root ROOT_HOUSE_WORK file was missing from matching git lane.","A21DAFADD38BC0B7F43F21861C3600AAB91C7535334B5E9D482D3E33C8606D4F","3213"
"MOVED_STRUCTURED_ROOT_FILE_TO_REPO_LANE","C:\Users\13527\Desktop\123\HOUSE_WORK\PROJECT_COMMAND_CENTER_UI_LANE\SAVE_AND_COMMIT_GATE\COMMAND_CENTER_UI_LANE_SAVE_AND_COMMIT_GATE_V1_1_20260606_172140\APPROVED_SYNCED_FILES__COMMAND_CENTER_UI_LANE_SAVE_AND_COMMIT_V1_1_20260606.txt","C:\Users\13527\Desktop\123\Jxhnny_Kl33N_Seedz\HOUSE_WORK\PROJECT_COMMAND_CENTER_UI_LANE\SAVE_AND_COMMIT_GATE\COMMAND_CENTER_UI_LANE_SAVE_AND_COMMIT_GATE_V1_1_20260606_172140\APPROVED_SYNCED_FILES__COMMAND_CENTER_UI_LANE_SAVE_AND_COMMIT_V1_1_20260606.txt","Structured root ROOT_HOUSE_WORK file was missing from matching git lane.","30EF952A0CE342748922D273A7944C8E31263A3EC1CE22DB61CECB98EC17C74B","54545"
"MOVED_STRUCTURED_ROOT_FILE_TO_REPO_LANE","C:\Users\13527\Desktop\123\HOUSE_WORK\PROJECT_COMMAND_CENTER_UI_LANE\SAVE_AND_COMMIT_GATE\COMMAND_CENTER_UI_LANE_SAVE_AND_COMMIT_GATE_V1_1_20260606_172140\COMMAND_CENTER_UI_LANE_SAVE_AND_COMMIT_PACKET_V1_1_20260606.md","C:\Users\13527\Desktop\123\Jxhnny_Kl33N_Seedz\HOUSE_WORK\PROJECT_COMMAND_CENTER_UI_LANE\SAVE_AND_COMMIT_GATE\COMMAND_CENTER_UI_LANE_SAVE_AND_COMMIT_GATE_V1_1_20260606_172140\COMMAND_CENTER_UI_LANE_SAVE_AND_COMMIT_PACKET_V1_1_20260606.md","Structured root ROOT_HOUSE_WORK file was missing from matching git lane.","B677C7479267D4E7E97D1EB907A7BF1DEB2731AE32FC6E6196D3E9AA6D0006F8","3871"
"MOVED_STRUCTURED_ROOT_FILE_TO_REPO_LANE","C:\Users\13527\Desktop\123\HOUSE_WORK\PROJECT_COMMAND_CENTER_UI_LANE\SAVE_AND_COMMIT_GATE\COMMAND_CENTER_UI_LANE_SAVE_AND_COMMIT_GATE_V1_1_20260606_172140\ERROR_LEDGER__COMMAND_CENTER_UI_LANE_SAVE_AND_COMMIT_GATE_V1_1_20260606.md","C:\Users\13527\Desktop\123\Jxhnny_Kl33N_Seedz\HOUSE_WORK\PROJECT_COMMAND_CENTER_UI_LANE\SAVE_AND_COMMIT_GATE\COMMAND_CENTER_UI_LANE_SAVE_AND_COMMIT_GATE_V1_1_20260606_172140\ERROR_LEDGER__COMMAND_CENTER_UI_LANE_SAVE_AND_COMMIT_GATE_V1_1_20260606.md","Structured root ROOT_HOUSE_WORK file was missing from matching git lane.","A88FF4190E6770A2216D37AD6DBA2A215B08ED76FFF93187E428DFE6C1E75F34","807"
"MOVED_STRUCTURED_ROOT_FILE_TO_REPO_LANE","C:\Users\13527\Desktop\123\HOUSE_WORK\PROJECT_COMMAND_CENTER_UI_LANE\SAVE_AND_COMMIT_GATE\COMMAND_CENTER_UI_LANE_SAVE_AND_COMMIT_GATE_V1_1_20260606_172140\GIT_STATUS_BEFORE__COMMAND_CENTER_UI_LANE_SAVE_AND_COMMIT_V1_1_20260606.txt","C:\Users\13527\Desktop\123\Jxhnny_Kl33N_Seedz\HOUSE_WORK\PROJECT_COMMAND_CENTER_UI_LANE\SAVE_AND_COMMIT_GATE\COMMAND_CENTER_UI_LANE_SAVE_AND_COMMIT_GATE_V1_1_20260606_172140\GIT_STATUS_BEFORE__COMMAND_CENTER_UI_LANE_SAVE_AND_COMMIT_V1_1_20260606.txt","Structured root ROOT_HOUSE_WORK file was missing from matching git lane.","DBEC36772B093530AF9DFCFA19C8AEDD43E144B3628231282D0778724AD8799C","4592"
"MOVED_STRUCTURED_ROOT_FILE_TO_REPO_LANE","C:\Users\13527\Desktop\123\HOUSE_WORK\PROJECT_COMMAND_CENTER_UI_LANE\SAVE_AND_COMMIT_GATE\COMMAND_CENTER_UI_LANE_SAVE_AND_COMMIT_GATE_V1_1_20260606_172140\NEXT_OBJECT_CARD__COMMAND_CENTER_UI_LANE_PUSH_GATE_V1_20260606.md","C:\Users\13527\Desktop\123\Jxhnny_Kl33N_Seedz\HOUSE_WORK\PROJECT_COMMAND_CENTER_UI_LANE\SAVE_AND_COMMIT_GATE\COMMAND_CENTER_UI_LANE_SAVE_AND_COMMIT_GATE_V1_1_20260606_172140\NEXT_OBJECT_CARD__COMMAND_CENTER_UI_LANE_PUSH_GATE_V1_20260606.md","Structured root ROOT_HOUSE_WORK file was missing from matching git lane.","3B58919BB9EC9D5A14D22087539106B153F7ABF54CE13D3CB29A313467E0AA9E","618"
"MOVED_STRUCTURED_ROOT_FILE_TO_REPO_LANE","C:\Users\13527\Desktop\123\HOUSE_WORK\PROJECT_COMMAND_CENTER_UI_LANE\SAVE_AND_COMMIT_GATE\COMMAND_CENTER_UI_LANE_SAVE_AND_COMMIT_GATE_V1_1_20260606_172140\OUTPUT__WORK_ENTRYPOINT_VERIFY_FOR_SAVE_AND_COMMIT_GATE_V1_1.txt","C:\Users\13527\Desktop\123\Jxhnny_Kl33N_Seedz\HOUSE_WORK\PROJECT_COMMAND_CENTER_UI_LANE\SAVE_AND_COMMIT_GATE\COMMAND_CENTER_UI_LANE_SAVE_AND_COMMIT_GATE_V1_1_20260606_172140\OUTPUT__WORK_ENTRYPOINT_VERIFY_FOR_SAVE_AND_COMMIT_GATE_V1_1.txt","Structured root ROOT_HOUSE_WORK file was missing from matching git lane.","51435B1885D69CC54125C91DC1A15D5F27F45583348F443ABCDA7C02C274B9B8","560"
"MOVED_STRUCTURED_ROOT_FILE_TO_REPO_LANE","C:\Users\13527\Desktop\123\HOUSE_WORK\PROJECT_COMMAND_CENTER_UI_LANE\SAVE_AND_COMMIT_GATE\COMMAND_CENTER_UI_LANE_SAVE_AND_COMMIT_GATE_V1_1_20260606_172140\PENDING_CARD__COMMAND_CENTER_UI_LANE_SAVE_AND_COMMIT_V1_1_20260606.md","C:\Users\13527\Desktop\123\Jxhnny_Kl33N_Seedz\HOUSE_WORK\PROJECT_COMMAND_CENTER_UI_LANE\SAVE_AND_COMMIT_GATE\COMMAND_CENTER_UI_LANE_SAVE_AND_COMMIT_GATE_V1_1_20260606_172140\PENDING_CARD__COMMAND_CENTER_UI_LANE_SAVE_AND_COMMIT_V1_1_20260606.md","Structured root ROOT_HOUSE_WORK file was missing from matching git lane.","332C1B29BF9CC76C7472CE0DCDA57354847FFBB19C76AF73F862F69CD7368426","774"
"MOVED_STRUCTURED_ROOT_FILE_TO_REPO_LANE","C:\Users\13527\Desktop\123\HOUSE_WORK\PROJECT_COMMAND_CENTER_UI_LANE\SAVE_AND_COMMIT_GATE\COMMAND_CENTER_UI_LANE_SAVE_AND_COMMIT_GATE_V1_1_20260606_172140\RECEIPT__COMMAND_CENTER_UI_LANE_SAVE_AND_COMMIT_GATE_V1_1_20260606.md","C:\Users\13527\Desktop\123\Jxhnny_Kl33N_Seedz\HOUSE_WORK\PROJECT_COMMAND_CENTER_UI_LANE\SAVE_AND_COMMIT_GATE\COMMAND_CENTER_UI_LANE_SAVE_AND_COMMIT_GATE_V1_1_20260606_172140\RECEIPT__COMMAND_CENTER_UI_LANE_SAVE_AND_COMMIT_GATE_V1_1_20260606.md","Structured root ROOT_HOUSE_WORK file was missing from matching git lane.","9EB39758CC464EAF494293390A8B3257F2A549D31A6C570AB3AC5D6145B3E12A","2911"
"REMOVED_ROOT_DUPLICATE_AFTER_HASH_MATCH","C:\Users\13527\Desktop\123\HOUSE_WORK\PROJECT_COMMAND_CENTER_UI_LANE\SAVE_AND_COMMIT_GATE\COMMAND_CENTER_UI_LANE_SAVE_AND_COMMIT_GATE_V1_20260606_171004\APPROVED_PATHSPECS__COMMAND_CENTER_UI_LANE_SAVE_AND_COMMIT_V1_20260606.md","C:\Users\13527\Desktop\123\Jxhnny_Kl33N_Seedz\HOUSE_WORK\PROJECT_COMMAND_CENTER_UI_LANE\SAVE_AND_COMMIT_GATE\COMMAND_CENTER_UI_LANE_SAVE_AND_COMMIT_GATE_V1_20260606_171004\APPROVED_PATHSPECS__COMMAND_CENTER_UI_LANE_SAVE_AND_COMMIT_V1_20260606.md","Same relative path and SHA256 already present in repo for ROOT_HOUSE_WORK.","FB0A064FB0D917B51662253E75193F42F252F0E233C50E3BA4159DDDB18FF581","463"
"REMOVED_ROOT_DUPLICATE_AFTER_HASH_MATCH","C:\Users\13527\Desktop\123\HOUSE_WORK\PROJECT_COMMAND_CENTER_UI_LANE\SAVE_AND_COMMIT_GATE\COMMAND_CENTER_UI_LANE_SAVE_AND_COMMIT_GATE_V1_20260606_171004\COMMAND_CENTER_UI_LANE_SAVE_AND_COMMIT_PACKET_V1_20260606.md","C:\Users\13527\Desktop\123\Jxhnny_Kl33N_Seedz\HOUSE_WORK\PROJECT_COMMAND_CENTER_UI_LANE\SAVE_AND_COMMIT_GATE\COMMAND_CENTER_UI_LANE_SAVE_AND_COMMIT_GATE_V1_20260606_171004\COMMAND_CENTER_UI_LANE_SAVE_AND_COMMIT_PACKET_V1_20260606.md","Same relative path and SHA256 already present in repo for ROOT_HOUSE_WORK.","6D7AFCDFA5B1D8A4FE4D46603E7DCD56B266EE59A944E51E35492AFC3B41C489","2028"
"REMOVED_ROOT_DUPLICATE_AFTER_HASH_MATCH","C:\Users\13527\Desktop\123\HOUSE_WORK\PROJECT_COMMAND_CENTER_UI_LANE\SAVE_AND_COMMIT_GATE\COMMAND_CENTER_UI_LANE_SAVE_AND_COMMIT_GATE_V1_20260606_171004\ERROR_LEDGER__COMMAND_CENTER_UI_LANE_SAVE_AND_COMMIT_GATE_V1_20260606.md","C:\Users\13527\Desktop\123\Jxhnny_Kl33N_Seedz\HOUSE_WORK\PROJECT_COMMAND_CENTER_UI_LANE\SAVE_AND_COMMIT_GATE\COMMAND_CENTER_UI_LANE_SAVE_AND_COMMIT_GATE_V1_20260606_171004\ERROR_LEDGER__COMMAND_CENTER_UI_LANE_SAVE_AND_COMMIT_GATE_V1_20260606.md","Same relative path and SHA256 already present in repo for ROOT_HOUSE_WORK.","C54F15194E76A47A6E980C48CE57609F98E26BFB86E6A32B3535AC3EFF78F30B","654"
"REMOVED_ROOT_DUPLICATE_AFTER_HASH_MATCH","C:\Users\13527\Desktop\123\HOUSE_WORK\PROJECT_COMMAND_CENTER_UI_LANE\SAVE_AND_COMMIT_GATE\COMMAND_CENTER_UI_LANE_SAVE_AND_COMMIT_GATE_V1_20260606_171004\NEXT_OBJECT_CARD__COMMAND_CENTER_UI_LANE_PUSH_GATE_V1_20260606.md","C:\Users\13527\Desktop\123\Jxhnny_Kl33N_Seedz\HOUSE_WORK\PROJECT_COMMAND_CENTER_UI_LANE\SAVE_AND_COMMIT_GATE\COMMAND_CENTER_UI_LANE_SAVE_AND_COMMIT_GATE_V1_20260606_171004\NEXT_OBJECT_CARD__COMMAND_CENTER_UI_LANE_PUSH_GATE_V1_20260606.md","Same relative path and SHA256 already present in repo for ROOT_HOUSE_WORK.","47F3A5C1C3FB96B618438751F1FBE0AFA76A0BE7CE96A2458B3DA404D6D40EF8","602"
"REMOVED_ROOT_DUPLICATE_AFTER_HASH_MATCH","C:\Users\13527\Desktop\123\HOUSE_WORK\PROJECT_COMMAND_CENTER_UI_LANE\SAVE_AND_COMMIT_GATE\COMMAND_CENTER_UI_LANE_SAVE_AND_COMMIT_GATE_V1_20260606_171004\OUTPUT__WORK_ENTRYPOINT_VERIFY_FOR_SAVE_AND_COMMIT_GATE.txt","C:\Users\13527\Desktop\123\Jxhnny_Kl33N_Seedz\HOUSE_WORK\PROJECT_COMMAND_CENTER_UI_LANE\SAVE_AND_COMMIT_GATE\COMMAND_CENTER_UI_LANE_SAVE_AND_COMMIT_GATE_V1_20260606_171004\OUTPUT__WORK_ENTRYPOINT_VERIFY_FOR_SAVE_AND_COMMIT_GATE.txt","Same relative path and SHA256 already present in repo for ROOT_HOUSE_WORK.","09E1B9BB2EBFCD077516454BBA4AFE2690B21BFA87E853F46AE5E5A8BE556570","560"
"REMOVED_ROOT_DUPLICATE_AFTER_HASH_MATCH","C:\Users\13527\Desktop\123\HOUSE_WORK\PROJECT_COMMAND_CENTER_UI_LANE\SAVE_AND_COMMIT_GATE\COMMAND_CENTER_UI_LANE_SAVE_AND_COMMIT_GATE_V1_20260606_171004\PENDING_CARD__COMMAND_CENTER_UI_LANE_SAVE_AND_COMMIT_V1_20260606.md","C:\Users\13527\Desktop\123\Jxhnny_Kl33N_Seedz\HOUSE_WORK\PROJECT_COMMAND_CENTER_UI_LANE\SAVE_AND_COMMIT_GATE\COMMAND_CENTER_UI_LANE_SAVE_AND_COMMIT_GATE_V1_20260606_171004\PENDING_CARD__COMMAND_CENTER_UI_LANE_SAVE_AND_COMMIT_V1_20260606.md","Same relative path and SHA256 already present in repo for ROOT_HOUSE_WORK.","1EC96A6F4E7CD42664FEA80023573A7CCF25F5266E8DE57A3BC0E02500CA42C6","734"
"REMOVED_ROOT_DUPLICATE_AFTER_HASH_MATCH","C:\Users\13527\Desktop\123\HOUSE_WORK\PROJECT_COMMAND_CENTER_UI_LANE\SAVE_AND_COMMIT_GATE\COMMAND_CENTER_UI_LANE_SAVE_AND_COMMIT_GATE_V1_20260606_171004\RECEIPT__COMMAND_CENTER_UI_LANE_SAVE_AND_COMMIT_GATE_V1_20260606.md","C:\Users\13527\Desktop\123\Jxhnny_Kl33N_Seedz\HOUSE_WORK\PROJECT_COMMAND_CENTER_UI_LANE\SAVE_AND_COMMIT_GATE\COMMAND_CENTER_UI_LANE_SAVE_AND_COMMIT_GATE_V1_20260606_171004\RECEIPT__COMMAND_CENTER_UI_LANE_SAVE_AND_COMMIT_GATE_V1_20260606.md","Same relative path and SHA256 already present in repo for ROOT_HOUSE_WORK.","C20DDA6F3B9519B32E103287DAB5AF4DE5CD6577196AEBB59C4CC4858E34D545","2300"
"MOVED_STRUCTURED_ROOT_FILE_TO_REPO_LANE","C:\Users\13527\Desktop\123\HOUSE_WORK\PROJECT_COMMAND_CENTER_UI_LANE\SAVE_AND_COMMIT_GATE\COMMAND_CENTER_UI_LANE_SAVE_AND_COMMIT_GATE_V1_2_20260606_173632\APPROVED_SYNCED_FILES__COMMAND_CENTER_UI_LANE_SAVE_AND_COMMIT_V1_2_20260606.txt","C:\Users\13527\Desktop\123\Jxhnny_Kl33N_Seedz\HOUSE_WORK\PROJECT_COMMAND_CENTER_UI_LANE\SAVE_AND_COMMIT_GATE\COMMAND_CENTER_UI_LANE_SAVE_AND_COMMIT_GATE_V1_2_20260606_173632\APPROVED_SYNCED_FILES__COMMAND_CENTER_UI_LANE_SAVE_AND_COMMIT_V1_2_20260606.txt","Structured root ROOT_HOUSE_WORK file was missing from matching git lane.","30EF952A0CE342748922D273A7944C8E31263A3EC1CE22DB61CECB98EC17C74B","54545"
"MOVED_STRUCTURED_ROOT_FILE_TO_REPO_LANE","C:\Users\13527\Desktop\123\HOUSE_WORK\PROJECT_COMMAND_CENTER_UI_LANE\SAVE_AND_COMMIT_GATE\COMMAND_CENTER_UI_LANE_SAVE_AND_COMMIT_GATE_V1_2_20260606_173632\COMMAND_CENTER_UI_LANE_SAVE_AND_COMMIT_PACKET_V1_2_20260606.md","C:\Users\13527\Desktop\123\Jxhnny_Kl33N_Seedz\HOUSE_WORK\PROJECT_COMMAND_CENTER_UI_LANE\SAVE_AND_COMMIT_GATE\COMMAND_CENTER_UI_LANE_SAVE_AND_COMMIT_GATE_V1_2_20260606_173632\COMMAND_CENTER_UI_LANE_SAVE_AND_COMMIT_PACKET_V1_2_20260606.md","Structured root ROOT_HOUSE_WORK file was missing from matching git lane.","E79DD3D0835E1A15F4208B2DD446CF7FF710A8BB15E470FDF7BBC2E833FC361A","4139"
"MOVED_STRUCTURED_ROOT_FILE_TO_REPO_LANE","C:\Users\13527\Desktop\123\HOUSE_WORK\PROJECT_COMMAND_CENTER_UI_LANE\SAVE_AND_COMMIT_GATE\COMMAND_CENTER_UI_LANE_SAVE_AND_COMMIT_GATE_V1_2_20260606_173632\ERROR_LEDGER__COMMAND_CENTER_UI_LANE_SAVE_AND_COMMIT_GATE_V1_2_20260606.md","C:\Users\13527\Desktop\123\Jxhnny_Kl33N_Seedz\HOUSE_WORK\PROJECT_COMMAND_CENTER_UI_LANE\SAVE_AND_COMMIT_GATE\COMMAND_CENTER_UI_LANE_SAVE_AND_COMMIT_GATE_V1_2_20260606_173632\ERROR_LEDGER__COMMAND_CENTER_UI_LANE_SAVE_AND_COMMIT_GATE_V1_2_20260606.md","Structured root ROOT_HOUSE_WORK file was missing from matching git lane.","A285D69A261344458084B4D9C5272C1D21ADFC3BE2434367D27957EED6B0D58A","343"
"MOVED_STRUCTURED_ROOT_FILE_TO_REPO_LANE","C:\Users\13527\Desktop\123\HOUSE_WORK\PROJECT_COMMAND_CENTER_UI_LANE\SAVE_AND_COMMIT_GATE\COMMAND_CENTER_UI_LANE_SAVE_AND_COMMIT_GATE_V1_2_20260606_173632\GIT_STATUS_AFTER__COMMAND_CENTER_UI_LANE_SAVE_AND_COMMIT_V1_2_20260606.txt","C:\Users\13527\Desktop\123\Jxhnny_Kl33N_Seedz\HOUSE_WORK\PROJECT_COMMAND_CENTER_UI_LANE\SAVE_AND_COMMIT_GATE\COMMAND_CENTER_UI_LANE_SAVE_AND_COMMIT_GATE_V1_2_20260606_173632\GIT_STATUS_AFTER__COMMAND_CENTER_UI_LANE_SAVE_AND_COMMIT_V1_2_20260606.txt","Structured root ROOT_HOUSE_WORK file was missing from matching git lane.","DBEC36772B093530AF9DFCFA19C8AEDD43E144B3628231282D0778724AD8799C","4592"
"MOVED_STRUCTURED_ROOT_FILE_TO_REPO_LANE","C:\Users\13527\Desktop\123\HOUSE_WORK\PROJECT_COMMAND_CENTER_UI_LANE\SAVE_AND_COMMIT_GATE\COMMAND_CENTER_UI_LANE_SAVE_AND_COMMIT_GATE_V1_2_20260606_173632\GIT_STATUS_BEFORE__COMMAND_CENTER_UI_LANE_SAVE_AND_COMMIT_V1_2_20260606.txt","C:\Users\13527\Desktop\123\Jxhnny_Kl33N_Seedz\HOUSE_WORK\PROJECT_COMMAND_CENTER_UI_LANE\SAVE_AND_COMMIT_GATE\COMMAND_CENTER_UI_LANE_SAVE_AND_COMMIT_GATE_V1_2_20260606_173632\GIT_STATUS_BEFORE__COMMAND_CENTER_UI_LANE_SAVE_AND_COMMIT_V1_2_20260606.txt","Structured root ROOT_HOUSE_WORK file was missing from matching git lane.","DBEC36772B093530AF9DFCFA19C8AEDD43E144B3628231282D0778724AD8799C","4592"
"MOVED_STRUCTURED_ROOT_FILE_TO_REPO_LANE","C:\Users\13527\Desktop\123\HOUSE_WORK\PROJECT_COMMAND_CENTER_UI_LANE\SAVE_AND_COMMIT_GATE\COMMAND_CENTER_UI_LANE_SAVE_AND_COMMIT_GATE_V1_2_20260606_173632\NEXT_OBJECT_CARD__COMMAND_CENTER_UI_LANE_PUSH_GATE_V1_20260606.md","C:\Users\13527\Desktop\123\Jxhnny_Kl33N_Seedz\HOUSE_WORK\PROJECT_COMMAND_CENTER_UI_LANE\SAVE_AND_COMMIT_GATE\COMMAND_CENTER_UI_LANE_SAVE_AND_COMMIT_GATE_V1_2_20260606_173632\NEXT_OBJECT_CARD__COMMAND_CENTER_UI_LANE_PUSH_GATE_V1_20260606.md","Structured root ROOT_HOUSE_WORK file was missing from matching git lane.","268A7061662164B6D43D3CA5155707EB7BB1832EDA48CA1A2B56639F1359EC31","658"
"MOVED_STRUCTURED_ROOT_FILE_TO_REPO_LANE","C:\Users\13527\Desktop\123\HOUSE_WORK\PROJECT_COMMAND_CENTER_UI_LANE\SAVE_AND_COMMIT_GATE\COMMAND_CENTER_UI_LANE_SAVE_AND_COMMIT_GATE_V1_2_20260606_173632\OUTPUT__WORK_ENTRYPOINT_VERIFY_FOR_SAVE_AND_COMMIT_GATE_V1_2.txt","C:\Users\13527\Desktop\123\Jxhnny_Kl33N_Seedz\HOUSE_WORK\PROJECT_COMMAND_CENTER_UI_LANE\SAVE_AND_COMMIT_GATE\COMMAND_CENTER_UI_LANE_SAVE_AND_COMMIT_GATE_V1_2_20260606_173632\OUTPUT__WORK_ENTRYPOINT_VERIFY_FOR_SAVE_AND_COMMIT_GATE_V1_2.txt","Structured root ROOT_HOUSE_WORK file was missing from matching git lane.","97CB61E479375136D54F8B8D3A72AE8E3CCEEA715433AB527B40A89D22B2E80E","560"
"MOVED_STRUCTURED_ROOT_FILE_TO_REPO_LANE","C:\Users\13527\Desktop\123\HOUSE_WORK\PROJECT_COMMAND_CENTER_UI_LANE\SAVE_AND_COMMIT_GATE\COMMAND_CENTER_UI_LANE_SAVE_AND_COMMIT_GATE_V1_2_20260606_173632\PENDING_CARD__COMMAND_CENTER_UI_LANE_SAVE_AND_COMMIT_V1_2_20260606.md","C:\Users\13527\Desktop\123\Jxhnny_Kl33N_Seedz\HOUSE_WORK\PROJECT_COMMAND_CENTER_UI_LANE\SAVE_AND_COMMIT_GATE\COMMAND_CENTER_UI_LANE_SAVE_AND_COMMIT_GATE_V1_2_20260606_173632\PENDING_CARD__COMMAND_CENTER_UI_LANE_SAVE_AND_COMMIT_V1_2_20260606.md","Structured root ROOT_HOUSE_WORK file was missing from matching git lane.","D2FD5AF88A8B1278FC3433AF4D337C58AC88EBB6B13FE0D5CA93E76C061580FF","781"
"MOVED_STRUCTURED_ROOT_FILE_TO_REPO_LANE","C:\Users\13527\Desktop\123\HOUSE_WORK\PROJECT_COMMAND_CENTER_UI_LANE\SAVE_AND_COMMIT_GATE\COMMAND_CENTER_UI_LANE_SAVE_AND_COMMIT_GATE_V1_2_20260606_173632\RECEIPT__COMMAND_CENTER_UI_LANE_SAVE_AND_COMMIT_GATE_V1_2_20260606.md","C:\Users\13527\Desktop\123\Jxhnny_Kl33N_Seedz\HOUSE_WORK\PROJECT_COMMAND_CENTER_UI_LANE\SAVE_AND_COMMIT_GATE\COMMAND_CENTER_UI_LANE_SAVE_AND_COMMIT_GATE_V1_2_20260606_173632\RECEIPT__COMMAND_CENTER_UI_LANE_SAVE_AND_COMMIT_GATE_V1_2_20260606.md","Structured root ROOT_HOUSE_WORK file was missing from matching git lane.","FA529C004600BF8809DCE70A802D1F51F7910CD38153660924B839F2B6B0BF3D","3213"
"MOVED_STRUCTURED_ROOT_FILE_TO_REPO_LANE","C:\Users\13527\Desktop\123\HOUSE_WORK\PROJECT_COMMAND_CENTER_UI_LANE\SAVE_AND_COMMIT_GATE\COMMAND_CENTER_UI_LANE_SAVE_AND_COMMIT_GATE_V1_2_20260606_173702\APPROVED_SYNCED_FILES__COMMAND_CENTER_UI_LANE_SAVE_AND_COMMIT_V1_2_20260606.txt","C:\Users\13527\Desktop\123\Jxhnny_Kl33N_Seedz\HOUSE_WORK\PROJECT_COMMAND_CENTER_UI_LANE\SAVE_AND_COMMIT_GATE\COMMAND_CENTER_UI_LANE_SAVE_AND_COMMIT_GATE_V1_2_20260606_173702\APPROVED_SYNCED_FILES__COMMAND_CENTER_UI_LANE_SAVE_AND_COMMIT_V1_2_20260606.txt","Structured root ROOT_HOUSE_WORK file was missing from matching git lane.","30EF952A0CE342748922D273A7944C8E31263A3EC1CE22DB61CECB98EC17C74B","54545"
"MOVED_STRUCTURED_ROOT_FILE_TO_REPO_LANE","C:\Users\13527\Desktop\123\HOUSE_WORK\PROJECT_COMMAND_CENTER_UI_LANE\SAVE_AND_COMMIT_GATE\COMMAND_CENTER_UI_LANE_SAVE_AND_COMMIT_GATE_V1_2_20260606_173702\COMMAND_CENTER_UI_LANE_SAVE_AND_COMMIT_PACKET_V1_2_20260606.md","C:\Users\13527\Desktop\123\Jxhnny_Kl33N_Seedz\HOUSE_WORK\PROJECT_COMMAND_CENTER_UI_LANE\SAVE_AND_COMMIT_GATE\COMMAND_CENTER_UI_LANE_SAVE_AND_COMMIT_GATE_V1_2_20260606_173702\COMMAND_CENTER_UI_LANE_SAVE_AND_COMMIT_PACKET_V1_2_20260606.md","Structured root ROOT_HOUSE_WORK file was missing from matching git lane.","3AC32C1691BCD120CCA7FD6714C064CD16E39419A55D333E216DB84AF0C4AF0F","4105"
"MOVED_STRUCTURED_ROOT_FILE_TO_REPO_LANE","C:\Users\13527\Desktop\123\HOUSE_WORK\PROJECT_COMMAND_CENTER_UI_LANE\SAVE_AND_COMMIT_GATE\COMMAND_CENTER_UI_LANE_SAVE_AND_COMMIT_GATE_V1_2_20260606_173702\ERROR_LEDGER__COMMAND_CENTER_UI_LANE_SAVE_AND_COMMIT_GATE_V1_2_20260606.md","C:\Users\13527\Desktop\123\Jxhnny_Kl33N_Seedz\HOUSE_WORK\PROJECT_COMMAND_CENTER_UI_LANE\SAVE_AND_COMMIT_GATE\COMMAND_CENTER_UI_LANE_SAVE_AND_COMMIT_GATE_V1_2_20260606_173702\ERROR_LEDGER__COMMAND_CENTER_UI_LANE_SAVE_AND_COMMIT_GATE_V1_2_20260606.md","Structured root ROOT_HOUSE_WORK file was missing from matching git lane.","7590248F83608647B3C2D68306C137129F96DE0D4FDFF20525BACCDAB5815C27","651"
"MOVED_STRUCTURED_ROOT_FILE_TO_REPO_LANE","C:\Users\13527\Desktop\123\HOUSE_WORK\PROJECT_COMMAND_CENTER_UI_LANE\SAVE_AND_COMMIT_GATE\COMMAND_CENTER_UI_LANE_SAVE_AND_COMMIT_GATE_V1_2_20260606_173702\GIT_STATUS_BEFORE__COMMAND_CENTER_UI_LANE_SAVE_AND_COMMIT_V1_2_20260606.txt","C:\Users\13527\Desktop\123\Jxhnny_Kl33N_Seedz\HOUSE_WORK\PROJECT_COMMAND_CENTER_UI_LANE\SAVE_AND_COMMIT_GATE\COMMAND_CENTER_UI_LANE_SAVE_AND_COMMIT_GATE_V1_2_20260606_173702\GIT_STATUS_BEFORE__COMMAND_CENTER_UI_LANE_SAVE_AND_COMMIT_V1_2_20260606.txt","Structured root ROOT_HOUSE_WORK file was missing from matching git lane.","DBEC36772B093530AF9DFCFA19C8AEDD43E144B3628231282D0778724AD8799C","4592"
"MOVED_STRUCTURED_ROOT_FILE_TO_REPO_LANE","C:\Users\13527\Desktop\123\HOUSE_WORK\PROJECT_COMMAND_CENTER_UI_LANE\SAVE_AND_COMMIT_GATE\COMMAND_CENTER_UI_LANE_SAVE_AND_COMMIT_GATE_V1_2_20260606_173702\NEXT_OBJECT_CARD__COMMAND_CENTER_UI_LANE_PUSH_GATE_V1_20260606.md","C:\Users\13527\Desktop\123\Jxhnny_Kl33N_Seedz\HOUSE_WORK\PROJECT_COMMAND_CENTER_UI_LANE\SAVE_AND_COMMIT_GATE\COMMAND_CENTER_UI_LANE_SAVE_AND_COMMIT_GATE_V1_2_20260606_173702\NEXT_OBJECT_CARD__COMMAND_CENTER_UI_LANE_PUSH_GATE_V1_20260606.md","Structured root ROOT_HOUSE_WORK file was missing from matching git lane.","4672633093C0BEFFE03DCE70830AEC7951C5B770F65E895A86A9E50C7586D1A6","618"
"MOVED_STRUCTURED_ROOT_FILE_TO_REPO_LANE","C:\Users\13527\Desktop\123\HOUSE_WORK\PROJECT_COMMAND_CENTER_UI_LANE\SAVE_AND_COMMIT_GATE\COMMAND_CENTER_UI_LANE_SAVE_AND_COMMIT_GATE_V1_2_20260606_173702\OUTPUT__WORK_ENTRYPOINT_VERIFY_FOR_SAVE_AND_COMMIT_GATE_V1_2.txt","C:\Users\13527\Desktop\123\Jxhnny_Kl33N_Seedz\HOUSE_WORK\PROJECT_COMMAND_CENTER_UI_LANE\SAVE_AND_COMMIT_GATE\COMMAND_CENTER_UI_LANE_SAVE_AND_COMMIT_GATE_V1_2_20260606_173702\OUTPUT__WORK_ENTRYPOINT_VERIFY_FOR_SAVE_AND_COMMIT_GATE_V1_2.txt","Structured root ROOT_HOUSE_WORK file was missing from matching git lane.","5F174B18A5700B21C034FA308283D13AB616C6FA1CAB7137E14AF1AD165BD5B2","560"
"MOVED_STRUCTURED_ROOT_FILE_TO_REPO_LANE","C:\Users\13527\Desktop\123\HOUSE_WORK\PROJECT_COMMAND_CENTER_UI_LANE\SAVE_AND_COMMIT_GATE\COMMAND_CENTER_UI_LANE_SAVE_AND_COMMIT_GATE_V1_2_20260606_173702\PENDING_CARD__COMMAND_CENTER_UI_LANE_SAVE_AND_COMMIT_V1_2_20260606.md","C:\Users\13527\Desktop\123\Jxhnny_Kl33N_Seedz\HOUSE_WORK\PROJECT_COMMAND_CENTER_UI_LANE\SAVE_AND_COMMIT_GATE\COMMAND_CENTER_UI_LANE_SAVE_AND_COMMIT_GATE_V1_2_20260606_173702\PENDING_CARD__COMMAND_CENTER_UI_LANE_SAVE_AND_COMMIT_V1_2_20260606.md","Structured root ROOT_HOUSE_WORK file was missing from matching git lane.","67D18681FAFA677638113667F0D43D23BD06985C59741AEEB7841EB87193EFDA","774"
"MOVED_STRUCTURED_ROOT_FILE_TO_REPO_LANE","C:\Users\13527\Desktop\123\HOUSE_WORK\PROJECT_COMMAND_CENTER_UI_LANE\SAVE_AND_COMMIT_GATE\COMMAND_CENTER_UI_LANE_SAVE_AND_COMMIT_GATE_V1_2_20260606_173702\RECEIPT__COMMAND_CENTER_UI_LANE_SAVE_AND_COMMIT_GATE_V1_2_20260606.md","C:\Users\13527\Desktop\123\Jxhnny_Kl33N_Seedz\HOUSE_WORK\PROJECT_COMMAND_CENTER_UI_LANE\SAVE_AND_COMMIT_GATE\COMMAND_CENTER_UI_LANE_SAVE_AND_COMMIT_GATE_V1_2_20260606_173702\RECEIPT__COMMAND_CENTER_UI_LANE_SAVE_AND_COMMIT_GATE_V1_2_20260606.md","Structured root ROOT_HOUSE_WORK file was missing from matching git lane.","2E0F21435BE9F5501B0B8A4409ED9C67D422A64ABD7AD89B5A892974E684F1C5","2911"
"MOVED_STRUCTURED_ROOT_FILE_TO_REPO_LANE","C:\Users\13527\Desktop\123\HOUSE_WORK\PROJECT_COMMAND_CENTER_UI_LANE\SAVE_AND_COMMIT_GATE\COMMAND_CENTER_UI_LANE_SAVE_AND_COMMIT_GATE_V1_3_20260606_174019\APPROVED_SYNCED_FILES__COMMAND_CENTER_UI_LANE_SAVE_AND_COMMIT_V1_3_20260606.txt","C:\Users\13527\Desktop\123\Jxhnny_Kl33N_Seedz\HOUSE_WORK\PROJECT_COMMAND_CENTER_UI_LANE\SAVE_AND_COMMIT_GATE\COMMAND_CENTER_UI_LANE_SAVE_AND_COMMIT_GATE_V1_3_20260606_174019\APPROVED_SYNCED_FILES__COMMAND_CENTER_UI_LANE_SAVE_AND_COMMIT_V1_3_20260606.txt","Structured root ROOT_HOUSE_WORK file was missing from matching git lane.","30EF952A0CE342748922D273A7944C8E31263A3EC1CE22DB61CECB98EC17C74B","54545"
"MOVED_STRUCTURED_ROOT_FILE_TO_REPO_LANE","C:\Users\13527\Desktop\123\HOUSE_WORK\PROJECT_COMMAND_CENTER_UI_LANE\SAVE_AND_COMMIT_GATE\COMMAND_CENTER_UI_LANE_SAVE_AND_COMMIT_GATE_V1_3_20260606_174019\COMMAND_CENTER_UI_LANE_SAVE_AND_COMMIT_PACKET_V1_3_20260606.md","C:\Users\13527\Desktop\123\Jxhnny_Kl33N_Seedz\HOUSE_WORK\PROJECT_COMMAND_CENTER_UI_LANE\SAVE_AND_COMMIT_GATE\COMMAND_CENTER_UI_LANE_SAVE_AND_COMMIT_GATE_V1_3_20260606_174019\COMMAND_CENTER_UI_LANE_SAVE_AND_COMMIT_PACKET_V1_3_20260606.md","Structured root ROOT_HOUSE_WORK file was missing from matching git lane.","894C8C30C1C096FC85F98DFBDEAF1EFF9AB42198EFC75B0A6F217FC28BD1825A","4414"
"MOVED_STRUCTURED_ROOT_FILE_TO_REPO_LANE","C:\Users\13527\Desktop\123\HOUSE_WORK\PROJECT_COMMAND_CENTER_UI_LANE\SAVE_AND_COMMIT_GATE\COMMAND_CENTER_UI_LANE_SAVE_AND_COMMIT_GATE_V1_3_20260606_174019\ERROR_LEDGER__COMMAND_CENTER_UI_LANE_SAVE_AND_COMMIT_GATE_V1_3_20260606.md","C:\Users\13527\Desktop\123\Jxhnny_Kl33N_Seedz\HOUSE_WORK\PROJECT_COMMAND_CENTER_UI_LANE\SAVE_AND_COMMIT_GATE\COMMAND_CENTER_UI_LANE_SAVE_AND_COMMIT_GATE_V1_3_20260606_174019\ERROR_LEDGER__COMMAND_CENTER_UI_LANE_SAVE_AND_COMMIT_GATE_V1_3_20260606.md","Structured root ROOT_HOUSE_WORK file was missing from matching git lane.","EF73481E796DCF03045F7E9942B8D292B676BF409AFBD8848BA9DD42B3332477","343"
"MOVED_STRUCTURED_ROOT_FILE_TO_REPO_LANE","C:\Users\13527\Desktop\123\HOUSE_WORK\PROJECT_COMMAND_CENTER_UI_LANE\SAVE_AND_COMMIT_GATE\COMMAND_CENTER_UI_LANE_SAVE_AND_COMMIT_GATE_V1_3_20260606_174019\GIT_ADD_PATHSPEC_FROM_FILE__COMMAND_CENTER_UI_LANE_V1_3_20260606.txt","C:\Users\13527\Desktop\123\Jxhnny_Kl33N_Seedz\HOUSE_WORK\PROJECT_COMMAND_CENTER_UI_LANE\SAVE_AND_COMMIT_GATE\COMMAND_CENTER_UI_LANE_SAVE_AND_COMMIT_GATE_V1_3_20260606_174019\GIT_ADD_PATHSPEC_FROM_FILE__COMMAND_CENTER_UI_LANE_V1_3_20260606.txt","Structured root ROOT_HOUSE_WORK file was missing from matching git lane.","30EF952A0CE342748922D273A7944C8E31263A3EC1CE22DB61CECB98EC17C74B","54545"
"MOVED_STRUCTURED_ROOT_FILE_TO_REPO_LANE","C:\Users\13527\Desktop\123\HOUSE_WORK\PROJECT_COMMAND_CENTER_UI_LANE\SAVE_AND_COMMIT_GATE\COMMAND_CENTER_UI_LANE_SAVE_AND_COMMIT_GATE_V1_3_20260606_174019\GIT_STATUS_AFTER__COMMAND_CENTER_UI_LANE_SAVE_AND_COMMIT_V1_3_20260606.txt","C:\Users\13527\Desktop\123\Jxhnny_Kl33N_Seedz\HOUSE_WORK\PROJECT_COMMAND_CENTER_UI_LANE\SAVE_AND_COMMIT_GATE\COMMAND_CENTER_UI_LANE_SAVE_AND_COMMIT_GATE_V1_3_20260606_174019\GIT_STATUS_AFTER__COMMAND_CENTER_UI_LANE_SAVE_AND_COMMIT_V1_3_20260606.txt","Structured root ROOT_HOUSE_WORK file was missing from matching git lane.","DBEC36772B093530AF9DFCFA19C8AEDD43E144B3628231282D0778724AD8799C","4592"
"MOVED_STRUCTURED_ROOT_FILE_TO_REPO_LANE","C:\Users\13527\Desktop\123\HOUSE_WORK\PROJECT_COMMAND_CENTER_UI_LANE\SAVE_AND_COMMIT_GATE\COMMAND_CENTER_UI_LANE_SAVE_AND_COMMIT_GATE_V1_3_20260606_174019\GIT_STATUS_BEFORE__COMMAND_CENTER_UI_LANE_SAVE_AND_COMMIT_V1_3_20260606.txt","C:\Users\13527\Desktop\123\Jxhnny_Kl33N_Seedz\HOUSE_WORK\PROJECT_COMMAND_CENTER_UI_LANE\SAVE_AND_COMMIT_GATE\COMMAND_CENTER_UI_LANE_SAVE_AND_COMMIT_GATE_V1_3_20260606_174019\GIT_STATUS_BEFORE__COMMAND_CENTER_UI_LANE_SAVE_AND_COMMIT_V1_3_20260606.txt","Structured root ROOT_HOUSE_WORK file was missing from matching git lane.","DBEC36772B093530AF9DFCFA19C8AEDD43E144B3628231282D0778724AD8799C","4592"
"MOVED_STRUCTURED_ROOT_FILE_TO_REPO_LANE","C:\Users\13527\Desktop\123\HOUSE_WORK\PROJECT_COMMAND_CENTER_UI_LANE\SAVE_AND_COMMIT_GATE\COMMAND_CENTER_UI_LANE_SAVE_AND_COMMIT_GATE_V1_3_20260606_174019\NEXT_OBJECT_CARD__COMMAND_CENTER_UI_LANE_PUSH_GATE_V1_20260606.md","C:\Users\13527\Desktop\123\Jxhnny_Kl33N_Seedz\HOUSE_WORK\PROJECT_COMMAND_CENTER_UI_LANE\SAVE_AND_COMMIT_GATE\COMMAND_CENTER_UI_LANE_SAVE_AND_COMMIT_GATE_V1_3_20260606_174019\NEXT_OBJECT_CARD__COMMAND_CENTER_UI_LANE_PUSH_GATE_V1_20260606.md","Structured root ROOT_HOUSE_WORK file was missing from matching git lane.","8EF1CD41DDD28CCDC941303C6533470AAE9137B58FA30B2C948187DFADB957B6","658"
"MOVED_STRUCTURED_ROOT_FILE_TO_REPO_LANE","C:\Users\13527\Desktop\123\HOUSE_WORK\PROJECT_COMMAND_CENTER_UI_LANE\SAVE_AND_COMMIT_GATE\COMMAND_CENTER_UI_LANE_SAVE_AND_COMMIT_GATE_V1_3_20260606_174019\OUTPUT__WORK_ENTRYPOINT_VERIFY_FOR_SAVE_AND_COMMIT_GATE_V1_3.txt","C:\Users\13527\Desktop\123\Jxhnny_Kl33N_Seedz\HOUSE_WORK\PROJECT_COMMAND_CENTER_UI_LANE\SAVE_AND_COMMIT_GATE\COMMAND_CENTER_UI_LANE_SAVE_AND_COMMIT_GATE_V1_3_20260606_174019\OUTPUT__WORK_ENTRYPOINT_VERIFY_FOR_SAVE_AND_COMMIT_GATE_V1_3.txt","Structured root ROOT_HOUSE_WORK file was missing from matching git lane.","E7032B8B5467441643A82D41A502B5CB699F3C1E539428D90DBEB2C94B24956E","560"
"MOVED_STRUCTURED_ROOT_FILE_TO_REPO_LANE","C:\Users\13527\Desktop\123\HOUSE_WORK\PROJECT_COMMAND_CENTER_UI_LANE\SAVE_AND_COMMIT_GATE\COMMAND_CENTER_UI_LANE_SAVE_AND_COMMIT_GATE_V1_3_20260606_174019\PENDING_CARD__COMMAND_CENTER_UI_LANE_SAVE_AND_COMMIT_V1_3_20260606.md","C:\Users\13527\Desktop\123\Jxhnny_Kl33N_Seedz\HOUSE_WORK\PROJECT_COMMAND_CENTER_UI_LANE\SAVE_AND_COMMIT_GATE\COMMAND_CENTER_UI_LANE_SAVE_AND_COMMIT_GATE_V1_3_20260606_174019\PENDING_CARD__COMMAND_CENTER_UI_LANE_SAVE_AND_COMMIT_V1_3_20260606.md","Structured root ROOT_HOUSE_WORK file was missing from matching git lane.","80BE11914BD55E344335C10E3D75D84C52C494C79346B00F5D317DAD77F06143","781"
"MOVED_STRUCTURED_ROOT_FILE_TO_REPO_LANE","C:\Users\13527\Desktop\123\HOUSE_WORK\PROJECT_COMMAND_CENTER_UI_LANE\SAVE_AND_COMMIT_GATE\COMMAND_CENTER_UI_LANE_SAVE_AND_COMMIT_GATE_V1_3_20260606_174019\RECEIPT__COMMAND_CENTER_UI_LANE_SAVE_AND_COMMIT_GATE_V1_3_20260606.md","C:\Users\13527\Desktop\123\Jxhnny_Kl33N_Seedz\HOUSE_WORK\PROJECT_COMMAND_CENTER_UI_LANE\SAVE_AND_COMMIT_GATE\COMMAND_CENTER_UI_LANE_SAVE_AND_COMMIT_GATE_V1_3_20260606_174019\RECEIPT__COMMAND_CENTER_UI_LANE_SAVE_AND_COMMIT_GATE_V1_3_20260606.md","Structured root ROOT_HOUSE_WORK file was missing from matching git lane.","35D53495C1A40719F98AD69ACAFA962E5792212FD289FA1F887E1EE2555A5327","3472"
"MOVED_STRUCTURED_ROOT_FILE_TO_REPO_LANE","C:\Users\13527\Desktop\123\HOUSE_WORK\PROJECT_COMMAND_CENTER_UI_LANE\SAVE_AND_COMMIT_GATE\COMMAND_CENTER_UI_LANE_SAVE_AND_COMMIT_GATE_V1_3_20260606_174049\APPROVED_SYNCED_FILES__COMMAND_CENTER_UI_LANE_SAVE_AND_COMMIT_V1_3_20260606.txt","C:\Users\13527\Desktop\123\Jxhnny_Kl33N_Seedz\HOUSE_WORK\PROJECT_COMMAND_CENTER_UI_LANE\SAVE_AND_COMMIT_GATE\COMMAND_CENTER_UI_LANE_SAVE_AND_COMMIT_GATE_V1_3_20260606_174049\APPROVED_SYNCED_FILES__COMMAND_CENTER_UI_LANE_SAVE_AND_COMMIT_V1_3_20260606.txt","Structured root ROOT_HOUSE_WORK file was missing from matching git lane.","30EF952A0CE342748922D273A7944C8E31263A3EC1CE22DB61CECB98EC17C74B","54545"
"MOVED_STRUCTURED_ROOT_FILE_TO_REPO_LANE","C:\Users\13527\Desktop\123\HOUSE_WORK\PROJECT_COMMAND_CENTER_UI_LANE\SAVE_AND_COMMIT_GATE\COMMAND_CENTER_UI_LANE_SAVE_AND_COMMIT_GATE_V1_3_20260606_174049\COMMAND_CENTER_UI_LANE_SAVE_AND_COMMIT_PACKET_V1_3_20260606.md","C:\Users\13527\Desktop\123\Jxhnny_Kl33N_Seedz\HOUSE_WORK\PROJECT_COMMAND_CENTER_UI_LANE\SAVE_AND_COMMIT_GATE\COMMAND_CENTER_UI_LANE_SAVE_AND_COMMIT_GATE_V1_3_20260606_174049\COMMAND_CENTER_UI_LANE_SAVE_AND_COMMIT_PACKET_V1_3_20260606.md","Structured root ROOT_HOUSE_WORK file was missing from matching git lane.","2203BBDC61E7069E52D8CAD94FE719B4882BBDEBD3D5ACB6C9D05A1351D55B5B","4400"
"MOVED_STRUCTURED_ROOT_FILE_TO_REPO_LANE","C:\Users\13527\Desktop\123\HOUSE_WORK\PROJECT_COMMAND_CENTER_UI_LANE\SAVE_AND_COMMIT_GATE\COMMAND_CENTER_UI_LANE_SAVE_AND_COMMIT_GATE_V1_3_20260606_174049\ERROR_LEDGER__COMMAND_CENTER_UI_LANE_SAVE_AND_COMMIT_GATE_V1_3_20260606.md","C:\Users\13527\Desktop\123\Jxhnny_Kl33N_Seedz\HOUSE_WORK\PROJECT_COMMAND_CENTER_UI_LANE\SAVE_AND_COMMIT_GATE\COMMAND_CENTER_UI_LANE_SAVE_AND_COMMIT_GATE_V1_3_20260606_174049\ERROR_LEDGER__COMMAND_CENTER_UI_LANE_SAVE_AND_COMMIT_GATE_V1_3_20260606.md","Structured root ROOT_HOUSE_WORK file was missing from matching git lane.","CF4A98C673DED0F8EC4810242E6D8102C895CFEE24A7F44EE216CE73785B2B74","4289"
"MOVED_STRUCTURED_ROOT_FILE_TO_REPO_LANE","C:\Users\13527\Desktop\123\HOUSE_WORK\PROJECT_COMMAND_CENTER_UI_LANE\SAVE_AND_COMMIT_GATE\COMMAND_CENTER_UI_LANE_SAVE_AND_COMMIT_GATE_V1_3_20260606_174049\GIT_ADD_PATHSPEC_FROM_FILE__COMMAND_CENTER_UI_LANE_V1_3_20260606.txt","C:\Users\13527\Desktop\123\Jxhnny_Kl33N_Seedz\HOUSE_WORK\PROJECT_COMMAND_CENTER_UI_LANE\SAVE_AND_COMMIT_GATE\COMMAND_CENTER_UI_LANE_SAVE_AND_COMMIT_GATE_V1_3_20260606_174049\GIT_ADD_PATHSPEC_FROM_FILE__COMMAND_CENTER_UI_LANE_V1_3_20260606.txt","Structured root ROOT_HOUSE_WORK file was missing from matching git lane.","30EF952A0CE342748922D273A7944C8E31263A3EC1CE22DB61CECB98EC17C74B","54545"
"MOVED_STRUCTURED_ROOT_FILE_TO_REPO_LANE","C:\Users\13527\Desktop\123\HOUSE_WORK\PROJECT_COMMAND_CENTER_UI_LANE\SAVE_AND_COMMIT_GATE\COMMAND_CENTER_UI_LANE_SAVE_AND_COMMIT_GATE_V1_3_20260606_174049\GIT_STATUS_AFTER__COMMAND_CENTER_UI_LANE_SAVE_AND_COMMIT_V1_3_20260606.txt","C:\Users\13527\Desktop\123\Jxhnny_Kl33N_Seedz\HOUSE_WORK\PROJECT_COMMAND_CENTER_UI_LANE\SAVE_AND_COMMIT_GATE\COMMAND_CENTER_UI_LANE_SAVE_AND_COMMIT_GATE_V1_3_20260606_174049\GIT_STATUS_AFTER__COMMAND_CENTER_UI_LANE_SAVE_AND_COMMIT_V1_3_20260606.txt","Structured root ROOT_HOUSE_WORK file was missing from matching git lane.","DBEC36772B093530AF9DFCFA19C8AEDD43E144B3628231282D0778724AD8799C","4592"
"MOVED_STRUCTURED_ROOT_FILE_TO_REPO_LANE","C:\Users\13527\Desktop\123\HOUSE_WORK\PROJECT_COMMAND_CENTER_UI_LANE\SAVE_AND_COMMIT_GATE\COMMAND_CENTER_UI_LANE_SAVE_AND_COMMIT_GATE_V1_3_20260606_174049\GIT_STATUS_BEFORE__COMMAND_CENTER_UI_LANE_SAVE_AND_COMMIT_V1_3_20260606.txt","C:\Users\13527\Desktop\123\Jxhnny_Kl33N_Seedz\HOUSE_WORK\PROJECT_COMMAND_CENTER_UI_LANE\SAVE_AND_COMMIT_GATE\COMMAND_CENTER_UI_LANE_SAVE_AND_COMMIT_GATE_V1_3_20260606_174049\GIT_STATUS_BEFORE__COMMAND_CENTER_UI_LANE_SAVE_AND_COMMIT_V1_3_20260606.txt","Structured root ROOT_HOUSE_WORK file was missing from matching git lane.","DBEC36772B093530AF9DFCFA19C8AEDD43E144B3628231282D0778724AD8799C","4592"
"MOVED_STRUCTURED_ROOT_FILE_TO_REPO_LANE","C:\Users\13527\Desktop\123\HOUSE_WORK\PROJECT_COMMAND_CENTER_UI_LANE\SAVE_AND_COMMIT_GATE\COMMAND_CENTER_UI_LANE_SAVE_AND_COMMIT_GATE_V1_3_20260606_174049\NEXT_OBJECT_CARD__COMMAND_CENTER_UI_LANE_PUSH_GATE_V1_20260606.md","C:\Users\13527\Desktop\123\Jxhnny_Kl33N_Seedz\HOUSE_WORK\PROJECT_COMMAND_CENTER_UI_LANE\SAVE_AND_COMMIT_GATE\COMMAND_CENTER_UI_LANE_SAVE_AND_COMMIT_GATE_V1_3_20260606_174049\NEXT_OBJECT_CARD__COMMAND_CENTER_UI_LANE_PUSH_GATE_V1_20260606.md","Structured root ROOT_HOUSE_WORK file was missing from matching git lane.","8FF303E3AB74C209EB8849F66F0550ADD3AF208A48284FFE0DA883C2E27EAEA2","644"
"MOVED_STRUCTURED_ROOT_FILE_TO_REPO_LANE","C:\Users\13527\Desktop\123\HOUSE_WORK\PROJECT_COMMAND_CENTER_UI_LANE\SAVE_AND_COMMIT_GATE\COMMAND_CENTER_UI_LANE_SAVE_AND_COMMIT_GATE_V1_3_20260606_174049\OUTPUT__WORK_ENTRYPOINT_VERIFY_FOR_SAVE_AND_COMMIT_GATE_V1_3.txt","C:\Users\13527\Desktop\123\Jxhnny_Kl33N_Seedz\HOUSE_WORK\PROJECT_COMMAND_CENTER_UI_LANE\SAVE_AND_COMMIT_GATE\COMMAND_CENTER_UI_LANE_SAVE_AND_COMMIT_GATE_V1_3_20260606_174049\OUTPUT__WORK_ENTRYPOINT_VERIFY_FOR_SAVE_AND_COMMIT_GATE_V1_3.txt","Structured root ROOT_HOUSE_WORK file was missing from matching git lane.","1B7A916C720A163DDAECC85661459097838B8CCDEBB4BB69FA03EFE4B5B5706B","560"
"MOVED_STRUCTURED_ROOT_FILE_TO_REPO_LANE","C:\Users\13527\Desktop\123\HOUSE_WORK\PROJECT_COMMAND_CENTER_UI_LANE\SAVE_AND_COMMIT_GATE\COMMAND_CENTER_UI_LANE_SAVE_AND_COMMIT_GATE_V1_3_20260606_174049\PENDING_CARD__COMMAND_CENTER_UI_LANE_SAVE_AND_COMMIT_V1_3_20260606.md","C:\Users\13527\Desktop\123\Jxhnny_Kl33N_Seedz\HOUSE_WORK\PROJECT_COMMAND_CENTER_UI_LANE\SAVE_AND_COMMIT_GATE\COMMAND_CENTER_UI_LANE_SAVE_AND_COMMIT_GATE_V1_3_20260606_174049\PENDING_CARD__COMMAND_CENTER_UI_LANE_SAVE_AND_COMMIT_V1_3_20260606.md","Structured root ROOT_HOUSE_WORK file was missing from matching git lane.","DFC08E0F8165410664AAE41D26AAF68114D37D09FD78C6AF9E7768A2EC7404A0","767"
"MOVED_STRUCTURED_ROOT_FILE_TO_REPO_LANE","C:\Users\13527\Desktop\123\HOUSE_WORK\PROJECT_COMMAND_CENTER_UI_LANE\SAVE_AND_COMMIT_GATE\COMMAND_CENTER_UI_LANE_SAVE_AND_COMMIT_GATE_V1_3_20260606_174049\RECEIPT__COMMAND_CENTER_UI_LANE_SAVE_AND_COMMIT_GATE_V1_3_20260606.md","C:\Users\13527\Desktop\123\Jxhnny_Kl33N_Seedz\HOUSE_WORK\PROJECT_COMMAND_CENTER_UI_LANE\SAVE_AND_COMMIT_GATE\COMMAND_CENTER_UI_LANE_SAVE_AND_COMMIT_GATE_V1_3_20260606_174049\RECEIPT__COMMAND_CENTER_UI_LANE_SAVE_AND_COMMIT_GATE_V1_3_20260606.md","Structured root ROOT_HOUSE_WORK file was missing from matching git lane.","5A1BCB521C8CD7C2080C065203E79AEF9A1458A06EC5D11097780DD5A412C73B","3445"
"MOVED_STRUCTURED_ROOT_FILE_TO_REPO_LANE","C:\Users\13527\Desktop\123\HOUSE_WORK\PROJECT_COMMAND_CENTER_UI_LANE\SAVE_AND_COMMIT_GATE\COMMAND_CENTER_UI_LANE_SAVE_AND_COMMIT_GATE_V1_4_20260606_181338\APPROVED_ROOTS__COMMAND_CENTER_UI_LANE_SAVE_AND_COMMIT_V1_4_20260606.txt","C:\Users\13527\Desktop\123\Jxhnny_Kl33N_Seedz\HOUSE_WORK\PROJECT_COMMAND_CENTER_UI_LANE\SAVE_AND_COMMIT_GATE\COMMAND_CENTER_UI_LANE_SAVE_AND_COMMIT_GATE_V1_4_20260606_181338\APPROVED_ROOTS__COMMAND_CENTER_UI_LANE_SAVE_AND_COMMIT_V1_4_20260606.txt","Structured root ROOT_HOUSE_WORK file was missing from matching git lane.","BD89A3866AA369D0ADC2710519FC7D1BB2352C550DCDE4B2988210680630CA88","67"
"MOVED_STRUCTURED_ROOT_FILE_TO_REPO_LANE","C:\Users\13527\Desktop\123\HOUSE_WORK\PROJECT_COMMAND_CENTER_UI_LANE\SAVE_AND_COMMIT_GATE\COMMAND_CENTER_UI_LANE_SAVE_AND_COMMIT_GATE_V1_4_20260606_181338\COMMAND_CENTER_UI_LANE_SAVE_AND_COMMIT_PACKET_V1_4_20260606.md","C:\Users\13527\Desktop\123\Jxhnny_Kl33N_Seedz\HOUSE_WORK\PROJECT_COMMAND_CENTER_UI_LANE\SAVE_AND_COMMIT_GATE\COMMAND_CENTER_UI_LANE_SAVE_AND_COMMIT_GATE_V1_4_20260606_181338\COMMAND_CENTER_UI_LANE_SAVE_AND_COMMIT_PACKET_V1_4_20260606.md","Structured root ROOT_HOUSE_WORK file was missing from matching git lane.","84F87EC71586EAA2EF9A0632D0ABBA4A2EEE7CD07C8E8900D718FB32888DBB97","4120"
"MOVED_STRUCTURED_ROOT_FILE_TO_REPO_LANE","C:\Users\13527\Desktop\123\HOUSE_WORK\PROJECT_COMMAND_CENTER_UI_LANE\SAVE_AND_COMMIT_GATE\COMMAND_CENTER_UI_LANE_SAVE_AND_COMMIT_GATE_V1_4_20260606_181338\ERROR_LEDGER__COMMAND_CENTER_UI_LANE_SAVE_AND_COMMIT_GATE_V1_4_20260606.md","C:\Users\13527\Desktop\123\Jxhnny_Kl33N_Seedz\HOUSE_WORK\PROJECT_COMMAND_CENTER_UI_LANE\SAVE_AND_COMMIT_GATE\COMMAND_CENTER_UI_LANE_SAVE_AND_COMMIT_GATE_V1_4_20260606_181338\ERROR_LEDGER__COMMAND_CENTER_UI_LANE_SAVE_AND_COMMIT_GATE_V1_4_20260606.md","Structured root ROOT_HOUSE_WORK file was missing from matching git lane.","CB4AEF6E5C4E2E09A91FAC2D6FAEE694B582C3E6C536CD8EA5C5F2352017CE18","343"
"MOVED_STRUCTURED_ROOT_FILE_TO_REPO_LANE","C:\Users\13527\Desktop\123\HOUSE_WORK\PROJECT_COMMAND_CENTER_UI_LANE\SAVE_AND_COMMIT_GATE\COMMAND_CENTER_UI_LANE_SAVE_AND_COMMIT_GATE_V1_4_20260606_181338\GIT_STATUS_AFTER__COMMAND_CENTER_UI_LANE_SAVE_AND_COMMIT_V1_4_20260606.txt","C:\Users\13527\Desktop\123\Jxhnny_Kl33N_Seedz\HOUSE_WORK\PROJECT_COMMAND_CENTER_UI_LANE\SAVE_AND_COMMIT_GATE\COMMAND_CENTER_UI_LANE_SAVE_AND_COMMIT_GATE_V1_4_20260606_181338\GIT_STATUS_AFTER__COMMAND_CENTER_UI_LANE_SAVE_AND_COMMIT_V1_4_20260606.txt","Structured root ROOT_HOUSE_WORK file was missing from matching git lane.","DBEC36772B093530AF9DFCFA19C8AEDD43E144B3628231282D0778724AD8799C","4592"
"MOVED_STRUCTURED_ROOT_FILE_TO_REPO_LANE","C:\Users\13527\Desktop\123\HOUSE_WORK\PROJECT_COMMAND_CENTER_UI_LANE\SAVE_AND_COMMIT_GATE\COMMAND_CENTER_UI_LANE_SAVE_AND_COMMIT_GATE_V1_4_20260606_181338\GIT_STATUS_BEFORE__COMMAND_CENTER_UI_LANE_SAVE_AND_COMMIT_V1_4_20260606.txt","C:\Users\13527\Desktop\123\Jxhnny_Kl33N_Seedz\HOUSE_WORK\PROJECT_COMMAND_CENTER_UI_LANE\SAVE_AND_COMMIT_GATE\COMMAND_CENTER_UI_LANE_SAVE_AND_COMMIT_GATE_V1_4_20260606_181338\GIT_STATUS_BEFORE__COMMAND_CENTER_UI_LANE_SAVE_AND_COMMIT_V1_4_20260606.txt","Structured root ROOT_HOUSE_WORK file was missing from matching git lane.","DBEC36772B093530AF9DFCFA19C8AEDD43E144B3628231282D0778724AD8799C","4592"
"MOVED_STRUCTURED_ROOT_FILE_TO_REPO_LANE","C:\Users\13527\Desktop\123\HOUSE_WORK\PROJECT_COMMAND_CENTER_UI_LANE\SAVE_AND_COMMIT_GATE\COMMAND_CENTER_UI_LANE_SAVE_AND_COMMIT_GATE_V1_4_20260606_181338\NEXT_OBJECT_CARD__COMMAND_CENTER_UI_LANE_PUSH_GATE_V1_20260606.md","C:\Users\13527\Desktop\123\Jxhnny_Kl33N_Seedz\HOUSE_WORK\PROJECT_COMMAND_CENTER_UI_LANE\SAVE_AND_COMMIT_GATE\COMMAND_CENTER_UI_LANE_SAVE_AND_COMMIT_GATE_V1_4_20260606_181338\NEXT_OBJECT_CARD__COMMAND_CENTER_UI_LANE_PUSH_GATE_V1_20260606.md","Structured root ROOT_HOUSE_WORK file was missing from matching git lane.","427050CD2A7BFCD59C012F954D75A136A47E51327B3C17098E001C1B94279FC9","658"
"MOVED_STRUCTURED_ROOT_FILE_TO_REPO_LANE","C:\Users\13527\Desktop\123\HOUSE_WORK\PROJECT_COMMAND_CENTER_UI_LANE\SAVE_AND_COMMIT_GATE\COMMAND_CENTER_UI_LANE_SAVE_AND_COMMIT_GATE_V1_4_20260606_181338\OUTPUT__WORK_ENTRYPOINT_VERIFY_FOR_SAVE_AND_COMMIT_GATE_V1_4.txt","C:\Users\13527\Desktop\123\Jxhnny_Kl33N_Seedz\HOUSE_WORK\PROJECT_COMMAND_CENTER_UI_LANE\SAVE_AND_COMMIT_GATE\COMMAND_CENTER_UI_LANE_SAVE_AND_COMMIT_GATE_V1_4_20260606_181338\OUTPUT__WORK_ENTRYPOINT_VERIFY_FOR_SAVE_AND_COMMIT_GATE_V1_4.txt","Structured root ROOT_HOUSE_WORK file was missing from matching git lane.","692EB2BE4DE61D1BBD924BC74A17810F62A1DFBAD893C1D4C9779DC2F2798562","560"
"MOVED_STRUCTURED_ROOT_FILE_TO_REPO_LANE","C:\Users\13527\Desktop\123\HOUSE_WORK\PROJECT_COMMAND_CENTER_UI_LANE\SAVE_AND_COMMIT_GATE\COMMAND_CENTER_UI_LANE_SAVE_AND_COMMIT_GATE_V1_4_20260606_181338\PENDING_CARD__COMMAND_CENTER_UI_LANE_SAVE_AND_COMMIT_V1_4_20260606.md","C:\Users\13527\Desktop\123\Jxhnny_Kl33N_Seedz\HOUSE_WORK\PROJECT_COMMAND_CENTER_UI_LANE\SAVE_AND_COMMIT_GATE\COMMAND_CENTER_UI_LANE_SAVE_AND_COMMIT_GATE_V1_4_20260606_181338\PENDING_CARD__COMMAND_CENTER_UI_LANE_SAVE_AND_COMMIT_V1_4_20260606.md","Structured root ROOT_HOUSE_WORK file was missing from matching git lane.","1398B93888186814423A25B26BCC39C4397F058C1EE46F2FCE851F64FDE1F939","781"
"MOVED_STRUCTURED_ROOT_FILE_TO_REPO_LANE","C:\Users\13527\Desktop\123\HOUSE_WORK\PROJECT_COMMAND_CENTER_UI_LANE\SAVE_AND_COMMIT_GATE\COMMAND_CENTER_UI_LANE_SAVE_AND_COMMIT_GATE_V1_4_20260606_181338\RECEIPT__COMMAND_CENTER_UI_LANE_SAVE_AND_COMMIT_GATE_V1_4_20260606.md","C:\Users\13527\Desktop\123\Jxhnny_Kl33N_Seedz\HOUSE_WORK\PROJECT_COMMAND_CENTER_UI_LANE\SAVE_AND_COMMIT_GATE\COMMAND_CENTER_UI_LANE_SAVE_AND_COMMIT_GATE_V1_4_20260606_181338\RECEIPT__COMMAND_CENTER_UI_LANE_SAVE_AND_COMMIT_GATE_V1_4_20260606.md","Structured root ROOT_HOUSE_WORK file was missing from matching git lane.","2D90AAEF90D9D821A4064B9303655DA3B4934D6675ED6F7C2FDA24C7F59C4DFA","2949"
"MOVED_STRUCTURED_ROOT_FILE_TO_REPO_LANE","C:\Users\13527\Desktop\123\HOUSE_WORK\PROJECT_COMMAND_CENTER_UI_LANE\SAVE_AND_COMMIT_GATE\COMMAND_CENTER_UI_LANE_SAVE_AND_COMMIT_GATE_V1_4_20260606_182415\APPROVED_ROOTS__COMMAND_CENTER_UI_LANE_SAVE_AND_COMMIT_V1_4_20260606.txt","C:\Users\13527\Desktop\123\Jxhnny_Kl33N_Seedz\HOUSE_WORK\PROJECT_COMMAND_CENTER_UI_LANE\SAVE_AND_COMMIT_GATE\COMMAND_CENTER_UI_LANE_SAVE_AND_COMMIT_GATE_V1_4_20260606_182415\APPROVED_ROOTS__COMMAND_CENTER_UI_LANE_SAVE_AND_COMMIT_V1_4_20260606.txt","Structured root ROOT_HOUSE_WORK file was missing from matching git lane.","BD89A3866AA369D0ADC2710519FC7D1BB2352C550DCDE4B2988210680630CA88","67"
"MOVED_STRUCTURED_ROOT_FILE_TO_REPO_LANE","C:\Users\13527\Desktop\123\HOUSE_WORK\PROJECT_COMMAND_CENTER_UI_LANE\SAVE_AND_COMMIT_GATE\COMMAND_CENTER_UI_LANE_SAVE_AND_COMMIT_GATE_V1_4_20260606_182415\COMMAND_CENTER_UI_LANE_SAVE_AND_COMMIT_PACKET_V1_4_20260606.md","C:\Users\13527\Desktop\123\Jxhnny_Kl33N_Seedz\HOUSE_WORK\PROJECT_COMMAND_CENTER_UI_LANE\SAVE_AND_COMMIT_GATE\COMMAND_CENTER_UI_LANE_SAVE_AND_COMMIT_GATE_V1_4_20260606_182415\COMMAND_CENTER_UI_LANE_SAVE_AND_COMMIT_PACKET_V1_4_20260606.md","Structured root ROOT_HOUSE_WORK file was missing from matching git lane.","1C91D29C8BC5B9E7B8117DE1DDA38F41F5728ADCE55A4AD8B3596625E06BAE0E","4106"
"MOVED_STRUCTURED_ROOT_FILE_TO_REPO_LANE","C:\Users\13527\Desktop\123\HOUSE_WORK\PROJECT_COMMAND_CENTER_UI_LANE\SAVE_AND_COMMIT_GATE\COMMAND_CENTER_UI_LANE_SAVE_AND_COMMIT_GATE_V1_4_20260606_182415\ERROR_LEDGER__COMMAND_CENTER_UI_LANE_SAVE_AND_COMMIT_GATE_V1_4_20260606.md","C:\Users\13527\Desktop\123\Jxhnny_Kl33N_Seedz\HOUSE_WORK\PROJECT_COMMAND_CENTER_UI_LANE\SAVE_AND_COMMIT_GATE\COMMAND_CENTER_UI_LANE_SAVE_AND_COMMIT_GATE_V1_4_20260606_182415\ERROR_LEDGER__COMMAND_CENTER_UI_LANE_SAVE_AND_COMMIT_GATE_V1_4_20260606.md","Structured root ROOT_HOUSE_WORK file was missing from matching git lane.","D215775A9C9EC37E80834BA1970C24BAEDC2D19D682871933B299785175D92FB","4255"
"MOVED_STRUCTURED_ROOT_FILE_TO_REPO_LANE","C:\Users\13527\Desktop\123\HOUSE_WORK\PROJECT_COMMAND_CENTER_UI_LANE\SAVE_AND_COMMIT_GATE\COMMAND_CENTER_UI_LANE_SAVE_AND_COMMIT_GATE_V1_4_20260606_182415\GIT_STATUS_AFTER__COMMAND_CENTER_UI_LANE_SAVE_AND_COMMIT_V1_4_20260606.txt","C:\Users\13527\Desktop\123\Jxhnny_Kl33N_Seedz\HOUSE_WORK\PROJECT_COMMAND_CENTER_UI_LANE\SAVE_AND_COMMIT_GATE\COMMAND_CENTER_UI_LANE_SAVE_AND_COMMIT_GATE_V1_4_20260606_182415\GIT_STATUS_AFTER__COMMAND_CENTER_UI_LANE_SAVE_AND_COMMIT_V1_4_20260606.txt","Structured root ROOT_HOUSE_WORK file was missing from matching git lane.","DBEC36772B093530AF9DFCFA19C8AEDD43E144B3628231282D0778724AD8799C","4592"
"MOVED_STRUCTURED_ROOT_FILE_TO_REPO_LANE","C:\Users\13527\Desktop\123\HOUSE_WORK\PROJECT_COMMAND_CENTER_UI_LANE\SAVE_AND_COMMIT_GATE\COMMAND_CENTER_UI_LANE_SAVE_AND_COMMIT_GATE_V1_4_20260606_182415\GIT_STATUS_BEFORE__COMMAND_CENTER_UI_LANE_SAVE_AND_COMMIT_V1_4_20260606.txt","C:\Users\13527\Desktop\123\Jxhnny_Kl33N_Seedz\HOUSE_WORK\PROJECT_COMMAND_CENTER_UI_LANE\SAVE_AND_COMMIT_GATE\COMMAND_CENTER_UI_LANE_SAVE_AND_COMMIT_GATE_V1_4_20260606_182415\GIT_STATUS_BEFORE__COMMAND_CENTER_UI_LANE_SAVE_AND_COMMIT_V1_4_20260606.txt","Structured root ROOT_HOUSE_WORK file was missing from matching git lane.","DBEC36772B093530AF9DFCFA19C8AEDD43E144B3628231282D0778724AD8799C","4592"
"MOVED_STRUCTURED_ROOT_FILE_TO_REPO_LANE","C:\Users\13527\Desktop\123\HOUSE_WORK\PROJECT_COMMAND_CENTER_UI_LANE\SAVE_AND_COMMIT_GATE\COMMAND_CENTER_UI_LANE_SAVE_AND_COMMIT_GATE_V1_4_20260606_182415\NEXT_OBJECT_CARD__COMMAND_CENTER_UI_LANE_PUSH_GATE_V1_20260606.md","C:\Users\13527\Desktop\123\Jxhnny_Kl33N_Seedz\HOUSE_WORK\PROJECT_COMMAND_CENTER_UI_LANE\SAVE_AND_COMMIT_GATE\COMMAND_CENTER_UI_LANE_SAVE_AND_COMMIT_GATE_V1_4_20260606_182415\NEXT_OBJECT_CARD__COMMAND_CENTER_UI_LANE_PUSH_GATE_V1_20260606.md","Structured root ROOT_HOUSE_WORK file was missing from matching git lane.","C9209F7C7C118F13C9F5DE399EA09F772EFE39C260352B6C9981C982C900BB20","644"
"MOVED_STRUCTURED_ROOT_FILE_TO_REPO_LANE","C:\Users\13527\Desktop\123\HOUSE_WORK\PROJECT_COMMAND_CENTER_UI_LANE\SAVE_AND_COMMIT_GATE\COMMAND_CENTER_UI_LANE_SAVE_AND_COMMIT_GATE_V1_4_20260606_182415\OUTPUT__WORK_ENTRYPOINT_VERIFY_FOR_SAVE_AND_COMMIT_GATE_V1_4.txt","C:\Users\13527\Desktop\123\Jxhnny_Kl33N_Seedz\HOUSE_WORK\PROJECT_COMMAND_CENTER_UI_LANE\SAVE_AND_COMMIT_GATE\COMMAND_CENTER_UI_LANE_SAVE_AND_COMMIT_GATE_V1_4_20260606_182415\OUTPUT__WORK_ENTRYPOINT_VERIFY_FOR_SAVE_AND_COMMIT_GATE_V1_4.txt","Structured root ROOT_HOUSE_WORK file was missing from matching git lane.","E7FDF47DF526CC0544FA45CA2C20EC2E41EB668E491A0A4EE70448785A839FEF","560"
"MOVED_STRUCTURED_ROOT_FILE_TO_REPO_LANE","C:\Users\13527\Desktop\123\HOUSE_WORK\PROJECT_COMMAND_CENTER_UI_LANE\SAVE_AND_COMMIT_GATE\COMMAND_CENTER_UI_LANE_SAVE_AND_COMMIT_GATE_V1_4_20260606_182415\PENDING_CARD__COMMAND_CENTER_UI_LANE_SAVE_AND_COMMIT_V1_4_20260606.md","C:\Users\13527\Desktop\123\Jxhnny_Kl33N_Seedz\HOUSE_WORK\PROJECT_COMMAND_CENTER_UI_LANE\SAVE_AND_COMMIT_GATE\COMMAND_CENTER_UI_LANE_SAVE_AND_COMMIT_GATE_V1_4_20260606_182415\PENDING_CARD__COMMAND_CENTER_UI_LANE_SAVE_AND_COMMIT_V1_4_20260606.md","Structured root ROOT_HOUSE_WORK file was missing from matching git lane.","9F4C55AB388FFFEA78BEA2432718592E1D3CC0495A487B8E4C53FA0C0A90A12A","767"
"MOVED_STRUCTURED_ROOT_FILE_TO_REPO_LANE","C:\Users\13527\Desktop\123\HOUSE_WORK\PROJECT_COMMAND_CENTER_UI_LANE\SAVE_AND_COMMIT_GATE\COMMAND_CENTER_UI_LANE_SAVE_AND_COMMIT_GATE_V1_4_20260606_182415\RECEIPT__COMMAND_CENTER_UI_LANE_SAVE_AND_COMMIT_GATE_V1_4_20260606.md","C:\Users\13527\Desktop\123\Jxhnny_Kl33N_Seedz\HOUSE_WORK\PROJECT_COMMAND_CENTER_UI_LANE\SAVE_AND_COMMIT_GATE\COMMAND_CENTER_UI_LANE_SAVE_AND_COMMIT_GATE_V1_4_20260606_182415\RECEIPT__COMMAND_CENTER_UI_LANE_SAVE_AND_COMMIT_GATE_V1_4_20260606.md","Structured root ROOT_HOUSE_WORK file was missing from matching git lane.","DF6B51FF1E2B45C9CB7225F1BFE073F99DEB1BF488F18509247C4A6F0622C65F","2922"
"MOVED_STRUCTURED_ROOT_FILE_TO_REPO_LANE","C:\Users\13527\Desktop\123\HOUSE_WORK\PROJECT_COMMAND_CENTER_UI_LANE\SAVE_AND_COMMIT_GATE\WRITER_RECEIPTS\WRITE_COMMAND_CENTER_UI_LANE_SAVE_AND_COMMIT_GATE_V1_1_20260606_172111\ERROR_LEDGER__WRITE_COMMAND_CENTER_UI_LANE_SAVE_AND_COMMIT_GATE_V1_1_20260606.md","C:\Users\13527\Desktop\123\Jxhnny_Kl33N_Seedz\HOUSE_WORK\PROJECT_COMMAND_CENTER_UI_LANE\SAVE_AND_COMMIT_GATE\WRITER_RECEIPTS\WRITE_COMMAND_CENTER_UI_LANE_SAVE_AND_COMMIT_GATE_V1_1_20260606_172111\ERROR_LEDGER__WRITE_COMMAND_CENTER_UI_LANE_SAVE_AND_COMMIT_GATE_V1_1_20260606.md","Structured root ROOT_HOUSE_WORK file was missing from matching git lane.","E406678C73EA9200BC07E79662FE1CEB3102E57EF5136C18749A236ED99D31F6","202"
"MOVED_STRUCTURED_ROOT_FILE_TO_REPO_LANE","C:\Users\13527\Desktop\123\HOUSE_WORK\PROJECT_COMMAND_CENTER_UI_LANE\SAVE_AND_COMMIT_GATE\WRITER_RECEIPTS\WRITE_COMMAND_CENTER_UI_LANE_SAVE_AND_COMMIT_GATE_V1_1_20260606_172111\RECEIPT__WRITE_COMMAND_CENTER_UI_LANE_SAVE_AND_COMMIT_GATE_V1_1_20260606.md","C:\Users\13527\Desktop\123\Jxhnny_Kl33N_Seedz\HOUSE_WORK\PROJECT_COMMAND_CENTER_UI_LANE\SAVE_AND_COMMIT_GATE\WRITER_RECEIPTS\WRITE_COMMAND_CENTER_UI_LANE_SAVE_AND_COMMIT_GATE_V1_1_20260606_172111\RECEIPT__WRITE_COMMAND_CENTER_UI_LANE_SAVE_AND_COMMIT_GATE_V1_1_20260606.md","Structured root ROOT_HOUSE_WORK file was missing from matching git lane.","B614F5C910F742EFE627D1EDBBF990237F31038579AECBA7451C8F4971EB0EBE","2066"
"MOVED_STRUCTURED_ROOT_FILE_TO_REPO_LANE","C:\Users\13527\Desktop\123\HOUSE_WORK\PROJECT_COMMAND_CENTER_UI_LANE\SAVE_AND_COMMIT_GATE\WRITER_RECEIPTS\WRITE_COMMAND_CENTER_UI_LANE_SAVE_AND_COMMIT_GATE_V1_1_20260606_172111\VERIFY_OUTPUT__COMMAND_CENTER_UI_LANE_SAVE_AND_COMMIT_GATE_V1_1_20260606.txt","C:\Users\13527\Desktop\123\Jxhnny_Kl33N_Seedz\HOUSE_WORK\PROJECT_COMMAND_CENTER_UI_LANE\SAVE_AND_COMMIT_GATE\WRITER_RECEIPTS\WRITE_COMMAND_CENTER_UI_LANE_SAVE_AND_COMMIT_GATE_V1_1_20260606_172111\VERIFY_OUTPUT__COMMAND_CENTER_UI_LANE_SAVE_AND_COMMIT_GATE_V1_1_20260606.txt","Structured root ROOT_HOUSE_WORK file was missing from matching git lane.","24116C8A56296A244667FF3DCDE3616BBAF8716FBB2A8C08BF92FA98097A6A48","841"
"REMOVED_ROOT_DUPLICATE_AFTER_HASH_MATCH","C:\Users\13527\Desktop\123\HOUSE_WORK\PROJECT_COMMAND_CENTER_UI_LANE\SAVE_AND_COMMIT_GATE\WRITER_RECEIPTS\WRITE_COMMAND_CENTER_UI_LANE_SAVE_AND_COMMIT_GATE_V1_20260606_171004\ERROR_LEDGER__WRITE_COMMAND_CENTER_UI_LANE_SAVE_AND_COMMIT_GATE_V1_20260606.md","C:\Users\13527\Desktop\123\Jxhnny_Kl33N_Seedz\HOUSE_WORK\PROJECT_COMMAND_CENTER_UI_LANE\SAVE_AND_COMMIT_GATE\WRITER_RECEIPTS\WRITE_COMMAND_CENTER_UI_LANE_SAVE_AND_COMMIT_GATE_V1_20260606_171004\ERROR_LEDGER__WRITE_COMMAND_CENTER_UI_LANE_SAVE_AND_COMMIT_GATE_V1_20260606.md","Same relative path and SHA256 already present in repo for ROOT_HOUSE_WORK.","2484769AC9A25E3338E4D36628780D8AEB828973E3BBA916AC4F54DE98B6D337","200"
"REMOVED_ROOT_DUPLICATE_AFTER_HASH_MATCH","C:\Users\13527\Desktop\123\HOUSE_WORK\PROJECT_COMMAND_CENTER_UI_LANE\SAVE_AND_COMMIT_GATE\WRITER_RECEIPTS\WRITE_COMMAND_CENTER_UI_LANE_SAVE_AND_COMMIT_GATE_V1_20260606_171004\RECEIPT__WRITE_COMMAND_CENTER_UI_LANE_SAVE_AND_COMMIT_GATE_V1_20260606.md","C:\Users\13527\Desktop\123\Jxhnny_Kl33N_Seedz\HOUSE_WORK\PROJECT_COMMAND_CENTER_UI_LANE\SAVE_AND_COMMIT_GATE\WRITER_RECEIPTS\WRITE_COMMAND_CENTER_UI_LANE_SAVE_AND_COMMIT_GATE_V1_20260606_171004\RECEIPT__WRITE_COMMAND_CENTER_UI_LANE_SAVE_AND_COMMIT_GATE_V1_20260606.md","Same relative path and SHA256 already present in repo for ROOT_HOUSE_WORK.","3FB7A70963C3C25D68A1D686673F407B6B3E5F5780EF78C4E938D626440F071F","2046"
"REMOVED_ROOT_DUPLICATE_AFTER_HASH_MATCH","C:\Users\13527\Desktop\123\HOUSE_WORK\PROJECT_COMMAND_CENTER_UI_LANE\SAVE_AND_COMMIT_GATE\WRITER_RECEIPTS\WRITE_COMMAND_CENTER_UI_LANE_SAVE_AND_COMMIT_GATE_V1_20260606_171004\VERIFY_OUTPUT__COMMAND_CENTER_UI_LANE_SAVE_AND_COMMIT_GATE_V1_20260606.txt","C:\Users\13527\Desktop\123\Jxhnny_Kl33N_Seedz\HOUSE_WORK\PROJECT_COMMAND_CENTER_UI_LANE\SAVE_AND_COMMIT_GATE\WRITER_RECEIPTS\WRITE_COMMAND_CENTER_UI_LANE_SAVE_AND_COMMIT_GATE_V1_20260606_171004\VERIFY_OUTPUT__COMMAND_CENTER_UI_LANE_SAVE_AND_COMMIT_GATE_V1_20260606.txt","Same relative path and SHA256 already present in repo for ROOT_HOUSE_WORK.","8C74B60264860B27422F549266E7A04638888F19AF3507D2B6D27C68E1FBF92D","626"
"MOVED_STRUCTURED_ROOT_FILE_TO_REPO_LANE","C:\Users\13527\Desktop\123\HOUSE_WORK\PROJECT_COMMAND_CENTER_UI_LANE\SAVE_AND_COMMIT_GATE\WRITER_RECEIPTS\WRITE_COMMAND_CENTER_UI_LANE_SAVE_AND_COMMIT_GATE_V1_2_20260606_173632\ERROR_LEDGER__WRITE_COMMAND_CENTER_UI_LANE_SAVE_AND_COMMIT_GATE_V1_2_20260606.md","C:\Users\13527\Desktop\123\Jxhnny_Kl33N_Seedz\HOUSE_WORK\PROJECT_COMMAND_CENTER_UI_LANE\SAVE_AND_COMMIT_GATE\WRITER_RECEIPTS\WRITE_COMMAND_CENTER_UI_LANE_SAVE_AND_COMMIT_GATE_V1_2_20260606_173632\ERROR_LEDGER__WRITE_COMMAND_CENTER_UI_LANE_SAVE_AND_COMMIT_GATE_V1_2_20260606.md","Structured root ROOT_HOUSE_WORK file was missing from matching git lane.","C3BAB587CA6B652E3DEEEEA2AFC071D0479B3E2BF94483A542BC55741190A06D","202"
"MOVED_STRUCTURED_ROOT_FILE_TO_REPO_LANE","C:\Users\13527\Desktop\123\HOUSE_WORK\PROJECT_COMMAND_CENTER_UI_LANE\SAVE_AND_COMMIT_GATE\WRITER_RECEIPTS\WRITE_COMMAND_CENTER_UI_LANE_SAVE_AND_COMMIT_GATE_V1_2_20260606_173632\RECEIPT__WRITE_COMMAND_CENTER_UI_LANE_SAVE_AND_COMMIT_GATE_V1_2_20260606.md","C:\Users\13527\Desktop\123\Jxhnny_Kl33N_Seedz\HOUSE_WORK\PROJECT_COMMAND_CENTER_UI_LANE\SAVE_AND_COMMIT_GATE\WRITER_RECEIPTS\WRITE_COMMAND_CENTER_UI_LANE_SAVE_AND_COMMIT_GATE_V1_2_20260606_173632\RECEIPT__WRITE_COMMAND_CENTER_UI_LANE_SAVE_AND_COMMIT_GATE_V1_2_20260606.md","Structured root ROOT_HOUSE_WORK file was missing from matching git lane.","0EF585AE4BE453C4ABC36E9D6F70E893EB86D86277BA77ECA0792B08A751AD71","2066"
"MOVED_STRUCTURED_ROOT_FILE_TO_REPO_LANE","C:\Users\13527\Desktop\123\HOUSE_WORK\PROJECT_COMMAND_CENTER_UI_LANE\SAVE_AND_COMMIT_GATE\WRITER_RECEIPTS\WRITE_COMMAND_CENTER_UI_LANE_SAVE_AND_COMMIT_GATE_V1_2_20260606_173632\VERIFY_OUTPUT__COMMAND_CENTER_UI_LANE_SAVE_AND_COMMIT_GATE_V1_2_20260606.txt","C:\Users\13527\Desktop\123\Jxhnny_Kl33N_Seedz\HOUSE_WORK\PROJECT_COMMAND_CENTER_UI_LANE\SAVE_AND_COMMIT_GATE\WRITER_RECEIPTS\WRITE_COMMAND_CENTER_UI_LANE_SAVE_AND_COMMIT_GATE_V1_2_20260606_173632\VERIFY_OUTPUT__COMMAND_CENTER_UI_LANE_SAVE_AND_COMMIT_GATE_V1_2_20260606.txt","Structured root ROOT_HOUSE_WORK file was missing from matching git lane.","8C89A0C9B24F0CF0687D71AA006341CA476D16357DE2E52FA5381561265F90C1","841"
"MOVED_STRUCTURED_ROOT_FILE_TO_REPO_LANE","C:\Users\13527\Desktop\123\HOUSE_WORK\PROJECT_COMMAND_CENTER_UI_LANE\SAVE_AND_COMMIT_GATE\WRITER_RECEIPTS\WRITE_COMMAND_CENTER_UI_LANE_SAVE_AND_COMMIT_GATE_V1_3_20260606_174019\ERROR_LEDGER__WRITE_COMMAND_CENTER_UI_LANE_SAVE_AND_COMMIT_GATE_V1_3_20260606.md","C:\Users\13527\Desktop\123\Jxhnny_Kl33N_Seedz\HOUSE_WORK\PROJECT_COMMAND_CENTER_UI_LANE\SAVE_AND_COMMIT_GATE\WRITER_RECEIPTS\WRITE_COMMAND_CENTER_UI_LANE_SAVE_AND_COMMIT_GATE_V1_3_20260606_174019\ERROR_LEDGER__WRITE_COMMAND_CENTER_UI_LANE_SAVE_AND_COMMIT_GATE_V1_3_20260606.md","Structured root ROOT_HOUSE_WORK file was missing from matching git lane.","724980A876CA4A4DBBCD5D10524CA9EE1228AE7292D5119D34499746EB8F19C8","202"
"MOVED_STRUCTURED_ROOT_FILE_TO_REPO_LANE","C:\Users\13527\Desktop\123\HOUSE_WORK\PROJECT_COMMAND_CENTER_UI_LANE\SAVE_AND_COMMIT_GATE\WRITER_RECEIPTS\WRITE_COMMAND_CENTER_UI_LANE_SAVE_AND_COMMIT_GATE_V1_3_20260606_174019\RECEIPT__WRITE_COMMAND_CENTER_UI_LANE_SAVE_AND_COMMIT_GATE_V1_3_20260606.md","C:\Users\13527\Desktop\123\Jxhnny_Kl33N_Seedz\HOUSE_WORK\PROJECT_COMMAND_CENTER_UI_LANE\SAVE_AND_COMMIT_GATE\WRITER_RECEIPTS\WRITE_COMMAND_CENTER_UI_LANE_SAVE_AND_COMMIT_GATE_V1_3_20260606_174019\RECEIPT__WRITE_COMMAND_CENTER_UI_LANE_SAVE_AND_COMMIT_GATE_V1_3_20260606.md","Structured root ROOT_HOUSE_WORK file was missing from matching git lane.","108B4838D3A353580E6F927B7E1209C5C747CCD5D5BF9542B65DB895735622C7","2066"
"MOVED_STRUCTURED_ROOT_FILE_TO_REPO_LANE","C:\Users\13527\Desktop\123\HOUSE_WORK\PROJECT_COMMAND_CENTER_UI_LANE\SAVE_AND_COMMIT_GATE\WRITER_RECEIPTS\WRITE_COMMAND_CENTER_UI_LANE_SAVE_AND_COMMIT_GATE_V1_3_20260606_174019\VERIFY_OUTPUT__COMMAND_CENTER_UI_LANE_SAVE_AND_COMMIT_GATE_V1_3_20260606.txt","C:\Users\13527\Desktop\123\Jxhnny_Kl33N_Seedz\HOUSE_WORK\PROJECT_COMMAND_CENTER_UI_LANE\SAVE_AND_COMMIT_GATE\WRITER_RECEIPTS\WRITE_COMMAND_CENTER_UI_LANE_SAVE_AND_COMMIT_GATE_V1_3_20260606_174019\VERIFY_OUTPUT__COMMAND_CENTER_UI_LANE_SAVE_AND_COMMIT_GATE_V1_3_20260606.txt","Structured root ROOT_HOUSE_WORK file was missing from matching git lane.","D080628F0633E05E1499FB96BF948023852626770AFD01EF9798EFD154DCFC2C","841"
"MOVED_STRUCTURED_ROOT_FILE_TO_REPO_LANE","C:\Users\13527\Desktop\123\HOUSE_WORK\PROJECT_COMMAND_CENTER_UI_LANE\SAVE_AND_COMMIT_GATE\WRITER_RECEIPTS\WRITE_COMMAND_CENTER_UI_LANE_SAVE_AND_COMMIT_GATE_V1_4_20260606_181338\ERROR_LEDGER__WRITE_COMMAND_CENTER_UI_LANE_SAVE_AND_COMMIT_GATE_V1_4_20260606.md","C:\Users\13527\Desktop\123\Jxhnny_Kl33N_Seedz\HOUSE_WORK\PROJECT_COMMAND_CENTER_UI_LANE\SAVE_AND_COMMIT_GATE\WRITER_RECEIPTS\WRITE_COMMAND_CENTER_UI_LANE_SAVE_AND_COMMIT_GATE_V1_4_20260606_181338\ERROR_LEDGER__WRITE_COMMAND_CENTER_UI_LANE_SAVE_AND_COMMIT_GATE_V1_4_20260606.md","Structured root ROOT_HOUSE_WORK file was missing from matching git lane.","9DC088FE0A9E565437247C266134E76398AE2619EF23C1E0B532A4DE94799AF6","202"
"MOVED_STRUCTURED_ROOT_FILE_TO_REPO_LANE","C:\Users\13527\Desktop\123\HOUSE_WORK\PROJECT_COMMAND_CENTER_UI_LANE\SAVE_AND_COMMIT_GATE\WRITER_RECEIPTS\WRITE_COMMAND_CENTER_UI_LANE_SAVE_AND_COMMIT_GATE_V1_4_20260606_181338\RECEIPT__WRITE_COMMAND_CENTER_UI_LANE_SAVE_AND_COMMIT_GATE_V1_4_20260606.md","C:\Users\13527\Desktop\123\Jxhnny_Kl33N_Seedz\HOUSE_WORK\PROJECT_COMMAND_CENTER_UI_LANE\SAVE_AND_COMMIT_GATE\WRITER_RECEIPTS\WRITE_COMMAND_CENTER_UI_LANE_SAVE_AND_COMMIT_GATE_V1_4_20260606_181338\RECEIPT__WRITE_COMMAND_CENTER_UI_LANE_SAVE_AND_COMMIT_GATE_V1_4_20260606.md","Structured root ROOT_HOUSE_WORK file was missing from matching git lane.","1E734FF43AB107A05F918B0E854E7B3DB6A7F3735EB9E7D44A6D4319625FE5D9","2066"
"MOVED_STRUCTURED_ROOT_FILE_TO_REPO_LANE","C:\Users\13527\Desktop\123\HOUSE_WORK\PROJECT_COMMAND_CENTER_UI_LANE\SAVE_AND_COMMIT_GATE\WRITER_RECEIPTS\WRITE_COMMAND_CENTER_UI_LANE_SAVE_AND_COMMIT_GATE_V1_4_20260606_181338\VERIFY_OUTPUT__COMMAND_CENTER_UI_LANE_SAVE_AND_COMMIT_GATE_V1_4_20260606.txt","C:\Users\13527\Desktop\123\Jxhnny_Kl33N_Seedz\HOUSE_WORK\PROJECT_COMMAND_CENTER_UI_LANE\SAVE_AND_COMMIT_GATE\WRITER_RECEIPTS\WRITE_COMMAND_CENTER_UI_LANE_SAVE_AND_COMMIT_GATE_V1_4_20260606_181338\VERIFY_OUTPUT__COMMAND_CENTER_UI_LANE_SAVE_AND_COMMIT_GATE_V1_4_20260606.txt","Structured root ROOT_HOUSE_WORK file was missing from matching git lane.","4E17B2EDFE56E4530E2C31DBB360C051E5F058E732568EF801F91E94029C3781","839"
"MOVED_STRUCTURED_ROOT_FILE_TO_REPO_LANE","C:\Users\13527\Desktop\123\HOUSE_WORK\TOOL_ROOM\RUNNER_HARNESS_V1_1\FILE_HASH_LEDGER_INSTALL_20260604_192750.csv","C:\Users\13527\Desktop\123\Jxhnny_Kl33N_Seedz\HOUSE_WORK\TOOL_ROOM\RUNNER_HARNESS_V1_1\FILE_HASH_LEDGER_INSTALL_20260604_192750.csv","Structured root ROOT_HOUSE_WORK file was missing from matching git lane.","BE5B73D4242E9CF6B61B761BE4484FD07BA156A4F8BC557F93ADE0EB635B8441","2168"
"MOVED_STRUCTURED_ROOT_FILE_TO_REPO_LANE","C:\Users\13527\Desktop\123\HOUSE_WORK\TOOL_ROOM\RUNNER_HARNESS_V1_1\INSTALL_RECEIPT_RUNNER_HARNESS_V1_1_20260604_192750.md","C:\Users\13527\Desktop\123\Jxhnny_Kl33N_Seedz\HOUSE_WORK\TOOL_ROOM\RUNNER_HARNESS_V1_1\INSTALL_RECEIPT_RUNNER_HARNESS_V1_1_20260604_192750.md","Structured root ROOT_HOUSE_WORK file was missing from matching git lane.","E84A79AC857F8C1C98238B24C34F54D082DC7981E8F5C4E792E2B8A8F12A2E02","1129"
"MOVED_STRUCTURED_ROOT_FILE_TO_REPO_LANE","C:\Users\13527\Desktop\123\HOUSE_WORK\TOOL_ROOM\RUNNER_HARNESS_V1_1\README_START_HERE.md","C:\Users\13527\Desktop\123\Jxhnny_Kl33N_Seedz\HOUSE_WORK\TOOL_ROOM\RUNNER_HARNESS_V1_1\README_START_HERE.md","Structured root ROOT_HOUSE_WORK file was missing from matching git lane.","32EC613D1B87A5685D93363A5AFDA058B5B044C89363B7EB8AF650A08C4D5ED6","1048"
"MOVED_STRUCTURED_ROOT_FILE_TO_REPO_LANE","C:\Users\13527\Desktop\123\HOUSE_WORK\TOOL_ROOM\RUNNER_HARNESS_V1_1\RUN_ALL_SELFTESTS_V1_1.ps1","C:\Users\13527\Desktop\123\Jxhnny_Kl33N_Seedz\HOUSE_WORK\TOOL_ROOM\RUNNER_HARNESS_V1_1\RUN_ALL_SELFTESTS_V1_1.ps1","Structured root ROOT_HOUSE_WORK file was missing from matching git lane.","D83AAAD30459B4F6243B7EC9BA89B48D9F074FB7B3586E1EB218C30ED7E512D7","2335"
"MOVED_STRUCTURED_ROOT_FILE_TO_REPO_LANE","C:\Users\13527\Desktop\123\HOUSE_WORK\TOOL_ROOM\RUNNER_HARNESS_V1_1\RUN_FILE_FIRST_JOB_V1_1.ps1","C:\Users\13527\Desktop\123\Jxhnny_Kl33N_Seedz\HOUSE_WORK\TOOL_ROOM\RUNNER_HARNESS_V1_1\RUN_FILE_FIRST_JOB_V1_1.ps1","Structured root ROOT_HOUSE_WORK file was missing from matching git lane.","0C07474BCEBFE9DF8973DC3F4436D7D5118CD46350E4CB718727854A7C17FC2A","4464"
"MOVED_STRUCTURED_ROOT_FILE_TO_REPO_LANE","C:\Users\13527\Desktop\123\HOUSE_WORK\TOOL_ROOM\RUNNER_HARNESS_V1_1\RUN_SELFTEST.cmd","C:\Users\13527\Desktop\123\Jxhnny_Kl33N_Seedz\HOUSE_WORK\TOOL_ROOM\RUNNER_HARNESS_V1_1\RUN_SELFTEST.cmd","Structured root ROOT_HOUSE_WORK file was missing from matching git lane.","68CBA63A4B4D124C35EE9F28861792D82437ECCFE8D3672E6CB58B24C869838A","99"
"MOVED_STRUCTURED_ROOT_FILE_TO_REPO_LANE","C:\Users\13527\Desktop\123\HOUSE_WORK\TOOL_ROOM\RUNNER_HARNESS_V1_1\RUNNER_HARNESS_V1_1_LATEST_INSTALL.json","C:\Users\13527\Desktop\123\Jxhnny_Kl33N_Seedz\HOUSE_WORK\TOOL_ROOM\RUNNER_HARNESS_V1_1\RUNNER_HARNESS_V1_1_LATEST_INSTALL.json","Structured root ROOT_HOUSE_WORK file was missing from matching git lane.","A06E095BEEDDC909CFC8387AB073CFA950DF802127291928F48E3EBFECCFF397","1055"
"MOVED_STRUCTURED_ROOT_FILE_TO_REPO_LANE","C:\Users\13527\Desktop\123\HOUSE_WORK\TOOL_ROOM\RUNNER_HARNESS_V1_1\RUNNER_HARNESS_V1_1_PROOF_RECEIPT.md","C:\Users\13527\Desktop\123\Jxhnny_Kl33N_Seedz\HOUSE_WORK\TOOL_ROOM\RUNNER_HARNESS_V1_1\RUNNER_HARNESS_V1_1_PROOF_RECEIPT.md","Structured root ROOT_HOUSE_WORK file was missing from matching git lane.","35A92C91D5530C92AAE930BE87ABFF81E8C09587C0B95C78048F4AD097E45FD1","844"
"MOVED_STRUCTURED_ROOT_FILE_TO_REPO_LANE","C:\Users\13527\Desktop\123\HOUSE_WORK\TOOL_ROOM\RUNNER_HARNESS_V1_1\RUNNER_HARNESS_V1_1_RULE.md","C:\Users\13527\Desktop\123\Jxhnny_Kl33N_Seedz\HOUSE_WORK\TOOL_ROOM\RUNNER_HARNESS_V1_1\RUNNER_HARNESS_V1_1_RULE.md","Structured root ROOT_HOUSE_WORK file was missing from matching git lane.","CD5271D3F1BBF7703D7CDF35C3E0EB8D2CD552DB728F928848A4668F6C7BE916","876"
"MOVED_STRUCTURED_ROOT_FILE_TO_REPO_LANE","C:\Users\13527\Desktop\123\HOUSE_WORK\TOOL_ROOM\RUNNER_HARNESS_V1_1\RUN_REPORTS\RUNNER_HARNESS_V1_1_SELFTEST_LATEST.json","C:\Users\13527\Desktop\123\Jxhnny_Kl33N_Seedz\HOUSE_WORK\TOOL_ROOM\RUNNER_HARNESS_V1_1\RUN_REPORTS\RUNNER_HARNESS_V1_1_SELFTEST_LATEST.json","Structured root ROOT_HOUSE_WORK file was missing from matching git lane.","DCCAABFF084F2279BEAB2D9C196ADDE3840674FF33D55F2B8200FED42285BE1F","2496"
"MOVED_STRUCTURED_ROOT_FILE_TO_REPO_LANE","C:\Users\13527\Desktop\123\HOUSE_WORK\TOOL_ROOM\RUNNER_HARNESS_V1_1\RUN_REPORTS\SELFTEST_RUN_20260604_192752\RUNNER_HARNESS_V1_1_SELFTEST_SUMMARY_20260604_192752.json","C:\Users\13527\Desktop\123\Jxhnny_Kl33N_Seedz\HOUSE_WORK\TOOL_ROOM\RUNNER_HARNESS_V1_1\RUN_REPORTS\SELFTEST_RUN_20260604_192752\RUNNER_HARNESS_V1_1_SELFTEST_SUMMARY_20260604_192752.json","Structured root ROOT_HOUSE_WORK file was missing from matching git lane.","DCCAABFF084F2279BEAB2D9C196ADDE3840674FF33D55F2B8200FED42285BE1F","2496"
"MOVED_STRUCTURED_ROOT_FILE_TO_REPO_LANE","C:\Users\13527\Desktop\123\HOUSE_WORK\TOOL_ROOM\RUNNER_HARNESS_V1_1\RUN_REPORTS\SELFTEST_RUN_20260604_192752\EXPECTED_FAIL_20260604_192756\CHILD_FAILED_EXPECTED_FAIL_20260604_192756.json","C:\Users\13527\Desktop\123\Jxhnny_Kl33N_Seedz\HOUSE_WORK\TOOL_ROOM\RUNNER_HARNESS_V1_1\RUN_REPORTS\SELFTEST_RUN_20260604_192752\EXPECTED_FAIL_20260604_192756\CHILD_FAILED_EXPECTED_FAIL_20260604_192756.json","Structured root ROOT_HOUSE_WORK file was missing from matching git lane.","46758EA5DB65770755D441F55FF75C8517587A9AEAEAD1856F39E34F157C087A","221"
"MOVED_STRUCTURED_ROOT_FILE_TO_REPO_LANE","C:\Users\13527\Desktop\123\HOUSE_WORK\TOOL_ROOM\RUNNER_HARNESS_V1_1\RUN_REPORTS\SELFTEST_RUN_20260604_192752\EXPECTED_FAIL_20260604_192756\CHILD_STARTED_EXPECTED_FAIL_20260604_192756.json","C:\Users\13527\Desktop\123\Jxhnny_Kl33N_Seedz\HOUSE_WORK\TOOL_ROOM\RUNNER_HARNESS_V1_1\RUN_REPORTS\SELFTEST_RUN_20260604_192752\EXPECTED_FAIL_20260604_192756\CHILD_STARTED_EXPECTED_FAIL_20260604_192756.json","Structured root ROOT_HOUSE_WORK file was missing from matching git lane.","1430E504D8E8148B428D66B8FC010F3853FEB6BA71FCB7A9E99DA8F5AF1D28B2","212"
"MOVED_STRUCTURED_ROOT_FILE_TO_REPO_LANE","C:\Users\13527\Desktop\123\HOUSE_WORK\TOOL_ROOM\RUNNER_HARNESS_V1_1\RUN_REPORTS\SELFTEST_RUN_20260604_192752\EXPECTED_FAIL_20260604_192756\CHILD_STDERR_EXPECTED_FAIL_20260604_192756.txt","C:\Users\13527\Desktop\123\Jxhnny_Kl33N_Seedz\HOUSE_WORK\TOOL_ROOM\RUNNER_HARNESS_V1_1\RUN_REPORTS\SELFTEST_RUN_20260604_192752\EXPECTED_FAIL_20260604_192756\CHILD_STDERR_EXPECTED_FAIL_20260604_192756.txt","Structured root ROOT_HOUSE_WORK file was missing from matching git lane.","E3B0C44298FC1C149AFBF4C8996FB92427AE41E4649B934CA495991B7852B855","0"
"MOVED_STRUCTURED_ROOT_FILE_TO_REPO_LANE","C:\Users\13527\Desktop\123\HOUSE_WORK\TOOL_ROOM\RUNNER_HARNESS_V1_1\RUN_REPORTS\SELFTEST_RUN_20260604_192752\EXPECTED_FAIL_20260604_192756\CHILD_STDOUT_EXPECTED_FAIL_20260604_192756.txt","C:\Users\13527\Desktop\123\Jxhnny_Kl33N_Seedz\HOUSE_WORK\TOOL_ROOM\RUNNER_HARNESS_V1_1\RUN_REPORTS\SELFTEST_RUN_20260604_192752\EXPECTED_FAIL_20260604_192756\CHILD_STDOUT_EXPECTED_FAIL_20260604_192756.txt","Structured root ROOT_HOUSE_WORK file was missing from matching git lane.","E3B0C44298FC1C149AFBF4C8996FB92427AE41E4649B934CA495991B7852B855","0"
"MOVED_STRUCTURED_ROOT_FILE_TO_REPO_LANE","C:\Users\13527\Desktop\123\HOUSE_WORK\TOOL_ROOM\RUNNER_HARNESS_V1_1\RUN_REPORTS\SELFTEST_RUN_20260604_192752\EXPECTED_FAIL_20260604_192756\PARENT_RECEIPT_EXPECTED_FAIL_20260604_192756.json","C:\Users\13527\Desktop\123\Jxhnny_Kl33N_Seedz\HOUSE_WORK\TOOL_ROOM\RUNNER_HARNESS_V1_1\RUN_REPORTS\SELFTEST_RUN_20260604_192752\EXPECTED_FAIL_20260604_192756\PARENT_RECEIPT_EXPECTED_FAIL_20260604_192756.json","Structured root ROOT_HOUSE_WORK file was missing from matching git lane.","D431964BA22D57E79F927EF1634D4F6793B887D1DA5596ABD798C153124CE219","2554"
"MOVED_STRUCTURED_ROOT_FILE_TO_REPO_LANE","C:\Users\13527\Desktop\123\HOUSE_WORK\TOOL_ROOM\RUNNER_HARNESS_V1_1\RUN_REPORTS\SELFTEST_RUN_20260604_192752\EXPECTED_FAIL_20260604_192756\PARENT_STARTED_EXPECTED_FAIL_20260604_192756.json","C:\Users\13527\Desktop\123\Jxhnny_Kl33N_Seedz\HOUSE_WORK\TOOL_ROOM\RUNNER_HARNESS_V1_1\RUN_REPORTS\SELFTEST_RUN_20260604_192752\EXPECTED_FAIL_20260604_192756\PARENT_STARTED_EXPECTED_FAIL_20260604_192756.json","Structured root ROOT_HOUSE_WORK file was missing from matching git lane.","CC95071FF975771B64DC889E4A99E2A648228682629E57A977C2CC6317E6191B","256"
"MOVED_STRUCTURED_ROOT_FILE_TO_REPO_LANE","C:\Users\13527\Desktop\123\HOUSE_WORK\TOOL_ROOM\RUNNER_HARNESS_V1_1\RUN_REPORTS\SELFTEST_RUN_20260604_192752\EXPECTED_HUNG_20260604_192756\CHILD_STARTED_EXPECTED_HUNG_20260604_192756.json","C:\Users\13527\Desktop\123\Jxhnny_Kl33N_Seedz\HOUSE_WORK\TOOL_ROOM\RUNNER_HARNESS_V1_1\RUN_REPORTS\SELFTEST_RUN_20260604_192752\EXPECTED_HUNG_20260604_192756\CHILD_STARTED_EXPECTED_HUNG_20260604_192756.json","Structured root ROOT_HOUSE_WORK file was missing from matching git lane.","C51772562ED2F0EBC8D85C84286D6FBD0AF80F537EE4EC995D2B183A7D55FC25","212"
"MOVED_STRUCTURED_ROOT_FILE_TO_REPO_LANE","C:\Users\13527\Desktop\123\HOUSE_WORK\TOOL_ROOM\RUNNER_HARNESS_V1_1\RUN_REPORTS\SELFTEST_RUN_20260604_192752\EXPECTED_HUNG_20260604_192756\CHILD_STDERR_EXPECTED_HUNG_20260604_192756.txt","C:\Users\13527\Desktop\123\Jxhnny_Kl33N_Seedz\HOUSE_WORK\TOOL_ROOM\RUNNER_HARNESS_V1_1\RUN_REPORTS\SELFTEST_RUN_20260604_192752\EXPECTED_HUNG_20260604_192756\CHILD_STDERR_EXPECTED_HUNG_20260604_192756.txt","Structured root ROOT_HOUSE_WORK file was missing from matching git lane.","E3B0C44298FC1C149AFBF4C8996FB92427AE41E4649B934CA495991B7852B855","0"
"MOVED_STRUCTURED_ROOT_FILE_TO_REPO_LANE","C:\Users\13527\Desktop\123\HOUSE_WORK\TOOL_ROOM\RUNNER_HARNESS_V1_1\RUN_REPORTS\SELFTEST_RUN_20260604_192752\EXPECTED_HUNG_20260604_192756\CHILD_STDOUT_EXPECTED_HUNG_20260604_192756.txt","C:\Users\13527\Desktop\123\Jxhnny_Kl33N_Seedz\HOUSE_WORK\TOOL_ROOM\RUNNER_HARNESS_V1_1\RUN_REPORTS\SELFTEST_RUN_20260604_192752\EXPECTED_HUNG_20260604_192756\CHILD_STDOUT_EXPECTED_HUNG_20260604_192756.txt","Structured root ROOT_HOUSE_WORK file was missing from matching git lane.","E3B0C44298FC1C149AFBF4C8996FB92427AE41E4649B934CA495991B7852B855","0"
"MOVED_STRUCTURED_ROOT_FILE_TO_REPO_LANE","C:\Users\13527\Desktop\123\HOUSE_WORK\TOOL_ROOM\RUNNER_HARNESS_V1_1\RUN_REPORTS\SELFTEST_RUN_20260604_192752\EXPECTED_HUNG_20260604_192756\PARENT_RECEIPT_EXPECTED_HUNG_20260604_192756.json","C:\Users\13527\Desktop\123\Jxhnny_Kl33N_Seedz\HOUSE_WORK\TOOL_ROOM\RUNNER_HARNESS_V1_1\RUN_REPORTS\SELFTEST_RUN_20260604_192752\EXPECTED_HUNG_20260604_192756\PARENT_RECEIPT_EXPECTED_HUNG_20260604_192756.json","Structured root ROOT_HOUSE_WORK file was missing from matching git lane.","9CB1E0175A25F205F24E945009D7B2E3DF04CA4FF3C1D7251264C7C938B5678A","2487"
"MOVED_STRUCTURED_ROOT_FILE_TO_REPO_LANE","C:\Users\13527\Desktop\123\HOUSE_WORK\TOOL_ROOM\RUNNER_HARNESS_V1_1\RUN_REPORTS\SELFTEST_RUN_20260604_192752\EXPECTED_HUNG_20260604_192756\PARENT_STARTED_EXPECTED_HUNG_20260604_192756.json","C:\Users\13527\Desktop\123\Jxhnny_Kl33N_Seedz\HOUSE_WORK\TOOL_ROOM\RUNNER_HARNESS_V1_1\RUN_REPORTS\SELFTEST_RUN_20260604_192752\EXPECTED_HUNG_20260604_192756\PARENT_STARTED_EXPECTED_HUNG_20260604_192756.json","Structured root ROOT_HOUSE_WORK file was missing from matching git lane.","84E29BA768E67528C0F78B20A5D162332D98C7DBBD8907DB67222B5A18007340","256"
"MOVED_STRUCTURED_ROOT_FILE_TO_REPO_LANE","C:\Users\13527\Desktop\123\HOUSE_WORK\TOOL_ROOM\RUNNER_HARNESS_V1_1\RUN_REPORTS\SELFTEST_RUN_20260604_192752\PASS_DELAYED_20260604_192752\CHILD_COMPLETE_PASS_DELAYED_20260604_192752.json","C:\Users\13527\Desktop\123\Jxhnny_Kl33N_Seedz\HOUSE_WORK\TOOL_ROOM\RUNNER_HARNESS_V1_1\RUN_REPORTS\SELFTEST_RUN_20260604_192752\PASS_DELAYED_20260604_192752\CHILD_COMPLETE_PASS_DELAYED_20260604_192752.json","Structured root ROOT_HOUSE_WORK file was missing from matching git lane.","39E259E22C847BA177E4B9CC4A17C37FE22ABB29776283A141987296E5B7B42D","270"
"MOVED_STRUCTURED_ROOT_FILE_TO_REPO_LANE","C:\Users\13527\Desktop\123\HOUSE_WORK\TOOL_ROOM\RUNNER_HARNESS_V1_1\RUN_REPORTS\SELFTEST_RUN_20260604_192752\PASS_DELAYED_20260604_192752\CHILD_STARTED_PASS_DELAYED_20260604_192752.json","C:\Users\13527\Desktop\123\Jxhnny_Kl33N_Seedz\HOUSE_WORK\TOOL_ROOM\RUNNER_HARNESS_V1_1\RUN_REPORTS\SELFTEST_RUN_20260604_192752\PASS_DELAYED_20260604_192752\CHILD_STARTED_PASS_DELAYED_20260604_192752.json","Structured root ROOT_HOUSE_WORK file was missing from matching git lane.","2553A34AF3FDC94652FBB35597B6C7A890649344F7ABB301BE8BA8BFBAE2A156","209"
"MOVED_STRUCTURED_ROOT_FILE_TO_REPO_LANE","C:\Users\13527\Desktop\123\HOUSE_WORK\TOOL_ROOM\RUNNER_HARNESS_V1_1\RUN_REPORTS\SELFTEST_RUN_20260604_192752\PASS_DELAYED_20260604_192752\CHILD_STDERR_PASS_DELAYED_20260604_192752.txt","C:\Users\13527\Desktop\123\Jxhnny_Kl33N_Seedz\HOUSE_WORK\TOOL_ROOM\RUNNER_HARNESS_V1_1\RUN_REPORTS\SELFTEST_RUN_20260604_192752\PASS_DELAYED_20260604_192752\CHILD_STDERR_PASS_DELAYED_20260604_192752.txt","Structured root ROOT_HOUSE_WORK file was missing from matching git lane.","E3B0C44298FC1C149AFBF4C8996FB92427AE41E4649B934CA495991B7852B855","0"
"MOVED_STRUCTURED_ROOT_FILE_TO_REPO_LANE","C:\Users\13527\Desktop\123\HOUSE_WORK\TOOL_ROOM\RUNNER_HARNESS_V1_1\RUN_REPORTS\SELFTEST_RUN_20260604_192752\PASS_DELAYED_20260604_192752\CHILD_STDOUT_PASS_DELAYED_20260604_192752.txt","C:\Users\13527\Desktop\123\Jxhnny_Kl33N_Seedz\HOUSE_WORK\TOOL_ROOM\RUNNER_HARNESS_V1_1\RUN_REPORTS\SELFTEST_RUN_20260604_192752\PASS_DELAYED_20260604_192752\CHILD_STDOUT_PASS_DELAYED_20260604_192752.txt","Structured root ROOT_HOUSE_WORK file was missing from matching git lane.","E3B0C44298FC1C149AFBF4C8996FB92427AE41E4649B934CA495991B7852B855","0"
"MOVED_STRUCTURED_ROOT_FILE_TO_REPO_LANE","C:\Users\13527\Desktop\123\HOUSE_WORK\TOOL_ROOM\RUNNER_HARNESS_V1_1\RUN_REPORTS\SELFTEST_RUN_20260604_192752\PASS_DELAYED_20260604_192752\PARENT_RECEIPT_PASS_DELAYED_20260604_192752.json","C:\Users\13527\Desktop\123\Jxhnny_Kl33N_Seedz\HOUSE_WORK\TOOL_ROOM\RUNNER_HARNESS_V1_1\RUN_REPORTS\SELFTEST_RUN_20260604_192752\PASS_DELAYED_20260604_192752\PARENT_RECEIPT_PASS_DELAYED_20260604_192752.json","Structured root ROOT_HOUSE_WORK file was missing from matching git lane.","E2D7EE06D352EA595FEA7FD8B751FBFB2BF94E7EA6EB443B7AA2E267DDB3979C","2529"
"MOVED_STRUCTURED_ROOT_FILE_TO_REPO_LANE","C:\Users\13527\Desktop\123\HOUSE_WORK\TOOL_ROOM\RUNNER_HARNESS_V1_1\RUN_REPORTS\SELFTEST_RUN_20260604_192752\PASS_DELAYED_20260604_192752\PARENT_STARTED_PASS_DELAYED_20260604_192752.json","C:\Users\13527\Desktop\123\Jxhnny_Kl33N_Seedz\HOUSE_WORK\TOOL_ROOM\RUNNER_HARNESS_V1_1\RUN_REPORTS\SELFTEST_RUN_20260604_192752\PASS_DELAYED_20260604_192752\PARENT_STARTED_PASS_DELAYED_20260604_192752.json","Structured root ROOT_HOUSE_WORK file was missing from matching git lane.","CB70B3FC98B697F953F977C7C9B090DB9BA5F33F07918E6413FFBE935084D808","254"
"MOVED_STRUCTURED_ROOT_FILE_TO_REPO_LANE","C:\Users\13527\Desktop\123\HOUSE_WORK\TOOL_ROOM\RUNNER_HARNESS_V1_1\SELFTEST\SELFTEST_FAIL_JOB.ps1","C:\Users\13527\Desktop\123\Jxhnny_Kl33N_Seedz\HOUSE_WORK\TOOL_ROOM\RUNNER_HARNESS_V1_1\SELFTEST\SELFTEST_FAIL_JOB.ps1","Structured root ROOT_HOUSE_WORK file was missing from matching git lane.","D438675A98FA5E1D55368BDC40A27BA228D2F3E319EA1CDFB37E7226817F5485","749"
"MOVED_STRUCTURED_ROOT_FILE_TO_REPO_LANE","C:\Users\13527\Desktop\123\HOUSE_WORK\TOOL_ROOM\RUNNER_HARNESS_V1_1\SELFTEST\SELFTEST_HUNG_JOB.ps1","C:\Users\13527\Desktop\123\Jxhnny_Kl33N_Seedz\HOUSE_WORK\TOOL_ROOM\RUNNER_HARNESS_V1_1\SELFTEST\SELFTEST_HUNG_JOB.ps1","Structured root ROOT_HOUSE_WORK file was missing from matching git lane.","4B482918ED4671CD167F494458D6966A7466A9F0C016EF52413E0BD79372A8E4","450"
"MOVED_STRUCTURED_ROOT_FILE_TO_REPO_LANE","C:\Users\13527\Desktop\123\HOUSE_WORK\TOOL_ROOM\RUNNER_HARNESS_V1_1\SELFTEST\SELFTEST_PASS_DELAYED_JOB.ps1","C:\Users\13527\Desktop\123\Jxhnny_Kl33N_Seedz\HOUSE_WORK\TOOL_ROOM\RUNNER_HARNESS_V1_1\SELFTEST\SELFTEST_PASS_DELAYED_JOB.ps1","Structured root ROOT_HOUSE_WORK file was missing from matching git lane.","1B2A09D5433060224352DC3F6A0343FEFDF14F0DA4EFF0A109CC249EBD0AE512","829"
"REMOVED_EMPTY_ROOT_FOLDER","C:\Users\13527\Desktop\123\HOUSE_WORK\TOOL_ROOM\RUNNER_HARNESS_V1_1\SELFTEST","","Empty after verified routing.","","0"
"REMOVED_EMPTY_ROOT_FOLDER","C:\Users\13527\Desktop\123\HOUSE_WORK\TOOL_ROOM\RUNNER_HARNESS_V1_1\RUN_REPORTS\SELFTEST_RUN_20260604_192752\PASS_DELAYED_20260604_192752","","Empty after verified routing.","","0"
"REMOVED_EMPTY_ROOT_FOLDER","C:\Users\13527\Desktop\123\HOUSE_WORK\TOOL_ROOM\RUNNER_HARNESS_V1_1\RUN_REPORTS\SELFTEST_RUN_20260604_192752\EXPECTED_HUNG_20260604_192756","","Empty after verified routing.","","0"
"REMOVED_EMPTY_ROOT_FOLDER","C:\Users\13527\Desktop\123\HOUSE_WORK\TOOL_ROOM\RUNNER_HARNESS_V1_1\RUN_REPORTS\SELFTEST_RUN_20260604_192752\EXPECTED_FAIL_20260604_192756","","Empty after verified routing.","","0"
"REMOVED_EMPTY_ROOT_FOLDER","C:\Users\13527\Desktop\123\HOUSE_WORK\TOOL_ROOM\RUNNER_HARNESS_V1_1\RUN_REPORTS\SELFTEST_RUN_20260604_192752","","Empty after verified routing.","","0"
"REMOVED_EMPTY_ROOT_FOLDER","C:\Users\13527\Desktop\123\HOUSE_WORK\TOOL_ROOM\RUNNER_HARNESS_V1_1\RUN_REPORTS","","Empty after verified routing.","","0"
"REMOVED_EMPTY_ROOT_FOLDER","C:\Users\13527\Desktop\123\HOUSE_WORK\TOOL_ROOM\RUNNER_HARNESS_V1_1","","Empty after verified routing.","","0"
"REMOVED_EMPTY_ROOT_FOLDER","C:\Users\13527\Desktop\123\HOUSE_WORK\TOOL_ROOM","","Empty after verified routing.","","0"
"REMOVED_EMPTY_ROOT_FOLDER","C:\Users\13527\Desktop\123\HOUSE_WORK\PROJECT_COMMAND_CENTER_UI_LANE\SAVE_AND_COMMIT_GATE\WRITER_RECEIPTS\WRITE_COMMAND_CENTER_UI_LANE_SAVE_AND_COMMIT_GATE_V1_4_20260606_181338","","Empty after verified routing.","","0"
"REMOVED_EMPTY_ROOT_FOLDER","C:\Users\13527\Desktop\123\HOUSE_WORK\PROJECT_COMMAND_CENTER_UI_LANE\SAVE_AND_COMMIT_GATE\WRITER_RECEIPTS\WRITE_COMMAND_CENTER_UI_LANE_SAVE_AND_COMMIT_GATE_V1_3_20260606_174019","","Empty after verified routing.","","0"
"REMOVED_EMPTY_ROOT_FOLDER","C:\Users\13527\Desktop\123\HOUSE_WORK\PROJECT_COMMAND_CENTER_UI_LANE\SAVE_AND_COMMIT_GATE\WRITER_RECEIPTS\WRITE_COMMAND_CENTER_UI_LANE_SAVE_AND_COMMIT_GATE_V1_20260606_171004","","Empty after verified routing.","","0"
"REMOVED_EMPTY_ROOT_FOLDER","C:\Users\13527\Desktop\123\HOUSE_WORK\PROJECT_COMMAND_CENTER_UI_LANE\SAVE_AND_COMMIT_GATE\WRITER_RECEIPTS\WRITE_COMMAND_CENTER_UI_LANE_SAVE_AND_COMMIT_GATE_V1_2_20260606_173632","","Empty after verified routing.","","0"
"REMOVED_EMPTY_ROOT_FOLDER","C:\Users\13527\Desktop\123\HOUSE_WORK\PROJECT_COMMAND_CENTER_UI_LANE\SAVE_AND_COMMIT_GATE\WRITER_RECEIPTS\WRITE_COMMAND_CENTER_UI_LANE_SAVE_AND_COMMIT_GATE_V1_1_20260606_172111","","Empty after verified routing.","","0"
"REMOVED_EMPTY_ROOT_FOLDER","C:\Users\13527\Desktop\123\HOUSE_WORK\PROJECT_COMMAND_CENTER_UI_LANE\SAVE_AND_COMMIT_GATE\WRITER_RECEIPTS","","Empty after verified routing.","","0"
"REMOVED_EMPTY_ROOT_FOLDER","C:\Users\13527\Desktop\123\HOUSE_WORK\PROJECT_COMMAND_CENTER_UI_LANE\SAVE_AND_COMMIT_GATE\COMMAND_CENTER_UI_LANE_SAVE_AND_COMMIT_GATE_V1_4_20260606_182415","","Empty after verified routing.","","0"
"REMOVED_EMPTY_ROOT_FOLDER","C:\Users\13527\Desktop\123\HOUSE_WORK\PROJECT_COMMAND_CENTER_UI_LANE\SAVE_AND_COMMIT_GATE\COMMAND_CENTER_UI_LANE_SAVE_AND_COMMIT_GATE_V1_4_20260606_181338","","Empty after verified routing.","","0"
"REMOVED_EMPTY_ROOT_FOLDER","C:\Users\13527\Desktop\123\HOUSE_WORK\PROJECT_COMMAND_CENTER_UI_LANE\SAVE_AND_COMMIT_GATE\COMMAND_CENTER_UI_LANE_SAVE_AND_COMMIT_GATE_V1_3_20260606_174049","","Empty after verified routing.","","0"
"REMOVED_EMPTY_ROOT_FOLDER","C:\Users\13527\Desktop\123\HOUSE_WORK\PROJECT_COMMAND_CENTER_UI_LANE\SAVE_AND_COMMIT_GATE\COMMAND_CENTER_UI_LANE_SAVE_AND_COMMIT_GATE_V1_3_20260606_174019","","Empty after verified routing.","","0"
"REMOVED_EMPTY_ROOT_FOLDER","C:\Users\13527\Desktop\123\HOUSE_WORK\PROJECT_COMMAND_CENTER_UI_LANE\SAVE_AND_COMMIT_GATE\COMMAND_CENTER_UI_LANE_SAVE_AND_COMMIT_GATE_V1_20260606_171004","","Empty after verified routing.","","0"
"REMOVED_EMPTY_ROOT_FOLDER","C:\Users\13527\Desktop\123\HOUSE_WORK\PROJECT_COMMAND_CENTER_UI_LANE\SAVE_AND_COMMIT_GATE\COMMAND_CENTER_UI_LANE_SAVE_AND_COMMIT_GATE_V1_2_20260606_173702","","Empty after verified routing.","","0"
"REMOVED_EMPTY_ROOT_FOLDER","C:\Users\13527\Desktop\123\HOUSE_WORK\PROJECT_COMMAND_CENTER_UI_LANE\SAVE_AND_COMMIT_GATE\COMMAND_CENTER_UI_LANE_SAVE_AND_COMMIT_GATE_V1_2_20260606_173632","","Empty after verified routing.","","0"
"REMOVED_EMPTY_ROOT_FOLDER","C:\Users\13527\Desktop\123\HOUSE_WORK\PROJECT_COMMAND_CENTER_UI_LANE\SAVE_AND_COMMIT_GATE\COMMAND_CENTER_UI_LANE_SAVE_AND_COMMIT_GATE_V1_1_20260606_172140","","Empty after verified routing.","","0"
"REMOVED_EMPTY_ROOT_FOLDER","C:\Users\13527\Desktop\123\HOUSE_WORK\PROJECT_COMMAND_CENTER_UI_LANE\SAVE_AND_COMMIT_GATE\COMMAND_CENTER_UI_LANE_SAVE_AND_COMMIT_GATE_V1_1_20260606_172111","","Empty after verified routing.","","0"
"REMOVED_EMPTY_ROOT_FOLDER","C:\Users\13527\Desktop\123\HOUSE_WORK\PROJECT_COMMAND_CENTER_UI_LANE\SAVE_AND_COMMIT_GATE","","Empty after verified routing.","","0"
"REMOVED_EMPTY_ROOT_FOLDER","C:\Users\13527\Desktop\123\HOUSE_WORK\PROJECT_COMMAND_CENTER_UI_LANE\REVIEW_ENTRY\COMMAND_CENTER_UI_LANE_REVIEW_ENTRY_V1_20260606_153627","","Empty after verified routing.","","0"
"REMOVED_EMPTY_ROOT_FOLDER","C:\Users\13527\Desktop\123\HOUSE_WORK\PROJECT_COMMAND_CENTER_UI_LANE\REVIEW_ENTRY","","Empty after verified routing.","","0"
"REMOVED_EMPTY_ROOT_FOLDER","C:\Users\13527\Desktop\123\HOUSE_WORK\PROJECT_COMMAND_CENTER_UI_LANE\REVIEW_DECISION_GATE\WRITER_RECEIPTS\WRITE_COMMAND_CENTER_UI_LANE_REVIEW_DECISION_GATE_V1_2_20260606_160657","","Empty after verified routing.","","0"
"REMOVED_EMPTY_ROOT_FOLDER","C:\Users\13527\Desktop\123\HOUSE_WORK\PROJECT_COMMAND_CENTER_UI_LANE\REVIEW_DECISION_GATE\WRITER_RECEIPTS\WRITE_COMMAND_CENTER_UI_LANE_REVIEW_DECISION_GATE_V1_1_20260606_160430","","Empty after verified routing.","","0"
"REMOVED_EMPTY_ROOT_FOLDER","C:\Users\13527\Desktop\123\HOUSE_WORK\PROJECT_COMMAND_CENTER_UI_LANE\REVIEW_DECISION_GATE\WRITER_RECEIPTS","","Empty after verified routing.","","0"
"REMOVED_EMPTY_ROOT_FOLDER","C:\Users\13527\Desktop\123\HOUSE_WORK\PROJECT_COMMAND_CENTER_UI_LANE\REVIEW_DECISION_GATE\RUN_SEQUENCES\COMMAND_CENTER_UI_LANE_DECISION_GATE_REPAIR_RUN_SEQUENCE_20260606_20260606_160932","","Empty after verified routing.","","0"
"REMOVED_EMPTY_ROOT_FOLDER","C:\Users\13527\Desktop\123\HOUSE_WORK\PROJECT_COMMAND_CENTER_UI_LANE\REVIEW_DECISION_GATE\RUN_SEQUENCES","","Empty after verified routing.","","0"
"REMOVED_EMPTY_ROOT_FOLDER","C:\Users\13527\Desktop\123\HOUSE_WORK\PROJECT_COMMAND_CENTER_UI_LANE\REVIEW_DECISION_GATE\COMMAND_CENTER_UI_LANE_REVIEW_DECISION_GATE_V1_20260606_160225","","Empty after verified routing.","","0"
"REMOVED_EMPTY_ROOT_FOLDER","C:\Users\13527\Desktop\123\HOUSE_WORK\PROJECT_COMMAND_CENTER_UI_LANE\REVIEW_DECISION_GATE\COMMAND_CENTER_UI_LANE_REVIEW_DECISION_GATE_V1_2_20260606_160658","","Empty after verified routing.","","0"
"REMOVED_EMPTY_ROOT_FOLDER","C:\Users\13527\Desktop\123\HOUSE_WORK\PROJECT_COMMAND_CENTER_UI_LANE\REVIEW_DECISION_GATE","","Empty after verified routing.","","0"
"REMOVED_EMPTY_ROOT_FOLDER","C:\Users\13527\Desktop\123\HOUSE_WORK\PROJECT_COMMAND_CENTER_UI_LANE\REPO_SYNC_PRE_COMMIT_GATE\WRITER_RECEIPTS\WRITE_COMMAND_CENTER_UI_LANE_REPO_SYNC_PRE_COMMIT_GATE_V1_20260606_171517","","Empty after verified routing.","","0"
"REMOVED_EMPTY_ROOT_FOLDER","C:\Users\13527\Desktop\123\HOUSE_WORK\PROJECT_COMMAND_CENTER_UI_LANE\REPO_SYNC_PRE_COMMIT_GATE\WRITER_RECEIPTS","","Empty after verified routing.","","0"
"REMOVED_EMPTY_ROOT_FOLDER","C:\Users\13527\Desktop\123\HOUSE_WORK\PROJECT_COMMAND_CENTER_UI_LANE\REPO_SYNC_PRE_COMMIT_GATE\COMMAND_CENTER_UI_LANE_REPO_SYNC_PRE_COMMIT_GATE_V1_20260606_171817","","Empty after verified routing.","","0"
"REMOVED_EMPTY_ROOT_FOLDER","C:\Users\13527\Desktop\123\HOUSE_WORK\PROJECT_COMMAND_CENTER_UI_LANE\REPO_SYNC_PRE_COMMIT_GATE\COMMAND_CENTER_UI_LANE_REPO_SYNC_PRE_COMMIT_GATE_V1_20260606_171517","","Empty after verified routing.","","0"
"REMOVED_EMPTY_ROOT_FOLDER","C:\Users\13527\Desktop\123\HOUSE_WORK\PROJECT_COMMAND_CENTER_UI_LANE\REPO_SYNC_PRE_COMMIT_GATE","","Empty after verified routing.","","0"
"REMOVED_EMPTY_ROOT_FOLDER","C:\Users\13527\Desktop\123\HOUSE_WORK\PROJECT_COMMAND_CENTER_UI_LANE\POST_INSTALL_VERIFY_AND_CLOSEOUT_GATE\WRITER_RECEIPTS\WRITE_COMMAND_CENTER_UI_LANE_POST_INSTALL_VERIFY_AND_CLOSEOUT_GATE_V1_20260606_165024","","Empty after verified routing.","","0"
"REMOVED_EMPTY_ROOT_FOLDER","C:\Users\13527\Desktop\123\HOUSE_WORK\PROJECT_COMMAND_CENTER_UI_LANE\POST_INSTALL_VERIFY_AND_CLOSEOUT_GATE\WRITER_RECEIPTS","","Empty after verified routing.","","0"
"REMOVED_EMPTY_ROOT_FOLDER","C:\Users\13527\Desktop\123\HOUSE_WORK\PROJECT_COMMAND_CENTER_UI_LANE\POST_INSTALL_VERIFY_AND_CLOSEOUT_GATE\COMMAND_CENTER_UI_LANE_POST_INSTALL_VERIFY_AND_CLOSEOUT_GATE_V1_20260606_165024","","Empty after verified routing.","","0"
"REMOVED_EMPTY_ROOT_FOLDER","C:\Users\13527\Desktop\123\HOUSE_WORK\PROJECT_COMMAND_CENTER_UI_LANE\POST_INSTALL_VERIFY_AND_CLOSEOUT_GATE","","Empty after verified routing.","","0"
"REMOVED_EMPTY_ROOT_FOLDER","C:\Users\13527\Desktop\123\HOUSE_WORK\PROJECT_COMMAND_CENTER_UI_LANE\LOOSE_FILE_CLEANUP_20260606_185015","","Empty after verified routing.","","0"
"REMOVED_EMPTY_ROOT_FOLDER","C:\Users\13527\Desktop\123\HOUSE_WORK\PROJECT_COMMAND_CENTER_UI_LANE\LOOSE_FILE_CLEANUP_20260606_184940","","Empty after verified routing.","","0"
"REMOVED_EMPTY_ROOT_FOLDER","C:\Users\13527\Desktop\123\HOUSE_WORK\PROJECT_COMMAND_CENTER_UI_LANE\LIVE_INSTALL_RUN_AUTHORIZATION_GATE\WRITER_RECEIPTS\WRITE_COMMAND_CENTER_UI_LANE_LIVE_INSTALL_RUN_AUTHORIZATION_GATE_V1_20260606_164029","","Empty after verified routing.","","0"
"REMOVED_EMPTY_ROOT_FOLDER","C:\Users\13527\Desktop\123\HOUSE_WORK\PROJECT_COMMAND_CENTER_UI_LANE\LIVE_INSTALL_RUN_AUTHORIZATION_GATE\WRITER_RECEIPTS","","Empty after verified routing.","","0"
"REMOVED_EMPTY_ROOT_FOLDER","C:\Users\13527\Desktop\123\HOUSE_WORK\PROJECT_COMMAND_CENTER_UI_LANE\LIVE_INSTALL_RUN_AUTHORIZATION_GATE\COMMAND_CENTER_UI_LANE_LIVE_INSTALL_RUN_AUTHORIZATION_GATE_V1_20260606_164212","","Empty after verified routing.","","0"
"REMOVED_EMPTY_ROOT_FOLDER","C:\Users\13527\Desktop\123\HOUSE_WORK\PROJECT_COMMAND_CENTER_UI_LANE\LIVE_INSTALL_RUN_AUTHORIZATION_GATE\COMMAND_CENTER_UI_LANE_LIVE_INSTALL_RUN_AUTHORIZATION_GATE_V1_20260606_164029","","Empty after verified routing.","","0"
"REMOVED_EMPTY_ROOT_FOLDER","C:\Users\13527\Desktop\123\HOUSE_WORK\PROJECT_COMMAND_CENTER_UI_LANE\LIVE_INSTALL_RUN_AUTHORIZATION_GATE","","Empty after verified routing.","","0"
"REMOVED_EMPTY_ROOT_FOLDER","C:\Users\13527\Desktop\123\HOUSE_WORK\PROJECT_COMMAND_CENTER_UI_LANE\LIVE_INSTALL_PREP_GATE\COMMAND_CENTER_UI_LANE_LIVE_INSTALL_PREP_GATE_V1_20260606_161719","","Empty after verified routing.","","0"
"REMOVED_EMPTY_ROOT_FOLDER","C:\Users\13527\Desktop\123\HOUSE_WORK\PROJECT_COMMAND_CENTER_UI_LANE\LIVE_INSTALL_PREP_GATE","","Empty after verified routing.","","0"
"REMOVED_EMPTY_ROOT_FOLDER","C:\Users\13527\Desktop\123\HOUSE_WORK\PROJECT_COMMAND_CENTER_UI_LANE\LIVE_INSTALL_HUMAN_AUTHORIZATION_GATE\WRITER_RECEIPTS\WRITE_COMMAND_CENTER_UI_LANE_LIVE_INSTALL_HUMAN_AUTHORIZATION_GATE_V1_20260606_162040","","Empty after verified routing.","","0"
"REMOVED_EMPTY_ROOT_FOLDER","C:\Users\13527\Desktop\123\HOUSE_WORK\PROJECT_COMMAND_CENTER_UI_LANE\LIVE_INSTALL_HUMAN_AUTHORIZATION_GATE\WRITER_RECEIPTS","","Empty after verified routing.","","0"
"REMOVED_EMPTY_ROOT_FOLDER","C:\Users\13527\Desktop\123\HOUSE_WORK\PROJECT_COMMAND_CENTER_UI_LANE\LIVE_INSTALL_HUMAN_AUTHORIZATION_GATE\COMMAND_CENTER_UI_LANE_LIVE_INSTALL_HUMAN_AUTHORIZATION_GATE_V1_20260606_162115","","Empty after verified routing.","","0"
"REMOVED_EMPTY_ROOT_FOLDER","C:\Users\13527\Desktop\123\HOUSE_WORK\PROJECT_COMMAND_CENTER_UI_LANE\LIVE_INSTALL_HUMAN_AUTHORIZATION_GATE\COMMAND_CENTER_UI_LANE_LIVE_INSTALL_HUMAN_AUTHORIZATION_GATE_V1_20260606_162040","","Empty after verified routing.","","0"
"REMOVED_EMPTY_ROOT_FOLDER","C:\Users\13527\Desktop\123\HOUSE_WORK\PROJECT_COMMAND_CENTER_UI_LANE\LIVE_INSTALL_HUMAN_AUTHORIZATION_GATE","","Empty after verified routing.","","0"
"REMOVED_EMPTY_ROOT_FOLDER","C:\Users\13527\Desktop\123\HOUSE_WORK\PROJECT_COMMAND_CENTER_UI_LANE\LIVE_INSTALL_FINAL_EXECUTION_AUTHORIZATION_GATE\WRITER_RECEIPTS\WRITE_COMMAND_CENTER_UI_LANE_LIVE_INSTALL_FINAL_EXECUTION_AUTHORIZATION_GATE_V1_20260606_162538","","Empty after verified routing.","","0"
"REMOVED_EMPTY_ROOT_FOLDER","C:\Users\13527\Desktop\123\HOUSE_WORK\PROJECT_COMMAND_CENTER_UI_LANE\LIVE_INSTALL_FINAL_EXECUTION_AUTHORIZATION_GATE\WRITER_RECEIPTS","","Empty after verified routing.","","0"
"REMOVED_EMPTY_ROOT_FOLDER","C:\Users\13527\Desktop\123\HOUSE_WORK\PROJECT_COMMAND_CENTER_UI_LANE\LIVE_INSTALL_FINAL_EXECUTION_AUTHORIZATION_GATE\COMMAND_CENTER_UI_LANE_LIVE_INSTALL_FINAL_EXECUTION_AUTHORIZATION_GATE_V1_20260606_162609","","Empty after verified routing.","","0"
"REMOVED_EMPTY_ROOT_FOLDER","C:\Users\13527\Desktop\123\HOUSE_WORK\PROJECT_COMMAND_CENTER_UI_LANE\LIVE_INSTALL_FINAL_EXECUTION_AUTHORIZATION_GATE\COMMAND_CENTER_UI_LANE_LIVE_INSTALL_FINAL_EXECUTION_AUTHORIZATION_GATE_V1_20260606_162538","","Empty after verified routing.","","0"
"REMOVED_EMPTY_ROOT_FOLDER","C:\Users\13527\Desktop\123\HOUSE_WORK\PROJECT_COMMAND_CENTER_UI_LANE\LIVE_INSTALL_FINAL_EXECUTION_AUTHORIZATION_GATE","","Empty after verified routing.","","0"
"REMOVED_EMPTY_ROOT_FOLDER","C:\Users\13527\Desktop\123\HOUSE_WORK\PROJECT_COMMAND_CENTER_UI_LANE\LIVE_INSTALL_EXECUTION\COMMAND_CENTER_UI_LANE_LIVE_INSTALL_EXECUTION_V1_20260606_164411","","Empty after verified routing.","","0"
"REMOVED_EMPTY_ROOT_FOLDER","C:\Users\13527\Desktop\123\HOUSE_WORK\PROJECT_COMMAND_CENTER_UI_LANE\LIVE_INSTALL_EXECUTION_SCRIPT_BUILD_GATE\WRITER_RECEIPTS\WRITE_COMMAND_CENTER_UI_LANE_LIVE_INSTALL_EXECUTION_SCRIPT_BUILD_GATE_V1_1_20260606_163016","","Empty after verified routing.","","0"
"REMOVED_EMPTY_ROOT_FOLDER","C:\Users\13527\Desktop\123\HOUSE_WORK\PROJECT_COMMAND_CENTER_UI_LANE\LIVE_INSTALL_EXECUTION_SCRIPT_BUILD_GATE\WRITER_RECEIPTS","","Empty after verified routing.","","0"
"REMOVED_EMPTY_ROOT_FOLDER","C:\Users\13527\Desktop\123\HOUSE_WORK\PROJECT_COMMAND_CENTER_UI_LANE\LIVE_INSTALL_EXECUTION_SCRIPT_BUILD_GATE\COMMAND_CENTER_UI_LANE_LIVE_INSTALL_EXECUTION_SCRIPT_BUILD_GATE_V1_20260606_163016","","Empty after verified routing.","","0"
"REMOVED_EMPTY_ROOT_FOLDER","C:\Users\13527\Desktop\123\HOUSE_WORK\PROJECT_COMMAND_CENTER_UI_LANE\LIVE_INSTALL_EXECUTION_SCRIPT_BUILD_GATE","","Empty after verified routing.","","0"
"REMOVED_EMPTY_ROOT_FOLDER","C:\Users\13527\Desktop\123\HOUSE_WORK\PROJECT_COMMAND_CENTER_UI_LANE\LIVE_INSTALL_EXECUTION_PLAN_GATE\WRITER_RECEIPTS\WRITE_COMMAND_CENTER_UI_LANE_LIVE_INSTALL_EXECUTION_PLAN_GATE_V1_20260606_162345","","Empty after verified routing.","","0"
"REMOVED_EMPTY_ROOT_FOLDER","C:\Users\13527\Desktop\123\HOUSE_WORK\PROJECT_COMMAND_CENTER_UI_LANE\LIVE_INSTALL_EXECUTION_PLAN_GATE\WRITER_RECEIPTS","","Empty after verified routing.","","0"
"REMOVED_EMPTY_ROOT_FOLDER","C:\Users\13527\Desktop\123\HOUSE_WORK\PROJECT_COMMAND_CENTER_UI_LANE\LIVE_INSTALL_EXECUTION_PLAN_GATE\COMMAND_CENTER_UI_LANE_LIVE_INSTALL_EXECUTION_PLAN_GATE_V1_20260606_162345","","Empty after verified routing.","","0"
"REMOVED_EMPTY_ROOT_FOLDER","C:\Users\13527\Desktop\123\HOUSE_WORK\PROJECT_COMMAND_CENTER_UI_LANE\LIVE_INSTALL_EXECUTION_PLAN_GATE","","Empty after verified routing.","","0"
"REMOVED_EMPTY_ROOT_FOLDER","C:\Users\13527\Desktop\123\HOUSE_WORK\PROJECT_COMMAND_CENTER_UI_LANE\LIVE_INSTALL_EXECUTION","","Empty after verified routing.","","0"
"REMOVED_EMPTY_ROOT_FOLDER","C:\Users\13527\Desktop\123\HOUSE_WORK\PROJECT_COMMAND_CENTER_UI_LANE\LANE_PLACEMENT_GIT_UPLOAD_AUDIT_20260607","","Empty after verified routing.","","0"
"REMOVED_EMPTY_ROOT_FOLDER","C:\Users\13527\Desktop\123\HOUSE_WORK\PROJECT_COMMAND_CENTER_UI_LANE\HELPER_FILE_SURFACE_PREFLIGHT_20260606\ROUTE_74_REVIEWED_DELTA_RESIDUE_CUSTODY_20260609\CANDIDATE_TEMPLATE_RULE_SUPPORT_REVIEW","","Empty after verified routing.","","0"
"REMOVED_EMPTY_ROOT_FOLDER","C:\Users\13527\Desktop\123\HOUSE_WORK\PROJECT_COMMAND_CENTER_UI_LANE\HELPER_FILE_SURFACE_PREFLIGHT_20260606\ROUTE_74_REVIEWED_DELTA_RESIDUE_CUSTODY_20260609\CANDIDATE_SUPPORT_PACKET_REVIEW_BEFORE_OLD_LOADS","","Empty after verified routing.","","0"
"REMOVED_EMPTY_ROOT_FOLDER","C:\Users\13527\Desktop\123\HOUSE_WORK\PROJECT_COMMAND_CENTER_UI_LANE\HELPER_FILE_SURFACE_PREFLIGHT_20260606\ROUTE_74_REVIEWED_DELTA_RESIDUE_CUSTODY_20260609\CANDIDATE_STATIC_REVIEW_PACKET_SUPPORT","","Empty after verified routing.","","0"
"REMOVED_EMPTY_ROOT_FOLDER","C:\Users\13527\Desktop\123\HOUSE_WORK\PROJECT_COMMAND_CENTER_UI_LANE\HELPER_FILE_SURFACE_PREFLIGHT_20260606\ROUTE_74_REVIEWED_DELTA_RESIDUE_CUSTODY_20260609\CANDIDATE_ROUTE_TO_OLD_LOADS_AFTER_USER_APPROVAL","","Empty after verified routing.","","0"
"REMOVED_EMPTY_ROOT_FOLDER","C:\Users\13527\Desktop\123\HOUSE_WORK\PROJECT_COMMAND_CENTER_UI_LANE\HELPER_FILE_SURFACE_PREFLIGHT_20260606\ROUTE_74_REVIEWED_DELTA_RESIDUE_CUSTODY_20260609\CANDIDATE_ROUTE_PLAN_BUILDER_PROOF_REVIEW","","Empty after verified routing.","","0"
"REMOVED_EMPTY_ROOT_FOLDER","C:\Users\13527\Desktop\123\HOUSE_WORK\PROJECT_COMMAND_CENTER_UI_LANE\HELPER_FILE_SURFACE_PREFLIGHT_20260606\ROUTE_74_REVIEWED_DELTA_RESIDUE_CUSTODY_20260609\CANDIDATE_ROUGH_LOCAL_IMPORT_PROOF_REVIEW","","Empty after verified routing.","","0"
"REMOVED_EMPTY_ROOT_FOLDER","C:\Users\13527\Desktop\123\HOUSE_WORK\PROJECT_COMMAND_CENTER_UI_LANE\HELPER_FILE_SURFACE_PREFLIGHT_20260606\ROUTE_74_REVIEWED_DELTA_RESIDUE_CUSTODY_20260609\CANDIDATE_REVIEW_CHAIN_PROOF_HISTORY","","Empty after verified routing.","","0"
"REMOVED_EMPTY_ROOT_FOLDER","C:\Users\13527\Desktop\123\HOUSE_WORK\PROJECT_COMMAND_CENTER_UI_LANE\HELPER_FILE_SURFACE_PREFLIGHT_20260606\ROUTE_74_REVIEWED_DELTA_RESIDUE_CUSTODY_20260609\CANDIDATE_REPAIR_ATTEMPT_PROOF_REVIEW","","Empty after verified routing.","","0"
"REMOVED_EMPTY_ROOT_FOLDER","C:\Users\13527\Desktop\123\HOUSE_WORK\PROJECT_COMMAND_CENTER_UI_LANE\HELPER_FILE_SURFACE_PREFLIGHT_20260606\ROUTE_74_REVIEWED_DELTA_RESIDUE_CUSTODY_20260609\CANDIDATE_PROOF_INDEX_HISTORY","","Empty after verified routing.","","0"
"REMOVED_EMPTY_ROOT_FOLDER","C:\Users\13527\Desktop\123\HOUSE_WORK\PROJECT_COMMAND_CENTER_UI_LANE\HELPER_FILE_SURFACE_PREFLIGHT_20260606\ROUTE_74_REVIEWED_DELTA_RESIDUE_CUSTODY_20260609\CANDIDATE_PROOF_HISTORY_REVIEW_BEFORE_OLD_LOADS","","Empty after verified routing.","","0"
"REMOVED_EMPTY_ROOT_FOLDER","C:\Users\13527\Desktop\123\HOUSE_WORK\PROJECT_COMMAND_CENTER_UI_LANE\HELPER_FILE_SURFACE_PREFLIGHT_20260606\ROUTE_74_REVIEWED_DELTA_RESIDUE_CUSTODY_20260609\CANDIDATE_NEXT_BATCH_SELECTOR_RESIDUE","","Empty after verified routing.","","0"
"REMOVED_EMPTY_ROOT_FOLDER","C:\Users\13527\Desktop\123\HOUSE_WORK\PROJECT_COMMAND_CENTER_UI_LANE\HELPER_FILE_SURFACE_PREFLIGHT_20260606\ROUTE_74_REVIEWED_DELTA_RESIDUE_CUSTODY_20260609\CANDIDATE_INPUT_SURFACE_DIAGNOSTIC_PROOF","","Empty after verified routing.","","0"
"REMOVED_EMPTY_ROOT_FOLDER","C:\Users\13527\Desktop\123\HOUSE_WORK\PROJECT_COMMAND_CENTER_UI_LANE\HELPER_FILE_SURFACE_PREFLIGHT_20260606\ROUTE_74_REVIEWED_DELTA_RESIDUE_CUSTODY_20260609\CANDIDATE_CLOSEOUT_PROOF_HISTORY","","Empty after verified routing.","","0"
"REMOVED_EMPTY_ROOT_FOLDER","C:\Users\13527\Desktop\123\HOUSE_WORK\PROJECT_COMMAND_CENTER_UI_LANE\HELPER_FILE_SURFACE_PREFLIGHT_20260606\ROUTE_74_REVIEWED_DELTA_RESIDUE_CUSTODY_20260609\CANDIDATE_BATCH_SELECTOR_RESIDUE","","Empty after verified routing.","","0"
"REMOVED_EMPTY_ROOT_FOLDER","C:\Users\13527\Desktop\123\HOUSE_WORK\PROJECT_COMMAND_CENTER_UI_LANE\HELPER_FILE_SURFACE_PREFLIGHT_20260606\ROUTE_74_REVIEWED_DELTA_RESIDUE_CUSTODY_20260609\CANDIDATE_64_ROW_QUEUE_BUILDER_RESIDUE","","Empty after verified routing.","","0"
"REMOVED_EMPTY_ROOT_FOLDER","C:\Users\13527\Desktop\123\HOUSE_WORK\PROJECT_COMMAND_CENTER_UI_LANE\HELPER_FILE_SURFACE_PREFLIGHT_20260606\ROUTE_74_REVIEWED_DELTA_RESIDUE_CUSTODY_20260609\CANDIDATE_64_ROW_COVERAGE_ROLLUP_PROOF","","Empty after verified routing.","","0"
"REMOVED_EMPTY_ROOT_FOLDER","C:\Users\13527\Desktop\123\HOUSE_WORK\PROJECT_COMMAND_CENTER_UI_LANE\HELPER_FILE_SURFACE_PREFLIGHT_20260606\ROUTE_74_REVIEWED_DELTA_RESIDUE_CUSTODY_20260609","","Empty after verified routing.","","0"
"REMOVED_EMPTY_ROOT_FOLDER","C:\Users\13527\Desktop\123\HOUSE_WORK\PROJECT_COMMAND_CENTER_UI_LANE\HELPER_FILE_SURFACE_PREFLIGHT_20260606\ROUTE_55_USED_HELPER_SCRIPTS_20260609","","Empty after verified routing.","","0"
"REMOVED_EMPTY_ROOT_FOLDER","C:\Users\13527\Desktop\123\HOUSE_WORK\PROJECT_COMMAND_CENTER_UI_LANE\HELPER_FILE_SURFACE_PREFLIGHT_20260606\ROOT_DROP_INTAKE_WASHER_SUPPORT_CANDIDATE_REVIEW_DRY_RUN_CARDS_20260608","","Empty after verified routing.","","0"
"REMOVED_EMPTY_ROOT_FOLDER","C:\Users\13527\Desktop\123\HOUSE_WORK\PROJECT_COMMAND_CENTER_UI_LANE\HELPER_FILE_SURFACE_PREFLIGHT_20260606\ROOT_DROP_INTAKE_WASHER_OLD_LOAD_OR_SYSTEM_REVIEW_DRY_RUN_CARDS_V0_2_20260608","","Empty after verified routing.","","0"
"REMOVED_EMPTY_ROOT_FOLDER","C:\Users\13527\Desktop\123\HOUSE_WORK\PROJECT_COMMAND_CENTER_UI_LANE\HELPER_FILE_SURFACE_PREFLIGHT_20260606\ROOT_DROP_INTAKE_WASHER_OLD_LOAD_OR_SYSTEM_REVIEW_DRY_RUN_CARDS_20260608","","Empty after verified routing.","","0"
"REMOVED_EMPTY_ROOT_FOLDER","C:\Users\13527\Desktop\123\HOUSE_WORK\PROJECT_COMMAND_CENTER_UI_LANE\HELPER_FILE_SURFACE_PREFLIGHT_20260606\ROOT_DROP_INTAKE_WASHER_MULTI_FILE_DRY_RUN_CARDS_20260608","","Empty after verified routing.","","0"
"REMOVED_EMPTY_ROOT_FOLDER","C:\Users\13527\Desktop\123\HOUSE_WORK\PROJECT_COMMAND_CENTER_UI_LANE\HELPER_FILE_SURFACE_PREFLIGHT_20260606\ROOT_DROP_INTAKE_WASHER_HELPER_CANDIDATE_REVIEW_DRY_RUN_CARDS_20260608","","Empty after verified routing.","","0"
"REMOVED_EMPTY_ROOT_FOLDER","C:\Users\13527\Desktop\123\HOUSE_WORK\PROJECT_COMMAND_CENTER_UI_LANE\HELPER_FILE_SURFACE_PREFLIGHT_20260606\RAW_COMBINED_CANDIDATES","","Empty after verified routing.","","0"
"REMOVED_EMPTY_ROOT_FOLDER","C:\Users\13527\Desktop\123\HOUSE_WORK\PROJECT_COMMAND_CENTER_UI_LANE\HELPER_FILE_SURFACE_PREFLIGHT_20260606\INCIDENTS\FREEZE_EVIDENCE__SUPPORT_OPTION_SET_SCALAR_COUNT_STRICTMODE__20260608","","Empty after verified routing.","","0"
"REMOVED_EMPTY_ROOT_FOLDER","C:\Users\13527\Desktop\123\HOUSE_WORK\PROJECT_COMMAND_CENTER_UI_LANE\HELPER_FILE_SURFACE_PREFLIGHT_20260606\INCIDENTS\FREEZE_EVIDENCE__SAFE_TEMPLATE_FIELD_APPLY_SELF_CHECK_AND_COPY_PATH_CHAIN__20260608","","Empty after verified routing.","","0"
"REMOVED_EMPTY_ROOT_FOLDER","C:\Users\13527\Desktop\123\HOUSE_WORK\PROJECT_COMMAND_CENTER_UI_LANE\HELPER_FILE_SURFACE_PREFLIGHT_20260606\INCIDENTS\FREEZE_EVIDENCE__POWERSHELL_FIELD_TEST_RUNNER_EMPTY_LINES_BIND__20260608","","Empty after verified routing.","","0"
"REMOVED_EMPTY_ROOT_FOLDER","C:\Users\13527\Desktop\123\HOUSE_WORK\PROJECT_COMMAND_CENTER_UI_LANE\HELPER_FILE_SURFACE_PREFLIGHT_20260606\INCIDENTS\FREEZE_EVIDENCE__OLD_SYSTEM_REVIEW_DESKTOP_INI_MISSING_AT_REVIEW__20260608","","Empty after verified routing.","","0"
"REMOVED_EMPTY_ROOT_FOLDER","C:\Users\13527\Desktop\123\HOUSE_WORK\PROJECT_COMMAND_CENTER_UI_LANE\HELPER_FILE_SURFACE_PREFLIGHT_20260606\INCIDENTS\FREEZE_EVIDENCE__GENERATED_RUNNER_LINE_WRITER_DEEP_LAYER__20260608","","Empty after verified routing.","","0"
"REMOVED_EMPTY_ROOT_FOLDER","C:\Users\13527\Desktop\123\HOUSE_WORK\PROJECT_COMMAND_CENTER_UI_LANE\HELPER_FILE_SURFACE_PREFLIGHT_20260606\INCIDENTS\FREEZE_EVIDENCE__BOUNDED_GIT_SNAPSHOT_NO_WORKTREE_FALSE_COMPLETE__20260608","","Empty after verified routing.","","0"
"REMOVED_EMPTY_ROOT_FOLDER","C:\Users\13527\Desktop\123\HOUSE_WORK\PROJECT_COMMAND_CENTER_UI_LANE\HELPER_FILE_SURFACE_PREFLIGHT_20260606\INCIDENTS","","Empty after verified routing.","","0"
"REMOVED_EMPTY_ROOT_FOLDER","C:\Users\13527\Desktop\123\HOUSE_WORK\PROJECT_COMMAND_CENTER_UI_LANE\HELPER_FILE_SURFACE_PREFLIGHT_20260606\FRONT_DOOR_INTAKE_TOOLBELT\SOFT_SUITS","","Empty after verified routing.","","0"
"REMOVED_EMPTY_ROOT_FOLDER","C:\Users\13527\Desktop\123\HOUSE_WORK\PROJECT_COMMAND_CENTER_UI_LANE\HELPER_FILE_SURFACE_PREFLIGHT_20260606\FRONT_DOOR_INTAKE_TOOLBELT","","Empty after verified routing.","","0"
"REMOVED_EMPTY_ROOT_FOLDER","C:\Users\13527\Desktop\123\HOUSE_WORK\PROJECT_COMMAND_CENTER_UI_LANE\HELPER_FILE_SURFACE_PREFLIGHT_20260606\CLEAN_CANDIDATES","","Empty after verified routing.","","0"
"REMOVED_EMPTY_ROOT_FOLDER","C:\Users\13527\Desktop\123\HOUSE_WORK\PROJECT_COMMAND_CENTER_UI_LANE\HELPER_FILE_SURFACE_PREFLIGHT_20260606\CANDIDATE_SPECS","","Empty after verified routing.","","0"
"REMOVED_EMPTY_ROOT_FOLDER","C:\Users\13527\Desktop\123\HOUSE_WORK\PROJECT_COMMAND_CENTER_UI_LANE\HELPER_FILE_SURFACE_PREFLIGHT_20260606\CANDIDATE_REVISION_PACKETS","","Empty after verified routing.","","0"
"REMOVED_EMPTY_ROOT_FOLDER","C:\Users\13527\Desktop\123\HOUSE_WORK\PROJECT_COMMAND_CENTER_UI_LANE\HELPER_FILE_SURFACE_PREFLIGHT_20260606\CANDIDATE_ADDENDA","","Empty after verified routing.","","0"
"REMOVED_EMPTY_ROOT_FOLDER","C:\Users\13527\Desktop\123\HOUSE_WORK\PROJECT_COMMAND_CENTER_UI_LANE\HELPER_FILE_SURFACE_PREFLIGHT_20260606","","Empty after verified routing.","","0"
"REMOVED_EMPTY_ROOT_FOLDER","C:\Users\13527\Desktop\123\HOUSE_WORK\PROJECT_COMMAND_CENTER_UI_LANE\HELPER_FILE_EXPOSURE_AND_33RD_PRIVATE_WORK_PROTOCOL_V0_1_20260606\SOURCE_RAW","","Empty after verified routing.","","0"
"REMOVED_EMPTY_ROOT_FOLDER","C:\Users\13527\Desktop\123\HOUSE_WORK\PROJECT_COMMAND_CENTER_UI_LANE\HELPER_FILE_EXPOSURE_AND_33RD_PRIVATE_WORK_PROTOCOL_V0_1_20260606","","Empty after verified routing.","","0"
"REMOVED_EMPTY_ROOT_FOLDER","C:\Users\13527\Desktop\123\HOUSE_WORK\PROJECT_COMMAND_CENTER_UI_LANE\DUAL_COMMAND_CENTER_L0_REVIEW_PACKET_20260606\SOURCE_RAW","","Empty after verified routing.","","0"
"REMOVED_EMPTY_ROOT_FOLDER","C:\Users\13527\Desktop\123\HOUSE_WORK\PROJECT_COMMAND_CENTER_UI_LANE\DUAL_COMMAND_CENTER_L0_REVIEW_PACKET_20260606","","Empty after verified routing.","","0"
"REMOVED_EMPTY_ROOT_FOLDER","C:\Users\13527\Desktop\123\HOUSE_WORK\PROJECT_COMMAND_CENTER_UI_LANE\DEEP_SCAN_WASH_DRY_RUN_20260606","","Empty after verified routing.","","0"
"REMOVED_EMPTY_ROOT_FOLDER","C:\Users\13527\Desktop\123\HOUSE_WORK\PROJECT_COMMAND_CENTER_UI_LANE\CHUNKED_ACCEPTANCE_GROWTH_REVIEW_20260606","","Empty after verified routing.","","0"
"REMOVED_EMPTY_ROOT_FOLDER","C:\Users\13527\Desktop\123\HOUSE_WORK\PROJECT_COMMAND_CENTER_UI_LANE\BLOCKER_CLOSEOUT_RUN_20260606\SOURCE_RAW","","Empty after verified routing.","","0"
"REMOVED_EMPTY_ROOT_FOLDER","C:\Users\13527\Desktop\123\HOUSE_WORK\PROJECT_COMMAND_CENTER_UI_LANE\BLOCKER_CLOSEOUT_RUN_20260606","","Empty after verified routing.","","0"
"REMOVED_EMPTY_ROOT_FOLDER","C:\Users\13527\Desktop\123\HOUSE_WORK\PROJECT_COMMAND_CENTER_UI_LANE","","Empty after verified routing.","","0"
"REMOVED_EMPTY_ROOT_FOLDER","C:\Users\13527\Desktop\123\HOUSE_WORK","","Empty after verified routing.","","0"
"MOVED_STRUCTURED_ROOT_FILE_TO_REPO_LANE","C:\Users\13527\Desktop\123\COMMAND_CENTER\START_WORK_HERE__COMMAND_CENTER_WORK_ENTRYPOINT_V1_20260606.md","C:\Users\13527\Desktop\123\Jxhnny_Kl33N_Seedz\COMMAND_CENTER\START_WORK_HERE__COMMAND_CENTER_WORK_ENTRYPOINT_V1_20260606.md","Structured root ROOT_COMMAND_CENTER file was missing from matching git lane.","091DC368E2CB65BEC0A985BF95948118C8A7BBFEFB466AB4486AAD77FBF0E345","1055"
"MOVED_STRUCTURED_ROOT_FILE_TO_REPO_LANE","C:\Users\13527\Desktop\123\COMMAND_CENTER\PRE_RUN_GATES\COMMAND_CENTER_PRE_RUN_GATE_ADAPTER__ERROR_TRIGGERED_HELPER_HARVEST_V1_20260606.ps1","C:\Users\13527\Desktop\123\Jxhnny_Kl33N_Seedz\COMMAND_CENTER\PRE_RUN_GATES\COMMAND_CENTER_PRE_RUN_GATE_ADAPTER__ERROR_TRIGGERED_HELPER_HARVEST_V1_20260606.ps1","Structured root ROOT_COMMAND_CENTER file was missing from matching git lane.","097A18F327A55A6612D1762AF536CF9A968EEA391B1E828A531E65472681AB69","10052"
"MOVED_STRUCTURED_ROOT_FILE_TO_REPO_LANE","C:\Users\13527\Desktop\123\COMMAND_CENTER\PRE_RUN_GATES\COMMAND_CENTER_PRE_RUN_GATE_CARD__ERROR_TRIGGERED_HELPER_HARVEST_V1_20260606.md","C:\Users\13527\Desktop\123\Jxhnny_Kl33N_Seedz\COMMAND_CENTER\PRE_RUN_GATES\COMMAND_CENTER_PRE_RUN_GATE_CARD__ERROR_TRIGGERED_HELPER_HARVEST_V1_20260606.md","Structured root ROOT_COMMAND_CENTER file was missing from matching git lane.","CE0088E2F45DB46F2C53D59C9898F7B32378DB44677C7986C260AF51B96F4B16","1735"
"MOVED_STRUCTURED_ROOT_FILE_TO_REPO_LANE","C:\Users\13527\Desktop\123\COMMAND_CENTER\PRE_RUN_GATES\COMMAND_CENTER_PRE_RUN_GATE_INDEX_20260606.md","C:\Users\13527\Desktop\123\Jxhnny_Kl33N_Seedz\COMMAND_CENTER\PRE_RUN_GATES\COMMAND_CENTER_PRE_RUN_GATE_INDEX_20260606.md","Structured root ROOT_COMMAND_CENTER file was missing from matching git lane.","DE24B7B473F1F817D5789C3330CA36798B05260ECDA3F1FFC5B4EB2CB0E903D1","1112"
"MOVED_STRUCTURED_ROOT_FILE_TO_REPO_LANE","C:\Users\13527\Desktop\123\COMMAND_CENTER\PRE_RUN_GATES\COMMAND_CENTER_PRE_RUN_GATE_RECIPE__ERROR_TRIGGERED_HELPER_HARVEST_V1_20260606.md","C:\Users\13527\Desktop\123\Jxhnny_Kl33N_Seedz\COMMAND_CENTER\PRE_RUN_GATES\COMMAND_CENTER_PRE_RUN_GATE_RECIPE__ERROR_TRIGGERED_HELPER_HARVEST_V1_20260606.md","Structured root ROOT_COMMAND_CENTER file was missing from matching git lane.","1CDCF9C31291CCD726129B0BF6433900E8765DCAF9905F8CF428CADA2CF38C18","953"
"MOVED_STRUCTURED_ROOT_FILE_TO_REPO_LANE","C:\Users\13527\Desktop\123\COMMAND_CENTER\PRE_RUN_GATES\CURRENT_COMMAND_CENTER_PRE_RUN_GATE_STATUS.json","C:\Users\13527\Desktop\123\Jxhnny_Kl33N_Seedz\COMMAND_CENTER\PRE_RUN_GATES\CURRENT_COMMAND_CENTER_PRE_RUN_GATE_STATUS.json","Structured root ROOT_COMMAND_CENTER file was missing from matching git lane.","6E8345E9969C0242F5B5E5BFF6143D0920C30C91A9A69AADAAE2C88E9BDAF311","1508"
"MOVED_STRUCTURED_ROOT_FILE_TO_REPO_LANE","C:\Users\13527\Desktop\123\COMMAND_CENTER\PRE_RUN_GATES\CURRENT_COMMAND_CENTER_PRE_RUN_GATE_STATUS.md","C:\Users\13527\Desktop\123\Jxhnny_Kl33N_Seedz\COMMAND_CENTER\PRE_RUN_GATES\CURRENT_COMMAND_CENTER_PRE_RUN_GATE_STATUS.md","Structured root ROOT_COMMAND_CENTER file was missing from matching git lane.","5708DF7E6899D90A225BE58A132C15261AAAC26DE8266778B0F30DA4F1DD2B32","1911"
"MOVED_STRUCTURED_ROOT_FILE_TO_REPO_LANE","C:\Users\13527\Desktop\123\COMMAND_CENTER\RECEIPTS\PRE_RUN_GATES\COMMAND_CENTER_PRE_RUN_GATE_20260606_153114\ERROR_LEDGER__COMMAND_CENTER_PRE_RUN_GATE_ADAPTER__ERROR_TRIGGERED_HELPER_HARVEST_V1.md","C:\Users\13527\Desktop\123\Jxhnny_Kl33N_Seedz\COMMAND_CENTER\RECEIPTS\PRE_RUN_GATES\COMMAND_CENTER_PRE_RUN_GATE_20260606_153114\ERROR_LEDGER__COMMAND_CENTER_PRE_RUN_GATE_ADAPTER__ERROR_TRIGGERED_HELPER_HARVEST_V1.md","Structured root ROOT_COMMAND_CENTER file was missing from matching git lane.","65DD54C73EC4BC36D72575E5CB9832D24CBC4C54C5CEE8230D511DA4848158C8","280"
"MOVED_STRUCTURED_ROOT_FILE_TO_REPO_LANE","C:\Users\13527\Desktop\123\COMMAND_CENTER\RECEIPTS\PRE_RUN_GATES\COMMAND_CENTER_PRE_RUN_GATE_20260606_153114\GATE_OUTPUT__COMMAND_CENTER_PRE_RUN_GATE.txt","C:\Users\13527\Desktop\123\Jxhnny_Kl33N_Seedz\COMMAND_CENTER\RECEIPTS\PRE_RUN_GATES\COMMAND_CENTER_PRE_RUN_GATE_20260606_153114\GATE_OUTPUT__COMMAND_CENTER_PRE_RUN_GATE.txt","Structured root ROOT_COMMAND_CENTER file was missing from matching git lane.","3A6ABDF18320EBB4736A3391E8005CDBADAB76F4C4E0D26BC127A06403F3F51E","668"
"MOVED_STRUCTURED_ROOT_FILE_TO_REPO_LANE","C:\Users\13527\Desktop\123\COMMAND_CENTER\RECEIPTS\PRE_RUN_GATES\COMMAND_CENTER_PRE_RUN_GATE_20260606_153114\RECEIPT__COMMAND_CENTER_PRE_RUN_GATE_ADAPTER__ERROR_TRIGGERED_HELPER_HARVEST_V1.md","C:\Users\13527\Desktop\123\Jxhnny_Kl33N_Seedz\COMMAND_CENTER\RECEIPTS\PRE_RUN_GATES\COMMAND_CENTER_PRE_RUN_GATE_20260606_153114\RECEIPT__COMMAND_CENTER_PRE_RUN_GATE_ADAPTER__ERROR_TRIGGERED_HELPER_HARVEST_V1.md","Structured root ROOT_COMMAND_CENTER file was missing from matching git lane.","C93C9CDBB98B5266C8B1386F317AD28F6798C8B01998A6161E855EAFBC705CD0","2149"
"MOVED_STRUCTURED_ROOT_FILE_TO_REPO_LANE","C:\Users\13527\Desktop\123\COMMAND_CENTER\RECEIPTS\PRE_RUN_GATES\COMMAND_CENTER_PRE_RUN_GATE_20260606_153203\ERROR_LEDGER__COMMAND_CENTER_PRE_RUN_GATE_ADAPTER__ERROR_TRIGGERED_HELPER_HARVEST_V1.md","C:\Users\13527\Desktop\123\Jxhnny_Kl33N_Seedz\COMMAND_CENTER\RECEIPTS\PRE_RUN_GATES\COMMAND_CENTER_PRE_RUN_GATE_20260606_153203\ERROR_LEDGER__COMMAND_CENTER_PRE_RUN_GATE_ADAPTER__ERROR_TRIGGERED_HELPER_HARVEST_V1.md","Structured root ROOT_COMMAND_CENTER file was missing from matching git lane.","2CECCD31ED0198F8D32C45305982E0AF7BAA8098A24B40EF5BAE1F8546D3F53A","280"
"MOVED_STRUCTURED_ROOT_FILE_TO_REPO_LANE","C:\Users\13527\Desktop\123\COMMAND_CENTER\RECEIPTS\PRE_RUN_GATES\COMMAND_CENTER_PRE_RUN_GATE_20260606_153203\GATE_OUTPUT__COMMAND_CENTER_PRE_RUN_GATE.txt","C:\Users\13527\Desktop\123\Jxhnny_Kl33N_Seedz\COMMAND_CENTER\RECEIPTS\PRE_RUN_GATES\COMMAND_CENTER_PRE_RUN_GATE_20260606_153203\GATE_OUTPUT__COMMAND_CENTER_PRE_RUN_GATE.txt","Structured root ROOT_COMMAND_CENTER file was missing from matching git lane.","1695D5602C547ECB0801A5B47ED81F7C4BCF70E16E5744E548F0BAEB522DC356","668"
"MOVED_STRUCTURED_ROOT_FILE_TO_REPO_LANE","C:\Users\13527\Desktop\123\COMMAND_CENTER\RECEIPTS\PRE_RUN_GATES\COMMAND_CENTER_PRE_RUN_GATE_20260606_153203\RECEIPT__COMMAND_CENTER_PRE_RUN_GATE_ADAPTER__ERROR_TRIGGERED_HELPER_HARVEST_V1.md","C:\Users\13527\Desktop\123\Jxhnny_Kl33N_Seedz\COMMAND_CENTER\RECEIPTS\PRE_RUN_GATES\COMMAND_CENTER_PRE_RUN_GATE_20260606_153203\RECEIPT__COMMAND_CENTER_PRE_RUN_GATE_ADAPTER__ERROR_TRIGGERED_HELPER_HARVEST_V1.md","Structured root ROOT_COMMAND_CENTER file was missing from matching git lane.","29F925BA07427DA4BAF3E781789D76F823E2829A17D1BC04679CCE862DEE83FE","2149"
"MOVED_STRUCTURED_ROOT_FILE_TO_REPO_LANE","C:\Users\13527\Desktop\123\COMMAND_CENTER\RECEIPTS\PRE_RUN_GATES\COMMAND_CENTER_PRE_RUN_GATE_20260606_153436\ERROR_LEDGER__COMMAND_CENTER_PRE_RUN_GATE_ADAPTER__ERROR_TRIGGERED_HELPER_HARVEST_V1.md","C:\Users\13527\Desktop\123\Jxhnny_Kl33N_Seedz\COMMAND_CENTER\RECEIPTS\PRE_RUN_GATES\COMMAND_CENTER_PRE_RUN_GATE_20260606_153436\ERROR_LEDGER__COMMAND_CENTER_PRE_RUN_GATE_ADAPTER__ERROR_TRIGGERED_HELPER_HARVEST_V1.md","Structured root ROOT_COMMAND_CENTER file was missing from matching git lane.","CE4F4B463707CB5C98F010B08FEE0ACFC7F35033FEED33887565FBD7FCED4F38","280"
"MOVED_STRUCTURED_ROOT_FILE_TO_REPO_LANE","C:\Users\13527\Desktop\123\COMMAND_CENTER\RECEIPTS\PRE_RUN_GATES\COMMAND_CENTER_PRE_RUN_GATE_20260606_153436\GATE_OUTPUT__COMMAND_CENTER_PRE_RUN_GATE.txt","C:\Users\13527\Desktop\123\Jxhnny_Kl33N_Seedz\COMMAND_CENTER\RECEIPTS\PRE_RUN_GATES\COMMAND_CENTER_PRE_RUN_GATE_20260606_153436\GATE_OUTPUT__COMMAND_CENTER_PRE_RUN_GATE.txt","Structured root ROOT_COMMAND_CENTER file was missing from matching git lane.","C5C3D856A0A9E5B09D5A1F36B31FCA6F7E3936DE71D469659B741D60E0D49F25","668"
"MOVED_STRUCTURED_ROOT_FILE_TO_REPO_LANE","C:\Users\13527\Desktop\123\COMMAND_CENTER\RECEIPTS\PRE_RUN_GATES\COMMAND_CENTER_PRE_RUN_GATE_20260606_153436\RECEIPT__COMMAND_CENTER_PRE_RUN_GATE_ADAPTER__ERROR_TRIGGERED_HELPER_HARVEST_V1.md","C:\Users\13527\Desktop\123\Jxhnny_Kl33N_Seedz\COMMAND_CENTER\RECEIPTS\PRE_RUN_GATES\COMMAND_CENTER_PRE_RUN_GATE_20260606_153436\RECEIPT__COMMAND_CENTER_PRE_RUN_GATE_ADAPTER__ERROR_TRIGGERED_HELPER_HARVEST_V1.md","Structured root ROOT_COMMAND_CENTER file was missing from matching git lane.","9FD9EDDA67B2BA25E8E4C5F405A457CF708ABEAD7B2517E53A6F12AEE33B9A76","2149"
"MOVED_STRUCTURED_ROOT_FILE_TO_REPO_LANE","C:\Users\13527\Desktop\123\COMMAND_CENTER\RECEIPTS\PRE_RUN_GATES\COMMAND_CENTER_PRE_RUN_GATE_20260606_153627\ERROR_LEDGER__COMMAND_CENTER_PRE_RUN_GATE_ADAPTER__ERROR_TRIGGERED_HELPER_HARVEST_V1.md","C:\Users\13527\Desktop\123\Jxhnny_Kl33N_Seedz\COMMAND_CENTER\RECEIPTS\PRE_RUN_GATES\COMMAND_CENTER_PRE_RUN_GATE_20260606_153627\ERROR_LEDGER__COMMAND_CENTER_PRE_RUN_GATE_ADAPTER__ERROR_TRIGGERED_HELPER_HARVEST_V1.md","Structured root ROOT_COMMAND_CENTER file was missing from matching git lane.","A6FFC6FC07995982573C79170E45F593982B4BFEFB697CDEFD11BC1959D362C8","280"
"MOVED_STRUCTURED_ROOT_FILE_TO_REPO_LANE","C:\Users\13527\Desktop\123\COMMAND_CENTER\RECEIPTS\PRE_RUN_GATES\COMMAND_CENTER_PRE_RUN_GATE_20260606_153627\GATE_OUTPUT__COMMAND_CENTER_PRE_RUN_GATE.txt","C:\Users\13527\Desktop\123\Jxhnny_Kl33N_Seedz\COMMAND_CENTER\RECEIPTS\PRE_RUN_GATES\COMMAND_CENTER_PRE_RUN_GATE_20260606_153627\GATE_OUTPUT__COMMAND_CENTER_PRE_RUN_GATE.txt","Structured root ROOT_COMMAND_CENTER file was missing from matching git lane.","9CC2634D7DEDAF59130A19755E27BDD4143C57989A1A111E9381999765BED597","668"
"MOVED_STRUCTURED_ROOT_FILE_TO_REPO_LANE","C:\Users\13527\Desktop\123\COMMAND_CENTER\RECEIPTS\PRE_RUN_GATES\COMMAND_CENTER_PRE_RUN_GATE_20260606_153627\RECEIPT__COMMAND_CENTER_PRE_RUN_GATE_ADAPTER__ERROR_TRIGGERED_HELPER_HARVEST_V1.md","C:\Users\13527\Desktop\123\Jxhnny_Kl33N_Seedz\COMMAND_CENTER\RECEIPTS\PRE_RUN_GATES\COMMAND_CENTER_PRE_RUN_GATE_20260606_153627\RECEIPT__COMMAND_CENTER_PRE_RUN_GATE_ADAPTER__ERROR_TRIGGERED_HELPER_HARVEST_V1.md","Structured root ROOT_COMMAND_CENTER file was missing from matching git lane.","8BBBBD688E6F0135927219948E9E78662B9B7F97B33445903EAB78D1C89A4908","2149"
"MOVED_STRUCTURED_ROOT_FILE_TO_REPO_LANE","C:\Users\13527\Desktop\123\COMMAND_CENTER\RECEIPTS\PRE_RUN_GATES\COMMAND_CENTER_PRE_RUN_GATE_20260606_160225\ERROR_LEDGER__COMMAND_CENTER_PRE_RUN_GATE_ADAPTER__ERROR_TRIGGERED_HELPER_HARVEST_V1.md","C:\Users\13527\Desktop\123\Jxhnny_Kl33N_Seedz\COMMAND_CENTER\RECEIPTS\PRE_RUN_GATES\COMMAND_CENTER_PRE_RUN_GATE_20260606_160225\ERROR_LEDGER__COMMAND_CENTER_PRE_RUN_GATE_ADAPTER__ERROR_TRIGGERED_HELPER_HARVEST_V1.md","Structured root ROOT_COMMAND_CENTER file was missing from matching git lane.","9FFFB16D4B7D463391DE775C4B64908DE1F8659A909B4C8F27853A17C522A383","280"
"MOVED_STRUCTURED_ROOT_FILE_TO_REPO_LANE","C:\Users\13527\Desktop\123\COMMAND_CENTER\RECEIPTS\PRE_RUN_GATES\COMMAND_CENTER_PRE_RUN_GATE_20260606_160225\GATE_OUTPUT__COMMAND_CENTER_PRE_RUN_GATE.txt","C:\Users\13527\Desktop\123\Jxhnny_Kl33N_Seedz\COMMAND_CENTER\RECEIPTS\PRE_RUN_GATES\COMMAND_CENTER_PRE_RUN_GATE_20260606_160225\GATE_OUTPUT__COMMAND_CENTER_PRE_RUN_GATE.txt","Structured root ROOT_COMMAND_CENTER file was missing from matching git lane.","4DA0FF846BEEF19F67616BE35B2D018A90EF64DDC67481A85AF5E1138091142D","668"
"MOVED_STRUCTURED_ROOT_FILE_TO_REPO_LANE","C:\Users\13527\Desktop\123\COMMAND_CENTER\RECEIPTS\PRE_RUN_GATES\COMMAND_CENTER_PRE_RUN_GATE_20260606_160225\RECEIPT__COMMAND_CENTER_PRE_RUN_GATE_ADAPTER__ERROR_TRIGGERED_HELPER_HARVEST_V1.md","C:\Users\13527\Desktop\123\Jxhnny_Kl33N_Seedz\COMMAND_CENTER\RECEIPTS\PRE_RUN_GATES\COMMAND_CENTER_PRE_RUN_GATE_20260606_160225\RECEIPT__COMMAND_CENTER_PRE_RUN_GATE_ADAPTER__ERROR_TRIGGERED_HELPER_HARVEST_V1.md","Structured root ROOT_COMMAND_CENTER file was missing from matching git lane.","319F084A2169FD2098F4435868A6DBD8943F246510DCEA72A5C6E5DE36DFE848","2149"
"MOVED_STRUCTURED_ROOT_FILE_TO_REPO_LANE","C:\Users\13527\Desktop\123\COMMAND_CENTER\RECEIPTS\PRE_RUN_GATES\COMMAND_CENTER_PRE_RUN_GATE_20260606_160658\ERROR_LEDGER__COMMAND_CENTER_PRE_RUN_GATE_ADAPTER__ERROR_TRIGGERED_HELPER_HARVEST_V1.md","C:\Users\13527\Desktop\123\Jxhnny_Kl33N_Seedz\COMMAND_CENTER\RECEIPTS\PRE_RUN_GATES\COMMAND_CENTER_PRE_RUN_GATE_20260606_160658\ERROR_LEDGER__COMMAND_CENTER_PRE_RUN_GATE_ADAPTER__ERROR_TRIGGERED_HELPER_HARVEST_V1.md","Structured root ROOT_COMMAND_CENTER file was missing from matching git lane.","953FB6B727AB2341B18E2416DB5FFB5C6304F8CB087938B2C530834F7E9058FA","280"
"MOVED_STRUCTURED_ROOT_FILE_TO_REPO_LANE","C:\Users\13527\Desktop\123\COMMAND_CENTER\RECEIPTS\PRE_RUN_GATES\COMMAND_CENTER_PRE_RUN_GATE_20260606_160658\GATE_OUTPUT__COMMAND_CENTER_PRE_RUN_GATE.txt","C:\Users\13527\Desktop\123\Jxhnny_Kl33N_Seedz\COMMAND_CENTER\RECEIPTS\PRE_RUN_GATES\COMMAND_CENTER_PRE_RUN_GATE_20260606_160658\GATE_OUTPUT__COMMAND_CENTER_PRE_RUN_GATE.txt","Structured root ROOT_COMMAND_CENTER file was missing from matching git lane.","BF4CB04CB6B4511EC2A49C3463AB7B8BC8FF41F1E76B9E29E6119CE47D68FF0E","668"
"MOVED_STRUCTURED_ROOT_FILE_TO_REPO_LANE","C:\Users\13527\Desktop\123\COMMAND_CENTER\RECEIPTS\PRE_RUN_GATES\COMMAND_CENTER_PRE_RUN_GATE_20260606_160658\RECEIPT__COMMAND_CENTER_PRE_RUN_GATE_ADAPTER__ERROR_TRIGGERED_HELPER_HARVEST_V1.md","C:\Users\13527\Desktop\123\Jxhnny_Kl33N_Seedz\COMMAND_CENTER\RECEIPTS\PRE_RUN_GATES\COMMAND_CENTER_PRE_RUN_GATE_20260606_160658\RECEIPT__COMMAND_CENTER_PRE_RUN_GATE_ADAPTER__ERROR_TRIGGERED_HELPER_HARVEST_V1.md","Structured root ROOT_COMMAND_CENTER file was missing from matching git lane.","93BE86ECB4D9B0B95A924D8394508F87F312A2C2F50B505AF2B6ACAC9BA6DE76","2149"
"MOVED_STRUCTURED_ROOT_FILE_TO_REPO_LANE","C:\Users\13527\Desktop\123\COMMAND_CENTER\RECEIPTS\PRE_RUN_GATES\COMMAND_CENTER_PRE_RUN_GATE_20260606_161719\ERROR_LEDGER__COMMAND_CENTER_PRE_RUN_GATE_ADAPTER__ERROR_TRIGGERED_HELPER_HARVEST_V1.md","C:\Users\13527\Desktop\123\Jxhnny_Kl33N_Seedz\COMMAND_CENTER\RECEIPTS\PRE_RUN_GATES\COMMAND_CENTER_PRE_RUN_GATE_20260606_161719\ERROR_LEDGER__COMMAND_CENTER_PRE_RUN_GATE_ADAPTER__ERROR_TRIGGERED_HELPER_HARVEST_V1.md","Structured root ROOT_COMMAND_CENTER file was missing from matching git lane.","36F170563835BFD13A6A7ED8E2F45FF021C0D52B5ED4AE83542F095DFB34C5BE","280"
"MOVED_STRUCTURED_ROOT_FILE_TO_REPO_LANE","C:\Users\13527\Desktop\123\COMMAND_CENTER\RECEIPTS\PRE_RUN_GATES\COMMAND_CENTER_PRE_RUN_GATE_20260606_161719\GATE_OUTPUT__COMMAND_CENTER_PRE_RUN_GATE.txt","C:\Users\13527\Desktop\123\Jxhnny_Kl33N_Seedz\COMMAND_CENTER\RECEIPTS\PRE_RUN_GATES\COMMAND_CENTER_PRE_RUN_GATE_20260606_161719\GATE_OUTPUT__COMMAND_CENTER_PRE_RUN_GATE.txt","Structured root ROOT_COMMAND_CENTER file was missing from matching git lane.","4F081270CDFD694231D21A10B65CFD422806B28B050272707A39E34AFA2740B2","668"
"MOVED_STRUCTURED_ROOT_FILE_TO_REPO_LANE","C:\Users\13527\Desktop\123\COMMAND_CENTER\RECEIPTS\PRE_RUN_GATES\COMMAND_CENTER_PRE_RUN_GATE_20260606_161719\RECEIPT__COMMAND_CENTER_PRE_RUN_GATE_ADAPTER__ERROR_TRIGGERED_HELPER_HARVEST_V1.md","C:\Users\13527\Desktop\123\Jxhnny_Kl33N_Seedz\COMMAND_CENTER\RECEIPTS\PRE_RUN_GATES\COMMAND_CENTER_PRE_RUN_GATE_20260606_161719\RECEIPT__COMMAND_CENTER_PRE_RUN_GATE_ADAPTER__ERROR_TRIGGERED_HELPER_HARVEST_V1.md","Structured root ROOT_COMMAND_CENTER file was missing from matching git lane.","ACBA437B49ED5A2C9217A71851E8D0A7FA256BEEEA69135F89F063A04D722C8E","2149"
"MOVED_STRUCTURED_ROOT_FILE_TO_REPO_LANE","C:\Users\13527\Desktop\123\COMMAND_CENTER\RECEIPTS\PRE_RUN_GATES\COMMAND_CENTER_PRE_RUN_GATE_20260606_162040\ERROR_LEDGER__COMMAND_CENTER_PRE_RUN_GATE_ADAPTER__ERROR_TRIGGERED_HELPER_HARVEST_V1.md","C:\Users\13527\Desktop\123\Jxhnny_Kl33N_Seedz\COMMAND_CENTER\RECEIPTS\PRE_RUN_GATES\COMMAND_CENTER_PRE_RUN_GATE_20260606_162040\ERROR_LEDGER__COMMAND_CENTER_PRE_RUN_GATE_ADAPTER__ERROR_TRIGGERED_HELPER_HARVEST_V1.md","Structured root ROOT_COMMAND_CENTER file was missing from matching git lane.","6796832918E80D4152E2745F8A6707541B30935C5FCAF35281BAA32EAFB3B238","280"
"MOVED_STRUCTURED_ROOT_FILE_TO_REPO_LANE","C:\Users\13527\Desktop\123\COMMAND_CENTER\RECEIPTS\PRE_RUN_GATES\COMMAND_CENTER_PRE_RUN_GATE_20260606_162040\GATE_OUTPUT__COMMAND_CENTER_PRE_RUN_GATE.txt","C:\Users\13527\Desktop\123\Jxhnny_Kl33N_Seedz\COMMAND_CENTER\RECEIPTS\PRE_RUN_GATES\COMMAND_CENTER_PRE_RUN_GATE_20260606_162040\GATE_OUTPUT__COMMAND_CENTER_PRE_RUN_GATE.txt","Structured root ROOT_COMMAND_CENTER file was missing from matching git lane.","05EDC87E5BD1546F89C31EDD43B0EBE1536C5A45838225A00AD2679C791E52F1","668"
"MOVED_STRUCTURED_ROOT_FILE_TO_REPO_LANE","C:\Users\13527\Desktop\123\COMMAND_CENTER\RECEIPTS\PRE_RUN_GATES\COMMAND_CENTER_PRE_RUN_GATE_20260606_162040\RECEIPT__COMMAND_CENTER_PRE_RUN_GATE_ADAPTER__ERROR_TRIGGERED_HELPER_HARVEST_V1.md","C:\Users\13527\Desktop\123\Jxhnny_Kl33N_Seedz\COMMAND_CENTER\RECEIPTS\PRE_RUN_GATES\COMMAND_CENTER_PRE_RUN_GATE_20260606_162040\RECEIPT__COMMAND_CENTER_PRE_RUN_GATE_ADAPTER__ERROR_TRIGGERED_HELPER_HARVEST_V1.md","Structured root ROOT_COMMAND_CENTER file was missing from matching git lane.","CC7B38DF39D10BFC42AE51EAFE5A3FA01F8DF378D582F4DB28C0DB472852EF53","2149"
"MOVED_STRUCTURED_ROOT_FILE_TO_REPO_LANE","C:\Users\13527\Desktop\123\COMMAND_CENTER\RECEIPTS\PRE_RUN_GATES\COMMAND_CENTER_PRE_RUN_GATE_20260606_162115\ERROR_LEDGER__COMMAND_CENTER_PRE_RUN_GATE_ADAPTER__ERROR_TRIGGERED_HELPER_HARVEST_V1.md","C:\Users\13527\Desktop\123\Jxhnny_Kl33N_Seedz\COMMAND_CENTER\RECEIPTS\PRE_RUN_GATES\COMMAND_CENTER_PRE_RUN_GATE_20260606_162115\ERROR_LEDGER__COMMAND_CENTER_PRE_RUN_GATE_ADAPTER__ERROR_TRIGGERED_HELPER_HARVEST_V1.md","Structured root ROOT_COMMAND_CENTER file was missing from matching git lane.","F4739FBD29720D8DD99BE2F9DF2D1D3F7ECA68BE5549591860EBCD5FBE952B80","280"
"MOVED_STRUCTURED_ROOT_FILE_TO_REPO_LANE","C:\Users\13527\Desktop\123\COMMAND_CENTER\RECEIPTS\PRE_RUN_GATES\COMMAND_CENTER_PRE_RUN_GATE_20260606_162115\GATE_OUTPUT__COMMAND_CENTER_PRE_RUN_GATE.txt","C:\Users\13527\Desktop\123\Jxhnny_Kl33N_Seedz\COMMAND_CENTER\RECEIPTS\PRE_RUN_GATES\COMMAND_CENTER_PRE_RUN_GATE_20260606_162115\GATE_OUTPUT__COMMAND_CENTER_PRE_RUN_GATE.txt","Structured root ROOT_COMMAND_CENTER file was missing from matching git lane.","5209B145B2F718E28B0EAFF912A192D3EFDA453D6522921F318AC5163780DE03","668"
"MOVED_STRUCTURED_ROOT_FILE_TO_REPO_LANE","C:\Users\13527\Desktop\123\COMMAND_CENTER\RECEIPTS\PRE_RUN_GATES\COMMAND_CENTER_PRE_RUN_GATE_20260606_162115\RECEIPT__COMMAND_CENTER_PRE_RUN_GATE_ADAPTER__ERROR_TRIGGERED_HELPER_HARVEST_V1.md","C:\Users\13527\Desktop\123\Jxhnny_Kl33N_Seedz\COMMAND_CENTER\RECEIPTS\PRE_RUN_GATES\COMMAND_CENTER_PRE_RUN_GATE_20260606_162115\RECEIPT__COMMAND_CENTER_PRE_RUN_GATE_ADAPTER__ERROR_TRIGGERED_HELPER_HARVEST_V1.md","Structured root ROOT_COMMAND_CENTER file was missing from matching git lane.","E88C6839A5C266735B82C9EE181DF03A94F2B6D1F1C6B125DE68FB6989BAE712","2149"
"MOVED_STRUCTURED_ROOT_FILE_TO_REPO_LANE","C:\Users\13527\Desktop\123\COMMAND_CENTER\RECEIPTS\PRE_RUN_GATES\COMMAND_CENTER_PRE_RUN_GATE_20260606_162345\ERROR_LEDGER__COMMAND_CENTER_PRE_RUN_GATE_ADAPTER__ERROR_TRIGGERED_HELPER_HARVEST_V1.md","C:\Users\13527\Desktop\123\Jxhnny_Kl33N_Seedz\COMMAND_CENTER\RECEIPTS\PRE_RUN_GATES\COMMAND_CENTER_PRE_RUN_GATE_20260606_162345\ERROR_LEDGER__COMMAND_CENTER_PRE_RUN_GATE_ADAPTER__ERROR_TRIGGERED_HELPER_HARVEST_V1.md","Structured root ROOT_COMMAND_CENTER file was missing from matching git lane.","E373307F4A53F1476DB1FA556134A5068A6873F2F654643E72AC521083E44C8D","280"
"MOVED_STRUCTURED_ROOT_FILE_TO_REPO_LANE","C:\Users\13527\Desktop\123\COMMAND_CENTER\RECEIPTS\PRE_RUN_GATES\COMMAND_CENTER_PRE_RUN_GATE_20260606_162345\GATE_OUTPUT__COMMAND_CENTER_PRE_RUN_GATE.txt","C:\Users\13527\Desktop\123\Jxhnny_Kl33N_Seedz\COMMAND_CENTER\RECEIPTS\PRE_RUN_GATES\COMMAND_CENTER_PRE_RUN_GATE_20260606_162345\GATE_OUTPUT__COMMAND_CENTER_PRE_RUN_GATE.txt","Structured root ROOT_COMMAND_CENTER file was missing from matching git lane.","F00A97E4DD9AB1AE5316097118798D1E25A7D8498250410FFE15B7EDE46D0997","668"
"MOVED_STRUCTURED_ROOT_FILE_TO_REPO_LANE","C:\Users\13527\Desktop\123\COMMAND_CENTER\RECEIPTS\PRE_RUN_GATES\COMMAND_CENTER_PRE_RUN_GATE_20260606_162345\RECEIPT__COMMAND_CENTER_PRE_RUN_GATE_ADAPTER__ERROR_TRIGGERED_HELPER_HARVEST_V1.md","C:\Users\13527\Desktop\123\Jxhnny_Kl33N_Seedz\COMMAND_CENTER\RECEIPTS\PRE_RUN_GATES\COMMAND_CENTER_PRE_RUN_GATE_20260606_162345\RECEIPT__COMMAND_CENTER_PRE_RUN_GATE_ADAPTER__ERROR_TRIGGERED_HELPER_HARVEST_V1.md","Structured root ROOT_COMMAND_CENTER file was missing from matching git lane.","C9B25174779D0CE54271CB75735B559C5FFDCA00C6494F35FADD12694035CBB6","2149"
"MOVED_STRUCTURED_ROOT_FILE_TO_REPO_LANE","C:\Users\13527\Desktop\123\COMMAND_CENTER\RECEIPTS\PRE_RUN_GATES\COMMAND_CENTER_PRE_RUN_GATE_20260606_162538\ERROR_LEDGER__COMMAND_CENTER_PRE_RUN_GATE_ADAPTER__ERROR_TRIGGERED_HELPER_HARVEST_V1.md","C:\Users\13527\Desktop\123\Jxhnny_Kl33N_Seedz\COMMAND_CENTER\RECEIPTS\PRE_RUN_GATES\COMMAND_CENTER_PRE_RUN_GATE_20260606_162538\ERROR_LEDGER__COMMAND_CENTER_PRE_RUN_GATE_ADAPTER__ERROR_TRIGGERED_HELPER_HARVEST_V1.md","Structured root ROOT_COMMAND_CENTER file was missing from matching git lane.","C5D232534A03AA453CAA8E203BAC098481B8DDB68C69F0900ECD6A4C3CBBF33D","280"
"MOVED_STRUCTURED_ROOT_FILE_TO_REPO_LANE","C:\Users\13527\Desktop\123\COMMAND_CENTER\RECEIPTS\PRE_RUN_GATES\COMMAND_CENTER_PRE_RUN_GATE_20260606_162538\GATE_OUTPUT__COMMAND_CENTER_PRE_RUN_GATE.txt","C:\Users\13527\Desktop\123\Jxhnny_Kl33N_Seedz\COMMAND_CENTER\RECEIPTS\PRE_RUN_GATES\COMMAND_CENTER_PRE_RUN_GATE_20260606_162538\GATE_OUTPUT__COMMAND_CENTER_PRE_RUN_GATE.txt","Structured root ROOT_COMMAND_CENTER file was missing from matching git lane.","5909A88D204B07DD79566EA994A327395E16DC08AC55AF285988A67FFBBD15C2","668"
"MOVED_STRUCTURED_ROOT_FILE_TO_REPO_LANE","C:\Users\13527\Desktop\123\COMMAND_CENTER\RECEIPTS\PRE_RUN_GATES\COMMAND_CENTER_PRE_RUN_GATE_20260606_162538\RECEIPT__COMMAND_CENTER_PRE_RUN_GATE_ADAPTER__ERROR_TRIGGERED_HELPER_HARVEST_V1.md","C:\Users\13527\Desktop\123\Jxhnny_Kl33N_Seedz\COMMAND_CENTER\RECEIPTS\PRE_RUN_GATES\COMMAND_CENTER_PRE_RUN_GATE_20260606_162538\RECEIPT__COMMAND_CENTER_PRE_RUN_GATE_ADAPTER__ERROR_TRIGGERED_HELPER_HARVEST_V1.md","Structured root ROOT_COMMAND_CENTER file was missing from matching git lane.","FBA0E4B1C8317E36409494043EAEA6BF6373A05DAF1274B7AC22DA81445F7F9E","2149"
"MOVED_STRUCTURED_ROOT_FILE_TO_REPO_LANE","C:\Users\13527\Desktop\123\COMMAND_CENTER\RECEIPTS\PRE_RUN_GATES\COMMAND_CENTER_PRE_RUN_GATE_20260606_162609\ERROR_LEDGER__COMMAND_CENTER_PRE_RUN_GATE_ADAPTER__ERROR_TRIGGERED_HELPER_HARVEST_V1.md","C:\Users\13527\Desktop\123\Jxhnny_Kl33N_Seedz\COMMAND_CENTER\RECEIPTS\PRE_RUN_GATES\COMMAND_CENTER_PRE_RUN_GATE_20260606_162609\ERROR_LEDGER__COMMAND_CENTER_PRE_RUN_GATE_ADAPTER__ERROR_TRIGGERED_HELPER_HARVEST_V1.md","Structured root ROOT_COMMAND_CENTER file was missing from matching git lane.","CA73262F6F78F38D6A15E2FFAAAFD88246169122221F5656961BAE109BA4F9A6","280"
"MOVED_STRUCTURED_ROOT_FILE_TO_REPO_LANE","C:\Users\13527\Desktop\123\COMMAND_CENTER\RECEIPTS\PRE_RUN_GATES\COMMAND_CENTER_PRE_RUN_GATE_20260606_162609\GATE_OUTPUT__COMMAND_CENTER_PRE_RUN_GATE.txt","C:\Users\13527\Desktop\123\Jxhnny_Kl33N_Seedz\COMMAND_CENTER\RECEIPTS\PRE_RUN_GATES\COMMAND_CENTER_PRE_RUN_GATE_20260606_162609\GATE_OUTPUT__COMMAND_CENTER_PRE_RUN_GATE.txt","Structured root ROOT_COMMAND_CENTER file was missing from matching git lane.","DFF44DBD65795ECDBC2023A4E1F7838EF9B25233E13A57B2E99E7E7F808032D4","668"
"MOVED_STRUCTURED_ROOT_FILE_TO_REPO_LANE","C:\Users\13527\Desktop\123\COMMAND_CENTER\RECEIPTS\PRE_RUN_GATES\COMMAND_CENTER_PRE_RUN_GATE_20260606_162609\RECEIPT__COMMAND_CENTER_PRE_RUN_GATE_ADAPTER__ERROR_TRIGGERED_HELPER_HARVEST_V1.md","C:\Users\13527\Desktop\123\Jxhnny_Kl33N_Seedz\COMMAND_CENTER\RECEIPTS\PRE_RUN_GATES\COMMAND_CENTER_PRE_RUN_GATE_20260606_162609\RECEIPT__COMMAND_CENTER_PRE_RUN_GATE_ADAPTER__ERROR_TRIGGERED_HELPER_HARVEST_V1.md","Structured root ROOT_COMMAND_CENTER file was missing from matching git lane.","6F15FEE8B547D195B01A20D524D818F91DBCBC8A075A74AD71F9466E9E41A56C","2149"
"MOVED_STRUCTURED_ROOT_FILE_TO_REPO_LANE","C:\Users\13527\Desktop\123\COMMAND_CENTER\RECEIPTS\PRE_RUN_GATES\COMMAND_CENTER_PRE_RUN_GATE_20260606_163016\ERROR_LEDGER__COMMAND_CENTER_PRE_RUN_GATE_ADAPTER__ERROR_TRIGGERED_HELPER_HARVEST_V1.md","C:\Users\13527\Desktop\123\Jxhnny_Kl33N_Seedz\COMMAND_CENTER\RECEIPTS\PRE_RUN_GATES\COMMAND_CENTER_PRE_RUN_GATE_20260606_163016\ERROR_LEDGER__COMMAND_CENTER_PRE_RUN_GATE_ADAPTER__ERROR_TRIGGERED_HELPER_HARVEST_V1.md","Structured root ROOT_COMMAND_CENTER file was missing from matching git lane.","92566A8C5FA08DA84750C61BC0282FAD29D80F3B3AB30687315A5B1601962D6E","280"
"MOVED_STRUCTURED_ROOT_FILE_TO_REPO_LANE","C:\Users\13527\Desktop\123\COMMAND_CENTER\RECEIPTS\PRE_RUN_GATES\COMMAND_CENTER_PRE_RUN_GATE_20260606_163016\GATE_OUTPUT__COMMAND_CENTER_PRE_RUN_GATE.txt","C:\Users\13527\Desktop\123\Jxhnny_Kl33N_Seedz\COMMAND_CENTER\RECEIPTS\PRE_RUN_GATES\COMMAND_CENTER_PRE_RUN_GATE_20260606_163016\GATE_OUTPUT__COMMAND_CENTER_PRE_RUN_GATE.txt","Structured root ROOT_COMMAND_CENTER file was missing from matching git lane.","B8D1F831A8E165E6D6726FE16DB32965C121200A9E267CEBC31D74B12AFF184A","668"
"MOVED_STRUCTURED_ROOT_FILE_TO_REPO_LANE","C:\Users\13527\Desktop\123\COMMAND_CENTER\RECEIPTS\PRE_RUN_GATES\COMMAND_CENTER_PRE_RUN_GATE_20260606_163016\RECEIPT__COMMAND_CENTER_PRE_RUN_GATE_ADAPTER__ERROR_TRIGGERED_HELPER_HARVEST_V1.md","C:\Users\13527\Desktop\123\Jxhnny_Kl33N_Seedz\COMMAND_CENTER\RECEIPTS\PRE_RUN_GATES\COMMAND_CENTER_PRE_RUN_GATE_20260606_163016\RECEIPT__COMMAND_CENTER_PRE_RUN_GATE_ADAPTER__ERROR_TRIGGERED_HELPER_HARVEST_V1.md","Structured root ROOT_COMMAND_CENTER file was missing from matching git lane.","09F740063AB4F0675A2CDB2EEFF4D8953D9AD56DC8BA0CC12CFD5A5193568779","2149"
"MOVED_STRUCTURED_ROOT_FILE_TO_REPO_LANE","C:\Users\13527\Desktop\123\COMMAND_CENTER\RECEIPTS\PRE_RUN_GATES\COMMAND_CENTER_PRE_RUN_GATE_20260606_164029\ERROR_LEDGER__COMMAND_CENTER_PRE_RUN_GATE_ADAPTER__ERROR_TRIGGERED_HELPER_HARVEST_V1.md","C:\Users\13527\Desktop\123\Jxhnny_Kl33N_Seedz\COMMAND_CENTER\RECEIPTS\PRE_RUN_GATES\COMMAND_CENTER_PRE_RUN_GATE_20260606_164029\ERROR_LEDGER__COMMAND_CENTER_PRE_RUN_GATE_ADAPTER__ERROR_TRIGGERED_HELPER_HARVEST_V1.md","Structured root ROOT_COMMAND_CENTER file was missing from matching git lane.","434E3E37E52A521BFD12E30E9DA932EE58E51D73741B36ED9692172CCEF81579","280"
"MOVED_STRUCTURED_ROOT_FILE_TO_REPO_LANE","C:\Users\13527\Desktop\123\COMMAND_CENTER\RECEIPTS\PRE_RUN_GATES\COMMAND_CENTER_PRE_RUN_GATE_20260606_164029\GATE_OUTPUT__COMMAND_CENTER_PRE_RUN_GATE.txt","C:\Users\13527\Desktop\123\Jxhnny_Kl33N_Seedz\COMMAND_CENTER\RECEIPTS\PRE_RUN_GATES\COMMAND_CENTER_PRE_RUN_GATE_20260606_164029\GATE_OUTPUT__COMMAND_CENTER_PRE_RUN_GATE.txt","Structured root ROOT_COMMAND_CENTER file was missing from matching git lane.","C33C2E2F178337093B6AE2B8200F25A9F10FC27FB5305BAEE0643324D030263A","668"
"MOVED_STRUCTURED_ROOT_FILE_TO_REPO_LANE","C:\Users\13527\Desktop\123\COMMAND_CENTER\RECEIPTS\PRE_RUN_GATES\COMMAND_CENTER_PRE_RUN_GATE_20260606_164029\RECEIPT__COMMAND_CENTER_PRE_RUN_GATE_ADAPTER__ERROR_TRIGGERED_HELPER_HARVEST_V1.md","C:\Users\13527\Desktop\123\Jxhnny_Kl33N_Seedz\COMMAND_CENTER\RECEIPTS\PRE_RUN_GATES\COMMAND_CENTER_PRE_RUN_GATE_20260606_164029\RECEIPT__COMMAND_CENTER_PRE_RUN_GATE_ADAPTER__ERROR_TRIGGERED_HELPER_HARVEST_V1.md","Structured root ROOT_COMMAND_CENTER file was missing from matching git lane.","28ABC3FD7C5DC761436B16610636257D8B26EF89BB367421BB4785622C170B2E","2149"
"MOVED_STRUCTURED_ROOT_FILE_TO_REPO_LANE","C:\Users\13527\Desktop\123\COMMAND_CENTER\RECEIPTS\PRE_RUN_GATES\COMMAND_CENTER_PRE_RUN_GATE_20260606_164212\ERROR_LEDGER__COMMAND_CENTER_PRE_RUN_GATE_ADAPTER__ERROR_TRIGGERED_HELPER_HARVEST_V1.md","C:\Users\13527\Desktop\123\Jxhnny_Kl33N_Seedz\COMMAND_CENTER\RECEIPTS\PRE_RUN_GATES\COMMAND_CENTER_PRE_RUN_GATE_20260606_164212\ERROR_LEDGER__COMMAND_CENTER_PRE_RUN_GATE_ADAPTER__ERROR_TRIGGERED_HELPER_HARVEST_V1.md","Structured root ROOT_COMMAND_CENTER file was missing from matching git lane.","0ED5A1CD52A520640E78B4D1D85588202CF5818779DFA0843418EDD31E00496D","280"
"MOVED_STRUCTURED_ROOT_FILE_TO_REPO_LANE","C:\Users\13527\Desktop\123\COMMAND_CENTER\RECEIPTS\PRE_RUN_GATES\COMMAND_CENTER_PRE_RUN_GATE_20260606_164212\GATE_OUTPUT__COMMAND_CENTER_PRE_RUN_GATE.txt","C:\Users\13527\Desktop\123\Jxhnny_Kl33N_Seedz\COMMAND_CENTER\RECEIPTS\PRE_RUN_GATES\COMMAND_CENTER_PRE_RUN_GATE_20260606_164212\GATE_OUTPUT__COMMAND_CENTER_PRE_RUN_GATE.txt","Structured root ROOT_COMMAND_CENTER file was missing from matching git lane.","EE6C1BCE67535DE17606CB358694C7BA35166CC8AC8A2D58D956554D884E268B","668"
"MOVED_STRUCTURED_ROOT_FILE_TO_REPO_LANE","C:\Users\13527\Desktop\123\COMMAND_CENTER\RECEIPTS\PRE_RUN_GATES\COMMAND_CENTER_PRE_RUN_GATE_20260606_164212\RECEIPT__COMMAND_CENTER_PRE_RUN_GATE_ADAPTER__ERROR_TRIGGERED_HELPER_HARVEST_V1.md","C:\Users\13527\Desktop\123\Jxhnny_Kl33N_Seedz\COMMAND_CENTER\RECEIPTS\PRE_RUN_GATES\COMMAND_CENTER_PRE_RUN_GATE_20260606_164212\RECEIPT__COMMAND_CENTER_PRE_RUN_GATE_ADAPTER__ERROR_TRIGGERED_HELPER_HARVEST_V1.md","Structured root ROOT_COMMAND_CENTER file was missing from matching git lane.","B685093431EF95AFCBEFCF12DA287BFA41E14F5F84692E933C30C0EAA827A642","2149"
"MOVED_STRUCTURED_ROOT_FILE_TO_REPO_LANE","C:\Users\13527\Desktop\123\COMMAND_CENTER\RECEIPTS\PRE_RUN_GATES\COMMAND_CENTER_PRE_RUN_GATE_20260606_164411\ERROR_LEDGER__COMMAND_CENTER_PRE_RUN_GATE_ADAPTER__ERROR_TRIGGERED_HELPER_HARVEST_V1.md","C:\Users\13527\Desktop\123\Jxhnny_Kl33N_Seedz\COMMAND_CENTER\RECEIPTS\PRE_RUN_GATES\COMMAND_CENTER_PRE_RUN_GATE_20260606_164411\ERROR_LEDGER__COMMAND_CENTER_PRE_RUN_GATE_ADAPTER__ERROR_TRIGGERED_HELPER_HARVEST_V1.md","Structured root ROOT_COMMAND_CENTER file was missing from matching git lane.","A232F3CC6B53E060FB0558D2A6CE07C6F86E3A3D477E5902AA5DD1CDE5000CEC","280"
"MOVED_STRUCTURED_ROOT_FILE_TO_REPO_LANE","C:\Users\13527\Desktop\123\COMMAND_CENTER\RECEIPTS\PRE_RUN_GATES\COMMAND_CENTER_PRE_RUN_GATE_20260606_164411\GATE_OUTPUT__COMMAND_CENTER_PRE_RUN_GATE.txt","C:\Users\13527\Desktop\123\Jxhnny_Kl33N_Seedz\COMMAND_CENTER\RECEIPTS\PRE_RUN_GATES\COMMAND_CENTER_PRE_RUN_GATE_20260606_164411\GATE_OUTPUT__COMMAND_CENTER_PRE_RUN_GATE.txt","Structured root ROOT_COMMAND_CENTER file was missing from matching git lane.","5979C59F3D66ECEE05F6C5B97FC41E4B020F74CC50012C978A884AF657CF7067","668"
"MOVED_STRUCTURED_ROOT_FILE_TO_REPO_LANE","C:\Users\13527\Desktop\123\COMMAND_CENTER\RECEIPTS\PRE_RUN_GATES\COMMAND_CENTER_PRE_RUN_GATE_20260606_164411\RECEIPT__COMMAND_CENTER_PRE_RUN_GATE_ADAPTER__ERROR_TRIGGERED_HELPER_HARVEST_V1.md","C:\Users\13527\Desktop\123\Jxhnny_Kl33N_Seedz\COMMAND_CENTER\RECEIPTS\PRE_RUN_GATES\COMMAND_CENTER_PRE_RUN_GATE_20260606_164411\RECEIPT__COMMAND_CENTER_PRE_RUN_GATE_ADAPTER__ERROR_TRIGGERED_HELPER_HARVEST_V1.md","Structured root ROOT_COMMAND_CENTER file was missing from matching git lane.","D0BE64B8EF0CF1F31DD1AB2274D25CE8470C2C131A5DC567F4655D5DE9B1739D","2149"
"MOVED_STRUCTURED_ROOT_FILE_TO_REPO_LANE","C:\Users\13527\Desktop\123\COMMAND_CENTER\RECEIPTS\PRE_RUN_GATES\COMMAND_CENTER_PRE_RUN_GATE_20260606_165024\ERROR_LEDGER__COMMAND_CENTER_PRE_RUN_GATE_ADAPTER__ERROR_TRIGGERED_HELPER_HARVEST_V1.md","C:\Users\13527\Desktop\123\Jxhnny_Kl33N_Seedz\COMMAND_CENTER\RECEIPTS\PRE_RUN_GATES\COMMAND_CENTER_PRE_RUN_GATE_20260606_165024\ERROR_LEDGER__COMMAND_CENTER_PRE_RUN_GATE_ADAPTER__ERROR_TRIGGERED_HELPER_HARVEST_V1.md","Structured root ROOT_COMMAND_CENTER file was missing from matching git lane.","A8EB162C52E7B0C124E188D4EAFDDA081AB44117A91F60A05F99C51E08348DC0","280"
"MOVED_STRUCTURED_ROOT_FILE_TO_REPO_LANE","C:\Users\13527\Desktop\123\COMMAND_CENTER\RECEIPTS\PRE_RUN_GATES\COMMAND_CENTER_PRE_RUN_GATE_20260606_165024\GATE_OUTPUT__COMMAND_CENTER_PRE_RUN_GATE.txt","C:\Users\13527\Desktop\123\Jxhnny_Kl33N_Seedz\COMMAND_CENTER\RECEIPTS\PRE_RUN_GATES\COMMAND_CENTER_PRE_RUN_GATE_20260606_165024\GATE_OUTPUT__COMMAND_CENTER_PRE_RUN_GATE.txt","Structured root ROOT_COMMAND_CENTER file was missing from matching git lane.","36300638C40F3F2A9841E0A4D805D7D106B46F8710AB483EF6B2823C22DC3B7A","668"
"MOVED_STRUCTURED_ROOT_FILE_TO_REPO_LANE","C:\Users\13527\Desktop\123\COMMAND_CENTER\RECEIPTS\PRE_RUN_GATES\COMMAND_CENTER_PRE_RUN_GATE_20260606_165024\RECEIPT__COMMAND_CENTER_PRE_RUN_GATE_ADAPTER__ERROR_TRIGGERED_HELPER_HARVEST_V1.md","C:\Users\13527\Desktop\123\Jxhnny_Kl33N_Seedz\COMMAND_CENTER\RECEIPTS\PRE_RUN_GATES\COMMAND_CENTER_PRE_RUN_GATE_20260606_165024\RECEIPT__COMMAND_CENTER_PRE_RUN_GATE_ADAPTER__ERROR_TRIGGERED_HELPER_HARVEST_V1.md","Structured root ROOT_COMMAND_CENTER file was missing from matching git lane.","2C950E695506E36864CEB5ED22190C5DE76C38D38B7019A94970F7912F4D8DF4","2149"
"MOVED_STRUCTURED_ROOT_FILE_TO_REPO_LANE","C:\Users\13527\Desktop\123\COMMAND_CENTER\RECEIPTS\PRE_RUN_GATES\COMMAND_CENTER_PRE_RUN_GATE_20260606_171004\ERROR_LEDGER__COMMAND_CENTER_PRE_RUN_GATE_ADAPTER__ERROR_TRIGGERED_HELPER_HARVEST_V1.md","C:\Users\13527\Desktop\123\Jxhnny_Kl33N_Seedz\COMMAND_CENTER\RECEIPTS\PRE_RUN_GATES\COMMAND_CENTER_PRE_RUN_GATE_20260606_171004\ERROR_LEDGER__COMMAND_CENTER_PRE_RUN_GATE_ADAPTER__ERROR_TRIGGERED_HELPER_HARVEST_V1.md","Structured root ROOT_COMMAND_CENTER file was missing from matching git lane.","57EEA3CA5B7EC4D67A89A11D4EB781130D7F11DBF215860EB8FDE94F3D224E53","280"
"MOVED_STRUCTURED_ROOT_FILE_TO_REPO_LANE","C:\Users\13527\Desktop\123\COMMAND_CENTER\RECEIPTS\PRE_RUN_GATES\COMMAND_CENTER_PRE_RUN_GATE_20260606_171004\GATE_OUTPUT__COMMAND_CENTER_PRE_RUN_GATE.txt","C:\Users\13527\Desktop\123\Jxhnny_Kl33N_Seedz\COMMAND_CENTER\RECEIPTS\PRE_RUN_GATES\COMMAND_CENTER_PRE_RUN_GATE_20260606_171004\GATE_OUTPUT__COMMAND_CENTER_PRE_RUN_GATE.txt","Structured root ROOT_COMMAND_CENTER file was missing from matching git lane.","E3C811EE308BC8BAD46DDBAF53F43652EC44648F89658D669EF421D3A824F283","668"
"MOVED_STRUCTURED_ROOT_FILE_TO_REPO_LANE","C:\Users\13527\Desktop\123\COMMAND_CENTER\RECEIPTS\PRE_RUN_GATES\COMMAND_CENTER_PRE_RUN_GATE_20260606_171004\RECEIPT__COMMAND_CENTER_PRE_RUN_GATE_ADAPTER__ERROR_TRIGGERED_HELPER_HARVEST_V1.md","C:\Users\13527\Desktop\123\Jxhnny_Kl33N_Seedz\COMMAND_CENTER\RECEIPTS\PRE_RUN_GATES\COMMAND_CENTER_PRE_RUN_GATE_20260606_171004\RECEIPT__COMMAND_CENTER_PRE_RUN_GATE_ADAPTER__ERROR_TRIGGERED_HELPER_HARVEST_V1.md","Structured root ROOT_COMMAND_CENTER file was missing from matching git lane.","E79E752E43967F9B2762B339933C03FB753BBF4852990C9FA65C45B0527A2478","2149"
"MOVED_STRUCTURED_ROOT_FILE_TO_REPO_LANE","C:\Users\13527\Desktop\123\COMMAND_CENTER\RECEIPTS\PRE_RUN_GATES\COMMAND_CENTER_PRE_RUN_GATE_20260606_171517\ERROR_LEDGER__COMMAND_CENTER_PRE_RUN_GATE_ADAPTER__ERROR_TRIGGERED_HELPER_HARVEST_V1.md","C:\Users\13527\Desktop\123\Jxhnny_Kl33N_Seedz\COMMAND_CENTER\RECEIPTS\PRE_RUN_GATES\COMMAND_CENTER_PRE_RUN_GATE_20260606_171517\ERROR_LEDGER__COMMAND_CENTER_PRE_RUN_GATE_ADAPTER__ERROR_TRIGGERED_HELPER_HARVEST_V1.md","Structured root ROOT_COMMAND_CENTER file was missing from matching git lane.","0C379D20C387CA132E05781BD69C7359CF808B5FA71DCA83923FBCAA2EF00C56","280"
"MOVED_STRUCTURED_ROOT_FILE_TO_REPO_LANE","C:\Users\13527\Desktop\123\COMMAND_CENTER\RECEIPTS\PRE_RUN_GATES\COMMAND_CENTER_PRE_RUN_GATE_20260606_171517\GATE_OUTPUT__COMMAND_CENTER_PRE_RUN_GATE.txt","C:\Users\13527\Desktop\123\Jxhnny_Kl33N_Seedz\COMMAND_CENTER\RECEIPTS\PRE_RUN_GATES\COMMAND_CENTER_PRE_RUN_GATE_20260606_171517\GATE_OUTPUT__COMMAND_CENTER_PRE_RUN_GATE.txt","Structured root ROOT_COMMAND_CENTER file was missing from matching git lane.","805DBFFB73E0F8F2DBEFC0142A650A08E21BD44E2F8E812ECF6A79D4F34681F6","668"
"MOVED_STRUCTURED_ROOT_FILE_TO_REPO_LANE","C:\Users\13527\Desktop\123\COMMAND_CENTER\RECEIPTS\PRE_RUN_GATES\COMMAND_CENTER_PRE_RUN_GATE_20260606_171517\RECEIPT__COMMAND_CENTER_PRE_RUN_GATE_ADAPTER__ERROR_TRIGGERED_HELPER_HARVEST_V1.md","C:\Users\13527\Desktop\123\Jxhnny_Kl33N_Seedz\COMMAND_CENTER\RECEIPTS\PRE_RUN_GATES\COMMAND_CENTER_PRE_RUN_GATE_20260606_171517\RECEIPT__COMMAND_CENTER_PRE_RUN_GATE_ADAPTER__ERROR_TRIGGERED_HELPER_HARVEST_V1.md","Structured root ROOT_COMMAND_CENTER file was missing from matching git lane.","929A54DCB54E05EDC1DBCA7D3DDDE4A292822D1176E057B57CB832D6B91937D9","2149"
"MOVED_STRUCTURED_ROOT_FILE_TO_REPO_LANE","C:\Users\13527\Desktop\123\COMMAND_CENTER\RECEIPTS\PRE_RUN_GATES\COMMAND_CENTER_PRE_RUN_GATE_20260606_171817\ERROR_LEDGER__COMMAND_CENTER_PRE_RUN_GATE_ADAPTER__ERROR_TRIGGERED_HELPER_HARVEST_V1.md","C:\Users\13527\Desktop\123\Jxhnny_Kl33N_Seedz\COMMAND_CENTER\RECEIPTS\PRE_RUN_GATES\COMMAND_CENTER_PRE_RUN_GATE_20260606_171817\ERROR_LEDGER__COMMAND_CENTER_PRE_RUN_GATE_ADAPTER__ERROR_TRIGGERED_HELPER_HARVEST_V1.md","Structured root ROOT_COMMAND_CENTER file was missing from matching git lane.","F390F93796247AC30AF8934F78D6736E7F683C20A52D11FFDB97FC49AB894604","280"
"MOVED_STRUCTURED_ROOT_FILE_TO_REPO_LANE","C:\Users\13527\Desktop\123\COMMAND_CENTER\RECEIPTS\PRE_RUN_GATES\COMMAND_CENTER_PRE_RUN_GATE_20260606_171817\GATE_OUTPUT__COMMAND_CENTER_PRE_RUN_GATE.txt","C:\Users\13527\Desktop\123\Jxhnny_Kl33N_Seedz\COMMAND_CENTER\RECEIPTS\PRE_RUN_GATES\COMMAND_CENTER_PRE_RUN_GATE_20260606_171817\GATE_OUTPUT__COMMAND_CENTER_PRE_RUN_GATE.txt","Structured root ROOT_COMMAND_CENTER file was missing from matching git lane.","A00201E79A27A12790DD67C51169CD67D7DE5485FB5199A49AAC2C8726422979","668"
"MOVED_STRUCTURED_ROOT_FILE_TO_REPO_LANE","C:\Users\13527\Desktop\123\COMMAND_CENTER\RECEIPTS\PRE_RUN_GATES\COMMAND_CENTER_PRE_RUN_GATE_20260606_171817\RECEIPT__COMMAND_CENTER_PRE_RUN_GATE_ADAPTER__ERROR_TRIGGERED_HELPER_HARVEST_V1.md","C:\Users\13527\Desktop\123\Jxhnny_Kl33N_Seedz\COMMAND_CENTER\RECEIPTS\PRE_RUN_GATES\COMMAND_CENTER_PRE_RUN_GATE_20260606_171817\RECEIPT__COMMAND_CENTER_PRE_RUN_GATE_ADAPTER__ERROR_TRIGGERED_HELPER_HARVEST_V1.md","Structured root ROOT_COMMAND_CENTER file was missing from matching git lane.","D3AA8CEE8ED47CEF402C06B781C33078F97134600AD8A83B05F89D38E19440FC","2149"
"MOVED_STRUCTURED_ROOT_FILE_TO_REPO_LANE","C:\Users\13527\Desktop\123\COMMAND_CENTER\RECEIPTS\PRE_RUN_GATES\COMMAND_CENTER_PRE_RUN_GATE_20260606_172112\ERROR_LEDGER__COMMAND_CENTER_PRE_RUN_GATE_ADAPTER__ERROR_TRIGGERED_HELPER_HARVEST_V1.md","C:\Users\13527\Desktop\123\Jxhnny_Kl33N_Seedz\COMMAND_CENTER\RECEIPTS\PRE_RUN_GATES\COMMAND_CENTER_PRE_RUN_GATE_20260606_172112\ERROR_LEDGER__COMMAND_CENTER_PRE_RUN_GATE_ADAPTER__ERROR_TRIGGERED_HELPER_HARVEST_V1.md","Structured root ROOT_COMMAND_CENTER file was missing from matching git lane.","F56A5D575F366B49CB2FCC3C5D0FA3AED8C98FB03A2C0DA833DB5188F207C3F2","280"
"MOVED_STRUCTURED_ROOT_FILE_TO_REPO_LANE","C:\Users\13527\Desktop\123\COMMAND_CENTER\RECEIPTS\PRE_RUN_GATES\COMMAND_CENTER_PRE_RUN_GATE_20260606_172112\GATE_OUTPUT__COMMAND_CENTER_PRE_RUN_GATE.txt","C:\Users\13527\Desktop\123\Jxhnny_Kl33N_Seedz\COMMAND_CENTER\RECEIPTS\PRE_RUN_GATES\COMMAND_CENTER_PRE_RUN_GATE_20260606_172112\GATE_OUTPUT__COMMAND_CENTER_PRE_RUN_GATE.txt","Structured root ROOT_COMMAND_CENTER file was missing from matching git lane.","9E95B9F81FECB373CA98E8F0B3F4B6BA322B8B69B36D84A3F1780AA91F004E33","668"
"MOVED_STRUCTURED_ROOT_FILE_TO_REPO_LANE","C:\Users\13527\Desktop\123\COMMAND_CENTER\RECEIPTS\PRE_RUN_GATES\COMMAND_CENTER_PRE_RUN_GATE_20260606_172112\RECEIPT__COMMAND_CENTER_PRE_RUN_GATE_ADAPTER__ERROR_TRIGGERED_HELPER_HARVEST_V1.md","C:\Users\13527\Desktop\123\Jxhnny_Kl33N_Seedz\COMMAND_CENTER\RECEIPTS\PRE_RUN_GATES\COMMAND_CENTER_PRE_RUN_GATE_20260606_172112\RECEIPT__COMMAND_CENTER_PRE_RUN_GATE_ADAPTER__ERROR_TRIGGERED_HELPER_HARVEST_V1.md","Structured root ROOT_COMMAND_CENTER file was missing from matching git lane.","D4AF330BF43DF50D33D9DCD0A87C00DD91EBA16AF3D904A9002B4B56B69E7005","2149"
"MOVED_STRUCTURED_ROOT_FILE_TO_REPO_LANE","C:\Users\13527\Desktop\123\COMMAND_CENTER\RECEIPTS\PRE_RUN_GATES\COMMAND_CENTER_PRE_RUN_GATE_20260606_172140\ERROR_LEDGER__COMMAND_CENTER_PRE_RUN_GATE_ADAPTER__ERROR_TRIGGERED_HELPER_HARVEST_V1.md","C:\Users\13527\Desktop\123\Jxhnny_Kl33N_Seedz\COMMAND_CENTER\RECEIPTS\PRE_RUN_GATES\COMMAND_CENTER_PRE_RUN_GATE_20260606_172140\ERROR_LEDGER__COMMAND_CENTER_PRE_RUN_GATE_ADAPTER__ERROR_TRIGGERED_HELPER_HARVEST_V1.md","Structured root ROOT_COMMAND_CENTER file was missing from matching git lane.","778C48210D0E11E5511BAAC01EC7A589A85BF4C29E8CE8C31C45DA78C3B65DF9","280"
"MOVED_STRUCTURED_ROOT_FILE_TO_REPO_LANE","C:\Users\13527\Desktop\123\COMMAND_CENTER\RECEIPTS\PRE_RUN_GATES\COMMAND_CENTER_PRE_RUN_GATE_20260606_172140\GATE_OUTPUT__COMMAND_CENTER_PRE_RUN_GATE.txt","C:\Users\13527\Desktop\123\Jxhnny_Kl33N_Seedz\COMMAND_CENTER\RECEIPTS\PRE_RUN_GATES\COMMAND_CENTER_PRE_RUN_GATE_20260606_172140\GATE_OUTPUT__COMMAND_CENTER_PRE_RUN_GATE.txt","Structured root ROOT_COMMAND_CENTER file was missing from matching git lane.","FA7EB23931DBC7DE6A1A6132953EDF13AAAF6D9F34D376C81D9F8C6325163E53","668"
"MOVED_STRUCTURED_ROOT_FILE_TO_REPO_LANE","C:\Users\13527\Desktop\123\COMMAND_CENTER\RECEIPTS\PRE_RUN_GATES\COMMAND_CENTER_PRE_RUN_GATE_20260606_172140\RECEIPT__COMMAND_CENTER_PRE_RUN_GATE_ADAPTER__ERROR_TRIGGERED_HELPER_HARVEST_V1.md","C:\Users\13527\Desktop\123\Jxhnny_Kl33N_Seedz\COMMAND_CENTER\RECEIPTS\PRE_RUN_GATES\COMMAND_CENTER_PRE_RUN_GATE_20260606_172140\RECEIPT__COMMAND_CENTER_PRE_RUN_GATE_ADAPTER__ERROR_TRIGGERED_HELPER_HARVEST_V1.md","Structured root ROOT_COMMAND_CENTER file was missing from matching git lane.","E81FCB4038D19C1A4E1B8A890C0EC78D9B2AEE34978D107E43C02A283294BF11","2149"
"MOVED_STRUCTURED_ROOT_FILE_TO_REPO_LANE","C:\Users\13527\Desktop\123\COMMAND_CENTER\RECEIPTS\PRE_RUN_GATES\COMMAND_CENTER_PRE_RUN_GATE_20260606_173632\ERROR_LEDGER__COMMAND_CENTER_PRE_RUN_GATE_ADAPTER__ERROR_TRIGGERED_HELPER_HARVEST_V1.md","C:\Users\13527\Desktop\123\Jxhnny_Kl33N_Seedz\COMMAND_CENTER\RECEIPTS\PRE_RUN_GATES\COMMAND_CENTER_PRE_RUN_GATE_20260606_173632\ERROR_LEDGER__COMMAND_CENTER_PRE_RUN_GATE_ADAPTER__ERROR_TRIGGERED_HELPER_HARVEST_V1.md","Structured root ROOT_COMMAND_CENTER file was missing from matching git lane.","8F5CBBBBF3323DA32F1ABBCDAA247E5238D242E2FBD5A5A0854A2285A8660D07","280"
"MOVED_STRUCTURED_ROOT_FILE_TO_REPO_LANE","C:\Users\13527\Desktop\123\COMMAND_CENTER\RECEIPTS\PRE_RUN_GATES\COMMAND_CENTER_PRE_RUN_GATE_20260606_173632\GATE_OUTPUT__COMMAND_CENTER_PRE_RUN_GATE.txt","C:\Users\13527\Desktop\123\Jxhnny_Kl33N_Seedz\COMMAND_CENTER\RECEIPTS\PRE_RUN_GATES\COMMAND_CENTER_PRE_RUN_GATE_20260606_173632\GATE_OUTPUT__COMMAND_CENTER_PRE_RUN_GATE.txt","Structured root ROOT_COMMAND_CENTER file was missing from matching git lane.","D753C5AB29DCF39485705A4DBB4BD5034CE76D4F765E6AC39A299F2A80FCB4DE","668"
"MOVED_STRUCTURED_ROOT_FILE_TO_REPO_LANE","C:\Users\13527\Desktop\123\COMMAND_CENTER\RECEIPTS\PRE_RUN_GATES\COMMAND_CENTER_PRE_RUN_GATE_20260606_173632\RECEIPT__COMMAND_CENTER_PRE_RUN_GATE_ADAPTER__ERROR_TRIGGERED_HELPER_HARVEST_V1.md","C:\Users\13527\Desktop\123\Jxhnny_Kl33N_Seedz\COMMAND_CENTER\RECEIPTS\PRE_RUN_GATES\COMMAND_CENTER_PRE_RUN_GATE_20260606_173632\RECEIPT__COMMAND_CENTER_PRE_RUN_GATE_ADAPTER__ERROR_TRIGGERED_HELPER_HARVEST_V1.md","Structured root ROOT_COMMAND_CENTER file was missing from matching git lane.","3D61A7CCACF4BEDCCEC54E92BEF8ECA098347EEA78126367F80A6BEDF302F77B","2149"
"MOVED_STRUCTURED_ROOT_FILE_TO_REPO_LANE","C:\Users\13527\Desktop\123\COMMAND_CENTER\RECEIPTS\PRE_RUN_GATES\COMMAND_CENTER_PRE_RUN_GATE_20260606_173703\ERROR_LEDGER__COMMAND_CENTER_PRE_RUN_GATE_ADAPTER__ERROR_TRIGGERED_HELPER_HARVEST_V1.md","C:\Users\13527\Desktop\123\Jxhnny_Kl33N_Seedz\COMMAND_CENTER\RECEIPTS\PRE_RUN_GATES\COMMAND_CENTER_PRE_RUN_GATE_20260606_173703\ERROR_LEDGER__COMMAND_CENTER_PRE_RUN_GATE_ADAPTER__ERROR_TRIGGERED_HELPER_HARVEST_V1.md","Structured root ROOT_COMMAND_CENTER file was missing from matching git lane.","0B257BDA6DAED819D8B50F2C8DFAA1290989C7F4C99790861EEF61CE003D68EF","280"
"MOVED_STRUCTURED_ROOT_FILE_TO_REPO_LANE","C:\Users\13527\Desktop\123\COMMAND_CENTER\RECEIPTS\PRE_RUN_GATES\COMMAND_CENTER_PRE_RUN_GATE_20260606_173703\GATE_OUTPUT__COMMAND_CENTER_PRE_RUN_GATE.txt","C:\Users\13527\Desktop\123\Jxhnny_Kl33N_Seedz\COMMAND_CENTER\RECEIPTS\PRE_RUN_GATES\COMMAND_CENTER_PRE_RUN_GATE_20260606_173703\GATE_OUTPUT__COMMAND_CENTER_PRE_RUN_GATE.txt","Structured root ROOT_COMMAND_CENTER file was missing from matching git lane.","A7718A8C91C215EACFA0776BFBFBA9C13FF4DD045D25F0F79AB59791C5FBF1D9","668"
"MOVED_STRUCTURED_ROOT_FILE_TO_REPO_LANE","C:\Users\13527\Desktop\123\COMMAND_CENTER\RECEIPTS\PRE_RUN_GATES\COMMAND_CENTER_PRE_RUN_GATE_20260606_173703\RECEIPT__COMMAND_CENTER_PRE_RUN_GATE_ADAPTER__ERROR_TRIGGERED_HELPER_HARVEST_V1.md","C:\Users\13527\Desktop\123\Jxhnny_Kl33N_Seedz\COMMAND_CENTER\RECEIPTS\PRE_RUN_GATES\COMMAND_CENTER_PRE_RUN_GATE_20260606_173703\RECEIPT__COMMAND_CENTER_PRE_RUN_GATE_ADAPTER__ERROR_TRIGGERED_HELPER_HARVEST_V1.md","Structured root ROOT_COMMAND_CENTER file was missing from matching git lane.","143555969BDD759C0C632B52617093A1CAA63AAB55D6306BCD878A19DCAFD853","2149"
"MOVED_STRUCTURED_ROOT_FILE_TO_REPO_LANE","C:\Users\13527\Desktop\123\COMMAND_CENTER\RECEIPTS\PRE_RUN_GATES\COMMAND_CENTER_PRE_RUN_GATE_20260606_174019\ERROR_LEDGER__COMMAND_CENTER_PRE_RUN_GATE_ADAPTER__ERROR_TRIGGERED_HELPER_HARVEST_V1.md","C:\Users\13527\Desktop\123\Jxhnny_Kl33N_Seedz\COMMAND_CENTER\RECEIPTS\PRE_RUN_GATES\COMMAND_CENTER_PRE_RUN_GATE_20260606_174019\ERROR_LEDGER__COMMAND_CENTER_PRE_RUN_GATE_ADAPTER__ERROR_TRIGGERED_HELPER_HARVEST_V1.md","Structured root ROOT_COMMAND_CENTER file was missing from matching git lane.","C3E07FC4A08611797B3B076AFE07C6712B33410BB9FD2C0C4630491C964F0E98","280"
"MOVED_STRUCTURED_ROOT_FILE_TO_REPO_LANE","C:\Users\13527\Desktop\123\COMMAND_CENTER\RECEIPTS\PRE_RUN_GATES\COMMAND_CENTER_PRE_RUN_GATE_20260606_174019\GATE_OUTPUT__COMMAND_CENTER_PRE_RUN_GATE.txt","C:\Users\13527\Desktop\123\Jxhnny_Kl33N_Seedz\COMMAND_CENTER\RECEIPTS\PRE_RUN_GATES\COMMAND_CENTER_PRE_RUN_GATE_20260606_174019\GATE_OUTPUT__COMMAND_CENTER_PRE_RUN_GATE.txt","Structured root ROOT_COMMAND_CENTER file was missing from matching git lane.","93BEAF9C47E6AB86EEF375C96F13DDEED3214846E830294738DFCB2BD0FBC2B6","668"
"MOVED_STRUCTURED_ROOT_FILE_TO_REPO_LANE","C:\Users\13527\Desktop\123\COMMAND_CENTER\RECEIPTS\PRE_RUN_GATES\COMMAND_CENTER_PRE_RUN_GATE_20260606_174019\RECEIPT__COMMAND_CENTER_PRE_RUN_GATE_ADAPTER__ERROR_TRIGGERED_HELPER_HARVEST_V1.md","C:\Users\13527\Desktop\123\Jxhnny_Kl33N_Seedz\COMMAND_CENTER\RECEIPTS\PRE_RUN_GATES\COMMAND_CENTER_PRE_RUN_GATE_20260606_174019\RECEIPT__COMMAND_CENTER_PRE_RUN_GATE_ADAPTER__ERROR_TRIGGERED_HELPER_HARVEST_V1.md","Structured root ROOT_COMMAND_CENTER file was missing from matching git lane.","56698D39B5AA09FD0AE50076C7CF1C96E0F2F1CC1747742E12603E8734DF8E5A","2149"
"MOVED_STRUCTURED_ROOT_FILE_TO_REPO_LANE","C:\Users\13527\Desktop\123\COMMAND_CENTER\RECEIPTS\PRE_RUN_GATES\COMMAND_CENTER_PRE_RUN_GATE_20260606_174049\ERROR_LEDGER__COMMAND_CENTER_PRE_RUN_GATE_ADAPTER__ERROR_TRIGGERED_HELPER_HARVEST_V1.md","C:\Users\13527\Desktop\123\Jxhnny_Kl33N_Seedz\COMMAND_CENTER\RECEIPTS\PRE_RUN_GATES\COMMAND_CENTER_PRE_RUN_GATE_20260606_174049\ERROR_LEDGER__COMMAND_CENTER_PRE_RUN_GATE_ADAPTER__ERROR_TRIGGERED_HELPER_HARVEST_V1.md","Structured root ROOT_COMMAND_CENTER file was missing from matching git lane.","CFFEE58415D1BA07E0EC7E2FD36B8E087CD0ACE31B6F4DE723A6C81FC068AC46","280"
"MOVED_STRUCTURED_ROOT_FILE_TO_REPO_LANE","C:\Users\13527\Desktop\123\COMMAND_CENTER\RECEIPTS\PRE_RUN_GATES\COMMAND_CENTER_PRE_RUN_GATE_20260606_174049\GATE_OUTPUT__COMMAND_CENTER_PRE_RUN_GATE.txt","C:\Users\13527\Desktop\123\Jxhnny_Kl33N_Seedz\COMMAND_CENTER\RECEIPTS\PRE_RUN_GATES\COMMAND_CENTER_PRE_RUN_GATE_20260606_174049\GATE_OUTPUT__COMMAND_CENTER_PRE_RUN_GATE.txt","Structured root ROOT_COMMAND_CENTER file was missing from matching git lane.","1861CDF4FB0B6DDDC23BE1E5F97CB41C4EC7314B3F53C9DD05C541930BEAA36A","668"
"MOVED_STRUCTURED_ROOT_FILE_TO_REPO_LANE","C:\Users\13527\Desktop\123\COMMAND_CENTER\RECEIPTS\PRE_RUN_GATES\COMMAND_CENTER_PRE_RUN_GATE_20260606_174049\RECEIPT__COMMAND_CENTER_PRE_RUN_GATE_ADAPTER__ERROR_TRIGGERED_HELPER_HARVEST_V1.md","C:\Users\13527\Desktop\123\Jxhnny_Kl33N_Seedz\COMMAND_CENTER\RECEIPTS\PRE_RUN_GATES\COMMAND_CENTER_PRE_RUN_GATE_20260606_174049\RECEIPT__COMMAND_CENTER_PRE_RUN_GATE_ADAPTER__ERROR_TRIGGERED_HELPER_HARVEST_V1.md","Structured root ROOT_COMMAND_CENTER file was missing from matching git lane.","61E24047B82DDFD782217409D4023836FB145E6B72CBC26B3A307DE7063A3A80","2149"
"MOVED_STRUCTURED_ROOT_FILE_TO_REPO_LANE","C:\Users\13527\Desktop\123\COMMAND_CENTER\RECEIPTS\PRE_RUN_GATES\COMMAND_CENTER_PRE_RUN_GATE_20260606_181338\ERROR_LEDGER__COMMAND_CENTER_PRE_RUN_GATE_ADAPTER__ERROR_TRIGGERED_HELPER_HARVEST_V1.md","C:\Users\13527\Desktop\123\Jxhnny_Kl33N_Seedz\COMMAND_CENTER\RECEIPTS\PRE_RUN_GATES\COMMAND_CENTER_PRE_RUN_GATE_20260606_181338\ERROR_LEDGER__COMMAND_CENTER_PRE_RUN_GATE_ADAPTER__ERROR_TRIGGERED_HELPER_HARVEST_V1.md","Structured root ROOT_COMMAND_CENTER file was missing from matching git lane.","427320283A9E48C6930D54943614E3C8DF5A1C9D9A297F68F307630E07B7C5DC","280"
"MOVED_STRUCTURED_ROOT_FILE_TO_REPO_LANE","C:\Users\13527\Desktop\123\COMMAND_CENTER\RECEIPTS\PRE_RUN_GATES\COMMAND_CENTER_PRE_RUN_GATE_20260606_181338\GATE_OUTPUT__COMMAND_CENTER_PRE_RUN_GATE.txt","C:\Users\13527\Desktop\123\Jxhnny_Kl33N_Seedz\COMMAND_CENTER\RECEIPTS\PRE_RUN_GATES\COMMAND_CENTER_PRE_RUN_GATE_20260606_181338\GATE_OUTPUT__COMMAND_CENTER_PRE_RUN_GATE.txt","Structured root ROOT_COMMAND_CENTER file was missing from matching git lane.","82DB295D735F32CC9116AD0CEDD99B665D76EA138B557DC28FF6FEC3A7BFB54F","668"
"MOVED_STRUCTURED_ROOT_FILE_TO_REPO_LANE","C:\Users\13527\Desktop\123\COMMAND_CENTER\RECEIPTS\PRE_RUN_GATES\COMMAND_CENTER_PRE_RUN_GATE_20260606_181338\RECEIPT__COMMAND_CENTER_PRE_RUN_GATE_ADAPTER__ERROR_TRIGGERED_HELPER_HARVEST_V1.md","C:\Users\13527\Desktop\123\Jxhnny_Kl33N_Seedz\COMMAND_CENTER\RECEIPTS\PRE_RUN_GATES\COMMAND_CENTER_PRE_RUN_GATE_20260606_181338\RECEIPT__COMMAND_CENTER_PRE_RUN_GATE_ADAPTER__ERROR_TRIGGERED_HELPER_HARVEST_V1.md","Structured root ROOT_COMMAND_CENTER file was missing from matching git lane.","0222E5053B0512A129BF85A8ACC6331CFACFECC164400C17A61E4DAF095E2567","2149"
"MOVED_STRUCTURED_ROOT_FILE_TO_REPO_LANE","C:\Users\13527\Desktop\123\COMMAND_CENTER\RECEIPTS\PRE_RUN_GATES\COMMAND_CENTER_PRE_RUN_GATE_20260606_182416\ERROR_LEDGER__COMMAND_CENTER_PRE_RUN_GATE_ADAPTER__ERROR_TRIGGERED_HELPER_HARVEST_V1.md","C:\Users\13527\Desktop\123\Jxhnny_Kl33N_Seedz\COMMAND_CENTER\RECEIPTS\PRE_RUN_GATES\COMMAND_CENTER_PRE_RUN_GATE_20260606_182416\ERROR_LEDGER__COMMAND_CENTER_PRE_RUN_GATE_ADAPTER__ERROR_TRIGGERED_HELPER_HARVEST_V1.md","Structured root ROOT_COMMAND_CENTER file was missing from matching git lane.","21700D6F5FCC9DB99397CBD49A544B3CFE654B4E3D256BFE131C3D66C4FAA690","280"
"MOVED_STRUCTURED_ROOT_FILE_TO_REPO_LANE","C:\Users\13527\Desktop\123\COMMAND_CENTER\RECEIPTS\PRE_RUN_GATES\COMMAND_CENTER_PRE_RUN_GATE_20260606_182416\GATE_OUTPUT__COMMAND_CENTER_PRE_RUN_GATE.txt","C:\Users\13527\Desktop\123\Jxhnny_Kl33N_Seedz\COMMAND_CENTER\RECEIPTS\PRE_RUN_GATES\COMMAND_CENTER_PRE_RUN_GATE_20260606_182416\GATE_OUTPUT__COMMAND_CENTER_PRE_RUN_GATE.txt","Structured root ROOT_COMMAND_CENTER file was missing from matching git lane.","3C217BD3DF44142D33A488446B4E0F2E6DDF3DEA0273538363970A4B8959E33D","668"
"MOVED_STRUCTURED_ROOT_FILE_TO_REPO_LANE","C:\Users\13527\Desktop\123\COMMAND_CENTER\RECEIPTS\PRE_RUN_GATES\COMMAND_CENTER_PRE_RUN_GATE_20260606_182416\RECEIPT__COMMAND_CENTER_PRE_RUN_GATE_ADAPTER__ERROR_TRIGGERED_HELPER_HARVEST_V1.md","C:\Users\13527\Desktop\123\Jxhnny_Kl33N_Seedz\COMMAND_CENTER\RECEIPTS\PRE_RUN_GATES\COMMAND_CENTER_PRE_RUN_GATE_20260606_182416\RECEIPT__COMMAND_CENTER_PRE_RUN_GATE_ADAPTER__ERROR_TRIGGERED_HELPER_HARVEST_V1.md","Structured root ROOT_COMMAND_CENTER file was missing from matching git lane.","B65D9A3457F7849C8C4C20C43D9F26BEC60E245693423FBE3B40D762D30686D1","2149"
"MOVED_STRUCTURED_ROOT_FILE_TO_REPO_LANE","C:\Users\13527\Desktop\123\COMMAND_CENTER\RECEIPTS\PRE_RUN_GATES\WRITE_COMMAND_CENTER_PRE_RUN_GATE_ADAPTER_V1_20260606_153114\RECEIPT__WRITE_COMMAND_CENTER_PRE_RUN_GATE_ADAPTER_V1_20260606.md","C:\Users\13527\Desktop\123\Jxhnny_Kl33N_Seedz\COMMAND_CENTER\RECEIPTS\PRE_RUN_GATES\WRITE_COMMAND_CENTER_PRE_RUN_GATE_ADAPTER_V1_20260606_153114\RECEIPT__WRITE_COMMAND_CENTER_PRE_RUN_GATE_ADAPTER_V1_20260606.md","Structured root ROOT_COMMAND_CENTER file was missing from matching git lane.","8437A31D641BF6C24558EC0F2858BBF8092EB4A0C8543A1381464576244A184F","2200"
"MOVED_STRUCTURED_ROOT_FILE_TO_REPO_LANE","C:\Users\13527\Desktop\123\COMMAND_CENTER\RECEIPTS\PRE_RUN_GATES\WRITE_COMMAND_CENTER_PRE_RUN_GATE_ADAPTER_V1_20260606_153114\VERIFY_OUTPUT__COMMAND_CENTER_PRE_RUN_GATE_ADAPTER_V1_20260606.txt","C:\Users\13527\Desktop\123\Jxhnny_Kl33N_Seedz\COMMAND_CENTER\RECEIPTS\PRE_RUN_GATES\WRITE_COMMAND_CENTER_PRE_RUN_GATE_ADAPTER_V1_20260606_153114\VERIFY_OUTPUT__COMMAND_CENTER_PRE_RUN_GATE_ADAPTER_V1_20260606.txt","Structured root ROOT_COMMAND_CENTER file was missing from matching git lane.","926D42F8038DE222A389D35D0DDB63B04CCDDBF24A0B28C6A22AD76AC565B63C","524"
"MOVED_STRUCTURED_ROOT_FILE_TO_REPO_LANE","C:\Users\13527\Desktop\123\COMMAND_CENTER\RECEIPTS\WORK_ENTRYPOINT\COMMAND_CENTER_WORK_ENTRYPOINT_20260606_153436\ERROR_LEDGER__COMMAND_CENTER_WORK_ENTRYPOINT_V1_20260606.md","C:\Users\13527\Desktop\123\Jxhnny_Kl33N_Seedz\COMMAND_CENTER\RECEIPTS\WORK_ENTRYPOINT\COMMAND_CENTER_WORK_ENTRYPOINT_20260606_153436\ERROR_LEDGER__COMMAND_CENTER_WORK_ENTRYPOINT_V1_20260606.md","Structured root ROOT_COMMAND_CENTER file was missing from matching git lane.","6C3E50343D3966916CD83433C5BD49C7EE64D2B86E46412FE2ED560B4C75771F","281"
"MOVED_STRUCTURED_ROOT_FILE_TO_REPO_LANE","C:\Users\13527\Desktop\123\COMMAND_CENTER\RECEIPTS\WORK_ENTRYPOINT\COMMAND_CENTER_WORK_ENTRYPOINT_20260606_153436\OUTPUT__COMMAND_CENTER_WORK_ENTRYPOINT_V1_20260606.txt","C:\Users\13527\Desktop\123\Jxhnny_Kl33N_Seedz\COMMAND_CENTER\RECEIPTS\WORK_ENTRYPOINT\COMMAND_CENTER_WORK_ENTRYPOINT_20260606_153436\OUTPUT__COMMAND_CENTER_WORK_ENTRYPOINT_V1_20260606.txt","Structured root ROOT_COMMAND_CENTER file was missing from matching git lane.","08A575D4FEF189D8BBBE5989DF96A31ACF03557630E3DD64301AD693C9F903D8","524"
"MOVED_STRUCTURED_ROOT_FILE_TO_REPO_LANE","C:\Users\13527\Desktop\123\COMMAND_CENTER\RECEIPTS\WORK_ENTRYPOINT\COMMAND_CENTER_WORK_ENTRYPOINT_20260606_153436\RECEIPT__COMMAND_CENTER_WORK_ENTRYPOINT_V1_20260606.md","C:\Users\13527\Desktop\123\Jxhnny_Kl33N_Seedz\COMMAND_CENTER\RECEIPTS\WORK_ENTRYPOINT\COMMAND_CENTER_WORK_ENTRYPOINT_20260606_153436\RECEIPT__COMMAND_CENTER_WORK_ENTRYPOINT_V1_20260606.md","Structured root ROOT_COMMAND_CENTER file was missing from matching git lane.","04BCB0AF5A8D7D5DE4B12D08842B578D517D44CEC799F6EE0F8B15C89ED86B46","2175"
"MOVED_STRUCTURED_ROOT_FILE_TO_REPO_LANE","C:\Users\13527\Desktop\123\COMMAND_CENTER\RECEIPTS\WORK_ENTRYPOINT\COMMAND_CENTER_WORK_ENTRYPOINT_20260606_153627\ERROR_LEDGER__COMMAND_CENTER_WORK_ENTRYPOINT_V1_20260606.md","C:\Users\13527\Desktop\123\Jxhnny_Kl33N_Seedz\COMMAND_CENTER\RECEIPTS\WORK_ENTRYPOINT\COMMAND_CENTER_WORK_ENTRYPOINT_20260606_153627\ERROR_LEDGER__COMMAND_CENTER_WORK_ENTRYPOINT_V1_20260606.md","Structured root ROOT_COMMAND_CENTER file was missing from matching git lane.","7F81969C578ECBBA9F9A2F5F415B4943CDAFBF6ED59D707A1A4821C1CC412F30","281"
"MOVED_STRUCTURED_ROOT_FILE_TO_REPO_LANE","C:\Users\13527\Desktop\123\COMMAND_CENTER\RECEIPTS\WORK_ENTRYPOINT\COMMAND_CENTER_WORK_ENTRYPOINT_20260606_153627\OUTPUT__COMMAND_CENTER_WORK_ENTRYPOINT_V1_20260606.txt","C:\Users\13527\Desktop\123\Jxhnny_Kl33N_Seedz\COMMAND_CENTER\RECEIPTS\WORK_ENTRYPOINT\COMMAND_CENTER_WORK_ENTRYPOINT_20260606_153627\OUTPUT__COMMAND_CENTER_WORK_ENTRYPOINT_V1_20260606.txt","Structured root ROOT_COMMAND_CENTER file was missing from matching git lane.","EF54229A49D5DEABDC33AF54A43012BB84E06F9F0391AECDD2B8240935C2F887","524"
"MOVED_STRUCTURED_ROOT_FILE_TO_REPO_LANE","C:\Users\13527\Desktop\123\COMMAND_CENTER\RECEIPTS\WORK_ENTRYPOINT\COMMAND_CENTER_WORK_ENTRYPOINT_20260606_153627\RECEIPT__COMMAND_CENTER_WORK_ENTRYPOINT_V1_20260606.md","C:\Users\13527\Desktop\123\Jxhnny_Kl33N_Seedz\COMMAND_CENTER\RECEIPTS\WORK_ENTRYPOINT\COMMAND_CENTER_WORK_ENTRYPOINT_20260606_153627\RECEIPT__COMMAND_CENTER_WORK_ENTRYPOINT_V1_20260606.md","Structured root ROOT_COMMAND_CENTER file was missing from matching git lane.","5AF8C9466D836E93B36034791C50DF1CA233FF6F6276E0E61222C439B0E02755","2178"
"MOVED_STRUCTURED_ROOT_FILE_TO_REPO_LANE","C:\Users\13527\Desktop\123\COMMAND_CENTER\RECEIPTS\WORK_ENTRYPOINT\COMMAND_CENTER_WORK_ENTRYPOINT_20260606_160225\ERROR_LEDGER__COMMAND_CENTER_WORK_ENTRYPOINT_V1_20260606.md","C:\Users\13527\Desktop\123\Jxhnny_Kl33N_Seedz\COMMAND_CENTER\RECEIPTS\WORK_ENTRYPOINT\COMMAND_CENTER_WORK_ENTRYPOINT_20260606_160225\ERROR_LEDGER__COMMAND_CENTER_WORK_ENTRYPOINT_V1_20260606.md","Structured root ROOT_COMMAND_CENTER file was missing from matching git lane.","1EB77E25E326552C7D75F96EC53563E1FBBD6E7838E404C809561F0C480A50CF","281"
"MOVED_STRUCTURED_ROOT_FILE_TO_REPO_LANE","C:\Users\13527\Desktop\123\COMMAND_CENTER\RECEIPTS\WORK_ENTRYPOINT\COMMAND_CENTER_WORK_ENTRYPOINT_20260606_160225\OUTPUT__COMMAND_CENTER_WORK_ENTRYPOINT_V1_20260606.txt","C:\Users\13527\Desktop\123\Jxhnny_Kl33N_Seedz\COMMAND_CENTER\RECEIPTS\WORK_ENTRYPOINT\COMMAND_CENTER_WORK_ENTRYPOINT_20260606_160225\OUTPUT__COMMAND_CENTER_WORK_ENTRYPOINT_V1_20260606.txt","Structured root ROOT_COMMAND_CENTER file was missing from matching git lane.","AE5627A5FCB251DFA358CC3D78043EEFFD7747259E6314C1819A95ACF73648B6","524"
"MOVED_STRUCTURED_ROOT_FILE_TO_REPO_LANE","C:\Users\13527\Desktop\123\COMMAND_CENTER\RECEIPTS\WORK_ENTRYPOINT\COMMAND_CENTER_WORK_ENTRYPOINT_20260606_160225\RECEIPT__COMMAND_CENTER_WORK_ENTRYPOINT_V1_20260606.md","C:\Users\13527\Desktop\123\Jxhnny_Kl33N_Seedz\COMMAND_CENTER\RECEIPTS\WORK_ENTRYPOINT\COMMAND_CENTER_WORK_ENTRYPOINT_20260606_160225\RECEIPT__COMMAND_CENTER_WORK_ENTRYPOINT_V1_20260606.md","Structured root ROOT_COMMAND_CENTER file was missing from matching git lane.","A45449648C04B097B0989F9DB3D5EFAF5CE727E822486166B2FA9DA76E7294DE","2186"
"MOVED_STRUCTURED_ROOT_FILE_TO_REPO_LANE","C:\Users\13527\Desktop\123\COMMAND_CENTER\RECEIPTS\WORK_ENTRYPOINT\COMMAND_CENTER_WORK_ENTRYPOINT_20260606_160658\ERROR_LEDGER__COMMAND_CENTER_WORK_ENTRYPOINT_V1_20260606.md","C:\Users\13527\Desktop\123\Jxhnny_Kl33N_Seedz\COMMAND_CENTER\RECEIPTS\WORK_ENTRYPOINT\COMMAND_CENTER_WORK_ENTRYPOINT_20260606_160658\ERROR_LEDGER__COMMAND_CENTER_WORK_ENTRYPOINT_V1_20260606.md","Structured root ROOT_COMMAND_CENTER file was missing from matching git lane.","77220D7AD0C254515A5F86382D576195305F92381C725ADF666C4157B1137F20","281"
"MOVED_STRUCTURED_ROOT_FILE_TO_REPO_LANE","C:\Users\13527\Desktop\123\COMMAND_CENTER\RECEIPTS\WORK_ENTRYPOINT\COMMAND_CENTER_WORK_ENTRYPOINT_20260606_160658\OUTPUT__COMMAND_CENTER_WORK_ENTRYPOINT_V1_20260606.txt","C:\Users\13527\Desktop\123\Jxhnny_Kl33N_Seedz\COMMAND_CENTER\RECEIPTS\WORK_ENTRYPOINT\COMMAND_CENTER_WORK_ENTRYPOINT_20260606_160658\OUTPUT__COMMAND_CENTER_WORK_ENTRYPOINT_V1_20260606.txt","Structured root ROOT_COMMAND_CENTER file was missing from matching git lane.","15DFB2514EFB0807D376D13101C554B5ADC83EECBF8C190EDD42B7326DE2100B","524"
"MOVED_STRUCTURED_ROOT_FILE_TO_REPO_LANE","C:\Users\13527\Desktop\123\COMMAND_CENTER\RECEIPTS\WORK_ENTRYPOINT\COMMAND_CENTER_WORK_ENTRYPOINT_20260606_160658\RECEIPT__COMMAND_CENTER_WORK_ENTRYPOINT_V1_20260606.md","C:\Users\13527\Desktop\123\Jxhnny_Kl33N_Seedz\COMMAND_CENTER\RECEIPTS\WORK_ENTRYPOINT\COMMAND_CENTER_WORK_ENTRYPOINT_20260606_160658\RECEIPT__COMMAND_CENTER_WORK_ENTRYPOINT_V1_20260606.md","Structured root ROOT_COMMAND_CENTER file was missing from matching git lane.","45E68F31DCB7402A1EF852B92BBACC94A54E8AB574C97E4CA8FE335D32A740EA","2191"
"MOVED_STRUCTURED_ROOT_FILE_TO_REPO_LANE","C:\Users\13527\Desktop\123\COMMAND_CENTER\RECEIPTS\WORK_ENTRYPOINT\COMMAND_CENTER_WORK_ENTRYPOINT_20260606_161719\ERROR_LEDGER__COMMAND_CENTER_WORK_ENTRYPOINT_V1_20260606.md","C:\Users\13527\Desktop\123\Jxhnny_Kl33N_Seedz\COMMAND_CENTER\RECEIPTS\WORK_ENTRYPOINT\COMMAND_CENTER_WORK_ENTRYPOINT_20260606_161719\ERROR_LEDGER__COMMAND_CENTER_WORK_ENTRYPOINT_V1_20260606.md","Structured root ROOT_COMMAND_CENTER file was missing from matching git lane.","596BC84C6D2E45558BF55037DF3C08B06553167B01A86F99A7840693471199E4","281"
"MOVED_STRUCTURED_ROOT_FILE_TO_REPO_LANE","C:\Users\13527\Desktop\123\COMMAND_CENTER\RECEIPTS\WORK_ENTRYPOINT\COMMAND_CENTER_WORK_ENTRYPOINT_20260606_161719\OUTPUT__COMMAND_CENTER_WORK_ENTRYPOINT_V1_20260606.txt","C:\Users\13527\Desktop\123\Jxhnny_Kl33N_Seedz\COMMAND_CENTER\RECEIPTS\WORK_ENTRYPOINT\COMMAND_CENTER_WORK_ENTRYPOINT_20260606_161719\OUTPUT__COMMAND_CENTER_WORK_ENTRYPOINT_V1_20260606.txt","Structured root ROOT_COMMAND_CENTER file was missing from matching git lane.","F0DAA1D8DE2DDFFC51068DCFCECF6292F34CB7A3FB8065C455953820174DFD2A","524"
"MOVED_STRUCTURED_ROOT_FILE_TO_REPO_LANE","C:\Users\13527\Desktop\123\COMMAND_CENTER\RECEIPTS\WORK_ENTRYPOINT\COMMAND_CENTER_WORK_ENTRYPOINT_20260606_161719\RECEIPT__COMMAND_CENTER_WORK_ENTRYPOINT_V1_20260606.md","C:\Users\13527\Desktop\123\Jxhnny_Kl33N_Seedz\COMMAND_CENTER\RECEIPTS\WORK_ENTRYPOINT\COMMAND_CENTER_WORK_ENTRYPOINT_20260606_161719\RECEIPT__COMMAND_CENTER_WORK_ENTRYPOINT_V1_20260606.md","Structured root ROOT_COMMAND_CENTER file was missing from matching git lane.","1ABC49DC1FCD767E96B833F59C1EF345E2D6086198059BE5E5D03BF0D8B26FE1","2188"
"MOVED_STRUCTURED_ROOT_FILE_TO_REPO_LANE","C:\Users\13527\Desktop\123\COMMAND_CENTER\RECEIPTS\WORK_ENTRYPOINT\COMMAND_CENTER_WORK_ENTRYPOINT_20260606_162040\ERROR_LEDGER__COMMAND_CENTER_WORK_ENTRYPOINT_V1_20260606.md","C:\Users\13527\Desktop\123\Jxhnny_Kl33N_Seedz\COMMAND_CENTER\RECEIPTS\WORK_ENTRYPOINT\COMMAND_CENTER_WORK_ENTRYPOINT_20260606_162040\ERROR_LEDGER__COMMAND_CENTER_WORK_ENTRYPOINT_V1_20260606.md","Structured root ROOT_COMMAND_CENTER file was missing from matching git lane.","9B2259556E07C4F8526A626C83108B7E55DEFD10A5E1E22833FD1D037204CCA7","281"
"MOVED_STRUCTURED_ROOT_FILE_TO_REPO_LANE","C:\Users\13527\Desktop\123\COMMAND_CENTER\RECEIPTS\WORK_ENTRYPOINT\COMMAND_CENTER_WORK_ENTRYPOINT_20260606_162040\OUTPUT__COMMAND_CENTER_WORK_ENTRYPOINT_V1_20260606.txt","C:\Users\13527\Desktop\123\Jxhnny_Kl33N_Seedz\COMMAND_CENTER\RECEIPTS\WORK_ENTRYPOINT\COMMAND_CENTER_WORK_ENTRYPOINT_20260606_162040\OUTPUT__COMMAND_CENTER_WORK_ENTRYPOINT_V1_20260606.txt","Structured root ROOT_COMMAND_CENTER file was missing from matching git lane.","90A7F9A60E3130D8449BAFFDDD01C10218CA1AAE226539837D6F50BB9E1A3F3C","524"
"MOVED_STRUCTURED_ROOT_FILE_TO_REPO_LANE","C:\Users\13527\Desktop\123\COMMAND_CENTER\RECEIPTS\WORK_ENTRYPOINT\COMMAND_CENTER_WORK_ENTRYPOINT_20260606_162040\RECEIPT__COMMAND_CENTER_WORK_ENTRYPOINT_V1_20260606.md","C:\Users\13527\Desktop\123\Jxhnny_Kl33N_Seedz\COMMAND_CENTER\RECEIPTS\WORK_ENTRYPOINT\COMMAND_CENTER_WORK_ENTRYPOINT_20260606_162040\RECEIPT__COMMAND_CENTER_WORK_ENTRYPOINT_V1_20260606.md","Structured root ROOT_COMMAND_CENTER file was missing from matching git lane.","634BAB44C09AA1DBABDC737E5BB773DAB63971465E2609973A62E7EFF83B2D1B","2203"
"MOVED_STRUCTURED_ROOT_FILE_TO_REPO_LANE","C:\Users\13527\Desktop\123\COMMAND_CENTER\RECEIPTS\WORK_ENTRYPOINT\COMMAND_CENTER_WORK_ENTRYPOINT_20260606_162115\ERROR_LEDGER__COMMAND_CENTER_WORK_ENTRYPOINT_V1_20260606.md","C:\Users\13527\Desktop\123\Jxhnny_Kl33N_Seedz\COMMAND_CENTER\RECEIPTS\WORK_ENTRYPOINT\COMMAND_CENTER_WORK_ENTRYPOINT_20260606_162115\ERROR_LEDGER__COMMAND_CENTER_WORK_ENTRYPOINT_V1_20260606.md","Structured root ROOT_COMMAND_CENTER file was missing from matching git lane.","3B5B735297980534F3F437ADB91554040D386642949E8CBB7D22405353F2ED95","281"
"MOVED_STRUCTURED_ROOT_FILE_TO_REPO_LANE","C:\Users\13527\Desktop\123\COMMAND_CENTER\RECEIPTS\WORK_ENTRYPOINT\COMMAND_CENTER_WORK_ENTRYPOINT_20260606_162115\OUTPUT__COMMAND_CENTER_WORK_ENTRYPOINT_V1_20260606.txt","C:\Users\13527\Desktop\123\Jxhnny_Kl33N_Seedz\COMMAND_CENTER\RECEIPTS\WORK_ENTRYPOINT\COMMAND_CENTER_WORK_ENTRYPOINT_20260606_162115\OUTPUT__COMMAND_CENTER_WORK_ENTRYPOINT_V1_20260606.txt","Structured root ROOT_COMMAND_CENTER file was missing from matching git lane.","863574F26A21C9787B2ABB9BE5560757FB1463CC4C68BB6D241C91E8BDB5283D","524"
"MOVED_STRUCTURED_ROOT_FILE_TO_REPO_LANE","C:\Users\13527\Desktop\123\COMMAND_CENTER\RECEIPTS\WORK_ENTRYPOINT\COMMAND_CENTER_WORK_ENTRYPOINT_20260606_162115\RECEIPT__COMMAND_CENTER_WORK_ENTRYPOINT_V1_20260606.md","C:\Users\13527\Desktop\123\Jxhnny_Kl33N_Seedz\COMMAND_CENTER\RECEIPTS\WORK_ENTRYPOINT\COMMAND_CENTER_WORK_ENTRYPOINT_20260606_162115\RECEIPT__COMMAND_CENTER_WORK_ENTRYPOINT_V1_20260606.md","Structured root ROOT_COMMAND_CENTER file was missing from matching git lane.","47780D258DB9E24F39A6C74CB18D68B0AF6B4C5982A0317BE2CC7FBE9F3CDD9D","2203"
"MOVED_STRUCTURED_ROOT_FILE_TO_REPO_LANE","C:\Users\13527\Desktop\123\COMMAND_CENTER\RECEIPTS\WORK_ENTRYPOINT\COMMAND_CENTER_WORK_ENTRYPOINT_20260606_162345\ERROR_LEDGER__COMMAND_CENTER_WORK_ENTRYPOINT_V1_20260606.md","C:\Users\13527\Desktop\123\Jxhnny_Kl33N_Seedz\COMMAND_CENTER\RECEIPTS\WORK_ENTRYPOINT\COMMAND_CENTER_WORK_ENTRYPOINT_20260606_162345\ERROR_LEDGER__COMMAND_CENTER_WORK_ENTRYPOINT_V1_20260606.md","Structured root ROOT_COMMAND_CENTER file was missing from matching git lane.","A9F56105550870A655139BE1441F66468C4D743AA023C5E20888AB073A28233C","281"
"MOVED_STRUCTURED_ROOT_FILE_TO_REPO_LANE","C:\Users\13527\Desktop\123\COMMAND_CENTER\RECEIPTS\WORK_ENTRYPOINT\COMMAND_CENTER_WORK_ENTRYPOINT_20260606_162345\OUTPUT__COMMAND_CENTER_WORK_ENTRYPOINT_V1_20260606.txt","C:\Users\13527\Desktop\123\Jxhnny_Kl33N_Seedz\COMMAND_CENTER\RECEIPTS\WORK_ENTRYPOINT\COMMAND_CENTER_WORK_ENTRYPOINT_20260606_162345\OUTPUT__COMMAND_CENTER_WORK_ENTRYPOINT_V1_20260606.txt","Structured root ROOT_COMMAND_CENTER file was missing from matching git lane.","77D21864E1A9BBEF635FD986E067C07411715860A740EE969B810108D1AFBCF9","524"
"MOVED_STRUCTURED_ROOT_FILE_TO_REPO_LANE","C:\Users\13527\Desktop\123\COMMAND_CENTER\RECEIPTS\WORK_ENTRYPOINT\COMMAND_CENTER_WORK_ENTRYPOINT_20260606_162345\RECEIPT__COMMAND_CENTER_WORK_ENTRYPOINT_V1_20260606.md","C:\Users\13527\Desktop\123\Jxhnny_Kl33N_Seedz\COMMAND_CENTER\RECEIPTS\WORK_ENTRYPOINT\COMMAND_CENTER_WORK_ENTRYPOINT_20260606_162345\RECEIPT__COMMAND_CENTER_WORK_ENTRYPOINT_V1_20260606.md","Structured root ROOT_COMMAND_CENTER file was missing from matching git lane.","87926F4708B9CAB926DAAF147FA5BA26A065E22622C05291BDF74665E729A69C","2198"
"MOVED_STRUCTURED_ROOT_FILE_TO_REPO_LANE","C:\Users\13527\Desktop\123\COMMAND_CENTER\RECEIPTS\WORK_ENTRYPOINT\COMMAND_CENTER_WORK_ENTRYPOINT_20260606_162538\ERROR_LEDGER__COMMAND_CENTER_WORK_ENTRYPOINT_V1_20260606.md","C:\Users\13527\Desktop\123\Jxhnny_Kl33N_Seedz\COMMAND_CENTER\RECEIPTS\WORK_ENTRYPOINT\COMMAND_CENTER_WORK_ENTRYPOINT_20260606_162538\ERROR_LEDGER__COMMAND_CENTER_WORK_ENTRYPOINT_V1_20260606.md","Structured root ROOT_COMMAND_CENTER file was missing from matching git lane.","5E59CEC22B041B445C0D146BE8C40C0BD8C9E6C6FF111933A44A96EF4BF7EA0D","281"
"MOVED_STRUCTURED_ROOT_FILE_TO_REPO_LANE","C:\Users\13527\Desktop\123\COMMAND_CENTER\RECEIPTS\WORK_ENTRYPOINT\COMMAND_CENTER_WORK_ENTRYPOINT_20260606_162538\OUTPUT__COMMAND_CENTER_WORK_ENTRYPOINT_V1_20260606.txt","C:\Users\13527\Desktop\123\Jxhnny_Kl33N_Seedz\COMMAND_CENTER\RECEIPTS\WORK_ENTRYPOINT\COMMAND_CENTER_WORK_ENTRYPOINT_20260606_162538\OUTPUT__COMMAND_CENTER_WORK_ENTRYPOINT_V1_20260606.txt","Structured root ROOT_COMMAND_CENTER file was missing from matching git lane.","1F56A5DE2161C42F0D4DFFFACA413D5045204DC184DDDC28D381D754F0EA46EF","524"
"MOVED_STRUCTURED_ROOT_FILE_TO_REPO_LANE","C:\Users\13527\Desktop\123\COMMAND_CENTER\RECEIPTS\WORK_ENTRYPOINT\COMMAND_CENTER_WORK_ENTRYPOINT_20260606_162538\RECEIPT__COMMAND_CENTER_WORK_ENTRYPOINT_V1_20260606.md","C:\Users\13527\Desktop\123\Jxhnny_Kl33N_Seedz\COMMAND_CENTER\RECEIPTS\WORK_ENTRYPOINT\COMMAND_CENTER_WORK_ENTRYPOINT_20260606_162538\RECEIPT__COMMAND_CENTER_WORK_ENTRYPOINT_V1_20260606.md","Structured root ROOT_COMMAND_CENTER file was missing from matching git lane.","D1D5C951636C63E30A34719DDC5F26F630B52F2060FAFA24D2FCFE13760D0FEA","2213"
"MOVED_STRUCTURED_ROOT_FILE_TO_REPO_LANE","C:\Users\13527\Desktop\123\COMMAND_CENTER\RECEIPTS\WORK_ENTRYPOINT\COMMAND_CENTER_WORK_ENTRYPOINT_20260606_162609\ERROR_LEDGER__COMMAND_CENTER_WORK_ENTRYPOINT_V1_20260606.md","C:\Users\13527\Desktop\123\Jxhnny_Kl33N_Seedz\COMMAND_CENTER\RECEIPTS\WORK_ENTRYPOINT\COMMAND_CENTER_WORK_ENTRYPOINT_20260606_162609\ERROR_LEDGER__COMMAND_CENTER_WORK_ENTRYPOINT_V1_20260606.md","Structured root ROOT_COMMAND_CENTER file was missing from matching git lane.","8B6813C8D2D89E6DF3FAB2FF978EE6B30B81178C5D2283F0CE0FA22406153471","281"
"MOVED_STRUCTURED_ROOT_FILE_TO_REPO_LANE","C:\Users\13527\Desktop\123\COMMAND_CENTER\RECEIPTS\WORK_ENTRYPOINT\COMMAND_CENTER_WORK_ENTRYPOINT_20260606_162609\OUTPUT__COMMAND_CENTER_WORK_ENTRYPOINT_V1_20260606.txt","C:\Users\13527\Desktop\123\Jxhnny_Kl33N_Seedz\COMMAND_CENTER\RECEIPTS\WORK_ENTRYPOINT\COMMAND_CENTER_WORK_ENTRYPOINT_20260606_162609\OUTPUT__COMMAND_CENTER_WORK_ENTRYPOINT_V1_20260606.txt","Structured root ROOT_COMMAND_CENTER file was missing from matching git lane.","F06ECDAAA4D38F3095B53C7DD918DDCFA3097A03995F09694553342B7EACC11F","524"
"MOVED_STRUCTURED_ROOT_FILE_TO_REPO_LANE","C:\Users\13527\Desktop\123\COMMAND_CENTER\RECEIPTS\WORK_ENTRYPOINT\COMMAND_CENTER_WORK_ENTRYPOINT_20260606_162609\RECEIPT__COMMAND_CENTER_WORK_ENTRYPOINT_V1_20260606.md","C:\Users\13527\Desktop\123\Jxhnny_Kl33N_Seedz\COMMAND_CENTER\RECEIPTS\WORK_ENTRYPOINT\COMMAND_CENTER_WORK_ENTRYPOINT_20260606_162609\RECEIPT__COMMAND_CENTER_WORK_ENTRYPOINT_V1_20260606.md","Structured root ROOT_COMMAND_CENTER file was missing from matching git lane.","BFCA31B4CAC76CF6C7F05AAE8D87F0BDD51A7911EE7BC60CDE05118C3CDA4A6D","2213"
"MOVED_STRUCTURED_ROOT_FILE_TO_REPO_LANE","C:\Users\13527\Desktop\123\COMMAND_CENTER\RECEIPTS\WORK_ENTRYPOINT\COMMAND_CENTER_WORK_ENTRYPOINT_20260606_163016\ERROR_LEDGER__COMMAND_CENTER_WORK_ENTRYPOINT_V1_20260606.md","C:\Users\13527\Desktop\123\Jxhnny_Kl33N_Seedz\COMMAND_CENTER\RECEIPTS\WORK_ENTRYPOINT\COMMAND_CENTER_WORK_ENTRYPOINT_20260606_163016\ERROR_LEDGER__COMMAND_CENTER_WORK_ENTRYPOINT_V1_20260606.md","Structured root ROOT_COMMAND_CENTER file was missing from matching git lane.","CE5522DDDC5551863895A9AF776E948DB6B6C85FF9CEFC6ADB49DC6EB7462F1A","281"
"MOVED_STRUCTURED_ROOT_FILE_TO_REPO_LANE","C:\Users\13527\Desktop\123\COMMAND_CENTER\RECEIPTS\WORK_ENTRYPOINT\COMMAND_CENTER_WORK_ENTRYPOINT_20260606_163016\OUTPUT__COMMAND_CENTER_WORK_ENTRYPOINT_V1_20260606.txt","C:\Users\13527\Desktop\123\Jxhnny_Kl33N_Seedz\COMMAND_CENTER\RECEIPTS\WORK_ENTRYPOINT\COMMAND_CENTER_WORK_ENTRYPOINT_20260606_163016\OUTPUT__COMMAND_CENTER_WORK_ENTRYPOINT_V1_20260606.txt","Structured root ROOT_COMMAND_CENTER file was missing from matching git lane.","A3493D69662BD4FD7E35A1A57F6B50609A8B6156BA2F57C27FB184EE45ADD690","524"
"MOVED_STRUCTURED_ROOT_FILE_TO_REPO_LANE","C:\Users\13527\Desktop\123\COMMAND_CENTER\RECEIPTS\WORK_ENTRYPOINT\COMMAND_CENTER_WORK_ENTRYPOINT_20260606_163016\RECEIPT__COMMAND_CENTER_WORK_ENTRYPOINT_V1_20260606.md","C:\Users\13527\Desktop\123\Jxhnny_Kl33N_Seedz\COMMAND_CENTER\RECEIPTS\WORK_ENTRYPOINT\COMMAND_CENTER_WORK_ENTRYPOINT_20260606_163016\RECEIPT__COMMAND_CENTER_WORK_ENTRYPOINT_V1_20260606.md","Structured root ROOT_COMMAND_CENTER file was missing from matching git lane.","84F931CFA730A49BE74E496B4D321D2B6E6E67DEBE794CF362461F2B32EB2C38","2206"
"MOVED_STRUCTURED_ROOT_FILE_TO_REPO_LANE","C:\Users\13527\Desktop\123\COMMAND_CENTER\RECEIPTS\WORK_ENTRYPOINT\COMMAND_CENTER_WORK_ENTRYPOINT_20260606_164029\ERROR_LEDGER__COMMAND_CENTER_WORK_ENTRYPOINT_V1_20260606.md","C:\Users\13527\Desktop\123\Jxhnny_Kl33N_Seedz\COMMAND_CENTER\RECEIPTS\WORK_ENTRYPOINT\COMMAND_CENTER_WORK_ENTRYPOINT_20260606_164029\ERROR_LEDGER__COMMAND_CENTER_WORK_ENTRYPOINT_V1_20260606.md","Structured root ROOT_COMMAND_CENTER file was missing from matching git lane.","F6A916B5D0E704AC124AC64A902D345858D0CD7F482D4C94059CB7A748B694F8","281"
"MOVED_STRUCTURED_ROOT_FILE_TO_REPO_LANE","C:\Users\13527\Desktop\123\COMMAND_CENTER\RECEIPTS\WORK_ENTRYPOINT\COMMAND_CENTER_WORK_ENTRYPOINT_20260606_164029\OUTPUT__COMMAND_CENTER_WORK_ENTRYPOINT_V1_20260606.txt","C:\Users\13527\Desktop\123\Jxhnny_Kl33N_Seedz\COMMAND_CENTER\RECEIPTS\WORK_ENTRYPOINT\COMMAND_CENTER_WORK_ENTRYPOINT_20260606_164029\OUTPUT__COMMAND_CENTER_WORK_ENTRYPOINT_V1_20260606.txt","Structured root ROOT_COMMAND_CENTER file was missing from matching git lane.","CF28141C451D8B535116A76ACDCD0FCF66955E32EFFECA412D509341F37AC304","524"
"MOVED_STRUCTURED_ROOT_FILE_TO_REPO_LANE","C:\Users\13527\Desktop\123\COMMAND_CENTER\RECEIPTS\WORK_ENTRYPOINT\COMMAND_CENTER_WORK_ENTRYPOINT_20260606_164029\RECEIPT__COMMAND_CENTER_WORK_ENTRYPOINT_V1_20260606.md","C:\Users\13527\Desktop\123\Jxhnny_Kl33N_Seedz\COMMAND_CENTER\RECEIPTS\WORK_ENTRYPOINT\COMMAND_CENTER_WORK_ENTRYPOINT_20260606_164029\RECEIPT__COMMAND_CENTER_WORK_ENTRYPOINT_V1_20260606.md","Structured root ROOT_COMMAND_CENTER file was missing from matching git lane.","68CF04338913A7D96F81E738B7FADD5026569142C51A797A0B51719F5E74959B","2201"
"MOVED_STRUCTURED_ROOT_FILE_TO_REPO_LANE","C:\Users\13527\Desktop\123\COMMAND_CENTER\RECEIPTS\WORK_ENTRYPOINT\COMMAND_CENTER_WORK_ENTRYPOINT_20260606_164212\ERROR_LEDGER__COMMAND_CENTER_WORK_ENTRYPOINT_V1_20260606.md","C:\Users\13527\Desktop\123\Jxhnny_Kl33N_Seedz\COMMAND_CENTER\RECEIPTS\WORK_ENTRYPOINT\COMMAND_CENTER_WORK_ENTRYPOINT_20260606_164212\ERROR_LEDGER__COMMAND_CENTER_WORK_ENTRYPOINT_V1_20260606.md","Structured root ROOT_COMMAND_CENTER file was missing from matching git lane.","804A96FF0DCB2290860F72040A7FC096D8DCA3FEB1F54411747DBB83C96B3782","281"
"MOVED_STRUCTURED_ROOT_FILE_TO_REPO_LANE","C:\Users\13527\Desktop\123\COMMAND_CENTER\RECEIPTS\WORK_ENTRYPOINT\COMMAND_CENTER_WORK_ENTRYPOINT_20260606_164212\OUTPUT__COMMAND_CENTER_WORK_ENTRYPOINT_V1_20260606.txt","C:\Users\13527\Desktop\123\Jxhnny_Kl33N_Seedz\COMMAND_CENTER\RECEIPTS\WORK_ENTRYPOINT\COMMAND_CENTER_WORK_ENTRYPOINT_20260606_164212\OUTPUT__COMMAND_CENTER_WORK_ENTRYPOINT_V1_20260606.txt","Structured root ROOT_COMMAND_CENTER file was missing from matching git lane.","722BA8992A90EAA1E17F244A62504120DA4A92DF71965D74EA44B7646A4C37AD","524"
"MOVED_STRUCTURED_ROOT_FILE_TO_REPO_LANE","C:\Users\13527\Desktop\123\COMMAND_CENTER\RECEIPTS\WORK_ENTRYPOINT\COMMAND_CENTER_WORK_ENTRYPOINT_20260606_164212\RECEIPT__COMMAND_CENTER_WORK_ENTRYPOINT_V1_20260606.md","C:\Users\13527\Desktop\123\Jxhnny_Kl33N_Seedz\COMMAND_CENTER\RECEIPTS\WORK_ENTRYPOINT\COMMAND_CENTER_WORK_ENTRYPOINT_20260606_164212\RECEIPT__COMMAND_CENTER_WORK_ENTRYPOINT_V1_20260606.md","Structured root ROOT_COMMAND_CENTER file was missing from matching git lane.","391D26867D36067E038324B1BB09DEC1A788443765BAB1782292A2B3E18BAFDD","2201"
"MOVED_STRUCTURED_ROOT_FILE_TO_REPO_LANE","C:\Users\13527\Desktop\123\COMMAND_CENTER\RECEIPTS\WORK_ENTRYPOINT\COMMAND_CENTER_WORK_ENTRYPOINT_20260606_164411\ERROR_LEDGER__COMMAND_CENTER_WORK_ENTRYPOINT_V1_20260606.md","C:\Users\13527\Desktop\123\Jxhnny_Kl33N_Seedz\COMMAND_CENTER\RECEIPTS\WORK_ENTRYPOINT\COMMAND_CENTER_WORK_ENTRYPOINT_20260606_164411\ERROR_LEDGER__COMMAND_CENTER_WORK_ENTRYPOINT_V1_20260606.md","Structured root ROOT_COMMAND_CENTER file was missing from matching git lane.","A201C6CA0911AC9A141CD89F5F12501A16CD7DEDF01F115775E7195B6820CE46","281"
"MOVED_STRUCTURED_ROOT_FILE_TO_REPO_LANE","C:\Users\13527\Desktop\123\COMMAND_CENTER\RECEIPTS\WORK_ENTRYPOINT\COMMAND_CENTER_WORK_ENTRYPOINT_20260606_164411\OUTPUT__COMMAND_CENTER_WORK_ENTRYPOINT_V1_20260606.txt","C:\Users\13527\Desktop\123\Jxhnny_Kl33N_Seedz\COMMAND_CENTER\RECEIPTS\WORK_ENTRYPOINT\COMMAND_CENTER_WORK_ENTRYPOINT_20260606_164411\OUTPUT__COMMAND_CENTER_WORK_ENTRYPOINT_V1_20260606.txt","Structured root ROOT_COMMAND_CENTER file was missing from matching git lane.","865A14EECE119C427F16AFAFABAFB451459D02E2747A87542F88EAF6A9B29CC4","524"
"MOVED_STRUCTURED_ROOT_FILE_TO_REPO_LANE","C:\Users\13527\Desktop\123\COMMAND_CENTER\RECEIPTS\WORK_ENTRYPOINT\COMMAND_CENTER_WORK_ENTRYPOINT_20260606_164411\RECEIPT__COMMAND_CENTER_WORK_ENTRYPOINT_V1_20260606.md","C:\Users\13527\Desktop\123\Jxhnny_Kl33N_Seedz\COMMAND_CENTER\RECEIPTS\WORK_ENTRYPOINT\COMMAND_CENTER_WORK_ENTRYPOINT_20260606_164411\RECEIPT__COMMAND_CENTER_WORK_ENTRYPOINT_V1_20260606.md","Structured root ROOT_COMMAND_CENTER file was missing from matching git lane.","D3E5DF69CBBA930AF1CB5ACE6B1B7EB2786D23F397F5D6553DE84686B1AC9A10","2188"
"MOVED_STRUCTURED_ROOT_FILE_TO_REPO_LANE","C:\Users\13527\Desktop\123\COMMAND_CENTER\RECEIPTS\WORK_ENTRYPOINT\COMMAND_CENTER_WORK_ENTRYPOINT_20260606_165024\ERROR_LEDGER__COMMAND_CENTER_WORK_ENTRYPOINT_V1_20260606.md","C:\Users\13527\Desktop\123\Jxhnny_Kl33N_Seedz\COMMAND_CENTER\RECEIPTS\WORK_ENTRYPOINT\COMMAND_CENTER_WORK_ENTRYPOINT_20260606_165024\ERROR_LEDGER__COMMAND_CENTER_WORK_ENTRYPOINT_V1_20260606.md","Structured root ROOT_COMMAND_CENTER file was missing from matching git lane.","D624DB89E856D5D314C58EA21935B4967180818DC98BE6FF414BBC6CD2009E64","281"
"MOVED_STRUCTURED_ROOT_FILE_TO_REPO_LANE","C:\Users\13527\Desktop\123\COMMAND_CENTER\RECEIPTS\WORK_ENTRYPOINT\COMMAND_CENTER_WORK_ENTRYPOINT_20260606_165024\OUTPUT__COMMAND_CENTER_WORK_ENTRYPOINT_V1_20260606.txt","C:\Users\13527\Desktop\123\Jxhnny_Kl33N_Seedz\COMMAND_CENTER\RECEIPTS\WORK_ENTRYPOINT\COMMAND_CENTER_WORK_ENTRYPOINT_20260606_165024\OUTPUT__COMMAND_CENTER_WORK_ENTRYPOINT_V1_20260606.txt","Structured root ROOT_COMMAND_CENTER file was missing from matching git lane.","07DEFA1773E3065E6A042335D06FF318DDF3596827DF59E6091890858D5C3230","524"
"MOVED_STRUCTURED_ROOT_FILE_TO_REPO_LANE","C:\Users\13527\Desktop\123\COMMAND_CENTER\RECEIPTS\WORK_ENTRYPOINT\COMMAND_CENTER_WORK_ENTRYPOINT_20260606_165024\RECEIPT__COMMAND_CENTER_WORK_ENTRYPOINT_V1_20260606.md","C:\Users\13527\Desktop\123\Jxhnny_Kl33N_Seedz\COMMAND_CENTER\RECEIPTS\WORK_ENTRYPOINT\COMMAND_CENTER_WORK_ENTRYPOINT_20260606_165024\RECEIPT__COMMAND_CENTER_WORK_ENTRYPOINT_V1_20260606.md","Structured root ROOT_COMMAND_CENTER file was missing from matching git lane.","038F616A90187774D359E09CF1EE5714AEB0D5D8508FA05B99FFF48ACB4D37E7","2203"
"MOVED_STRUCTURED_ROOT_FILE_TO_REPO_LANE","C:\Users\13527\Desktop\123\COMMAND_CENTER\RECEIPTS\WORK_ENTRYPOINT\COMMAND_CENTER_WORK_ENTRYPOINT_20260606_171004\ERROR_LEDGER__COMMAND_CENTER_WORK_ENTRYPOINT_V1_20260606.md","C:\Users\13527\Desktop\123\Jxhnny_Kl33N_Seedz\COMMAND_CENTER\RECEIPTS\WORK_ENTRYPOINT\COMMAND_CENTER_WORK_ENTRYPOINT_20260606_171004\ERROR_LEDGER__COMMAND_CENTER_WORK_ENTRYPOINT_V1_20260606.md","Structured root ROOT_COMMAND_CENTER file was missing from matching git lane.","EE0860348FD2A68281BD626BD04DA27ACE1D75B5D4A47C40CE80CA20C0225A80","281"
"MOVED_STRUCTURED_ROOT_FILE_TO_REPO_LANE","C:\Users\13527\Desktop\123\COMMAND_CENTER\RECEIPTS\WORK_ENTRYPOINT\COMMAND_CENTER_WORK_ENTRYPOINT_20260606_171004\OUTPUT__COMMAND_CENTER_WORK_ENTRYPOINT_V1_20260606.txt","C:\Users\13527\Desktop\123\Jxhnny_Kl33N_Seedz\COMMAND_CENTER\RECEIPTS\WORK_ENTRYPOINT\COMMAND_CENTER_WORK_ENTRYPOINT_20260606_171004\OUTPUT__COMMAND_CENTER_WORK_ENTRYPOINT_V1_20260606.txt","Structured root ROOT_COMMAND_CENTER file was missing from matching git lane.","B7E4088DB117818B4B4089CBFC003F7B8509ED607927C66948228D9D485C664D","524"
"MOVED_STRUCTURED_ROOT_FILE_TO_REPO_LANE","C:\Users\13527\Desktop\123\COMMAND_CENTER\RECEIPTS\WORK_ENTRYPOINT\COMMAND_CENTER_WORK_ENTRYPOINT_20260606_171004\RECEIPT__COMMAND_CENTER_WORK_ENTRYPOINT_V1_20260606.md","C:\Users\13527\Desktop\123\Jxhnny_Kl33N_Seedz\COMMAND_CENTER\RECEIPTS\WORK_ENTRYPOINT\COMMAND_CENTER_WORK_ENTRYPOINT_20260606_171004\RECEIPT__COMMAND_CENTER_WORK_ENTRYPOINT_V1_20260606.md","Structured root ROOT_COMMAND_CENTER file was missing from matching git lane.","91AC37C82CAF15A9BD6760FE81C2AC8682DFAF3B6E89E735D16872227D6D921F","2186"
"MOVED_STRUCTURED_ROOT_FILE_TO_REPO_LANE","C:\Users\13527\Desktop\123\COMMAND_CENTER\RECEIPTS\WORK_ENTRYPOINT\COMMAND_CENTER_WORK_ENTRYPOINT_20260606_171517\ERROR_LEDGER__COMMAND_CENTER_WORK_ENTRYPOINT_V1_20260606.md","C:\Users\13527\Desktop\123\Jxhnny_Kl33N_Seedz\COMMAND_CENTER\RECEIPTS\WORK_ENTRYPOINT\COMMAND_CENTER_WORK_ENTRYPOINT_20260606_171517\ERROR_LEDGER__COMMAND_CENTER_WORK_ENTRYPOINT_V1_20260606.md","Structured root ROOT_COMMAND_CENTER file was missing from matching git lane.","B5167E08F7B7CE66E34C180FFC38F74721188702EE8B1BB009F7AA5CDB69D33F","281"
"MOVED_STRUCTURED_ROOT_FILE_TO_REPO_LANE","C:\Users\13527\Desktop\123\COMMAND_CENTER\RECEIPTS\WORK_ENTRYPOINT\COMMAND_CENTER_WORK_ENTRYPOINT_20260606_171517\OUTPUT__COMMAND_CENTER_WORK_ENTRYPOINT_V1_20260606.txt","C:\Users\13527\Desktop\123\Jxhnny_Kl33N_Seedz\COMMAND_CENTER\RECEIPTS\WORK_ENTRYPOINT\COMMAND_CENTER_WORK_ENTRYPOINT_20260606_171517\OUTPUT__COMMAND_CENTER_WORK_ENTRYPOINT_V1_20260606.txt","Structured root ROOT_COMMAND_CENTER file was missing from matching git lane.","E401B32017E2FEC4F5536F5A730A8247C0D9D4B3BF795080F212FC9E39746D36","524"
"MOVED_STRUCTURED_ROOT_FILE_TO_REPO_LANE","C:\Users\13527\Desktop\123\COMMAND_CENTER\RECEIPTS\WORK_ENTRYPOINT\COMMAND_CENTER_WORK_ENTRYPOINT_20260606_171517\RECEIPT__COMMAND_CENTER_WORK_ENTRYPOINT_V1_20260606.md","C:\Users\13527\Desktop\123\Jxhnny_Kl33N_Seedz\COMMAND_CENTER\RECEIPTS\WORK_ENTRYPOINT\COMMAND_CENTER_WORK_ENTRYPOINT_20260606_171517\RECEIPT__COMMAND_CENTER_WORK_ENTRYPOINT_V1_20260606.md","Structured root ROOT_COMMAND_CENTER file was missing from matching git lane.","86D748FD4A39F2B1ADFF1A3ABF9F1927EF63286037859DBB72227E47D17D7A57","2191"
"MOVED_STRUCTURED_ROOT_FILE_TO_REPO_LANE","C:\Users\13527\Desktop\123\COMMAND_CENTER\RECEIPTS\WORK_ENTRYPOINT\COMMAND_CENTER_WORK_ENTRYPOINT_20260606_171817\ERROR_LEDGER__COMMAND_CENTER_WORK_ENTRYPOINT_V1_20260606.md","C:\Users\13527\Desktop\123\Jxhnny_Kl33N_Seedz\COMMAND_CENTER\RECEIPTS\WORK_ENTRYPOINT\COMMAND_CENTER_WORK_ENTRYPOINT_20260606_171817\ERROR_LEDGER__COMMAND_CENTER_WORK_ENTRYPOINT_V1_20260606.md","Structured root ROOT_COMMAND_CENTER file was missing from matching git lane.","46BE3E290D5B0D843CD3B3545FAC9DB91FF5ADCAF6F706DCC419065721450434","281"
"MOVED_STRUCTURED_ROOT_FILE_TO_REPO_LANE","C:\Users\13527\Desktop\123\COMMAND_CENTER\RECEIPTS\WORK_ENTRYPOINT\COMMAND_CENTER_WORK_ENTRYPOINT_20260606_171817\OUTPUT__COMMAND_CENTER_WORK_ENTRYPOINT_V1_20260606.txt","C:\Users\13527\Desktop\123\Jxhnny_Kl33N_Seedz\COMMAND_CENTER\RECEIPTS\WORK_ENTRYPOINT\COMMAND_CENTER_WORK_ENTRYPOINT_20260606_171817\OUTPUT__COMMAND_CENTER_WORK_ENTRYPOINT_V1_20260606.txt","Structured root ROOT_COMMAND_CENTER file was missing from matching git lane.","D9562A6803A557E7D75AA89783812FD2BE2183E8B748D3B040F389ACE4BEEF0A","524"
"MOVED_STRUCTURED_ROOT_FILE_TO_REPO_LANE","C:\Users\13527\Desktop\123\COMMAND_CENTER\RECEIPTS\WORK_ENTRYPOINT\COMMAND_CENTER_WORK_ENTRYPOINT_20260606_171817\RECEIPT__COMMAND_CENTER_WORK_ENTRYPOINT_V1_20260606.md","C:\Users\13527\Desktop\123\Jxhnny_Kl33N_Seedz\COMMAND_CENTER\RECEIPTS\WORK_ENTRYPOINT\COMMAND_CENTER_WORK_ENTRYPOINT_20260606_171817\RECEIPT__COMMAND_CENTER_WORK_ENTRYPOINT_V1_20260606.md","Structured root ROOT_COMMAND_CENTER file was missing from matching git lane.","B900306E7BC3F38067DF1CC369CCC704838CE411AA5823CDBFD07F4FC8E67FB1","2191"
"MOVED_STRUCTURED_ROOT_FILE_TO_REPO_LANE","C:\Users\13527\Desktop\123\COMMAND_CENTER\RECEIPTS\WORK_ENTRYPOINT\COMMAND_CENTER_WORK_ENTRYPOINT_20260606_172112\ERROR_LEDGER__COMMAND_CENTER_WORK_ENTRYPOINT_V1_20260606.md","C:\Users\13527\Desktop\123\Jxhnny_Kl33N_Seedz\COMMAND_CENTER\RECEIPTS\WORK_ENTRYPOINT\COMMAND_CENTER_WORK_ENTRYPOINT_20260606_172112\ERROR_LEDGER__COMMAND_CENTER_WORK_ENTRYPOINT_V1_20260606.md","Structured root ROOT_COMMAND_CENTER file was missing from matching git lane.","E17A1ACD780A62AE4F9B57770632A79CC5BA92B58DA38A7B46A110656802D4EE","281"
"MOVED_STRUCTURED_ROOT_FILE_TO_REPO_LANE","C:\Users\13527\Desktop\123\COMMAND_CENTER\RECEIPTS\WORK_ENTRYPOINT\COMMAND_CENTER_WORK_ENTRYPOINT_20260606_172112\OUTPUT__COMMAND_CENTER_WORK_ENTRYPOINT_V1_20260606.txt","C:\Users\13527\Desktop\123\Jxhnny_Kl33N_Seedz\COMMAND_CENTER\RECEIPTS\WORK_ENTRYPOINT\COMMAND_CENTER_WORK_ENTRYPOINT_20260606_172112\OUTPUT__COMMAND_CENTER_WORK_ENTRYPOINT_V1_20260606.txt","Structured root ROOT_COMMAND_CENTER file was missing from matching git lane.","9A5E6B91E5CD701771EA915DCAD79C235DBEBB6C36989BBB597D0AC12D11973F","524"
"MOVED_STRUCTURED_ROOT_FILE_TO_REPO_LANE","C:\Users\13527\Desktop\123\COMMAND_CENTER\RECEIPTS\WORK_ENTRYPOINT\COMMAND_CENTER_WORK_ENTRYPOINT_20260606_172112\RECEIPT__COMMAND_CENTER_WORK_ENTRYPOINT_V1_20260606.md","C:\Users\13527\Desktop\123\Jxhnny_Kl33N_Seedz\COMMAND_CENTER\RECEIPTS\WORK_ENTRYPOINT\COMMAND_CENTER_WORK_ENTRYPOINT_20260606_172112\RECEIPT__COMMAND_CENTER_WORK_ENTRYPOINT_V1_20260606.md","Structured root ROOT_COMMAND_CENTER file was missing from matching git lane.","0843E5064CD8F6A684421959451FE34AAD892660A0660FB1D0B9D90E5113AAC9","2191"
"MOVED_STRUCTURED_ROOT_FILE_TO_REPO_LANE","C:\Users\13527\Desktop\123\COMMAND_CENTER\RECEIPTS\WORK_ENTRYPOINT\COMMAND_CENTER_WORK_ENTRYPOINT_20260606_172140\ERROR_LEDGER__COMMAND_CENTER_WORK_ENTRYPOINT_V1_20260606.md","C:\Users\13527\Desktop\123\Jxhnny_Kl33N_Seedz\COMMAND_CENTER\RECEIPTS\WORK_ENTRYPOINT\COMMAND_CENTER_WORK_ENTRYPOINT_20260606_172140\ERROR_LEDGER__COMMAND_CENTER_WORK_ENTRYPOINT_V1_20260606.md","Structured root ROOT_COMMAND_CENTER file was missing from matching git lane.","3BFF2ECA3BC8CCDD73D11234371E17FCBCCF7400F2AD1669814A84B3A3DB254B","281"
"MOVED_STRUCTURED_ROOT_FILE_TO_REPO_LANE","C:\Users\13527\Desktop\123\COMMAND_CENTER\RECEIPTS\WORK_ENTRYPOINT\COMMAND_CENTER_WORK_ENTRYPOINT_20260606_172140\OUTPUT__COMMAND_CENTER_WORK_ENTRYPOINT_V1_20260606.txt","C:\Users\13527\Desktop\123\Jxhnny_Kl33N_Seedz\COMMAND_CENTER\RECEIPTS\WORK_ENTRYPOINT\COMMAND_CENTER_WORK_ENTRYPOINT_20260606_172140\OUTPUT__COMMAND_CENTER_WORK_ENTRYPOINT_V1_20260606.txt","Structured root ROOT_COMMAND_CENTER file was missing from matching git lane.","74C9E7F228BB48714BE676C9AA9426ED4332446DDE9A8F9C4905FFD246589F60","524"
"MOVED_STRUCTURED_ROOT_FILE_TO_REPO_LANE","C:\Users\13527\Desktop\123\COMMAND_CENTER\RECEIPTS\WORK_ENTRYPOINT\COMMAND_CENTER_WORK_ENTRYPOINT_20260606_172140\RECEIPT__COMMAND_CENTER_WORK_ENTRYPOINT_V1_20260606.md","C:\Users\13527\Desktop\123\Jxhnny_Kl33N_Seedz\COMMAND_CENTER\RECEIPTS\WORK_ENTRYPOINT\COMMAND_CENTER_WORK_ENTRYPOINT_20260606_172140\RECEIPT__COMMAND_CENTER_WORK_ENTRYPOINT_V1_20260606.md","Structured root ROOT_COMMAND_CENTER file was missing from matching git lane.","0A8F1EB18F51CA5874FE93DF483D86229CB9C1BA7C8A772059F2FEC09D2CDF98","2191"
"MOVED_STRUCTURED_ROOT_FILE_TO_REPO_LANE","C:\Users\13527\Desktop\123\COMMAND_CENTER\RECEIPTS\WORK_ENTRYPOINT\COMMAND_CENTER_WORK_ENTRYPOINT_20260606_173632\ERROR_LEDGER__COMMAND_CENTER_WORK_ENTRYPOINT_V1_20260606.md","C:\Users\13527\Desktop\123\Jxhnny_Kl33N_Seedz\COMMAND_CENTER\RECEIPTS\WORK_ENTRYPOINT\COMMAND_CENTER_WORK_ENTRYPOINT_20260606_173632\ERROR_LEDGER__COMMAND_CENTER_WORK_ENTRYPOINT_V1_20260606.md","Structured root ROOT_COMMAND_CENTER file was missing from matching git lane.","AAE77974EDB53366F863EC33A5E41D74FF4ACD202558FEDC74218B3832B78A2B","281"
"MOVED_STRUCTURED_ROOT_FILE_TO_REPO_LANE","C:\Users\13527\Desktop\123\COMMAND_CENTER\RECEIPTS\WORK_ENTRYPOINT\COMMAND_CENTER_WORK_ENTRYPOINT_20260606_173632\OUTPUT__COMMAND_CENTER_WORK_ENTRYPOINT_V1_20260606.txt","C:\Users\13527\Desktop\123\Jxhnny_Kl33N_Seedz\COMMAND_CENTER\RECEIPTS\WORK_ENTRYPOINT\COMMAND_CENTER_WORK_ENTRYPOINT_20260606_173632\OUTPUT__COMMAND_CENTER_WORK_ENTRYPOINT_V1_20260606.txt","Structured root ROOT_COMMAND_CENTER file was missing from matching git lane.","3C8AD2857201759708E972223B77DFDA1749FE2E293E9E21CA9820E4E4AE09BC","524"
"MOVED_STRUCTURED_ROOT_FILE_TO_REPO_LANE","C:\Users\13527\Desktop\123\COMMAND_CENTER\RECEIPTS\WORK_ENTRYPOINT\COMMAND_CENTER_WORK_ENTRYPOINT_20260606_173632\RECEIPT__COMMAND_CENTER_WORK_ENTRYPOINT_V1_20260606.md","C:\Users\13527\Desktop\123\Jxhnny_Kl33N_Seedz\COMMAND_CENTER\RECEIPTS\WORK_ENTRYPOINT\COMMAND_CENTER_WORK_ENTRYPOINT_20260606_173632\RECEIPT__COMMAND_CENTER_WORK_ENTRYPOINT_V1_20260606.md","Structured root ROOT_COMMAND_CENTER file was missing from matching git lane.","EB2713F5B5C2D2B37240733D9580D48A70C2D5C98160CBC2157D27CBEDE79403","2191"
"MOVED_STRUCTURED_ROOT_FILE_TO_REPO_LANE","C:\Users\13527\Desktop\123\COMMAND_CENTER\RECEIPTS\WORK_ENTRYPOINT\COMMAND_CENTER_WORK_ENTRYPOINT_20260606_173703\ERROR_LEDGER__COMMAND_CENTER_WORK_ENTRYPOINT_V1_20260606.md","C:\Users\13527\Desktop\123\Jxhnny_Kl33N_Seedz\COMMAND_CENTER\RECEIPTS\WORK_ENTRYPOINT\COMMAND_CENTER_WORK_ENTRYPOINT_20260606_173703\ERROR_LEDGER__COMMAND_CENTER_WORK_ENTRYPOINT_V1_20260606.md","Structured root ROOT_COMMAND_CENTER file was missing from matching git lane.","403071D04733BC8BD3228B3F066F944CC663C62589A0E092F57B97A0A10720B3","281"
"MOVED_STRUCTURED_ROOT_FILE_TO_REPO_LANE","C:\Users\13527\Desktop\123\COMMAND_CENTER\RECEIPTS\WORK_ENTRYPOINT\COMMAND_CENTER_WORK_ENTRYPOINT_20260606_173703\OUTPUT__COMMAND_CENTER_WORK_ENTRYPOINT_V1_20260606.txt","C:\Users\13527\Desktop\123\Jxhnny_Kl33N_Seedz\COMMAND_CENTER\RECEIPTS\WORK_ENTRYPOINT\COMMAND_CENTER_WORK_ENTRYPOINT_20260606_173703\OUTPUT__COMMAND_CENTER_WORK_ENTRYPOINT_V1_20260606.txt","Structured root ROOT_COMMAND_CENTER file was missing from matching git lane.","BE31B636C85B3664617B809313E32134FEC28E47530FA4BD338873A74E77E0EB","524"
"MOVED_STRUCTURED_ROOT_FILE_TO_REPO_LANE","C:\Users\13527\Desktop\123\COMMAND_CENTER\RECEIPTS\WORK_ENTRYPOINT\COMMAND_CENTER_WORK_ENTRYPOINT_20260606_173703\RECEIPT__COMMAND_CENTER_WORK_ENTRYPOINT_V1_20260606.md","C:\Users\13527\Desktop\123\Jxhnny_Kl33N_Seedz\COMMAND_CENTER\RECEIPTS\WORK_ENTRYPOINT\COMMAND_CENTER_WORK_ENTRYPOINT_20260606_173703\RECEIPT__COMMAND_CENTER_WORK_ENTRYPOINT_V1_20260606.md","Structured root ROOT_COMMAND_CENTER file was missing from matching git lane.","CEED49BF225E08F720EB65B7B9182687AAB9F1870DAD3A1B9B7FEBAB4F77217A","2191"
"MOVED_STRUCTURED_ROOT_FILE_TO_REPO_LANE","C:\Users\13527\Desktop\123\COMMAND_CENTER\RECEIPTS\WORK_ENTRYPOINT\COMMAND_CENTER_WORK_ENTRYPOINT_20260606_174019\ERROR_LEDGER__COMMAND_CENTER_WORK_ENTRYPOINT_V1_20260606.md","C:\Users\13527\Desktop\123\Jxhnny_Kl33N_Seedz\COMMAND_CENTER\RECEIPTS\WORK_ENTRYPOINT\COMMAND_CENTER_WORK_ENTRYPOINT_20260606_174019\ERROR_LEDGER__COMMAND_CENTER_WORK_ENTRYPOINT_V1_20260606.md","Structured root ROOT_COMMAND_CENTER file was missing from matching git lane.","3C5C419681EDD75C81803D4A7137758C4AEB38F53F65745ED9D83FA97A7A8D42","281"
"MOVED_STRUCTURED_ROOT_FILE_TO_REPO_LANE","C:\Users\13527\Desktop\123\COMMAND_CENTER\RECEIPTS\WORK_ENTRYPOINT\COMMAND_CENTER_WORK_ENTRYPOINT_20260606_174019\OUTPUT__COMMAND_CENTER_WORK_ENTRYPOINT_V1_20260606.txt","C:\Users\13527\Desktop\123\Jxhnny_Kl33N_Seedz\COMMAND_CENTER\RECEIPTS\WORK_ENTRYPOINT\COMMAND_CENTER_WORK_ENTRYPOINT_20260606_174019\OUTPUT__COMMAND_CENTER_WORK_ENTRYPOINT_V1_20260606.txt","Structured root ROOT_COMMAND_CENTER file was missing from matching git lane.","84040ACE0783930CC9FE0DF7358A483B95D243B844E94D133B4FB8E879F52CA2","524"
"MOVED_STRUCTURED_ROOT_FILE_TO_REPO_LANE","C:\Users\13527\Desktop\123\COMMAND_CENTER\RECEIPTS\WORK_ENTRYPOINT\COMMAND_CENTER_WORK_ENTRYPOINT_20260606_174019\RECEIPT__COMMAND_CENTER_WORK_ENTRYPOINT_V1_20260606.md","C:\Users\13527\Desktop\123\Jxhnny_Kl33N_Seedz\COMMAND_CENTER\RECEIPTS\WORK_ENTRYPOINT\COMMAND_CENTER_WORK_ENTRYPOINT_20260606_174019\RECEIPT__COMMAND_CENTER_WORK_ENTRYPOINT_V1_20260606.md","Structured root ROOT_COMMAND_CENTER file was missing from matching git lane.","85DEB50F56004C4804A2AAE9A1486CF7A2134EDC2FB4A25C796E07483F57A48B","2191"
"MOVED_STRUCTURED_ROOT_FILE_TO_REPO_LANE","C:\Users\13527\Desktop\123\COMMAND_CENTER\RECEIPTS\WORK_ENTRYPOINT\COMMAND_CENTER_WORK_ENTRYPOINT_20260606_174049\ERROR_LEDGER__COMMAND_CENTER_WORK_ENTRYPOINT_V1_20260606.md","C:\Users\13527\Desktop\123\Jxhnny_Kl33N_Seedz\COMMAND_CENTER\RECEIPTS\WORK_ENTRYPOINT\COMMAND_CENTER_WORK_ENTRYPOINT_20260606_174049\ERROR_LEDGER__COMMAND_CENTER_WORK_ENTRYPOINT_V1_20260606.md","Structured root ROOT_COMMAND_CENTER file was missing from matching git lane.","564231C55F07EB4384FC19A7B2A42CEBA41637D2D4F84B2161527FB3524AEA31","281"
"MOVED_STRUCTURED_ROOT_FILE_TO_REPO_LANE","C:\Users\13527\Desktop\123\COMMAND_CENTER\RECEIPTS\WORK_ENTRYPOINT\COMMAND_CENTER_WORK_ENTRYPOINT_20260606_174049\OUTPUT__COMMAND_CENTER_WORK_ENTRYPOINT_V1_20260606.txt","C:\Users\13527\Desktop\123\Jxhnny_Kl33N_Seedz\COMMAND_CENTER\RECEIPTS\WORK_ENTRYPOINT\COMMAND_CENTER_WORK_ENTRYPOINT_20260606_174049\OUTPUT__COMMAND_CENTER_WORK_ENTRYPOINT_V1_20260606.txt","Structured root ROOT_COMMAND_CENTER file was missing from matching git lane.","C7ABDC769CA42C9C46E421674212A28AF580D85684C81E80D5F3A2E70EF9C494","524"
"MOVED_STRUCTURED_ROOT_FILE_TO_REPO_LANE","C:\Users\13527\Desktop\123\COMMAND_CENTER\RECEIPTS\WORK_ENTRYPOINT\COMMAND_CENTER_WORK_ENTRYPOINT_20260606_174049\RECEIPT__COMMAND_CENTER_WORK_ENTRYPOINT_V1_20260606.md","C:\Users\13527\Desktop\123\Jxhnny_Kl33N_Seedz\COMMAND_CENTER\RECEIPTS\WORK_ENTRYPOINT\COMMAND_CENTER_WORK_ENTRYPOINT_20260606_174049\RECEIPT__COMMAND_CENTER_WORK_ENTRYPOINT_V1_20260606.md","Structured root ROOT_COMMAND_CENTER file was missing from matching git lane.","763C596C1D8B339E6C49FCEFB624D83EDB844D6CB8C588DE2C79B7C838DE0A8F","2191"
"MOVED_STRUCTURED_ROOT_FILE_TO_REPO_LANE","C:\Users\13527\Desktop\123\COMMAND_CENTER\RECEIPTS\WORK_ENTRYPOINT\COMMAND_CENTER_WORK_ENTRYPOINT_20260606_181338\ERROR_LEDGER__COMMAND_CENTER_WORK_ENTRYPOINT_V1_20260606.md","C:\Users\13527\Desktop\123\Jxhnny_Kl33N_Seedz\COMMAND_CENTER\RECEIPTS\WORK_ENTRYPOINT\COMMAND_CENTER_WORK_ENTRYPOINT_20260606_181338\ERROR_LEDGER__COMMAND_CENTER_WORK_ENTRYPOINT_V1_20260606.md","Structured root ROOT_COMMAND_CENTER file was missing from matching git lane.","0C1F37356DB1C363CA64DD758DFD0CDD343399E5420021EDDBC676F7EDC9CE5B","281"
"MOVED_STRUCTURED_ROOT_FILE_TO_REPO_LANE","C:\Users\13527\Desktop\123\COMMAND_CENTER\RECEIPTS\WORK_ENTRYPOINT\COMMAND_CENTER_WORK_ENTRYPOINT_20260606_181338\OUTPUT__COMMAND_CENTER_WORK_ENTRYPOINT_V1_20260606.txt","C:\Users\13527\Desktop\123\Jxhnny_Kl33N_Seedz\COMMAND_CENTER\RECEIPTS\WORK_ENTRYPOINT\COMMAND_CENTER_WORK_ENTRYPOINT_20260606_181338\OUTPUT__COMMAND_CENTER_WORK_ENTRYPOINT_V1_20260606.txt","Structured root ROOT_COMMAND_CENTER file was missing from matching git lane.","07F6416B38BEE4100828AF3050C3875EBA30FBF232E0D603A0CB1D1C978556FE","524"
"MOVED_STRUCTURED_ROOT_FILE_TO_REPO_LANE","C:\Users\13527\Desktop\123\COMMAND_CENTER\RECEIPTS\WORK_ENTRYPOINT\COMMAND_CENTER_WORK_ENTRYPOINT_20260606_181338\RECEIPT__COMMAND_CENTER_WORK_ENTRYPOINT_V1_20260606.md","C:\Users\13527\Desktop\123\Jxhnny_Kl33N_Seedz\COMMAND_CENTER\RECEIPTS\WORK_ENTRYPOINT\COMMAND_CENTER_WORK_ENTRYPOINT_20260606_181338\RECEIPT__COMMAND_CENTER_WORK_ENTRYPOINT_V1_20260606.md","Structured root ROOT_COMMAND_CENTER file was missing from matching git lane.","666A64286739BAD94178A75F7285140DD7BFFD62B70BE4FBCAEA8C4F3411C54E","2191"
"MOVED_STRUCTURED_ROOT_FILE_TO_REPO_LANE","C:\Users\13527\Desktop\123\COMMAND_CENTER\RECEIPTS\WORK_ENTRYPOINT\COMMAND_CENTER_WORK_ENTRYPOINT_20260606_182415\ERROR_LEDGER__COMMAND_CENTER_WORK_ENTRYPOINT_V1_20260606.md","C:\Users\13527\Desktop\123\Jxhnny_Kl33N_Seedz\COMMAND_CENTER\RECEIPTS\WORK_ENTRYPOINT\COMMAND_CENTER_WORK_ENTRYPOINT_20260606_182415\ERROR_LEDGER__COMMAND_CENTER_WORK_ENTRYPOINT_V1_20260606.md","Structured root ROOT_COMMAND_CENTER file was missing from matching git lane.","A7304C2B4AD1FEF1DCD319539A1DD1A628F3389AB837149FE79345F3D3C34420","281"
"MOVED_STRUCTURED_ROOT_FILE_TO_REPO_LANE","C:\Users\13527\Desktop\123\COMMAND_CENTER\RECEIPTS\WORK_ENTRYPOINT\COMMAND_CENTER_WORK_ENTRYPOINT_20260606_182415\OUTPUT__COMMAND_CENTER_WORK_ENTRYPOINT_V1_20260606.txt","C:\Users\13527\Desktop\123\Jxhnny_Kl33N_Seedz\COMMAND_CENTER\RECEIPTS\WORK_ENTRYPOINT\COMMAND_CENTER_WORK_ENTRYPOINT_20260606_182415\OUTPUT__COMMAND_CENTER_WORK_ENTRYPOINT_V1_20260606.txt","Structured root ROOT_COMMAND_CENTER file was missing from matching git lane.","455FE3CFDBD018BE9CB21802FE358AC0755ACA0C5E1A0F39889AEE94CDF1568B","524"
"MOVED_STRUCTURED_ROOT_FILE_TO_REPO_LANE","C:\Users\13527\Desktop\123\COMMAND_CENTER\RECEIPTS\WORK_ENTRYPOINT\COMMAND_CENTER_WORK_ENTRYPOINT_20260606_182415\RECEIPT__COMMAND_CENTER_WORK_ENTRYPOINT_V1_20260606.md","C:\Users\13527\Desktop\123\Jxhnny_Kl33N_Seedz\COMMAND_CENTER\RECEIPTS\WORK_ENTRYPOINT\COMMAND_CENTER_WORK_ENTRYPOINT_20260606_182415\RECEIPT__COMMAND_CENTER_WORK_ENTRYPOINT_V1_20260606.md","Structured root ROOT_COMMAND_CENTER file was missing from matching git lane.","C8B6B5846FD0DA62A73318758B3874180814BE493A31231552091E5A6AC515A8","2191"
"MOVED_STRUCTURED_ROOT_FILE_TO_REPO_LANE","C:\Users\13527\Desktop\123\COMMAND_CENTER\RECEIPTS\WORK_ENTRYPOINT\WRITE_COMMAND_CENTER_WORK_ENTRYPOINT_V1_20260606_153436\RECEIPT__WRITE_COMMAND_CENTER_WORK_ENTRYPOINT_V1_20260606.md","C:\Users\13527\Desktop\123\Jxhnny_Kl33N_Seedz\COMMAND_CENTER\RECEIPTS\WORK_ENTRYPOINT\WRITE_COMMAND_CENTER_WORK_ENTRYPOINT_V1_20260606_153436\RECEIPT__WRITE_COMMAND_CENTER_WORK_ENTRYPOINT_V1_20260606.md","Structured root ROOT_COMMAND_CENTER file was missing from matching git lane.","595AFE38E2340589CD3A029A50561010B974592AFAB832497CB78E542CDF7682","2240"
"MOVED_STRUCTURED_ROOT_FILE_TO_REPO_LANE","C:\Users\13527\Desktop\123\COMMAND_CENTER\RECEIPTS\WORK_ENTRYPOINT\WRITE_COMMAND_CENTER_WORK_ENTRYPOINT_V1_20260606_153436\VERIFY_OUTPUT__COMMAND_CENTER_WORK_ENTRYPOINT_V1_20260606.txt","C:\Users\13527\Desktop\123\Jxhnny_Kl33N_Seedz\COMMAND_CENTER\RECEIPTS\WORK_ENTRYPOINT\WRITE_COMMAND_CENTER_WORK_ENTRYPOINT_V1_20260606_153436\VERIFY_OUTPUT__COMMAND_CENTER_WORK_ENTRYPOINT_V1_20260606.txt","Structured root ROOT_COMMAND_CENTER file was missing from matching git lane.","ED9783D67CDD0665C3F3EB12A2A7A0421F995A45D7B0C93CA899EA3B4A4CED8A","560"
"MOVED_STRUCTURED_ROOT_FILE_TO_REPO_LANE","C:\Users\13527\Desktop\123\COMMAND_CENTER\ROOT_RESIDUE_CUSTODY\20260604_20260603_234658\HANDOFF_AND_CORRECTION_PACKETS\MULE_HANDOFF_ACTIVE_MESS_RULES_ROW001_PACKAGING_20260604.md","C:\Users\13527\Desktop\123\Jxhnny_Kl33N_Seedz\COMMAND_CENTER\ROOT_RESIDUE_CUSTODY\20260604_20260603_234658\HANDOFF_AND_CORRECTION_PACKETS\MULE_HANDOFF_ACTIVE_MESS_RULES_ROW001_PACKAGING_20260604.md","Structured root ROOT_COMMAND_CENTER file was missing from matching git lane.","4F7D4214E288BB26A002BCABB3E8580BC40257C915278464145BAF4833338882","11412"
"MOVED_STRUCTURED_ROOT_FILE_TO_REPO_LANE","C:\Users\13527\Desktop\123\COMMAND_CENTER\ROOT_RESIDUE_CUSTODY\20260604_20260603_234658\HANDOFF_AND_CORRECTION_PACKETS\MULE_CORRECTION_V2_INJECT_GOOD_UPDATE_PATHS_20260604\MULE_CORRECTION_V2_INJECT_GOOD_UPDATE_PATHS_20260604.md","C:\Users\13527\Desktop\123\Jxhnny_Kl33N_Seedz\COMMAND_CENTER\ROOT_RESIDUE_CUSTODY\20260604_20260603_234658\HANDOFF_AND_CORRECTION_PACKETS\MULE_CORRECTION_V2_INJECT_GOOD_UPDATE_PATHS_20260604\MULE_CORRECTION_V2_INJECT_GOOD_UPDATE_PATHS_20260604.md","Structured root ROOT_COMMAND_CENTER file was missing from matching git lane.","F085F38A76B025F6447F0FB3CDF6C5F9138A105853F7042A95CFC4A03A904B25","10061"
"MOVED_STRUCTURED_ROOT_FILE_TO_REPO_LANE","C:\Users\13527\Desktop\123\COMMAND_CENTER\ROOT_RESIDUE_CUSTODY\20260604_20260603_234658\HANDOFF_AND_CORRECTION_PACKETS\MULE_CORRECTION_V2_INJECT_GOOD_UPDATE_PATHS_20260604\MULE_CORRECTION_V2_MANIFEST_20260604.csv","C:\Users\13527\Desktop\123\Jxhnny_Kl33N_Seedz\COMMAND_CENTER\ROOT_RESIDUE_CUSTODY\20260604_20260603_234658\HANDOFF_AND_CORRECTION_PACKETS\MULE_CORRECTION_V2_INJECT_GOOD_UPDATE_PATHS_20260604\MULE_CORRECTION_V2_MANIFEST_20260604.csv","Structured root ROOT_COMMAND_CENTER file was missing from matching git lane.","54CDAA2DEF32B602A13D8FBDA9D192E82A398C0B4620FF69D5D949069CD0810C","943"
"MOVED_STRUCTURED_ROOT_FILE_TO_REPO_LANE","C:\Users\13527\Desktop\123\COMMAND_CENTER\ROOT_RESIDUE_CUSTODY\20260604_20260603_234658\HANDOFF_AND_CORRECTION_PACKETS\MULE_CORRECTION_V2_INJECT_GOOD_UPDATE_PATHS_20260604\MULE_ROOT_NO_LOOSE_FILES_RULE_V1.md","C:\Users\13527\Desktop\123\Jxhnny_Kl33N_Seedz\COMMAND_CENTER\ROOT_RESIDUE_CUSTODY\20260604_20260603_234658\HANDOFF_AND_CORRECTION_PACKETS\MULE_CORRECTION_V2_INJECT_GOOD_UPDATE_PATHS_20260604\MULE_ROOT_NO_LOOSE_FILES_RULE_V1.md","Structured root ROOT_COMMAND_CENTER file was missing from matching git lane.","A855D158EE5E0F58F4D3F18717006BE7C508FDE54BD2678060C3E4EABFA18795","4025"
"MOVED_STRUCTURED_ROOT_FILE_TO_REPO_LANE","C:\Users\13527\Desktop\123\COMMAND_CENTER\ROOT_RESIDUE_CUSTODY\20260604_20260603_234658\HANDOFF_AND_CORRECTION_PACKETS\MULE_CORRECTION_V2_INJECT_GOOD_UPDATE_PATHS_20260604\PATH_UPDATE_TEMPLATE_V2.csv","C:\Users\13527\Desktop\123\Jxhnny_Kl33N_Seedz\COMMAND_CENTER\ROOT_RESIDUE_CUSTODY\20260604_20260603_234658\HANDOFF_AND_CORRECTION_PACKETS\MULE_CORRECTION_V2_INJECT_GOOD_UPDATE_PATHS_20260604\PATH_UPDATE_TEMPLATE_V2.csv","Structured root ROOT_COMMAND_CENTER file was missing from matching git lane.","1FC8A62BD5AA68CC959265EC33C658B169F328AE30D388D17805A8E2263B6CF5","938"
"MOVED_STRUCTURED_ROOT_FILE_TO_REPO_LANE","C:\Users\13527\Desktop\123\COMMAND_CENTER\ROOT_RESIDUE_CUSTODY\20260604_20260603_234658\HANDOFF_AND_CORRECTION_PACKETS\MULE_CORRECTION_V2_INJECT_GOOD_UPDATE_PATHS_20260604\REPEATED_USER_CORRECTION_TO_LIVING_RULE_TRIGGER_V1_1.md","C:\Users\13527\Desktop\123\Jxhnny_Kl33N_Seedz\COMMAND_CENTER\ROOT_RESIDUE_CUSTODY\20260604_20260603_234658\HANDOFF_AND_CORRECTION_PACKETS\MULE_CORRECTION_V2_INJECT_GOOD_UPDATE_PATHS_20260604\REPEATED_USER_CORRECTION_TO_LIVING_RULE_TRIGGER_V1_1.md","Structured root ROOT_COMMAND_CENTER file was missing from matching git lane.","4C951E17813ACFC5D9EF8F485A3B4648721959F7CC31AE915D3D14D1F03BC8F7","5938"
"MOVED_STRUCTURED_ROOT_FILE_TO_REPO_LANE","C:\Users\13527\Desktop\123\COMMAND_CENTER\ROOT_RESIDUE_CUSTODY\20260604_20260603_234658\HANDOFF_AND_CORRECTION_PACKETS\MULE_CORRECTION_V2_INJECT_GOOD_UPDATE_PATHS_20260604\ROW_001_DISPOSABLE_FIXTURE_DESIGN_V1.md","C:\Users\13527\Desktop\123\Jxhnny_Kl33N_Seedz\COMMAND_CENTER\ROOT_RESIDUE_CUSTODY\20260604_20260603_234658\HANDOFF_AND_CORRECTION_PACKETS\MULE_CORRECTION_V2_INJECT_GOOD_UPDATE_PATHS_20260604\ROW_001_DISPOSABLE_FIXTURE_DESIGN_V1.md","Structured root ROOT_COMMAND_CENTER file was missing from matching git lane.","6B52947701E4E5C94C17C7C77226E4F928D55B7E9A1FE637C83B6AA9B838F303","10986"
"MOVED_STRUCTURED_ROOT_FILE_TO_REPO_LANE","C:\Users\13527\Desktop\123\COMMAND_CENTER\ROOT_RESIDUE_CUSTODY\20260604_20260603_234658\HANDOFF_AND_CORRECTION_PACKETS\MULE_CORRECTION_V2_INJECT_GOOD_UPDATE_PATHS_20260604\START_HERE_MULE_CORRECTION_V2.md","C:\Users\13527\Desktop\123\Jxhnny_Kl33N_Seedz\COMMAND_CENTER\ROOT_RESIDUE_CUSTODY\20260604_20260603_234658\HANDOFF_AND_CORRECTION_PACKETS\MULE_CORRECTION_V2_INJECT_GOOD_UPDATE_PATHS_20260604\START_HERE_MULE_CORRECTION_V2.md","Structured root ROOT_COMMAND_CENTER file was missing from matching git lane.","82254BE7C1E47B3AED01A15D0140429D37A8ABBE7124D84C3D93AE2090514B6B","674"
"MOVED_STRUCTURED_ROOT_FILE_TO_REPO_LANE","C:\Users\13527\Desktop\123\COMMAND_CENTER\ROOT_RESIDUE_CUSTODY\20260604_20260603_234658\HANDOFF_AND_CORRECTION_PACKETS\MULE_CORRECTION_V2_INJECT_GOOD_UPDATE_PATHS_20260604\MULE_CORRECTION_APPLY_ROOT_RULE_AND_FULL_NEXT_JOB_20260604\MULE_CORRECTION_APPLY_ROOT_RULE_AND_FULL_NEXT_JOB_20260604.md","C:\Users\13527\Desktop\123\Jxhnny_Kl33N_Seedz\COMMAND_CENTER\ROOT_RESIDUE_CUSTODY\20260604_20260603_234658\HANDOFF_AND_CORRECTION_PACKETS\MULE_CORRECTION_V2_INJECT_GOOD_UPDATE_PATHS_20260604\MULE_CORRECTION_APPLY_ROOT_RULE_AND_FULL_NEXT_JOB_20260604\MULE_CORRECTION_APPLY_ROOT_RULE_AND_FULL_NEXT_JOB_20260604.md","Structured root ROOT_COMMAND_CENTER file was missing from matching git lane.","F85A146D6F722BF4A1D9C787D8458A938F44D4367A108190BF9892C71B95FE7A","8476"
"MOVED_STRUCTURED_ROOT_FILE_TO_REPO_LANE","C:\Users\13527\Desktop\123\COMMAND_CENTER\ROOT_RESIDUE_CUSTODY\20260604_20260603_234658\HANDOFF_AND_CORRECTION_PACKETS\MULE_CORRECTION_V2_INJECT_GOOD_UPDATE_PATHS_20260604\MULE_CORRECTION_APPLY_ROOT_RULE_AND_FULL_NEXT_JOB_20260604\MULE_CORRECTION_PACKET_MANIFEST_20260604.csv","C:\Users\13527\Desktop\123\Jxhnny_Kl33N_Seedz\COMMAND_CENTER\ROOT_RESIDUE_CUSTODY\20260604_20260603_234658\HANDOFF_AND_CORRECTION_PACKETS\MULE_CORRECTION_V2_INJECT_GOOD_UPDATE_PATHS_20260604\MULE_CORRECTION_APPLY_ROOT_RULE_AND_FULL_NEXT_JOB_20260604\MULE_CORRECTION_PACKET_MANIFEST_20260604.csv","Structured root ROOT_COMMAND_CENTER file was missing from matching git lane.","8F98B6E693AC22DBBBE42820E97223EDFD347A5DB43205680B584E06321E5359","832"
"MOVED_STRUCTURED_ROOT_FILE_TO_REPO_LANE","C:\Users\13527\Desktop\123\COMMAND_CENTER\ROOT_RESIDUE_CUSTODY\20260604_20260603_234658\HANDOFF_AND_CORRECTION_PACKETS\MULE_CORRECTION_V2_INJECT_GOOD_UPDATE_PATHS_20260604\MULE_CORRECTION_APPLY_ROOT_RULE_AND_FULL_NEXT_JOB_20260604\MULE_HANDOFF_ROW_001_RULE_CAPTURE_20260604.zip","C:\Users\13527\Desktop\123\Jxhnny_Kl33N_Seedz\COMMAND_CENTER\ROOT_RESIDUE_CUSTODY\20260604_20260603_234658\HANDOFF_AND_CORRECTION_PACKETS\MULE_CORRECTION_V2_INJECT_GOOD_UPDATE_PATHS_20260604\MULE_CORRECTION_APPLY_ROOT_RULE_AND_FULL_NEXT_JOB_20260604\MULE_HANDOFF_ROW_001_RULE_CAPTURE_20260604.zip","Structured root ROOT_COMMAND_CENTER file was missing from matching git lane.","E6A23D9278ACEE2A036EF3564AD5A418FBA9CEB4AF4D7B3994ADE546E65D12BB","22212"
"MOVED_STRUCTURED_ROOT_FILE_TO_REPO_LANE","C:\Users\13527\Desktop\123\COMMAND_CENTER\ROOT_RESIDUE_CUSTODY\20260604_20260603_234658\HANDOFF_AND_CORRECTION_PACKETS\MULE_CORRECTION_V2_INJECT_GOOD_UPDATE_PATHS_20260604\MULE_CORRECTION_APPLY_ROOT_RULE_AND_FULL_NEXT_JOB_20260604\MULE_ROOT_NO_LOOSE_FILES_RULE_V1.md","C:\Users\13527\Desktop\123\Jxhnny_Kl33N_Seedz\COMMAND_CENTER\ROOT_RESIDUE_CUSTODY\20260604_20260603_234658\HANDOFF_AND_CORRECTION_PACKETS\MULE_CORRECTION_V2_INJECT_GOOD_UPDATE_PATHS_20260604\MULE_CORRECTION_APPLY_ROOT_RULE_AND_FULL_NEXT_JOB_20260604\MULE_ROOT_NO_LOOSE_FILES_RULE_V1.md","Structured root ROOT_COMMAND_CENTER file was missing from matching git lane.","A855D158EE5E0F58F4D3F18717006BE7C508FDE54BD2678060C3E4EABFA18795","4025"
"MOVED_STRUCTURED_ROOT_FILE_TO_REPO_LANE","C:\Users\13527\Desktop\123\COMMAND_CENTER\ROOT_RESIDUE_CUSTODY\20260604_20260603_234658\HANDOFF_AND_CORRECTION_PACKETS\MULE_CORRECTION_V2_INJECT_GOOD_UPDATE_PATHS_20260604\MULE_CORRECTION_APPLY_ROOT_RULE_AND_FULL_NEXT_JOB_20260604\REPEATED_USER_CORRECTION_TO_LIVING_RULE_TRIGGER_V1_1.md","C:\Users\13527\Desktop\123\Jxhnny_Kl33N_Seedz\COMMAND_CENTER\ROOT_RESIDUE_CUSTODY\20260604_20260603_234658\HANDOFF_AND_CORRECTION_PACKETS\MULE_CORRECTION_V2_INJECT_GOOD_UPDATE_PATHS_20260604\MULE_CORRECTION_APPLY_ROOT_RULE_AND_FULL_NEXT_JOB_20260604\REPEATED_USER_CORRECTION_TO_LIVING_RULE_TRIGGER_V1_1.md","Structured root ROOT_COMMAND_CENTER file was missing from matching git lane.","4C951E17813ACFC5D9EF8F485A3B4648721959F7CC31AE915D3D14D1F03BC8F7","5938"
"MOVED_STRUCTURED_ROOT_FILE_TO_REPO_LANE","C:\Users\13527\Desktop\123\COMMAND_CENTER\ROOT_RESIDUE_CUSTODY\20260604_20260603_234658\HANDOFF_AND_CORRECTION_PACKETS\MULE_CORRECTION_V2_INJECT_GOOD_UPDATE_PATHS_20260604\MULE_CORRECTION_APPLY_ROOT_RULE_AND_FULL_NEXT_JOB_20260604\ROW_001_DISPOSABLE_FIXTURE_DESIGN_V1.md","C:\Users\13527\Desktop\123\Jxhnny_Kl33N_Seedz\COMMAND_CENTER\ROOT_RESIDUE_CUSTODY\20260604_20260603_234658\HANDOFF_AND_CORRECTION_PACKETS\MULE_CORRECTION_V2_INJECT_GOOD_UPDATE_PATHS_20260604\MULE_CORRECTION_APPLY_ROOT_RULE_AND_FULL_NEXT_JOB_20260604\ROW_001_DISPOSABLE_FIXTURE_DESIGN_V1.md","Structured root ROOT_COMMAND_CENTER file was missing from matching git lane.","6B52947701E4E5C94C17C7C77226E4F928D55B7E9A1FE637C83B6AA9B838F303","10986"
"MOVED_STRUCTURED_ROOT_FILE_TO_REPO_LANE","C:\Users\13527\Desktop\123\COMMAND_CENTER\ROOT_RESIDUE_CUSTODY\20260604_20260603_234658\HANDOFF_AND_CORRECTION_PACKETS\MULE_CORRECTION_V2_INJECT_GOOD_UPDATE_PATHS_20260604\MULE_CORRECTION_APPLY_ROOT_RULE_AND_FULL_NEXT_JOB_20260604\ROW_001_DISPOSABLE_FIXTURE_V1.zip","C:\Users\13527\Desktop\123\Jxhnny_Kl33N_Seedz\COMMAND_CENTER\ROOT_RESIDUE_CUSTODY\20260604_20260603_234658\HANDOFF_AND_CORRECTION_PACKETS\MULE_CORRECTION_V2_INJECT_GOOD_UPDATE_PATHS_20260604\MULE_CORRECTION_APPLY_ROOT_RULE_AND_FULL_NEXT_JOB_20260604\ROW_001_DISPOSABLE_FIXTURE_V1.zip","Structured root ROOT_COMMAND_CENTER file was missing from matching git lane.","1DFF58F4AAC253B822854B00929087A0EC20C5D31C734B1470A6FE12CD2309C6","10696"
"MOVED_STRUCTURED_ROOT_FILE_TO_REPO_LANE","C:\Users\13527\Desktop\123\COMMAND_CENTER\ROOT_RESIDUE_CUSTODY\20260604_20260603_234658\HANDOFF_AND_CORRECTION_PACKETS\MULE_CORRECTION_V2_INJECT_GOOD_UPDATE_PATHS_20260604\MULE_CORRECTION_APPLY_ROOT_RULE_AND_FULL_NEXT_JOB_20260604\START_HERE_MULE_QUICK_ORDER.md","C:\Users\13527\Desktop\123\Jxhnny_Kl33N_Seedz\COMMAND_CENTER\ROOT_RESIDUE_CUSTODY\20260604_20260603_234658\HANDOFF_AND_CORRECTION_PACKETS\MULE_CORRECTION_V2_INJECT_GOOD_UPDATE_PATHS_20260604\MULE_CORRECTION_APPLY_ROOT_RULE_AND_FULL_NEXT_JOB_20260604\START_HERE_MULE_QUICK_ORDER.md","Structured root ROOT_COMMAND_CENTER file was missing from matching git lane.","961C6F3D67DBD4BBCCA3EC8C005E951787F4240EBE7C9CE412F4E8CEBA38A33B","579"
"MOVED_STRUCTURED_ROOT_FILE_TO_REPO_LANE","C:\Users\13527\Desktop\123\COMMAND_CENTER\ROOT_RESIDUE_CUSTODY\20260604_20260603_234658\HANDOFF_AND_CORRECTION_PACKETS\MULE_CORRECTION_V2_INJECT_GOOD_UPDATE_PATHS_20260604\ROW_001_DISPOSABLE_FIXTURE_V1\DISPOSAL_RULE_ROW_001.md","C:\Users\13527\Desktop\123\Jxhnny_Kl33N_Seedz\COMMAND_CENTER\ROOT_RESIDUE_CUSTODY\20260604_20260603_234658\HANDOFF_AND_CORRECTION_PACKETS\MULE_CORRECTION_V2_INJECT_GOOD_UPDATE_PATHS_20260604\ROW_001_DISPOSABLE_FIXTURE_V1\DISPOSAL_RULE_ROW_001.md","Structured root ROOT_COMMAND_CENTER file was missing from matching git lane.","18D990E945A1485C254761D9DA1833C4E153B271166F178D93843A42951B8631","1213"
"MOVED_STRUCTURED_ROOT_FILE_TO_REPO_LANE","C:\Users\13527\Desktop\123\COMMAND_CENTER\ROOT_RESIDUE_CUSTODY\20260604_20260603_234658\HANDOFF_AND_CORRECTION_PACKETS\MULE_CORRECTION_V2_INJECT_GOOD_UPDATE_PATHS_20260604\ROW_001_DISPOSABLE_FIXTURE_V1\EXPECTED_JUDGMENTS_ROW_001.csv","C:\Users\13527\Desktop\123\Jxhnny_Kl33N_Seedz\COMMAND_CENTER\ROOT_RESIDUE_CUSTODY\20260604_20260603_234658\HANDOFF_AND_CORRECTION_PACKETS\MULE_CORRECTION_V2_INJECT_GOOD_UPDATE_PATHS_20260604\ROW_001_DISPOSABLE_FIXTURE_V1\EXPECTED_JUDGMENTS_ROW_001.csv","Structured root ROOT_COMMAND_CENTER file was missing from matching git lane.","7B060545213C049C7896FE859CDCE5D9E61584D18AFDB1D415580DB8C3016A9B","1314"
"MOVED_STRUCTURED_ROOT_FILE_TO_REPO_LANE","C:\Users\13527\Desktop\123\COMMAND_CENTER\ROOT_RESIDUE_CUSTODY\20260604_20260603_234658\HANDOFF_AND_CORRECTION_PACKETS\MULE_CORRECTION_V2_INJECT_GOOD_UPDATE_PATHS_20260604\ROW_001_DISPOSABLE_FIXTURE_V1\MANUAL_REVIEW_CHECKLIST_ROW_001.md","C:\Users\13527\Desktop\123\Jxhnny_Kl33N_Seedz\COMMAND_CENTER\ROOT_RESIDUE_CUSTODY\20260604_20260603_234658\HANDOFF_AND_CORRECTION_PACKETS\MULE_CORRECTION_V2_INJECT_GOOD_UPDATE_PATHS_20260604\ROW_001_DISPOSABLE_FIXTURE_V1\MANUAL_REVIEW_CHECKLIST_ROW_001.md","Structured root ROOT_COMMAND_CENTER file was missing from matching git lane.","2584C9DB3520CDC003A49840BC1B28979869786618FC4084D68C4F295F18FF06","1790"
"MOVED_STRUCTURED_ROOT_FILE_TO_REPO_LANE","C:\Users\13527\Desktop\123\COMMAND_CENTER\ROOT_RESIDUE_CUSTODY\20260604_20260603_234658\HANDOFF_AND_CORRECTION_PACKETS\MULE_CORRECTION_V2_INJECT_GOOD_UPDATE_PATHS_20260604\ROW_001_DISPOSABLE_FIXTURE_V1\README_ROW_001_DISPOSABLE_FIXTURE.md","C:\Users\13527\Desktop\123\Jxhnny_Kl33N_Seedz\COMMAND_CENTER\ROOT_RESIDUE_CUSTODY\20260604_20260603_234658\HANDOFF_AND_CORRECTION_PACKETS\MULE_CORRECTION_V2_INJECT_GOOD_UPDATE_PATHS_20260604\ROW_001_DISPOSABLE_FIXTURE_V1\README_ROW_001_DISPOSABLE_FIXTURE.md","Structured root ROOT_COMMAND_CENTER file was missing from matching git lane.","6905F6757A3944BF4A085B4AE978D9C9F0925CB7964BDCD362CA6B47513087D0","1448"
"MOVED_STRUCTURED_ROOT_FILE_TO_REPO_LANE","C:\Users\13527\Desktop\123\COMMAND_CENTER\ROOT_RESIDUE_CUSTODY\20260604_20260603_234658\HANDOFF_AND_CORRECTION_PACKETS\MULE_CORRECTION_V2_INJECT_GOOD_UPDATE_PATHS_20260604\ROW_001_DISPOSABLE_FIXTURE_V1\ROW_001_FIXTURE_BUILD_RECEIPT.md","C:\Users\13527\Desktop\123\Jxhnny_Kl33N_Seedz\COMMAND_CENTER\ROOT_RESIDUE_CUSTODY\20260604_20260603_234658\HANDOFF_AND_CORRECTION_PACKETS\MULE_CORRECTION_V2_INJECT_GOOD_UPDATE_PATHS_20260604\ROW_001_DISPOSABLE_FIXTURE_V1\ROW_001_FIXTURE_BUILD_RECEIPT.md","Structured root ROOT_COMMAND_CENTER file was missing from matching git lane.","08CEDFBF3317AA6CA67AFF096C6F2ED09A62BCB6E92EB0AF05CDDAE818924FB5","776"
"MOVED_STRUCTURED_ROOT_FILE_TO_REPO_LANE","C:\Users\13527\Desktop\123\COMMAND_CENTER\ROOT_RESIDUE_CUSTODY\20260604_20260603_234658\HANDOFF_AND_CORRECTION_PACKETS\MULE_CORRECTION_V2_INJECT_GOOD_UPDATE_PATHS_20260604\ROW_001_DISPOSABLE_FIXTURE_V1\SCENARIO_001_GENERATED_RUNNER_REPAIR_LOOP.md","C:\Users\13527\Desktop\123\Jxhnny_Kl33N_Seedz\COMMAND_CENTER\ROOT_RESIDUE_CUSTODY\20260604_20260603_234658\HANDOFF_AND_CORRECTION_PACKETS\MULE_CORRECTION_V2_INJECT_GOOD_UPDATE_PATHS_20260604\ROW_001_DISPOSABLE_FIXTURE_V1\SCENARIO_001_GENERATED_RUNNER_REPAIR_LOOP.md","Structured root ROOT_COMMAND_CENTER file was missing from matching git lane.","EF13A07498733065EAC6AC3C667792B8BB0978FF5603DEDCA49FE8C6B4E72D96","943"
"MOVED_STRUCTURED_ROOT_FILE_TO_REPO_LANE","C:\Users\13527\Desktop\123\COMMAND_CENTER\ROOT_RESIDUE_CUSTODY\20260604_20260603_234658\HANDOFF_AND_CORRECTION_PACKETS\MULE_CORRECTION_V2_INJECT_GOOD_UPDATE_PATHS_20260604\ROW_001_DISPOSABLE_FIXTURE_V1\SCENARIO_002_CODE_SHAPED_TEXT_IN_WRAPPER.md","C:\Users\13527\Desktop\123\Jxhnny_Kl33N_Seedz\COMMAND_CENTER\ROOT_RESIDUE_CUSTODY\20260604_20260603_234658\HANDOFF_AND_CORRECTION_PACKETS\MULE_CORRECTION_V2_INJECT_GOOD_UPDATE_PATHS_20260604\ROW_001_DISPOSABLE_FIXTURE_V1\SCENARIO_002_CODE_SHAPED_TEXT_IN_WRAPPER.md","Structured root ROOT_COMMAND_CENTER file was missing from matching git lane.","904FACB1D84F2F1E7F7D0C4762BCFE8D196864D8D4330DE33FB9B4C1ED5E0024","967"
"MOVED_STRUCTURED_ROOT_FILE_TO_REPO_LANE","C:\Users\13527\Desktop\123\COMMAND_CENTER\ROOT_RESIDUE_CUSTODY\20260604_20260603_234658\HANDOFF_AND_CORRECTION_PACKETS\MULE_CORRECTION_V2_INJECT_GOOD_UPDATE_PATHS_20260604\ROW_001_DISPOSABLE_FIXTURE_V1\SCENARIO_003_AUTOMATIC_VARIABLE_COLLISION.md","C:\Users\13527\Desktop\123\Jxhnny_Kl33N_Seedz\COMMAND_CENTER\ROOT_RESIDUE_CUSTODY\20260604_20260603_234658\HANDOFF_AND_CORRECTION_PACKETS\MULE_CORRECTION_V2_INJECT_GOOD_UPDATE_PATHS_20260604\ROW_001_DISPOSABLE_FIXTURE_V1\SCENARIO_003_AUTOMATIC_VARIABLE_COLLISION.md","Structured root ROOT_COMMAND_CENTER file was missing from matching git lane.","59005CCA3503D9032AAE4DC49334500F13448852171C3E9A812B41A07111D093","916"
"MOVED_STRUCTURED_ROOT_FILE_TO_REPO_LANE","C:\Users\13527\Desktop\123\COMMAND_CENTER\ROOT_RESIDUE_CUSTODY\20260604_20260603_234658\HANDOFF_AND_CORRECTION_PACKETS\MULE_CORRECTION_V2_INJECT_GOOD_UPDATE_PATHS_20260604\ROW_001_DISPOSABLE_FIXTURE_V1\SCENARIO_004_HERE_STRING_EXPANSION_RISK.md","C:\Users\13527\Desktop\123\Jxhnny_Kl33N_Seedz\COMMAND_CENTER\ROOT_RESIDUE_CUSTODY\20260604_20260603_234658\HANDOFF_AND_CORRECTION_PACKETS\MULE_CORRECTION_V2_INJECT_GOOD_UPDATE_PATHS_20260604\ROW_001_DISPOSABLE_FIXTURE_V1\SCENARIO_004_HERE_STRING_EXPANSION_RISK.md","Structured root ROOT_COMMAND_CENTER file was missing from matching git lane.","CC0D488284630CB00218CCF76FA1D5476D29FA805CC160755D35A34D991EB620","1000"
"MOVED_STRUCTURED_ROOT_FILE_TO_REPO_LANE","C:\Users\13527\Desktop\123\COMMAND_CENTER\ROOT_RESIDUE_CUSTODY\20260604_20260603_234658\HANDOFF_AND_CORRECTION_PACKETS\MULE_CORRECTION_V2_INJECT_GOOD_UPDATE_PATHS_20260604\ROW_001_DISPOSABLE_FIXTURE_V1\SCENARIO_005_PATH_CONSTRUCTION_AND_WRONG_LANE_WRITE.md","C:\Users\13527\Desktop\123\Jxhnny_Kl33N_Seedz\COMMAND_CENTER\ROOT_RESIDUE_CUSTODY\20260604_20260603_234658\HANDOFF_AND_CORRECTION_PACKETS\MULE_CORRECTION_V2_INJECT_GOOD_UPDATE_PATHS_20260604\ROW_001_DISPOSABLE_FIXTURE_V1\SCENARIO_005_PATH_CONSTRUCTION_AND_WRONG_LANE_WRITE.md","Structured root ROOT_COMMAND_CENTER file was missing from matching git lane.","0E5EE02EC79EFDC807070AF93A1DAF2F2EEFF98CF9F7B93EFF10833E648F08F4","970"
"MOVED_STRUCTURED_ROOT_FILE_TO_REPO_LANE","C:\Users\13527\Desktop\123\COMMAND_CENTER\ROOT_RESIDUE_CUSTODY\20260604_20260603_234658\HANDOFF_AND_CORRECTION_PACKETS\MULE_CORRECTION_V2_INJECT_GOOD_UPDATE_PATHS_20260604\ROW_001_DISPOSABLE_FIXTURE_V1\SCENARIO_006_FALSE_TARGET_RUN_CLAIM.md","C:\Users\13527\Desktop\123\Jxhnny_Kl33N_Seedz\COMMAND_CENTER\ROOT_RESIDUE_CUSTODY\20260604_20260603_234658\HANDOFF_AND_CORRECTION_PACKETS\MULE_CORRECTION_V2_INJECT_GOOD_UPDATE_PATHS_20260604\ROW_001_DISPOSABLE_FIXTURE_V1\SCENARIO_006_FALSE_TARGET_RUN_CLAIM.md","Structured root ROOT_COMMAND_CENTER file was missing from matching git lane.","F125DFA2A9828E5BD046F3D1A34AEA4EE81BBF8A9A544B90CCCE767C93539508","801"
"MOVED_STRUCTURED_ROOT_FILE_TO_REPO_LANE","C:\Users\13527\Desktop\123\COMMAND_CENTER\ROOT_RESIDUE_CUSTODY\20260604_20260603_234658\HANDOFF_AND_CORRECTION_PACKETS\MULE_CORRECTION_V2_INJECT_GOOD_UPDATE_PATHS_20260604\ROW_001_DISPOSABLE_FIXTURE_V1\SCENARIO_007_NO_OP_SKIP_IS_NOT_REPAIR.md","C:\Users\13527\Desktop\123\Jxhnny_Kl33N_Seedz\COMMAND_CENTER\ROOT_RESIDUE_CUSTODY\20260604_20260603_234658\HANDOFF_AND_CORRECTION_PACKETS\MULE_CORRECTION_V2_INJECT_GOOD_UPDATE_PATHS_20260604\ROW_001_DISPOSABLE_FIXTURE_V1\SCENARIO_007_NO_OP_SKIP_IS_NOT_REPAIR.md","Structured root ROOT_COMMAND_CENTER file was missing from matching git lane.","504C3713371C98C38FBF575814A062467269270C4BB741B9E3F0F19DC2D81748","787"
"MOVED_STRUCTURED_ROOT_FILE_TO_REPO_LANE","C:\Users\13527\Desktop\123\COMMAND_CENTER\ROOT_RESIDUE_CUSTODY\20260604_20260603_234658\HANDOFF_AND_CORRECTION_PACKETS\MULE_CORRECTION_V2_INJECT_GOOD_UPDATE_PATHS_20260604\ROW_001_DISPOSABLE_FIXTURE_V1\SHA256_MANIFEST_ROW_001_DISPOSABLE_FIXTURE_V1.csv","C:\Users\13527\Desktop\123\Jxhnny_Kl33N_Seedz\COMMAND_CENTER\ROOT_RESIDUE_CUSTODY\20260604_20260603_234658\HANDOFF_AND_CORRECTION_PACKETS\MULE_CORRECTION_V2_INJECT_GOOD_UPDATE_PATHS_20260604\ROW_001_DISPOSABLE_FIXTURE_V1\SHA256_MANIFEST_ROW_001_DISPOSABLE_FIXTURE_V1.csv","Structured root ROOT_COMMAND_CENTER file was missing from matching git lane.","7E8B9E688BF9D4C34B9AF74ADE79C23199893AA02BEECC9597774AFB84EFED38","1404"
"MOVED_STRUCTURED_ROOT_FILE_TO_REPO_LANE","C:\Users\13527\Desktop\123\COMMAND_CENTER\ROOT_RESIDUE_CUSTODY\20260604_20260603_234658\HANDOFF_AND_CORRECTION_PACKETS\MULE_HANDOFF_ROW_001_RULE_CAPTURE_20260604\MULE_HANDOFF_MANIFEST_20260604.csv","C:\Users\13527\Desktop\123\Jxhnny_Kl33N_Seedz\COMMAND_CENTER\ROOT_RESIDUE_CUSTODY\20260604_20260603_234658\HANDOFF_AND_CORRECTION_PACKETS\MULE_HANDOFF_ROW_001_RULE_CAPTURE_20260604\MULE_HANDOFF_MANIFEST_20260604.csv","Structured root ROOT_COMMAND_CENTER file was missing from matching git lane.","9ED17A0FD41D1E608C4D26B62F0F095960F305AF1DA5441DEC75F086117BD01E","596"
"MOVED_STRUCTURED_ROOT_FILE_TO_REPO_LANE","C:\Users\13527\Desktop\123\COMMAND_CENTER\ROOT_RESIDUE_CUSTODY\20260604_20260603_234658\HANDOFF_AND_CORRECTION_PACKETS\MULE_HANDOFF_ROW_001_RULE_CAPTURE_20260604\MULE_HANDOFF_ROW_001_RULE_CAPTURE_20260604.md","C:\Users\13527\Desktop\123\Jxhnny_Kl33N_Seedz\COMMAND_CENTER\ROOT_RESIDUE_CUSTODY\20260604_20260603_234658\HANDOFF_AND_CORRECTION_PACKETS\MULE_HANDOFF_ROW_001_RULE_CAPTURE_20260604\MULE_HANDOFF_ROW_001_RULE_CAPTURE_20260604.md","Structured root ROOT_COMMAND_CENTER file was missing from matching git lane.","AB4722A15EA5F11DA64CEE43D9D2A5A671FA6E02EBC231C3C2602EB87F8A8061","6808"
"MOVED_STRUCTURED_ROOT_FILE_TO_REPO_LANE","C:\Users\13527\Desktop\123\COMMAND_CENTER\ROOT_RESIDUE_CUSTODY\20260604_20260603_234658\HANDOFF_AND_CORRECTION_PACKETS\MULE_HANDOFF_ROW_001_RULE_CAPTURE_20260604\MULE_ROOT_NO_LOOSE_FILES_RULE_V1.md","C:\Users\13527\Desktop\123\Jxhnny_Kl33N_Seedz\COMMAND_CENTER\ROOT_RESIDUE_CUSTODY\20260604_20260603_234658\HANDOFF_AND_CORRECTION_PACKETS\MULE_HANDOFF_ROW_001_RULE_CAPTURE_20260604\MULE_ROOT_NO_LOOSE_FILES_RULE_V1.md","Structured root ROOT_COMMAND_CENTER file was missing from matching git lane.","A855D158EE5E0F58F4D3F18717006BE7C508FDE54BD2678060C3E4EABFA18795","4025"
"MOVED_STRUCTURED_ROOT_FILE_TO_REPO_LANE","C:\Users\13527\Desktop\123\COMMAND_CENTER\ROOT_RESIDUE_CUSTODY\20260604_20260603_234658\HANDOFF_AND_CORRECTION_PACKETS\MULE_HANDOFF_ROW_001_RULE_CAPTURE_20260604\REPEATED_USER_CORRECTION_TO_LIVING_RULE_TRIGGER_V1_1.md","C:\Users\13527\Desktop\123\Jxhnny_Kl33N_Seedz\COMMAND_CENTER\ROOT_RESIDUE_CUSTODY\20260604_20260603_234658\HANDOFF_AND_CORRECTION_PACKETS\MULE_HANDOFF_ROW_001_RULE_CAPTURE_20260604\REPEATED_USER_CORRECTION_TO_LIVING_RULE_TRIGGER_V1_1.md","Structured root ROOT_COMMAND_CENTER file was missing from matching git lane.","4C951E17813ACFC5D9EF8F485A3B4648721959F7CC31AE915D3D14D1F03BC8F7","5938"
"MOVED_STRUCTURED_ROOT_FILE_TO_REPO_LANE","C:\Users\13527\Desktop\123\COMMAND_CENTER\ROOT_RESIDUE_CUSTODY\20260604_20260603_234658\HANDOFF_AND_CORRECTION_PACKETS\MULE_HANDOFF_ROW_001_RULE_CAPTURE_20260604\ROW_001_DISPOSABLE_FIXTURE_DESIGN_V1.md","C:\Users\13527\Desktop\123\Jxhnny_Kl33N_Seedz\COMMAND_CENTER\ROOT_RESIDUE_CUSTODY\20260604_20260603_234658\HANDOFF_AND_CORRECTION_PACKETS\MULE_HANDOFF_ROW_001_RULE_CAPTURE_20260604\ROW_001_DISPOSABLE_FIXTURE_DESIGN_V1.md","Structured root ROOT_COMMAND_CENTER file was missing from matching git lane.","6B52947701E4E5C94C17C7C77226E4F928D55B7E9A1FE637C83B6AA9B838F303","10986"
"MOVED_STRUCTURED_ROOT_FILE_TO_REPO_LANE","C:\Users\13527\Desktop\123\COMMAND_CENTER\ROOT_RESIDUE_CUSTODY\20260604_20260603_234658\HANDOFF_AND_CORRECTION_PACKETS\MULE_HANDOFF_ROW_001_RULE_CAPTURE_20260604\ROW_001_DISPOSABLE_FIXTURE_V1.zip","C:\Users\13527\Desktop\123\Jxhnny_Kl33N_Seedz\COMMAND_CENTER\ROOT_RESIDUE_CUSTODY\20260604_20260603_234658\HANDOFF_AND_CORRECTION_PACKETS\MULE_HANDOFF_ROW_001_RULE_CAPTURE_20260604\ROW_001_DISPOSABLE_FIXTURE_V1.zip","Structured root ROOT_COMMAND_CENTER file was missing from matching git lane.","1DFF58F4AAC253B822854B00929087A0EC20C5D31C734B1470A6FE12CD2309C6","10696"
"REMOVED_ROOT_DUPLICATE_AFTER_HASH_MATCH","C:\Users\13527\Desktop\123\COMMAND_CENTER\UI_LANE\ADOPTION_SCOPE_LOCK__HELPER_EXPOSURE_33RD_PROTOCOL_20260606.md","C:\Users\13527\Desktop\123\Jxhnny_Kl33N_Seedz\COMMAND_CENTER\UI_LANE\ADOPTION_SCOPE_LOCK__HELPER_EXPOSURE_33RD_PROTOCOL_20260606.md","Same relative path and SHA256 already present in repo for ROOT_COMMAND_CENTER.","10FACE5C15C10528B870FF81D8120A392A06CB2CC23A0A8315B20301431E25F9","3226"
"REMOVED_ROOT_DUPLICATE_AFTER_HASH_MATCH","C:\Users\13527\Desktop\123\COMMAND_CENTER\UI_LANE\HUMAN_ACCEPTANCE_DECISION__HELPER_EXPOSURE_33RD_PROTOCOL_FIRST_LIVE_USE_TEST_20260606.md","C:\Users\13527\Desktop\123\Jxhnny_Kl33N_Seedz\COMMAND_CENTER\UI_LANE\HUMAN_ACCEPTANCE_DECISION__HELPER_EXPOSURE_33RD_PROTOCOL_FIRST_LIVE_USE_TEST_20260606.md","Same relative path and SHA256 already present in repo for ROOT_COMMAND_CENTER.","65795E12860365F447AEC28C4CB8735F699B9DF9B177CA5C4F1D6A79297F0681","8393"
"REMOVED_ROOT_DUPLICATE_AFTER_HASH_MATCH","C:\Users\13527\Desktop\123\COMMAND_CENTER\UI_LANE\HUMAN_ACCEPTANCE_RECEIPT__HELPER_EXPOSURE_33RD_PROTOCOL_FIRST_LIVE_USE_TEST_20260606.md","C:\Users\13527\Desktop\123\Jxhnny_Kl33N_Seedz\COMMAND_CENTER\UI_LANE\HUMAN_ACCEPTANCE_RECEIPT__HELPER_EXPOSURE_33RD_PROTOCOL_FIRST_LIVE_USE_TEST_20260606.md","Same relative path and SHA256 already present in repo for ROOT_COMMAND_CENTER.","0A6E4B385661171368073E805406D270BD9C4CF8A3BAF56876BA9BD37ABABF54","4265"
"REMOVED_ROOT_DUPLICATE_AFTER_HASH_MATCH","C:\Users\13527\Desktop\123\COMMAND_CENTER\UI_LANE\HUMAN_GATE_REVIEW_COPY_BLOCK__COMMAND_CENTER_UI_LANE_20260606.md","C:\Users\13527\Desktop\123\Jxhnny_Kl33N_Seedz\COMMAND_CENTER\UI_LANE\HUMAN_GATE_REVIEW_COPY_BLOCK__COMMAND_CENTER_UI_LANE_20260606.md","Same relative path and SHA256 already present in repo for ROOT_COMMAND_CENTER.","B534260AE60EF888FB369F4DA64D80E985F30D64E2F5C8297D930D7CC7176674","8966"
"REMOVED_ROOT_DUPLICATE_AFTER_HASH_MATCH","C:\Users\13527\Desktop\123\COMMAND_CENTER\UI_LANE\HUMAN_GATE_REVIEW_SNAPSHOT__COMMAND_CENTER_UI_LANE_20260606.md","C:\Users\13527\Desktop\123\Jxhnny_Kl33N_Seedz\COMMAND_CENTER\UI_LANE\HUMAN_GATE_REVIEW_SNAPSHOT__COMMAND_CENTER_UI_LANE_20260606.md","Same relative path and SHA256 already present in repo for ROOT_COMMAND_CENTER.","8A442B91884CEFF62A56F2A837E33834B58EF3FF04B4AA2332AA5490C3A61C57","27690"
"REMOVED_ROOT_DUPLICATE_AFTER_HASH_MATCH","C:\Users\13527\Desktop\123\COMMAND_CENTER\UI_LANE\LIVE_INSTALL_PREFLIGHT__DUAL_COMMAND_CENTER_L0_AND_PROTOCOL_20260606.md","C:\Users\13527\Desktop\123\Jxhnny_Kl33N_Seedz\COMMAND_CENTER\UI_LANE\LIVE_INSTALL_PREFLIGHT__DUAL_COMMAND_CENTER_L0_AND_PROTOCOL_20260606.md","Same relative path and SHA256 already present in repo for ROOT_COMMAND_CENTER.","944004B125B5DF219524502BEBE4073668F55676BF7E3A5927DC518347900ADF","4550"
"REMOVED_ROOT_DUPLICATE_AFTER_HASH_MATCH","C:\Users\13527\Desktop\123\COMMAND_CENTER\UI_LANE\MULE_RECEIPT__BLOCKER_CLOSEOUT_COMMAND_CENTER_UI_LANE_20260606.md","C:\Users\13527\Desktop\123\Jxhnny_Kl33N_Seedz\COMMAND_CENTER\UI_LANE\MULE_RECEIPT__BLOCKER_CLOSEOUT_COMMAND_CENTER_UI_LANE_20260606.md","Same relative path and SHA256 already present in repo for ROOT_COMMAND_CENTER.","3341F39B9B37EB628D7ED5252D93EA4FF9856296521CB81ABF19DCFC18CEBC68","5177"
"REMOVED_ROOT_DUPLICATE_AFTER_HASH_MATCH","C:\Users\13527\Desktop\123\COMMAND_CENTER\UI_LANE\PACKET_FAMILY_HASH_LEDGER__COMMAND_CENTER_UI_LANE_20260606.md","C:\Users\13527\Desktop\123\Jxhnny_Kl33N_Seedz\COMMAND_CENTER\UI_LANE\PACKET_FAMILY_HASH_LEDGER__COMMAND_CENTER_UI_LANE_20260606.md","Same relative path and SHA256 already present in repo for ROOT_COMMAND_CENTER.","466562162B28A5CED275EA92127534EDE5B55B4E8B6D899182FB2580E6A62C5B","21456"
"REMOVED_ROOT_DUPLICATE_AFTER_HASH_MATCH","C:\Users\13527\Desktop\123\COMMAND_CENTER\UI_LANE\PACKET_FAMILY_INDEX__COMMAND_CENTER_UI_LANE_20260606.md","C:\Users\13527\Desktop\123\Jxhnny_Kl33N_Seedz\COMMAND_CENTER\UI_LANE\PACKET_FAMILY_INDEX__COMMAND_CENTER_UI_LANE_20260606.md","Same relative path and SHA256 already present in repo for ROOT_COMMAND_CENTER.","DBE6E2ED56F23192FEFA5F2F3FF732FD37203D8AC18E84C72D3042D25F08142F","10043"
"REMOVED_ROOT_DUPLICATE_AFTER_HASH_MATCH","C:\Users\13527\Desktop\123\COMMAND_CENTER\UI_LANE\ROOT_INTAKE_RECEIPT__ROOT_SOURCE_DROPS_PLACED_20260606.md","C:\Users\13527\Desktop\123\Jxhnny_Kl33N_Seedz\COMMAND_CENTER\UI_LANE\ROOT_INTAKE_RECEIPT__ROOT_SOURCE_DROPS_PLACED_20260606.md","Same relative path and SHA256 already present in repo for ROOT_COMMAND_CENTER.","A8BC4B913BCA2B64FF041F7999CD23786A7A65A6FB9081D4487F98DF55976790","3049"
"REMOVED_ROOT_DUPLICATE_AFTER_HASH_MATCH","C:\Users\13527\Desktop\123\COMMAND_CENTER\UI_LANE\BLOCKER_CLOSEOUT_RUN_20260606\PACKET_FAMILY_HASH_LEDGER_ROWS__COMMAND_CENTER_UI_LANE_20260606.csv","C:\Users\13527\Desktop\123\Jxhnny_Kl33N_Seedz\COMMAND_CENTER\UI_LANE\BLOCKER_CLOSEOUT_RUN_20260606\PACKET_FAMILY_HASH_LEDGER_ROWS__COMMAND_CENTER_UI_LANE_20260606.csv","Same relative path and SHA256 already present in repo for ROOT_COMMAND_CENTER.","80A02146ECE5A9F26EB3012646F6B6C862F2A65594E317144A8E6301A93FB745","18576"
"REMOVED_ROOT_DUPLICATE_AFTER_HASH_MATCH","C:\Users\13527\Desktop\123\COMMAND_CENTER\UI_LANE\BLOCKER_CLOSEOUT_RUN_20260606\PACKET_FAMILY_HASH_LEDGER_SELF_SHA256__COMMAND_CENTER_UI_LANE_20260606.txt","C:\Users\13527\Desktop\123\Jxhnny_Kl33N_Seedz\COMMAND_CENTER\UI_LANE\BLOCKER_CLOSEOUT_RUN_20260606\PACKET_FAMILY_HASH_LEDGER_SELF_SHA256__COMMAND_CENTER_UI_LANE_20260606.txt","Same relative path and SHA256 already present in repo for ROOT_COMMAND_CENTER.","E2910A8EDA361E28467F76BCB4B7BCDA2B484B839C93A727D9E3EC6369A4602E","341"
"REMOVED_ROOT_DUPLICATE_AFTER_HASH_MATCH","C:\Users\13527\Desktop\123\COMMAND_CENTER\UI_LANE\BLOCKER_CLOSEOUT_RUN_20260606\SOURCE_RAW\RAW_BUNDLE__HUMAN_ACCEPTANCE_DECISION_AND_BLOCKER_CLOSEOUT_RUN_20260606.md","C:\Users\13527\Desktop\123\Jxhnny_Kl33N_Seedz\COMMAND_CENTER\UI_LANE\BLOCKER_CLOSEOUT_RUN_20260606\SOURCE_RAW\RAW_BUNDLE__HUMAN_ACCEPTANCE_DECISION_AND_BLOCKER_CLOSEOUT_RUN_20260606.md","Same relative path and SHA256 already present in repo for ROOT_COMMAND_CENTER.","99EBFA1AEE21CB757A65EBF9E718F800280E25EB986D5F47493BAE055F637448","41862"
"REMOVED_ROOT_DUPLICATE_AFTER_HASH_MATCH","C:\Users\13527\Desktop\123\COMMAND_CENTER\UI_LANE\CHUNKED_ACCEPTANCE_GROWTH_REVIEW_20260606\ACCEPTANCE_STANDARD_DRAFT__DUAL_COMMAND_CENTER_L0_AND_PRIVATE_WORK_PROTOCOL_20260606.md","C:\Users\13527\Desktop\123\Jxhnny_Kl33N_Seedz\COMMAND_CENTER\UI_LANE\CHUNKED_ACCEPTANCE_GROWTH_REVIEW_20260606\ACCEPTANCE_STANDARD_DRAFT__DUAL_COMMAND_CENTER_L0_AND_PRIVATE_WORK_PROTOCOL_20260606.md","Same relative path and SHA256 already present in repo for ROOT_COMMAND_CENTER.","D536DB3CFB5C30BC8F0E28B7D6DDA7E515131A44D37CEDD8E331C29F2C652149","8044"
"REMOVED_ROOT_DUPLICATE_AFTER_HASH_MATCH","C:\Users\13527\Desktop\123\COMMAND_CENTER\UI_LANE\CHUNKED_ACCEPTANCE_GROWTH_REVIEW_20260606\BATCH_01_PACKET_FIT_MAP__DUAL_COMMAND_CENTER_AND_PROTOCOL_20260606.md","C:\Users\13527\Desktop\123\Jxhnny_Kl33N_Seedz\COMMAND_CENTER\UI_LANE\CHUNKED_ACCEPTANCE_GROWTH_REVIEW_20260606\BATCH_01_PACKET_FIT_MAP__DUAL_COMMAND_CENTER_AND_PROTOCOL_20260606.md","Same relative path and SHA256 already present in repo for ROOT_COMMAND_CENTER.","2114B13636FFD2BD28C219F8322484BF03C3AA104901D8731E3F84308F339A31","9958"
"REMOVED_ROOT_DUPLICATE_AFTER_HASH_MATCH","C:\Users\13527\Desktop\123\COMMAND_CENTER\UI_LANE\CHUNKED_ACCEPTANCE_GROWTH_REVIEW_20260606\BATCH_02_HARD_CRITIQUE_AND_MISSING_LOGIC__DUAL_COMMAND_CENTER_AND_PROTOCOL_20260606.md","C:\Users\13527\Desktop\123\Jxhnny_Kl33N_Seedz\COMMAND_CENTER\UI_LANE\CHUNKED_ACCEPTANCE_GROWTH_REVIEW_20260606\BATCH_02_HARD_CRITIQUE_AND_MISSING_LOGIC__DUAL_COMMAND_CENTER_AND_PROTOCOL_20260606.md","Same relative path and SHA256 already present in repo for ROOT_COMMAND_CENTER.","E44DB46DE4C9F654C2027E8A1BC5EA19BBB19C495BE13C3D4005596F24922E8A","8777"
"REMOVED_ROOT_DUPLICATE_AFTER_HASH_MATCH","C:\Users\13527\Desktop\123\COMMAND_CENTER\UI_LANE\CHUNKED_ACCEPTANCE_GROWTH_REVIEW_20260606\BLOCKER_BURNDOWN_AND_ADDITIONS__DUAL_COMMAND_CENTER_L0_AND_PROTOCOL_20260606.md","C:\Users\13527\Desktop\123\Jxhnny_Kl33N_Seedz\COMMAND_CENTER\UI_LANE\CHUNKED_ACCEPTANCE_GROWTH_REVIEW_20260606\BLOCKER_BURNDOWN_AND_ADDITIONS__DUAL_COMMAND_CENTER_L0_AND_PROTOCOL_20260606.md","Same relative path and SHA256 already present in repo for ROOT_COMMAND_CENTER.","895ADCA8EED97E91D6768CF89C28E9EE041FFE839DE74C538DD297FA133F9301","7477"
"REMOVED_ROOT_DUPLICATE_AFTER_HASH_MATCH","C:\Users\13527\Desktop\123\COMMAND_CENTER\UI_LANE\CHUNKED_ACCEPTANCE_GROWTH_REVIEW_20260606\FINAL_REVIEW_PACKET__DUAL_COMMAND_CENTER_L0_AND_PRIVATE_WORK_PROTOCOL_20260606.md","C:\Users\13527\Desktop\123\Jxhnny_Kl33N_Seedz\COMMAND_CENTER\UI_LANE\CHUNKED_ACCEPTANCE_GROWTH_REVIEW_20260606\FINAL_REVIEW_PACKET__DUAL_COMMAND_CENTER_L0_AND_PRIVATE_WORK_PROTOCOL_20260606.md","Same relative path and SHA256 already present in repo for ROOT_COMMAND_CENTER.","ED467406E0D29FBAC173622F85580FA849885CC04EA9E4BE908D231603DE8500","5168"
"REMOVED_ROOT_DUPLICATE_AFTER_HASH_MATCH","C:\Users\13527\Desktop\123\COMMAND_CENTER\UI_LANE\CHUNKED_ACCEPTANCE_GROWTH_REVIEW_20260606\MULE_RECEIPT__CHUNKED_ACCEPTANCE_GROWTH_REVIEW_DUAL_COMMAND_CENTER_AND_PROTOCOL_20260606.md","C:\Users\13527\Desktop\123\Jxhnny_Kl33N_Seedz\COMMAND_CENTER\UI_LANE\CHUNKED_ACCEPTANCE_GROWTH_REVIEW_20260606\MULE_RECEIPT__CHUNKED_ACCEPTANCE_GROWTH_REVIEW_DUAL_COMMAND_CENTER_AND_PROTOCOL_20260606.md","Same relative path and SHA256 already present in repo for ROOT_COMMAND_CENTER.","3A7EA21EC6CD7B3EA5A8D50E2D0145F4336967ACB324E343E45AB97EC9FA2A18","6530"
"REMOVED_ROOT_DUPLICATE_AFTER_HASH_MATCH","C:\Users\13527\Desktop\123\COMMAND_CENTER\UI_LANE\DEEP_SCAN_WASH_DRY_RUN_20260606\DEEP_SCAN_WASH_DRY_RUN_REPORT_20260606.md","C:\Users\13527\Desktop\123\Jxhnny_Kl33N_Seedz\COMMAND_CENTER\UI_LANE\DEEP_SCAN_WASH_DRY_RUN_20260606\DEEP_SCAN_WASH_DRY_RUN_REPORT_20260606.md","Same relative path and SHA256 already present in repo for ROOT_COMMAND_CENTER.","3118580A4CC78CFAA3AFAEF1FE831E391DE8A834DE56F6DFD0A74F8F7C5E85CA","5481"
"REMOVED_ROOT_DUPLICATE_AFTER_HASH_MATCH","C:\Users\13527\Desktop\123\COMMAND_CENTER\UI_LANE\DEEP_SCAN_WASH_DRY_RUN_20260606\MULE_RECEIPT__DEEP_SCAN_WASH_DRY_RUN_20260606.md","C:\Users\13527\Desktop\123\Jxhnny_Kl33N_Seedz\COMMAND_CENTER\UI_LANE\DEEP_SCAN_WASH_DRY_RUN_20260606\MULE_RECEIPT__DEEP_SCAN_WASH_DRY_RUN_20260606.md","Same relative path and SHA256 already present in repo for ROOT_COMMAND_CENTER.","3227A4CF1F2CB0068938D1095332DC6C2C43610092ABD7F6B1420D501CC5F76D","2097"
"REMOVED_ROOT_DUPLICATE_AFTER_HASH_MATCH","C:\Users\13527\Desktop\123\COMMAND_CENTER\UI_LANE\DEEP_SCAN_WASH_DRY_RUN_20260606\WASH_CLASS_COUNTS.csv","C:\Users\13527\Desktop\123\Jxhnny_Kl33N_Seedz\COMMAND_CENTER\UI_LANE\DEEP_SCAN_WASH_DRY_RUN_20260606\WASH_CLASS_COUNTS.csv","Same relative path and SHA256 already present in repo for ROOT_COMMAND_CENTER.","9F88E032C9F3833419CBDBB94CA5CF0A7E3A35B2E730CA6C985ACA26210BD0AA","353"
"REMOVED_ROOT_DUPLICATE_AFTER_HASH_MATCH","C:\Users\13527\Desktop\123\COMMAND_CENTER\UI_LANE\DEEP_SCAN_WASH_DRY_RUN_20260606\WASH_EXTENSION_COUNTS.csv","C:\Users\13527\Desktop\123\Jxhnny_Kl33N_Seedz\COMMAND_CENTER\UI_LANE\DEEP_SCAN_WASH_DRY_RUN_20260606\WASH_EXTENSION_COUNTS.csv","Same relative path and SHA256 already present in repo for ROOT_COMMAND_CENTER.","ECF1BD1673B98FF89307E1BBCA9560B1045DD6EAA1005C3791A0480513FA3A0F","1127"
"REMOVED_ROOT_DUPLICATE_AFTER_HASH_MATCH","C:\Users\13527\Desktop\123\COMMAND_CENTER\UI_LANE\DEEP_SCAN_WASH_DRY_RUN_20260606\WASH_FILE_INVENTORY.csv","C:\Users\13527\Desktop\123\Jxhnny_Kl33N_Seedz\COMMAND_CENTER\UI_LANE\DEEP_SCAN_WASH_DRY_RUN_20260606\WASH_FILE_INVENTORY.csv","Same relative path and SHA256 already present in repo for ROOT_COMMAND_CENTER.","0BC402B61DDC05EA269BCA12FDFC644C9F668021511D83C582318E90485563E3","9232979"
"REMOVED_ROOT_DUPLICATE_AFTER_HASH_MATCH","C:\Users\13527\Desktop\123\COMMAND_CENTER\UI_LANE\DEEP_SCAN_WASH_DRY_RUN_20260606\WASH_FILENAME_SIGNAL_COUNTS.csv","C:\Users\13527\Desktop\123\Jxhnny_Kl33N_Seedz\COMMAND_CENTER\UI_LANE\DEEP_SCAN_WASH_DRY_RUN_20260606\WASH_FILENAME_SIGNAL_COUNTS.csv","Same relative path and SHA256 already present in repo for ROOT_COMMAND_CENTER.","DF84E353F39B4ED0D455DA556EA4E9FC333868EF974EA4CA0B7AFC415F0ECAD4","386"
"REMOVED_ROOT_DUPLICATE_AFTER_HASH_MATCH","C:\Users\13527\Desktop\123\COMMAND_CENTER\UI_LANE\DEEP_SCAN_WASH_DRY_RUN_20260606\WASH_FILENAME_SIGNAL_HITS_SAMPLE.csv","C:\Users\13527\Desktop\123\Jxhnny_Kl33N_Seedz\COMMAND_CENTER\UI_LANE\DEEP_SCAN_WASH_DRY_RUN_20260606\WASH_FILENAME_SIGNAL_HITS_SAMPLE.csv","Same relative path and SHA256 already present in repo for ROOT_COMMAND_CENTER.","A33BE483D3E0F3AC7BB7423984A439DE5D0C21A9A53775739287235DDA56F6B6","382530"
"REMOVED_ROOT_DUPLICATE_AFTER_HASH_MATCH","C:\Users\13527\Desktop\123\COMMAND_CENTER\UI_LANE\DEEP_SCAN_WASH_DRY_RUN_20260606\WASH_INVENTORY_SUMMARY.json","C:\Users\13527\Desktop\123\Jxhnny_Kl33N_Seedz\COMMAND_CENTER\UI_LANE\DEEP_SCAN_WASH_DRY_RUN_20260606\WASH_INVENTORY_SUMMARY.json","Same relative path and SHA256 already present in repo for ROOT_COMMAND_CENTER.","31A824F022175307F3C3A9C158138D6BE87471FBC432F61C723FBB36A1EE4E9F","288"
"REMOVED_ROOT_DUPLICATE_AFTER_HASH_MATCH","C:\Users\13527\Desktop\123\COMMAND_CENTER\UI_LANE\DEEP_SCAN_WASH_DRY_RUN_20260606\WASH_LARGEST_100_FILES.csv","C:\Users\13527\Desktop\123\Jxhnny_Kl33N_Seedz\COMMAND_CENTER\UI_LANE\DEEP_SCAN_WASH_DRY_RUN_20260606\WASH_LARGEST_100_FILES.csv","Same relative path and SHA256 already present in repo for ROOT_COMMAND_CENTER.","8898D17FCACEA11361BBE93EBDE9BB34A072F7F0339737FBCAA387E8A72CC430","42832"
"REMOVED_ROOT_DUPLICATE_AFTER_HASH_MATCH","C:\Users\13527\Desktop\123\COMMAND_CENTER\UI_LANE\DEEP_SCAN_WASH_DRY_RUN_20260606\WASH_ROOT_FILES.csv","C:\Users\13527\Desktop\123\Jxhnny_Kl33N_Seedz\COMMAND_CENTER\UI_LANE\DEEP_SCAN_WASH_DRY_RUN_20260606\WASH_ROOT_FILES.csv","Same relative path and SHA256 already present in repo for ROOT_COMMAND_CENTER.","F5980D0D1F519111238D94DEF1A42C624DD52F404E8158E1B1267181CAD13023","205"
"REMOVED_ROOT_DUPLICATE_AFTER_HASH_MATCH","C:\Users\13527\Desktop\123\COMMAND_CENTER\UI_LANE\DEEP_SCAN_WASH_DRY_RUN_20260606\WASH_SAMPLE_REDACTION_NOTE.json","C:\Users\13527\Desktop\123\Jxhnny_Kl33N_Seedz\COMMAND_CENTER\UI_LANE\DEEP_SCAN_WASH_DRY_RUN_20260606\WASH_SAMPLE_REDACTION_NOTE.json","Same relative path and SHA256 already present in repo for ROOT_COMMAND_CENTER.","FC86CF27336DFC1DF9AC1C1C6F884D8554ED32C0F9556FD49FEB7D4A0DCD718D","239"
"REMOVED_ROOT_DUPLICATE_AFTER_HASH_MATCH","C:\Users\13527\Desktop\123\COMMAND_CENTER\UI_LANE\DEEP_SCAN_WASH_DRY_RUN_20260606\WASH_SIGNAL_CATEGORY_COUNTS.csv","C:\Users\13527\Desktop\123\Jxhnny_Kl33N_Seedz\COMMAND_CENTER\UI_LANE\DEEP_SCAN_WASH_DRY_RUN_20260606\WASH_SIGNAL_CATEGORY_COUNTS.csv","Same relative path and SHA256 already present in repo for ROOT_COMMAND_CENTER.","A2BC19A3DBA1A5AC2D5F35061BF747E81446F1A29F467F90064491E948527EDD","460"
"REMOVED_ROOT_DUPLICATE_AFTER_HASH_MATCH","C:\Users\13527\Desktop\123\COMMAND_CENTER\UI_LANE\DEEP_SCAN_WASH_DRY_RUN_20260606\WASH_SIGNAL_FILE_COUNTS_TOP100_BY_CATEGORY.csv","C:\Users\13527\Desktop\123\Jxhnny_Kl33N_Seedz\COMMAND_CENTER\UI_LANE\DEEP_SCAN_WASH_DRY_RUN_20260606\WASH_SIGNAL_FILE_COUNTS_TOP100_BY_CATEGORY.csv","Same relative path and SHA256 already present in repo for ROOT_COMMAND_CENTER.","37EA24D526E88BB0F86443EDC6F2801785B6D2856202A6457DC3BDC205F5F358","199045"
"REMOVED_ROOT_DUPLICATE_AFTER_HASH_MATCH","C:\Users\13527\Desktop\123\COMMAND_CENTER\UI_LANE\DEEP_SCAN_WASH_DRY_RUN_20260606\WASH_SIGNAL_HITS_SAMPLE.csv","C:\Users\13527\Desktop\123\Jxhnny_Kl33N_Seedz\COMMAND_CENTER\UI_LANE\DEEP_SCAN_WASH_DRY_RUN_20260606\WASH_SIGNAL_HITS_SAMPLE.csv","Same relative path and SHA256 already present in repo for ROOT_COMMAND_CENTER.","3E28C8C4DC8E2ED55C5A9999BE1D7A4EAA7DF00568C68AA2202CC3517D7287C3","609013"
"REMOVED_ROOT_DUPLICATE_AFTER_HASH_MATCH","C:\Users\13527\Desktop\123\COMMAND_CENTER\UI_LANE\DEEP_SCAN_WASH_DRY_RUN_20260606\WASH_SIGNAL_SUMMARY.json","C:\Users\13527\Desktop\123\Jxhnny_Kl33N_Seedz\COMMAND_CENTER\UI_LANE\DEEP_SCAN_WASH_DRY_RUN_20260606\WASH_SIGNAL_SUMMARY.json","Same relative path and SHA256 already present in repo for ROOT_COMMAND_CENTER.","3BD1803DD23CCA91119CF609D4F0B7D923090CCE7C7FEB3A1921704D60AEBA21","5581"
"REMOVED_ROOT_DUPLICATE_AFTER_HASH_MATCH","C:\Users\13527\Desktop\123\COMMAND_CENTER\UI_LANE\DEEP_SCAN_WASH_DRY_RUN_20260606\WASH_TOP_LEVEL_COUNTS.csv","C:\Users\13527\Desktop\123\Jxhnny_Kl33N_Seedz\COMMAND_CENTER\UI_LANE\DEEP_SCAN_WASH_DRY_RUN_20260606\WASH_TOP_LEVEL_COUNTS.csv","Same relative path and SHA256 already present in repo for ROOT_COMMAND_CENTER.","D1D97A7E905E7B2F897A83EEFC5BA8ADE2DD350E9578C44BA20685534126EC77","456"
"REMOVED_ROOT_DUPLICATE_AFTER_HASH_MATCH","C:\Users\13527\Desktop\123\COMMAND_CENTER\UI_LANE\DUAL_COMMAND_CENTER_L0_REVIEW_PACKET_20260606\COMMAND_CENTER_LEAKAGE_GUARD_L0.md","C:\Users\13527\Desktop\123\Jxhnny_Kl33N_Seedz\COMMAND_CENTER\UI_LANE\DUAL_COMMAND_CENTER_L0_REVIEW_PACKET_20260606\COMMAND_CENTER_LEAKAGE_GUARD_L0.md","Same relative path and SHA256 already present in repo for ROOT_COMMAND_CENTER.","FB1D8D1E08C98707BA7D339392334260E062BCE11E6996A186261FEFBC4CC7DE","3281"
"REMOVED_ROOT_DUPLICATE_AFTER_HASH_MATCH","C:\Users\13527\Desktop\123\COMMAND_CENTER\UI_LANE\DUAL_COMMAND_CENTER_L0_REVIEW_PACKET_20260606\DUAL_COMMAND_CENTER_L0_FILE_SET.md","C:\Users\13527\Desktop\123\Jxhnny_Kl33N_Seedz\COMMAND_CENTER\UI_LANE\DUAL_COMMAND_CENTER_L0_REVIEW_PACKET_20260606\DUAL_COMMAND_CENTER_L0_FILE_SET.md","Same relative path and SHA256 already present in repo for ROOT_COMMAND_CENTER.","3A22068A7DD9B1D9EFFE7D4F7BCE66A829BF55A8E8BBD49B545E7BE42C9C5B9D","8064"
"REMOVED_ROOT_DUPLICATE_AFTER_HASH_MATCH","C:\Users\13527\Desktop\123\COMMAND_CENTER\UI_LANE\DUAL_COMMAND_CENTER_L0_REVIEW_PACKET_20260606\DUAL_COMMAND_CENTER_L0_STANDARD.md","C:\Users\13527\Desktop\123\Jxhnny_Kl33N_Seedz\COMMAND_CENTER\UI_LANE\DUAL_COMMAND_CENTER_L0_REVIEW_PACKET_20260606\DUAL_COMMAND_CENTER_L0_STANDARD.md","Same relative path and SHA256 already present in repo for ROOT_COMMAND_CENTER.","F199788FC7D7BF0C8FB443FF8984855BF80F9A585960374494D94B23EAC26D1A","7308"
"REMOVED_ROOT_DUPLICATE_AFTER_HASH_MATCH","C:\Users\13527\Desktop\123\COMMAND_CENTER\UI_LANE\DUAL_COMMAND_CENTER_L0_REVIEW_PACKET_20260606\DUAL_COMMAND_CENTER_L0_STATE_LEDGER_SCHEMAS.md","C:\Users\13527\Desktop\123\Jxhnny_Kl33N_Seedz\COMMAND_CENTER\UI_LANE\DUAL_COMMAND_CENTER_L0_REVIEW_PACKET_20260606\DUAL_COMMAND_CENTER_L0_STATE_LEDGER_SCHEMAS.md","Same relative path and SHA256 already present in repo for ROOT_COMMAND_CENTER.","73AF5698D9579738357F93E281935C06873982A548FB1251CCC7D7660E87DA2B","10257"
"REMOVED_ROOT_DUPLICATE_AFTER_HASH_MATCH","C:\Users\13527\Desktop\123\COMMAND_CENTER\UI_LANE\DUAL_COMMAND_CENTER_L0_REVIEW_PACKET_20260606\DUAL_COMMAND_CENTER_SYNC_CONTRACT_L0.md","C:\Users\13527\Desktop\123\Jxhnny_Kl33N_Seedz\COMMAND_CENTER\UI_LANE\DUAL_COMMAND_CENTER_L0_REVIEW_PACKET_20260606\DUAL_COMMAND_CENTER_SYNC_CONTRACT_L0.md","Same relative path and SHA256 already present in repo for ROOT_COMMAND_CENTER.","2B7ED4E185DF547AF3C29C1B78BBB544A8001114C673AD0AB063EAC3C196374B","7217"
"REMOVED_ROOT_DUPLICATE_AFTER_HASH_MATCH","C:\Users\13527\Desktop\123\COMMAND_CENTER\UI_LANE\DUAL_COMMAND_CENTER_L0_REVIEW_PACKET_20260606\MULE_HASH_LEDGER_SHA256.md","C:\Users\13527\Desktop\123\Jxhnny_Kl33N_Seedz\COMMAND_CENTER\UI_LANE\DUAL_COMMAND_CENTER_L0_REVIEW_PACKET_20260606\MULE_HASH_LEDGER_SHA256.md","Same relative path and SHA256 already present in repo for ROOT_COMMAND_CENTER.","B167522A584D35AFA78B294CBE54DBA36469F72BBF5499E5F819E8BEF63249C8","2905"
"REMOVED_ROOT_DUPLICATE_AFTER_HASH_MATCH","C:\Users\13527\Desktop\123\COMMAND_CENTER\UI_LANE\DUAL_COMMAND_CENTER_L0_REVIEW_PACKET_20260606\MULE_PACKAGE_MANIFEST__OUTSIDE_ASSISTANT_INDEX_TO_L0.md","C:\Users\13527\Desktop\123\Jxhnny_Kl33N_Seedz\COMMAND_CENTER\UI_LANE\DUAL_COMMAND_CENTER_L0_REVIEW_PACKET_20260606\MULE_PACKAGE_MANIFEST__OUTSIDE_ASSISTANT_INDEX_TO_L0.md","Same relative path and SHA256 already present in repo for ROOT_COMMAND_CENTER.","F440005501D4C6EF48277B86AD5DB95712213232F9E80C3D022EA3FDB8CF5C27","2655"
"REMOVED_ROOT_DUPLICATE_AFTER_HASH_MATCH","C:\Users\13527\Desktop\123\COMMAND_CENTER\UI_LANE\DUAL_COMMAND_CENTER_L0_REVIEW_PACKET_20260606\MULE_RETURN_RECEIPT__OUTSIDE_ASSISTANT_INDEX_TO_L0.md","C:\Users\13527\Desktop\123\Jxhnny_Kl33N_Seedz\COMMAND_CENTER\UI_LANE\DUAL_COMMAND_CENTER_L0_REVIEW_PACKET_20260606\MULE_RETURN_RECEIPT__OUTSIDE_ASSISTANT_INDEX_TO_L0.md","Same relative path and SHA256 already present in repo for ROOT_COMMAND_CENTER.","445D312E52618273830203C1D4E8E1B262FCB086DEECA14DED12C9EB521AE6B1","4564"
"REMOVED_ROOT_DUPLICATE_AFTER_HASH_MATCH","C:\Users\13527\Desktop\123\COMMAND_CENTER\UI_LANE\DUAL_COMMAND_CENTER_L0_REVIEW_PACKET_20260606\OUTSIDE_ASSISTANT_COOPERATION_INDEX_V0_2_L0_CLEAN.md","C:\Users\13527\Desktop\123\Jxhnny_Kl33N_Seedz\COMMAND_CENTER\UI_LANE\DUAL_COMMAND_CENTER_L0_REVIEW_PACKET_20260606\OUTSIDE_ASSISTANT_COOPERATION_INDEX_V0_2_L0_CLEAN.md","Same relative path and SHA256 already present in repo for ROOT_COMMAND_CENTER.","28E94DA15E14CCCB17B846571C25F2E18D4D27556975B0AAF81BFF847EBA0AA3","13671"
"REMOVED_ROOT_DUPLICATE_AFTER_HASH_MATCH","C:\Users\13527\Desktop\123\COMMAND_CENTER\UI_LANE\DUAL_COMMAND_CENTER_L0_REVIEW_PACKET_20260606\SOURCE_RAW\OUTSIDE_ASSISTANT_COOPERATION_INDEX_V0_2_SOURCE_TO_LIVE_L0_CUSTODY_CHAIN_RAW_20260605.md","C:\Users\13527\Desktop\123\Jxhnny_Kl33N_Seedz\COMMAND_CENTER\UI_LANE\DUAL_COMMAND_CENTER_L0_REVIEW_PACKET_20260606\SOURCE_RAW\OUTSIDE_ASSISTANT_COOPERATION_INDEX_V0_2_SOURCE_TO_LIVE_L0_CUSTODY_CHAIN_RAW_20260605.md","Same relative path and SHA256 already present in repo for ROOT_COMMAND_CENTER.","F48BC6C737FDED649908DC6036DF82B89F5832D51B624473CA3308F99010D144","2928504"
"REMOVED_ROOT_DUPLICATE_AFTER_HASH_MATCH","C:\Users\13527\Desktop\123\COMMAND_CENTER\UI_LANE\HELPER_FILE_EXPOSURE_AND_33RD_PRIVATE_WORK_PROTOCOL_V0_1_20260606\ADOPTION_APPROVAL_PACKET_DRAFT__HELPER_FILE_EXPOSURE_AND_33RD_PRIVATE_WORK_PROTOCOL_V0_1_20260606.md","C:\Users\13527\Desktop\123\Jxhnny_Kl33N_Seedz\COMMAND_CENTER\UI_LANE\HELPER_FILE_EXPOSURE_AND_33RD_PRIVATE_WORK_PROTOCOL_V0_1_20260606\ADOPTION_APPROVAL_PACKET_DRAFT__HELPER_FILE_EXPOSURE_AND_33RD_PRIVATE_WORK_PROTOCOL_V0_1_20260606.md","Same relative path and SHA256 already present in repo for ROOT_COMMAND_CENTER.","9B0249D82AADC18F10A44FD97064330F5D37843BF39DF8C4211B0A477317805A","2755"
"REMOVED_ROOT_DUPLICATE_AFTER_HASH_MATCH","C:\Users\13527\Desktop\123\COMMAND_CENTER\UI_LANE\HELPER_FILE_EXPOSURE_AND_33RD_PRIVATE_WORK_PROTOCOL_V0_1_20260606\HELPER_FILE_EXPOSURE_AND_33RD_PRIVATE_WORK_PROTOCOL_WORKING_ORDER_V0_1_20260606.md","C:\Users\13527\Desktop\123\Jxhnny_Kl33N_Seedz\COMMAND_CENTER\UI_LANE\HELPER_FILE_EXPOSURE_AND_33RD_PRIVATE_WORK_PROTOCOL_V0_1_20260606\HELPER_FILE_EXPOSURE_AND_33RD_PRIVATE_WORK_PROTOCOL_WORKING_ORDER_V0_1_20260606.md","Same relative path and SHA256 already present in repo for ROOT_COMMAND_CENTER.","98863A070F5485261CF85A74E5A236DE19E28753C62DA64D64960CC6D6C268F5","12026"
"REMOVED_ROOT_DUPLICATE_AFTER_HASH_MATCH","C:\Users\13527\Desktop\123\COMMAND_CENTER\UI_LANE\HELPER_FILE_EXPOSURE_AND_33RD_PRIVATE_WORK_PROTOCOL_V0_1_20260606\MULE_RECEIPT__HELPER_FILE_EXPOSURE_AND_33RD_PRIVATE_WORK_PROTOCOL_WORKING_ORDER_V0_1_20260606.md","C:\Users\13527\Desktop\123\Jxhnny_Kl33N_Seedz\COMMAND_CENTER\UI_LANE\HELPER_FILE_EXPOSURE_AND_33RD_PRIVATE_WORK_PROTOCOL_V0_1_20260606\MULE_RECEIPT__HELPER_FILE_EXPOSURE_AND_33RD_PRIVATE_WORK_PROTOCOL_WORKING_ORDER_V0_1_20260606.md","Same relative path and SHA256 already present in repo for ROOT_COMMAND_CENTER.","E56D1613CF48BAD98D78CDAD0E397DB7ED90CE43EA3CAA98729337853F120AA3","4956"
"REMOVED_ROOT_DUPLICATE_AFTER_HASH_MATCH","C:\Users\13527\Desktop\123\COMMAND_CENTER\UI_LANE\HELPER_FILE_EXPOSURE_AND_33RD_PRIVATE_WORK_PROTOCOL_V0_1_20260606\MULE_RECEIPT__WORKING_ORDER_REVIEW_AND_ROOT_PLACEMENT_20260606.md","C:\Users\13527\Desktop\123\Jxhnny_Kl33N_Seedz\COMMAND_CENTER\UI_LANE\HELPER_FILE_EXPOSURE_AND_33RD_PRIVATE_WORK_PROTOCOL_V0_1_20260606\MULE_RECEIPT__WORKING_ORDER_REVIEW_AND_ROOT_PLACEMENT_20260606.md","Same relative path and SHA256 already present in repo for ROOT_COMMAND_CENTER.","F31C11D92DA4FDF9B5CD89D1B33841B4366BD490367A6EC6FFC9320CCB1386C1","2420"
"REMOVED_ROOT_DUPLICATE_AFTER_HASH_MATCH","C:\Users\13527\Desktop\123\COMMAND_CENTER\UI_LANE\HELPER_FILE_EXPOSURE_AND_33RD_PRIVATE_WORK_PROTOCOL_V0_1_20260606\PARKED_MATERIAL__HELPER_FILE_EXPOSURE_AND_33RD_PRIVATE_WORK_PROTOCOL_V0_1_20260606.md","C:\Users\13527\Desktop\123\Jxhnny_Kl33N_Seedz\COMMAND_CENTER\UI_LANE\HELPER_FILE_EXPOSURE_AND_33RD_PRIVATE_WORK_PROTOCOL_V0_1_20260606\PARKED_MATERIAL__HELPER_FILE_EXPOSURE_AND_33RD_PRIVATE_WORK_PROTOCOL_V0_1_20260606.md","Same relative path and SHA256 already present in repo for ROOT_COMMAND_CENTER.","30697A90D58C2857BBCBFAFCE885A1AF0D705B75A08B9B0C35DC8340ED8EB13A","4433"
"REMOVED_ROOT_DUPLICATE_AFTER_HASH_MATCH","C:\Users\13527\Desktop\123\COMMAND_CENTER\UI_LANE\HELPER_FILE_EXPOSURE_AND_33RD_PRIVATE_WORK_PROTOCOL_V0_1_20260606\SOURCE_CLEANUP_MAP__HELPER_FILE_EXPOSURE_AND_33RD_PRIVATE_WORK_PROTOCOL_V0_1_20260606.md","C:\Users\13527\Desktop\123\Jxhnny_Kl33N_Seedz\COMMAND_CENTER\UI_LANE\HELPER_FILE_EXPOSURE_AND_33RD_PRIVATE_WORK_PROTOCOL_V0_1_20260606\SOURCE_CLEANUP_MAP__HELPER_FILE_EXPOSURE_AND_33RD_PRIVATE_WORK_PROTOCOL_V0_1_20260606.md","Same relative path and SHA256 already present in repo for ROOT_COMMAND_CENTER.","5D6710D6D1A696D90795A81A9BF32C117661F1862355A78CE949A72E45F4F02B","4752"
"REMOVED_ROOT_DUPLICATE_AFTER_HASH_MATCH","C:\Users\13527\Desktop\123\COMMAND_CENTER\UI_LANE\HELPER_FILE_EXPOSURE_AND_33RD_PRIVATE_WORK_PROTOCOL_V0_1_20260606\WORKING_ORDER_REVIEW__HELPER_FILE_EXPOSURE_AND_33RD_PRIVATE_WORK_PROTOCOL_V0_1_20260606.md","C:\Users\13527\Desktop\123\Jxhnny_Kl33N_Seedz\COMMAND_CENTER\UI_LANE\HELPER_FILE_EXPOSURE_AND_33RD_PRIVATE_WORK_PROTOCOL_V0_1_20260606\WORKING_ORDER_REVIEW__HELPER_FILE_EXPOSURE_AND_33RD_PRIVATE_WORK_PROTOCOL_V0_1_20260606.md","Same relative path and SHA256 already present in repo for ROOT_COMMAND_CENTER.","ED9349ABE293E8054A98C8FE1BC38EC9DFFAA2D086568F6DF9130CEDD5307FAA","2799"
"REMOVED_ROOT_DUPLICATE_AFTER_HASH_MATCH","C:\Users\13527\Desktop\123\COMMAND_CENTER\UI_LANE\HELPER_FILE_EXPOSURE_AND_33RD_PRIVATE_WORK_PROTOCOL_V0_1_20260606\SOURCE_RAW\33rd_tripple_pass_tripple_times_rule.txt","C:\Users\13527\Desktop\123\Jxhnny_Kl33N_Seedz\COMMAND_CENTER\UI_LANE\HELPER_FILE_EXPOSURE_AND_33RD_PRIVATE_WORK_PROTOCOL_V0_1_20260606\SOURCE_RAW\33rd_tripple_pass_tripple_times_rule.txt","Same relative path and SHA256 already present in repo for ROOT_COMMAND_CENTER.","11A39FC9CA42E821A5BC7212C0FD5798E369667D7E5BB3407B68013FB4EF3D8C","20510"
"REMOVED_ROOT_DUPLICATE_AFTER_HASH_MATCH","C:\Users\13527\Desktop\123\COMMAND_CENTER\UI_LANE\HELPER_FILE_EXPOSURE_AND_33RD_PRIVATE_WORK_PROTOCOL_V0_1_20260606\SOURCE_RAW\HELPER_FILE_EXPOSURE_AND_33RD_PRIVATE_WORK_PROTOCOL_V0_1_RAW_20260606.md","C:\Users\13527\Desktop\123\Jxhnny_Kl33N_Seedz\COMMAND_CENTER\UI_LANE\HELPER_FILE_EXPOSURE_AND_33RD_PRIVATE_WORK_PROTOCOL_V0_1_20260606\SOURCE_RAW\HELPER_FILE_EXPOSURE_AND_33RD_PRIVATE_WORK_PROTOCOL_V0_1_RAW_20260606.md","Same relative path and SHA256 already present in repo for ROOT_COMMAND_CENTER.","23B99964BE86700F2046EF1F553E5E81B6207E24AD73899EC461AB16B93AB725","79517"
"REMOVED_ROOT_DUPLICATE_AFTER_HASH_MATCH","C:\Users\13527\Desktop\123\COMMAND_CENTER\UI_LANE\HELPER_FILE_SURFACE_PREFLIGHT_20260606\HELPER_FILE_PREFLIGHT__HELPER_FILE_SURFACE_PREFLIGHT_20260606.md","C:\Users\13527\Desktop\123\Jxhnny_Kl33N_Seedz\COMMAND_CENTER\UI_LANE\HELPER_FILE_SURFACE_PREFLIGHT_20260606\HELPER_FILE_PREFLIGHT__HELPER_FILE_SURFACE_PREFLIGHT_20260606.md","Same relative path and SHA256 already present in repo for ROOT_COMMAND_CENTER.","C3B1C54D4B8AB8AFAC14F8CF8349B2407AA1A99B00E8362A925A0D888AD3BC02","14769"
"REMOVED_ROOT_DUPLICATE_AFTER_HASH_MATCH","C:\Users\13527\Desktop\123\COMMAND_CENTER\UI_LANE\HELPER_FILE_SURFACE_PREFLIGHT_20260606\MULE_RECEIPT__HELPER_FILE_SURFACE_PREFLIGHT_20260606.md","C:\Users\13527\Desktop\123\Jxhnny_Kl33N_Seedz\COMMAND_CENTER\UI_LANE\HELPER_FILE_SURFACE_PREFLIGHT_20260606\MULE_RECEIPT__HELPER_FILE_SURFACE_PREFLIGHT_20260606.md","Same relative path and SHA256 already present in repo for ROOT_COMMAND_CENTER.","5D99B080C1AD35C4E092F3DCFE02819865358775E1B5F15A72543CC0A01D7E02","5785"
"REMOVED_ROOT_DUPLICATE_AFTER_HASH_MATCH","C:\Users\13527\Desktop\123\COMMAND_CENTER\UI_LANE\HELPER_FILE_SURFACE_PREFLIGHT_20260606\MULE_WORKING_ORDER__HELPER_FILE_SURFACE_PREFLIGHT_AND_BOUNDED_OUTSIDE_SOURCE_RULE_20260606.md","C:\Users\13527\Desktop\123\Jxhnny_Kl33N_Seedz\COMMAND_CENTER\UI_LANE\HELPER_FILE_SURFACE_PREFLIGHT_20260606\MULE_WORKING_ORDER__HELPER_FILE_SURFACE_PREFLIGHT_AND_BOUNDED_OUTSIDE_SOURCE_RULE_20260606.md","Same relative path and SHA256 already present in repo for ROOT_COMMAND_CENTER.","8C51B0AA270A4D03571B1FC65C8C8A9E055F34E32FDD1635488D834F75267E84","8863"
"MOVED_STRUCTURED_ROOT_FILE_TO_REPO_LANE","C:\Users\13527\Desktop\123\COMMAND_CENTER\USED_RUNNERS\20260604\WRITE_PACKAGING_LINK_CLUSTER_RULE_20260604.ps1","C:\Users\13527\Desktop\123\Jxhnny_Kl33N_Seedz\COMMAND_CENTER\USED_RUNNERS\20260604\WRITE_PACKAGING_LINK_CLUSTER_RULE_20260604.ps1","Structured root ROOT_COMMAND_CENTER file was missing from matching git lane.","E478DC026C0ACD50B7BE99BB339FB4A81D42C601ECA8996B789E7A18FE95DA8B","6645"
"MOVED_STRUCTURED_ROOT_FILE_TO_REPO_LANE","C:\Users\13527\Desktop\123\COMMAND_CENTER\USED_RUNNERS\ROOT_CLEANUP_PHASE2_20260603_234817\APPLY_ROOT_LEGACY_RESIDUE_PHASE2_PARK_AND_ROUTE_20260604.ps1","C:\Users\13527\Desktop\123\Jxhnny_Kl33N_Seedz\COMMAND_CENTER\USED_RUNNERS\ROOT_CLEANUP_PHASE2_20260603_234817\APPLY_ROOT_LEGACY_RESIDUE_PHASE2_PARK_AND_ROUTE_20260604.ps1","Structured root ROOT_COMMAND_CENTER file was missing from matching git lane.","E9E20081A214C7CD0BDCE06A0CEEBB6F22C1CDAD1ED092911C7718330522E303","11850"
"MOVED_STRUCTURED_ROOT_FILE_TO_REPO_LANE","C:\Users\13527\Desktop\123\COMMAND_CENTER\USED_RUNNERS\ROOT_CLEANUP_PHASE2_20260603_234817\APPLY_ROOT_RESIDUE_CLEANUP_AND_INJECT_GOOD_20260604.ps1","C:\Users\13527\Desktop\123\Jxhnny_Kl33N_Seedz\COMMAND_CENTER\USED_RUNNERS\ROOT_CLEANUP_PHASE2_20260603_234817\APPLY_ROOT_RESIDUE_CLEANUP_AND_INJECT_GOOD_20260604.ps1","Structured root ROOT_COMMAND_CENTER file was missing from matching git lane.","BDA3B4872C07444A48CDFBEB0B9A79243B76D04FE11987C148E3C653765F175C","21641"
"MOVED_STRUCTURED_ROOT_FILE_TO_REPO_LANE","C:\Users\13527\Desktop\123\COMMAND_CENTER\WORK_ENTRYPOINT\COMMAND_CENTER_WORK_ENTRYPOINT_CARD_V1_20260606.md","C:\Users\13527\Desktop\123\Jxhnny_Kl33N_Seedz\COMMAND_CENTER\WORK_ENTRYPOINT\COMMAND_CENTER_WORK_ENTRYPOINT_CARD_V1_20260606.md","Structured root ROOT_COMMAND_CENTER file was missing from matching git lane.","F2867FB3D1E2B12588367AEEEF89D3F0328C8CD299349D36A031CCA6587F227D","1293"
"MOVED_STRUCTURED_ROOT_FILE_TO_REPO_LANE","C:\Users\13527\Desktop\123\COMMAND_CENTER\WORK_ENTRYPOINT\COMMAND_CENTER_WORK_ENTRYPOINT_INDEX_20260606.md","C:\Users\13527\Desktop\123\Jxhnny_Kl33N_Seedz\COMMAND_CENTER\WORK_ENTRYPOINT\COMMAND_CENTER_WORK_ENTRYPOINT_INDEX_20260606.md","Structured root ROOT_COMMAND_CENTER file was missing from matching git lane.","513B9FD73B7F743B9D1978A27EAD5EE3F9FAA4AB35CEC34738F75C9C0DC493ED","1102"
"MOVED_STRUCTURED_ROOT_FILE_TO_REPO_LANE","C:\Users\13527\Desktop\123\COMMAND_CENTER\WORK_ENTRYPOINT\COMMAND_CENTER_WORK_ENTRYPOINT_RECIPE_V1_20260606.md","C:\Users\13527\Desktop\123\Jxhnny_Kl33N_Seedz\COMMAND_CENTER\WORK_ENTRYPOINT\COMMAND_CENTER_WORK_ENTRYPOINT_RECIPE_V1_20260606.md","Structured root ROOT_COMMAND_CENTER file was missing from matching git lane.","B1CE95376301C7B2DDEAFFD10B4DB6E38C06A0EAD959AF276A76D62B6576CF7A","681"
"MOVED_STRUCTURED_ROOT_FILE_TO_REPO_LANE","C:\Users\13527\Desktop\123\COMMAND_CENTER\WORK_ENTRYPOINT\COMMAND_CENTER_WORK_ENTRYPOINT_V1_20260606.ps1","C:\Users\13527\Desktop\123\Jxhnny_Kl33N_Seedz\COMMAND_CENTER\WORK_ENTRYPOINT\COMMAND_CENTER_WORK_ENTRYPOINT_V1_20260606.ps1","Structured root ROOT_COMMAND_CENTER file was missing from matching git lane.","7AA7E66E2804102CA322939F7B5D4403302911A3A54AE3CF77F688A977975EEF","11185"
"MOVED_STRUCTURED_ROOT_FILE_TO_REPO_LANE","C:\Users\13527\Desktop\123\COMMAND_CENTER\WORK_ENTRYPOINT\CURRENT_COMMAND_CENTER_WORK_ENTRY_STATUS.json","C:\Users\13527\Desktop\123\Jxhnny_Kl33N_Seedz\COMMAND_CENTER\WORK_ENTRYPOINT\CURRENT_COMMAND_CENTER_WORK_ENTRY_STATUS.json","Structured root ROOT_COMMAND_CENTER file was missing from matching git lane.","9A84BA7CD4FE74816BACBA113FFCCB22ADA0B456B2C5C755FA78088FAA3A4B6B","1605"
"MOVED_STRUCTURED_ROOT_FILE_TO_REPO_LANE","C:\Users\13527\Desktop\123\COMMAND_CENTER\WORK_ENTRYPOINT\CURRENT_COMMAND_CENTER_WORK_ENTRY_STATUS.md","C:\Users\13527\Desktop\123\Jxhnny_Kl33N_Seedz\COMMAND_CENTER\WORK_ENTRYPOINT\CURRENT_COMMAND_CENTER_WORK_ENTRY_STATUS.md","Structured root ROOT_COMMAND_CENTER file was missing from matching git lane.","25382C4F94C4F07C81345A9D762CBF692DEBC49532B50A51BDC289188AD4794D","1874"
"REMOVED_EMPTY_ROOT_FOLDER","C:\Users\13527\Desktop\123\COMMAND_CENTER\WORK_ENTRYPOINT","","Empty after verified routing.","","0"
"REMOVED_EMPTY_ROOT_FOLDER","C:\Users\13527\Desktop\123\COMMAND_CENTER\USED_RUNNERS\ROOT_CLEANUP_PHASE2_20260603_234817","","Empty after verified routing.","","0"
"REMOVED_EMPTY_ROOT_FOLDER","C:\Users\13527\Desktop\123\COMMAND_CENTER\USED_RUNNERS\20260604","","Empty after verified routing.","","0"
"REMOVED_EMPTY_ROOT_FOLDER","C:\Users\13527\Desktop\123\COMMAND_CENTER\USED_RUNNERS","","Empty after verified routing.","","0"
"REMOVED_EMPTY_ROOT_FOLDER","C:\Users\13527\Desktop\123\COMMAND_CENTER\UI_LANE\HELPER_FILE_SURFACE_PREFLIGHT_20260606","","Empty after verified routing.","","0"
"REMOVED_EMPTY_ROOT_FOLDER","C:\Users\13527\Desktop\123\COMMAND_CENTER\UI_LANE\HELPER_FILE_EXPOSURE_AND_33RD_PRIVATE_WORK_PROTOCOL_V0_1_20260606\SOURCE_RAW","","Empty after verified routing.","","0"
"REMOVED_EMPTY_ROOT_FOLDER","C:\Users\13527\Desktop\123\COMMAND_CENTER\UI_LANE\HELPER_FILE_EXPOSURE_AND_33RD_PRIVATE_WORK_PROTOCOL_V0_1_20260606","","Empty after verified routing.","","0"
"REMOVED_EMPTY_ROOT_FOLDER","C:\Users\13527\Desktop\123\COMMAND_CENTER\UI_LANE\DUAL_COMMAND_CENTER_L0_REVIEW_PACKET_20260606\SOURCE_RAW","","Empty after verified routing.","","0"
"REMOVED_EMPTY_ROOT_FOLDER","C:\Users\13527\Desktop\123\COMMAND_CENTER\UI_LANE\DUAL_COMMAND_CENTER_L0_REVIEW_PACKET_20260606","","Empty after verified routing.","","0"
"REMOVED_EMPTY_ROOT_FOLDER","C:\Users\13527\Desktop\123\COMMAND_CENTER\UI_LANE\DEEP_SCAN_WASH_DRY_RUN_20260606","","Empty after verified routing.","","0"
"REMOVED_EMPTY_ROOT_FOLDER","C:\Users\13527\Desktop\123\COMMAND_CENTER\UI_LANE\CHUNKED_ACCEPTANCE_GROWTH_REVIEW_20260606","","Empty after verified routing.","","0"
"REMOVED_EMPTY_ROOT_FOLDER","C:\Users\13527\Desktop\123\COMMAND_CENTER\UI_LANE\BLOCKER_CLOSEOUT_RUN_20260606\SOURCE_RAW","","Empty after verified routing.","","0"
"REMOVED_EMPTY_ROOT_FOLDER","C:\Users\13527\Desktop\123\COMMAND_CENTER\UI_LANE\BLOCKER_CLOSEOUT_RUN_20260606","","Empty after verified routing.","","0"
"REMOVED_EMPTY_ROOT_FOLDER","C:\Users\13527\Desktop\123\COMMAND_CENTER\UI_LANE","","Empty after verified routing.","","0"
"REMOVED_EMPTY_ROOT_FOLDER","C:\Users\13527\Desktop\123\COMMAND_CENTER\ROOT_RESIDUE_CUSTODY\20260604_20260603_234658\ZIP_ARTIFACTS_PROOF_ONLY","","Empty after verified routing.","","0"
"REMOVED_EMPTY_ROOT_FOLDER","C:\Users\13527\Desktop\123\COMMAND_CENTER\ROOT_RESIDUE_CUSTODY\20260604_20260603_234658\HANDOFF_AND_CORRECTION_PACKETS\MULE_HANDOFF_ROW_001_RULE_CAPTURE_20260604","","Empty after verified routing.","","0"
"REMOVED_EMPTY_ROOT_FOLDER","C:\Users\13527\Desktop\123\COMMAND_CENTER\ROOT_RESIDUE_CUSTODY\20260604_20260603_234658\HANDOFF_AND_CORRECTION_PACKETS\MULE_CORRECTION_V2_INJECT_GOOD_UPDATE_PATHS_20260604\ROW_001_DISPOSABLE_FIXTURE_V1","","Empty after verified routing.","","0"
"REMOVED_EMPTY_ROOT_FOLDER","C:\Users\13527\Desktop\123\COMMAND_CENTER\ROOT_RESIDUE_CUSTODY\20260604_20260603_234658\HANDOFF_AND_CORRECTION_PACKETS\MULE_CORRECTION_V2_INJECT_GOOD_UPDATE_PATHS_20260604\MULE_CORRECTION_APPLY_ROOT_RULE_AND_FULL_NEXT_JOB_20260604","","Empty after verified routing.","","0"
"REMOVED_EMPTY_ROOT_FOLDER","C:\Users\13527\Desktop\123\COMMAND_CENTER\ROOT_RESIDUE_CUSTODY\20260604_20260603_234658\HANDOFF_AND_CORRECTION_PACKETS\MULE_CORRECTION_V2_INJECT_GOOD_UPDATE_PATHS_20260604","","Empty after verified routing.","","0"
"REMOVED_EMPTY_ROOT_FOLDER","C:\Users\13527\Desktop\123\COMMAND_CENTER\ROOT_RESIDUE_CUSTODY\20260604_20260603_234658\HANDOFF_AND_CORRECTION_PACKETS","","Empty after verified routing.","","0"
"REMOVED_EMPTY_ROOT_FOLDER","C:\Users\13527\Desktop\123\COMMAND_CENTER\ROOT_RESIDUE_CUSTODY\20260604_20260603_234658\DUPLICATE_OR_CONFLICT","","Empty after verified routing.","","0"
"REMOVED_EMPTY_ROOT_FOLDER","C:\Users\13527\Desktop\123\COMMAND_CENTER\ROOT_RESIDUE_CUSTODY\20260604_20260603_234658","","Empty after verified routing.","","0"
"REMOVED_EMPTY_ROOT_FOLDER","C:\Users\13527\Desktop\123\COMMAND_CENTER\ROOT_RESIDUE_CUSTODY","","Empty after verified routing.","","0"
"REMOVED_EMPTY_ROOT_FOLDER","C:\Users\13527\Desktop\123\COMMAND_CENTER\RECEIPTS\WORK_ENTRYPOINT\WRITE_COMMAND_CENTER_WORK_ENTRYPOINT_V1_20260606_153436","","Empty after verified routing.","","0"
"REMOVED_EMPTY_ROOT_FOLDER","C:\Users\13527\Desktop\123\COMMAND_CENTER\RECEIPTS\WORK_ENTRYPOINT\COMMAND_CENTER_WORK_ENTRYPOINT_20260606_182415","","Empty after verified routing.","","0"
"REMOVED_EMPTY_ROOT_FOLDER","C:\Users\13527\Desktop\123\COMMAND_CENTER\RECEIPTS\WORK_ENTRYPOINT\COMMAND_CENTER_WORK_ENTRYPOINT_20260606_181338","","Empty after verified routing.","","0"
"REMOVED_EMPTY_ROOT_FOLDER","C:\Users\13527\Desktop\123\COMMAND_CENTER\RECEIPTS\WORK_ENTRYPOINT\COMMAND_CENTER_WORK_ENTRYPOINT_20260606_174049","","Empty after verified routing.","","0"
"REMOVED_EMPTY_ROOT_FOLDER","C:\Users\13527\Desktop\123\COMMAND_CENTER\RECEIPTS\WORK_ENTRYPOINT\COMMAND_CENTER_WORK_ENTRYPOINT_20260606_174019","","Empty after verified routing.","","0"
"REMOVED_EMPTY_ROOT_FOLDER","C:\Users\13527\Desktop\123\COMMAND_CENTER\RECEIPTS\WORK_ENTRYPOINT\COMMAND_CENTER_WORK_ENTRYPOINT_20260606_173703","","Empty after verified routing.","","0"
"REMOVED_EMPTY_ROOT_FOLDER","C:\Users\13527\Desktop\123\COMMAND_CENTER\RECEIPTS\WORK_ENTRYPOINT\COMMAND_CENTER_WORK_ENTRYPOINT_20260606_173632","","Empty after verified routing.","","0"
"REMOVED_EMPTY_ROOT_FOLDER","C:\Users\13527\Desktop\123\COMMAND_CENTER\RECEIPTS\WORK_ENTRYPOINT\COMMAND_CENTER_WORK_ENTRYPOINT_20260606_172140","","Empty after verified routing.","","0"
"REMOVED_EMPTY_ROOT_FOLDER","C:\Users\13527\Desktop\123\COMMAND_CENTER\RECEIPTS\WORK_ENTRYPOINT\COMMAND_CENTER_WORK_ENTRYPOINT_20260606_172112","","Empty after verified routing.","","0"
"REMOVED_EMPTY_ROOT_FOLDER","C:\Users\13527\Desktop\123\COMMAND_CENTER\RECEIPTS\WORK_ENTRYPOINT\COMMAND_CENTER_WORK_ENTRYPOINT_20260606_171817","","Empty after verified routing.","","0"
"REMOVED_EMPTY_ROOT_FOLDER","C:\Users\13527\Desktop\123\COMMAND_CENTER\RECEIPTS\WORK_ENTRYPOINT\COMMAND_CENTER_WORK_ENTRYPOINT_20260606_171517","","Empty after verified routing.","","0"
"REMOVED_EMPTY_ROOT_FOLDER","C:\Users\13527\Desktop\123\COMMAND_CENTER\RECEIPTS\WORK_ENTRYPOINT\COMMAND_CENTER_WORK_ENTRYPOINT_20260606_171004","","Empty after verified routing.","","0"
"REMOVED_EMPTY_ROOT_FOLDER","C:\Users\13527\Desktop\123\COMMAND_CENTER\RECEIPTS\WORK_ENTRYPOINT\COMMAND_CENTER_WORK_ENTRYPOINT_20260606_165024","","Empty after verified routing.","","0"
"REMOVED_EMPTY_ROOT_FOLDER","C:\Users\13527\Desktop\123\COMMAND_CENTER\RECEIPTS\WORK_ENTRYPOINT\COMMAND_CENTER_WORK_ENTRYPOINT_20260606_164411","","Empty after verified routing.","","0"
"REMOVED_EMPTY_ROOT_FOLDER","C:\Users\13527\Desktop\123\COMMAND_CENTER\RECEIPTS\WORK_ENTRYPOINT\COMMAND_CENTER_WORK_ENTRYPOINT_20260606_164212","","Empty after verified routing.","","0"
"REMOVED_EMPTY_ROOT_FOLDER","C:\Users\13527\Desktop\123\COMMAND_CENTER\RECEIPTS\WORK_ENTRYPOINT\COMMAND_CENTER_WORK_ENTRYPOINT_20260606_164029","","Empty after verified routing.","","0"
"REMOVED_EMPTY_ROOT_FOLDER","C:\Users\13527\Desktop\123\COMMAND_CENTER\RECEIPTS\WORK_ENTRYPOINT\COMMAND_CENTER_WORK_ENTRYPOINT_20260606_163016","","Empty after verified routing.","","0"
"REMOVED_EMPTY_ROOT_FOLDER","C:\Users\13527\Desktop\123\COMMAND_CENTER\RECEIPTS\WORK_ENTRYPOINT\COMMAND_CENTER_WORK_ENTRYPOINT_20260606_162609","","Empty after verified routing.","","0"
"REMOVED_EMPTY_ROOT_FOLDER","C:\Users\13527\Desktop\123\COMMAND_CENTER\RECEIPTS\WORK_ENTRYPOINT\COMMAND_CENTER_WORK_ENTRYPOINT_20260606_162538","","Empty after verified routing.","","0"
"REMOVED_EMPTY_ROOT_FOLDER","C:\Users\13527\Desktop\123\COMMAND_CENTER\RECEIPTS\WORK_ENTRYPOINT\COMMAND_CENTER_WORK_ENTRYPOINT_20260606_162345","","Empty after verified routing.","","0"
"REMOVED_EMPTY_ROOT_FOLDER","C:\Users\13527\Desktop\123\COMMAND_CENTER\RECEIPTS\WORK_ENTRYPOINT\COMMAND_CENTER_WORK_ENTRYPOINT_20260606_162115","","Empty after verified routing.","","0"
"REMOVED_EMPTY_ROOT_FOLDER","C:\Users\13527\Desktop\123\COMMAND_CENTER\RECEIPTS\WORK_ENTRYPOINT\COMMAND_CENTER_WORK_ENTRYPOINT_20260606_162040","","Empty after verified routing.","","0"
"REMOVED_EMPTY_ROOT_FOLDER","C:\Users\13527\Desktop\123\COMMAND_CENTER\RECEIPTS\WORK_ENTRYPOINT\COMMAND_CENTER_WORK_ENTRYPOINT_20260606_161719","","Empty after verified routing.","","0"
"REMOVED_EMPTY_ROOT_FOLDER","C:\Users\13527\Desktop\123\COMMAND_CENTER\RECEIPTS\WORK_ENTRYPOINT\COMMAND_CENTER_WORK_ENTRYPOINT_20260606_160658","","Empty after verified routing.","","0"
"REMOVED_EMPTY_ROOT_FOLDER","C:\Users\13527\Desktop\123\COMMAND_CENTER\RECEIPTS\WORK_ENTRYPOINT\COMMAND_CENTER_WORK_ENTRYPOINT_20260606_160225","","Empty after verified routing.","","0"
"REMOVED_EMPTY_ROOT_FOLDER","C:\Users\13527\Desktop\123\COMMAND_CENTER\RECEIPTS\WORK_ENTRYPOINT\COMMAND_CENTER_WORK_ENTRYPOINT_20260606_153627","","Empty after verified routing.","","0"
"REMOVED_EMPTY_ROOT_FOLDER","C:\Users\13527\Desktop\123\COMMAND_CENTER\RECEIPTS\WORK_ENTRYPOINT\COMMAND_CENTER_WORK_ENTRYPOINT_20260606_153436","","Empty after verified routing.","","0"
"REMOVED_EMPTY_ROOT_FOLDER","C:\Users\13527\Desktop\123\COMMAND_CENTER\RECEIPTS\WORK_ENTRYPOINT","","Empty after verified routing.","","0"
"REMOVED_EMPTY_ROOT_FOLDER","C:\Users\13527\Desktop\123\COMMAND_CENTER\RECEIPTS\PRE_RUN_GATES\WRITE_COMMAND_CENTER_PRE_RUN_GATE_ADAPTER_V1_20260606_153114","","Empty after verified routing.","","0"
"REMOVED_EMPTY_ROOT_FOLDER","C:\Users\13527\Desktop\123\COMMAND_CENTER\RECEIPTS\PRE_RUN_GATES\COMMAND_CENTER_PRE_RUN_GATE_20260606_182416","","Empty after verified routing.","","0"
"REMOVED_EMPTY_ROOT_FOLDER","C:\Users\13527\Desktop\123\COMMAND_CENTER\RECEIPTS\PRE_RUN_GATES\COMMAND_CENTER_PRE_RUN_GATE_20260606_181338","","Empty after verified routing.","","0"
"REMOVED_EMPTY_ROOT_FOLDER","C:\Users\13527\Desktop\123\COMMAND_CENTER\RECEIPTS\PRE_RUN_GATES\COMMAND_CENTER_PRE_RUN_GATE_20260606_174049","","Empty after verified routing.","","0"
"REMOVED_EMPTY_ROOT_FOLDER","C:\Users\13527\Desktop\123\COMMAND_CENTER\RECEIPTS\PRE_RUN_GATES\COMMAND_CENTER_PRE_RUN_GATE_20260606_174019","","Empty after verified routing.","","0"
"REMOVED_EMPTY_ROOT_FOLDER","C:\Users\13527\Desktop\123\COMMAND_CENTER\RECEIPTS\PRE_RUN_GATES\COMMAND_CENTER_PRE_RUN_GATE_20260606_173703","","Empty after verified routing.","","0"
"REMOVED_EMPTY_ROOT_FOLDER","C:\Users\13527\Desktop\123\COMMAND_CENTER\RECEIPTS\PRE_RUN_GATES\COMMAND_CENTER_PRE_RUN_GATE_20260606_173632","","Empty after verified routing.","","0"
"REMOVED_EMPTY_ROOT_FOLDER","C:\Users\13527\Desktop\123\COMMAND_CENTER\RECEIPTS\PRE_RUN_GATES\COMMAND_CENTER_PRE_RUN_GATE_20260606_172140","","Empty after verified routing.","","0"
"REMOVED_EMPTY_ROOT_FOLDER","C:\Users\13527\Desktop\123\COMMAND_CENTER\RECEIPTS\PRE_RUN_GATES\COMMAND_CENTER_PRE_RUN_GATE_20260606_172112","","Empty after verified routing.","","0"
"REMOVED_EMPTY_ROOT_FOLDER","C:\Users\13527\Desktop\123\COMMAND_CENTER\RECEIPTS\PRE_RUN_GATES\COMMAND_CENTER_PRE_RUN_GATE_20260606_171817","","Empty after verified routing.","","0"
"REMOVED_EMPTY_ROOT_FOLDER","C:\Users\13527\Desktop\123\COMMAND_CENTER\RECEIPTS\PRE_RUN_GATES\COMMAND_CENTER_PRE_RUN_GATE_20260606_171517","","Empty after verified routing.","","0"
"REMOVED_EMPTY_ROOT_FOLDER","C:\Users\13527\Desktop\123\COMMAND_CENTER\RECEIPTS\PRE_RUN_GATES\COMMAND_CENTER_PRE_RUN_GATE_20260606_171004","","Empty after verified routing.","","0"
"REMOVED_EMPTY_ROOT_FOLDER","C:\Users\13527\Desktop\123\COMMAND_CENTER\RECEIPTS\PRE_RUN_GATES\COMMAND_CENTER_PRE_RUN_GATE_20260606_165024","","Empty after verified routing.","","0"
"REMOVED_EMPTY_ROOT_FOLDER","C:\Users\13527\Desktop\123\COMMAND_CENTER\RECEIPTS\PRE_RUN_GATES\COMMAND_CENTER_PRE_RUN_GATE_20260606_164411","","Empty after verified routing.","","0"
"REMOVED_EMPTY_ROOT_FOLDER","C:\Users\13527\Desktop\123\COMMAND_CENTER\RECEIPTS\PRE_RUN_GATES\COMMAND_CENTER_PRE_RUN_GATE_20260606_164212","","Empty after verified routing.","","0"
"REMOVED_EMPTY_ROOT_FOLDER","C:\Users\13527\Desktop\123\COMMAND_CENTER\RECEIPTS\PRE_RUN_GATES\COMMAND_CENTER_PRE_RUN_GATE_20260606_164029","","Empty after verified routing.","","0"
"REMOVED_EMPTY_ROOT_FOLDER","C:\Users\13527\Desktop\123\COMMAND_CENTER\RECEIPTS\PRE_RUN_GATES\COMMAND_CENTER_PRE_RUN_GATE_20260606_163016","","Empty after verified routing.","","0"
"REMOVED_EMPTY_ROOT_FOLDER","C:\Users\13527\Desktop\123\COMMAND_CENTER\RECEIPTS\PRE_RUN_GATES\COMMAND_CENTER_PRE_RUN_GATE_20260606_162609","","Empty after verified routing.","","0"
"REMOVED_EMPTY_ROOT_FOLDER","C:\Users\13527\Desktop\123\COMMAND_CENTER\RECEIPTS\PRE_RUN_GATES\COMMAND_CENTER_PRE_RUN_GATE_20260606_162538","","Empty after verified routing.","","0"
"REMOVED_EMPTY_ROOT_FOLDER","C:\Users\13527\Desktop\123\COMMAND_CENTER\RECEIPTS\PRE_RUN_GATES\COMMAND_CENTER_PRE_RUN_GATE_20260606_162345","","Empty after verified routing.","","0"
"REMOVED_EMPTY_ROOT_FOLDER","C:\Users\13527\Desktop\123\COMMAND_CENTER\RECEIPTS\PRE_RUN_GATES\COMMAND_CENTER_PRE_RUN_GATE_20260606_162115","","Empty after verified routing.","","0"
"REMOVED_EMPTY_ROOT_FOLDER","C:\Users\13527\Desktop\123\COMMAND_CENTER\RECEIPTS\PRE_RUN_GATES\COMMAND_CENTER_PRE_RUN_GATE_20260606_162040","","Empty after verified routing.","","0"
"REMOVED_EMPTY_ROOT_FOLDER","C:\Users\13527\Desktop\123\COMMAND_CENTER\RECEIPTS\PRE_RUN_GATES\COMMAND_CENTER_PRE_RUN_GATE_20260606_161719","","Empty after verified routing.","","0"
"REMOVED_EMPTY_ROOT_FOLDER","C:\Users\13527\Desktop\123\COMMAND_CENTER\RECEIPTS\PRE_RUN_GATES\COMMAND_CENTER_PRE_RUN_GATE_20260606_160658","","Empty after verified routing.","","0"
"REMOVED_EMPTY_ROOT_FOLDER","C:\Users\13527\Desktop\123\COMMAND_CENTER\RECEIPTS\PRE_RUN_GATES\COMMAND_CENTER_PRE_RUN_GATE_20260606_160225","","Empty after verified routing.","","0"
"REMOVED_EMPTY_ROOT_FOLDER","C:\Users\13527\Desktop\123\COMMAND_CENTER\RECEIPTS\PRE_RUN_GATES\COMMAND_CENTER_PRE_RUN_GATE_20260606_153627","","Empty after verified routing.","","0"
"REMOVED_EMPTY_ROOT_FOLDER","C:\Users\13527\Desktop\123\COMMAND_CENTER\RECEIPTS\PRE_RUN_GATES\COMMAND_CENTER_PRE_RUN_GATE_20260606_153436","","Empty after verified routing.","","0"
"REMOVED_EMPTY_ROOT_FOLDER","C:\Users\13527\Desktop\123\COMMAND_CENTER\RECEIPTS\PRE_RUN_GATES\COMMAND_CENTER_PRE_RUN_GATE_20260606_153203","","Empty after verified routing.","","0"
"REMOVED_EMPTY_ROOT_FOLDER","C:\Users\13527\Desktop\123\COMMAND_CENTER\RECEIPTS\PRE_RUN_GATES\COMMAND_CENTER_PRE_RUN_GATE_20260606_153114","","Empty after verified routing.","","0"
"REMOVED_EMPTY_ROOT_FOLDER","C:\Users\13527\Desktop\123\COMMAND_CENTER\RECEIPTS\PRE_RUN_GATES","","Empty after verified routing.","","0"
"REMOVED_EMPTY_ROOT_FOLDER","C:\Users\13527\Desktop\123\COMMAND_CENTER\RECEIPTS","","Empty after verified routing.","","0"
"REMOVED_EMPTY_ROOT_FOLDER","C:\Users\13527\Desktop\123\COMMAND_CENTER\PRE_RUN_GATES","","Empty after verified routing.","","0"
"REMOVED_EMPTY_ROOT_FOLDER","C:\Users\13527\Desktop\123\COMMAND_CENTER","","Empty after verified routing.","","0"
"MOVED_ROOT_DROP_FILE_TO_SOURCE_RAW_INTAKE","C:\Users\13527\Desktop\123\lose files\1st_sense_run.txt","C:\Users\13527\Desktop\123\Jxhnny_Kl33N_Seedz\COMMAND_CENTER\UI_LANE\ROOT_DROP_INTAKE_20260611\SOURCE_RAW\lose_files\1st_sense_run.txt","Root drop folder routed to dated source custody: lose files.","5287A57891152E4E9E57DC47BF0D2E243274542FA519236EF5F0FDAC2EEBDEF4","253405"
"MOVED_ROOT_DROP_FILE_TO_SOURCE_RAW_INTAKE","C:\Users\13527\Desktop\123\lose files\2nd_shit_attempt.txt","C:\Users\13527\Desktop\123\Jxhnny_Kl33N_Seedz\COMMAND_CENTER\UI_LANE\ROOT_DROP_INTAKE_20260611\SOURCE_RAW\lose_files\2nd_shit_attempt.txt","Root drop folder routed to dated source custody: lose files.","1BC8DDF449600615D99D048BC20ED235D820FC3FED43C60FAF54A0D9FFE53CC0","31332"
"MOVED_ROOT_DROP_FILE_TO_SOURCE_RAW_INTAKE","C:\Users\13527\Desktop\123\lose files\64 ROW HELPER REVIEW QUEUE COVERAGE FINDING CARD.txt","C:\Users\13527\Desktop\123\Jxhnny_Kl33N_Seedz\COMMAND_CENTER\UI_LANE\ROOT_DROP_INTAKE_20260611\SOURCE_RAW\lose_files\64 ROW HELPER REVIEW QUEUE COVERAGE FINDING CARD.txt","Root drop folder routed to dated source custody: lose files.","F2F240383F4D7F036541CAD8D61433723E5AFC2C752030DC62C8F04229BCA3FB","2844"
"MOVED_ROOT_DROP_FILE_TO_SOURCE_RAW_INTAKE","C:\Users\13527\Desktop\123\lose files\BUILD_ROUTE_55_ROW_TABLE_PROOF_AND_STATIC_PRECHECK_NO_EXECUTION_V0_2_20260609 (1).ps1","C:\Users\13527\Desktop\123\Jxhnny_Kl33N_Seedz\COMMAND_CENTER\UI_LANE\ROOT_DROP_INTAKE_20260611\SOURCE_RAW\lose_files\BUILD_ROUTE_55_ROW_TABLE_PROOF_AND_STATIC_PRECHECK_NO_EXECUTION_V0_2_20260609 (1).ps1","Root drop folder routed to dated source custody: lose files.","5A420110601D03D57D23AA02213690A0B1F30F647FE9F0386AA0F626CA47A2BB","25000"
"MOVED_ROOT_DROP_FILE_TO_SOURCE_RAW_INTAKE","C:\Users\13527\Desktop\123\lose files\CAUSE_EFFECT_LEDGER__CURRENT_NOTES_STACK__GEN_04__20260609.md","C:\Users\13527\Desktop\123\Jxhnny_Kl33N_Seedz\COMMAND_CENTER\UI_LANE\ROOT_DROP_INTAKE_20260611\SOURCE_RAW\lose_files\CAUSE_EFFECT_LEDGER__CURRENT_NOTES_STACK__GEN_04__20260609.md","Root drop folder routed to dated source custody: lose files.","2E39217CAA90C80836B10CD574A558DC832DB565797ED40225CC92E99A474E93","18078"
"MOVED_ROOT_DROP_FILE_TO_SOURCE_RAW_INTAKE","C:\Users\13527\Desktop\123\lose files\COMPARE_REPORT__CURRENT_NOTES_VS_ROPE_BINDER_GEN_04_CAUSE_EFFECT__20260609.md","C:\Users\13527\Desktop\123\Jxhnny_Kl33N_Seedz\COMMAND_CENTER\UI_LANE\ROOT_DROP_INTAKE_20260611\SOURCE_RAW\lose_files\COMPARE_REPORT__CURRENT_NOTES_VS_ROPE_BINDER_GEN_04_CAUSE_EFFECT__20260609.md","Root drop folder routed to dated source custody: lose files.","16E7083E9F124AEA90DE2B88429A9FE43DA3C63AB24EC864525BE9BC698254EA","2104"
"MOVED_ROOT_DROP_FILE_TO_SOURCE_RAW_INTAKE","C:\Users\13527\Desktop\123\lose files\CURRENT_NOTES.txt","C:\Users\13527\Desktop\123\Jxhnny_Kl33N_Seedz\COMMAND_CENTER\UI_LANE\ROOT_DROP_INTAKE_20260611\SOURCE_RAW\lose_files\CURRENT_NOTES.txt","Root drop folder routed to dated source custody: lose files.","B7364E6DA9976C9B933CBEE09F9AECD78BB36F7F900FEC9CB892792F1602602E","214899"
"MOVED_ROOT_DROP_FILE_TO_SOURCE_RAW_INTAKE","C:\Users\13527\Desktop\123\lose files\FOG_LIFT_CONCEPT.txt","C:\Users\13527\Desktop\123\Jxhnny_Kl33N_Seedz\COMMAND_CENTER\UI_LANE\ROOT_DROP_INTAKE_20260611\SOURCE_RAW\lose_files\FOG_LIFT_CONCEPT.txt","Root drop folder routed to dated source custody: lose files.","8C493750CDCE488B17E5CB3DE874F92241D1A690FC85F2D975A1CE6B7CA1CC75","1039"
"MOVED_ROOT_DROP_FILE_TO_SOURCE_RAW_INTAKE","C:\Users\13527\Desktop\123\lose files\GENERATED POWERSHELL COLLECTION CONTRACT RULE.txt","C:\Users\13527\Desktop\123\Jxhnny_Kl33N_Seedz\COMMAND_CENTER\UI_LANE\ROOT_DROP_INTAKE_20260611\SOURCE_RAW\lose_files\GENERATED POWERSHELL COLLECTION CONTRACT RULE.txt","Root drop folder routed to dated source custody: lose files.","882E7C51DB6C2CB403917102F495D521BE026BA89CE01EA6082E0BE72F8AFF40","2886"
"MOVED_ROOT_DROP_FILE_TO_SOURCE_RAW_INTAKE","C:\Users\13527\Desktop\123\lose files\GPT_STALE_MEMORY_CARD.txt","C:\Users\13527\Desktop\123\Jxhnny_Kl33N_Seedz\COMMAND_CENTER\UI_LANE\ROOT_DROP_INTAKE_20260611\SOURCE_RAW\lose_files\GPT_STALE_MEMORY_CARD.txt","Root drop folder routed to dated source custody: lose files.","076554900640C13004E891B5F1A12EB6BE5361A64F05BF07281BFFF7FA22282B","989"
"MOVED_ROOT_DROP_FILE_TO_SOURCE_RAW_INTAKE","C:\Users\13527\Desktop\123\lose files\Holding.txt","C:\Users\13527\Desktop\123\Jxhnny_Kl33N_Seedz\COMMAND_CENTER\UI_LANE\ROOT_DROP_INTAKE_20260611\SOURCE_RAW\lose_files\Holding.txt","Root drop folder routed to dated source custody: lose files.","DE55923768DEAE49E80A80FC680A9C4F9EAD7B36986D1DDA223B43D805BE8902","21089"
"MOVED_ROOT_DROP_FILE_TO_SOURCE_RAW_INTAKE","C:\Users\13527\Desktop\123\lose files\Receptionist_helpers.txt","C:\Users\13527\Desktop\123\Jxhnny_Kl33N_Seedz\COMMAND_CENTER\UI_LANE\ROOT_DROP_INTAKE_20260611\SOURCE_RAW\lose_files\Receptionist_helpers.txt","Root drop folder routed to dated source custody: lose files.","0E3FC65BE0D56E69D5B9304C2BF7689245E24EDEB9F7A0D74A5B77553817CD29","162950"
"MOVED_ROOT_DROP_FILE_TO_SOURCE_RAW_INTAKE","C:\Users\13527\Desktop\123\lose files\RECURRSIVE_FILE_RULECARD.txt","C:\Users\13527\Desktop\123\Jxhnny_Kl33N_Seedz\COMMAND_CENTER\UI_LANE\ROOT_DROP_INTAKE_20260611\SOURCE_RAW\lose_files\RECURRSIVE_FILE_RULECARD.txt","Root drop folder routed to dated source custody: lose files.","317FB971D161E794CC1BBCFA188972E28E7C2851911871B33A588A8787C57053","5034"
"MOVED_ROOT_DROP_FILE_TO_SOURCE_RAW_INTAKE","C:\Users\13527\Desktop\123\lose files\REPEATED FAILURE RED FLAG RULE.txt","C:\Users\13527\Desktop\123\Jxhnny_Kl33N_Seedz\COMMAND_CENTER\UI_LANE\ROOT_DROP_INTAKE_20260611\SOURCE_RAW\lose_files\REPEATED FAILURE RED FLAG RULE.txt","Root drop folder routed to dated source custody: lose files.","AE06F5602F983AF19692F209B60E28FB6B99B0126279A43BEC75D4383DE89F87","1941"
"MOVED_ROOT_DROP_FILE_TO_SOURCE_RAW_INTAKE","C:\Users\13527\Desktop\123\lose files\REVIEW__NEW_AGENT_HANDOFF_ROUTE_55_APPROVAL_GATE__20260609_1952.md","C:\Users\13527\Desktop\123\Jxhnny_Kl33N_Seedz\COMMAND_CENTER\UI_LANE\ROOT_DROP_INTAKE_20260611\SOURCE_RAW\lose_files\REVIEW__NEW_AGENT_HANDOFF_ROUTE_55_APPROVAL_GATE__20260609_1952.md","Root drop folder routed to dated source custody: lose files.","7C62F4BC3E4A719123040AABA216A7D20BB76A7C29156BE0D2894B4F76FE9FF5","1502"
"MOVED_ROOT_DROP_FILE_TO_SOURCE_RAW_INTAKE","C:\Users\13527\Desktop\123\lose files\ROPE_BINDER__CURRENT_NOTES_STACK__GEN_04_CAUSE_EFFECT_FULL_ORDERED__20260609.md","C:\Users\13527\Desktop\123\Jxhnny_Kl33N_Seedz\COMMAND_CENTER\UI_LANE\ROOT_DROP_INTAKE_20260611\SOURCE_RAW\lose_files\ROPE_BINDER__CURRENT_NOTES_STACK__GEN_04_CAUSE_EFFECT_FULL_ORDERED__20260609.md","Root drop folder routed to dated source custody: lose files.","9801CE1347B04C6F577B26F69451672C941A610A200814C234504D191A8BAE88","233741"
"MOVED_ROOT_DROP_FILE_TO_SOURCE_RAW_INTAKE","C:\Users\13527\Desktop\123\lose files\ROUTE_55_EXECUTOR_PRECHECK_PACKAGE_STATIC_REVIEW_SURFACE_V0_1_20260609.md","C:\Users\13527\Desktop\123\Jxhnny_Kl33N_Seedz\COMMAND_CENTER\UI_LANE\ROOT_DROP_INTAKE_20260611\SOURCE_RAW\lose_files\ROUTE_55_EXECUTOR_PRECHECK_PACKAGE_STATIC_REVIEW_SURFACE_V0_1_20260609.md","Root drop folder routed to dated source custody: lose files.","BDA167ED8C1D9B7153A920526470867929A3D56E82F531BDA7A2A61940E0BCB7","11056"
"MOVED_ROOT_DROP_FILE_TO_SOURCE_RAW_INTAKE","C:\Users\13527\Desktop\123\lose files\Start V0.1 spec assembly.txt","C:\Users\13527\Desktop\123\Jxhnny_Kl33N_Seedz\COMMAND_CENTER\UI_LANE\ROOT_DROP_INTAKE_20260611\SOURCE_RAW\lose_files\Start V0.1 spec assembly.txt","Root drop folder routed to dated source custody: lose files.","733911F3A91DD745257BDB61D7A6660DF58E94D33F5EAAA9AA131B71DE1EBA8B","194715"
"REMOVED_EMPTY_ROOT_FOLDER","C:\Users\13527\Desktop\123\lose files","","Empty after verified routing.","","0"
"REMOVED_ROOT_DUPLICATE_AFTER_HASH_MATCH","C:\Users\13527\Desktop\123\SOURCE_ANCHOR_PASS_UPLOAD_20260608\PLANETARY_GATE_DECISION_MAP_NEXT_BATCH_20260608.md","C:\Users\13527\Desktop\123\Jxhnny_Kl33N_Seedz\HOUSE_WORK\PROJECT_COMMAND_CENTER_UI_LANE\HELPER_FILE_SURFACE_PREFLIGHT_20260606\PLANETARY_GATE_DECISION_MAP_NEXT_BATCH_20260608.md","Same filename, size, and SHA256 already present in repo; source drop copy removed from root.","A90F73C14A421139D9EF366BF757867E37B24AA4F806966E9DA40F5603592FD3","16057"
"REMOVED_ROOT_DUPLICATE_AFTER_HASH_MATCH","C:\Users\13527\Desktop\123\SOURCE_ANCHOR_PASS_UPLOAD_20260608\PLANETARY_GATE_ROLE_CARD_MATRIX_BUILD_AND_APPLY_20260608.md","C:\Users\13527\Desktop\123\Jxhnny_Kl33N_Seedz\HOUSE_WORK\PROJECT_COMMAND_CENTER_UI_LANE\HELPER_FILE_SURFACE_PREFLIGHT_20260606\PLANETARY_GATE_ROLE_CARD_MATRIX_BUILD_AND_APPLY_20260608.md","Same filename, size, and SHA256 already present in repo; source drop copy removed from root.","2960AD5098C8C09189105B3BB7D4E6D64389A6B60FF5C85CF0B72461A7C123AB","27757"
"MOVED_ROOT_DROP_FILE_TO_SOURCE_RAW_INTAKE","C:\Users\13527\Desktop\123\SOURCE_ANCHOR_PASS_UPLOAD_20260608\PLANETARY_HOUSE_GATE_MASTER_INDEX_WITH_INTAKE_TOOLBELT_V0_3_RAW_COMBINED_WITH_GUARD_MEMBRANE_20260607.md","C:\Users\13527\Desktop\123\Jxhnny_Kl33N_Seedz\COMMAND_CENTER\UI_LANE\ROOT_DROP_INTAKE_20260611\SOURCE_RAW\SOURCE_ANCHOR_PASS_UPLOAD_20260608\PLANETARY_HOUSE_GATE_MASTER_INDEX_WITH_INTAKE_TOOLBELT_V0_3_RAW_COMBINED_WITH_GUARD_MEMBRANE_20260607.md","Root drop folder routed to dated source custody: SOURCE_ANCHOR_PASS_UPLOAD_20260608.","7F7B61C0915966EA3222587BA97B1ED8BCC47FC62739526B0542C557DA3156F7","1406304"
"MOVED_ROOT_DROP_FILE_TO_SOURCE_RAW_INTAKE","C:\Users\13527\Desktop\123\SOURCE_ANCHOR_PASS_UPLOAD_20260608\UPLOAD_MANIFEST_SOURCE_ANCHOR_PASS_20260608.txt","C:\Users\13527\Desktop\123\Jxhnny_Kl33N_Seedz\COMMAND_CENTER\UI_LANE\ROOT_DROP_INTAKE_20260611\SOURCE_RAW\SOURCE_ANCHOR_PASS_UPLOAD_20260608\UPLOAD_MANIFEST_SOURCE_ANCHOR_PASS_20260608.txt","Root drop folder routed to dated source custody: SOURCE_ANCHOR_PASS_UPLOAD_20260608.","2DFAC036D8AD523814050DA14BD4A806AF1ACA22364B2645597B7DFCF3A3F92F","1558"
"REMOVED_EMPTY_ROOT_FOLDER","C:\Users\13527\Desktop\123\SOURCE_ANCHOR_PASS_UPLOAD_20260608","","Empty after verified routing.","","0"
"REMOVED_ROOT_DUPLICATE_AFTER_HASH_MATCH","C:\Users\13527\Desktop\123\SELECTOR_FIELD_TEST_HELPERS_UPLOAD_20260608\PLANETARY_GATE_ROLE_CARD_MATRIX_SOURCE_ANCHOR_PASS_20260608.md","C:\Users\13527\Desktop\123\Jxhnny_Kl33N_Seedz\HOUSE_WORK\PROJECT_COMMAND_CENTER_UI_LANE\HELPER_FILE_SURFACE_PREFLIGHT_20260606\PLANETARY_GATE_ROLE_CARD_MATRIX_SOURCE_ANCHOR_PASS_20260608.md","Same filename, size, and SHA256 already present in repo; source drop copy removed from root.","C22F9A9C739FD2BE3B6696DB193B10164E3363F1120E9EB52B37D393C0615260","26338"
"REMOVED_ROOT_DUPLICATE_AFTER_HASH_MATCH","C:\Users\13527\Desktop\123\SELECTOR_FIELD_TEST_HELPERS_UPLOAD_20260608\PLANETARY_GATE_SOURCE_ANCHORED_STANDARD_RUN_CARD_AND_SELECTOR_BUILD_20260608.md","C:\Users\13527\Desktop\123\Jxhnny_Kl33N_Seedz\HOUSE_WORK\PROJECT_COMMAND_CENTER_UI_LANE\HELPER_FILE_SURFACE_PREFLIGHT_20260606\PLANETARY_GATE_SOURCE_ANCHORED_STANDARD_RUN_CARD_AND_SELECTOR_BUILD_20260608.md","Same filename, size, and SHA256 already present in repo; source drop copy removed from root.","377663FFD2DDF1E7C95FC3D19A18B04EB4E304350633F2AB260CD660154366C3","25803"
"MOVED_ROOT_DROP_FILE_TO_SOURCE_RAW_INTAKE","C:\Users\13527\Desktop\123\SELECTOR_FIELD_TEST_HELPERS_UPLOAD_20260608\UPLOAD_MANIFEST_SELECTOR_FIELD_TEST_HELPERS_20260608.txt","C:\Users\13527\Desktop\123\Jxhnny_Kl33N_Seedz\COMMAND_CENTER\UI_LANE\ROOT_DROP_INTAKE_20260611\SOURCE_RAW\SELECTOR_FIELD_TEST_HELPERS_UPLOAD_20260608\UPLOAD_MANIFEST_SELECTOR_FIELD_TEST_HELPERS_20260608.txt","Root drop folder routed to dated source custody: SELECTOR_FIELD_TEST_HELPERS_UPLOAD_20260608.","BBF371F0C98F937BF3C7A3F4EE867657C37CCA56F5588809E42B052FAF3B3202","1159"
"REMOVED_EMPTY_ROOT_FOLDER","C:\Users\13527\Desktop\123\SELECTOR_FIELD_TEST_HELPERS_UPLOAD_20260608","","Empty after verified routing.","","0"
"REMOVED_ROOT_DUPLICATE_AFTER_HASH_MATCH","C:\Users\13527\Desktop\123\DOCUMENT_CUSTODY_REVIEW\MARKDOWN\PLANETARY_HOUSE_GATE_MASTER_INDEX_WITH_INTAKE_TOOLBELT_V0_3_RAW_COMBINED_WITH_GUARD_MEMBRANE_20260607.md","C:\Users\13527\Desktop\123\Jxhnny_Kl33N_Seedz\COMMAND_CENTER\UI_LANE\ROOT_DROP_INTAKE_20260611\SOURCE_RAW\SOURCE_ANCHOR_PASS_UPLOAD_20260608\PLANETARY_HOUSE_GATE_MASTER_INDEX_WITH_INTAKE_TOOLBELT_V0_3_RAW_COMBINED_WITH_GUARD_MEMBRANE_20260607.md","Same filename, size, and SHA256 already present in repo; source drop copy removed from root.","7F7B61C0915966EA3222587BA97B1ED8BCC47FC62739526B0542C557DA3156F7","1406304"
"MOVED_ROOT_DROP_FILE_TO_SOURCE_RAW_INTAKE","C:\Users\13527\Desktop\123\DOCUMENT_CUSTODY_REVIEW\MARKDOWN\ROOT_DROP_INTAKE_WASHER_GATE_RULE_V0_1_20260608.md","C:\Users\13527\Desktop\123\Jxhnny_Kl33N_Seedz\COMMAND_CENTER\UI_LANE\ROOT_DROP_INTAKE_20260611\SOURCE_RAW\DOCUMENT_CUSTODY_REVIEW\MARKDOWN\ROOT_DROP_INTAKE_WASHER_GATE_RULE_V0_1_20260608.md","Root drop folder routed to dated source custody: DOCUMENT_CUSTODY_REVIEW.","ADDC4E8A2DA3226660663DAF61801AC505ED5F417B624F3E2CF58024A59FD4A9","4712"
"MOVED_ROOT_DROP_FILE_TO_SOURCE_RAW_INTAKE","C:\Users\13527\Desktop\123\DOCUMENT_CUSTODY_REVIEW\TEXT_OR_RECEIPT\current_and_next_plans.txt","C:\Users\13527\Desktop\123\Jxhnny_Kl33N_Seedz\COMMAND_CENTER\UI_LANE\ROOT_DROP_INTAKE_20260611\SOURCE_RAW\DOCUMENT_CUSTODY_REVIEW\TEXT_OR_RECEIPT\current_and_next_plans.txt","Root drop folder routed to dated source custody: DOCUMENT_CUSTODY_REVIEW.","D8ADD3D4ADF723E03D3C3FA3F4553DCD2550E3FE814B03FB2C52B757D6DC4F2C","2883"
"REMOVED_EMPTY_ROOT_FOLDER","C:\Users\13527\Desktop\123\DOCUMENT_CUSTODY_REVIEW\TEXT_OR_RECEIPT","","Empty after verified routing.","","0"
"REMOVED_EMPTY_ROOT_FOLDER","C:\Users\13527\Desktop\123\DOCUMENT_CUSTODY_REVIEW\MARKDOWN","","Empty after verified routing.","","0"
"REMOVED_EMPTY_ROOT_FOLDER","C:\Users\13527\Desktop\123\DOCUMENT_CUSTODY_REVIEW","","Empty after verified routing.","","0"
"MOVED_ROOT_DROP_FILE_TO_SOURCE_RAW_INTAKE","C:\Users\13527\Desktop\123\Chat Drop\CHAT_DROP_COPY__HOUSE_SEMANTIC_NERVOUS_SYSTEM_CURRENT_CUSTODY_ANCHOR_ADDENDUM_V0_2_20260607.md","C:\Users\13527\Desktop\123\Jxhnny_Kl33N_Seedz\COMMAND_CENTER\UI_LANE\ROOT_DROP_INTAKE_20260611\SOURCE_RAW\Chat_Drop\CHAT_DROP_COPY__HOUSE_SEMANTIC_NERVOUS_SYSTEM_CURRENT_CUSTODY_ANCHOR_ADDENDUM_V0_2_20260607.md","Root drop folder routed to dated source custody: Chat Drop.","3D721DD5025270319E47C2E423B30FF04CD09127A7F2974E05DA714FC0F248E1","2432"
"MOVED_ROOT_DROP_FILE_TO_SOURCE_RAW_INTAKE","C:\Users\13527\Desktop\123\Chat Drop\CHAT_DROP_COPY__HOUSE_SEMANTIC_NERVOUS_SYSTEM_CUSTODY_ANCHOR_ADDENDUM_20260607.md","C:\Users\13527\Desktop\123\Jxhnny_Kl33N_Seedz\COMMAND_CENTER\UI_LANE\ROOT_DROP_INTAKE_20260611\SOURCE_RAW\Chat_Drop\CHAT_DROP_COPY__HOUSE_SEMANTIC_NERVOUS_SYSTEM_CUSTODY_ANCHOR_ADDENDUM_20260607.md","Root drop folder routed to dated source custody: Chat Drop.","22CB0E45CFF366B8DDD899218152DB08BDF1F5A71B1DC448FB01ECB48F52AF11","5025"
"MOVED_ROOT_DROP_FILE_TO_SOURCE_RAW_INTAKE","C:\Users\13527\Desktop\123\Chat Drop\CHAT_DROP_COPY__LIVING_SYSTEM_CHAT_LOAD_MANIFEST_V1.4.md","C:\Users\13527\Desktop\123\Jxhnny_Kl33N_Seedz\COMMAND_CENTER\UI_LANE\ROOT_DROP_INTAKE_20260611\SOURCE_RAW\Chat_Drop\CHAT_DROP_COPY__LIVING_SYSTEM_CHAT_LOAD_MANIFEST_V1.4.md","Root drop folder routed to dated source custody: Chat Drop.","3D44FEA7F44DF15EBB260AD882161F5009D95BCDD63AD0D7D7BD0410A6604A62","1753"
"MOVED_ROOT_DROP_FILE_TO_SOURCE_RAW_INTAKE","C:\Users\13527\Desktop\123\Chat Drop\CHAT_DROP_COPY__LIVING_SYSTEM_CHAT_SOURCE_SUIT_CARD_V1.5.md","C:\Users\13527\Desktop\123\Jxhnny_Kl33N_Seedz\COMMAND_CENTER\UI_LANE\ROOT_DROP_INTAKE_20260611\SOURCE_RAW\Chat_Drop\CHAT_DROP_COPY__LIVING_SYSTEM_CHAT_SOURCE_SUIT_CARD_V1.5.md","Root drop folder routed to dated source custody: Chat Drop.","E1B8C31E3E5D6C344C45D1F54DEA839AC15871FBEEE883FB6D3D5ABA1E7C1973","992"
"MOVED_ROOT_DROP_FILE_TO_SOURCE_RAW_INTAKE","C:\Users\13527\Desktop\123\Chat Drop\CHAT_DROP_COPY__LIVING_SYSTEM_CHAT_SOURCE_URL_LEDGER_MAP_KEY_V1.5.md","C:\Users\13527\Desktop\123\Jxhnny_Kl33N_Seedz\COMMAND_CENTER\UI_LANE\ROOT_DROP_INTAKE_20260611\SOURCE_RAW\Chat_Drop\CHAT_DROP_COPY__LIVING_SYSTEM_CHAT_SOURCE_URL_LEDGER_MAP_KEY_V1.5.md","Root drop folder routed to dated source custody: Chat Drop.","BDC9BA4EAC2B07AA7084298727BDEAFF3C30519956A15E3FA558FCC26F1A9130","3079"
"MOVED_ROOT_DROP_FILE_TO_SOURCE_RAW_INTAKE","C:\Users\13527\Desktop\123\Chat Drop\CHAT_DROP_COPY__LIVING_SYSTEM_DRIFT_REVIEW_LAST_SIX_COPIES_V1.4.md","C:\Users\13527\Desktop\123\Jxhnny_Kl33N_Seedz\COMMAND_CENTER\UI_LANE\ROOT_DROP_INTAKE_20260611\SOURCE_RAW\Chat_Drop\CHAT_DROP_COPY__LIVING_SYSTEM_DRIFT_REVIEW_LAST_SIX_COPIES_V1.4.md","Root drop folder routed to dated source custody: Chat Drop.","8CAD0F818271A5A77934E72D6B143DAA274F51517BC0539C1A35F0F029307F8C","3303"
"MOVED_ROOT_DROP_FILE_TO_SOURCE_RAW_INTAKE","C:\Users\13527\Desktop\123\Chat Drop\CHAT_DROP_COPY__LIVING_SYSTEM_EDWARD_SCISSORHANDS_THINK_TANK_V1.md","C:\Users\13527\Desktop\123\Jxhnny_Kl33N_Seedz\COMMAND_CENTER\UI_LANE\ROOT_DROP_INTAKE_20260611\SOURCE_RAW\Chat_Drop\CHAT_DROP_COPY__LIVING_SYSTEM_EDWARD_SCISSORHANDS_THINK_TANK_V1.md","Root drop folder routed to dated source custody: Chat Drop.","2CFC14BB6410DD936700900BF70EA51C135758CCAA2074C6A041DB7C8AEE1925","19048"
"MOVED_ROOT_DROP_FILE_TO_SOURCE_RAW_INTAKE","C:\Users\13527\Desktop\123\Chat Drop\CHAT_DROP_COPY__LIVING_SYSTEM_FRONT_DOOR_BRIDGE_TUNNEL_SUIT_CARD_V1.4.md","C:\Users\13527\Desktop\123\Jxhnny_Kl33N_Seedz\COMMAND_CENTER\UI_LANE\ROOT_DROP_INTAKE_20260611\SOURCE_RAW\Chat_Drop\CHAT_DROP_COPY__LIVING_SYSTEM_FRONT_DOOR_BRIDGE_TUNNEL_SUIT_CARD_V1.4.md","Root drop folder routed to dated source custody: Chat Drop.","BA01FC94C125FA391B55EDCAB5827565D254CA24DA3C42B9B8CBD45E03768600","1153"
"MOVED_ROOT_DROP_FILE_TO_SOURCE_RAW_INTAKE","C:\Users\13527\Desktop\123\Chat Drop\CHAT_DROP_COPY__LIVING_SYSTEM_SAME_PROCESS_CHECKPOINT_LEDGER_V1.4.md","C:\Users\13527\Desktop\123\Jxhnny_Kl33N_Seedz\COMMAND_CENTER\UI_LANE\ROOT_DROP_INTAKE_20260611\SOURCE_RAW\Chat_Drop\CHAT_DROP_COPY__LIVING_SYSTEM_SAME_PROCESS_CHECKPOINT_LEDGER_V1.4.md","Root drop folder routed to dated source custody: Chat Drop.","152246BA2486D87380729F7FBDC73712C30B1A181426B96F43767FF7DC5E3645","3551"
"MOVED_ROOT_DROP_FILE_TO_SOURCE_RAW_INTAKE","C:\Users\13527\Desktop\123\Chat Drop\CHAT_DROP_COPY__MULE_RAW_CUSTODY_HOUSE_ROUTING_SELF_APPLYING_GATE_ADDENDUM_V0_1_20260607.md","C:\Users\13527\Desktop\123\Jxhnny_Kl33N_Seedz\COMMAND_CENTER\UI_LANE\ROOT_DROP_INTAKE_20260611\SOURCE_RAW\Chat_Drop\CHAT_DROP_COPY__MULE_RAW_CUSTODY_HOUSE_ROUTING_SELF_APPLYING_GATE_ADDENDUM_V0_1_20260607.md","Root drop folder routed to dated source custody: Chat Drop.","5EB86A889411E66E7458BE742D4C1DD3590B9F50676103349539619391FEB0B4","3834"
"MOVED_ROOT_DROP_FILE_TO_SOURCE_RAW_INTAKE","C:\Users\13527\Desktop\123\Chat Drop\CHAT_DROP_COPY__MULE_STANDING_ISSUE_LEDGER_V0_1_20260607.md","C:\Users\13527\Desktop\123\Jxhnny_Kl33N_Seedz\COMMAND_CENTER\UI_LANE\ROOT_DROP_INTAKE_20260611\SOURCE_RAW\Chat_Drop\CHAT_DROP_COPY__MULE_STANDING_ISSUE_LEDGER_V0_1_20260607.md","Root drop folder routed to dated source custody: Chat Drop.","2C058FD1920ADCBDAA2A174E8A973624CA1A254C3B0900C5EA2E165AAA4278CC","6517"
"MOVED_ROOT_DROP_FILE_TO_SOURCE_RAW_INTAKE","C:\Users\13527\Desktop\123\Chat Drop\CHAT_DROP_COPY__ROOT_DROP_INTAKE_WASHER_GATE_RULE_V0_1_20260608.md","C:\Users\13527\Desktop\123\Jxhnny_Kl33N_Seedz\COMMAND_CENTER\UI_LANE\ROOT_DROP_INTAKE_20260611\SOURCE_RAW\Chat_Drop\CHAT_DROP_COPY__ROOT_DROP_INTAKE_WASHER_GATE_RULE_V0_1_20260608.md","Root drop folder routed to dated source custody: Chat Drop.","D2D4C11ED6348FE250C3632CC176A90DCBFC9DD1A62283C82168FB5B8A26A596","2149"
"MOVED_ROOT_DROP_FILE_TO_SOURCE_RAW_INTAKE","C:\Users\13527\Desktop\123\Chat Drop\CHAT_DROP_COPY__SCISSOR_SEW_SMELL_BONE_NERVE_TOOL_GRAMMAR_CANDIDATE_V1.md","C:\Users\13527\Desktop\123\Jxhnny_Kl33N_Seedz\COMMAND_CENTER\UI_LANE\ROOT_DROP_INTAKE_20260611\SOURCE_RAW\Chat_Drop\CHAT_DROP_COPY__SCISSOR_SEW_SMELL_BONE_NERVE_TOOL_GRAMMAR_CANDIDATE_V1.md","Root drop folder routed to dated source custody: Chat Drop.","8B5374A64945D08E5F2498E6B8E0402924268884EAEC347781901FE18715D5DE","2042"
"MOVED_ROOT_DROP_FILE_TO_SOURCE_RAW_INTAKE","C:\Users\13527\Desktop\123\Chat Drop\CHAT_DROP_COPY__TWO_LOCATION_CHAT_DROP_AND_HELPER_PREFLIGHT_RULE_ADDENDUM_20260607.md","C:\Users\13527\Desktop\123\Jxhnny_Kl33N_Seedz\COMMAND_CENTER\UI_LANE\ROOT_DROP_INTAKE_20260611\SOURCE_RAW\Chat_Drop\CHAT_DROP_COPY__TWO_LOCATION_CHAT_DROP_AND_HELPER_PREFLIGHT_RULE_ADDENDUM_20260607.md","Root drop folder routed to dated source custody: Chat Drop.","C48A36CAB7918F9775FB5B7685AC9E7ED2599D8EC8B4A3E6E9D2297CFBC08BC5","2885"
"MOVED_ROOT_DROP_FILE_TO_SOURCE_RAW_INTAKE","C:\Users\13527\Desktop\123\Chat Drop\_CLEANUP_REPORTS\CHAT_DROP_CLEANUP_REPORT_20260530_075701.md","C:\Users\13527\Desktop\123\Jxhnny_Kl33N_Seedz\COMMAND_CENTER\UI_LANE\ROOT_DROP_INTAKE_20260611\SOURCE_RAW\Chat_Drop\_CLEANUP_REPORTS\CHAT_DROP_CLEANUP_REPORT_20260530_075701.md","Root drop folder routed to dated source custody: Chat Drop.","0992F1F2672D4266813505B24665BCB26DCD4160A19BDE2463697AB45D34EA9E","1768"
"MOVED_ROOT_DROP_FILE_TO_SOURCE_RAW_INTAKE","C:\Users\13527\Desktop\123\Chat Drop\_CLEANUP_REPORTS\CHAT_DROP_CLEANUP_REPORT_20260530_075705.md","C:\Users\13527\Desktop\123\Jxhnny_Kl33N_Seedz\COMMAND_CENTER\UI_LANE\ROOT_DROP_INTAKE_20260611\SOURCE_RAW\Chat_Drop\_CLEANUP_REPORTS\CHAT_DROP_CLEANUP_REPORT_20260530_075705.md","Root drop folder routed to dated source custody: Chat Drop.","83EC80AB4BDC4FDC7AC3B6C4FFF205E47FDD3963656F453AC9EF8A286565A4F9","2827"
"MOVED_ROOT_DROP_FILE_TO_SOURCE_RAW_INTAKE","C:\Users\13527\Desktop\123\Chat Drop\_CLEANUP_REPORTS\CHAT_DROP_CURRENT_LOAD_ROTATION_REPORT_20260530_132525.txt","C:\Users\13527\Desktop\123\Jxhnny_Kl33N_Seedz\COMMAND_CENTER\UI_LANE\ROOT_DROP_INTAKE_20260611\SOURCE_RAW\Chat_Drop\_CLEANUP_REPORTS\CHAT_DROP_CURRENT_LOAD_ROTATION_REPORT_20260530_132525.txt","Root drop folder routed to dated source custody: Chat Drop.","B2E5DFACBF713EFB5917F5FEF78DE4313CE57B98D1368D78CCAF481720895B72","3704"
"MOVED_ROOT_DROP_FILE_TO_SOURCE_RAW_INTAKE","C:\Users\13527\Desktop\123\Chat Drop\_OLD_LOADS\CHAT_DROP_ROOT_LOAD_ARCHIVE_20260530_132525\CHAT_DROP_COPY__CHAIN_SUPERVISOR_STAGE_MANIFEST_STATE_LEDGER_SUIT_CARD_V1.md","C:\Users\13527\Desktop\123\Jxhnny_Kl33N_Seedz\COMMAND_CENTER\UI_LANE\ROOT_DROP_INTAKE_20260611\SOURCE_RAW\Chat_Drop\_OLD_LOADS\CHAT_DROP_ROOT_LOAD_ARCHIVE_20260530_132525\CHAT_DROP_COPY__CHAIN_SUPERVISOR_STAGE_MANIFEST_STATE_LEDGER_SUIT_CARD_V1.md","Root drop folder routed to dated source custody: Chat Drop.","E25F86379E32D0224EA8D27B7676C5088742108A4B62D45461BC10A08704847C","1343"
"MOVED_ROOT_DROP_FILE_TO_SOURCE_RAW_INTAKE","C:\Users\13527\Desktop\123\Chat Drop\_OLD_LOADS\CHAT_DROP_ROOT_LOAD_ARCHIVE_20260530_132525\CHAT_DROP_COPY__FULL_HOUSE_WASH_V3_PROGRESS_LEDGER_BRIDGE_PLAN_SUIT_CARD_V1.md","C:\Users\13527\Desktop\123\Jxhnny_Kl33N_Seedz\COMMAND_CENTER\UI_LANE\ROOT_DROP_INTAKE_20260611\SOURCE_RAW\Chat_Drop\_OLD_LOADS\CHAT_DROP_ROOT_LOAD_ARCHIVE_20260530_132525\CHAT_DROP_COPY__FULL_HOUSE_WASH_V3_PROGRESS_LEDGER_BRIDGE_PLAN_SUIT_CARD_V1.md","Root drop folder routed to dated source custody: Chat Drop.","CA1B117685EE87FA2945E92B29C29A86BDE2D77E9E04A65A9336D4FA3CFCF20F","1109"
"MOVED_ROOT_DROP_FILE_TO_SOURCE_RAW_INTAKE","C:\Users\13527\Desktop\123\Chat Drop\_OLD_LOADS\CHAT_DROP_ROOT_LOAD_ARCHIVE_20260530_132525\CHAT_DROP_COPY__GRANDMASTER_NODE_ROOT_LEDGER_MAP_V1.md","C:\Users\13527\Desktop\123\Jxhnny_Kl33N_Seedz\COMMAND_CENTER\UI_LANE\ROOT_DROP_INTAKE_20260611\SOURCE_RAW\Chat_Drop\_OLD_LOADS\CHAT_DROP_ROOT_LOAD_ARCHIVE_20260530_132525\CHAT_DROP_COPY__GRANDMASTER_NODE_ROOT_LEDGER_MAP_V1.md","Root drop folder routed to dated source custody: Chat Drop.","524D3B68FE3A623C7E4AECD3A7467F767AEF4087B99A3D2C0EFB10E06C18802F","1375"
"MOVED_ROOT_DROP_FILE_TO_SOURCE_RAW_INTAKE","C:\Users\13527\Desktop\123\Chat Drop\_OLD_LOADS\CHAT_DROP_ROOT_LOAD_ARCHIVE_20260530_132525\CHAT_DROP_COPY__GRANDMASTER_NODE_ROOT_LEDGER_SUIT_CARD_V1.md","C:\Users\13527\Desktop\123\Jxhnny_Kl33N_Seedz\COMMAND_CENTER\UI_LANE\ROOT_DROP_INTAKE_20260611\SOURCE_RAW\Chat_Drop\_OLD_LOADS\CHAT_DROP_ROOT_LOAD_ARCHIVE_20260530_132525\CHAT_DROP_COPY__GRANDMASTER_NODE_ROOT_LEDGER_SUIT_CARD_V1.md","Root drop folder routed to dated source custody: Chat Drop.","58FE338DD6130542113C771DE3C0C55FB1E26539483C25A239AED9A0D5DBEF8A","1713"
"MOVED_ROOT_DROP_FILE_TO_SOURCE_RAW_INTAKE","C:\Users\13527\Desktop\123\Chat Drop\_OLD_LOADS\CHAT_DROP_ROOT_LOAD_ARCHIVE_20260530_132525\CHAT_DROP_COPY__HELPER_SCRIPT_GENERATION_BASE_LAYER_GUARD_CHECKLIST_V1.md","C:\Users\13527\Desktop\123\Jxhnny_Kl33N_Seedz\COMMAND_CENTER\UI_LANE\ROOT_DROP_INTAKE_20260611\SOURCE_RAW\Chat_Drop\_OLD_LOADS\CHAT_DROP_ROOT_LOAD_ARCHIVE_20260530_132525\CHAT_DROP_COPY__HELPER_SCRIPT_GENERATION_BASE_LAYER_GUARD_CHECKLIST_V1.md","Root drop folder routed to dated source custody: Chat Drop.","07F4390E17B4071148BD3795D29E9D5D119AFBF4979A5F3690096B937D7F544D","1704"
"MOVED_ROOT_DROP_FILE_TO_SOURCE_RAW_INTAKE","C:\Users\13527\Desktop\123\Chat Drop\_OLD_LOADS\CHAT_DROP_ROOT_LOAD_ARCHIVE_20260530_132525\CHAT_DROP_COPY__HELPER_SCRIPT_GENERATION_BASE_LAYER_GUARD_SUIT_CARD_V1.md","C:\Users\13527\Desktop\123\Jxhnny_Kl33N_Seedz\COMMAND_CENTER\UI_LANE\ROOT_DROP_INTAKE_20260611\SOURCE_RAW\Chat_Drop\_OLD_LOADS\CHAT_DROP_ROOT_LOAD_ARCHIVE_20260530_132525\CHAT_DROP_COPY__HELPER_SCRIPT_GENERATION_BASE_LAYER_GUARD_SUIT_CARD_V1.md","Root drop folder routed to dated source custody: Chat Drop.","97527EF6EBB90DC3CBA505CFA1212E1167965CAC112DFB9B71BD283A8792CC44","1696"
"REMOVED_ROOT_DUPLICATE_AFTER_HASH_MATCH","C:\Users\13527\Desktop\123\Chat Drop\_OLD_LOADS\CHAT_DROP_ROOT_LOAD_ARCHIVE_20260530_132525\CHAT_DROP_COPY__LIVING_SYSTEM_CHAT_LOAD_MANIFEST_V1.4.md","C:\Users\13527\Desktop\123\Jxhnny_Kl33N_Seedz\COMMAND_CENTER\UI_LANE\ROOT_DROP_INTAKE_20260611\SOURCE_RAW\Chat_Drop\CHAT_DROP_COPY__LIVING_SYSTEM_CHAT_LOAD_MANIFEST_V1.4.md","Same filename, size, and SHA256 already present in repo; source drop copy removed from root.","3D44FEA7F44DF15EBB260AD882161F5009D95BCDD63AD0D7D7BD0410A6604A62","1753"
"REMOVED_ROOT_DUPLICATE_AFTER_HASH_MATCH","C:\Users\13527\Desktop\123\Chat Drop\_OLD_LOADS\CHAT_DROP_ROOT_LOAD_ARCHIVE_20260530_132525\CHAT_DROP_COPY__LIVING_SYSTEM_CHAT_SOURCE_SUIT_CARD_V1.5.md","C:\Users\13527\Desktop\123\Jxhnny_Kl33N_Seedz\COMMAND_CENTER\UI_LANE\ROOT_DROP_INTAKE_20260611\SOURCE_RAW\Chat_Drop\CHAT_DROP_COPY__LIVING_SYSTEM_CHAT_SOURCE_SUIT_CARD_V1.5.md","Same filename, size, and SHA256 already present in repo; source drop copy removed from root.","E1B8C31E3E5D6C344C45D1F54DEA839AC15871FBEEE883FB6D3D5ABA1E7C1973","992"
"REMOVED_ROOT_DUPLICATE_AFTER_HASH_MATCH","C:\Users\13527\Desktop\123\Chat Drop\_OLD_LOADS\CHAT_DROP_ROOT_LOAD_ARCHIVE_20260530_132525\CHAT_DROP_COPY__LIVING_SYSTEM_CHAT_SOURCE_URL_LEDGER_MAP_KEY_V1.5.md","C:\Users\13527\Desktop\123\Jxhnny_Kl33N_Seedz\COMMAND_CENTER\UI_LANE\ROOT_DROP_INTAKE_20260611\SOURCE_RAW\Chat_Drop\CHAT_DROP_COPY__LIVING_SYSTEM_CHAT_SOURCE_URL_LEDGER_MAP_KEY_V1.5.md","Same filename, size, and SHA256 already present in repo; source drop copy removed from root.","BDC9BA4EAC2B07AA7084298727BDEAFF3C30519956A15E3FA558FCC26F1A9130","3079"
"REMOVED_ROOT_DUPLICATE_AFTER_HASH_MATCH","C:\Users\13527\Desktop\123\Chat Drop\_OLD_LOADS\CHAT_DROP_ROOT_LOAD_ARCHIVE_20260530_132525\CHAT_DROP_COPY__LIVING_SYSTEM_DRIFT_REVIEW_LAST_SIX_COPIES_V1.4.md","C:\Users\13527\Desktop\123\Jxhnny_Kl33N_Seedz\COMMAND_CENTER\UI_LANE\ROOT_DROP_INTAKE_20260611\SOURCE_RAW\Chat_Drop\CHAT_DROP_COPY__LIVING_SYSTEM_DRIFT_REVIEW_LAST_SIX_COPIES_V1.4.md","Same filename, size, and SHA256 already present in repo; source drop copy removed from root.","8CAD0F818271A5A77934E72D6B143DAA274F51517BC0539C1A35F0F029307F8C","3303"
"REMOVED_ROOT_DUPLICATE_AFTER_HASH_MATCH","C:\Users\13527\Desktop\123\Chat Drop\_OLD_LOADS\CHAT_DROP_ROOT_LOAD_ARCHIVE_20260530_132525\CHAT_DROP_COPY__LIVING_SYSTEM_EDWARD_SCISSORHANDS_THINK_TANK_V1.md","C:\Users\13527\Desktop\123\Jxhnny_Kl33N_Seedz\COMMAND_CENTER\UI_LANE\ROOT_DROP_INTAKE_20260611\SOURCE_RAW\Chat_Drop\CHAT_DROP_COPY__LIVING_SYSTEM_EDWARD_SCISSORHANDS_THINK_TANK_V1.md","Same filename, size, and SHA256 already present in repo; source drop copy removed from root.","2CFC14BB6410DD936700900BF70EA51C135758CCAA2074C6A041DB7C8AEE1925","19048"
"REMOVED_ROOT_DUPLICATE_AFTER_HASH_MATCH","C:\Users\13527\Desktop\123\Chat Drop\_OLD_LOADS\CHAT_DROP_ROOT_LOAD_ARCHIVE_20260530_132525\CHAT_DROP_COPY__LIVING_SYSTEM_FRONT_DOOR_BRIDGE_TUNNEL_SUIT_CARD_V1.4.md","C:\Users\13527\Desktop\123\Jxhnny_Kl33N_Seedz\COMMAND_CENTER\UI_LANE\ROOT_DROP_INTAKE_20260611\SOURCE_RAW\Chat_Drop\CHAT_DROP_COPY__LIVING_SYSTEM_FRONT_DOOR_BRIDGE_TUNNEL_SUIT_CARD_V1.4.md","Same filename, size, and SHA256 already present in repo; source drop copy removed from root.","BA01FC94C125FA391B55EDCAB5827565D254CA24DA3C42B9B8CBD45E03768600","1153"
"REMOVED_ROOT_DUPLICATE_AFTER_HASH_MATCH","C:\Users\13527\Desktop\123\Chat Drop\_OLD_LOADS\CHAT_DROP_ROOT_LOAD_ARCHIVE_20260530_132525\CHAT_DROP_COPY__LIVING_SYSTEM_SAME_PROCESS_CHECKPOINT_LEDGER_V1.4.md","C:\Users\13527\Desktop\123\Jxhnny_Kl33N_Seedz\COMMAND_CENTER\UI_LANE\ROOT_DROP_INTAKE_20260611\SOURCE_RAW\Chat_Drop\CHAT_DROP_COPY__LIVING_SYSTEM_SAME_PROCESS_CHECKPOINT_LEDGER_V1.4.md","Same filename, size, and SHA256 already present in repo; source drop copy removed from root.","152246BA2486D87380729F7FBDC73712C30B1A181426B96F43767FF7DC5E3645","3551"
"MOVED_ROOT_DROP_FILE_TO_SOURCE_RAW_INTAKE","C:\Users\13527\Desktop\123\Chat Drop\_OLD_LOADS\CHAT_DROP_ROOT_LOAD_ARCHIVE_20260530_132525\CHAT_DROP_COPY__LOWER_LEVEL_ERROR_POWERPLAY_BREADCRUMB_CHAIN_SUIT_CARD_V1.md","C:\Users\13527\Desktop\123\Jxhnny_Kl33N_Seedz\COMMAND_CENTER\UI_LANE\ROOT_DROP_INTAKE_20260611\SOURCE_RAW\Chat_Drop\_OLD_LOADS\CHAT_DROP_ROOT_LOAD_ARCHIVE_20260530_132525\CHAT_DROP_COPY__LOWER_LEVEL_ERROR_POWERPLAY_BREADCRUMB_CHAIN_SUIT_CARD_V1.md","Root drop folder routed to dated source custody: Chat Drop.","5094ED8F9445048A5A36356D8F929C2F7EEC9098EF727B8B1BB7DBE168E5785A","1106"
"MOVED_ROOT_DROP_FILE_TO_SOURCE_RAW_INTAKE","C:\Users\13527\Desktop\123\Chat Drop\_OLD_LOADS\CHAT_DROP_ROOT_LOAD_ARCHIVE_20260530_132525\CHAT_DROP_COPY__LOWER_LEVEL_ERROR_POWERPLAY_FREEZE_SUIT_CARD_V1.md","C:\Users\13527\Desktop\123\Jxhnny_Kl33N_Seedz\COMMAND_CENTER\UI_LANE\ROOT_DROP_INTAKE_20260611\SOURCE_RAW\Chat_Drop\_OLD_LOADS\CHAT_DROP_ROOT_LOAD_ARCHIVE_20260530_132525\CHAT_DROP_COPY__LOWER_LEVEL_ERROR_POWERPLAY_FREEZE_SUIT_CARD_V1.md","Root drop folder routed to dated source custody: Chat Drop.","03BE9999963FD20FF7D6C95324ACAE08DA8D411DBA9F5D9A40B5E7C1C876A8DF","1824"
"MOVED_ROOT_DROP_FILE_TO_SOURCE_RAW_INTAKE","C:\Users\13527\Desktop\123\Chat Drop\_OLD_LOADS\CHAT_DROP_ROOT_LOAD_ARCHIVE_20260530_132525\CHAT_DROP_COPY__POWERSHELL_OPERATOR_BINDING_GUARD_V1.md","C:\Users\13527\Desktop\123\Jxhnny_Kl33N_Seedz\COMMAND_CENTER\UI_LANE\ROOT_DROP_INTAKE_20260611\SOURCE_RAW\Chat_Drop\_OLD_LOADS\CHAT_DROP_ROOT_LOAD_ARCHIVE_20260530_132525\CHAT_DROP_COPY__POWERSHELL_OPERATOR_BINDING_GUARD_V1.md","Root drop folder routed to dated source custody: Chat Drop.","B907679A6C14B49187F04E971AB6D5B9752C4BBBC409E8256A12DA57CF24443B","1497"
"MOVED_ROOT_DROP_FILE_TO_SOURCE_RAW_INTAKE","C:\Users\13527\Desktop\123\Chat Drop\_OLD_LOADS\CHAT_DROP_ROOT_LOAD_ARCHIVE_20260530_132525\CHAT_DROP_COPY__SCALE_STEP_CHAIN_PROOF_REVIEW_LEDGER_V1.md","C:\Users\13527\Desktop\123\Jxhnny_Kl33N_Seedz\COMMAND_CENTER\UI_LANE\ROOT_DROP_INTAKE_20260611\SOURCE_RAW\Chat_Drop\_OLD_LOADS\CHAT_DROP_ROOT_LOAD_ARCHIVE_20260530_132525\CHAT_DROP_COPY__SCALE_STEP_CHAIN_PROOF_REVIEW_LEDGER_V1.md","Root drop folder routed to dated source custody: Chat Drop.","D77A9A497AD3681861B8CB34FE6D7CBA242396F7D493DEEFFE3D85F5799EDFBC","998"
"MOVED_ROOT_DROP_FILE_TO_SOURCE_RAW_INTAKE","C:\Users\13527\Desktop\123\Chat Drop\_OLD_LOADS\CHAT_DROP_ROOT_LOAD_ARCHIVE_20260530_132525\CHAT_DROP_COPY__SCALE_STEP_CHAIN_PROOF_REVIEW_SUIT_CARD_V1.md","C:\Users\13527\Desktop\123\Jxhnny_Kl33N_Seedz\COMMAND_CENTER\UI_LANE\ROOT_DROP_INTAKE_20260611\SOURCE_RAW\Chat_Drop\_OLD_LOADS\CHAT_DROP_ROOT_LOAD_ARCHIVE_20260530_132525\CHAT_DROP_COPY__SCALE_STEP_CHAIN_PROOF_REVIEW_SUIT_CARD_V1.md","Root drop folder routed to dated source custody: Chat Drop.","902623DDF5BCC9421A2ABF305A834D7AA403875E12FA30B96F0CCAC9A5990EA6","1351"
"REMOVED_ROOT_DUPLICATE_AFTER_HASH_MATCH","C:\Users\13527\Desktop\123\Chat Drop\_OLD_LOADS\CHAT_DROP_ROOT_LOAD_ARCHIVE_20260530_132525\CHAT_DROP_COPY__SCISSOR_SEW_SMELL_BONE_NERVE_TOOL_GRAMMAR_CANDIDATE_V1.md","C:\Users\13527\Desktop\123\Jxhnny_Kl33N_Seedz\COMMAND_CENTER\UI_LANE\ROOT_DROP_INTAKE_20260611\SOURCE_RAW\Chat_Drop\CHAT_DROP_COPY__SCISSOR_SEW_SMELL_BONE_NERVE_TOOL_GRAMMAR_CANDIDATE_V1.md","Same filename, size, and SHA256 already present in repo; source drop copy removed from root.","8B5374A64945D08E5F2498E6B8E0402924268884EAEC347781901FE18715D5DE","2042"
"MOVED_ROOT_DROP_FILE_TO_SOURCE_RAW_INTAKE","C:\Users\13527\Desktop\123\Chat Drop\_OLD_LOADS\CHAT_DROP_ROOT_LOAD_ARCHIVE_20260530_132525\CHAT_DROP_COPY__SWIFT_SCAN_ROOM_ORDER_MAP_V1.md","C:\Users\13527\Desktop\123\Jxhnny_Kl33N_Seedz\COMMAND_CENTER\UI_LANE\ROOT_DROP_INTAKE_20260611\SOURCE_RAW\Chat_Drop\_OLD_LOADS\CHAT_DROP_ROOT_LOAD_ARCHIVE_20260530_132525\CHAT_DROP_COPY__SWIFT_SCAN_ROOM_ORDER_MAP_V1.md","Root drop folder routed to dated source custody: Chat Drop.","8A759291F1E679A7316A38DB07B0C10B41F66DEC4C5524A9DED8409AB9965B2F","1737"
"MOVED_ROOT_DROP_FILE_TO_SOURCE_RAW_INTAKE","C:\Users\13527\Desktop\123\Chat Drop\_OLD_LOADS\CHAT_DROP_ROOT_LOAD_ARCHIVE_20260530_132525\CHAT_DROP_COPY__SWIFT_SCAN_SUIT_CARD_V1.md","C:\Users\13527\Desktop\123\Jxhnny_Kl33N_Seedz\COMMAND_CENTER\UI_LANE\ROOT_DROP_INTAKE_20260611\SOURCE_RAW\Chat_Drop\_OLD_LOADS\CHAT_DROP_ROOT_LOAD_ARCHIVE_20260530_132525\CHAT_DROP_COPY__SWIFT_SCAN_SUIT_CARD_V1.md","Root drop folder routed to dated source custody: Chat Drop.","E490AF0E39A0F31D10F57EE82F927F6844CFDF4BEC161A19682A4ABEA508859E","1758"
"MOVED_ROOT_DROP_FILE_TO_SOURCE_RAW_INTAKE","C:\Users\13527\Desktop\123\Chat Drop\_OLD_LOADS\CHAT_DROP_ROOT_LOAD_ARCHIVE_20260530_132525\CHAT_DROP_COPY__TRIPLE_CHECK_BEFORE_RESEND_HARDENING_SUIT_CARD_V1.md","C:\Users\13527\Desktop\123\Jxhnny_Kl33N_Seedz\COMMAND_CENTER\UI_LANE\ROOT_DROP_INTAKE_20260611\SOURCE_RAW\Chat_Drop\_OLD_LOADS\CHAT_DROP_ROOT_LOAD_ARCHIVE_20260530_132525\CHAT_DROP_COPY__TRIPLE_CHECK_BEFORE_RESEND_HARDENING_SUIT_CARD_V1.md","Root drop folder routed to dated source custody: Chat Drop.","74F7DEDBBEB325A3D7F192A82824D0B4EB377BC4A44D986E0734331FD88B03E7","1438"
"MOVED_ROOT_DROP_FILE_TO_SOURCE_RAW_INTAKE","C:\Users\13527\Desktop\123\Chat Drop\_OLD_LOADS\CHAT_DROP_ROOT_LOAD_ARCHIVE_20260530_132525\CHAT_DROP_CURRENT_ONLY_RULE.md","C:\Users\13527\Desktop\123\Jxhnny_Kl33N_Seedz\COMMAND_CENTER\UI_LANE\ROOT_DROP_INTAKE_20260611\SOURCE_RAW\Chat_Drop\_OLD_LOADS\CHAT_DROP_ROOT_LOAD_ARCHIVE_20260530_132525\CHAT_DROP_CURRENT_ONLY_RULE.md","Root drop folder routed to dated source custody: Chat Drop.","E767CF5330C37A9160C4CFF766FDF961E1AD7B964BE62BC391712D05BB226CCA","499"
"MOVED_ROOT_DROP_FILE_TO_SOURCE_RAW_INTAKE","C:\Users\13527\Desktop\123\Chat Drop\_OLD_LOADS\CHAT_DROP_ROOT_LOAD_ARCHIVE_20260530_132525\SOURCE_DROP_COPY__CHAIN_SUPERVISOR_STAGE_MANIFEST_STATE_LEDGER_RULE_V1.md","C:\Users\13527\Desktop\123\Jxhnny_Kl33N_Seedz\COMMAND_CENTER\UI_LANE\ROOT_DROP_INTAKE_20260611\SOURCE_RAW\Chat_Drop\_OLD_LOADS\CHAT_DROP_ROOT_LOAD_ARCHIVE_20260530_132525\SOURCE_DROP_COPY__CHAIN_SUPERVISOR_STAGE_MANIFEST_STATE_LEDGER_RULE_V1.md","Root drop folder routed to dated source custody: Chat Drop.","C37585F1B27237856A5A9F7C945C9B41874B02BB8F075682D3E814F4732E3DD8","4063"
"MOVED_ROOT_DROP_FILE_TO_SOURCE_RAW_INTAKE","C:\Users\13527\Desktop\123\Chat Drop\_OLD_LOADS\CHAT_DROP_ROOT_LOAD_ARCHIVE_20260530_132525\SOURCE_DROP_COPY__FULL_HOUSE_WASH_V3_PROGRESS_LEDGER_BRIDGE_PLAN_V1.md","C:\Users\13527\Desktop\123\Jxhnny_Kl33N_Seedz\COMMAND_CENTER\UI_LANE\ROOT_DROP_INTAKE_20260611\SOURCE_RAW\Chat_Drop\_OLD_LOADS\CHAT_DROP_ROOT_LOAD_ARCHIVE_20260530_132525\SOURCE_DROP_COPY__FULL_HOUSE_WASH_V3_PROGRESS_LEDGER_BRIDGE_PLAN_V1.md","Root drop folder routed to dated source custody: Chat Drop.","7D6D178FF872C0D4B67F3BFAE40D9F478A1530B22321C0E459EF14A56B135A76","4130"
"MOVED_ROOT_DROP_FILE_TO_SOURCE_RAW_INTAKE","C:\Users\13527\Desktop\123\Chat Drop\_OLD_LOADS\CHAT_DROP_ROOT_LOAD_ARCHIVE_20260530_132525\SOURCE_DROP_COPY__GRANDMASTER_NODE_ROOT_LEDGER_SOURCE_FIT_REPORT_V1.md","C:\Users\13527\Desktop\123\Jxhnny_Kl33N_Seedz\COMMAND_CENTER\UI_LANE\ROOT_DROP_INTAKE_20260611\SOURCE_RAW\Chat_Drop\_OLD_LOADS\CHAT_DROP_ROOT_LOAD_ARCHIVE_20260530_132525\SOURCE_DROP_COPY__GRANDMASTER_NODE_ROOT_LEDGER_SOURCE_FIT_REPORT_V1.md","Root drop folder routed to dated source custody: Chat Drop.","F2AA1826C2AA24239260EF7B981D8954C623BC1652EE68ED4D7808789FDE03EC","5343"
"MOVED_ROOT_DROP_FILE_TO_SOURCE_RAW_INTAKE","C:\Users\13527\Desktop\123\Chat Drop\_OLD_LOADS\CHAT_DROP_ROOT_LOAD_ARCHIVE_20260530_132525\SOURCE_DROP_COPY__HELPER_SCRIPT_GENERATION_BASE_LAYER_GUARD_V1.md","C:\Users\13527\Desktop\123\Jxhnny_Kl33N_Seedz\COMMAND_CENTER\UI_LANE\ROOT_DROP_INTAKE_20260611\SOURCE_RAW\Chat_Drop\_OLD_LOADS\CHAT_DROP_ROOT_LOAD_ARCHIVE_20260530_132525\SOURCE_DROP_COPY__HELPER_SCRIPT_GENERATION_BASE_LAYER_GUARD_V1.md","Root drop folder routed to dated source custody: Chat Drop.","BE8F292069FF88C588C2C5B88AABC06D145A8449B88F9735388A85DF47DB7CF9","4378"
"MOVED_ROOT_DROP_FILE_TO_SOURCE_RAW_INTAKE","C:\Users\13527\Desktop\123\Chat Drop\_OLD_LOADS\CHAT_DROP_ROOT_LOAD_ARCHIVE_20260530_132525\SOURCE_DROP_COPY__LOWER_LEVEL_ERROR_POWERPLAY_BREADCRUMB_CHAIN_SUMMARY_V1.md","C:\Users\13527\Desktop\123\Jxhnny_Kl33N_Seedz\COMMAND_CENTER\UI_LANE\ROOT_DROP_INTAKE_20260611\SOURCE_RAW\Chat_Drop\_OLD_LOADS\CHAT_DROP_ROOT_LOAD_ARCHIVE_20260530_132525\SOURCE_DROP_COPY__LOWER_LEVEL_ERROR_POWERPLAY_BREADCRUMB_CHAIN_SUMMARY_V1.md","Root drop folder routed to dated source custody: Chat Drop.","AC6F16881698F7928BDAC3FD79EC85F3221E0BDA2821989FC4EE428258015CE0","15458"
"MOVED_ROOT_DROP_FILE_TO_SOURCE_RAW_INTAKE","C:\Users\13527\Desktop\123\Chat Drop\_OLD_LOADS\CHAT_DROP_ROOT_LOAD_ARCHIVE_20260530_132525\SOURCE_DROP_COPY__LOWER_LEVEL_ERROR_POWERPLAY_FREEZE_AUDIT_SEED_V1.md","C:\Users\13527\Desktop\123\Jxhnny_Kl33N_Seedz\COMMAND_CENTER\UI_LANE\ROOT_DROP_INTAKE_20260611\SOURCE_RAW\Chat_Drop\_OLD_LOADS\CHAT_DROP_ROOT_LOAD_ARCHIVE_20260530_132525\SOURCE_DROP_COPY__LOWER_LEVEL_ERROR_POWERPLAY_FREEZE_AUDIT_SEED_V1.md","Root drop folder routed to dated source custody: Chat Drop.","F29A9AA11A11806FE68DB7B870EF516081D0208A713932021E0F2621C62DCD9C","1785"
"MOVED_ROOT_DROP_FILE_TO_SOURCE_RAW_INTAKE","C:\Users\13527\Desktop\123\Chat Drop\_OLD_LOADS\CHAT_DROP_ROOT_LOAD_ARCHIVE_20260530_132525\SOURCE_DROP_COPY__SCALE_STEP_CHAIN_PROOF_REVIEW_MAX5_TO_MAX10_V1.md","C:\Users\13527\Desktop\123\Jxhnny_Kl33N_Seedz\COMMAND_CENTER\UI_LANE\ROOT_DROP_INTAKE_20260611\SOURCE_RAW\Chat_Drop\_OLD_LOADS\CHAT_DROP_ROOT_LOAD_ARCHIVE_20260530_132525\SOURCE_DROP_COPY__SCALE_STEP_CHAIN_PROOF_REVIEW_MAX5_TO_MAX10_V1.md","Root drop folder routed to dated source custody: Chat Drop.","546E75CA2CF49EDF8AC32007B089274824916A133ECE14EF2BE0FBBECE344B93","4023"
"MOVED_ROOT_DROP_FILE_TO_SOURCE_RAW_INTAKE","C:\Users\13527\Desktop\123\Chat Drop\_OLD_LOADS\CHAT_DROP_ROOT_LOAD_ARCHIVE_20260530_132525\SOURCE_DROP_COPY__SWIFT_SCAN_SOURCE_FIT_AND_GAP_FILL_REPORT_V1.md","C:\Users\13527\Desktop\123\Jxhnny_Kl33N_Seedz\COMMAND_CENTER\UI_LANE\ROOT_DROP_INTAKE_20260611\SOURCE_RAW\Chat_Drop\_OLD_LOADS\CHAT_DROP_ROOT_LOAD_ARCHIVE_20260530_132525\SOURCE_DROP_COPY__SWIFT_SCAN_SOURCE_FIT_AND_GAP_FILL_REPORT_V1.md","Root drop folder routed to dated source custody: Chat Drop.","0DEC8360A59B0E2A7A2C1B9850218FE14C42663C29F4F45532775B4AC1DE7B45","2654"
"MOVED_ROOT_DROP_FILE_TO_SOURCE_RAW_INTAKE","C:\Users\13527\Desktop\123\Chat Drop\_OLD_LOADS\CHAT_DROP_ROOT_LOAD_ARCHIVE_20260530_132525\SOURCE_DROP_COPY__TRIPLE_CHECK_BEFORE_RESEND_HARDENING_ORDER_V1.md","C:\Users\13527\Desktop\123\Jxhnny_Kl33N_Seedz\COMMAND_CENTER\UI_LANE\ROOT_DROP_INTAKE_20260611\SOURCE_RAW\Chat_Drop\_OLD_LOADS\CHAT_DROP_ROOT_LOAD_ARCHIVE_20260530_132525\SOURCE_DROP_COPY__TRIPLE_CHECK_BEFORE_RESEND_HARDENING_ORDER_V1.md","Root drop folder routed to dated source custody: Chat Drop.","52EAADCF7B4C0C7FF34B88A67B582B210786B2E01744AE26A083BC15555B5131","8495"
"MOVED_ROOT_DROP_FILE_TO_SOURCE_RAW_INTAKE","C:\Users\13527\Desktop\123\Chat Drop\_SYNC_REPORTS\CHAT_DROP_SYNC_NEWEST_CURRENT_REPORT_20260530_080146.md","C:\Users\13527\Desktop\123\Jxhnny_Kl33N_Seedz\COMMAND_CENTER\UI_LANE\ROOT_DROP_INTAKE_20260611\SOURCE_RAW\Chat_Drop\_SYNC_REPORTS\CHAT_DROP_SYNC_NEWEST_CURRENT_REPORT_20260530_080146.md","Root drop folder routed to dated source custody: Chat Drop.","DDF95DB79E4FD551B24CC9851F256DFF96F966C25D3EF76B246C0975EA2B4EDD","6355"
"MOVED_ROOT_DROP_FILE_TO_SOURCE_RAW_INTAKE","C:\Users\13527\Desktop\123\Chat Drop\_SYNC_REPORTS\CHAT_DROP_SYNC_RECEIPT__HOUSE_SEMANTIC_NERVOUS_SYSTEM_CUSTODY_ANCHOR_ADDENDUM_20260607.md","C:\Users\13527\Desktop\123\Jxhnny_Kl33N_Seedz\COMMAND_CENTER\UI_LANE\ROOT_DROP_INTAKE_20260611\SOURCE_RAW\Chat_Drop\_SYNC_REPORTS\CHAT_DROP_SYNC_RECEIPT__HOUSE_SEMANTIC_NERVOUS_SYSTEM_CUSTODY_ANCHOR_ADDENDUM_20260607.md","Root drop folder routed to dated source custody: Chat Drop.","F878A27675D01EDDFA87CAC5B7E0C563F21BC59D3E47FA4FBB64E550FE824020","1338"
"REMOVED_EMPTY_ROOT_FOLDER","C:\Users\13527\Desktop\123\Chat Drop\_SYNC_REPORTS","","Empty after verified routing.","","0"
"REMOVED_EMPTY_ROOT_FOLDER","C:\Users\13527\Desktop\123\Chat Drop\_OLD_LOADS\CHAT_DROP_ROOT_LOAD_ARCHIVE_20260530_132525","","Empty after verified routing.","","0"
"REMOVED_EMPTY_ROOT_FOLDER","C:\Users\13527\Desktop\123\Chat Drop\_OLD_LOADS","","Empty after verified routing.","","0"
"REMOVED_EMPTY_ROOT_FOLDER","C:\Users\13527\Desktop\123\Chat Drop\_CLEANUP_REPORTS","","Empty after verified routing.","","0"
"REMOVED_EMPTY_ROOT_FOLDER","C:\Users\13527\Desktop\123\Chat Drop","","Empty after verified routing.","","0"
"MOVED_ROOT_DROP_FILE_TO_SOURCE_RAW_INTAKE","C:\Users\13527\Desktop\123\_OLD_LOADS\SCRIPT_RUNNERS\BUILD\BUILD_GENERATED_RUNNER_SAFE_TEMPLATE_RULE_CARD_20260608.ps1","C:\Users\13527\Desktop\123\Jxhnny_Kl33N_Seedz\COMMAND_CENTER\UI_LANE\ROOT_DROP_INTAKE_20260611\SOURCE_RAW\_OLD_LOADS\SCRIPT_RUNNERS\BUILD\BUILD_GENERATED_RUNNER_SAFE_TEMPLATE_RULE_CARD_20260608.ps1","Root drop folder routed to dated source custody: _OLD_LOADS.","2B1165E74B2E47ABFA9AE540883AF0DC499117199E0A89E0AAE87B0B6CD31624","11258"
"MOVED_ROOT_DROP_FILE_TO_SOURCE_RAW_INTAKE","C:\Users\13527\Desktop\123\_OLD_LOADS\SCRIPT_RUNNERS\BUILD\BUILD_HELPER_FILE_SURFACE_PREFLIGHT_LANE_CLOSEOUT_CARD_20260608.ps1","C:\Users\13527\Desktop\123\Jxhnny_Kl33N_Seedz\COMMAND_CENTER\UI_LANE\ROOT_DROP_INTAKE_20260611\SOURCE_RAW\_OLD_LOADS\SCRIPT_RUNNERS\BUILD\BUILD_HELPER_FILE_SURFACE_PREFLIGHT_LANE_CLOSEOUT_CARD_20260608.ps1","Root drop folder routed to dated source custody: _OLD_LOADS.","217A470DE672935AC0ABAA495B81C418DAF7D9C6FD8524E0913E8C3EFC0B352E","12450"
"MOVED_ROOT_DROP_FILE_TO_SOURCE_RAW_INTAKE","C:\Users\13527\Desktop\123\_OLD_LOADS\SCRIPT_RUNNERS\BUILD\BUILD_PLANETARY_GATE_HELPER_FILE_SURFACE_PREFLIGHT_CLOSEOUT_OR_NEXT_SELECTOR_20260608.ps1","C:\Users\13527\Desktop\123\Jxhnny_Kl33N_Seedz\COMMAND_CENTER\UI_LANE\ROOT_DROP_INTAKE_20260611\SOURCE_RAW\_OLD_LOADS\SCRIPT_RUNNERS\BUILD\BUILD_PLANETARY_GATE_HELPER_FILE_SURFACE_PREFLIGHT_CLOSEOUT_OR_NEXT_SELECTOR_20260608.ps1","Root drop folder routed to dated source custody: _OLD_LOADS.","00F9CEF7A13E82E989D341BDBE78C8E72E02D2278B9FBBF8745E73DDA07B00B8","16038"
"MOVED_ROOT_DROP_FILE_TO_SOURCE_RAW_INTAKE","C:\Users\13527\Desktop\123\_OLD_LOADS\SCRIPT_RUNNERS\BUILD\BUILD_PLANETARY_GATE_NEXT_OBJECT_SELECTOR_FROM_HELPER_FILE_SURFACE_PREFLIGHT_20260608_HEAVY_BOUNDARY.ps1","C:\Users\13527\Desktop\123\Jxhnny_Kl33N_Seedz\COMMAND_CENTER\UI_LANE\ROOT_DROP_INTAKE_20260611\SOURCE_RAW\_OLD_LOADS\SCRIPT_RUNNERS\BUILD\BUILD_PLANETARY_GATE_NEXT_OBJECT_SELECTOR_FROM_HELPER_FILE_SURFACE_PREFLIGHT_20260608_HEAVY_BOUNDARY.ps1","Root drop folder routed to dated source custody: _OLD_LOADS.","E89506CAA20C61CA656A8938276A7013AE3915D3E7E26D44BE6C45FFDD932628","12873"
"MOVED_ROOT_DROP_FILE_TO_SOURCE_RAW_INTAKE","C:\Users\13527\Desktop\123\_OLD_LOADS\SCRIPT_RUNNERS\BUILD\BUILD_ROOT_DROP_INTAKE_WASHER_HELPER_CANDIDATE_OPTION_SET_20260608.ps1","C:\Users\13527\Desktop\123\Jxhnny_Kl33N_Seedz\COMMAND_CENTER\UI_LANE\ROOT_DROP_INTAKE_20260611\SOURCE_RAW\_OLD_LOADS\SCRIPT_RUNNERS\BUILD\BUILD_ROOT_DROP_INTAKE_WASHER_HELPER_CANDIDATE_OPTION_SET_20260608.ps1","Root drop folder routed to dated source custody: _OLD_LOADS.","978BBF7777416A53B41F5667B0BDB0F3DBB52FC58F6D079D4DC4AFEE3F0BB40C","17456"
"MOVED_ROOT_DROP_FILE_TO_SOURCE_RAW_INTAKE","C:\Users\13527\Desktop\123\_OLD_LOADS\SCRIPT_RUNNERS\BUILD\BUILD_ROOT_DROP_INTAKE_WASHER_OLD_LOAD_OR_SYSTEM_OPTION_SET_V0_2_20260608.ps1","C:\Users\13527\Desktop\123\Jxhnny_Kl33N_Seedz\COMMAND_CENTER\UI_LANE\ROOT_DROP_INTAKE_20260611\SOURCE_RAW\_OLD_LOADS\SCRIPT_RUNNERS\BUILD\BUILD_ROOT_DROP_INTAKE_WASHER_OLD_LOAD_OR_SYSTEM_OPTION_SET_V0_2_20260608.ps1","Root drop folder routed to dated source custody: _OLD_LOADS.","BC8B975998FDE49582AF1D626494274060F657DA88608174C4A020CF002E17FB","25278"
"MOVED_ROOT_DROP_FILE_TO_SOURCE_RAW_INTAKE","C:\Users\13527\Desktop\123\_OLD_LOADS\SCRIPT_RUNNERS\BUILD\BUILD_ROOT_DROP_INTAKE_WASHER_QUEUE_CLOSEOUT_AND_NEXT_ACTION_CARD_20260608.ps1","C:\Users\13527\Desktop\123\Jxhnny_Kl33N_Seedz\COMMAND_CENTER\UI_LANE\ROOT_DROP_INTAKE_20260611\SOURCE_RAW\_OLD_LOADS\SCRIPT_RUNNERS\BUILD\BUILD_ROOT_DROP_INTAKE_WASHER_QUEUE_CLOSEOUT_AND_NEXT_ACTION_CARD_20260608.ps1","Root drop folder routed to dated source custody: _OLD_LOADS.","6C6C2CCD07CFBD8AECB58BE5D1B414F62981B4FD3627C4A42BF21B7F8724BBD8","26266"
"MOVED_ROOT_DROP_FILE_TO_SOURCE_RAW_INTAKE","C:\Users\13527\Desktop\123\_OLD_LOADS\SCRIPT_RUNNERS\BUILD\BUILD_ROOT_DROP_INTAKE_WASHER_REVIEW_QUEUE_20260608.ps1","C:\Users\13527\Desktop\123\Jxhnny_Kl33N_Seedz\COMMAND_CENTER\UI_LANE\ROOT_DROP_INTAKE_20260611\SOURCE_RAW\_OLD_LOADS\SCRIPT_RUNNERS\BUILD\BUILD_ROOT_DROP_INTAKE_WASHER_REVIEW_QUEUE_20260608.ps1","Root drop folder routed to dated source custody: _OLD_LOADS.","46B5C36ED5DD0F81B461D31451BA43FE792E6C108ABAC08C459C31B2D28E70CB","14741"
"MOVED_ROOT_DROP_FILE_TO_SOURCE_RAW_INTAKE","C:\Users\13527\Desktop\123\_OLD_LOADS\SCRIPT_RUNNERS\BUILD\BUILD_ROOT_DROP_INTAKE_WASHER_REVIEW_QUEUE_SUMMARY_AND_OPTION_SET_20260608.ps1","C:\Users\13527\Desktop\123\Jxhnny_Kl33N_Seedz\COMMAND_CENTER\UI_LANE\ROOT_DROP_INTAKE_20260611\SOURCE_RAW\_OLD_LOADS\SCRIPT_RUNNERS\BUILD\BUILD_ROOT_DROP_INTAKE_WASHER_REVIEW_QUEUE_SUMMARY_AND_OPTION_SET_20260608.ps1","Root drop folder routed to dated source custody: _OLD_LOADS.","209B743FA6CE50DA1E5382134BFCFE19DED84C08C04B35817C9ABD83E5FC6A59","14686"
"MOVED_ROOT_DROP_FILE_TO_SOURCE_RAW_INTAKE","C:\Users\13527\Desktop\123\_OLD_LOADS\SCRIPT_RUNNERS\BUILD\BUILD_ROOT_DROP_INTAKE_WASHER_SOURCE_AUTHORITY_CANDIDATE_OPTION_SET_20260608.ps1","C:\Users\13527\Desktop\123\Jxhnny_Kl33N_Seedz\COMMAND_CENTER\UI_LANE\ROOT_DROP_INTAKE_20260611\SOURCE_RAW\_OLD_LOADS\SCRIPT_RUNNERS\BUILD\BUILD_ROOT_DROP_INTAKE_WASHER_SOURCE_AUTHORITY_CANDIDATE_OPTION_SET_20260608.ps1","Root drop folder routed to dated source custody: _OLD_LOADS.","FA00C5CC12E68C932890B6BD79AF051F8710B878553E9C26CE905C56DB902AD4","15442"
"MOVED_ROOT_DROP_FILE_TO_SOURCE_RAW_INTAKE","C:\Users\13527\Desktop\123\_OLD_LOADS\SCRIPT_RUNNERS\BUILD\BUILD_ROOT_DROP_INTAKE_WASHER_SUPPORT_CANDIDATE_OPTION_SET_20260608.ps1","C:\Users\13527\Desktop\123\Jxhnny_Kl33N_Seedz\COMMAND_CENTER\UI_LANE\ROOT_DROP_INTAKE_20260611\SOURCE_RAW\_OLD_LOADS\SCRIPT_RUNNERS\BUILD\BUILD_ROOT_DROP_INTAKE_WASHER_SUPPORT_CANDIDATE_OPTION_SET_20260608.ps1","Root drop folder routed to dated source custody: _OLD_LOADS.","4D020C550899629BDDF01B0C493798585C86545167542AB9F4B44DDF861F6813","20469"
"MOVED_ROOT_DROP_FILE_TO_SOURCE_RAW_INTAKE","C:\Users\13527\Desktop\123\_OLD_LOADS\SCRIPT_RUNNERS\BUILD\BUILD_ROOT_DROP_INTAKE_WASHER_SUPPORT_CANDIDATE_OPTION_SET_V0_2_20260608.ps1","C:\Users\13527\Desktop\123\Jxhnny_Kl33N_Seedz\COMMAND_CENTER\UI_LANE\ROOT_DROP_INTAKE_20260611\SOURCE_RAW\_OLD_LOADS\SCRIPT_RUNNERS\BUILD\BUILD_ROOT_DROP_INTAKE_WASHER_SUPPORT_CANDIDATE_OPTION_SET_V0_2_20260608.ps1","Root drop folder routed to dated source custody: _OLD_LOADS.","B40174F150AC0B698484A4F76A30E7CAD844787F9391D03A02053693983F3AAE","27520"
"MOVED_ROOT_DROP_FILE_TO_SOURCE_RAW_INTAKE","C:\Users\13527\Desktop\123\_OLD_LOADS\SCRIPT_RUNNERS\BUILD\BUILD_ROOT_DROP_INTAKE_WASHER_SUPPORT_CARD_SCHEMA_AND_DRY_RUN_20260608.ps1","C:\Users\13527\Desktop\123\Jxhnny_Kl33N_Seedz\COMMAND_CENTER\UI_LANE\ROOT_DROP_INTAKE_20260611\SOURCE_RAW\_OLD_LOADS\SCRIPT_RUNNERS\BUILD\BUILD_ROOT_DROP_INTAKE_WASHER_SUPPORT_CARD_SCHEMA_AND_DRY_RUN_20260608.ps1","Root drop folder routed to dated source custody: _OLD_LOADS.","7BA811323EDB857D1C1F5E808769C8ED0303CA4FF76415A274881927FFAE1604","12544"
"MOVED_ROOT_DROP_FILE_TO_SOURCE_RAW_INTAKE","C:\Users\13527\Desktop\123\_OLD_LOADS\SCRIPT_RUNNERS\BUILD\BUILD_ROOT_HELD_GROUP_ROUTE_OR_HOLD_DECISION_OPTION_SET_V0_2_20260608_HEAVY_BOUNDARY_STOPLINE_FIX_V0_2.ps1","C:\Users\13527\Desktop\123\Jxhnny_Kl33N_Seedz\COMMAND_CENTER\UI_LANE\ROOT_DROP_INTAKE_20260611\SOURCE_RAW\_OLD_LOADS\SCRIPT_RUNNERS\BUILD\BUILD_ROOT_HELD_GROUP_ROUTE_OR_HOLD_DECISION_OPTION_SET_V0_2_20260608_HEAVY_BOUNDARY_STOPLINE_FIX_V0_2.ps1","Root drop folder routed to dated source custody: _OLD_LOADS.","7951D0625B2E168C4C8F3EDF28570F2E2F3D7D969D78472E466CA9763DC48C3C","20404"
"MOVED_ROOT_DROP_FILE_TO_SOURCE_RAW_INTAKE","C:\Users\13527\Desktop\123\_OLD_LOADS\SCRIPT_RUNNERS\BUILD\BUILD_ROOT_HELD_GROUP_ROUTE_OR_HOLD_DECISION_OPTION_SET_V0_2_20260608_HEAVY_BOUNDARY_V0_1.ps1","C:\Users\13527\Desktop\123\Jxhnny_Kl33N_Seedz\COMMAND_CENTER\UI_LANE\ROOT_DROP_INTAKE_20260611\SOURCE_RAW\_OLD_LOADS\SCRIPT_RUNNERS\BUILD\BUILD_ROOT_HELD_GROUP_ROUTE_OR_HOLD_DECISION_OPTION_SET_V0_2_20260608_HEAVY_BOUNDARY_V0_1.ps1","Root drop folder routed to dated source custody: _OLD_LOADS.","31B72B957B3F8DAAB0C7A82174E45EE4F8CB1CB677FF4FBA1694403FA5848F58","20348"
"MOVED_ROOT_DROP_FILE_TO_SOURCE_RAW_INTAKE","C:\Users\13527\Desktop\123\_OLD_LOADS\SCRIPT_RUNNERS\BUILD\BUILD_ROOT_HELD_GROUP_ROUTE_OR_HOLD_DECISION_READ_ONLY_PREP_CARD_20260608_HEAVY_BOUNDARY.ps1","C:\Users\13527\Desktop\123\Jxhnny_Kl33N_Seedz\COMMAND_CENTER\UI_LANE\ROOT_DROP_INTAKE_20260611\SOURCE_RAW\_OLD_LOADS\SCRIPT_RUNNERS\BUILD\BUILD_ROOT_HELD_GROUP_ROUTE_OR_HOLD_DECISION_READ_ONLY_PREP_CARD_20260608_HEAVY_BOUNDARY.ps1","Root drop folder routed to dated source custody: _OLD_LOADS.","FEF55DD8FDB42CC37A3BF4F7210F74CF05B28E8EC86F433856BC13A5BBA8260A","16397"
"MOVED_ROOT_DROP_FILE_TO_SOURCE_RAW_INTAKE","C:\Users\13527\Desktop\123\_OLD_LOADS\SCRIPT_RUNNERS\BUILD\BUILD_ROOT_HELD_GROUP_ROUTE_OR_HOLD_DECISION_READ_ONLY_PREP_CARD_V0_2_WITH_STRESS_BENCH_20260608_HEAVY_BOUNDARY.ps1","C:\Users\13527\Desktop\123\Jxhnny_Kl33N_Seedz\COMMAND_CENTER\UI_LANE\ROOT_DROP_INTAKE_20260611\SOURCE_RAW\_OLD_LOADS\SCRIPT_RUNNERS\BUILD\BUILD_ROOT_HELD_GROUP_ROUTE_OR_HOLD_DECISION_READ_ONLY_PREP_CARD_V0_2_WITH_STRESS_BENCH_20260608_HEAVY_BOUNDARY.ps1","Root drop folder routed to dated source custody: _OLD_LOADS.","CD2FE911BFCFFDDC7BB771DF6AA0A9CAA04D58F1B6CF7B0DE64E13F8F07D927F","24029"
"MOVED_ROOT_DROP_FILE_TO_SOURCE_RAW_INTAKE","C:\Users\13527\Desktop\123\_OLD_LOADS\SCRIPT_RUNNERS\BUILD\BUILD_ROOT_HELD_GROUP_ROUTE_OR_HOLD_DECISION_READ_ONLY_PREP_CARD_V0_2_WITH_STRESS_BENCH_RUNNER_FIX_V0_3_20260608_HEAVY_BOUNDARY.ps1","C:\Users\13527\Desktop\123\Jxhnny_Kl33N_Seedz\COMMAND_CENTER\UI_LANE\ROOT_DROP_INTAKE_20260611\SOURCE_RAW\_OLD_LOADS\SCRIPT_RUNNERS\BUILD\BUILD_ROOT_HELD_GROUP_ROUTE_OR_HOLD_DECISION_READ_ONLY_PREP_CARD_V0_2_WITH_STRESS_BENCH_RUNNER_FIX_V0_3_20260608_HEAVY_BOUNDARY.ps1","Root drop folder routed to dated source custody: _OLD_LOADS.","F72EA2099E6ECFEC026D88117F071E8102A702E3FD5DD38414E144283B80BBE1","24117"
"MOVED_ROOT_DROP_FILE_TO_SOURCE_RAW_INTAKE","C:\Users\13527\Desktop\123\_OLD_LOADS\SCRIPT_RUNNERS\BUILD\BUILD_ROOT_HELD_GROUP_ROUTE_OR_HOLD_DECISION_READ_ONLY_REVIEW_20260608_HEAVY_BOUNDARY_V0_2.ps1","C:\Users\13527\Desktop\123\Jxhnny_Kl33N_Seedz\COMMAND_CENTER\UI_LANE\ROOT_DROP_INTAKE_20260611\SOURCE_RAW\_OLD_LOADS\SCRIPT_RUNNERS\BUILD\BUILD_ROOT_HELD_GROUP_ROUTE_OR_HOLD_DECISION_READ_ONLY_REVIEW_20260608_HEAVY_BOUNDARY_V0_2.ps1","Root drop folder routed to dated source custody: _OLD_LOADS.","E71332938075FFF5B5813162D367A518F1158D36130FCD992F8E46079D21A334","28717"
"MOVED_ROOT_DROP_FILE_TO_SOURCE_RAW_INTAKE","C:\Users\13527\Desktop\123\_OLD_LOADS\SCRIPT_RUNNERS\BUILD\BUILD_ROOT_HELD_GROUP_ROUTE_OR_HOLD_DECISION_READ_ONLY_REVIEW_20260608_HEAVY_BOUNDARY_V0_3.ps1","C:\Users\13527\Desktop\123\Jxhnny_Kl33N_Seedz\COMMAND_CENTER\UI_LANE\ROOT_DROP_INTAKE_20260611\SOURCE_RAW\_OLD_LOADS\SCRIPT_RUNNERS\BUILD\BUILD_ROOT_HELD_GROUP_ROUTE_OR_HOLD_DECISION_READ_ONLY_REVIEW_20260608_HEAVY_BOUNDARY_V0_3.ps1","Root drop folder routed to dated source custody: _OLD_LOADS.","ACB8CCB3EB2035610A5E1A47B2F0E29E55CB5F388FEF54A6E3F8CFF5EC1C7F09","28726"
"MOVED_ROOT_DROP_FILE_TO_SOURCE_RAW_INTAKE","C:\Users\13527\Desktop\123\_OLD_LOADS\SCRIPT_RUNNERS\BUILD\BUILD_ROOT_HELD_GROUP_ROUTE_OR_HOLD_DECISION_READ_ONLY_REVIEW_20260608_HEAVY_BOUNDARY.ps1","C:\Users\13527\Desktop\123\Jxhnny_Kl33N_Seedz\COMMAND_CENTER\UI_LANE\ROOT_DROP_INTAKE_20260611\SOURCE_RAW\_OLD_LOADS\SCRIPT_RUNNERS\BUILD\BUILD_ROOT_HELD_GROUP_ROUTE_OR_HOLD_DECISION_READ_ONLY_REVIEW_20260608_HEAVY_BOUNDARY.ps1","Root drop folder routed to dated source custody: _OLD_LOADS.","1C83C906A72C9471D28281062D6695F7BAB0D008DCFC732C700F95E87E3DFF8A","27807"
"MOVED_ROOT_DROP_FILE_TO_SOURCE_RAW_INTAKE","C:\Users\13527\Desktop\123\_OLD_LOADS\SCRIPT_RUNNERS\BUILD\BUILD_ROOT_HELD_GROUP_ROUTE_OR_HOLD_DECISION_READ_ONLY_REVIEW_V0_2_20260608_HEAVY_BOUNDARY.ps1","C:\Users\13527\Desktop\123\Jxhnny_Kl33N_Seedz\COMMAND_CENTER\UI_LANE\ROOT_DROP_INTAKE_20260611\SOURCE_RAW\_OLD_LOADS\SCRIPT_RUNNERS\BUILD\BUILD_ROOT_HELD_GROUP_ROUTE_OR_HOLD_DECISION_READ_ONLY_REVIEW_V0_2_20260608_HEAVY_BOUNDARY.ps1","Root drop folder routed to dated source custody: _OLD_LOADS.","6F10513E2CF9C7E170EE915C74AF342048A18AC1C9ED543F2A9D85768E1D01FB","32320"
"MOVED_ROOT_DROP_FILE_TO_SOURCE_RAW_INTAKE","C:\Users\13527\Desktop\123\_OLD_LOADS\SCRIPT_RUNNERS\BUILD\BUILD_ROOT_HELD_GROUP_SCRIPT_CUSTODY_REVIEW_QUEUE_V0_1_20260608_HEAVY_BOUNDARY_V0_1.ps1","C:\Users\13527\Desktop\123\Jxhnny_Kl33N_Seedz\COMMAND_CENTER\UI_LANE\ROOT_DROP_INTAKE_20260611\SOURCE_RAW\_OLD_LOADS\SCRIPT_RUNNERS\BUILD\BUILD_ROOT_HELD_GROUP_SCRIPT_CUSTODY_REVIEW_QUEUE_V0_1_20260608_HEAVY_BOUNDARY_V0_1.ps1","Root drop folder routed to dated source custody: _OLD_LOADS.","9D67F89DA9D32D0AD7DEDE9918702A0C63A41DBFD0579263F52FE9D9C30901D8","26916"
"MOVED_ROOT_DROP_FILE_TO_SOURCE_RAW_INTAKE","C:\Users\13527\Desktop\123\_OLD_LOADS\SCRIPT_RUNNERS\OTHER\FIELD_APPLY_GENERATED_RUNNER_SAFE_TEMPLATE_RULE_CARD_20260608.ps1","C:\Users\13527\Desktop\123\Jxhnny_Kl33N_Seedz\COMMAND_CENTER\UI_LANE\ROOT_DROP_INTAKE_20260611\SOURCE_RAW\_OLD_LOADS\SCRIPT_RUNNERS\OTHER\FIELD_APPLY_GENERATED_RUNNER_SAFE_TEMPLATE_RULE_CARD_20260608.ps1","Root drop folder routed to dated source custody: _OLD_LOADS.","47CB61434C57B35ACF64378C87BD7E6EE7CA7A7A8DC08A18468BFEDD22F3E5EB","11057"
"MOVED_ROOT_DROP_FILE_TO_SOURCE_RAW_INTAKE","C:\Users\13527\Desktop\123\_OLD_LOADS\SCRIPT_RUNNERS\OTHER\FIELD_APPLY_GENERATED_RUNNER_SAFE_TEMPLATE_RULE_CARD_V0_2_20260608.ps1","C:\Users\13527\Desktop\123\Jxhnny_Kl33N_Seedz\COMMAND_CENTER\UI_LANE\ROOT_DROP_INTAKE_20260611\SOURCE_RAW\_OLD_LOADS\SCRIPT_RUNNERS\OTHER\FIELD_APPLY_GENERATED_RUNNER_SAFE_TEMPLATE_RULE_CARD_V0_2_20260608.ps1","Root drop folder routed to dated source custody: _OLD_LOADS.","8EC9358F731D2B79DAC7471D18F02517881E3D0F8356B9F636D429E04743EE02","16899"
"MOVED_ROOT_DROP_FILE_TO_SOURCE_RAW_INTAKE","C:\Users\13527\Desktop\123\_OLD_LOADS\SCRIPT_RUNNERS\OTHER\FIELD_APPLY_GENERATED_RUNNER_SAFE_TEMPLATE_RULE_CARD_V0_3_20260608.ps1","C:\Users\13527\Desktop\123\Jxhnny_Kl33N_Seedz\COMMAND_CENTER\UI_LANE\ROOT_DROP_INTAKE_20260611\SOURCE_RAW\_OLD_LOADS\SCRIPT_RUNNERS\OTHER\FIELD_APPLY_GENERATED_RUNNER_SAFE_TEMPLATE_RULE_CARD_V0_3_20260608.ps1","Root drop folder routed to dated source custody: _OLD_LOADS.","D28EFBA23CD026B667DB17B0A2B48C6533F41F5F313C18BD6AB70A5705CA440A","20225"
"MOVED_ROOT_DROP_FILE_TO_SOURCE_RAW_INTAKE","C:\Users\13527\Desktop\123\_OLD_LOADS\SCRIPT_RUNNERS\OTHER\FREEZE_GENERATED_RUNNER_DEEP_LAYER_AND_WRITE_SAFE_GIT_RUNNER_20260608.ps1","C:\Users\13527\Desktop\123\Jxhnny_Kl33N_Seedz\COMMAND_CENTER\UI_LANE\ROOT_DROP_INTAKE_20260611\SOURCE_RAW\_OLD_LOADS\SCRIPT_RUNNERS\OTHER\FREEZE_GENERATED_RUNNER_DEEP_LAYER_AND_WRITE_SAFE_GIT_RUNNER_20260608.ps1","Root drop folder routed to dated source custody: _OLD_LOADS.","2382BA97B226FD4B56374C7D6576815C346FE1420177D27CC60F271D60A22514","18746"
"MOVED_ROOT_DROP_FILE_TO_SOURCE_RAW_INTAKE","C:\Users\13527\Desktop\123\_OLD_LOADS\SCRIPT_RUNNERS\OTHER\FREEZE_GIT_SNAPSHOT_NO_WORKTREE_AND_WRITE_FIXED_RUNNER_20260608.ps1","C:\Users\13527\Desktop\123\Jxhnny_Kl33N_Seedz\COMMAND_CENTER\UI_LANE\ROOT_DROP_INTAKE_20260611\SOURCE_RAW\_OLD_LOADS\SCRIPT_RUNNERS\OTHER\FREEZE_GIT_SNAPSHOT_NO_WORKTREE_AND_WRITE_FIXED_RUNNER_20260608.ps1","Root drop folder routed to dated source custody: _OLD_LOADS.","35F243A1B427ABCDD98A84EE34B68D875BD8DFE3FBE12CB40E145F6CB035BC06","15873"
"MOVED_ROOT_DROP_FILE_TO_SOURCE_RAW_INTAKE","C:\Users\13527\Desktop\123\_OLD_LOADS\SCRIPT_RUNNERS\ROUGH_LOCAL_IMPORT\ROUGH_LOCAL_IMPORT_GENERATED_RUNNER_SAFE_TEMPLATE_RULE_CARD_CHAIN_20260608.ps1","C:\Users\13527\Desktop\123\Jxhnny_Kl33N_Seedz\COMMAND_CENTER\UI_LANE\ROOT_DROP_INTAKE_20260611\SOURCE_RAW\_OLD_LOADS\SCRIPT_RUNNERS\ROUGH_LOCAL_IMPORT\ROUGH_LOCAL_IMPORT_GENERATED_RUNNER_SAFE_TEMPLATE_RULE_CARD_CHAIN_20260608.ps1","Root drop folder routed to dated source custody: _OLD_LOADS.","8FE2AB5E9988270652F9E536672E5527C2F779806E021DD42F9BBCAEB4267392","15160"
"MOVED_ROOT_DROP_FILE_TO_SOURCE_RAW_INTAKE","C:\Users\13527\Desktop\123\_OLD_LOADS\SCRIPT_RUNNERS\ROUGH_LOCAL_IMPORT\ROUGH_LOCAL_IMPORT_HELPER_FILE_SURFACE_PREFLIGHT_LANE_CLOSEOUT_20260608_HEAVY_BOUNDARY.ps1","C:\Users\13527\Desktop\123\Jxhnny_Kl33N_Seedz\COMMAND_CENTER\UI_LANE\ROOT_DROP_INTAKE_20260611\SOURCE_RAW\_OLD_LOADS\SCRIPT_RUNNERS\ROUGH_LOCAL_IMPORT\ROUGH_LOCAL_IMPORT_HELPER_FILE_SURFACE_PREFLIGHT_LANE_CLOSEOUT_20260608_HEAVY_BOUNDARY.ps1","Root drop folder routed to dated source custody: _OLD_LOADS.","8802C73E7027544188ADCB4C960FB4036F1A6FCBB3632893EED627E2E8C23D66","14542"
"MOVED_ROOT_DROP_FILE_TO_SOURCE_RAW_INTAKE","C:\Users\13527\Desktop\123\_OLD_LOADS\SCRIPT_RUNNERS\ROUGH_LOCAL_IMPORT\ROUGH_LOCAL_IMPORT_ROOT_DROP_INTAKE_WASHER_HELPER_CANDIDATE_OPTION_SET_20260608.ps1","C:\Users\13527\Desktop\123\Jxhnny_Kl33N_Seedz\COMMAND_CENTER\UI_LANE\ROOT_DROP_INTAKE_20260611\SOURCE_RAW\_OLD_LOADS\SCRIPT_RUNNERS\ROUGH_LOCAL_IMPORT\ROUGH_LOCAL_IMPORT_ROOT_DROP_INTAKE_WASHER_HELPER_CANDIDATE_OPTION_SET_20260608.ps1","Root drop folder routed to dated source custody: _OLD_LOADS.","9D0A9CFA4574E0326E7FDD9FA49B26BA5D5F33DDCDF2953F13C5E5B0BAE3A9EA","14989"
"MOVED_ROOT_DROP_FILE_TO_SOURCE_RAW_INTAKE","C:\Users\13527\Desktop\123\_OLD_LOADS\SCRIPT_RUNNERS\ROUGH_LOCAL_IMPORT\ROUGH_LOCAL_IMPORT_ROOT_DROP_INTAKE_WASHER_OLD_LOAD_OR_SYSTEM_OPTION_SET_V0_2_20260608.ps1","C:\Users\13527\Desktop\123\Jxhnny_Kl33N_Seedz\COMMAND_CENTER\UI_LANE\ROOT_DROP_INTAKE_20260611\SOURCE_RAW\_OLD_LOADS\SCRIPT_RUNNERS\ROUGH_LOCAL_IMPORT\ROUGH_LOCAL_IMPORT_ROOT_DROP_INTAKE_WASHER_OLD_LOAD_OR_SYSTEM_OPTION_SET_V0_2_20260608.ps1","Root drop folder routed to dated source custody: _OLD_LOADS.","73D1A1CE5F20981C27D14646A8973E88E8327780C355E7ED3708ACDC52D77E66","19861"
"MOVED_ROOT_DROP_FILE_TO_SOURCE_RAW_INTAKE","C:\Users\13527\Desktop\123\_OLD_LOADS\SCRIPT_RUNNERS\ROUGH_LOCAL_IMPORT\ROUGH_LOCAL_IMPORT_ROOT_DROP_INTAKE_WASHER_QUEUE_CLOSEOUT_20260608.ps1","C:\Users\13527\Desktop\123\Jxhnny_Kl33N_Seedz\COMMAND_CENTER\UI_LANE\ROOT_DROP_INTAKE_20260611\SOURCE_RAW\_OLD_LOADS\SCRIPT_RUNNERS\ROUGH_LOCAL_IMPORT\ROUGH_LOCAL_IMPORT_ROOT_DROP_INTAKE_WASHER_QUEUE_CLOSEOUT_20260608.ps1","Root drop folder routed to dated source custody: _OLD_LOADS.","1FD33AB93FA7108DE6019ACDA6AA37D8C7307AC9452FC53EF4836174DB398E26","18057"
"MOVED_ROOT_DROP_FILE_TO_SOURCE_RAW_INTAKE","C:\Users\13527\Desktop\123\_OLD_LOADS\SCRIPT_RUNNERS\ROUGH_LOCAL_IMPORT\ROUGH_LOCAL_IMPORT_ROOT_DROP_INTAKE_WASHER_SOURCE_AUTHORITY_CANDIDATE_OPTION_SET_20260608.ps1","C:\Users\13527\Desktop\123\Jxhnny_Kl33N_Seedz\COMMAND_CENTER\UI_LANE\ROOT_DROP_INTAKE_20260611\SOURCE_RAW\_OLD_LOADS\SCRIPT_RUNNERS\ROUGH_LOCAL_IMPORT\ROUGH_LOCAL_IMPORT_ROOT_DROP_INTAKE_WASHER_SOURCE_AUTHORITY_CANDIDATE_OPTION_SET_20260608.ps1","Root drop folder routed to dated source custody: _OLD_LOADS.","A82E3EE971BA0B849D4DDE728D87B579DB598B601B3346E54D52BCB9D4308006","16559"
"MOVED_ROOT_DROP_FILE_TO_SOURCE_RAW_INTAKE","C:\Users\13527\Desktop\123\_OLD_LOADS\SCRIPT_RUNNERS\ROUGH_LOCAL_IMPORT\ROUGH_LOCAL_IMPORT_ROOT_DROP_INTAKE_WASHER_SUPPORT_CANDIDATE_OPTION_SET_V0_2_20260608.ps1","C:\Users\13527\Desktop\123\Jxhnny_Kl33N_Seedz\COMMAND_CENTER\UI_LANE\ROOT_DROP_INTAKE_20260611\SOURCE_RAW\_OLD_LOADS\SCRIPT_RUNNERS\ROUGH_LOCAL_IMPORT\ROUGH_LOCAL_IMPORT_ROOT_DROP_INTAKE_WASHER_SUPPORT_CANDIDATE_OPTION_SET_V0_2_20260608.ps1","Root drop folder routed to dated source custody: _OLD_LOADS.","05C58FBA77B1300A9C10FC8E9A8AD31AC613C61C1138E1D16E202E51207800B8","18632"
"MOVED_ROOT_DROP_FILE_TO_SOURCE_RAW_INTAKE","C:\Users\13527\Desktop\123\_OLD_LOADS\SCRIPT_RUNNERS\ROUGH_LOCAL_IMPORT\ROUGH_LOCAL_IMPORT_ROOT_DROP_INTAKE_WASHER_SUPPORT_CARD_SCHEMA_CHAIN_20260608.ps1","C:\Users\13527\Desktop\123\Jxhnny_Kl33N_Seedz\COMMAND_CENTER\UI_LANE\ROOT_DROP_INTAKE_20260611\SOURCE_RAW\_OLD_LOADS\SCRIPT_RUNNERS\ROUGH_LOCAL_IMPORT\ROUGH_LOCAL_IMPORT_ROOT_DROP_INTAKE_WASHER_SUPPORT_CARD_SCHEMA_CHAIN_20260608.ps1","Root drop folder routed to dated source custody: _OLD_LOADS.","53FB0E7C5B82476E94FDD19AB1361912F2B3798BE1DDE5CCBC7A69416AE4176E","15266"
"MOVED_ROOT_DROP_FILE_TO_SOURCE_RAW_INTAKE","C:\Users\13527\Desktop\123\_OLD_LOADS\SCRIPT_RUNNERS\ROUGH_LOCAL_IMPORT\ROUGH_LOCAL_IMPORT_ROOT_HELD_GROUP_OPTION_SET_V0_2_20260608_HEAVY_BOUNDARY_SIGNAL_FIX_V0_2.ps1","C:\Users\13527\Desktop\123\Jxhnny_Kl33N_Seedz\COMMAND_CENTER\UI_LANE\ROOT_DROP_INTAKE_20260611\SOURCE_RAW\_OLD_LOADS\SCRIPT_RUNNERS\ROUGH_LOCAL_IMPORT\ROUGH_LOCAL_IMPORT_ROOT_HELD_GROUP_OPTION_SET_V0_2_20260608_HEAVY_BOUNDARY_SIGNAL_FIX_V0_2.ps1","Root drop folder routed to dated source custody: _OLD_LOADS.","5756AA7D2DFEAA02B807796557BDDB111F47788B30B09C79733266D59EDA6DC3","18051"
"MOVED_ROOT_DROP_FILE_TO_SOURCE_RAW_INTAKE","C:\Users\13527\Desktop\123\_OLD_LOADS\SCRIPT_RUNNERS\ROUGH_LOCAL_IMPORT\ROUGH_LOCAL_IMPORT_ROOT_HELD_GROUP_OPTION_SET_V0_2_20260608_HEAVY_BOUNDARY_V0_1.ps1","C:\Users\13527\Desktop\123\Jxhnny_Kl33N_Seedz\COMMAND_CENTER\UI_LANE\ROOT_DROP_INTAKE_20260611\SOURCE_RAW\_OLD_LOADS\SCRIPT_RUNNERS\ROUGH_LOCAL_IMPORT\ROUGH_LOCAL_IMPORT_ROOT_HELD_GROUP_OPTION_SET_V0_2_20260608_HEAVY_BOUNDARY_V0_1.ps1","Root drop folder routed to dated source custody: _OLD_LOADS.","396CF0970ED253757DA5A711B47ABCB74A0D3FCDD62A7957C4CCD88DC025EA1A","18060"
"MOVED_ROOT_DROP_FILE_TO_SOURCE_RAW_INTAKE","C:\Users\13527\Desktop\123\_OLD_LOADS\SCRIPT_RUNNERS\ROUGH_LOCAL_IMPORT\ROUGH_LOCAL_IMPORT_ROOT_HELD_GROUP_READ_ONLY_PREP_CARD_V0_2_WITH_STRESS_BENCH_20260608_HEAVY_BOUNDARY.ps1","C:\Users\13527\Desktop\123\Jxhnny_Kl33N_Seedz\COMMAND_CENTER\UI_LANE\ROOT_DROP_INTAKE_20260611\SOURCE_RAW\_OLD_LOADS\SCRIPT_RUNNERS\ROUGH_LOCAL_IMPORT\ROUGH_LOCAL_IMPORT_ROOT_HELD_GROUP_READ_ONLY_PREP_CARD_V0_2_WITH_STRESS_BENCH_20260608_HEAVY_BOUNDARY.ps1","Root drop folder routed to dated source custody: _OLD_LOADS.","4FDD88D78DEC35114ED1C160435A674CC0080F97F3340079EA00A2A07FAE6CE8","17216"
"MOVED_ROOT_DROP_FILE_TO_SOURCE_RAW_INTAKE","C:\Users\13527\Desktop\123\_OLD_LOADS\SCRIPT_RUNNERS\ROUGH_LOCAL_IMPORT\ROUGH_LOCAL_IMPORT_ROOT_HELD_GROUP_READ_ONLY_PREP_CARD_V0_2_WITH_STRESS_BENCH_SIGNAL_FIX_V0_2_20260608_HEAVY_BOUNDARY.ps1","C:\Users\13527\Desktop\123\Jxhnny_Kl33N_Seedz\COMMAND_CENTER\UI_LANE\ROOT_DROP_INTAKE_20260611\SOURCE_RAW\_OLD_LOADS\SCRIPT_RUNNERS\ROUGH_LOCAL_IMPORT\ROUGH_LOCAL_IMPORT_ROOT_HELD_GROUP_READ_ONLY_PREP_CARD_V0_2_WITH_STRESS_BENCH_SIGNAL_FIX_V0_2_20260608_HEAVY_BOUNDARY.ps1","Root drop folder routed to dated source custody: _OLD_LOADS.","5E59A756A1429325DE9E1A175EBADC539AD0C7539CC1B43C539062621FC56D60","17220"
"MOVED_ROOT_DROP_FILE_TO_SOURCE_RAW_INTAKE","C:\Users\13527\Desktop\123\_OLD_LOADS\SCRIPT_RUNNERS\ROUGH_LOCAL_IMPORT\ROUGH_LOCAL_IMPORT_ROOT_HELD_GROUP_READ_ONLY_REVIEW_V0_2_20260608_HEAVY_BOUNDARY_V0_1.ps1","C:\Users\13527\Desktop\123\Jxhnny_Kl33N_Seedz\COMMAND_CENTER\UI_LANE\ROOT_DROP_INTAKE_20260611\SOURCE_RAW\_OLD_LOADS\SCRIPT_RUNNERS\ROUGH_LOCAL_IMPORT\ROUGH_LOCAL_IMPORT_ROOT_HELD_GROUP_READ_ONLY_REVIEW_V0_2_20260608_HEAVY_BOUNDARY_V0_1.ps1","Root drop folder routed to dated source custody: _OLD_LOADS.","2AF8F4FF02FE6C1D7FE2A55A69EF9E1E6627CC5B099AFAD599AF9CF685A8831C","19320"
"MOVED_ROOT_DROP_FILE_TO_SOURCE_RAW_INTAKE","C:\Users\13527\Desktop\123\_OLD_LOADS\SCRIPT_RUNNERS\ROUGH_LOCAL_IMPORT\ROUGH_LOCAL_IMPORT_ROOT_HELD_GROUP_ROUTE_OR_HOLD_DECISION_READ_ONLY_PREP_CARD_20260608_HEAVY_BOUNDARY.ps1","C:\Users\13527\Desktop\123\Jxhnny_Kl33N_Seedz\COMMAND_CENTER\UI_LANE\ROOT_DROP_INTAKE_20260611\SOURCE_RAW\_OLD_LOADS\SCRIPT_RUNNERS\ROUGH_LOCAL_IMPORT\ROUGH_LOCAL_IMPORT_ROOT_HELD_GROUP_ROUTE_OR_HOLD_DECISION_READ_ONLY_PREP_CARD_20260608_HEAVY_BOUNDARY.ps1","Root drop folder routed to dated source custody: _OLD_LOADS.","084F491FCEA11715DF81F792AC3C88A59A7AA516B03F2351A59286AE27A2FE7A","15907"
"MOVED_ROOT_DROP_FILE_TO_SOURCE_RAW_INTAKE","C:\Users\13527\Desktop\123\_OLD_LOADS\SCRIPT_RUNNERS\RUNNER\RUN_ROOT_DROP_INTAKE_WASHER_HELPER_CANDIDATE_REVIEW_DRY_RUN_20260608.ps1","C:\Users\13527\Desktop\123\Jxhnny_Kl33N_Seedz\COMMAND_CENTER\UI_LANE\ROOT_DROP_INTAKE_20260611\SOURCE_RAW\_OLD_LOADS\SCRIPT_RUNNERS\RUNNER\RUN_ROOT_DROP_INTAKE_WASHER_HELPER_CANDIDATE_REVIEW_DRY_RUN_20260608.ps1","Root drop folder routed to dated source custody: _OLD_LOADS.","83791046F39790C1C36971EA14E6E60BB9B33E03F615C5B4F4EB20C56DFB18A3","20257"
"MOVED_ROOT_DROP_FILE_TO_SOURCE_RAW_INTAKE","C:\Users\13527\Desktop\123\_OLD_LOADS\SCRIPT_RUNNERS\RUNNER\RUN_ROOT_DROP_INTAKE_WASHER_MULTI_FILE_FIELD_TEST_20260608.ps1","C:\Users\13527\Desktop\123\Jxhnny_Kl33N_Seedz\COMMAND_CENTER\UI_LANE\ROOT_DROP_INTAKE_20260611\SOURCE_RAW\_OLD_LOADS\SCRIPT_RUNNERS\RUNNER\RUN_ROOT_DROP_INTAKE_WASHER_MULTI_FILE_FIELD_TEST_20260608.ps1","Root drop folder routed to dated source custody: _OLD_LOADS.","1F50E5F00FF19C112D49189BEF46E175E8862B9F32EADA665F93B8A85368D162","17591"
"MOVED_ROOT_DROP_FILE_TO_SOURCE_RAW_INTAKE","C:\Users\13527\Desktop\123\_OLD_LOADS\SCRIPT_RUNNERS\RUNNER\RUN_ROOT_DROP_INTAKE_WASHER_OLD_LOAD_OR_SYSTEM_REVIEW_DRY_RUN_20260608.ps1","C:\Users\13527\Desktop\123\Jxhnny_Kl33N_Seedz\COMMAND_CENTER\UI_LANE\ROOT_DROP_INTAKE_20260611\SOURCE_RAW\_OLD_LOADS\SCRIPT_RUNNERS\RUNNER\RUN_ROOT_DROP_INTAKE_WASHER_OLD_LOAD_OR_SYSTEM_REVIEW_DRY_RUN_20260608.ps1","Root drop folder routed to dated source custody: _OLD_LOADS.","426B6E5CDE9BFC779F5CE19BBD9D3AC4775430866EB499B0D1B00633B7F164A2","23515"
"MOVED_ROOT_DROP_FILE_TO_SOURCE_RAW_INTAKE","C:\Users\13527\Desktop\123\_OLD_LOADS\SCRIPT_RUNNERS\RUNNER\RUN_ROOT_DROP_INTAKE_WASHER_OLD_LOAD_OR_SYSTEM_REVIEW_DRY_RUN_V0_2_20260608.ps1","C:\Users\13527\Desktop\123\Jxhnny_Kl33N_Seedz\COMMAND_CENTER\UI_LANE\ROOT_DROP_INTAKE_20260611\SOURCE_RAW\_OLD_LOADS\SCRIPT_RUNNERS\RUNNER\RUN_ROOT_DROP_INTAKE_WASHER_OLD_LOAD_OR_SYSTEM_REVIEW_DRY_RUN_V0_2_20260608.ps1","Root drop folder routed to dated source custody: _OLD_LOADS.","4ED1D3AFD0597C3A998CD97C48B98B2449355CF2C579A6177346818C9CE422BD","33100"
"MOVED_ROOT_DROP_FILE_TO_SOURCE_RAW_INTAKE","C:\Users\13527\Desktop\123\_OLD_LOADS\SCRIPT_RUNNERS\RUNNER\RUN_ROOT_DROP_INTAKE_WASHER_SOURCE_AUTHORITY_CANDIDATE_REVIEW_DRY_RUN_20260608.ps1","C:\Users\13527\Desktop\123\Jxhnny_Kl33N_Seedz\COMMAND_CENTER\UI_LANE\ROOT_DROP_INTAKE_20260611\SOURCE_RAW\_OLD_LOADS\SCRIPT_RUNNERS\RUNNER\RUN_ROOT_DROP_INTAKE_WASHER_SOURCE_AUTHORITY_CANDIDATE_REVIEW_DRY_RUN_20260608.ps1","Root drop folder routed to dated source custody: _OLD_LOADS.","D9256F22E0813AF008F536CCC6F3A794B79BAD2500FBD4289D80AD5C777B42CD","20464"
"MOVED_ROOT_DROP_FILE_TO_SOURCE_RAW_INTAKE","C:\Users\13527\Desktop\123\_OLD_LOADS\SCRIPT_RUNNERS\RUNNER\RUN_ROOT_DROP_INTAKE_WASHER_SUPPORT_CANDIDATE_REVIEW_DRY_RUN_20260608.ps1","C:\Users\13527\Desktop\123\Jxhnny_Kl33N_Seedz\COMMAND_CENTER\UI_LANE\ROOT_DROP_INTAKE_20260611\SOURCE_RAW\_OLD_LOADS\SCRIPT_RUNNERS\RUNNER\RUN_ROOT_DROP_INTAKE_WASHER_SUPPORT_CANDIDATE_REVIEW_DRY_RUN_20260608.ps1","Root drop folder routed to dated source custody: _OLD_LOADS.","DB2A100E8ACBD0EC95E525F706C8A710A865998ED7862268C06D5E966E746B16","22410"
"MOVED_ROOT_DROP_FILE_TO_SOURCE_RAW_INTAKE","C:\Users\13527\Desktop\123\_OLD_LOADS\SCRIPT_RUNNERS\RUNNER\RUN_SELECTOR_FIELD_TEST_FOR_GENERATED_RUNNER_DEFECT_FAMILY_20260608.ps1","C:\Users\13527\Desktop\123\Jxhnny_Kl33N_Seedz\COMMAND_CENTER\UI_LANE\ROOT_DROP_INTAKE_20260611\SOURCE_RAW\_OLD_LOADS\SCRIPT_RUNNERS\RUNNER\RUN_SELECTOR_FIELD_TEST_FOR_GENERATED_RUNNER_DEFECT_FAMILY_20260608.ps1","Root drop folder routed to dated source custody: _OLD_LOADS.","215D4AA6E47A6552EB28FF4A7DC641B02DA9F78D8FD171F704CDD1E2C91A41E2","16018"
"MOVED_ROOT_DROP_FILE_TO_SOURCE_RAW_INTAKE","C:\Users\13527\Desktop\123\_OLD_LOADS\SCRIPT_RUNNERS\RUNNER\RUN_SELECTOR_FIELD_TEST_FOR_ROOT_DROP_INTAKE_WASHER_GATE_RULE_20260608.ps1","C:\Users\13527\Desktop\123\Jxhnny_Kl33N_Seedz\COMMAND_CENTER\UI_LANE\ROOT_DROP_INTAKE_20260611\SOURCE_RAW\_OLD_LOADS\SCRIPT_RUNNERS\RUNNER\RUN_SELECTOR_FIELD_TEST_FOR_ROOT_DROP_INTAKE_WASHER_GATE_RULE_20260608.ps1","Root drop folder routed to dated source custody: _OLD_LOADS.","574357FE131634EDA6BA970563AEFDFC492746B739D49E27A87BBC8B73246D94","17487"
"MOVED_ROOT_DROP_FILE_TO_SOURCE_RAW_INTAKE","C:\Users\13527\Desktop\123\_OLD_LOADS\SCRIPT_RUNNERS\RUNNER\RUN_SELECTOR_FIELD_TEST_PACKET_FOR_POWERSHELL_HELPER_FILES_20260608.ps1","C:\Users\13527\Desktop\123\Jxhnny_Kl33N_Seedz\COMMAND_CENTER\UI_LANE\ROOT_DROP_INTAKE_20260611\SOURCE_RAW\_OLD_LOADS\SCRIPT_RUNNERS\RUNNER\RUN_SELECTOR_FIELD_TEST_PACKET_FOR_POWERSHELL_HELPER_FILES_20260608.ps1","Root drop folder routed to dated source custody: _OLD_LOADS.","AA773E18BD60BAA9B0D4C27C8336598906F0AFCD11D22B503FAB9200433E9F45","20642"
"MOVED_ROOT_DROP_FILE_TO_SOURCE_RAW_INTAKE","C:\Users\13527\Desktop\123\_OLD_LOADS\SCRIPT_RUNNERS\RUNNER\RUN_SELECTOR_FIELD_TEST_PACKET_FOR_POWERSHELL_HELPER_FILES_V0_2_FREEZE_EVIDENCE_20260608.ps1","C:\Users\13527\Desktop\123\Jxhnny_Kl33N_Seedz\COMMAND_CENTER\UI_LANE\ROOT_DROP_INTAKE_20260611\SOURCE_RAW\_OLD_LOADS\SCRIPT_RUNNERS\RUNNER\RUN_SELECTOR_FIELD_TEST_PACKET_FOR_POWERSHELL_HELPER_FILES_V0_2_FREEZE_EVIDENCE_20260608.ps1","Root drop folder routed to dated source custody: _OLD_LOADS.","7DCEC1D04A7B55A62A617C0419A23E6CB8B5BCC4DB93E0A1502A6D22F8AA8CD8","30218"
"REMOVED_EMPTY_ROOT_FOLDER","C:\Users\13527\Desktop\123\_OLD_LOADS\SCRIPT_RUNNERS\RUNNER","","Empty after verified routing.","","0"
"REMOVED_EMPTY_ROOT_FOLDER","C:\Users\13527\Desktop\123\_OLD_LOADS\SCRIPT_RUNNERS\ROUGH_LOCAL_IMPORT","","Empty after verified routing.","","0"
"REMOVED_EMPTY_ROOT_FOLDER","C:\Users\13527\Desktop\123\_OLD_LOADS\SCRIPT_RUNNERS\OTHER","","Empty after verified routing.","","0"
"REMOVED_EMPTY_ROOT_FOLDER","C:\Users\13527\Desktop\123\_OLD_LOADS\SCRIPT_RUNNERS\BUILD","","Empty after verified routing.","","0"
"REMOVED_EMPTY_ROOT_FOLDER","C:\Users\13527\Desktop\123\_OLD_LOADS\SCRIPT_RUNNERS","","Empty after verified routing.","","0"
"REMOVED_EMPTY_ROOT_FOLDER","C:\Users\13527\Desktop\123\_OLD_LOADS","","Empty after verified routing.","","0"
"MOVED_ROOT_LOOSE_FILE_TO_SOURCE_RAW_INTAKE","C:\Users\13527\Desktop\123\BUILD_ROOT_HELD_GROUP_SCRIPT_CUSTODY_REVIEW_QUEUE_V0_1_20260608_HEAVY_BOUNDARY_BINDING_FIX_V0_2.ps1","C:\Users\13527\Desktop\123\Jxhnny_Kl33N_Seedz\COMMAND_CENTER\UI_LANE\ROOT_DROP_INTAKE_20260611\SOURCE_RAW\ROOT_LOOSE_FILES\BUILD_ROOT_HELD_GROUP_SCRIPT_CUSTODY_REVIEW_QUEUE_V0_1_20260608_HEAVY_BOUNDARY_BINDING_FIX_V0_2.ps1","Loose root file routed to dated source custody; not treated as active doctrine.","E2D38CDADEA96DAFF5EB2B997FDE7D7C261D17E507472B0D5FCA36D6B40D251C","27035"
"MOVED_ROOT_LOOSE_FILE_TO_SOURCE_RAW_INTAKE","C:\Users\13527\Desktop\123\HUMAN_ACCEPTANCE_DECISION__HELPER_EXPOSURE_33RD_PROTOCOL_FIRST_LIVE_USE_TEST_20260606.md","C:\Users\13527\Desktop\123\Jxhnny_Kl33N_Seedz\COMMAND_CENTER\UI_LANE\ROOT_DROP_INTAKE_20260611\SOURCE_RAW\ROOT_LOOSE_FILES\HUMAN_ACCEPTANCE_DECISION__HELPER_EXPOSURE_33RD_PROTOCOL_FIRST_LIVE_USE_TEST_20260606.md","Loose root file routed to dated source custody; not treated as active doctrine.","E3B0C44298FC1C149AFBF4C8996FB92427AE41E4649B934CA495991B7852B855","0"
