"Category","RelativePath","Extension","Length","Class"
"ROOT_FILE","desktop.ini",".ini","115","ROOT_FILE"
"REVIEW_REQUIRED","COMMAND_CENTER\ROOT_RESIDUE_CUSTODY\20260604_20260603_234658\HANDOFF_AND_CORRECTION_PACKETS\MULE_CORRECTION_V2_INJECT_GOOD_UPDATE_PATHS_20260604\ROW_001_DISPOSABLE_FIXTURE_V1\MANUAL_REVIEW_CHECKLIST_ROW_001.md",".md","1790","PACKET_OR_ORDER"
"REVIEW_REQUIRED","HOUSE_WORK\PROJECT_COMMAND_CENTER_UI_LANE\CHUNKED_ACCEPTANCE_GROWTH_REVIEW_20260606\ACCEPTANCE_STANDARD_DRAFT__DUAL_COMMAND_CENTER_L0_AND_PRIVATE_WORK_PROTOCOL_20260606.md",".md","8044","REVIEW_REPORT"
"REVIEW_REQUIRED","HOUSE_WORK\PROJECT_COMMAND_CENTER_UI_LANE\CHUNKED_ACCEPTANCE_GROWTH_REVIEW_20260606\BATCH_01_PACKET_FIT_MAP__DUAL_COMMAND_CENTER_AND_PROTOCOL_20260606.md",".md","9958","PACKET_OR_ORDER"
"REVIEW_REQUIRED","HOUSE_WORK\PROJECT_COMMAND_CENTER_UI_LANE\CHUNKED_ACCEPTANCE_GROWTH_REVIEW_20260606\BATCH_02_HARD_CRITIQUE_AND_MISSING_LOGIC__DUAL_COMMAND_CENTER_AND_PROTOCOL_20260606.md",".md","8777","REVIEW_REPORT"
"REVIEW_REQUIRED","HOUSE_WORK\PROJECT_COMMAND_CENTER_UI_LANE\CHUNKED_ACCEPTANCE_GROWTH_REVIEW_20260606\BLOCKER_BURNDOWN_AND_ADDITIONS__DUAL_COMMAND_CENTER_L0_AND_PROTOCOL_20260606.md",".md","7477","BLOCKER"
"REVIEW_REQUIRED","HOUSE_WORK\PROJECT_COMMAND_CENTER_UI_LANE\CHUNKED_ACCEPTANCE_GROWTH_REVIEW_20260606\FINAL_REVIEW_PACKET__DUAL_COMMAND_CENTER_L0_AND_PRIVATE_WORK_PROTOCOL_20260606.md",".md","5168","PACKET_OR_ORDER"
"REVIEW_REQUIRED","HOUSE_WORK\PROJECT_COMMAND_CENTER_UI_LANE\CHUNKED_ACCEPTANCE_GROWTH_REVIEW_20260606\MULE_RECEIPT__CHUNKED_ACCEPTANCE_GROWTH_REVIEW_DUAL_COMMAND_CENTER_AND_PROTOCOL_20260606.md",".md","6530","RECEIPT"
"REVIEW_REQUIRED","HOUSE_WORK\PROJECT_COMMAND_CENTER_UI_LANE\DUAL_COMMAND_CENTER_L0_REVIEW_PACKET_20260606\COMMAND_CENTER_LEAKAGE_GUARD_L0.md",".md","3281","GUARD"
"REVIEW_REQUIRED","HOUSE_WORK\PROJECT_COMMAND_CENTER_UI_LANE\DUAL_COMMAND_CENTER_L0_REVIEW_PACKET_20260606\DUAL_COMMAND_CENTER_L0_FILE_SET.md",".md","8064","PACKET_OR_ORDER"
"REVIEW_REQUIRED","HOUSE_WORK\PROJECT_COMMAND_CENTER_UI_LANE\DUAL_COMMAND_CENTER_L0_REVIEW_PACKET_20260606\DUAL_COMMAND_CENTER_L0_STANDARD.md",".md","7308","PACKET_OR_ORDER"
"REVIEW_REQUIRED","HOUSE_WORK\PROJECT_COMMAND_CENTER_UI_LANE\DUAL_COMMAND_CENTER_L0_REVIEW_PACKET_20260606\DUAL_COMMAND_CENTER_L0_STATE_LEDGER_SCHEMAS.md",".md","10257","PACKET_OR_ORDER"
"REVIEW_REQUIRED","HOUSE_WORK\PROJECT_COMMAND_CENTER_UI_LANE\DUAL_COMMAND_CENTER_L0_REVIEW_PACKET_20260606\DUAL_COMMAND_CENTER_SYNC_CONTRACT_L0.md",".md","7217","PACKET_OR_ORDER"
"REVIEW_REQUIRED","HOUSE_WORK\PROJECT_COMMAND_CENTER_UI_LANE\DUAL_COMMAND_CENTER_L0_REVIEW_PACKET_20260606\MULE_HASH_LEDGER_SHA256.md",".md","2905","HASH_LEDGER"
"REVIEW_REQUIRED","HOUSE_WORK\PROJECT_COMMAND_CENTER_UI_LANE\DUAL_COMMAND_CENTER_L0_REVIEW_PACKET_20260606\MULE_PACKAGE_MANIFEST__OUTSIDE_ASSISTANT_INDEX_TO_L0.md",".md","2655","MANIFEST"
"REVIEW_REQUIRED","HOUSE_WORK\PROJECT_COMMAND_CENTER_UI_LANE\DUAL_COMMAND_CENTER_L0_REVIEW_PACKET_20260606\MULE_RETURN_RECEIPT__OUTSIDE_ASSISTANT_INDEX_TO_L0.md",".md","4564","RECEIPT"
"REVIEW_REQUIRED","HOUSE_WORK\PROJECT_COMMAND_CENTER_UI_LANE\DUAL_COMMAND_CENTER_L0_REVIEW_PACKET_20260606\OUTSIDE_ASSISTANT_COOPERATION_INDEX_V0_2_L0_CLEAN.md",".md","13671","PACKET_OR_ORDER"
"REVIEW_REQUIRED","HOUSE_WORK\PROJECT_COMMAND_CENTER_UI_LANE\DUAL_COMMAND_CENTER_L0_REVIEW_PACKET_20260606\SOURCE_RAW\OUTSIDE_ASSISTANT_COOPERATION_INDEX_V0_2_SOURCE_TO_LIVE_L0_CUSTODY_CHAIN_RAW_20260605.md",".md","2928504","SOURCE"
"REVIEW_REQUIRED","HOUSE_WORK\PROJECT_COMMAND_CENTER_UI_LANE\HELPER_FILE_EXPOSURE_AND_33RD_PRIVATE_WORK_PROTOCOL_V0_1_20260606\MULE_RECEIPT__WORKING_ORDER_REVIEW_AND_ROOT_PLACEMENT_20260606.md",".md","2420","RECEIPT"
"REVIEW_REQUIRED","HOUSE_WORK\PROJECT_COMMAND_CENTER_UI_LANE\HELPER_FILE_EXPOSURE_AND_33RD_PRIVATE_WORK_PROTOCOL_V0_1_20260606\WORKING_ORDER_REVIEW__HELPER_FILE_EXPOSURE_AND_33RD_PRIVATE_WORK_PROTOCOL_V0_1_20260606.md",".md","2799","PACKET_OR_ORDER"
"REVIEW_REQUIRED","Jxhnny_Kl33N_Seedz\BRAIN_LEARNING\AFTER_RUN_BREADCRUMB_WASH_LEAP_CLOSE_LIVING_ORDER_20260528.md",".md","11450","PACKET_OR_ORDER"
"REVIEW_REQUIRED","Jxhnny_Kl33N_Seedz\BRAIN_LEARNING\COMPOSE_REVIEW_REFLECT_CAPTURE_RULE_20260520.md",".md","3211","REVIEW_REPORT"
"REVIEW_REQUIRED","Jxhnny_Kl33N_Seedz\BRAIN_LEARNING\EXISTING_STRUCTURE_INSPECTION_BEFORE_INVENTION_GATE_20260524.md",".md","2122","GENERAL"
"REVIEW_REQUIRED","Jxhnny_Kl33N_Seedz\BRAIN_LEARNING\FRAME_TO_SCRIPT_CANDIDATE_SYSTEM_FINAL_REVIEW_20260530.md",".md","9944","REVIEW_REPORT"
"REVIEW_REQUIRED","Jxhnny_Kl33N_Seedz\BRAIN_LEARNING\FULL_HOUSE_WASH_V3_PROGRESS_AND_LEDGER_BRIDGE_PLAN_20260530.md",".md","4130","GENERAL"
"REVIEW_REQUIRED","Jxhnny_Kl33N_Seedz\BRAIN_LEARNING\FULL_WASH_CYCLE_HELPER_HARNESS_SPEC_V1_20260529.md",".md","12933","GENERAL"
"REVIEW_REQUIRED","Jxhnny_Kl33N_Seedz\BRAIN_LEARNING\GUEST_BOUNDARY_GATE_SET_THREE_SPIN_REVIEW_RULE_20260523.md",".md","7065","REVIEW_REPORT"
"REVIEW_REQUIRED","Jxhnny_Kl33N_Seedz\BRAIN_LEARNING\HELPER_VALUE_AUDIT_AND_HELPER_SEAT_LEDGER_SYSTEM_20260528.md",".md","12817","REVIEW_REPORT"
"REVIEW_REQUIRED","Jxhnny_Kl33N_Seedz\BRAIN_LEARNING\HOUSE_17_POINT_INSPECTION_MODE_RULE_20260523.md",".md","3461","GENERAL"
"REVIEW_REQUIRED","Jxhnny_Kl33N_Seedz\BRAIN_LEARNING\IF_THE_SHOE_FITS_BROAD_COMMAND_WASHUP_RULE_20260523.md",".md","2934","GENERAL"
"REVIEW_REQUIRED","Jxhnny_Kl33N_Seedz\BRAIN_LEARNING\ISSUE_REPLAY_WASHER_MIRROR_RULE_20260524.md",".md","2059","GENERAL"
"REVIEW_REQUIRED","Jxhnny_Kl33N_Seedz\BRAIN_LEARNING\LONG_CODE_DRAFT_REVIEW_SEND_GATE_RULE_20260520.md",".md","2583","REVIEW_REPORT"
"REVIEW_REQUIRED","Jxhnny_Kl33N_Seedz\BRAIN_LEARNING\MAIN_BOSS_02_LIFECYCLE_DRY_INSPECTION_20260518.md",".md","8120","GENERAL"
"REVIEW_REQUIRED","Jxhnny_Kl33N_Seedz\BRAIN_LEARNING\NEXT_ISSUE_CLEAN_WASH_SIGNAL_ROUTINE_RULE_20260524.md",".md","2686","GENERAL"
"REVIEW_REQUIRED","Jxhnny_Kl33N_Seedz\BRAIN_LEARNING\PATH_CLASS_REVIEW_BEFORE_50_WAVE_REPAIR_LESSON_20260530.md",".md","2423","REVIEW_REPORT"
"REVIEW_REQUIRED","Jxhnny_Kl33N_Seedz\BRAIN_LEARNING\PRE_BATCH_READINESS_ORACLE_ADVERSARIAL_AUDIT_RULE_20260530.md",".md","3478","REVIEW_REPORT"
"REVIEW_REQUIRED","Jxhnny_Kl33N_Seedz\BRAIN_LEARNING\RESIDENT_WORKER_HOUSE_WALK_AND_FLATLINE_WASH_RULE_20260524.md",".md","3410","GENERAL"
"REVIEW_REQUIRED","Jxhnny_Kl33N_Seedz\BRAIN_LEARNING\SCALE_STEP_CHAIN_PROOF_REVIEW_MAX5_TO_MAX10_20260530.md",".md","4023","REVIEW_REPORT"
"REVIEW_REQUIRED","Jxhnny_Kl33N_Seedz\BRAIN_LEARNING\SCRATCH_AND_SNIFF_GATE_AUDIT_PARSER_LENS_CANDIDATE_RULE_20260528_005900.md",".md","2715","REVIEW_REPORT"
"REVIEW_REQUIRED","Jxhnny_Kl33N_Seedz\BRAIN_LEARNING\SOURCE_WASH_FULL_CYCLE_HARNESS_V1_20260529.md",".md","16260","GENERAL"
"REVIEW_REQUIRED","Jxhnny_Kl33N_Seedz\BRAIN_LEARNING\SWIFT_SCAN_LIVING_SYSTEM_V1_20260530.md",".md","6675","GENERAL"
"REVIEW_REQUIRED","Jxhnny_Kl33N_Seedz\BRAIN_LEARNING\WASHER_RETURN_HABIT_LOOP_RULE_20260524.md",".md","3278","GENERAL"
"REVIEW_REQUIRED","Jxhnny_Kl33N_Seedz\BRAIN_LEARNING\WORD_WASH_BASE_WORD_PROOF_RULE_20260530.md",".md","3066","GENERAL"
"REVIEW_REQUIRED","Jxhnny_Kl33N_Seedz\CleanSeedsBuild\CleanSeed_Backups\CleanSeed_SourceTruth_Backup_20260509_233207\SOURCE_COPY\PROOF_HISTORY\GOLD_REFLECTION_ASSISTANT_SELF_CAPTURE_SCAN_RECEIPT.txt",".txt","476","RECEIPT"
"REVIEW_REQUIRED","Jxhnny_Kl33N_Seedz\CleanSeedsBuild\CleanSeed_Backups\CleanSeed_SourceTruth_Backup_20260509_233207\SOURCE_COPY\PROOF_HISTORY\GOLD_REFLECTION_ASSISTANT_SELF_CAPTURE_SCAN.txt",".txt","1033","GENERAL"
"REVIEW_REQUIRED","Jxhnny_Kl33N_Seedz\CleanSeedsBuild\NEOCITIES_PUBLIC_SAFE_PREVIEW_20260512_224927\PUBLIC_SAFE_PREVIEW_REPORT.txt",".txt","528","REVIEW_REPORT"
"REVIEW_REQUIRED","Jxhnny_Kl33N_Seedz\CleanSeedsBuild\NEOCITIES_PUBLIC_SAFE_PREVIEW_20260512_224927\assets\index-art.png",".png","421607","REVIEW_REPORT"
"REVIEW_REQUIRED","Jxhnny_Kl33N_Seedz\CleanSeedsBuild\PROOF_HISTORY\DEEP_CLEAN_SESSION_REVIEW_AND_SAVE_20260511.txt",".txt","18812","REVIEW_REPORT"
"REVIEW_REQUIRED","Jxhnny_Kl33N_Seedz\CleanSeedsBuild\PROOF_HISTORY\DESKTOP_CAPTURED_FILE_ROLE_REVIEW_20260510_003910.txt",".txt","16384","REVIEW_REPORT"
"REVIEW_REQUIRED","Jxhnny_Kl33N_Seedz\CleanSeedsBuild\PROOF_HISTORY\DESKTOP_NEEDS_REVIEW_FOLDER_CLASSIFICATION_20260510_004247.txt",".txt","2301","REVIEW_REPORT"
"REVIEW_REQUIRED","Jxhnny_Kl33N_Seedz\CleanSeedsBuild\PROOF_HISTORY\DESKTOP_NEEDS_REVIEW_FOLDER_TOP_CONTENTS_20260510_004142.txt",".txt","2700","REVIEW_REPORT"
"REVIEW_REQUIRED","Jxhnny_Kl33N_Seedz\CleanSeedsBuild\PROOF_HISTORY\DESKTOP_NEEDS_REVIEW_TOP_ONLY_20260510_003630.txt",".txt","1740","REVIEW_REPORT"
"REVIEW_REQUIRED","Jxhnny_Kl33N_Seedz\CleanSeedsBuild\PROOF_HISTORY\PARK_BATCH_THEN_DRIFT_REVIEW_WORKING_RULE_20260511.txt",".txt","2626","REVIEW_REPORT"
"REVIEW_REQUIRED","Jxhnny_Kl33N_Seedz\CleanSeedsBuild\PROOF_HISTORY\PROJECT_CLEANUP_DRAFT_2B_RESCAN_WITH_RULE_STRUCTURE_20260510.txt",".txt","75854","GENERAL"
"REVIEW_REQUIRED","Jxhnny_Kl33N_Seedz\CleanSeedsBuild\PROOF_HISTORY\PROJECT_GAP_FILL_RECURSIVE_FLOW_REVIEW_20260511.txt",".txt","19441","REVIEW_REPORT"
"REVIEW_REQUIRED","Jxhnny_Kl33N_Seedz\CleanSeedsBuild\PROOF_HISTORY\RECEIPT_DEEP_CLEAN_SESSION_REVIEW_AND_SAVE_20260511.txt",".txt","3300","RECEIPT"
"REVIEW_REQUIRED","Jxhnny_Kl33N_Seedz\CleanSeedsBuild\PROOF_HISTORY\RECEIPT_PARK_BATCH_THEN_DRIFT_REVIEW_WORKING_RULE_20260511.txt",".txt","1034","RECEIPT"
"REVIEW_REQUIRED","Jxhnny_Kl33N_Seedz\CleanSeedsBuild\PROOF_HISTORY\RECEIPT_PROJECT_GAP_FILL_RECURSIVE_FLOW_REVIEW_20260511.txt",".txt","3064","RECEIPT"
"REVIEW_REQUIRED","Jxhnny_Kl33N_Seedz\CleanSeedsBuild\PROOF_HISTORY\RECEIPT_RETROACTIVE_RULE_FIRE_REVIEW_20260511.txt",".txt","1068","RECEIPT"
"REVIEW_REQUIRED","Jxhnny_Kl33N_Seedz\CleanSeedsBuild\PROOF_HISTORY\RECEIPT_TECH_REVIEW_OPERATING_SURFACE_PROPOSAL_20260511.txt",".txt","952","RECEIPT"
"REVIEW_REQUIRED","Jxhnny_Kl33N_Seedz\CleanSeedsBuild\PROOF_HISTORY\RETROACTIVE_RULE_FIRE_REVIEW_20260511.txt",".txt","5823","REVIEW_REPORT"
"REVIEW_REQUIRED","Jxhnny_Kl33N_Seedz\CleanSeedsBuild\PROOF_HISTORY\SCOPE_STATE_TRIGGER_LOCK_REVIEW_PACKET_20260510.txt",".txt","4962","PACKET_OR_ORDER"
"REVIEW_REQUIRED","Jxhnny_Kl33N_Seedz\CleanSeedsBuild\PROOF_HISTORY\TECH_REVIEW_OPERATING_SURFACE_PROPOSAL_20260511.txt",".txt","2966","REVIEW_REPORT"
"REVIEW_REQUIRED","Jxhnny_Kl33N_Seedz\CleanSeedsBuild\PROOF_HISTORY\DESKTOP_CLEANUP_ARCHIVE_20260509\CleanSeed_Desktop_Staging\PHASE_RUN_016_TO_020\LIVE_TEST_018_MID_PROCESS_DRIFT_SWEEP_GAP_AUDIT\LIVE_TEST_018_MID_PROCESS_DRIFT_SWEEP_GAP_AUDIT_RECEIPT.txt",".txt","792","RECEIPT"
"REVIEW_REQUIRED","Jxhnny_Kl33N_Seedz\CleanSeedsBuild\PROOF_HISTORY\DESKTOP_CLEANUP_ARCHIVE_20260509\CleanSeed_Desktop_Staging\PHASE_RUN_016_TO_020\LIVE_TEST_018_MID_PROCESS_DRIFT_SWEEP_GAP_AUDIT\LIVE_TEST_018_MID_PROCESS_DRIFT_SWEEP_GAP_AUDIT_REPORT.txt",".txt","1002","REVIEW_REPORT"
"REVIEW_REQUIRED","Jxhnny_Kl33N_Seedz\CleanSeedsBuild\PROOF_HISTORY\DESKTOP_CLEANUP_ARCHIVE_20260509\CleanSeed_Desktop_Staging\PHASE_RUN_016_TO_020\LIVE_TEST_018_MID_PROCESS_DRIFT_SWEEP_GAP_AUDIT\LIVE_TEST_018_MID_PROCESS_DRIFT_SWEEP_GAP_AUDIT_RESULT.txt",".txt","391","REVIEW_REPORT"
"REVIEW_REQUIRED","Jxhnny_Kl33N_Seedz\CleanSeedsBuild\PROOF_HISTORY\RECYCLE_BIN_QUARANTINE_20260510\ITEM_0010__DOCTRINE_CLOSURE_AUDIT_CLEAN_JUDGMENT.txt\DOCTRINE_CLOSURE_AUDIT_CLEAN_JUDGMENT.txt",".txt","12122","REVIEW_REPORT"
"REVIEW_REQUIRED","Jxhnny_Kl33N_Seedz\CleanSeedsBuild\PROOF_HISTORY\RECYCLE_BIN_QUARANTINE_20260510\ITEM_0010__DOCTRINE_CLOSURE_AUDIT_CLEAN_JUDGMENT.txt\ITEM_CHAIN_OF_CUSTODY.txt",".txt","1060","REVIEW_REPORT"
"REVIEW_REQUIRED","Jxhnny_Kl33N_Seedz\CleanSeedsBuild\PROOF_HISTORY\RECYCLE_BIN_QUARANTINE_20260510\ITEM_0109__DOCTRINE_CLOSURE_AUDIT_CLEAN_JUDGMENT.txt\ITEM_CHAIN_OF_CUSTODY.txt",".txt","1045","REVIEW_REPORT"
"REVIEW_REQUIRED","Jxhnny_Kl33N_Seedz\COMMAND_CENTER\ASSISTANT_DOOR_RELAY\RUNS\ASSISTANT_DOOR_RELAY_HOTFIX_20260521_131015\DEEP_SCAN_SUMMARY_20260521_131015.md",".md","1079","GENERAL"
"REVIEW_REQUIRED","Jxhnny_Kl33N_Seedz\COMMAND_CENTER\ASSISTANT_DOOR_RELAY\RUNS\ASSISTANT_DOOR_RELAY_V1_20260521_125636\DEEP_SCAN_SUMMARY_20260521_125636.md",".md","5530","GENERAL"
"REVIEW_REQUIRED","Jxhnny_Kl33N_Seedz\COMMAND_CENTER\CURRENT_CONTEXT_CART\YOU_GOT_MAIL__ROOT_DROP_INTAKE_AND_NERVE_SIGNAL_WASH_20260524_092335.md",".md","3560","GENERAL"
"REVIEW_REQUIRED","Jxhnny_Kl33N_Seedz\COMMAND_CENTER\PICKUP\MULE_PACKET_ADDENDUM_GATE_ORDER_REVIEW_20260523_033322.md",".md","9977","PACKET_OR_ORDER"
"REVIEW_REQUIRED","Jxhnny_Kl33N_Seedz\COMMAND_CENTER\PICKUP\MULE_READ_FIRST_CURRENT_GATE_ORDER_REVIEW.md",".md","1775","PACKET_OR_ORDER"
"REVIEW_REQUIRED","Jxhnny_Kl33N_Seedz\COMMAND_CENTER\PICKUP\_BACKUPS\MULE_PACKET_CLEANUP_20260523_033322\LOCAL_123_MULE_PACKET_GATE_ORDER_REVIEW_UPDATE_RECEIPT_0.txt",".txt","1468","RECEIPT"
"REVIEW_REQUIRED","Jxhnny_Kl33N_Seedz\COMMAND_CENTER\PICKUP\_BACKUPS\MULE_PACKET_CLEANUP_20260523_033322\MULE_PACKET_ADDENDUM_GATE_ORDER_REVIEW_0.md",".md","5646","PACKET_OR_ORDER"
"REVIEW_REQUIRED","Jxhnny_Kl33N_Seedz\COMMAND_CENTER\PICKUP\_BACKUPS\MULE_PACKET_CLEANUP_20260523_033322\MULE_READ_FIRST_CURRENT_GATE_ORDER_REVIEW.md",".md","996","PACKET_OR_ORDER"
"REVIEW_REQUIRED","Jxhnny_Kl33N_Seedz\COMMAND_CENTER\PICKUP\_PARKING_NOTES\DEEP_SCAN_NOTES_TRANSCRIPTS_WEB_RESEARCH_WASH_20260524_055330.md",".md","14497","SCRIPT_OR_RUNNER"
"REVIEW_REQUIRED","Jxhnny_Kl33N_Seedz\COMMAND_CENTER\PICKUP\_PARKING_NOTES\DOCTRINE_WASH_GATE_EVIDENCE_HOW_FOUND_20260524_043525.md",".md","8387","GENERAL"
"REVIEW_REQUIRED","Jxhnny_Kl33N_Seedz\COMMAND_CENTER\PICKUP\_PARKING_NOTES\HOLD_SIGNAL_STRUCTURE_GRAMMAR_RESEARCH_WASH_20260524_053833.md",".md","10466","GENERAL"
"REVIEW_REQUIRED","Jxhnny_Kl33N_Seedz\COMMAND_CENTER\PICKUP\_PARKING_NOTES\HOUSE_EVIDENCE_GATE_JUDGE_INSPECTION_20260524_042108.md",".md","8260","REVIEW_REPORT"
"REVIEW_REQUIRED","Jxhnny_Kl33N_Seedz\COMMAND_CENTER\PICKUP\_PARKING_NOTES\HOUSE_ISSUE_HELP_16_LOOP_APPLIED_REVIEW_20260523_234646.md",".md","4988","REVIEW_REPORT"
"REVIEW_REQUIRED","Jxhnny_Kl33N_Seedz\COMMAND_CENTER\PICKUP\_PARKING_NOTES\NEW_ISSUES_1_LOCAL_SOURCE_CHECKPOINT_REVIEW_20260524_011140.md",".md","4135","REVIEW_REPORT"
"REVIEW_REQUIRED","Jxhnny_Kl33N_Seedz\COMMAND_CENTER\PICKUP\_PARKING_NOTES\NEXT_ISSUE_WASHER_TRIAL_1_GRAMMAR_CARD_20260524_061135.md",".md","2582","GENERAL"
"REVIEW_REQUIRED","Jxhnny_Kl33N_Seedz\COMMAND_CENTER\PICKUP\_PARKING_NOTES\NEXT_ISSUE_WASHER_TRIAL_2_LOCAL_SOURCE_CHECKPOINT_20260524_061135.md",".md","3802","GENERAL"
"REVIEW_REQUIRED","Jxhnny_Kl33N_Seedz\COMMAND_CENTER\PICKUP\_PARKING_NOTES\NEXT_ISSUE_WASHER_TRIAL_3_ASSISTANT_PROCESS_AUDIT_20260524_061135.md",".md","4128","REVIEW_REPORT"
"REVIEW_REQUIRED","Jxhnny_Kl33N_Seedz\COMMAND_CENTER\PICKUP\_PARKING_NOTES\RULE_TOUCH_SPIRAL_GATE_REVIEW_20260523_040411.md",".md","6090","REVIEW_REPORT"
"REVIEW_REQUIRED","Jxhnny_Kl33N_Seedz\COMMAND_CENTER\PICKUP\_PARKING_NOTES\WORKER_SYMPTOM_DIAGNOSTIC_SOFT_SUIT_16_LOOP_REVIEW_20260524_014844.md",".md","5006","REVIEW_REPORT"
"REVIEW_REQUIRED","Jxhnny_Kl33N_Seedz\COMMAND_CENTER\RECEIPTS\BIG_BOY_CHAT_ROOT_DOCS_10_LOOP_WASH_RECEIPT_20260525_031219.md",".md","2017","RECEIPT"
"REVIEW_REQUIRED","Jxhnny_Kl33N_Seedz\COMMAND_CENTER\RECEIPTS\DEEP_SCAN_WEB_RESEARCH_SOURCE_LEDGER_20260524_055330.csv",".csv","6775","RECEIPT"
"REVIEW_REQUIRED","Jxhnny_Kl33N_Seedz\COMMAND_CENTER\RECEIPTS\DOCTRINE_WASH_GATE_EVIDENCE_HOW_FOUND_LEDGER_20260524_043525.csv",".csv","2079","RECEIPT"
"REVIEW_REQUIRED","Jxhnny_Kl33N_Seedz\COMMAND_CENTER\RECEIPTS\HOUSE_PATTERN_SCAN_COUNTS_20260524_042108.csv",".csv","9669","RECEIPT"
"REVIEW_REQUIRED","Jxhnny_Kl33N_Seedz\COMMAND_CENTER\RECEIPTS\LOCAL_123_DEEP_SCAN_NOTES_TRANSCRIPTS_WEB_RESEARCH_WASH_RECEIPT_20260524_055330.txt",".txt","2506","RECEIPT"
"REVIEW_REQUIRED","Jxhnny_Kl33N_Seedz\COMMAND_CENTER\RECEIPTS\LOCAL_123_DOCTRINE_WASH_GATE_EVIDENCE_HOW_FOUND_RECEIPT_20260524_043525.txt",".txt","3532","RECEIPT"
"REVIEW_REQUIRED","Jxhnny_Kl33N_Seedz\COMMAND_CENTER\RECEIPTS\LOCAL_123_FULL_HOUSE_REVIEW_ROPE_TUG_RUNNER_WASH_RECEIPT_20260524.txt",".txt","1911","RECEIPT"
"REVIEW_REQUIRED","Jxhnny_Kl33N_Seedz\COMMAND_CENTER\RECEIPTS\LOCAL_123_GPT_RESULTS_SEQUENCE_MODEL_WRAP_REVIEW_RECEIPT_20260524_151738.txt",".txt","1795","RECEIPT"
"REVIEW_REQUIRED","Jxhnny_Kl33N_Seedz\COMMAND_CENTER\RECEIPTS\LOCAL_123_HISTORY_STAGE_WRAP_HOUSE_SHADOW_REVIEW_RECEIPT_20260524.txt",".txt","939","RECEIPT"
"REVIEW_REQUIRED","Jxhnny_Kl33N_Seedz\COMMAND_CENTER\RECEIPTS\LOCAL_123_HOLD_SIGNAL_STRUCTURE_GRAMMAR_RESEARCH_WASH_RECEIPT_20260524_053833.txt",".txt","2415","RECEIPT"
"REVIEW_REQUIRED","Jxhnny_Kl33N_Seedz\COMMAND_CENTER\RECEIPTS\LOCAL_123_HOUSE_EVIDENCE_GATE_JUDGE_INSPECTION_RECEIPT_20260524_042108.txt",".txt","4338","RECEIPT"
"REVIEW_REQUIRED","Jxhnny_Kl33N_Seedz\COMMAND_CENTER\RECEIPTS\LOCAL_123_NEXT_ISSUE_CLEAN_WASH_SIGNAL_ROUTINE_RECEIPT_20260524_061135.txt",".txt","2970","RECEIPT"
"REVIEW_REQUIRED","Jxhnny_Kl33N_Seedz\COMMAND_CENTER\RECEIPTS\LOCAL_123_ROOT_DROP_INTAKE_AND_NERVE_SIGNAL_WASH_RECEIPT_20260524_092335.txt",".txt","1502","RECEIPT"
"REVIEW_REQUIRED","Jxhnny_Kl33N_Seedz\COMMAND_CENTER\RECEIPTS\LOCAL_123_RULE_TOUCH_SPIRAL_GATE_REVIEW_RECEIPT_20260523_040411.txt",".txt","3721","RECEIPT"
"REVIEW_REQUIRED","Jxhnny_Kl33N_Seedz\COMMAND_CENTER\RECEIPTS\LOCAL_123_WHOLE_HOUSE_WASH_CREATIVE_SYNTHESIS_RECEIPT_20260524.txt",".txt","2796","RECEIPT"
"REVIEW_REQUIRED","Jxhnny_Kl33N_Seedz\COMMAND_CENTER\RECEIPTS\POST_GIT_SAVE_BIG_BOY_CHAT_ROOT_WASH_20260525_031219.md",".md","1077","RECEIPT"
"REVIEW_REQUIRED","Jxhnny_Kl33N_Seedz\COMMAND_CENTER\RECEIPTS\ROOT_DOOR_WASH_ATTENTION_FEYNMAN_BLOCKCHAIN_RECEIPT_20260525_050852.md",".md","1887","RECEIPT"
"REVIEW_REQUIRED","Jxhnny_Kl33N_Seedz\COMMAND_CENTER\RECEIPTS\ROOT_DOOR_WASH_RESONANCE_PETERSON_RECEIPT_20260525_062155.md",".md","1876","RECEIPT"
"REVIEW_REQUIRED","Jxhnny_Kl33N_Seedz\COMMAND_CENTER\RECEIPTS\ROOT_TRANSCRIPT_BACKLOG_MUTED_GATE_WASH_RECEIPT_20260526_003545.md",".md","2712","RECEIPT"
"REVIEW_REQUIRED","Jxhnny_Kl33N_Seedz\COMMAND_CENTER\SCRIPTS\INCOMING\RUN_LOCK_SAM_REVIEW_PACKET_TO_GIT_20260521.ps1",".ps1","7896","PACKET_OR_ORDER"
"REVIEW_REQUIRED","Jxhnny_Kl33N_Seedz\COMMAND_CENTER\SCRIPTS\SAVE_SCRIPTS\SAVE_FOUR_SOURCE_REVIEWED_SOURCE_ORE_MAP_20260522.ps1",".ps1","22461","SOURCE"
"REVIEW_REQUIRED","Jxhnny_Kl33N_Seedz\COMMAND_CENTER\TEMPLATES\ASSISTANT_PROCESS_AUDIT_CARD_TEMPLATE_20260524.md",".md","1527","REVIEW_REPORT"
"REVIEW_REQUIRED","Jxhnny_Kl33N_Seedz\COMMAND_CENTER\TEMPLATES\NEXT_ISSUE_CLEAN_WASH_ROUTINE_CARD_20260524_061135.md",".md","2370","GENERAL"
"REVIEW_REQUIRED","Jxhnny_Kl33N_Seedz\COMMAND_CENTER\TODO\TODO_DEEP_SCAN_GRAMMAR_NEXT_DIRECTION_20260524_055330.md",".md","1798","GENERAL"
"REVIEW_REQUIRED","Jxhnny_Kl33N_Seedz\COMMAND_CENTER\TODO\TODO_REMOTE_DOOR_TOKEN_TRACKING_SECURITY_AUDIT_20260524.md",".md","1323","REVIEW_REPORT"
"REVIEW_REQUIRED","Jxhnny_Kl33N_Seedz\CORE_GUIDE_BACKUPS\CORE_GUIDES_BEFORE_GATE_EVIDENCE_HOW_FOUND_DOCTRINE_WASH_20260524_043525\CLEAN_SEED_ALIGNMENT_CHECK.txt",".txt","258768","GENERAL"
"REVIEW_REQUIRED","Jxhnny_Kl33N_Seedz\CORE_GUIDE_BACKUPS\CORE_GUIDES_BEFORE_GATE_EVIDENCE_HOW_FOUND_DOCTRINE_WASH_20260524_043525\CLEAN_SEED_WRAP_GUIDE.txt",".txt","240130","GENERAL"
"REVIEW_REQUIRED","Jxhnny_Kl33N_Seedz\CORE_GUIDE_BACKUPS\CORE_GUIDES_BEFORE_GATE_EVIDENCE_HOW_FOUND_DOCTRINE_WASH_20260524_043525\README_START_HERE.txt",".txt","75873","GENERAL"
"REVIEW_REQUIRED","Jxhnny_Kl33N_Seedz\GPT_PROMPTS_CUSTODY\20260522_213516\CUSTODY_ARCHIVE\.GPT_PROMPTS_HOME\CHAT_GATE_SYSTEM_PACKAGE\_CURRENT_SET\05_SELF_AUDIT_IDEA_CAPTURE_GATE.md",".md","514","REVIEW_REPORT"
"REVIEW_REQUIRED","Jxhnny_Kl33N_Seedz\GPT_PROMPTS_CUSTODY\20260522_213516\CUSTODY_ARCHIVE\.GPT_PROMPTS_HOME\CHAT_GATE_SYSTEM_PACKAGE\_CURRENT_SET\RESPECTFUL_SUIT_MAP_COVERAGE_AUDIT.md",".md","773","REVIEW_REPORT"
"REVIEW_REQUIRED","Jxhnny_Kl33N_Seedz\GPT_PROMPTS_CUSTODY\20260522_213516\CUSTODY_ARCHIVE\.GPT_PROMPTS_HOME\_PACKAGE_INTAKE\PROCESSED\20260522_204248\CHAT_GATE_SYSTEM_RESPECTFUL_SUIT_MAP_UPDATE\PACKAGE_PREVIEW\00_LOAD_FIRST__CHAT_GATE_SYSTEM.md",".md","1574","REVIEW_REPORT"
"REVIEW_REQUIRED","Jxhnny_Kl33N_Seedz\GPT_PROMPTS_CUSTODY\20260522_213516\CUSTODY_ARCHIVE\.GPT_PROMPTS_HOME\_PACKAGE_INTAKE\PROCESSED\20260522_204248\CHAT_GATE_SYSTEM_RESPECTFUL_SUIT_MAP_UPDATE\PACKAGE_PREVIEW\09_SINGLE_LOAD_CARD.md",".md","1038","REVIEW_REPORT"
"REVIEW_REQUIRED","Jxhnny_Kl33N_Seedz\GPT_PROMPTS_CUSTODY\20260522_213516\CUSTODY_ARCHIVE\.GPT_PROMPTS_HOME\_PACKAGE_INTAKE\PROCESSED\20260522_204248\CHAT_GATE_SYSTEM_RESPECTFUL_SUIT_MAP_UPDATE\PACKAGE_PREVIEW\14_CHAT_SUIT_HOUSE_LINK_MAP.md",".md","2339","REVIEW_REPORT"
"REVIEW_REQUIRED","Jxhnny_Kl33N_Seedz\GPT_PROMPTS_CUSTODY\20260522_213516\CUSTODY_ARCHIVE\.GPT_PROMPTS_HOME\_PACKAGE_INTAKE\PROCESSED\20260522_204248\CHAT_GATE_SYSTEM_RESPECTFUL_SUIT_MAP_UPDATE\PACKAGE_PREVIEW\15_RESPECTFUL_SUIT_MAP_AND_FORKS_GATE.md",".md","1204","REVIEW_REPORT"
"REVIEW_REQUIRED","Jxhnny_Kl33N_Seedz\GPT_PROMPTS_CUSTODY\20260522_213516\CUSTODY_ARCHIVE\.GPT_PROMPTS_HOME\_PACKAGE_INTAKE\PROCESSED\20260522_204248\CHAT_GATE_SYSTEM_RESPECTFUL_SUIT_MAP_UPDATE\PACKAGE_PREVIEW\RESPECTFUL_SUIT_MAP_COVERAGE_AUDIT.md",".md","772","REVIEW_REPORT"
"REVIEW_REQUIRED","Jxhnny_Kl33N_Seedz\GPT_PROMPTS_CUSTODY\20260522_213516\CUSTODY_ARCHIVE\.GPT_PROMPTS_HOME\_PACKAGE_INTAKE\PROCESSED\20260522_204912\COMPLETE_CHAT_GATE_SYSTEM_PACKAGE\COMPLETE_PACKAGE_COVERAGE_AUDIT.md",".md","268","REVIEW_REPORT"
"REVIEW_REQUIRED","Jxhnny_Kl33N_Seedz\GPT_PROMPTS_CUSTODY\20260522_213516\CUSTODY_ARCHIVE\.GPT_PROMPTS_HOME\_PACKAGE_INTAKE\PROCESSED\20260522_204912\COMPLETE_CHAT_GATE_SYSTEM_PACKAGE\PACKAGE_PREVIEW\00_LOAD_FIRST__CHAT_GATE_SYSTEM.md",".md","1025","REVIEW_REPORT"
"REVIEW_REQUIRED","Jxhnny_Kl33N_Seedz\GPT_PROMPTS_CUSTODY\20260522_213516\CUSTODY_ARCHIVE\.GPT_PROMPTS_HOME\_PACKAGE_INTAKE\PROCESSED\20260522_204912\COMPLETE_CHAT_GATE_SYSTEM_PACKAGE\PACKAGE_PREVIEW\01_TASK_ROUTER_GATE.md",".md","576","REVIEW_REPORT"
"REVIEW_REQUIRED","Jxhnny_Kl33N_Seedz\GPT_PROMPTS_CUSTODY\20260522_213516\CUSTODY_ARCHIVE\.GPT_PROMPTS_HOME\_PACKAGE_INTAKE\PROCESSED\20260522_204912\COMPLETE_CHAT_GATE_SYSTEM_PACKAGE\PACKAGE_PREVIEW\02_STOP_FIX_VERIFY_GATE.md",".md","569","REVIEW_REPORT"
"REVIEW_REQUIRED","Jxhnny_Kl33N_Seedz\GPT_PROMPTS_CUSTODY\20260522_213516\CUSTODY_ARCHIVE\.GPT_PROMPTS_HOME\_PACKAGE_INTAKE\PROCESSED\20260522_204912\COMPLETE_CHAT_GATE_SYSTEM_PACKAGE\PACKAGE_PREVIEW\03_SMOKE_BREAK_FOCUS_GATE.md",".md","487","REVIEW_REPORT"
"REVIEW_REQUIRED","Jxhnny_Kl33N_Seedz\GPT_PROMPTS_CUSTODY\20260522_213516\CUSTODY_ARCHIVE\.GPT_PROMPTS_HOME\_PACKAGE_INTAKE\PROCESSED\20260522_204912\COMPLETE_CHAT_GATE_SYSTEM_PACKAGE\PACKAGE_PREVIEW\04_CONDENSE_SOURCE_LINK_GATE.md",".md","561","REVIEW_REPORT"
"REVIEW_REQUIRED","Jxhnny_Kl33N_Seedz\GPT_PROMPTS_CUSTODY\20260522_213516\CUSTODY_ARCHIVE\.GPT_PROMPTS_HOME\_PACKAGE_INTAKE\PROCESSED\20260522_204912\COMPLETE_CHAT_GATE_SYSTEM_PACKAGE\PACKAGE_PREVIEW\05_SELF_AUDIT_IDEA_CAPTURE_GATE.md",".md","513","REVIEW_REPORT"
"REVIEW_REQUIRED","Jxhnny_Kl33N_Seedz\GPT_PROMPTS_CUSTODY\20260522_213516\CUSTODY_ARCHIVE\.GPT_PROMPTS_HOME\_PACKAGE_INTAKE\PROCESSED\20260522_204912\COMPLETE_CHAT_GATE_SYSTEM_PACKAGE\PACKAGE_PREVIEW\06_START_OVER_CARRY_FORWARD_GATE.md",".md","469","REVIEW_REPORT"
"REVIEW_REQUIRED","Jxhnny_Kl33N_Seedz\GPT_PROMPTS_CUSTODY\20260522_213516\CUSTODY_ARCHIVE\.GPT_PROMPTS_HOME\_PACKAGE_INTAKE\PROCESSED\20260522_204912\COMPLETE_CHAT_GATE_SYSTEM_PACKAGE\PACKAGE_PREVIEW\07_NEIGHBOR_COMPOUND_GROWTH_GATE.md",".md","511","REVIEW_REPORT"
"REVIEW_REQUIRED","Jxhnny_Kl33N_Seedz\GPT_PROMPTS_CUSTODY\20260522_213516\CUSTODY_ARCHIVE\.GPT_PROMPTS_HOME\_PACKAGE_INTAKE\PROCESSED\20260522_204912\COMPLETE_CHAT_GATE_SYSTEM_PACKAGE\PACKAGE_PREVIEW\08_LOCAL_ONLY_PROMPT_PACKAGE_GATE.md",".md","514","REVIEW_REPORT"
"REVIEW_REQUIRED","Jxhnny_Kl33N_Seedz\GPT_PROMPTS_CUSTODY\20260522_213516\CUSTODY_ARCHIVE\.GPT_PROMPTS_HOME\_PACKAGE_INTAKE\PROCESSED\20260522_204912\COMPLETE_CHAT_GATE_SYSTEM_PACKAGE\PACKAGE_PREVIEW\09_SINGLE_LOAD_CARD.md",".md","808","REVIEW_REPORT"
"REVIEW_REQUIRED","Jxhnny_Kl33N_Seedz\GPT_PROMPTS_CUSTODY\20260522_213516\CUSTODY_ARCHIVE\.GPT_PROMPTS_HOME\_PACKAGE_INTAKE\PROCESSED\20260522_204912\COMPLETE_CHAT_GATE_SYSTEM_PACKAGE\PACKAGE_PREVIEW\10_BABBLING_FOOL_GATE.md",".md","519","REVIEW_REPORT"
"REVIEW_REQUIRED","Jxhnny_Kl33N_Seedz\GPT_PROMPTS_CUSTODY\20260522_213516\CUSTODY_ARCHIVE\.GPT_PROMPTS_HOME\_PACKAGE_INTAKE\PROCESSED\20260522_204912\COMPLETE_CHAT_GATE_SYSTEM_PACKAGE\PACKAGE_PREVIEW\11_SUIT_ADOPT_ADAPT_GATE.md",".md","524","REVIEW_REPORT"
"REVIEW_REQUIRED","Jxhnny_Kl33N_Seedz\GPT_PROMPTS_CUSTODY\20260522_213516\CUSTODY_ARCHIVE\.GPT_PROMPTS_HOME\_PACKAGE_INTAKE\PROCESSED\20260522_204912\COMPLETE_CHAT_GATE_SYSTEM_PACKAGE\PACKAGE_PREVIEW\12_LIVE_IDEA_INTAKE_AND_NEIGHBOR_HANDOFF_GATE.md",".md","432","PACKET_OR_ORDER"
"REVIEW_REQUIRED","Jxhnny_Kl33N_Seedz\GPT_PROMPTS_CUSTODY\20260522_213516\CUSTODY_ARCHIVE\.GPT_PROMPTS_HOME\_PACKAGE_INTAKE\PROCESSED\20260522_204912\COMPLETE_CHAT_GATE_SYSTEM_PACKAGE\PACKAGE_PREVIEW\13_HOUSE_LINKED_CHAT_SUIT_ARMATURE_GATE.md",".md","456","REVIEW_REPORT"
"REVIEW_REQUIRED","Jxhnny_Kl33N_Seedz\GPT_PROMPTS_CUSTODY\20260522_213516\CUSTODY_ARCHIVE\.GPT_PROMPTS_HOME\_PACKAGE_INTAKE\PROCESSED\20260522_204912\COMPLETE_CHAT_GATE_SYSTEM_PACKAGE\PACKAGE_PREVIEW\14_CHAT_SUIT_HOUSE_LINK_MAP.md",".md","1272","REVIEW_REPORT"
"REVIEW_REQUIRED","Jxhnny_Kl33N_Seedz\GPT_PROMPTS_CUSTODY\20260522_213516\CUSTODY_ARCHIVE\.GPT_PROMPTS_HOME\_PACKAGE_INTAKE\PROCESSED\20260522_204912\COMPLETE_CHAT_GATE_SYSTEM_PACKAGE\PACKAGE_PREVIEW\15_RESPECTFUL_SUIT_MAP_AND_FORKS_GATE.md",".md","609","REVIEW_REPORT"
"REVIEW_REQUIRED","Jxhnny_Kl33N_Seedz\GPT_PROMPTS_CUSTODY\20260522_213516\CUSTODY_ARCHIVE\.GPT_PROMPTS_HOME\_PACKAGE_INTAKE\PROCESSED\20260522_204912\COMPLETE_CHAT_GATE_SYSTEM_PACKAGE\PACKAGE_PREVIEW\16_SOURCE_LINKS_AND_PROOF.md",".md","996","REVIEW_REPORT"
"REVIEW_REQUIRED","Jxhnny_Kl33N_Seedz\GPT_PROMPTS_CUSTODY\20260522_213516\CUSTODY_ARCHIVE\.GPT_PROMPTS_HOME\_PACKAGE_INTAKE\PROCESSED\20260522_204912\COMPLETE_CHAT_GATE_SYSTEM_PACKAGE\PACKAGE_PREVIEW\MANIFEST.md",".md","732","MANIFEST"
"REVIEW_REQUIRED","Jxhnny_Kl33N_Seedz\GPT_PROMPTS_CUSTODY\20260522_213516\CUSTODY_ARCHIVE\_PACKAGE_INTAKE\RUN_DEEP_COBWEB_HOUSE_SCAN_RESTART_V1.2.ps1",".ps1","26341","SCRIPT_OR_RUNNER"
"REVIEW_REQUIRED","Jxhnny_Kl33N_Seedz\GPT_PROMPTS_CUSTODY\DOWNLOADS_LOOSE_CANDIDATES\20260523_001601\MULE_REVIEW_ASSISTANT_LOCAL_STABILIZATION_HANDOFF_PACKET_V1.zip",".zip","7314","PACKET_OR_ORDER"
"REVIEW_REQUIRED","Jxhnny_Kl33N_Seedz\GPT_PROMPTS_CUSTODY\DOWNLOADS_LOOSE_CANDIDATES\20260523_001601\RUN_MULE_REVIEW_AFTER_SAME_SHAPE_HOUSE_WALK_V1.0.ps1",".ps1","11453","REVIEW_REPORT"
"REVIEW_REQUIRED","Jxhnny_Kl33N_Seedz\GPT_PROMPTS_CUSTODY\DOWNLOADS_LOOSE_CANDIDATES\20260523_001601\TECH_MODEL_STATE_REVIEW_PROMPT_20260511.txt",".txt","1027","REVIEW_REPORT"
"REVIEW_REQUIRED","Jxhnny_Kl33N_Seedz\GPT_PROMPTS_CUSTODY\REVIEWED_DESKTOP_NEW_BUNDLES\new_20260522_223559\CHAT_COCKPIT_V1.md",".md","9716","REVIEW_REPORT"
"REVIEW_REQUIRED","Jxhnny_Kl33N_Seedz\GPT_PROMPTS_CUSTODY\REVIEWED_DESKTOP_NEW_BUNDLES\new_20260522_223559\CHAT_DROP_COPY__BEFORE_AFTER_SAME_SHAPE_HOUSE_WALK_METHOD_V1.0.md",".md","1779","REVIEW_REPORT"
"REVIEW_REQUIRED","Jxhnny_Kl33N_Seedz\GPT_PROMPTS_CUSTODY\REVIEWED_DESKTOP_NEW_BUNDLES\new_20260522_223559\CHAT_DROP_COPY__BURNING_NOTES_PROTOCOL_V1.4.md",".md","1369","REVIEW_REPORT"
"REVIEW_REQUIRED","Jxhnny_Kl33N_Seedz\GPT_PROMPTS_CUSTODY\REVIEWED_DESKTOP_NEW_BUNDLES\new_20260522_223559\CHAT_DROP_COPY__CHAT_COCKPIT_ROUTER_MAP_V1.0 (2).md",".md","7221","REVIEW_REPORT"
"REVIEW_REQUIRED","Jxhnny_Kl33N_Seedz\GPT_PROMPTS_CUSTODY\REVIEWED_DESKTOP_NEW_BUNDLES\new_20260522_223559\CHAT_DROP_COPY__CHAT_COCKPIT_ROUTER_MAP_V1.0.md",".md","8608","REVIEW_REPORT"
"REVIEW_REQUIRED","Jxhnny_Kl33N_Seedz\GPT_PROMPTS_CUSTODY\REVIEWED_DESKTOP_NEW_BUNDLES\new_20260522_223559\CHAT_DROP_COPY__CHAT_COCKPIT_V1.md",".md","9716","REVIEW_REPORT"
"REVIEW_REQUIRED","Jxhnny_Kl33N_Seedz\GPT_PROMPTS_CUSTODY\REVIEWED_DESKTOP_NEW_BUNDLES\new_20260522_223559\CHAT_DROP_COPY__CHAT_HOUSE_RULES_COCKPIT_CARD_APPLIED_20260522.md",".md","9716","REVIEW_REPORT"
"REVIEW_REQUIRED","Jxhnny_Kl33N_Seedz\GPT_PROMPTS_CUSTODY\REVIEWED_DESKTOP_NEW_BUNDLES\new_20260522_223559\CHAT_DROP_COPY__NEW_CHAT_CHAT_RULES_REPAIR_SET_V1.2.md",".md","3391","REVIEW_REPORT"
"REVIEW_REQUIRED","Jxhnny_Kl33N_Seedz\GPT_PROMPTS_CUSTODY\REVIEWED_DESKTOP_NEW_BUNDLES\new_20260522_223559\CHAT_DROP_COPY__NEW_CHAT_CHAT_RULES_REPAIR_SET_V1.4.md",".md","4208","REVIEW_REPORT"
"REVIEW_REQUIRED","Jxhnny_Kl33N_Seedz\GPT_PROMPTS_CUSTODY\REVIEWED_DESKTOP_NEW_BUNDLES\new_20260522_223559\CHAT_DROP_COPY__SAME_SHAPE_HOUSE_WALK_WEARING_FEEL_CAPTURE_20260522.md",".md","1686","REVIEW_REPORT"
"REVIEW_REQUIRED","Jxhnny_Kl33N_Seedz\GPT_PROMPTS_CUSTODY\REVIEWED_DESKTOP_NEW_BUNDLES\new_20260522_223559\CHAT_DROP_COPY__WHY_WE_SUCK_CURRENT_ISSUE_APPLICATION_20260522_V1.1.md",".md","2236","REVIEW_REPORT"
"REVIEW_REQUIRED","Jxhnny_Kl33N_Seedz\GPT_PROMPTS_CUSTODY\REVIEWED_DESKTOP_NEW_BUNDLES\new_20260522_223559\CHAT_DROP_COPY__WHY_WE_SUCK_SOMETIMES_METHOD_V1.1.md",".md","2247","REVIEW_REPORT"
"REVIEW_REQUIRED","Jxhnny_Kl33N_Seedz\GPT_PROMPTS_CUSTODY\REVIEWED_DESKTOP_NEW_BUNDLES\new_20260522_223559\MULE_HANDOFF_ASSISTANT_LOCAL_STABILIZATION_REVIEW_V1 (2).md",".md","1440","PACKET_OR_ORDER"
"REVIEW_REQUIRED","Jxhnny_Kl33N_Seedz\GPT_PROMPTS_CUSTODY\REVIEWED_DESKTOP_NEW_BUNDLES\new_20260522_223559\MULE_HANDOFF_ASSISTANT_LOCAL_STABILIZATION_REVIEW_V1.md",".md","1820","PACKET_OR_ORDER"
"REVIEW_REQUIRED","Jxhnny_Kl33N_Seedz\HANDOFFS\MULE_MAIN_BOSS_02_LIFECYCLE_DRY_INSPECTION_HANDOFF_20260518.md",".md","4896","PACKET_OR_ORDER"
"REVIEW_REQUIRED","Jxhnny_Kl33N_Seedz\HOUSE_WORK\CHAT_COCKPIT\BATCH_SCALE_STEP_READINESS_AUDIT_RESULT_SUIT_CARD_V1_20260530.md",".md","870","REVIEW_REPORT"
"REVIEW_REQUIRED","Jxhnny_Kl33N_Seedz\HOUSE_WORK\CHAT_COCKPIT\FULL_HOUSE_WASH_V3_PROGRESS_AND_LEDGER_BRIDGE_PLAN_SUIT_CARD_V1_20260530.md",".md","1109","GENERAL"
"REVIEW_REQUIRED","Jxhnny_Kl33N_Seedz\HOUSE_WORK\CHAT_COCKPIT\MAX10_BATCH_SCALE_STEP_AUDIT_SUIT_CARD_V1_20260530.md",".md","3073","REVIEW_REPORT"
"REVIEW_REQUIRED","Jxhnny_Kl33N_Seedz\HOUSE_WORK\CHAT_COCKPIT\MAX8_BATCH_SCALE_STEP_AUDIT_SUIT_CARD_V1_20260530.md",".md","2563","REVIEW_REPORT"
"REVIEW_REQUIRED","Jxhnny_Kl33N_Seedz\HOUSE_WORK\CHAT_COCKPIT\PRE_BATCH_READINESS_ORACLE_ADVERSARIAL_AUDIT_RESULT_SUIT_CARD_V1_20260530.md",".md","824","REVIEW_REPORT"
"REVIEW_REQUIRED","Jxhnny_Kl33N_Seedz\HOUSE_WORK\CHAT_COCKPIT\PRE_BATCH_READINESS_ORACLE_ADVERSARIAL_AUDIT_SUIT_CARD_V1_20260530.md",".md","983","REVIEW_REPORT"
"REVIEW_REQUIRED","Jxhnny_Kl33N_Seedz\HOUSE_WORK\CHAT_COCKPIT\SCALE_STEP_CHAIN_PROOF_REVIEW_SUIT_CARD_V1_20260530.md",".md","1351","REVIEW_REPORT"
"REVIEW_REQUIRED","Jxhnny_Kl33N_Seedz\HOUSE_WORK\CHAT_COCKPIT\SWIFT_SCAN_SUIT_CARD_V1_20260530.md",".md","1758","GENERAL"
"REVIEW_REQUIRED","Jxhnny_Kl33N_Seedz\HOUSE_WORK\CHAT_COCKPIT\WORD_WASH_BASE_WORD_PROOF_SUIT_CARD_V1_20260530.md",".md","746","GENERAL"
"REVIEW_REQUIRED","Jxhnny_Kl33N_Seedz\HOUSE_WORK\CHAT_COCKPIT\WORD_WASH_BASE_WORD_PROOF_TRIAL_SERIES_SUIT_CARD_V1_20260530.md",".md","466","GENERAL"
"REVIEW_REQUIRED","Jxhnny_Kl33N_Seedz\HOUSE_WORK\CHAT_COCKPIT\WORD_WASH_PROOF_TRIAL_AND_PROBE_SAFE_SUIT_CARD_V1_20260530.md",".md","565","GENERAL"
"REVIEW_REQUIRED","Jxhnny_Kl33N_Seedz\HOUSE_WORK\GATE_RINGS\HOUSE_GATE_WASH_RUN_20260524\CLEAN_WASH_CHECKLIST.csv",".csv","815","GENERAL"
"REVIEW_REQUIRED","Jxhnny_Kl33N_Seedz\HOUSE_WORK\GATE_RINGS\HOUSE_GATE_WASH_RUN_20260524\CONSOLIDATED_CLEAN_WASH_REPORT.md",".md","1134","REVIEW_REPORT"
"REVIEW_REQUIRED","Jxhnny_Kl33N_Seedz\HOUSE_WORK\GATE_RINGS\HOUSE_GATE_WASH_RUN_20260524\CONSOLIDATOR_IDEA_CRUNCH_WAVE_01.csv",".csv","1674","GENERAL"
"REVIEW_REQUIRED","Jxhnny_Kl33N_Seedz\HOUSE_WORK\GATE_RINGS\HOUSE_GATE_WASH_RUN_20260524\DEFINED_GATE_CRUNCH_WAVE_02.csv",".csv","5066","GENERAL"
"REVIEW_REQUIRED","Jxhnny_Kl33N_Seedz\HOUSE_WORK\GATE_RINGS\HOUSE_GATE_WASH_RUN_20260524\GATE_WORDING_LEARNING_ROOM_20260524.md",".md","1387","GENERAL"
"REVIEW_REQUIRED","Jxhnny_Kl33N_Seedz\HOUSE_WORK\GATE_RINGS\HOUSE_GATE_WASH_RUN_20260524\GIT_SAVE_SCOPE_RECEIPT_20260524.md",".md","677","RECEIPT"
"REVIEW_REQUIRED","Jxhnny_Kl33N_Seedz\HOUSE_WORK\GATE_RINGS\HOUSE_GATE_WASH_RUN_20260524\HASH_MANIFEST_HOUSE_GATE_WASH_RUN_20260524.md",".md","1309","HASH_LEDGER"
"REVIEW_REQUIRED","Jxhnny_Kl33N_Seedz\HOUSE_WORK\GATE_RINGS\HOUSE_GATE_WASH_RUN_20260524\Invoke-HouseGateWashRun.ps1",".ps1","24351","SCRIPT_OR_RUNNER"
"REVIEW_REQUIRED","Jxhnny_Kl33N_Seedz\HOUSE_WORK\GATE_RINGS\HOUSE_GATE_WASH_RUN_20260524\NO_CONSOLIDATOR_PREWASH_SUMMARY.md",".md","860","GENERAL"
"REVIEW_REQUIRED","Jxhnny_Kl33N_Seedz\HOUSE_WORK\GATE_RINGS\HOUSE_GATE_WASH_RUN_20260524\NO_CONSOLIDATOR_TOPIC_SUMMARY.csv",".csv","758","GENERAL"
"REVIEW_REQUIRED","Jxhnny_Kl33N_Seedz\HOUSE_WORK\GATE_RINGS\HOUSE_GATE_WASH_RUN_20260524\NO_CONSOLIDATOR_WAVE_CONTRIBUTIONS_5X.csv",".csv","25387608","GENERAL"
"REVIEW_REQUIRED","Jxhnny_Kl33N_Seedz\HOUSE_WORK\GATE_RINGS\HOUSE_GATE_WASH_RUN_20260524\ORDER_ROOM_TRUE_ORDER_20260524.md",".md","1827","PACKET_OR_ORDER"
"REVIEW_REQUIRED","Jxhnny_Kl33N_Seedz\HOUSE_WORK\GATE_RINGS\HOUSE_GATE_WASH_RUN_20260524\POST_GIT_SAVE_RECEIPT_20260524.md",".md","613","RECEIPT"
"REVIEW_REQUIRED","Jxhnny_Kl33N_Seedz\HOUSE_WORK\GATE_RINGS\HOUSE_GATE_WASH_RUN_20260524\RECEIPT_HOUSE_GATE_WASH_RUN_20260524.md",".md","875","RECEIPT"
"REVIEW_REQUIRED","Jxhnny_Kl33N_Seedz\HOUSE_WORK\IDEA_CONCEPT_COLLECTION_ROOM\CANDIDATE_GOVERNANCE_AND_PROOF_LADDER_20260603\CANDIDATE_GOVERNANCE_FIRST_USE_CASE_MULE_RETURN_REVIEW_20260603.md",".md","2158","REVIEW_REPORT"
"REVIEW_REQUIRED","Jxhnny_Kl33N_Seedz\HOUSE_WORK\IDEA_CONCEPT_COLLECTION_ROOM\CANDIDATE_GOVERNANCE_AND_PROOF_LADDER_20260603\ONE_PAGE_REVIEW_MAP_20260603.md",".md","3039","REVIEW_REPORT"
"REVIEW_REQUIRED","Jxhnny_Kl33N_Seedz\HOUSE_WORK\IDEA_CONCEPT_COLLECTION_ROOM\HELPER_STRESS_BENCH_DEEP_ADDENDUMS_20260603\HELPER_STRESS_BENCH_SPEC_SELFTEST_AND_COMPATIBILITY_REVIEW_20260603.md",".md","5619","REVIEW_REPORT"
"REVIEW_REQUIRED","Jxhnny_Kl33N_Seedz\HOUSE_WORK\IDEA_CONCEPT_COLLECTION_ROOM\HELPER_STRESS_BENCH_ROW_001_STATIC_CODE_SHAPE_AND_FIXTURE_CARD_20260603\ROW_001_STATIC_FIXTURE_REVIEW_20260604.md",".md","710","REVIEW_REPORT"
"REVIEW_REQUIRED","Jxhnny_Kl33N_Seedz\HOUSE_WORK\IDEA_CONCEPT_COLLECTION_ROOM\HELPER_STRESS_BENCH_ROW_001_STATIC_CODE_SHAPE_AND_FIXTURE_CARD_20260603\ROW_001_DISPOSABLE_FIXTURE_V1\MANUAL_REVIEW_CHECKLIST_ROW_001.md",".md","1790","REVIEW_REPORT"
"REVIEW_REQUIRED","Jxhnny_Kl33N_Seedz\HOUSE_WORK\IDEA_CONCEPT_COLLECTION_ROOM\PROJECT_RECURSIVE_FLOW_AND_LANGUAGE_WASH_20260603\FAIRLIGHT_COMMAND_SURFACE_FIT_REVIEW_20260603.md",".md","1638","REVIEW_REPORT"
"REVIEW_REQUIRED","Jxhnny_Kl33N_Seedz\HOUSE_WORK\IDEA_CONCEPT_COLLECTION_ROOM\PROJECT_RECURSIVE_FLOW_AND_LANGUAGE_WASH_20260603\ONE_PAGE_REVIEW_MAP_20260603.md",".md","2666","REVIEW_REPORT"
"REVIEW_REQUIRED","Jxhnny_Kl33N_Seedz\HOUSE_WORK\IDEA_CONCEPT_COLLECTION_ROOM\PROJECT_RECURSIVE_FLOW_AND_LANGUAGE_WASH_20260603\PROJECT_GAP_LOOSE_END_GHOST_ROUTE_LEDGER_20260603.md",".md","2796","GENERAL"
"REVIEW_REQUIRED","Jxhnny_Kl33N_Seedz\HOUSE_WORK\IDEA_CONCEPT_COLLECTION_ROOM\PROJECT_RECURSIVE_FLOW_AND_LANGUAGE_WASH_20260603\PROJECT_NEXT_ACTION_ORDER_RECOMMENDATION_20260603.md",".md","2086","PACKET_OR_ORDER"
"REVIEW_REQUIRED","Jxhnny_Kl33N_Seedz\HOUSE_WORK\IDEA_CONCEPT_COLLECTION_ROOM\PROJECT_RECURSIVE_FLOW_AND_LANGUAGE_WASH_20260603\PROJECT_RECURSIVE_FLOW_AND_LANGUAGE_WASH_FILE_MANIFEST_20260603.md",".md","1582","MANIFEST"
"REVIEW_REQUIRED","Jxhnny_Kl33N_Seedz\HOUSE_WORK\IDEA_CONCEPT_COLLECTION_ROOM\PROJECT_RECURSIVE_FLOW_AND_LANGUAGE_WASH_20260603\PROJECT_RECURSIVE_FLOW_AND_LANGUAGE_WASH_FINAL_VERDICT_20260603.md",".md","1879","GENERAL"
"REVIEW_REQUIRED","Jxhnny_Kl33N_Seedz\HOUSE_WORK\IDEA_CONCEPT_COLLECTION_ROOM\PROJECT_RECURSIVE_FLOW_AND_LANGUAGE_WASH_20260603\PROJECT_RECURSIVE_FLOW_MAP_20260603.md",".md","3231","GENERAL"
"REVIEW_REQUIRED","Jxhnny_Kl33N_Seedz\HOUSE_WORK\IDEA_CONCEPT_COLLECTION_ROOM\PROJECT_RECURSIVE_FLOW_AND_LANGUAGE_WASH_20260603\PROJECT_WORD_COLLISION_AND_LEXICON_WASH_20260603.md",".md","4177","GENERAL"
"REVIEW_REQUIRED","Jxhnny_Kl33N_Seedz\HOUSE_WORK\IDEA_CONCEPT_COLLECTION_ROOM\PROJECT_RECURSIVE_FLOW_AND_LANGUAGE_WASH_20260603\WOLFRAM_PATHFINDING_RECURSIVE_FIT_REVIEW_20260603.md",".md","1656","REVIEW_REPORT"
"REVIEW_REQUIRED","Jxhnny_Kl33N_Seedz\HOUSE_WORK\IDEA_CONCEPT_COLLECTION_ROOM\ROOT_SWEEP_20260601\LOWER_CAUSE_SOURCE_FILE_AUDIT_TABLE_20260601.csv",".csv","15350","REVIEW_REPORT"
"REVIEW_REQUIRED","Jxhnny_Kl33N_Seedz\HOUSE_WORK\IDEA_CONCEPT_COLLECTION_ROOM\ROOT_SWEEP_20260603\HELPER_BLOCKER_GRAMMAR_RECOVERY_ROUTER_AFTER_ACTION_REVIEW_20260603.md",".md","2330","BLOCKER"
"REVIEW_REQUIRED","Jxhnny_Kl33N_Seedz\HOUSE_WORK\IDEA_CONCEPT_COLLECTION_ROOM\RULIOLOGICAL_STRATEGY_BENCH_V0_2_20260604\RULIOLOGICAL_STRATEGY_BENCH_PROMOTION_REVIEW_TEMPLATE_V0_2_20260604.md",".md","1702","REVIEW_REPORT"
"REVIEW_REQUIRED","Jxhnny_Kl33N_Seedz\HOUSE_WORK\IDEA_CONCEPT_COLLECTION_ROOM\WHOLE_HOUSE_INTAKE_WASH_SPEC_REVIEW_20260603\ADDENDUM_INDEX_20260603.md",".md","5271","REVIEW_REPORT"
"REVIEW_REQUIRED","Jxhnny_Kl33N_Seedz\HOUSE_WORK\IDEA_CONCEPT_COLLECTION_ROOM\WHOLE_HOUSE_INTAKE_WASH_SPEC_REVIEW_20260603\CHANGE_LEDGER_20260603.md",".md","2670","REVIEW_REPORT"
"REVIEW_REQUIRED","Jxhnny_Kl33N_Seedz\HOUSE_WORK\IDEA_CONCEPT_COLLECTION_ROOM\WHOLE_HOUSE_INTAKE_WASH_SPEC_REVIEW_20260603\ONE_PAGE_REVIEW_MAP_20260603.md",".md","2816","REVIEW_REPORT"
"REVIEW_REQUIRED","Jxhnny_Kl33N_Seedz\HOUSE_WORK\IDEA_CONCEPT_COLLECTION_ROOM\WHOLE_HOUSE_INTAKE_WASH_SPEC_REVIEW_20260603\OPEN_QUESTIONS_20260603.md",".md","1985","REVIEW_REPORT"
"REVIEW_REQUIRED","Jxhnny_Kl33N_Seedz\HOUSE_WORK\IDEA_CONCEPT_COLLECTION_ROOM\WHOLE_HOUSE_INTAKE_WASH_SPEC_REVIEW_20260603\PROOF_CHECKLIST_20260603.md",".md","4007","REVIEW_REPORT"
"REVIEW_REQUIRED","Jxhnny_Kl33N_Seedz\HOUSE_WORK\IDEA_CONCEPT_COLLECTION_ROOM\WHOLE_HOUSE_INTAKE_WASH_SPEC_REVIEW_20260603\SOURCE_LINE_REFERENCE_INDEX_20260603.md",".md","3688","REVIEW_REPORT"
"REVIEW_REQUIRED","Jxhnny_Kl33N_Seedz\HOUSE_WORK\IDEA_CONCEPT_COLLECTION_ROOM\WHOLE_HOUSE_INTAKE_WASH_SPEC_REVIEW_20260603\WHOLE_HOUSE_INTAKE_WASH_SPEC_REVIEW_ADDENDUM_MULE_REPORT_20260603.md",".md","19035","REVIEW_REPORT"
"REVIEW_REQUIRED","Jxhnny_Kl33N_Seedz\HOUSE_WORK\IDEA_CONCEPT_COLLECTION_ROOM\WHOLE_LIST_ORDERED_CLOSEOUT_20260603\WHOLE_LIST_ORDERED_CLOSEOUT_STARTING_POINT_REVIEW_20260603.md",".md","6949","PACKET_OR_ORDER"
"REVIEW_REQUIRED","Jxhnny_Kl33N_Seedz\HOUSE_WORK\INTAKE\123_NON_GIT_AUDIT_20260522\123_NON_GIT_AUDIT_PHASE1_COPY_RECEIPT_20260522.txt",".txt","5995","RECEIPT"
"REVIEW_REQUIRED","Jxhnny_Kl33N_Seedz\HOUSE_WORK\INTAKE\123_NON_GIT_AUDIT_20260522\HANDOFFS\MULE_HANDOFF_DENSE_IDEA_REVISE_RULE_DEEP_DIVE_20260521.md",".md","1675","PACKET_OR_ORDER"
"REVIEW_REQUIRED","Jxhnny_Kl33N_Seedz\HOUSE_WORK\INTAKE\123_NON_GIT_AUDIT_20260522\HANDOFFS\MULE_HANDOFF_RULE_NERVOUS_SYSTEM_DEEP_DIVE_20260521.md",".md","4588","PACKET_OR_ORDER"
"REVIEW_REQUIRED","Jxhnny_Kl33N_Seedz\HOUSE_WORK\INTAKE\123_NON_GIT_AUDIT_20260522\HANDOFFS\MULE_KICKOFF_RULE_NERVOUS_SYSTEM_DEEP_DIVE_20260521.txt",".txt","3360","PACKET_OR_ORDER"
"REVIEW_REQUIRED","Jxhnny_Kl33N_Seedz\HOUSE_WORK\INTAKE\123_NON_GIT_AUDIT_20260522\MANIFESTS\MANIFEST_COMMON_SENSE_RESEARCH_PACKET_20260521.md",".md","1103","MANIFEST"
"REVIEW_REQUIRED","Jxhnny_Kl33N_Seedz\HOUSE_WORK\INTAKE\123_NON_GIT_AUDIT_20260522\MANIFESTS\MANIFEST_DENSE_IDEA_REVISE_RULE_PACKET_20260521.md",".md","1525","MANIFEST"
"REVIEW_REQUIRED","Jxhnny_Kl33N_Seedz\HOUSE_WORK\INTAKE\123_NON_GIT_AUDIT_20260522\MANIFESTS\MANIFEST_RULE_NERVOUS_SYSTEM_DEEP_DIVE_PACKET_20260521.md",".md","957","MANIFEST"
"REVIEW_REQUIRED","Jxhnny_Kl33N_Seedz\HOUSE_WORK\INTAKE\123_NON_GIT_AUDIT_20260522\SOURCE\COMMON_SENSE_DEEP_RESEARCH_PAPER_20260521.md",".md","34173","REVIEW_REPORT"
"REVIEW_REQUIRED","Jxhnny_Kl33N_Seedz\HOUSE_WORK\INTAKE\123_NON_GIT_AUDIT_20260522\SOURCE\COMMON_SENSE_HOUSE_ABILITY_CAPTURE_AND_RULE_DRAFT_20260521.md",".md","3918","REVIEW_REPORT"
"REVIEW_REQUIRED","Jxhnny_Kl33N_Seedz\HOUSE_WORK\INTAKE\123_NON_GIT_AUDIT_20260522\SOURCE\COMMON_SENSE_SOURCE_MAP_20260521.md",".md","5708","REVIEW_REPORT"
"REVIEW_REQUIRED","Jxhnny_Kl33N_Seedz\HOUSE_WORK\INTAKE\123_NON_GIT_AUDIT_20260522\SOURCE\DENSE_IDEA_REVISE_RULE_DEEP_RESEARCH_AND_LIVING_RULE_PACKET_20260521.md",".md","35363","PACKET_OR_ORDER"
"REVIEW_REQUIRED","Jxhnny_Kl33N_Seedz\HOUSE_WORK\INTAKE\123_NON_GIT_AUDIT_20260522\SOURCE\LIVING_RULE_DENSE_IDEA_REVISE_INTAKE_RULE_DRAFT_20260521.md",".md","3090","REVIEW_REPORT"
"REVIEW_REQUIRED","Jxhnny_Kl33N_Seedz\HOUSE_WORK\INTAKE\123_NON_GIT_AUDIT_20260522\SOURCE\TEMPLATES_DENSE_IDEA_REVISE_RULE_TOOLKIT_20260521.md",".md","3220","REVIEW_REPORT"
"REVIEW_REQUIRED","Jxhnny_Kl33N_Seedz\HOUSE_WORK\ISSUE_MAPS\BIG_BOY_CHAT_ROOT_DOCS_10_LOOP_HOUSE_WASH_20260525.md",".md","15170","GENERAL"
"REVIEW_REQUIRED","Jxhnny_Kl33N_Seedz\HOUSE_WORK\ISSUE_MAPS\ROOT_DOOR_WASH_ATTENTION_FEYNMAN_BLOCKCHAIN_20260525.md",".md","14470","BLOCKER"
"REVIEW_REQUIRED","Jxhnny_Kl33N_Seedz\HOUSE_WORK\ISSUE_MAPS\ROOT_DOOR_WASH_RESONANCE_PETERSON_20260525.md",".md","11510","GENERAL"
"REVIEW_REQUIRED","Jxhnny_Kl33N_Seedz\HOUSE_WORK\ISSUE_MAPS\ROOT_TRANSCRIPT_BACKLOG_MUTED_GATE_WASH_20260526.md",".md","6244","SCRIPT_OR_RUNNER"
"REVIEW_REQUIRED","Jxhnny_Kl33N_Seedz\HOUSE_WORK\MAIN_BOSS_02_LIFECYCLE_REVIEW\MAIN_BOSS_02_COMPLETE_THOROUGH_REVIEW_20260518.txt",".txt","26010","REVIEW_REPORT"
"REVIEW_REQUIRED","Jxhnny_Kl33N_Seedz\HOUSE_WORK\MAIN_BOSS_02_LIFECYCLE_REVIEW\MAIN_BOSS_02_EXPANDED_FILE_REVIEW_NOTES_20260518.txt",".txt","12568","REVIEW_REPORT"
"REVIEW_REQUIRED","Jxhnny_Kl33N_Seedz\HOUSE_WORK\MAIN_BOSS_02_LIFECYCLE_REVIEW\MAIN_BOSS_02_FOLLOWUP_REVIEW_NOTES_20260518.txt",".txt","2869","REVIEW_REPORT"
"REVIEW_REQUIRED","Jxhnny_Kl33N_Seedz\HOUSE_WORK\MAIN_BOSS_02_LIFECYCLE_REVIEW\MAIN_BOSS_02_FULL_FILE_REVIEW_NOTES_20260518.txt",".txt","10560","REVIEW_REPORT"
"REVIEW_REQUIRED","Jxhnny_Kl33N_Seedz\HOUSE_WORK\MAIN_BOSS_02_LIFECYCLE_REVIEW\README.md",".md","1211","REVIEW_REPORT"
"REVIEW_REQUIRED","Jxhnny_Kl33N_Seedz\HOUSE_WORK\PLACEMENT_REVIEWS\MIDDLE_ROOM_SOFT_TRIAL_REVIEW_20260518.md",".md","2756","REVIEW_REPORT"
"REVIEW_REQUIRED","Jxhnny_Kl33N_Seedz\HOUSE_WORK\PROJECT_COMMAND_CENTER_UI_LANE\RECEIPTS\EXACT_SET_SAVE_AND_TOP_DOWN_HELPER_REVIEW_MANIFEST_20260604.csv",".csv","2813","RECEIPT"
"REVIEW_REQUIRED","Jxhnny_Kl33N_Seedz\HOUSE_WORK\PROJECT_COMMAND_CENTER_UI_LANE\RECEIPTS\EXACT_SET_SAVE_AND_TOP_DOWN_HELPER_REVIEW_RECEIPT_20260604.txt",".txt","3913","RECEIPT"
"REVIEW_REQUIRED","Jxhnny_Kl33N_Seedz\HOUSE_WORK\PROJECT_COMMAND_CENTER_UI_LANE\RECEIPTS\EXACT_SET_SAVE_AND_TOP_DOWN_HELPER_REVIEW_ROLLBACK_MANIFEST_20260604.csv",".csv","1435","RECEIPT"
"REVIEW_REQUIRED","Jxhnny_Kl33N_Seedz\HOUSE_WORK\PROJECT_COMMAND_CENTER_UI_LANE\SOURCE_HANDOFFS\MULE_HANDOFF_EXACT_SET_SAVE_AND_TOP_DOWN_HELPER_REVIEW_20260604.md",".md","10986","PACKET_OR_ORDER"
"REVIEW_REQUIRED","Jxhnny_Kl33N_Seedz\HOUSE_WORK\RUNTIME_KERNEL_RUNS\RUNTIME_KERNEL_BLOCKED_CHILD_RECOVERY_REVIEW_20260518_002256.md",".md","2122","BLOCKER"
"REVIEW_REQUIRED","Jxhnny_Kl33N_Seedz\HOUSE_WORK\RUNTIME_KERNEL_RUNS\RUNTIME_KERNEL_CONCURRENT_WRITE_SAFETY_REVIEW_20260518_002837.md",".md","2387","REVIEW_REPORT"
"REVIEW_REQUIRED","Jxhnny_Kl33N_Seedz\HOUSE_WORK\RUNTIME_KERNEL_RUNS\RUNTIME_KERNEL_CROSS_FILE_REFERENCE_REVIEW_20260518_002611.md",".md","2446","REVIEW_REPORT"
"REVIEW_REQUIRED","Jxhnny_Kl33N_Seedz\HOUSE_WORK\RUNTIME_KERNEL_RUNS\RUNTIME_KERNEL_DRY_RUN_REVIEW_20260518_001524.md",".md","2673","REVIEW_REPORT"
"REVIEW_REQUIRED","Jxhnny_Kl33N_Seedz\HOUSE_WORK\RUNTIME_KERNEL_RUNS\RUNTIME_KERNEL_DRY_RUN_REVIEW_20260518_001537.md",".md","2673","REVIEW_REPORT"
"REVIEW_REQUIRED","Jxhnny_Kl33N_Seedz\HOUSE_WORK\RUNTIME_KERNEL_RUNS\RUNTIME_KERNEL_DUPLICATE_EVENT_REVIEW_20260518_001840.md",".md","1699","REVIEW_REPORT"
"REVIEW_REQUIRED","Jxhnny_Kl33N_Seedz\HOUSE_WORK\RUNTIME_KERNEL_RUNS\RUNTIME_KERNEL_DUPLICATE_EVENT_REVIEW_20260518_001926.md",".md","1699","REVIEW_REPORT"
"REVIEW_REQUIRED","Jxhnny_Kl33N_Seedz\HOUSE_WORK\RUNTIME_KERNEL_RUNS\RUNTIME_KERNEL_INDEX_LOOKUP_REVIEW_20260518_002718.md",".md","2028","REVIEW_REPORT"
"REVIEW_REQUIRED","Jxhnny_Kl33N_Seedz\HOUSE_WORK\RUNTIME_KERNEL_RUNS\RUNTIME_KERNEL_LEDGER_APPEND_RETRIEVAL_REVIEW_20260518_001732.md",".md","1877","REVIEW_REPORT"
"REVIEW_REQUIRED","Jxhnny_Kl33N_Seedz\HOUSE_WORK\RUNTIME_KERNEL_RUNS\RUNTIME_KERNEL_MALFORMED_ROW_RECOVERY_REVIEW_20260518_002040.md",".md","1931","REVIEW_REPORT"
"REVIEW_REQUIRED","Jxhnny_Kl33N_Seedz\HOUSE_WORK\RUNTIME_KERNEL_RUNS\RUNTIME_KERNEL_MULTI_NODE_PARENT_CHILD_CLOSE_REVIEW_20260518_002156.md",".md","1978","REVIEW_REPORT"
"REVIEW_REQUIRED","Jxhnny_Kl33N_Seedz\HOUSE_WORK\RUNTIME_KERNEL_RUNS\RUNTIME_KERNEL_OPEN_CHILD_REFUSAL_REVIEW_20260518_002355.md",".md","1913","REVIEW_REPORT"
"REVIEW_REQUIRED","Jxhnny_Kl33N_Seedz\HOUSE_WORK\RUNTIME_KERNEL_RUNS\RUNTIME_KERNEL_STATUS_CANDIDATE_CLOSE_REVIEW_20260518_004915.md",".md","2369","REVIEW_REPORT"
"BLOCK_STOP","HOUSE_WORK\PROJECT_COMMAND_CENTER_UI_LANE\CHUNKED_ACCEPTANCE_GROWTH_REVIEW_20260606\BLOCKER_BURNDOWN_AND_ADDITIONS__DUAL_COMMAND_CENTER_L0_AND_PROTOCOL_20260606.md",".md","7477","BLOCKER"
"BLOCK_STOP","Jxhnny_Kl33N_Seedz\BRAIN_LEARNING\AUTO_CRIME_SCENE_READBACK_ON_BLOCKER_RULE_20260530.md",".md","1068","BLOCKER"
"BLOCK_STOP","Jxhnny_Kl33N_Seedz\BRAIN_LEARNING\CURRENT_CHAIN_CLOSE_HOLD_CHECK_20260528.md",".md","6837","GENERAL"
"BLOCK_STOP","Jxhnny_Kl33N_Seedz\BRAIN_LEARNING\DAILY_GROWTH_LOG_HOLDING_PERIOD_RULE_20260519.md",".md","1189","GENERAL"
"BLOCK_STOP","Jxhnny_Kl33N_Seedz\BRAIN_LEARNING\HELPER_BLOCKER_GRAMMAR_RECOVERY_ROUTER_RULE_20260603.md",".md","1974","BLOCKER"
"BLOCK_STOP","Jxhnny_Kl33N_Seedz\BRAIN_LEARNING\HOLD_SIGNAL_BEFORE_SHAPE_SOFT_SUIT_CANDIDATE_20260524.md",".md","2713","GENERAL"
"BLOCK_STOP","Jxhnny_Kl33N_Seedz\BRAIN_LEARNING\MANUAL_CHAINED_PROOF_QUESTION_FIT_AND_BLOCKED_SELECTION_RULE_20260530.md",".md","1647","BLOCKER"
"BLOCK_STOP","Jxhnny_Kl33N_Seedz\BRAIN_LEARNING\POWERSHELL_EMPTY_CONTENT_WRITE_BLOCKED_RULE_20260530.md",".md","1555","BLOCKER"
"BLOCK_STOP","Jxhnny_Kl33N_Seedz\CleanSeedsBuild\PROOF_HISTORY\LOCALBOT_HIGH_QUARANTINE_IMPORT_OPTION_20260511.txt",".txt","1476","GENERAL"
"BLOCK_STOP","Jxhnny_Kl33N_Seedz\CleanSeedsBuild\PROOF_HISTORY\MANUAL_LANE_VS_QUARANTINE_COMPARISON_20260510.txt",".txt","11302","GENERAL"
"BLOCK_STOP","Jxhnny_Kl33N_Seedz\CleanSeedsBuild\PROOF_HISTORY\RECEIPT_LOCALBOT_HIGH_QUARANTINE_IMPORT_OPTION_20260511.txt",".txt","605","RECEIPT"
"BLOCK_STOP","Jxhnny_Kl33N_Seedz\CleanSeedsBuild\PROOF_HISTORY\RECYCLE_BIN_QUARANTINE_RECOVERY_PLAN_20260510.txt",".txt","5377","GENERAL"
"BLOCK_STOP","Jxhnny_Kl33N_Seedz\CleanSeedsBuild\PROOF_HISTORY\RECYCLE_BIN_QUARANTINE_20260510\RECYCLE_BIN_QUARANTINE_LEDGER_20260510.txt",".txt","50007","GENERAL"
"BLOCK_STOP","Jxhnny_Kl33N_Seedz\CleanSeedsBuild\PROOF_HISTORY\RECYCLE_BIN_QUARANTINE_20260510\ITEM_0001__EVIDENCE_ARCHIVE_MANIFEST.txt\EVIDENCE_ARCHIVE_MANIFEST.txt",".txt","874","MANIFEST"
"BLOCK_STOP","Jxhnny_Kl33N_Seedz\CleanSeedsBuild\PROOF_HISTORY\RECYCLE_BIN_QUARANTINE_20260510\ITEM_0001__EVIDENCE_ARCHIVE_MANIFEST.txt\ITEM_CHAIN_OF_CUSTODY.txt",".txt","1018","MANIFEST"
"BLOCK_STOP","Jxhnny_Kl33N_Seedz\CleanSeedsBuild\PROOF_HISTORY\RECYCLE_BIN_QUARANTINE_20260510\ITEM_0002__CLEAN_SEED_ALIGNMENT_CHECK.txt\ITEM_CHAIN_OF_CUSTODY.txt",".txt","1020","GENERAL"
"BLOCK_STOP","Jxhnny_Kl33N_Seedz\CleanSeedsBuild\PROOF_HISTORY\RECYCLE_BIN_QUARANTINE_20260510\ITEM_0003__README_START_HERE.txt\ITEM_CHAIN_OF_CUSTODY.txt",".txt","999","GENERAL"
"BLOCK_STOP","Jxhnny_Kl33N_Seedz\CleanSeedsBuild\PROOF_HISTORY\RECYCLE_BIN_QUARANTINE_20260510\ITEM_0003__README_START_HERE.txt\README_START_HERE.txt",".txt","31676","GENERAL"
"BLOCK_STOP","Jxhnny_Kl33N_Seedz\CleanSeedsBuild\PROOF_HISTORY\RECYCLE_BIN_QUARANTINE_20260510\ITEM_0004__CLEAN_SEED_WRAP_GUIDE.txt\CLEAN_SEED_WRAP_GUIDE.txt",".txt","99144","GENERAL"
"BLOCK_STOP","Jxhnny_Kl33N_Seedz\CleanSeedsBuild\PROOF_HISTORY\RECYCLE_BIN_QUARANTINE_20260510\ITEM_0004__CLEAN_SEED_WRAP_GUIDE.txt\ITEM_CHAIN_OF_CUSTODY.txt",".txt","1026","GENERAL"
"BLOCK_STOP","Jxhnny_Kl33N_Seedz\CleanSeedsBuild\PROOF_HISTORY\RECYCLE_BIN_QUARANTINE_20260510\ITEM_0005__README_START_HERE.txt\ITEM_CHAIN_OF_CUSTODY.txt",".txt","993","GENERAL"
"BLOCK_STOP","Jxhnny_Kl33N_Seedz\CleanSeedsBuild\PROOF_HISTORY\RECYCLE_BIN_QUARANTINE_20260510\ITEM_0005__README_START_HERE.txt\README_START_HERE.txt",".txt","20222","GENERAL"
"BLOCK_STOP","Jxhnny_Kl33N_Seedz\CleanSeedsBuild\PROOF_HISTORY\RECYCLE_BIN_QUARANTINE_20260510\ITEM_0006__CLEAN_SEED_WRAP_GUIDE.txt\CLEAN_SEED_WRAP_GUIDE.txt",".txt","30880","GENERAL"
"BLOCK_STOP","Jxhnny_Kl33N_Seedz\CleanSeedsBuild\PROOF_HISTORY\RECYCLE_BIN_QUARANTINE_20260510\ITEM_0006__CLEAN_SEED_WRAP_GUIDE.txt\ITEM_CHAIN_OF_CUSTODY.txt",".txt","1001","GENERAL"
"BLOCK_STOP","Jxhnny_Kl33N_Seedz\CleanSeedsBuild\PROOF_HISTORY\RECYCLE_BIN_QUARANTINE_20260510\ITEM_0007__CLEAN_SEED_WRAP_GUIDE.txt\CLEAN_SEED_WRAP_GUIDE.txt",".txt","49379","GENERAL"
"BLOCK_STOP","Jxhnny_Kl33N_Seedz\CleanSeedsBuild\PROOF_HISTORY\RECYCLE_BIN_QUARANTINE_20260510\ITEM_0007__CLEAN_SEED_WRAP_GUIDE.txt\ITEM_CHAIN_OF_CUSTODY.txt",".txt","1020","GENERAL"
"BLOCK_STOP","Jxhnny_Kl33N_Seedz\CleanSeedsBuild\PROOF_HISTORY\RECYCLE_BIN_QUARANTINE_20260510\ITEM_0008__README_START_HERE.txt\ITEM_CHAIN_OF_CUSTODY.txt",".txt","1000","GENERAL"
"BLOCK_STOP","Jxhnny_Kl33N_Seedz\CleanSeedsBuild\PROOF_HISTORY\RECYCLE_BIN_QUARANTINE_20260510\ITEM_0008__README_START_HERE.txt\README_START_HERE.txt",".txt","61131","GENERAL"
"BLOCK_STOP","Jxhnny_Kl33N_Seedz\CleanSeedsBuild\PROOF_HISTORY\RECYCLE_BIN_QUARANTINE_20260510\ITEM_0009__README_START_HERE.txt\ITEM_CHAIN_OF_CUSTODY.txt",".txt","999","GENERAL"
"BLOCK_STOP","Jxhnny_Kl33N_Seedz\CleanSeedsBuild\PROOF_HISTORY\RECYCLE_BIN_QUARANTINE_20260510\ITEM_0009__README_START_HERE.txt\README_START_HERE.txt",".txt","23741","GENERAL"
"BLOCK_STOP","Jxhnny_Kl33N_Seedz\CleanSeedsBuild\PROOF_HISTORY\RECYCLE_BIN_QUARANTINE_20260510\ITEM_0010__DOCTRINE_CLOSURE_AUDIT_CLEAN_JUDGMENT.txt\DOCTRINE_CLOSURE_AUDIT_CLEAN_JUDGMENT.txt",".txt","12122","REVIEW_REPORT"
"BLOCK_STOP","Jxhnny_Kl33N_Seedz\CleanSeedsBuild\PROOF_HISTORY\RECYCLE_BIN_QUARANTINE_20260510\ITEM_0010__DOCTRINE_CLOSURE_AUDIT_CLEAN_JUDGMENT.txt\ITEM_CHAIN_OF_CUSTODY.txt",".txt","1060","REVIEW_REPORT"
"BLOCK_STOP","Jxhnny_Kl33N_Seedz\CleanSeedsBuild\PROOF_HISTORY\RECYCLE_BIN_QUARANTINE_20260510\ITEM_0011__CLEAN_SEED_ALIGNMENT_CHECK.txt\CLEAN_SEED_ALIGNMENT_CHECK.txt",".txt","114860","GENERAL"
"BLOCK_STOP","Jxhnny_Kl33N_Seedz\CleanSeedsBuild\PROOF_HISTORY\RECYCLE_BIN_QUARANTINE_20260510\ITEM_0011__CLEAN_SEED_ALIGNMENT_CHECK.txt\ITEM_CHAIN_OF_CUSTODY.txt",".txt","1036","GENERAL"
"BLOCK_STOP","Jxhnny_Kl33N_Seedz\CleanSeedsBuild\PROOF_HISTORY\RECYCLE_BIN_QUARANTINE_20260510\ITEM_0012__CLEAN_SEED_VISUAL_MAP.html\CLEAN_SEED_VISUAL_MAP.html",".html","8145","GENERAL"
"BLOCK_STOP","Jxhnny_Kl33N_Seedz\CleanSeedsBuild\PROOF_HISTORY\RECYCLE_BIN_QUARANTINE_20260510\ITEM_0012__CLEAN_SEED_VISUAL_MAP.html\ITEM_CHAIN_OF_CUSTODY.txt",".txt","1029","GENERAL"
"BLOCK_STOP","Jxhnny_Kl33N_Seedz\CleanSeedsBuild\PROOF_HISTORY\RECYCLE_BIN_QUARANTINE_20260510\ITEM_0013__EVIDENCE_ARCHIVE_MANIFEST.txt\EVIDENCE_ARCHIVE_MANIFEST.txt",".txt","747","MANIFEST"
"BLOCK_STOP","Jxhnny_Kl33N_Seedz\CleanSeedsBuild\PROOF_HISTORY\RECYCLE_BIN_QUARANTINE_20260510\ITEM_0013__EVIDENCE_ARCHIVE_MANIFEST.txt\ITEM_CHAIN_OF_CUSTODY.txt",".txt","1019","MANIFEST"
"BLOCK_STOP","Jxhnny_Kl33N_Seedz\CleanSeedsBuild\PROOF_HISTORY\RECYCLE_BIN_QUARANTINE_20260510\ITEM_0014__README_START_HERE.txt\ITEM_CHAIN_OF_CUSTODY.txt",".txt","1019","GENERAL"
"BLOCK_STOP","Jxhnny_Kl33N_Seedz\CleanSeedsBuild\PROOF_HISTORY\RECYCLE_BIN_QUARANTINE_20260510\ITEM_0014__README_START_HERE.txt\README_START_HERE.txt",".txt","21797","GENERAL"
"BLOCK_STOP","Jxhnny_Kl33N_Seedz\CleanSeedsBuild\PROOF_HISTORY\RECYCLE_BIN_QUARANTINE_20260510\ITEM_0015__CLEAN_SEED_ALIGNMENT_CHECK.txt\CLEAN_SEED_ALIGNMENT_CHECK.txt",".txt","130099","GENERAL"
"BLOCK_STOP","Jxhnny_Kl33N_Seedz\CleanSeedsBuild\PROOF_HISTORY\RECYCLE_BIN_QUARANTINE_20260510\ITEM_0015__CLEAN_SEED_ALIGNMENT_CHECK.txt\ITEM_CHAIN_OF_CUSTODY.txt",".txt","1017","GENERAL"
"BLOCK_STOP","Jxhnny_Kl33N_Seedz\CleanSeedsBuild\PROOF_HISTORY\RECYCLE_BIN_QUARANTINE_20260510\ITEM_0016__CleanSeedBuilds\ITEM_CHAIN_OF_CUSTODY.txt",".txt","982","GENERAL"
"BLOCK_STOP","Jxhnny_Kl33N_Seedz\CleanSeedsBuild\PROOF_HISTORY\RECYCLE_BIN_QUARANTINE_20260510\ITEM_0016__CleanSeedBuilds\CleanSeedBuilds\CLEAN_SEED_ALIGNMENT_CHECK.txt",".txt","65519","GENERAL"
"BLOCK_STOP","Jxhnny_Kl33N_Seedz\CleanSeedsBuild\PROOF_HISTORY\RECYCLE_BIN_QUARANTINE_20260510\ITEM_0016__CleanSeedBuilds\CleanSeedBuilds\README_START_HERE.txt",".txt","9145","GENERAL"
"BLOCK_STOP","Jxhnny_Kl33N_Seedz\CleanSeedsBuild\PROOF_HISTORY\RECYCLE_BIN_QUARANTINE_20260510\ITEM_0017__PROMOTE_GOLD_INTAKE_PRIORITY_BOULDER_FIRST_BANK_LEAK.ps1.txt\ITEM_CHAIN_OF_CUSTODY.txt",".txt","1083","GENERAL"
"BLOCK_STOP","Jxhnny_Kl33N_Seedz\CleanSeedsBuild\PROOF_HISTORY\RECYCLE_BIN_QUARANTINE_20260510\ITEM_0017__PROMOTE_GOLD_INTAKE_PRIORITY_BOULDER_FIRST_BANK_LEAK.ps1.txt\PROMOTE_GOLD_INTAKE_PRIORITY_BOULDER_FIRST_BANK_LEAK.ps1.txt",".txt","7823","GENERAL"
"BLOCK_STOP","Jxhnny_Kl33N_Seedz\CleanSeedsBuild\PROOF_HISTORY\RECYCLE_BIN_QUARANTINE_20260510\ITEM_0018__README_START_HERE.txt\ITEM_CHAIN_OF_CUSTODY.txt",".txt","1000","GENERAL"
"BLOCK_STOP","Jxhnny_Kl33N_Seedz\CleanSeedsBuild\PROOF_HISTORY\RECYCLE_BIN_QUARANTINE_20260510\ITEM_0018__README_START_HERE.txt\README_START_HERE.txt",".txt","50566","GENERAL"
"BLOCK_STOP","Jxhnny_Kl33N_Seedz\CleanSeedsBuild\PROOF_HISTORY\RECYCLE_BIN_QUARANTINE_20260510\ITEM_0019__CLEAN_SEED_WRAP_GUIDE.txt\CLEAN_SEED_WRAP_GUIDE.txt",".txt","183403","GENERAL"
"BLOCK_STOP","Jxhnny_Kl33N_Seedz\CleanSeedsBuild\PROOF_HISTORY\RECYCLE_BIN_QUARANTINE_20260510\ITEM_0019__CLEAN_SEED_WRAP_GUIDE.txt\ITEM_CHAIN_OF_CUSTODY.txt",".txt","1027","GENERAL"
"BLOCK_STOP","Jxhnny_Kl33N_Seedz\CleanSeedsBuild\PROOF_HISTORY\RECYCLE_BIN_QUARANTINE_20260510\ITEM_0020__README_START_HERE.txt\ITEM_CHAIN_OF_CUSTODY.txt",".txt","1019","GENERAL"
"BLOCK_STOP","Jxhnny_Kl33N_Seedz\CleanSeedsBuild\PROOF_HISTORY\RECYCLE_BIN_QUARANTINE_20260510\ITEM_0020__README_START_HERE.txt\README_START_HERE.txt",".txt","18333","GENERAL"
"BLOCK_STOP","Jxhnny_Kl33N_Seedz\CleanSeedsBuild\PROOF_HISTORY\RECYCLE_BIN_QUARANTINE_20260510\ITEM_0021__CLEAN_SEED_WRAP_GUIDE.txt\ITEM_CHAIN_OF_CUSTODY.txt",".txt","1011","GENERAL"
"BLOCK_STOP","Jxhnny_Kl33N_Seedz\CleanSeedsBuild\PROOF_HISTORY\RECYCLE_BIN_QUARANTINE_20260510\ITEM_0022__RUN_VERIFY_GOLD_INTAKE_PRIORITY_FULL.ps1.txt\ITEM_CHAIN_OF_CUSTODY.txt",".txt","1051","GENERAL"
"BLOCK_STOP","Jxhnny_Kl33N_Seedz\CleanSeedsBuild\PROOF_HISTORY\RECYCLE_BIN_QUARANTINE_20260510\ITEM_0022__RUN_VERIFY_GOLD_INTAKE_PRIORITY_FULL.ps1.txt\RUN_VERIFY_GOLD_INTAKE_PRIORITY_FULL.ps1.txt",".txt","9130","GENERAL"
"BLOCK_STOP","Jxhnny_Kl33N_Seedz\CleanSeedsBuild\PROOF_HISTORY\RECYCLE_BIN_QUARANTINE_20260510\ITEM_0023__CLEAN_SEED_WRAP_GUIDE.txt\CLEAN_SEED_WRAP_GUIDE.txt",".txt","69982","GENERAL"
"BLOCK_STOP","Jxhnny_Kl33N_Seedz\CleanSeedsBuild\PROOF_HISTORY\RECYCLE_BIN_QUARANTINE_20260510\ITEM_0023__CLEAN_SEED_WRAP_GUIDE.txt\ITEM_CHAIN_OF_CUSTODY.txt",".txt","1021","GENERAL"
"BLOCK_STOP","Jxhnny_Kl33N_Seedz\CleanSeedsBuild\PROOF_HISTORY\RECYCLE_BIN_QUARANTINE_20260510\ITEM_0024__CLEAN_SEED_WRAP_GUIDE.txt\ITEM_CHAIN_OF_CUSTODY.txt",".txt","1008","GENERAL"
"BLOCK_STOP","Jxhnny_Kl33N_Seedz\CleanSeedsBuild\PROOF_HISTORY\RECYCLE_BIN_QUARANTINE_20260510\ITEM_0025__PATCH_RECEIPT_LOGIC_SERIOUSNESS_CALIBRATION.txt\ITEM_CHAIN_OF_CUSTODY.txt",".txt","1056","RECEIPT"
"BLOCK_STOP","Jxhnny_Kl33N_Seedz\CleanSeedsBuild\PROOF_HISTORY\RECYCLE_BIN_QUARANTINE_20260510\ITEM_0025__PATCH_RECEIPT_LOGIC_SERIOUSNESS_CALIBRATION.txt\PATCH_RECEIPT_LOGIC_SERIOUSNESS_CALIBRATION.txt",".txt","3243","RECEIPT"
"BLOCK_STOP","Jxhnny_Kl33N_Seedz\CleanSeedsBuild\PROOF_HISTORY\RECYCLE_BIN_QUARANTINE_20260510\ITEM_0026__CLEAN_SEED_WRAP_GUIDE.txt\CLEAN_SEED_WRAP_GUIDE.txt",".txt","91409","GENERAL"
"BLOCK_STOP","Jxhnny_Kl33N_Seedz\CleanSeedsBuild\PROOF_HISTORY\RECYCLE_BIN_QUARANTINE_20260510\ITEM_0026__CLEAN_SEED_WRAP_GUIDE.txt\ITEM_CHAIN_OF_CUSTODY.txt",".txt","1008","GENERAL"
"BLOCK_STOP","Jxhnny_Kl33N_Seedz\CleanSeedsBuild\PROOF_HISTORY\RECYCLE_BIN_QUARANTINE_20260510\ITEM_0027__CLEAN_SEED_ALIGNMENT_CHECK.txt\CLEAN_SEED_ALIGNMENT_CHECK.txt",".txt","193017","GENERAL"
"BLOCK_STOP","Jxhnny_Kl33N_Seedz\CleanSeedsBuild\PROOF_HISTORY\RECYCLE_BIN_QUARANTINE_20260510\ITEM_0027__CLEAN_SEED_ALIGNMENT_CHECK.txt\ITEM_CHAIN_OF_CUSTODY.txt",".txt","1036","GENERAL"
"BLOCK_STOP","Jxhnny_Kl33N_Seedz\CleanSeedsBuild\PROOF_HISTORY\RECYCLE_BIN_QUARANTINE_20260510\ITEM_0028__CLEAN_SEED_ALIGNMENT_CHECK.txt\ITEM_CHAIN_OF_CUSTODY.txt",".txt","1017","GENERAL"
"BLOCK_STOP","Jxhnny_Kl33N_Seedz\CleanSeedsBuild\PROOF_HISTORY\RECYCLE_BIN_QUARANTINE_20260510\ITEM_0029__CLEAN_SEED_WRAP_GUIDE.txt\ITEM_CHAIN_OF_CUSTODY.txt",".txt","1008","GENERAL"
"BLOCK_STOP","Jxhnny_Kl33N_Seedz\CleanSeedsBuild\PROOF_HISTORY\RECYCLE_BIN_QUARANTINE_20260510\ITEM_0030__PATCH_RECEIPT_RULE_ID_PARTNER_SYNC.txt\ITEM_CHAIN_OF_CUSTODY.txt",".txt","1054","RECEIPT"
"BLOCK_STOP","Jxhnny_Kl33N_Seedz\CleanSeedsBuild\PROOF_HISTORY\RECYCLE_BIN_QUARANTINE_20260510\ITEM_0030__PATCH_RECEIPT_RULE_ID_PARTNER_SYNC.txt\PATCH_RECEIPT_RULE_ID_PARTNER_SYNC.txt",".txt","2289","RECEIPT"
"BLOCK_STOP","Jxhnny_Kl33N_Seedz\CleanSeedsBuild\PROOF_HISTORY\RECYCLE_BIN_QUARANTINE_20260510\ITEM_0031__CLEAN_SEED_WRAP_GUIDE.txt\CLEAN_SEED_WRAP_GUIDE.txt",".txt","142668","GENERAL"
"BLOCK_STOP","Jxhnny_Kl33N_Seedz\CleanSeedsBuild\PROOF_HISTORY\RECYCLE_BIN_QUARANTINE_20260510\ITEM_0031__CLEAN_SEED_WRAP_GUIDE.txt\ITEM_CHAIN_OF_CUSTODY.txt",".txt","1026","GENERAL"
"BLOCK_STOP","Jxhnny_Kl33N_Seedz\CleanSeedsBuild\PROOF_HISTORY\RECYCLE_BIN_QUARANTINE_20260510\ITEM_0032__CLEAN_SEED_WRAP_GUIDE.txt\ITEM_CHAIN_OF_CUSTODY.txt",".txt","1026","GENERAL"
"BLOCK_STOP","Jxhnny_Kl33N_Seedz\CleanSeedsBuild\PROOF_HISTORY\RECYCLE_BIN_QUARANTINE_20260510\ITEM_0033__CLEAN_SEED_ALIGNMENT_CHECK.txt\ITEM_CHAIN_OF_CUSTODY.txt",".txt","1017","GENERAL"
"BLOCK_STOP","Jxhnny_Kl33N_Seedz\CleanSeedsBuild\PROOF_HISTORY\RECYCLE_BIN_QUARANTINE_20260510\ITEM_0034__CLEAN_SEED_ALIGNMENT_CHECK.txt\ITEM_CHAIN_OF_CUSTODY.txt",".txt","1036","GENERAL"
"BLOCK_STOP","Jxhnny_Kl33N_Seedz\CleanSeedsBuild\PROOF_HISTORY\RECYCLE_BIN_QUARANTINE_20260510\ITEM_0035__README_START_HERE.txt\ITEM_CHAIN_OF_CUSTODY.txt",".txt","1020","GENERAL"
"BLOCK_STOP","Jxhnny_Kl33N_Seedz\CleanSeedsBuild\PROOF_HISTORY\RECYCLE_BIN_QUARANTINE_20260510\ITEM_0035__README_START_HERE.txt\README_START_HERE.txt",".txt","65983","GENERAL"
"BLOCK_STOP","Jxhnny_Kl33N_Seedz\CleanSeedsBuild\PROOF_HISTORY\RECYCLE_BIN_QUARANTINE_20260510\ITEM_0036__PATCH_RECEIPT_POINT_CHECK_DECISION_LOOP.txt\ITEM_CHAIN_OF_CUSTODY.txt",".txt","1044","RECEIPT"
"BLOCK_STOP","Jxhnny_Kl33N_Seedz\CleanSeedsBuild\PROOF_HISTORY\RECYCLE_BIN_QUARANTINE_20260510\ITEM_0036__PATCH_RECEIPT_POINT_CHECK_DECISION_LOOP.txt\PATCH_RECEIPT_POINT_CHECK_DECISION_LOOP.txt",".txt","4000","RECEIPT"
"BLOCK_STOP","Jxhnny_Kl33N_Seedz\CleanSeedsBuild\PROOF_HISTORY\RECYCLE_BIN_QUARANTINE_20260510\ITEM_0037__README_START_HERE.txt\ITEM_CHAIN_OF_CUSTODY.txt",".txt","1020","GENERAL"
"BLOCK_STOP","Jxhnny_Kl33N_Seedz\CleanSeedsBuild\PROOF_HISTORY\RECYCLE_BIN_QUARANTINE_20260510\ITEM_0038__README_START_HERE.txt\ITEM_CHAIN_OF_CUSTODY.txt",".txt","1019","GENERAL"
"BLOCK_STOP","Jxhnny_Kl33N_Seedz\CleanSeedsBuild\PROOF_HISTORY\RECYCLE_BIN_QUARANTINE_20260510\ITEM_0039__CLOSED_LOOP_VERIFICATION_BOARD_SCOPE_STATE_TRIGGER_LOCK_(1).txt\CLOSED_LOOP_VERIFICATION_BOARD_SCOPE_STATE_TRIGGER_LOCK (1).txt",".txt","9891","GENERAL"
"BLOCK_STOP","Jxhnny_Kl33N_Seedz\CleanSeedsBuild\PROOF_HISTORY\RECYCLE_BIN_QUARANTINE_20260510\ITEM_0039__CLOSED_LOOP_VERIFICATION_BOARD_SCOPE_STATE_TRIGGER_LOCK_(1).txt\ITEM_CHAIN_OF_CUSTODY.txt",".txt","1088","GENERAL"
"BLOCK_STOP","Jxhnny_Kl33N_Seedz\CleanSeedsBuild\PROOF_HISTORY\RECYCLE_BIN_QUARANTINE_20260510\ITEM_0040__README_START_HERE.txt\ITEM_CHAIN_OF_CUSTODY.txt",".txt","1020","GENERAL"
"BLOCK_STOP","Jxhnny_Kl33N_Seedz\CleanSeedsBuild\PROOF_HISTORY\RECYCLE_BIN_QUARANTINE_20260510\ITEM_0041__PATCH_RECEIPT_RULE_ID_PARTNER_SYNC.txt\ITEM_CHAIN_OF_CUSTODY.txt",".txt","1038","RECEIPT"
"BLOCK_STOP","Jxhnny_Kl33N_Seedz\CleanSeedsBuild\PROOF_HISTORY\RECYCLE_BIN_QUARANTINE_20260510\ITEM_0042__EVIDENCE_ARCHIVE_MANIFEST.txt\EVIDENCE_ARCHIVE_MANIFEST.txt",".txt","1067","MANIFEST"
"BLOCK_STOP","Jxhnny_Kl33N_Seedz\CleanSeedsBuild\PROOF_HISTORY\RECYCLE_BIN_QUARANTINE_20260510\ITEM_0042__EVIDENCE_ARCHIVE_MANIFEST.txt\ITEM_CHAIN_OF_CUSTODY.txt",".txt","1036","MANIFEST"
"BLOCK_STOP","Jxhnny_Kl33N_Seedz\CleanSeedsBuild\PROOF_HISTORY\RECYCLE_BIN_QUARANTINE_20260510\ITEM_0043__PATCH_RECEIPT_POINT_CHECK_DECISION_LOOP.txt\ITEM_CHAIN_OF_CUSTODY.txt",".txt","1048","RECEIPT"
"BLOCK_STOP","Jxhnny_Kl33N_Seedz\CleanSeedsBuild\PROOF_HISTORY\RECYCLE_BIN_QUARANTINE_20260510\ITEM_0043__PATCH_RECEIPT_POINT_CHECK_DECISION_LOOP.txt\PATCH_RECEIPT_POINT_CHECK_DECISION_LOOP.txt",".txt","4340","RECEIPT"
"BLOCK_STOP","Jxhnny_Kl33N_Seedz\CleanSeedsBuild\PROOF_HISTORY\RECYCLE_BIN_QUARANTINE_20260510\ITEM_0044__CLEAN_SEED_ALIGNMENT_CHECK.txt\CLEAN_SEED_ALIGNMENT_CHECK.txt",".txt","192985","GENERAL"
"BLOCK_STOP","Jxhnny_Kl33N_Seedz\CleanSeedsBuild\PROOF_HISTORY\RECYCLE_BIN_QUARANTINE_20260510\ITEM_0044__CLEAN_SEED_ALIGNMENT_CHECK.txt\ITEM_CHAIN_OF_CUSTODY.txt",".txt","1017","GENERAL"
"BLOCK_STOP","Jxhnny_Kl33N_Seedz\CleanSeedsBuild\PROOF_HISTORY\RECYCLE_BIN_QUARANTINE_20260510\ITEM_0045__README_START_HERE.txt\ITEM_CHAIN_OF_CUSTODY.txt",".txt","1019","GENERAL"
"BLOCK_STOP","Jxhnny_Kl33N_Seedz\CleanSeedsBuild\PROOF_HISTORY\RECYCLE_BIN_QUARANTINE_20260510\ITEM_0045__README_START_HERE.txt\README_START_HERE.txt",".txt","25229","GENERAL"
"BLOCK_STOP","Jxhnny_Kl33N_Seedz\CleanSeedsBuild\PROOF_HISTORY\RECYCLE_BIN_QUARANTINE_20260510\ITEM_0046__PATCH_RECEIPT_POINT_CHECK_DECISION_LOOP.txt\ITEM_CHAIN_OF_CUSTODY.txt",".txt","1063","RECEIPT"
"BLOCK_STOP","Jxhnny_Kl33N_Seedz\CleanSeedsBuild\PROOF_HISTORY\RECYCLE_BIN_QUARANTINE_20260510\ITEM_0047__README_START_HERE.txt\ITEM_CHAIN_OF_CUSTODY.txt",".txt","1000","GENERAL"
"BLOCK_STOP","Jxhnny_Kl33N_Seedz\CleanSeedsBuild\PROOF_HISTORY\RECYCLE_BIN_QUARANTINE_20260510\ITEM_0047__README_START_HERE.txt\README_START_HERE.txt",".txt","40940","GENERAL"
"BLOCK_STOP","Jxhnny_Kl33N_Seedz\CleanSeedsBuild\PROOF_HISTORY\RECYCLE_BIN_QUARANTINE_20260510\ITEM_0048__README_START_HERE.txt\ITEM_CHAIN_OF_CUSTODY.txt",".txt","1013","GENERAL"
"BLOCK_STOP","Jxhnny_Kl33N_Seedz\CleanSeedsBuild\PROOF_HISTORY\RECYCLE_BIN_QUARANTINE_20260510\ITEM_0048__README_START_HERE.txt\README_START_HERE.txt",".txt","9149","GENERAL"
"BLOCK_STOP","Jxhnny_Kl33N_Seedz\CleanSeedsBuild\PROOF_HISTORY\RECYCLE_BIN_QUARANTINE_20260510\ITEM_0049__EVIDENCE_ARCHIVE_MANIFEST.txt\ITEM_CHAIN_OF_CUSTODY.txt",".txt","1020","MANIFEST"
"BLOCK_STOP","Jxhnny_Kl33N_Seedz\CleanSeedsBuild\PROOF_HISTORY\RECYCLE_BIN_QUARANTINE_20260510\ITEM_0050__PATCH_RECEIPT_SCOPE_STATE_TRIGGER_LOCK_(1).txt\ITEM_CHAIN_OF_CUSTODY.txt",".txt","1054","RECEIPT"
"BLOCK_STOP","Jxhnny_Kl33N_Seedz\CleanSeedsBuild\PROOF_HISTORY\RECYCLE_BIN_QUARANTINE_20260510\ITEM_0050__PATCH_RECEIPT_SCOPE_STATE_TRIGGER_LOCK_(1).txt\PATCH_RECEIPT_SCOPE_STATE_TRIGGER_LOCK (1).txt",".txt","4273","RECEIPT"
"BLOCK_STOP","Jxhnny_Kl33N_Seedz\CleanSeedsBuild\PROOF_HISTORY\RECYCLE_BIN_QUARANTINE_20260510\ITEM_0051__PATCH_RECEIPT_RULE_CHECKER_PREVENTION_LOOP.txt\ITEM_CHAIN_OF_CUSTODY.txt",".txt","1054","RECEIPT"
"BLOCK_STOP","Jxhnny_Kl33N_Seedz\CleanSeedsBuild\PROOF_HISTORY\RECYCLE_BIN_QUARANTINE_20260510\ITEM_0051__PATCH_RECEIPT_RULE_CHECKER_PREVENTION_LOOP.txt\PATCH_RECEIPT_RULE_CHECKER_PREVENTION_LOOP.txt",".txt","1160","RECEIPT"
"BLOCK_STOP","Jxhnny_Kl33N_Seedz\CleanSeedsBuild\PROOF_HISTORY\RECYCLE_BIN_QUARANTINE_20260510\ITEM_0052__EVIDENCE_ARCHIVE_MANIFEST.txt\ITEM_CHAIN_OF_CUSTODY.txt",".txt","1038","MANIFEST"
"BLOCK_STOP","Jxhnny_Kl33N_Seedz\CleanSeedsBuild\PROOF_HISTORY\RECYCLE_BIN_QUARANTINE_20260510\ITEM_0053__CLEAN_SEED_ALIGNMENT_CHECK.txt\ITEM_CHAIN_OF_CUSTODY.txt",".txt","1036","GENERAL"
"BLOCK_STOP","Jxhnny_Kl33N_Seedz\CleanSeedsBuild\PROOF_HISTORY\RECYCLE_BIN_QUARANTINE_20260510\ITEM_0054__PATCH_RECEIPT_POINT_CHECK_REPAIR_AND_METHOD_EVIDENCE.txt\ITEM_CHAIN_OF_CUSTODY.txt",".txt","1074","RECEIPT"
"BLOCK_STOP","Jxhnny_Kl33N_Seedz\CleanSeedsBuild\PROOF_HISTORY\RECYCLE_BIN_QUARANTINE_20260510\ITEM_0054__PATCH_RECEIPT_POINT_CHECK_REPAIR_AND_METHOD_EVIDENCE.txt\PATCH_RECEIPT_POINT_CHECK_REPAIR_AND_METHOD_EVIDENCE.txt",".txt","4943","RECEIPT"
"BLOCK_STOP","Jxhnny_Kl33N_Seedz\CleanSeedsBuild\PROOF_HISTORY\RECYCLE_BIN_QUARANTINE_20260510\ITEM_0055__CLEAN_SEED_WRAP_GUIDE.txt\ITEM_CHAIN_OF_CUSTODY.txt",".txt","1027","GENERAL"
"BLOCK_STOP","Jxhnny_Kl33N_Seedz\CleanSeedsBuild\PROOF_HISTORY\RECYCLE_BIN_QUARANTINE_20260510\ITEM_0056__CLEAN_SEED_ALIGNMENT_CHECK_(1).txt\CLEAN_SEED_ALIGNMENT_CHECK (1).txt",".txt","222997","GENERAL"
"BLOCK_STOP","Jxhnny_Kl33N_Seedz\CleanSeedsBuild\PROOF_HISTORY\RECYCLE_BIN_QUARANTINE_20260510\ITEM_0056__CLEAN_SEED_ALIGNMENT_CHECK_(1).txt\ITEM_CHAIN_OF_CUSTODY.txt",".txt","1029","GENERAL"
"BLOCK_STOP","Jxhnny_Kl33N_Seedz\CleanSeedsBuild\PROOF_HISTORY\RECYCLE_BIN_QUARANTINE_20260510\ITEM_0057__README_START_HERE.txt\ITEM_CHAIN_OF_CUSTODY.txt",".txt","1013","GENERAL"
"BLOCK_STOP","Jxhnny_Kl33N_Seedz\CleanSeedsBuild\PROOF_HISTORY\RECYCLE_BIN_QUARANTINE_20260510\ITEM_0057__README_START_HERE.txt\README_START_HERE.txt",".txt","11086","GENERAL"
"BLOCK_STOP","Jxhnny_Kl33N_Seedz\CleanSeedsBuild\PROOF_HISTORY\RECYCLE_BIN_QUARANTINE_20260510\ITEM_0058__EVIDENCE_ARCHIVE_MANIFEST_(1).txt\EVIDENCE_ARCHIVE_MANIFEST (1).txt",".txt","1462","MANIFEST"
"BLOCK_STOP","Jxhnny_Kl33N_Seedz\CleanSeedsBuild\PROOF_HISTORY\RECYCLE_BIN_QUARANTINE_20260510\ITEM_0058__EVIDENCE_ARCHIVE_MANIFEST_(1).txt\ITEM_CHAIN_OF_CUSTODY.txt",".txt","1028","MANIFEST"
"BLOCK_STOP","Jxhnny_Kl33N_Seedz\CleanSeedsBuild\PROOF_HISTORY\RECYCLE_BIN_QUARANTINE_20260510\ITEM_0059__README_START_HERE.txt\ITEM_CHAIN_OF_CUSTODY.txt",".txt","1019","GENERAL"
"BLOCK_STOP","Jxhnny_Kl33N_Seedz\CleanSeedsBuild\PROOF_HISTORY\RECYCLE_BIN_QUARANTINE_20260510\ITEM_0060__CLEAN_SEED_ALIGNMENT_CHECK.txt\CLEAN_SEED_ALIGNMENT_CHECK.txt",".txt","207641","GENERAL"
"BLOCK_STOP","Jxhnny_Kl33N_Seedz\CleanSeedsBuild\PROOF_HISTORY\RECYCLE_BIN_QUARANTINE_20260510\ITEM_0060__CLEAN_SEED_ALIGNMENT_CHECK.txt\ITEM_CHAIN_OF_CUSTODY.txt",".txt","1018","GENERAL"
"BLOCK_STOP","Jxhnny_Kl33N_Seedz\CleanSeedsBuild\PROOF_HISTORY\RECYCLE_BIN_QUARANTINE_20260510\ITEM_0061__README_START_HERE.txt\ITEM_CHAIN_OF_CUSTODY.txt",".txt","1004","GENERAL"
"BLOCK_STOP","Jxhnny_Kl33N_Seedz\CleanSeedsBuild\PROOF_HISTORY\RECYCLE_BIN_QUARANTINE_20260510\ITEM_0062__CLEAN_SEED_ALIGNMENT_CHECK.txt\CLEAN_SEED_ALIGNMENT_CHECK.txt",".txt","150440","GENERAL"
"BLOCK_STOP","Jxhnny_Kl33N_Seedz\CleanSeedsBuild\PROOF_HISTORY\RECYCLE_BIN_QUARANTINE_20260510\ITEM_0062__CLEAN_SEED_ALIGNMENT_CHECK.txt\ITEM_CHAIN_OF_CUSTODY.txt",".txt","1036","GENERAL"
"BLOCK_STOP","Jxhnny_Kl33N_Seedz\CleanSeedsBuild\PROOF_HISTORY\RECYCLE_BIN_QUARANTINE_20260510\ITEM_0063__CLEAN_SEED_WRAP_GUIDE.txt\CLEAN_SEED_WRAP_GUIDE.txt",".txt","104048","GENERAL"
"BLOCK_STOP","Jxhnny_Kl33N_Seedz\CleanSeedsBuild\PROOF_HISTORY\RECYCLE_BIN_QUARANTINE_20260510\ITEM_0063__CLEAN_SEED_WRAP_GUIDE.txt\ITEM_CHAIN_OF_CUSTODY.txt",".txt","1007","GENERAL"
"BLOCK_STOP","Jxhnny_Kl33N_Seedz\CleanSeedsBuild\PROOF_HISTORY\RECYCLE_BIN_QUARANTINE_20260510\ITEM_0064__README_START_HERE.txt\ITEM_CHAIN_OF_CUSTODY.txt",".txt","1019","GENERAL"
"BLOCK_STOP","Jxhnny_Kl33N_Seedz\CleanSeedsBuild\PROOF_HISTORY\RECYCLE_BIN_QUARANTINE_20260510\ITEM_0064__README_START_HERE.txt\README_START_HERE.txt",".txt","16495","GENERAL"
"BLOCK_STOP","Jxhnny_Kl33N_Seedz\CleanSeedsBuild\PROOF_HISTORY\RECYCLE_BIN_QUARANTINE_20260510\ITEM_0065__PATCH_RECEIPT_RULE_ID_PARTNER_SYNC.txt\ITEM_CHAIN_OF_CUSTODY.txt",".txt","1035","RECEIPT"
"BLOCK_STOP","Jxhnny_Kl33N_Seedz\CleanSeedsBuild\PROOF_HISTORY\RECYCLE_BIN_QUARANTINE_20260510\ITEM_0066__CLEAN_SEED_WRAP_GUIDE.txt\CLEAN_SEED_WRAP_GUIDE.txt",".txt","157969","GENERAL"
"BLOCK_STOP","Jxhnny_Kl33N_Seedz\CleanSeedsBuild\PROOF_HISTORY\RECYCLE_BIN_QUARANTINE_20260510\ITEM_0066__CLEAN_SEED_WRAP_GUIDE.txt\ITEM_CHAIN_OF_CUSTODY.txt",".txt","1026","GENERAL"
"BLOCK_STOP","Jxhnny_Kl33N_Seedz\CleanSeedsBuild\PROOF_HISTORY\RECYCLE_BIN_QUARANTINE_20260510\ITEM_0067__CLEAN_SEED_WRAP_GUIDE.txt\ITEM_CHAIN_OF_CUSTODY.txt",".txt","1007","GENERAL"
"BLOCK_STOP","Jxhnny_Kl33N_Seedz\CleanSeedsBuild\PROOF_HISTORY\RECYCLE_BIN_QUARANTINE_20260510\ITEM_0068__CLEAN_SEED_WRAP_GUIDE.txt\ITEM_CHAIN_OF_CUSTODY.txt",".txt","1026","GENERAL"
"BLOCK_STOP","Jxhnny_Kl33N_Seedz\CleanSeedsBuild\PROOF_HISTORY\RECYCLE_BIN_QUARANTINE_20260510\ITEM_0069__PATCH_RECEIPT_POINT_CHECK_REPAIR_AND_METHOD_EVIDENCE.txt\ITEM_CHAIN_OF_CUSTODY.txt",".txt","1090","RECEIPT"
"BLOCK_STOP","Jxhnny_Kl33N_Seedz\CleanSeedsBuild\PROOF_HISTORY\RECYCLE_BIN_QUARANTINE_20260510\ITEM_0070__README_START_HERE.txt\ITEM_CHAIN_OF_CUSTODY.txt",".txt","1019","GENERAL"
"BLOCK_STOP","Jxhnny_Kl33N_Seedz\CleanSeedsBuild\PROOF_HISTORY\RECYCLE_BIN_QUARANTINE_20260510\ITEM_0070__README_START_HERE.txt\README_START_HERE.txt",".txt","48966","GENERAL"
"BLOCK_STOP","Jxhnny_Kl33N_Seedz\CleanSeedsBuild\PROOF_HISTORY\RECYCLE_BIN_QUARANTINE_20260510\ITEM_0071__CLEAN_SEED_WRAP_GUIDE.txt\CLEAN_SEED_WRAP_GUIDE.txt",".txt","173321","GENERAL"
"BLOCK_STOP","Jxhnny_Kl33N_Seedz\CleanSeedsBuild\PROOF_HISTORY\RECYCLE_BIN_QUARANTINE_20260510\ITEM_0071__CLEAN_SEED_WRAP_GUIDE.txt\ITEM_CHAIN_OF_CUSTODY.txt",".txt","1027","GENERAL"
"BLOCK_STOP","Jxhnny_Kl33N_Seedz\CleanSeedsBuild\PROOF_HISTORY\RECYCLE_BIN_QUARANTINE_20260510\ITEM_0072__CLEAN_SEED_ALIGNMENT_CHECK.txt\ITEM_CHAIN_OF_CUSTODY.txt",".txt","1036","GENERAL"
"BLOCK_STOP","Jxhnny_Kl33N_Seedz\CleanSeedsBuild\PROOF_HISTORY\RECYCLE_BIN_QUARANTINE_20260510\ITEM_0073__README_START_HERE.txt\ITEM_CHAIN_OF_CUSTODY.txt",".txt","1019","GENERAL"
"BLOCK_STOP","Jxhnny_Kl33N_Seedz\CleanSeedsBuild\PROOF_HISTORY\RECYCLE_BIN_QUARANTINE_20260510\ITEM_0073__README_START_HERE.txt\README_START_HERE.txt",".txt","50758","GENERAL"
"BLOCK_STOP","Jxhnny_Kl33N_Seedz\CleanSeedsBuild\PROOF_HISTORY\RECYCLE_BIN_QUARANTINE_20260510\ITEM_0074__CLEAN_SEED_WRAP_GUIDE.txt\ITEM_CHAIN_OF_CUSTODY.txt",".txt","1026","GENERAL"
"BLOCK_STOP","Jxhnny_Kl33N_Seedz\CleanSeedsBuild\PROOF_HISTORY\RECYCLE_BIN_QUARANTINE_20260510\ITEM_0075__CLEAN_MILK_NOT_BLOAT_FOLDER_PROOF.txt\CLEAN_MILK_NOT_BLOAT_FOLDER_PROOF.txt",".txt","40661","GENERAL"
"BLOCK_STOP","Jxhnny_Kl33N_Seedz\CleanSeedsBuild\PROOF_HISTORY\RECYCLE_BIN_QUARANTINE_20260510\ITEM_0075__CLEAN_MILK_NOT_BLOAT_FOLDER_PROOF.txt\ITEM_CHAIN_OF_CUSTODY.txt",".txt","1036","GENERAL"
"BLOCK_STOP","Jxhnny_Kl33N_Seedz\CleanSeedsBuild\PROOF_HISTORY\RECYCLE_BIN_QUARANTINE_20260510\ITEM_0076__CLEAN_SEED_ALIGNMENT_CHECK.txt\CLEAN_SEED_ALIGNMENT_CHECK.txt",".txt","95445","GENERAL"
"BLOCK_STOP","Jxhnny_Kl33N_Seedz\CleanSeedsBuild\PROOF_HISTORY\RECYCLE_BIN_QUARANTINE_20260510\ITEM_0076__CLEAN_SEED_ALIGNMENT_CHECK.txt\ITEM_CHAIN_OF_CUSTODY.txt",".txt","1037","GENERAL"
"BLOCK_STOP","Jxhnny_Kl33N_Seedz\CleanSeedsBuild\PROOF_HISTORY\RECYCLE_BIN_QUARANTINE_20260510\ITEM_0077__EVIDENCE_ARCHIVE_MANIFEST.txt\ITEM_CHAIN_OF_CUSTODY.txt",".txt","1038","MANIFEST"
"BLOCK_STOP","Jxhnny_Kl33N_Seedz\CleanSeedsBuild\PROOF_HISTORY\RECYCLE_BIN_QUARANTINE_20260510\ITEM_0078__README_START_HERE.txt\ITEM_CHAIN_OF_CUSTODY.txt",".txt","1019","GENERAL"
"BLOCK_STOP","Jxhnny_Kl33N_Seedz\CleanSeedsBuild\PROOF_HISTORY\RECYCLE_BIN_QUARANTINE_20260510\ITEM_0079__CLEAN_SEED_ALIGNMENT_CHECK.txt\CLEAN_SEED_ALIGNMENT_CHECK.txt",".txt","217916","GENERAL"
"BLOCK_STOP","Jxhnny_Kl33N_Seedz\CleanSeedsBuild\PROOF_HISTORY\RECYCLE_BIN_QUARANTINE_20260510\ITEM_0079__CLEAN_SEED_ALIGNMENT_CHECK.txt\ITEM_CHAIN_OF_CUSTODY.txt",".txt","1037","GENERAL"
"BLOCK_STOP","Jxhnny_Kl33N_Seedz\CleanSeedsBuild\PROOF_HISTORY\RECYCLE_BIN_QUARANTINE_20260510\ITEM_0080__README_START_HERE.txt\ITEM_CHAIN_OF_CUSTODY.txt",".txt","1013","GENERAL"
"BLOCK_STOP","Jxhnny_Kl33N_Seedz\CleanSeedsBuild\PROOF_HISTORY\RECYCLE_BIN_QUARANTINE_20260510\ITEM_0080__README_START_HERE.txt\README_START_HERE.txt",".txt","15391","GENERAL"
"BLOCK_STOP","Jxhnny_Kl33N_Seedz\CleanSeedsBuild\PROOF_HISTORY\RECYCLE_BIN_QUARANTINE_20260510\ITEM_0081__README_START_HERE.txt\ITEM_CHAIN_OF_CUSTODY.txt",".txt","1000","GENERAL"
"BLOCK_STOP","Jxhnny_Kl33N_Seedz\CleanSeedsBuild\PROOF_HISTORY\RECYCLE_BIN_QUARANTINE_20260510\ITEM_0082__CLEAN_SEED_ALIGNMENT_CHECK.txt\ITEM_CHAIN_OF_CUSTODY.txt",".txt","1017","GENERAL"
"BLOCK_STOP","Jxhnny_Kl33N_Seedz\CleanSeedsBuild\PROOF_HISTORY\RECYCLE_BIN_QUARANTINE_20260510\ITEM_0083__CLEAN_SEED_WRAP_GUIDE.txt\CLEAN_SEED_WRAP_GUIDE.txt",".txt","57497","GENERAL"
"BLOCK_STOP","Jxhnny_Kl33N_Seedz\CleanSeedsBuild\PROOF_HISTORY\RECYCLE_BIN_QUARANTINE_20260510\ITEM_0083__CLEAN_SEED_WRAP_GUIDE.txt\ITEM_CHAIN_OF_CUSTODY.txt",".txt","1021","GENERAL"
"BLOCK_STOP","Jxhnny_Kl33N_Seedz\CleanSeedsBuild\PROOF_HISTORY\RECYCLE_BIN_QUARANTINE_20260510\ITEM_0084__lost\ITEM_CHAIN_OF_CUSTODY.txt",".txt","961","GENERAL"
"BLOCK_STOP","Jxhnny_Kl33N_Seedz\CleanSeedsBuild\PROOF_HISTORY\RECYCLE_BIN_QUARANTINE_20260510\ITEM_0084__lost\lost\CLEAN_SEED_CURRENT_STATE_SAVEPOINT.txt",".txt","2976","GENERAL"
"BLOCK_STOP","Jxhnny_Kl33N_Seedz\CleanSeedsBuild\PROOF_HISTORY\RECYCLE_BIN_QUARANTINE_20260510\ITEM_0084__lost\lost\CLEAN_SEED_FILE_HOUSEKEEPING_MAP.txt",".txt","2154","GENERAL"
"BLOCK_STOP","Jxhnny_Kl33N_Seedz\CleanSeedsBuild\PROOF_HISTORY\RECYCLE_BIN_QUARANTINE_20260510\ITEM_0084__lost\lost\CLEAN_SEED_PROJECT_RULES_INDEX.txt",".txt","10212","GENERAL"
"BLOCK_STOP","Jxhnny_Kl33N_Seedz\CleanSeedsBuild\PROOF_HISTORY\RECYCLE_BIN_QUARANTINE_20260510\ITEM_0084__lost\lost\CleanSeed_MAIN_PROJECT_SAVE_PACKET_MANIFEST_2026_05_09.txt",".txt","801","MANIFEST"
"BLOCK_STOP","Jxhnny_Kl33N_Seedz\CleanSeedsBuild\PROOF_HISTORY\RECYCLE_BIN_QUARANTINE_20260510\ITEM_0084__lost\lost\COPY_EXACT_ACTIVE_GUIDES_COMMAND.txt",".txt","2918","GENERAL"
"BLOCK_STOP","Jxhnny_Kl33N_Seedz\CleanSeedsBuild\PROOF_HISTORY\RECYCLE_BIN_QUARANTINE_20260510\ITEM_0084__lost\lost\README_SAVE_THIS_FIRST.txt",".txt","2710","GENERAL"
"BLOCK_STOP","Jxhnny_Kl33N_Seedz\CleanSeedsBuild\PROOF_HISTORY\RECYCLE_BIN_QUARANTINE_20260510\ITEM_0085__CLEAN_SEED_ALIGNMENT_CHECK.txt\CLEAN_SEED_ALIGNMENT_CHECK.txt",".txt","187521","GENERAL"
"BLOCK_STOP","Jxhnny_Kl33N_Seedz\CleanSeedsBuild\PROOF_HISTORY\RECYCLE_BIN_QUARANTINE_20260510\ITEM_0085__CLEAN_SEED_ALIGNMENT_CHECK.txt\ITEM_CHAIN_OF_CUSTODY.txt",".txt","1036","GENERAL"
"BLOCK_STOP","Jxhnny_Kl33N_Seedz\CleanSeedsBuild\PROOF_HISTORY\RECYCLE_BIN_QUARANTINE_20260510\ITEM_0086__CLEAN_SEED_ALIGNMENT_CHECK.txt\ITEM_CHAIN_OF_CUSTODY.txt",".txt","1031","GENERAL"
"BLOCK_STOP","Jxhnny_Kl33N_Seedz\CleanSeedsBuild\PROOF_HISTORY\RECYCLE_BIN_QUARANTINE_20260510\ITEM_0087__EVIDENCE_ARCHIVE_MANIFEST_(2).txt\EVIDENCE_ARCHIVE_MANIFEST (2).txt",".txt","1462","MANIFEST"
"BLOCK_STOP","Jxhnny_Kl33N_Seedz\CleanSeedsBuild\PROOF_HISTORY\RECYCLE_BIN_QUARANTINE_20260510\ITEM_0087__EVIDENCE_ARCHIVE_MANIFEST_(2).txt\ITEM_CHAIN_OF_CUSTODY.txt",".txt","1028","MANIFEST"
"BLOCK_STOP","Jxhnny_Kl33N_Seedz\CleanSeedsBuild\PROOF_HISTORY\RECYCLE_BIN_QUARANTINE_20260510\ITEM_0088__PATCH_RECEIPT_LOGIC_SERIOUSNESS_CALIBRATION.txt\ITEM_CHAIN_OF_CUSTODY.txt",".txt","1072","RECEIPT"
"BLOCK_STOP","Jxhnny_Kl33N_Seedz\CleanSeedsBuild\PROOF_HISTORY\RECYCLE_BIN_QUARANTINE_20260510\ITEM_0089__CLEAN_SEED_WRAP_GUIDE.txt\ITEM_CHAIN_OF_CUSTODY.txt",".txt","1008","GENERAL"
"BLOCK_STOP","Jxhnny_Kl33N_Seedz\CleanSeedsBuild\PROOF_HISTORY\RECYCLE_BIN_QUARANTINE_20260510\ITEM_0090__CLEAN_SEED_WRAP_GUIDE.txt\ITEM_CHAIN_OF_CUSTODY.txt",".txt","1007","GENERAL"
"BLOCK_STOP","Jxhnny_Kl33N_Seedz\CleanSeedsBuild\PROOF_HISTORY\RECYCLE_BIN_QUARANTINE_20260510\ITEM_0091__README_START_HERE.txt\ITEM_CHAIN_OF_CUSTODY.txt",".txt","1019","GENERAL"
"BLOCK_STOP","Jxhnny_Kl33N_Seedz\CleanSeedsBuild\PROOF_HISTORY\RECYCLE_BIN_QUARANTINE_20260510\ITEM_0092__README_START_HERE.txt\ITEM_CHAIN_OF_CUSTODY.txt",".txt","1001","GENERAL"
"BLOCK_STOP","Jxhnny_Kl33N_Seedz\CleanSeedsBuild\PROOF_HISTORY\RECYCLE_BIN_QUARANTINE_20260510\ITEM_0093__PATCH_RECEIPT_POINT_CHECK_DECISION_LOOP.txt\ITEM_CHAIN_OF_CUSTODY.txt",".txt","1064","RECEIPT"
"BLOCK_STOP","Jxhnny_Kl33N_Seedz\CleanSeedsBuild\PROOF_HISTORY\RECYCLE_BIN_QUARANTINE_20260510\ITEM_0094__CLEAN_SEED_ALIGNMENT_CHECK.txt\ITEM_CHAIN_OF_CUSTODY.txt",".txt","1018","GENERAL"
"BLOCK_STOP","Jxhnny_Kl33N_Seedz\CleanSeedsBuild\PROOF_HISTORY\RECYCLE_BIN_QUARANTINE_20260510\ITEM_0095__README_START_HERE.txt\ITEM_CHAIN_OF_CUSTODY.txt",".txt","1000","GENERAL"
"BLOCK_STOP","Jxhnny_Kl33N_Seedz\CleanSeedsBuild\PROOF_HISTORY\RECYCLE_BIN_QUARANTINE_20260510\ITEM_0096__EVIDENCE_ARCHIVE_MANIFEST.txt\ITEM_CHAIN_OF_CUSTODY.txt",".txt","1038","MANIFEST"
"BLOCK_STOP","Jxhnny_Kl33N_Seedz\CleanSeedsBuild\PROOF_HISTORY\RECYCLE_BIN_QUARANTINE_20260510\ITEM_0097__CLEAN_SEED_ALIGNMENT_CHECK.txt\CLEAN_SEED_ALIGNMENT_CHECK.txt",".txt","172890","GENERAL"
"BLOCK_STOP","Jxhnny_Kl33N_Seedz\CleanSeedsBuild\PROOF_HISTORY\RECYCLE_BIN_QUARANTINE_20260510\ITEM_0097__CLEAN_SEED_ALIGNMENT_CHECK.txt\ITEM_CHAIN_OF_CUSTODY.txt",".txt","1036","GENERAL"
"BLOCK_STOP","Jxhnny_Kl33N_Seedz\CleanSeedsBuild\PROOF_HISTORY\RECYCLE_BIN_QUARANTINE_20260510\ITEM_0098__CLEAN_SEED_WRAP_GUIDE.txt\ITEM_CHAIN_OF_CUSTODY.txt",".txt","1027","GENERAL"
"BLOCK_STOP","Jxhnny_Kl33N_Seedz\CleanSeedsBuild\PROOF_HISTORY\RECYCLE_BIN_QUARANTINE_20260510\ITEM_0099__CLEAN_SEED_WRAP_GUIDE.txt\CLEAN_SEED_WRAP_GUIDE.txt",".txt","122662","GENERAL"
"BLOCK_STOP","Jxhnny_Kl33N_Seedz\CleanSeedsBuild\PROOF_HISTORY\RECYCLE_BIN_QUARANTINE_20260510\ITEM_0099__CLEAN_SEED_WRAP_GUIDE.txt\ITEM_CHAIN_OF_CUSTODY.txt",".txt","1026","GENERAL"
"BLOCK_STOP","Jxhnny_Kl33N_Seedz\CleanSeedsBuild\PROOF_HISTORY\RECYCLE_BIN_QUARANTINE_20260510\ITEM_0100__CLEAN_SEED_WRAP_GUIDE.txt\ITEM_CHAIN_OF_CUSTODY.txt",".txt","1028","GENERAL"
"BLOCK_STOP","Jxhnny_Kl33N_Seedz\CleanSeedsBuild\PROOF_HISTORY\RECYCLE_BIN_QUARANTINE_20260510\ITEM_0101__CLEAN_SEED_WRAP_GUIDE.txt\CLEAN_SEED_WRAP_GUIDE.txt",".txt","73011","GENERAL"
"BLOCK_STOP","Jxhnny_Kl33N_Seedz\CleanSeedsBuild\PROOF_HISTORY\RECYCLE_BIN_QUARANTINE_20260510\ITEM_0101__CLEAN_SEED_WRAP_GUIDE.txt\ITEM_CHAIN_OF_CUSTODY.txt",".txt","1028","GENERAL"
"BLOCK_STOP","Jxhnny_Kl33N_Seedz\CleanSeedsBuild\PROOF_HISTORY\RECYCLE_BIN_QUARANTINE_20260510\ITEM_0102__CLEAN_SEED_ALIGNMENT_CHECK.txt\CLEAN_SEED_ALIGNMENT_CHECK.txt",".txt","123792","GENERAL"
"BLOCK_STOP","Jxhnny_Kl33N_Seedz\CleanSeedsBuild\PROOF_HISTORY\RECYCLE_BIN_QUARANTINE_20260510\ITEM_0102__CLEAN_SEED_ALIGNMENT_CHECK.txt\ITEM_CHAIN_OF_CUSTODY.txt",".txt","1037","GENERAL"
"BLOCK_STOP","Jxhnny_Kl33N_Seedz\CleanSeedsBuild\PROOF_HISTORY\RECYCLE_BIN_QUARANTINE_20260510\ITEM_0103__CLEAN_SEED_WRAP_GUIDE_(1).txt\CLEAN_SEED_WRAP_GUIDE (1).txt",".txt","192594","GENERAL"
"BLOCK_STOP","Jxhnny_Kl33N_Seedz\CleanSeedsBuild\PROOF_HISTORY\RECYCLE_BIN_QUARANTINE_20260510\ITEM_0103__CLEAN_SEED_WRAP_GUIDE_(1).txt\ITEM_CHAIN_OF_CUSTODY.txt",".txt","1020","GENERAL"
"BLOCK_STOP","Jxhnny_Kl33N_Seedz\CleanSeedsBuild\PROOF_HISTORY\RECYCLE_BIN_QUARANTINE_20260510\ITEM_0104__README_START_HERE.txt\ITEM_CHAIN_OF_CUSTODY.txt",".txt","1021","GENERAL"
"BLOCK_STOP","Jxhnny_Kl33N_Seedz\CleanSeedsBuild\PROOF_HISTORY\RECYCLE_BIN_QUARANTINE_20260510\ITEM_0104__README_START_HERE.txt\README_START_HERE.txt",".txt","63590","GENERAL"
"BLOCK_STOP","Jxhnny_Kl33N_Seedz\CleanSeedsBuild\PROOF_HISTORY\RECYCLE_BIN_QUARANTINE_20260510\ITEM_0105__CLEAN_SEED_ALIGNMENT_CHECK.txt\CLEAN_SEED_ALIGNMENT_CHECK.txt",".txt","65527","GENERAL"
"BLOCK_STOP","Jxhnny_Kl33N_Seedz\CleanSeedsBuild\PROOF_HISTORY\RECYCLE_BIN_QUARANTINE_20260510\ITEM_0105__CLEAN_SEED_ALIGNMENT_CHECK.txt\ITEM_CHAIN_OF_CUSTODY.txt",".txt","1032","GENERAL"
"BLOCK_STOP","Jxhnny_Kl33N_Seedz\CleanSeedsBuild\PROOF_HISTORY\RECYCLE_BIN_QUARANTINE_20260510\ITEM_0106__CLEAN_SEED_ALIGNMENT_CHECK.txt\CLEAN_SEED_ALIGNMENT_CHECK.txt",".txt","212416","GENERAL"
"BLOCK_STOP","Jxhnny_Kl33N_Seedz\CleanSeedsBuild\PROOF_HISTORY\RECYCLE_BIN_QUARANTINE_20260510\ITEM_0106__CLEAN_SEED_ALIGNMENT_CHECK.txt\ITEM_CHAIN_OF_CUSTODY.txt",".txt","1038","GENERAL"
"BLOCK_STOP","Jxhnny_Kl33N_Seedz\CleanSeedsBuild\PROOF_HISTORY\RECYCLE_BIN_QUARANTINE_20260510\ITEM_0107__CLEAN_SEED_ALIGNMENT_CHECK.txt\CLEAN_SEED_ALIGNMENT_CHECK.txt",".txt","92462","GENERAL"
"BLOCK_STOP","Jxhnny_Kl33N_Seedz\CleanSeedsBuild\PROOF_HISTORY\RECYCLE_BIN_QUARANTINE_20260510\ITEM_0107__CLEAN_SEED_ALIGNMENT_CHECK.txt\ITEM_CHAIN_OF_CUSTODY.txt",".txt","1032","GENERAL"
"BLOCK_STOP","Jxhnny_Kl33N_Seedz\CleanSeedsBuild\PROOF_HISTORY\RECYCLE_BIN_QUARANTINE_20260510\ITEM_0108__CLEAN_SEED_ALIGNMENT_CHECK.txt\ITEM_CHAIN_OF_CUSTODY.txt",".txt","1018","GENERAL"
"BLOCK_STOP","Jxhnny_Kl33N_Seedz\CleanSeedsBuild\PROOF_HISTORY\RECYCLE_BIN_QUARANTINE_20260510\ITEM_0109__DOCTRINE_CLOSURE_AUDIT_CLEAN_JUDGMENT.txt\ITEM_CHAIN_OF_CUSTODY.txt",".txt","1045","REVIEW_REPORT"
"BLOCK_STOP","Jxhnny_Kl33N_Seedz\CleanSeedsBuild\PROOF_HISTORY\RECYCLE_BIN_QUARANTINE_20260510\ITEM_0110__CLEAN_SEED_ALIGNMENT_CHECK.txt\ITEM_CHAIN_OF_CUSTODY.txt",".txt","1038","GENERAL"
"BLOCK_STOP","Jxhnny_Kl33N_Seedz\CleanSeedsBuild\PROOF_HISTORY\RECYCLE_BIN_QUARANTINE_20260510\ITEM_0111__CLEAN_SEED_WRAP_GUIDE.txt\CLEAN_SEED_WRAP_GUIDE.txt",".txt","176534","GENERAL"
"BLOCK_STOP","Jxhnny_Kl33N_Seedz\CleanSeedsBuild\PROOF_HISTORY\RECYCLE_BIN_QUARANTINE_20260510\ITEM_0111__CLEAN_SEED_WRAP_GUIDE.txt\ITEM_CHAIN_OF_CUSTODY.txt",".txt","1028","GENERAL"
"BLOCK_STOP","Jxhnny_Kl33N_Seedz\CleanSeedsBuild\PROOF_HISTORY\RECYCLE_BIN_QUARANTINE_20260510\ITEM_0112__README_START_HERE.txt\ITEM_CHAIN_OF_CUSTODY.txt",".txt","1020","GENERAL"
"BLOCK_STOP","Jxhnny_Kl33N_Seedz\CleanSeedsBuild\PROOF_HISTORY\RECYCLE_BIN_QUARANTINE_20260510\ITEM_0113__CLEAN_SEED_ALIGNMENT_CHECK.txt\ITEM_CHAIN_OF_CUSTODY.txt",".txt","1038","GENERAL"
"BLOCK_STOP","Jxhnny_Kl33N_Seedz\CleanSeedsBuild\PROOF_HISTORY\RECYCLE_BIN_QUARANTINE_20260510\ITEM_0114__CLEAN_SEED_ALIGNMENT_CHECK.txt\ITEM_CHAIN_OF_CUSTODY.txt",".txt","1037","GENERAL"
"BLOCK_STOP","Jxhnny_Kl33N_Seedz\CleanSeedsBuild\PROOF_HISTORY\RECYCLE_BIN_QUARANTINE_20260510\ITEM_0115__README_START_HERE.txt\ITEM_CHAIN_OF_CUSTODY.txt",".txt","1020","GENERAL"
"BLOCK_STOP","Jxhnny_Kl33N_Seedz\CleanSeedsBuild\PROOF_HISTORY\RECYCLE_BIN_QUARANTINE_20260510\ITEM_0116__CLEAN_SEED_WRAP_GUIDE.txt\CLEAN_SEED_WRAP_GUIDE.txt",".txt","158200","GENERAL"
"BLOCK_STOP","Jxhnny_Kl33N_Seedz\CleanSeedsBuild\PROOF_HISTORY\RECYCLE_BIN_QUARANTINE_20260510\ITEM_0116__CLEAN_SEED_WRAP_GUIDE.txt\ITEM_CHAIN_OF_CUSTODY.txt",".txt","1008","GENERAL"
"BLOCK_STOP","Jxhnny_Kl33N_Seedz\CleanSeedsBuild\PROOF_HISTORY\RECYCLE_BIN_QUARANTINE_20260510\ITEM_0117__CLEAN_SEED_WRAP_GUIDE.txt\CLEAN_SEED_WRAP_GUIDE.txt",".txt","79700","GENERAL"
"BLOCK_STOP","Jxhnny_Kl33N_Seedz\CleanSeedsBuild\PROOF_HISTORY\RECYCLE_BIN_QUARANTINE_20260510\ITEM_0117__CLEAN_SEED_WRAP_GUIDE.txt\ITEM_CHAIN_OF_CUSTODY.txt",".txt","1028","GENERAL"
"BLOCK_STOP","Jxhnny_Kl33N_Seedz\CleanSeedsBuild\PROOF_HISTORY\RECYCLE_BIN_QUARANTINE_20260510\ITEM_0118__PATCH_RECEIPT_LOCK_SAVE_SEND_REST_STOP_WORD_RULES.txt\ITEM_CHAIN_OF_CUSTODY.txt",".txt","1069","RECEIPT"
"BLOCK_STOP","Jxhnny_Kl33N_Seedz\CleanSeedsBuild\PROOF_HISTORY\RECYCLE_BIN_QUARANTINE_20260510\ITEM_0118__PATCH_RECEIPT_LOCK_SAVE_SEND_REST_STOP_WORD_RULES.txt\PATCH_RECEIPT_LOCK_SAVE_SEND_REST_STOP_WORD_RULES.txt",".txt","2023","RECEIPT"
"BLOCK_STOP","Jxhnny_Kl33N_Seedz\CleanSeedsBuild\PROOF_HISTORY\RECYCLE_BIN_QUARANTINE_20260510\ITEM_0119__CLEAN_SEED_WRAP_GUIDE.txt\ITEM_CHAIN_OF_CUSTODY.txt",".txt","1008","GENERAL"
"BLOCK_STOP","Jxhnny_Kl33N_Seedz\CleanSeedsBuild\PROOF_HISTORY\RECYCLE_BIN_QUARANTINE_20260510\ITEM_0120__CLEAN_SEED_ALIGNMENT_CHECK.txt\ITEM_CHAIN_OF_CUSTODY.txt",".txt","1018","GENERAL"
"BLOCK_STOP","Jxhnny_Kl33N_Seedz\CleanSeedsBuild\PROOF_HISTORY\RECYCLE_BIN_QUARANTINE_20260510\ITEM_0121__PATCH_RECEIPT_PROOF_LEDGER_LOCK.txt\ITEM_CHAIN_OF_CUSTODY.txt",".txt","1033","RECEIPT"
"BLOCK_STOP","Jxhnny_Kl33N_Seedz\CleanSeedsBuild\PROOF_HISTORY\RECYCLE_BIN_QUARANTINE_20260510\ITEM_0122__CLEAN_SEED_ALIGNMENT_CHECK.txt\CLEAN_SEED_ALIGNMENT_CHECK.txt",".txt","103279","GENERAL"
"BLOCK_STOP","Jxhnny_Kl33N_Seedz\CleanSeedsBuild\PROOF_HISTORY\RECYCLE_BIN_QUARANTINE_20260510\ITEM_0122__CLEAN_SEED_ALIGNMENT_CHECK.txt\ITEM_CHAIN_OF_CUSTODY.txt",".txt","1037","GENERAL"
"BLOCK_STOP","Jxhnny_Kl33N_Seedz\CleanSeedsBuild\PROOF_HISTORY\RECYCLE_BIN_QUARANTINE_20260510\ITEM_0123__README_START_HERE.txt\ITEM_CHAIN_OF_CUSTODY.txt",".txt","1014","GENERAL"
"BLOCK_STOP","Jxhnny_Kl33N_Seedz\CleanSeedsBuild\PROOF_HISTORY\RECYCLE_BIN_QUARANTINE_20260510\ITEM_0124__README_START_HERE_(1).txt\ITEM_CHAIN_OF_CUSTODY.txt",".txt","1013","GENERAL"
"BLOCK_STOP","Jxhnny_Kl33N_Seedz\CleanSeedsBuild\PROOF_HISTORY\RECYCLE_BIN_QUARANTINE_20260510\ITEM_0124__README_START_HERE_(1).txt\README_START_HERE (1).txt",".txt","69204","GENERAL"
"BLOCK_STOP","Jxhnny_Kl33N_Seedz\CleanSeedsBuild\PROOF_HISTORY\RECYCLE_BIN_QUARANTINE_20260510\ITEM_0125__CLEAN_SEED_ALIGNMENT_CHECK.txt\CLEAN_SEED_ALIGNMENT_CHECK.txt",".txt","26645","GENERAL"
"BLOCK_STOP","Jxhnny_Kl33N_Seedz\CleanSeedsBuild\PROOF_HISTORY\RECYCLE_BIN_QUARANTINE_20260510\ITEM_0125__CLEAN_SEED_ALIGNMENT_CHECK.txt\ITEM_CHAIN_OF_CUSTODY.txt",".txt","1013","GENERAL"
"BLOCK_STOP","Jxhnny_Kl33N_Seedz\CleanSeedsBuild\PROOF_HISTORY\RECYCLE_BIN_QUARANTINE_20260510\ITEM_0126__CLEAN_SEED_WRAP_GUIDE.txt\CLEAN_SEED_WRAP_GUIDE.txt",".txt","48447","GENERAL"
"BLOCK_STOP","Jxhnny_Kl33N_Seedz\CleanSeedsBuild\PROOF_HISTORY\RECYCLE_BIN_QUARANTINE_20260510\ITEM_0126__CLEAN_SEED_WRAP_GUIDE.txt\ITEM_CHAIN_OF_CUSTODY.txt",".txt","1022","GENERAL"
"BLOCK_STOP","Jxhnny_Kl33N_Seedz\CleanSeedsBuild\PROOF_HISTORY\RECYCLE_BIN_QUARANTINE_20260510\ITEM_0127__CLEAN_SEED_ALIGNMENT_CHECK.txt\CLEAN_SEED_ALIGNMENT_CHECK.txt",".txt","77015","GENERAL"
"BLOCK_STOP","Jxhnny_Kl33N_Seedz\CleanSeedsBuild\PROOF_HISTORY\RECYCLE_BIN_QUARANTINE_20260510\ITEM_0127__CLEAN_SEED_ALIGNMENT_CHECK.txt\ITEM_CHAIN_OF_CUSTODY.txt",".txt","1032","GENERAL"
"BLOCK_STOP","Jxhnny_Kl33N_Seedz\COMMAND_CENTER\BLOCKED_MOVES.md",".md","553","BLOCKER"
"BLOCK_STOP","Jxhnny_Kl33N_Seedz\COMMAND_CENTER\PICKUP\_PARKING_NOTES\HOLD_SIGNAL_STRUCTURE_GRAMMAR_RESEARCH_WASH_20260524_053833.md",".md","10466","GENERAL"
"BLOCK_STOP","Jxhnny_Kl33N_Seedz\COMMAND_CENTER\RECEIPTS\LOCAL_123_HOLD_SIGNAL_STRUCTURE_GRAMMAR_RESEARCH_WASH_RECEIPT_20260524_053833.txt",".txt","2415","RECEIPT"
"BLOCK_STOP","Jxhnny_Kl33N_Seedz\COMMAND_CENTER\ROOMS\IDEA_QUARANTINE_ROOM\ROOM_CARD.md",".md","1202","GENERAL"
"BLOCK_STOP","Jxhnny_Kl33N_Seedz\COMMAND_CENTER\SCRIPTS\INCOMING\LOAD_FULL_SUIT_HANDS_PARKED_BLOCKED_20260522.ps1",".ps1","24495","BLOCKER"
"BLOCK_STOP","Jxhnny_Kl33N_Seedz\COMMAND_CENTER\TODO\TODO_HOLD_SIGNAL_GRAMMAR_NEXT_USE_20260524_053833.md",".md","1496","GENERAL"
"BLOCK_STOP","Jxhnny_Kl33N_Seedz\GPT_PROMPTS_CUSTODY\DOWNLOADS_LOOSE_CANDIDATES\20260523_001601\REPAIR_MULE_AFTER_WALK_BLOCKERS_AND_RERUN_V1.0.ps1",".ps1","5345","BLOCKER"
"BLOCK_STOP","Jxhnny_Kl33N_Seedz\HOUSE_WORK\CHAT_COCKPIT\HELPER_BLOCKER_ROUTER_SUIT_CARD_20260603.md",".md","900","BLOCKER"
"BLOCK_STOP","Jxhnny_Kl33N_Seedz\HOUSE_WORK\IDEA_CONCEPT_COLLECTION_ROOM\ROOT_SWEEP_20260603\HELPER_BLOCKER_GRAMMAR_RECOVERY_ROUTER_AFTER_ACTION_REVIEW_20260603.md",".md","2330","BLOCKER"
"BLOCK_STOP","Jxhnny_Kl33N_Seedz\HOUSE_WORK\INDEXES\RUNTIME_KERNEL_BLOCKED_WORK_INDEX.md",".md","1256","BLOCKER"
"BLOCK_STOP","Jxhnny_Kl33N_Seedz\HOUSE_WORK\PARKED\RUNTIME_KERNEL_STATUS_COMMAND_BUILD_BLOCKED_20260518_010116.md",".md","941","BLOCKER"
"BLOCK_STOP","Jxhnny_Kl33N_Seedz\HOUSE_WORK\PROJECT_COMMAND_CENTER_UI_LANE\ACTION_CARDS\BLOCKER_BURNDOWN_ACTION_CARDS_V0_2_20260604.md",".md","1502","BLOCKER"
"BLOCK_STOP","Jxhnny_Kl33N_Seedz\HOUSE_WORK\PROJECT_COMMAND_CENTER_UI_LANE\REPORTS\UI_LANE_BLOCKER_BURNDOWN_20260604.md",".md","1501","BLOCKER"
"BLOCK_STOP","Jxhnny_Kl33N_Seedz\HOUSE_WORK\RUNTIME_KERNEL_DRY_RUNS\BLOCKED_CHILD_RECOVERY_DRY_RUN_20260518_002256.json",".json","3508","BLOCKER"
"BLOCK_STOP","Jxhnny_Kl33N_Seedz\HOUSE_WORK\RUNTIME_KERNEL_RUNS\RUNTIME_KERNEL_BLOCKED_CHILD_RECOVERY_REVIEW_20260518_002256.md",".md","2122","BLOCKER"
"BLOCK_STOP","Jxhnny_Kl33N_Seedz\HOUSE_WORK\RUNTIME_KERNEL_RUNS\RUNTIME_KERNEL_BLOCKED_WORK_INDEX_DEFINITION_RUN_20260518_010227.md",".md","849","BLOCKER"
"BLOCK_STOP","Jxhnny_Kl33N_Seedz\HOUSE_WORK\RUNTIME_KERNEL_RUNS\RUNTIME_KERNEL_BLOCKED_WORK_INDEX_WALK_20260518_010355.md",".md","1280","BLOCKER"
"BLOCK_STOP","Jxhnny_Kl33N_Seedz\HOUSE_WORK\RUNTIME_KERNEL_RUNS\RUNTIME_KERNEL_STATUS_COMMAND_BUILD_BLOCKED_PARK_RUN_20260518_010116.md",".md","746","BLOCKER"
"BLOCK_STOP","Jxhnny_Kl33N_Seedz\HOUSE_WORK\WORK_SHED\HELPER_MEMORY_LEDGER\SAVE_SCRIPT_EMPTY_CONTENT_BLOCKED_LIVING_LEDGER_20260530.md",".md","6199","BLOCKER"
"BLOCK_STOP","Jxhnny_Kl33N_Seedz\HOUSE_WORK\WORK_SHED\SORTING_BENCH\HELPER_GROWTH_EMPTY_CONTENT_WRITE_BLOCKED_POWER_PLAY_20260530.md",".md","1026","BLOCKER"
"BLOCK_STOP","Jxhnny_Kl33N_Seedz\MAIL_ROOM\CHAT_REPLY_HOLD\CHAT_REPLY_20260521_233112.package.txt",".txt","1669","GENERAL"
"BLOCK_STOP","Jxhnny_Kl33N_Seedz\MULE_LOCAL_ONLY\TOP_SECRET_IDEA_CELL_LOCAL_ONLY_20260524_001305\EVIDENCE\GIT_HELD_LOCAL_ONLY_WASH_EVIDENCE_20260524_090000\COMMAND_CENTER__RECEIPTS__HOLD_SIGNAL_STRUCTURE_SOURCE_LEDGER_20260524_053833.csv",".csv","3280","RECEIPT"
"BLOCK_STOP","Jxhnny_Kl33N_Seedz\MULE_LOCAL_ONLY\TOP_SECRET_IDEA_CELL_LOCAL_ONLY_20260524_001305\EVIDENCE\GIT_HELD_LOCAL_ONLY_WASH_EVIDENCE_20260524_090000\LOCAL_ONLY_HOLD_LEDGER_20260524_090000.csv",".csv","6266","GENERAL"
"BLOCK_STOP","Jxhnny_Kl33N_Seedz\MULE_WORKSHOP\CRISS_CROSS_HOUSE_CLEANUP_WALKTHROUGH_20260523\BLOCKERS_FREEZE_REPORT.md",".md","1471","BLOCKER"
"BLOCK_STOP","Jxhnny_Kl33N_Seedz\PROOF_HISTORY\CURRENT_CHAIN_CLOSE_HOLD_CHECK_LOCK_RECEIPT_20260528.txt",".txt","1681","RECEIPT"
"BLOCK_STOP","Jxhnny_Kl33N_Seedz\PROOF_HISTORY\FULL_SUIT_HANDS_PARKED_BLOCKED_LOAD_TEST_RECEIPT_20260522_031227.txt",".txt","2964","RECEIPT"
"BLOCK_STOP","Jxhnny_Kl33N_Seedz\PROOF_HISTORY\LOCALBOT_HIGH_QUARANTINE_IMPORT_OPTION_20260511.txt",".txt","1517","GENERAL"
"BLOCK_STOP","Jxhnny_Kl33N_Seedz\PROOF_HISTORY\RECEIPT_CHATGPT_PASSIVE_NOTE_HOLDING_ADOPTION_20260517.txt",".txt","1252","RECEIPT"
"BLOCK_STOP","Jxhnny_Kl33N_Seedz\PROOF_HISTORY\RECEIPT_LOCALBOT_HIGH_QUARANTINE_IMPORT_OPTION_20260511.txt",".txt","625","RECEIPT"
"PARKED_DRAFT","HOUSE_WORK\PROJECT_COMMAND_CENTER_UI_LANE\CHUNKED_ACCEPTANCE_GROWTH_REVIEW_20260606\ACCEPTANCE_STANDARD_DRAFT__DUAL_COMMAND_CENTER_L0_AND_PRIVATE_WORK_PROTOCOL_20260606.md",".md","8044","REVIEW_REPORT"
"PARKED_DRAFT","HOUSE_WORK\PROJECT_COMMAND_CENTER_UI_LANE\HELPER_FILE_EXPOSURE_AND_33RD_PRIVATE_WORK_PROTOCOL_V0_1_20260606\ADOPTION_APPROVAL_PACKET_DRAFT__HELPER_FILE_EXPOSURE_AND_33RD_PRIVATE_WORK_PROTOCOL_V0_1_20260606.md",".md","2755","PACKET_OR_ORDER"
"PARKED_DRAFT","HOUSE_WORK\PROJECT_COMMAND_CENTER_UI_LANE\HELPER_FILE_EXPOSURE_AND_33RD_PRIVATE_WORK_PROTOCOL_V0_1_20260606\PARKED_MATERIAL__HELPER_FILE_EXPOSURE_AND_33RD_PRIVATE_WORK_PROTOCOL_V0_1_20260606.md",".md","4433","GENERAL"
"PARKED_DRAFT","Jxhnny_Kl33N_Seedz\BRAIN_LEARNING\CANDIDATE_CARD_HARVEST_DECK_INTAKE_RULE_20260601.md",".md","5773","GENERAL"
"PARKED_DRAFT","Jxhnny_Kl33N_Seedz\BRAIN_LEARNING\CANDIDATE_SELECTION_GATE_DIRTY_BRIDGE_REJECTION_RULE_20260530.md",".md","1102","GENERAL"
"PARKED_DRAFT","Jxhnny_Kl33N_Seedz\BRAIN_LEARNING\CLAIM_CAPABILITY_BRIDGE_HARNESS_CANDIDATE_20260531.md",".md","2087","GENERAL"
"PARKED_DRAFT","Jxhnny_Kl33N_Seedz\BRAIN_LEARNING\CLAIM_ENGINE_V2_2_CANDIDATE_POINTER_20260531.md",".md","1297","GENERAL"
"PARKED_DRAFT","Jxhnny_Kl33N_Seedz\BRAIN_LEARNING\CODE_GATE_V14_ALLOW_SWITCH_FORWARDING_CANDIDATE_RULE_20260528_000240.md",".md","2671","GENERAL"
"PARKED_DRAFT","Jxhnny_Kl33N_Seedz\BRAIN_LEARNING\CODE_GATE_WARNING_RESPONSE_LAYER_CANDIDATE_RULE_20260528_001051.md",".md","8476","GENERAL"
"PARKED_DRAFT","Jxhnny_Kl33N_Seedz\BRAIN_LEARNING\EDWARD_ALL_ROOM_TRIPLE_PATHFINDING_SOFT_SUIT_CANDIDATE_20260530.md",".md","13560","GENERAL"
"PARKED_DRAFT","Jxhnny_Kl33N_Seedz\BRAIN_LEARNING\FRAME_TO_SCRIPT_CANDIDATE_SYSTEM_FINAL_REVIEW_20260530.md",".md","9944","REVIEW_REPORT"
"PARKED_DRAFT","Jxhnny_Kl33N_Seedz\BRAIN_LEARNING\GROWTH_SAFE_UNDISPROVED_CANDIDATE_RULE_20260522.md",".md","2140","GENERAL"
"PARKED_DRAFT","Jxhnny_Kl33N_Seedz\BRAIN_LEARNING\GUARDED_STUCK_PROCESS_RECOVERY_CANDIDATE_RULE_20260527_235150.md",".md","2893","GUARD"
"PARKED_DRAFT","Jxhnny_Kl33N_Seedz\BRAIN_LEARNING\HASH_TUNNEL_FILE_LOGIC_V0_3_CANDIDATE_RULE_20260601.md",".md","2596","HASH_LEDGER"
"PARKED_DRAFT","Jxhnny_Kl33N_Seedz\BRAIN_LEARNING\HELPER_CAPABILITY_SYSTEM_V2_3_CANDIDATE_POINTER_20260531.md",".md","1480","GENERAL"
"PARKED_DRAFT","Jxhnny_Kl33N_Seedz\BRAIN_LEARNING\HELPER_SHAPE_SELFTEST_BENCH_LIVE_USE_RULE_CANDIDATE_20260531.md",".md","1544","GENERAL"
"PARKED_DRAFT","Jxhnny_Kl33N_Seedz\BRAIN_LEARNING\HOLD_SIGNAL_BEFORE_SHAPE_SOFT_SUIT_CANDIDATE_20260524.md",".md","2713","GENERAL"
"PARKED_DRAFT","Jxhnny_Kl33N_Seedz\BRAIN_LEARNING\HOUSE_DOCK_KERNEL_CONTRACT_AND_FIXTURE_CANDIDATE_20260601.md",".md","2289","GENERAL"
"PARKED_DRAFT","Jxhnny_Kl33N_Seedz\BRAIN_LEARNING\HOUSE_DOCK_KERNEL_TOOL_CARD_NO_BUTTON_CANDIDATE_RULE_20260601.md",".md","1656","GENERAL"
"PARKED_DRAFT","Jxhnny_Kl33N_Seedz\BRAIN_LEARNING\HOUSE_WIDE_FOG_ALARM_CANDIDATE_RULE_20260519.md",".md","3414","GENERAL"
"PARKED_DRAFT","Jxhnny_Kl33N_Seedz\BRAIN_LEARNING\INTAKE_GATE_EDWARD_ODDITY_WALK_SOURCE_LOAD_CANDIDATE_20260530.md",".md","6185","GENERAL"
"PARKED_DRAFT","Jxhnny_Kl33N_Seedz\BRAIN_LEARNING\LIVING_INTAKE_PROTOCOL_STACK_V4_TRUE_PATHING_CANDIDATE_20260530.md",".md","31240","GENERAL"
"PARKED_DRAFT","Jxhnny_Kl33N_Seedz\BRAIN_LEARNING\LOCAL_HELPER_STATUS_INDEX_GATE_WALK_CANDIDATE_RULE_20260528_002256.md",".md","33748","GENERAL"
"PARKED_DRAFT","Jxhnny_Kl33N_Seedz\BRAIN_LEARNING\LOCAL_HELPERS_STATUS_NOT_CODE_CANDIDATE_RULE_20260528_001837.md",".md","3096","GENERAL"
"PARKED_DRAFT","Jxhnny_Kl33N_Seedz\BRAIN_LEARNING\LONG_CODE_DRAFT_REVIEW_SEND_GATE_RULE_20260520.md",".md","2583","REVIEW_REPORT"
"PARKED_DRAFT","Jxhnny_Kl33N_Seedz\BRAIN_LEARNING\LOWER_CAUSE_FILE_EDGE_GATE_AND_FIXTURE_CANDIDATE_20260601.md",".md","6264","GENERAL"
"PARKED_DRAFT","Jxhnny_Kl33N_Seedz\BRAIN_LEARNING\LOWER_CAUSE_METHOD_SELECTOR_BEST_FOR_WHAT_CANDIDATE_20260601.md",".md","4966","GENERAL"
"PARKED_DRAFT","Jxhnny_Kl33N_Seedz\BRAIN_LEARNING\META_SIGNAL_NOT_PROOF_AND_PROCEDURALIZED_CLEAN_MOVE_CANDIDATE_20260528.md",".md","1354","GENERAL"
"PARKED_DRAFT","Jxhnny_Kl33N_Seedz\BRAIN_LEARNING\PARKED_LOGIC_LATENT_CAPABILITY_RULE_20260529.md",".md","833","GENERAL"
"PARKED_DRAFT","Jxhnny_Kl33N_Seedz\BRAIN_LEARNING\PENDING_BAY_COMPLETE_SET_BUNDLE_GATE_RULE_20260530.md",".md","3867","GENERAL"
"PARKED_DRAFT","Jxhnny_Kl33N_Seedz\BRAIN_LEARNING\PROOF_HASH_CUSTODY_AND_PARKED_CARRYOVER_RULE_20260527.md",".md","1951","HASH_LEDGER"
"PARKED_DRAFT","Jxhnny_Kl33N_Seedz\BRAIN_LEARNING\RECURSIVE_HOUSE_FLOW_SPINE_CANDIDATE_20260530.md",".md","2383","GENERAL"
"PARKED_DRAFT","Jxhnny_Kl33N_Seedz\BRAIN_LEARNING\REDUNDANCY_WASTE_GATE_CANDIDATE_RULE_20260527.md",".md","2740","GENERAL"
"PARKED_DRAFT","Jxhnny_Kl33N_Seedz\BRAIN_LEARNING\SCISSOR_SEW_SMELL_BONE_NERVE_TOOL_GRAMMAR_CANDIDATE_20260530.md",".md","2042","GENERAL"
"PARKED_DRAFT","Jxhnny_Kl33N_Seedz\BRAIN_LEARNING\SCRATCH_AND_SNIFF_GATE_AUDIT_PARSER_LENS_CANDIDATE_RULE_20260528_005900.md",".md","2715","REVIEW_REPORT"
"PARKED_DRAFT","Jxhnny_Kl33N_Seedz\BRAIN_LEARNING\SOLUTION_TO_CONCEPT_CROSS_EXAM_FIT_LOOP_CANDIDATE_RULE_20260527.md",".md","812","GENERAL"
"PARKED_DRAFT","Jxhnny_Kl33N_Seedz\BRAIN_LEARNING\STAGED_SET_ACTUAL_CHANGED_FILES_GUARD_20260530.md",".md","1089","GUARD"
"PARKED_DRAFT","Jxhnny_Kl33N_Seedz\CleanSeedsBuild\CleanSeed_Backups\CleanSeed_SourceTruth_Backup_20260509_233207\SOURCE_COPY\LIVE_SEED_TEST_001\PARKED_TEST_PATHS.txt",".txt","601","GENERAL"
"PARKED_DRAFT","Jxhnny_Kl33N_Seedz\CleanSeedsBuild\CleanSeed_Backups\CleanSeed_SourceTruth_Backup_20260509_233207\SOURCE_COPY\PROOF_HISTORY\DESKTOP_CLEANUP_ARCHIVE_20260509\CleanSeed_Desktop_Staging\LIVE_TEST_006_REPAIR_AND_REPLAY\SIMULATED_ADDED_FILES\CURRENT_BUILD_DRAFT_NOTES.txt",".txt","289","GENERAL"
"PARKED_DRAFT","Jxhnny_Kl33N_Seedz\CleanSeedsBuild\CLEAN_SEED_PATCH_SCOPE_STATE_TRIGGER_LOCK\LIVE_SEED_TEST_001\BACKUPS\FIRST_ADD_FILE_INTAKE_TEST_006_BACKUP_20260509_175914\ADDED_FILES\CURRENT_BUILD_DRAFT_NOTES.txt",".txt","276","GENERAL"
"PARKED_DRAFT","Jxhnny_Kl33N_Seedz\CleanSeedsBuild\PROOF_HISTORY\BACKUP_RECEIPT_SIDE_EVIDENCE_INDEX_BEFORE_PARKED_RULE_APPLICATION_ROW_20260511_1644.txt",".txt","10344","RECEIPT"
"PARKED_DRAFT","Jxhnny_Kl33N_Seedz\CleanSeedsBuild\PROOF_HISTORY\BACKUP_RECEIPT_SIDE_EVIDENCE_INDEX_BEFORE_RULE_CANDIDATE_ROWS_20260511_1655.txt",".txt","8787","RECEIPT"
"PARKED_DRAFT","Jxhnny_Kl33N_Seedz\CleanSeedsBuild\PROOF_HISTORY\BACKUP_SIDE_EVIDENCE_INDEX_BEFORE_PARKED_RULE_APPLICATION_ROW_20260511_1644.txt",".txt","20694","GENERAL"
"PARKED_DRAFT","Jxhnny_Kl33N_Seedz\CleanSeedsBuild\PROOF_HISTORY\BACKUP_SIDE_EVIDENCE_INDEX_BEFORE_RULE_CANDIDATE_ROWS_20260511_1655.txt",".txt","17560","GENERAL"
"PARKED_DRAFT","Jxhnny_Kl33N_Seedz\CleanSeedsBuild\PROOF_HISTORY\PARKED_RULE_APPLICATION_CHECKPOINT_20260511.txt",".txt","3851","GENERAL"
"PARKED_DRAFT","Jxhnny_Kl33N_Seedz\CleanSeedsBuild\PROOF_HISTORY\PROJECT_CLEANUP_DRAFT_1_SORTING_PLAN_20260510.txt",".txt","13103","GENERAL"
"PARKED_DRAFT","Jxhnny_Kl33N_Seedz\CleanSeedsBuild\PROOF_HISTORY\PROJECT_CLEANUP_DRAFT_2A_RULE_STRUCTURE_20260510.txt",".txt","18623","GENERAL"
"PARKED_DRAFT","Jxhnny_Kl33N_Seedz\CleanSeedsBuild\PROOF_HISTORY\PROJECT_CLEANUP_DRAFT_2B_CORRECTION_NOTE_20260510.txt",".txt","2217","GENERAL"
"PARKED_DRAFT","Jxhnny_Kl33N_Seedz\CleanSeedsBuild\PROOF_HISTORY\PROJECT_CLEANUP_DRAFT_2B_RESCAN_WITH_RULE_STRUCTURE_20260510.txt",".txt","75854","GENERAL"
"PARKED_DRAFT","Jxhnny_Kl33N_Seedz\CleanSeedsBuild\PROOF_HISTORY\PROJECT_KNOWLEDGE_STACK_DRAFT_1_ARCHITECTURE_20260510.txt",".txt","12812","GENERAL"
"PARKED_DRAFT","Jxhnny_Kl33N_Seedz\CleanSeedsBuild\PROOF_HISTORY\PROJECT_KNOWLEDGE_STACK_DRAFT_1B_REFINED_MODEL_20260510.txt",".txt","13343","GENERAL"
"PARKED_DRAFT","Jxhnny_Kl33N_Seedz\CleanSeedsBuild\PROOF_HISTORY\PROJECT_KNOWLEDGE_STACK_DRAFT_1C_FOLDER_FILE_SPLIT_PROPOSAL_20260510.txt",".txt","3765","GENERAL"
"PARKED_DRAFT","Jxhnny_Kl33N_Seedz\CleanSeedsBuild\PROOF_HISTORY\PROJECT_KNOWLEDGE_STACK_DRAFT_1D_EXISTING_FOLDER_DECISION_20260510.txt",".txt","3278","GENERAL"
"PARKED_DRAFT","Jxhnny_Kl33N_Seedz\CleanSeedsBuild\PROOF_HISTORY\RECEIPT_PARKED_RULE_APPLICATION_CHECKPOINT_20260511.txt",".txt","2052","RECEIPT"
"PARKED_DRAFT","Jxhnny_Kl33N_Seedz\CleanSeedsBuild\PROOF_HISTORY\RECEIPT_PROJECT_CLEANUP_DRAFT_1_20260510.txt",".txt","477","RECEIPT"
"PARKED_DRAFT","Jxhnny_Kl33N_Seedz\CleanSeedsBuild\PROOF_HISTORY\RECEIPT_PROJECT_CLEANUP_DRAFT_2A_20260510.txt",".txt","502","RECEIPT"
"PARKED_DRAFT","Jxhnny_Kl33N_Seedz\CleanSeedsBuild\PROOF_HISTORY\RECEIPT_PROJECT_CLEANUP_DRAFT_2B_20260510.txt",".txt","507","RECEIPT"
"PARKED_DRAFT","Jxhnny_Kl33N_Seedz\CleanSeedsBuild\PROOF_HISTORY\RECEIPT_PROJECT_KNOWLEDGE_STACK_DRAFT_1_20260510.txt",".txt","520","RECEIPT"
"PARKED_DRAFT","Jxhnny_Kl33N_Seedz\CleanSeedsBuild\PROOF_HISTORY\RECEIPT_PROJECT_KNOWLEDGE_STACK_DRAFT_1B_REFINED_MODEL_20260510.txt",".txt","1025","RECEIPT"
"PARKED_DRAFT","Jxhnny_Kl33N_Seedz\CleanSeedsBuild\PROOF_HISTORY\RECEIPT_PROJECT_KNOWLEDGE_STACK_DRAFT_1C_FOLDER_FILE_SPLIT_PROPOSAL_20260510.txt",".txt","881","RECEIPT"
"PARKED_DRAFT","Jxhnny_Kl33N_Seedz\CleanSeedsBuild\PROOF_HISTORY\RECEIPT_PROJECT_KNOWLEDGE_STACK_DRAFT_1D_EXISTING_FOLDER_DECISION_20260510.txt",".txt","903","RECEIPT"
"PARKED_DRAFT","Jxhnny_Kl33N_Seedz\CleanSeedsBuild\PROOF_HISTORY\ROOT_CLEANUP_CANDIDATE_LIST_NO_ACTION.txt",".txt","2422","GENERAL"
"PARKED_DRAFT","Jxhnny_Kl33N_Seedz\CleanSeedsBuild\PROOF_HISTORY\DESKTOP_DROP_FOLDER_INTAKE_ARCHIVE_20260511\CleanSeed_CHAT_PASTE_CHUNKS_20260510_211013\PROJECT_KNOWLEDGE_STACK_DRAFT_1_ARCHITECTURE_20260510__PART_001_OF_.txt",".txt","13183","GENERAL"
"PARKED_DRAFT","Jxhnny_Kl33N_Seedz\COMMAND_CENTER\SCRIPTS\INCOMING\LOAD_FULL_SUIT_HANDS_PARKED_BLOCKED_20260522.ps1",".ps1","24495","BLOCKER"
"PARKED_DRAFT","Jxhnny_Kl33N_Seedz\COMMAND_CENTER\SCRIPTS\SAVE_SCRIPTS\SAVE_COMMON_SENSE_PENDING_RULES_HOME_V2_20260520.ps1",".ps1","21468","SCRIPT_OR_RUNNER"
"PARKED_DRAFT","Jxhnny_Kl33N_Seedz\GPT_PROMPTS_CUSTODY\DOWNLOADS_LOOSE_CANDIDATES\20260523_001601\01_recursive_core_architecture.txt",".txt","34816","GENERAL"
"PARKED_DRAFT","Jxhnny_Kl33N_Seedz\GPT_PROMPTS_CUSTODY\DOWNLOADS_LOOSE_CANDIDATES\20260523_001601\03_localbot_machine_evidence.txt",".txt","52911","GENERAL"
"PARKED_DRAFT","Jxhnny_Kl33N_Seedz\GPT_PROMPTS_CUSTODY\DOWNLOADS_LOOSE_CANDIDATES\20260523_001601\API_MCP_GENERAL_RULES_V10_WORKER_LOCKED.txt",".txt","10145","GENERAL"
"PARKED_DRAFT","Jxhnny_Kl33N_Seedz\GPT_PROMPTS_CUSTODY\DOWNLOADS_LOOSE_CANDIDATES\20260523_001601\ASSISTANT_CONSTRAINT_SUBLINK_MAP.html",".html","10916","GENERAL"
"PARKED_DRAFT","Jxhnny_Kl33N_Seedz\GPT_PROMPTS_CUSTODY\DOWNLOADS_LOOSE_CANDIDATES\20260523_001601\ASSISTANT_CONSTRAINT_SUBLINK_MAP.svg",".svg","10813","GENERAL"
"PARKED_DRAFT","Jxhnny_Kl33N_Seedz\GPT_PROMPTS_CUSTODY\DOWNLOADS_LOOSE_CANDIDATES\20260523_001601\ASSISTANT_LOCAL_BROAD_STABILIZATION_PACKET_V1.5.md",".md","23495","PACKET_OR_ORDER"
"PARKED_DRAFT","Jxhnny_Kl33N_Seedz\GPT_PROMPTS_CUSTODY\DOWNLOADS_LOOSE_CANDIDATES\20260523_001601\BUILD_ASSISTANT_LOCAL_MINIMAL_PACKET_V1.0.ps1",".ps1","25452","PACKET_OR_ORDER"
"PARKED_DRAFT","Jxhnny_Kl33N_Seedz\GPT_PROMPTS_CUSTODY\DOWNLOADS_LOOSE_CANDIDATES\20260523_001601\CHAT_COCKPIT_ROUTER_MAP_PACKET_V1.0.zip",".zip","4010","PACKET_OR_ORDER"
"PARKED_DRAFT","Jxhnny_Kl33N_Seedz\GPT_PROMPTS_CUSTODY\DOWNLOADS_LOOSE_CANDIDATES\20260523_001601\CHAT_COCKPIT_ROUTER_MAP_V1.0.md",".md","6744","GENERAL"
"PARKED_DRAFT","Jxhnny_Kl33N_Seedz\GPT_PROMPTS_CUSTODY\DOWNLOADS_LOOSE_CANDIDATES\20260523_001601\CHAT_GATE_SYSTEM_RESPECTFUL_SUIT_MAP_UPDATE.zip",".zip","9910","GENERAL"
"PARKED_DRAFT","Jxhnny_Kl33N_Seedz\GPT_PROMPTS_CUSTODY\DOWNLOADS_LOOSE_CANDIDATES\20260523_001601\CHAT_SOFT_SUIT_CHAT_WEIGHT_RELEASE_LOCK.zip",".zip","11313","GENERAL"
"PARKED_DRAFT","Jxhnny_Kl33N_Seedz\GPT_PROMPTS_CUSTODY\DOWNLOADS_LOOSE_CANDIDATES\20260523_001601\CHAT_SOFT_SUIT_IDEA_LEDGER (1).md",".md","4541","GENERAL"
"PARKED_DRAFT","Jxhnny_Kl33N_Seedz\GPT_PROMPTS_CUSTODY\DOWNLOADS_LOOSE_CANDIDATES\20260523_001601\CHAT_SOFT_SUIT_MAP (1).md",".md","10146","GENERAL"
"PARKED_DRAFT","Jxhnny_Kl33N_Seedz\GPT_PROMPTS_CUSTODY\DOWNLOADS_LOOSE_CANDIDATES\20260523_001601\CHAT_SOFT_SUIT_MISSING_CORE_11_TO_READY.zip",".zip","6431","GENERAL"
"PARKED_DRAFT","Jxhnny_Kl33N_Seedz\GPT_PROMPTS_CUSTODY\DOWNLOADS_LOOSE_CANDIDATES\20260523_001601\CHILD_SHELL_FINAL_CONCEPT_FORMULA_PROOF_PACKET_20260521 (1).zip",".zip","10325","PACKET_OR_ORDER"
"PARKED_DRAFT","Jxhnny_Kl33N_Seedz\GPT_PROMPTS_CUSTODY\DOWNLOADS_LOOSE_CANDIDATES\20260523_001601\CLEAN_CHAT_SOFT_SUIT_CURRENT_OLD_SCAFFOLD_V1.ps1",".ps1","3568","SCRIPT_OR_RUNNER"
"PARKED_DRAFT","Jxhnny_Kl33N_Seedz\GPT_PROMPTS_CUSTODY\DOWNLOADS_LOOSE_CANDIDATES\20260523_001601\CODEX_SINGLE_BIG_WORK_ORDER_FILE_KEEPER_EXECUTOR_20260511.txt",".txt","16023","PACKET_OR_ORDER"
"PARKED_DRAFT","Jxhnny_Kl33N_Seedz\GPT_PROMPTS_CUSTODY\DOWNLOADS_LOOSE_CANDIDATES\20260523_001601\COMMON_SENSE_DEEP_RESEARCH_PACKET_20260521.zip",".zip","17521","PACKET_OR_ORDER"
"PARKED_DRAFT","Jxhnny_Kl33N_Seedz\GPT_PROMPTS_CUSTODY\DOWNLOADS_LOOSE_CANDIDATES\20260523_001601\COMPLETE_CHAT_GATE_SYSTEM_PACKAGE.zip",".zip","19075","GENERAL"
"PARKED_DRAFT","Jxhnny_Kl33N_Seedz\GPT_PROMPTS_CUSTODY\DOWNLOADS_LOOSE_CANDIDATES\20260523_001601\Core_Promotion_Architecture_Generic_Packet.pdf",".pdf","40924","PACKET_OR_ORDER"
"PARKED_DRAFT","Jxhnny_Kl33N_Seedz\GPT_PROMPTS_CUSTODY\DOWNLOADS_LOOSE_CANDIDATES\20260523_001601\Core_Promotion_Passport.png",".png","1674411","GENERAL"
"PARKED_DRAFT","Jxhnny_Kl33N_Seedz\GPT_PROMPTS_CUSTODY\DOWNLOADS_LOOSE_CANDIDATES\20260523_001601\CPT_LANE_HOUSEKEEPING_CLOSEOUT_20260516.txt",".txt","7036","GENERAL"
"PARKED_DRAFT","Jxhnny_Kl33N_Seedz\GPT_PROMPTS_CUSTODY\DOWNLOADS_LOOSE_CANDIDATES\20260523_001601\CURRENT_TRUTH_INDEX.txt",".txt","20372","GENERAL"
"PARKED_DRAFT","Jxhnny_Kl33N_Seedz\GPT_PROMPTS_CUSTODY\DOWNLOADS_LOOSE_CANDIDATES\20260523_001601\DENSE_IDEA_REVISE_RULE_DEEP_RESEARCH_PACKET_20260521.zip",".zip","18901","PACKET_OR_ORDER"
"PARKED_DRAFT","Jxhnny_Kl33N_Seedz\GPT_PROMPTS_CUSTODY\DOWNLOADS_LOOSE_CANDIDATES\20260523_001601\EVIDENCE_MANIFEST_BOARD_MAP_NOTE_LANGUAGE_LOCK_20260510.txt",".txt","1022","MANIFEST"
"PARKED_DRAFT","Jxhnny_Kl33N_Seedz\GPT_PROMPTS_CUSTODY\DOWNLOADS_LOOSE_CANDIDATES\20260523_001601\FINAL_CHAT_SOFT_SUIT_CLOSEOUT_CLEAN_VERIFY_V1.ps1",".ps1","7411","SCRIPT_OR_RUNNER"
"PARKED_DRAFT","Jxhnny_Kl33N_Seedz\GPT_PROMPTS_CUSTODY\DOWNLOADS_LOOSE_CANDIDATES\20260523_001601\FIX_GPT_PROMPTS_FRONT_DOOR_MAIL_DROP (1).ps1",".ps1","5367","SCRIPT_OR_RUNNER"
"PARKED_DRAFT","Jxhnny_Kl33N_Seedz\GPT_PROMPTS_CUSTODY\DOWNLOADS_LOOSE_CANDIDATES\20260523_001601\GOLD_RECOVERY_RULE_STACK_AND_CHAT_CHECKPOINT_20260510 (1).txt",".txt","14965","GENERAL"
"PARKED_DRAFT","Jxhnny_Kl33N_Seedz\GPT_PROMPTS_CUSTODY\DOWNLOADS_LOOSE_CANDIDATES\20260523_001601\INCIDENT_BEFORE_REASSURANCE_RULE_20260516.txt",".txt","2585","GENERAL"
"PARKED_DRAFT","Jxhnny_Kl33N_Seedz\GPT_PROMPTS_CUSTODY\DOWNLOADS_LOOSE_CANDIDATES\20260523_001601\INSTALL_CHAT_SOFT_SUIT_CURRENT_AUTHORITY_FIX_READY_ONLY_STANDALONE.ps1",".ps1","40476","SCRIPT_OR_RUNNER"
"PARKED_DRAFT","Jxhnny_Kl33N_Seedz\GPT_PROMPTS_CUSTODY\DOWNLOADS_LOOSE_CANDIDATES\20260523_001601\LOCK_SMOKE_BREAK_FOCUS_RESET_POWER_PLAY_V1.0.ps1",".ps1","15355","SCRIPT_OR_RUNNER"
"PARKED_DRAFT","Jxhnny_Kl33N_Seedz\GPT_PROMPTS_CUSTODY\DOWNLOADS_LOOSE_CANDIDATES\20260523_001601\LOCK_STOP_ISSUE_NOTE_OPTION_WEIGHT_GATE_V1.1.ps1",".ps1","18546","SCRIPT_OR_RUNNER"
"PARKED_DRAFT","Jxhnny_Kl33N_Seedz\GPT_PROMPTS_CUSTODY\DOWNLOADS_LOOSE_CANDIDATES\20260523_001601\MAIL_ROOM_PICKUP_HELPER_TEST_20260521_222249.package.txt",".txt","520","GENERAL"
"PARKED_DRAFT","Jxhnny_Kl33N_Seedz\GPT_PROMPTS_CUSTODY\DOWNLOADS_LOOSE_CANDIDATES\20260523_001601\MULE_REVIEW_ASSISTANT_LOCAL_STABILIZATION_HANDOFF_PACKET_V1.zip",".zip","7314","PACKET_OR_ORDER"
"PARKED_DRAFT","Jxhnny_Kl33N_Seedz\GPT_PROMPTS_CUSTODY\DOWNLOADS_LOOSE_CANDIDATES\20260523_001601\NEOCITIES_ROOT_PROOF_DROP_IN.zip",".zip","815","GENERAL"
"PARKED_DRAFT","Jxhnny_Kl33N_Seedz\GPT_PROMPTS_CUSTODY\DOWNLOADS_LOOSE_CANDIDATES\20260523_001601\NEW_CHAT_CHAT_RULES_REPAIR_SET_V1.2.md",".md","3391","GENERAL"
"PARKED_DRAFT","Jxhnny_Kl33N_Seedz\GPT_PROMPTS_CUSTODY\DOWNLOADS_LOOSE_CANDIDATES\20260523_001601\PATCH_MULE_HANDOFF_RECENT_CHAT_RULES_V1.2.ps1",".ps1","7747","PACKET_OR_ORDER"
"PARKED_DRAFT","Jxhnny_Kl33N_Seedz\GPT_PROMPTS_CUSTODY\DOWNLOADS_LOOSE_CANDIDATES\20260523_001601\README_INCIDENT_RULE_PACKET_20260516.txt",".txt","675","PACKET_OR_ORDER"
"PARKED_DRAFT","Jxhnny_Kl33N_Seedz\GPT_PROMPTS_CUSTODY\DOWNLOADS_LOOSE_CANDIDATES\20260523_001601\README_V6_8_TARGETED_FIX.txt",".txt","581","GENERAL"
"PARKED_DRAFT","Jxhnny_Kl33N_Seedz\GPT_PROMPTS_CUSTODY\DOWNLOADS_LOOSE_CANDIDATES\20260523_001601\REPAIR_MULE_AFTER_WALK_BLOCKERS_AND_RERUN_V1.0.ps1",".ps1","5345","BLOCKER"
"PARKED_DRAFT","Jxhnny_Kl33N_Seedz\GPT_PROMPTS_CUSTODY\DOWNLOADS_LOOSE_CANDIDATES\20260523_001601\REPAIR_MULE_BOSS_WHEEL_APPLY_ALL_LOCAL_ONLY_V1.1.ps1",".ps1","7901","SCRIPT_OR_RUNNER"
"PARKED_DRAFT","Jxhnny_Kl33N_Seedz\GPT_PROMPTS_CUSTODY\DOWNLOADS_LOOSE_CANDIDATES\20260523_001601\REPAIR_SAME_SHAPE_DIRECTION_FEEL_GIT_ADD_IGNORED_PROOF_V1.0.ps1",".ps1","7603","SCRIPT_OR_RUNNER"
"PARKED_DRAFT","Jxhnny_Kl33N_Seedz\GPT_PROMPTS_CUSTODY\DOWNLOADS_LOOSE_CANDIDATES\20260523_001601\RUN_MULE_REVIEW_AFTER_SAME_SHAPE_HOUSE_WALK_V1.0.ps1",".ps1","11453","REVIEW_REPORT"
"PARKED_DRAFT","Jxhnny_Kl33N_Seedz\GPT_PROMPTS_CUSTODY\DOWNLOADS_LOOSE_CANDIDATES\20260523_001601\Sam_Packet_Core_Promotion_Architecture_Context_Exposure_Added.pdf",".pdf","161144","PACKET_OR_ORDER"
"PARKED_DRAFT","Jxhnny_Kl33N_Seedz\GPT_PROMPTS_CUSTODY\DOWNLOADS_LOOSE_CANDIDATES\20260523_001601\SAVE_AND_APPLY_SAME_SHAPE_HOUSE_WALK_V1.0.ps1",".ps1","15750","SCRIPT_OR_RUNNER"
"PARKED_DRAFT","Jxhnny_Kl33N_Seedz\GPT_PROMPTS_CUSTODY\DOWNLOADS_LOOSE_CANDIDATES\20260523_001601\SAVE_AND_TELEPORT_CHAT_COCKPIT_ROUTER_MAP_V1.0.ps1",".ps1","4219","SCRIPT_OR_RUNNER"
"PARKED_DRAFT","Jxhnny_Kl33N_Seedz\GPT_PROMPTS_CUSTODY\DOWNLOADS_LOOSE_CANDIDATES\20260523_001601\SAVE_AND_TELEPORT_WHY_WE_SUCK_METHOD_V1.1.ps1",".ps1","10801","SCRIPT_OR_RUNNER"
"PARKED_DRAFT","Jxhnny_Kl33N_Seedz\GPT_PROMPTS_CUSTODY\DOWNLOADS_LOOSE_CANDIDATES\20260523_001601\SAVE_CHAT_COCKPIT_ROUTER_MAP_V1.0.ps1",".ps1","2304","SCRIPT_OR_RUNNER"
"PARKED_DRAFT","Jxhnny_Kl33N_Seedz\GPT_PROMPTS_CUSTODY\DOWNLOADS_LOOSE_CANDIDATES\20260523_001601\SAVE_MULE_BOSS_WHEEL_LOCAL_ONLY_V1.ps1",".ps1","8389","SCRIPT_OR_RUNNER"
"PARKED_DRAFT","Jxhnny_Kl33N_Seedz\GPT_PROMPTS_CUSTODY\DOWNLOADS_LOOSE_CANDIDATES\20260523_001601\SAVE_SAME_SHAPE_DIRECTION_FEEL_TO_HOUSE_AND_BRAIN_V1.0.ps1",".ps1","16080","SCRIPT_OR_RUNNER"
"PARKED_DRAFT","Jxhnny_Kl33N_Seedz\GPT_PROMPTS_CUSTODY\DOWNLOADS_LOOSE_CANDIDATES\20260523_001601\TECH_MODEL_STATE_REVIEW_PROMPT_20260511.txt",".txt","1027","REVIEW_REPORT"
"PARKED_DRAFT","Jxhnny_Kl33N_Seedz\HOUSE_WORK\ANCHOR_CURRENT_TRUTH_SYNC_CANDIDATE\ANCHOR_CURRENT_TRUTH_SYNC_CANDIDATE_20260518.md",".md","1870","GENERAL"
"PARKED_DRAFT","Jxhnny_Kl33N_Seedz\HOUSE_WORK\ASSISTANT_PATH\ASSISTANT_ENTRY_PATH_CANDIDATE_V1.md",".md","17466","GENERAL"
"PARKED_DRAFT","Jxhnny_Kl33N_Seedz\HOUSE_WORK\ASSISTANT_PATH\FILE_REGISTRY_CANDIDATE_SHAPE_V1.md",".md","13719","GENERAL"
"PARKED_DRAFT","Jxhnny_Kl33N_Seedz\HOUSE_WORK\CHAT_COCKPIT\CANDIDATE_SELECTION_GATE_V1_1_SUIT_CARD_20260530.md",".md","614","GENERAL"
"PARKED_DRAFT","Jxhnny_Kl33N_Seedz\HOUSE_WORK\CHAT_COCKPIT\FRAME_TO_SCRIPT_CANDIDATE_SUIT_CARD_V1_20260530.md",".md","798","SCRIPT_OR_RUNNER"
"PARKED_DRAFT","Jxhnny_Kl33N_Seedz\HOUSE_WORK\CHAT_COCKPIT\PENDING_BAY_COMPLETE_SET_BUNDLE_GATE_SUIT_CARD_V1_20260530.md",".md","698","GENERAL"
"PARKED_DRAFT","Jxhnny_Kl33N_Seedz\HOUSE_WORK\GATE_RINGS\MASTER_500_GATE_RING_20260524\MASTER_GATE_RING_510_ORDERED_CANDIDATE.csv",".csv","288681","PACKET_OR_ORDER"
"PARKED_DRAFT","Jxhnny_Kl33N_Seedz\HOUSE_WORK\GATE_RINGS\MASTER_500_GATE_RING_20260524\MASTER_GATE_RING_510_ORDERED_CANDIDATE.md",".md","174390","PACKET_OR_ORDER"
"PARKED_DRAFT","Jxhnny_Kl33N_Seedz\HOUSE_WORK\GATE_RINGS\MASTER_500_GATE_RING_20260524\PRE_EXPANSION_BASELINE_20260524_225710\MASTER_GATE_RING_510_ORDERED_CANDIDATE.csv",".csv","288681","PACKET_OR_ORDER"
"PARKED_DRAFT","Jxhnny_Kl33N_Seedz\HOUSE_WORK\GATE_RINGS\MASTER_500_GATE_RING_20260524\PRE_EXPANSION_BASELINE_20260524_225710\MASTER_GATE_RING_510_ORDERED_CANDIDATE.md",".md","174390","PACKET_OR_ORDER"
"PARKED_DRAFT","Jxhnny_Kl33N_Seedz\HOUSE_WORK\GATE_RINGS\MASTER_EXPANDED_GATE_RING_20260524\MASTER_GATE_RING_3400_EXPANDED_ORDERED_CANDIDATE.csv",".csv","2603227","PACKET_OR_ORDER"
"PARKED_DRAFT","Jxhnny_Kl33N_Seedz\HOUSE_WORK\GATE_RINGS\MASTER_EXPANDED_GATE_RING_20260524\MASTER_GATE_RING_3400_EXPANDED_ORDERED_CANDIDATE.md",".md","1737251","PACKET_OR_ORDER"
"PARKED_DRAFT","Jxhnny_Kl33N_Seedz\HOUSE_WORK\GATE_RINGS\MASTER_EXPANDED_GATE_RING_20260524\PRE_RUN2_BASELINE_20260524_233000\MASTER_GATE_RING_3400_EXPANDED_ORDERED_CANDIDATE.csv",".csv","2603227","PACKET_OR_ORDER"
"PARKED_DRAFT","Jxhnny_Kl33N_Seedz\HOUSE_WORK\GATE_RINGS\MASTER_EXPANDED_GATE_RING_20260524\PRE_RUN2_BASELINE_20260524_233000\MASTER_GATE_RING_3400_EXPANDED_ORDERED_CANDIDATE.md",".md","1737251","PACKET_OR_ORDER"
"PARKED_DRAFT","Jxhnny_Kl33N_Seedz\HOUSE_WORK\GATE_RINGS\MASTER_EXPANDED_GATE_RING_RUN2_10200_20260524\MASTER_GATE_RING_10200_RUN2_ORDERED_CANDIDATE.csv",".csv","9311886","PACKET_OR_ORDER"
"PARKED_DRAFT","Jxhnny_Kl33N_Seedz\HOUSE_WORK\GATE_RINGS\MASTER_EXPANDED_GATE_RING_RUN2_10200_20260524\MASTER_GATE_RING_10200_RUN2_ORDERED_CANDIDATE.md",".md","5932310","PACKET_OR_ORDER"
"PARKED_DRAFT","Jxhnny_Kl33N_Seedz\HOUSE_WORK\IDEA_CONCEPT_COLLECTION_ROOM\CANDIDATE_GOVERNANCE_AND_PROOF_LADDER_20260603\CANDIDATE_GOVERNANCE_ADDENDUM_INDEX_20260603.md",".md","2201","GENERAL"
"PARKED_DRAFT","Jxhnny_Kl33N_Seedz\HOUSE_WORK\IDEA_CONCEPT_COLLECTION_ROOM\CANDIDATE_GOVERNANCE_AND_PROOF_LADDER_20260603\CANDIDATE_GOVERNANCE_AND_PROOF_LADDER_SPEC_V0_1_20260603.md",".md","9767","GENERAL"
"PARKED_DRAFT","Jxhnny_Kl33N_Seedz\HOUSE_WORK\IDEA_CONCEPT_COLLECTION_ROOM\CANDIDATE_GOVERNANCE_AND_PROOF_LADDER_20260603\CANDIDATE_GOVERNANCE_CHANGE_LEDGER_20260603.md",".md","2958","GENERAL"
"PARKED_DRAFT","Jxhnny_Kl33N_Seedz\HOUSE_WORK\IDEA_CONCEPT_COLLECTION_ROOM\CANDIDATE_GOVERNANCE_AND_PROOF_LADDER_20260603\CANDIDATE_GOVERNANCE_FILE_MANIFEST_20260603.md",".md","1848","MANIFEST"
"PARKED_DRAFT","Jxhnny_Kl33N_Seedz\HOUSE_WORK\IDEA_CONCEPT_COLLECTION_ROOM\CANDIDATE_GOVERNANCE_AND_PROOF_LADDER_20260603\CANDIDATE_GOVERNANCE_FINAL_VERDICT_20260603.md",".md","1765","GENERAL"
"PARKED_DRAFT","Jxhnny_Kl33N_Seedz\HOUSE_WORK\IDEA_CONCEPT_COLLECTION_ROOM\CANDIDATE_GOVERNANCE_AND_PROOF_LADDER_20260603\CANDIDATE_GOVERNANCE_FIRST_USE_CASE_MULE_RETURN_REVIEW_20260603.md",".md","2158","REVIEW_REPORT"
"PARKED_DRAFT","Jxhnny_Kl33N_Seedz\HOUSE_WORK\IDEA_CONCEPT_COLLECTION_ROOM\CANDIDATE_GOVERNANCE_AND_PROOF_LADDER_20260603\CANDIDATE_GOVERNANCE_OPEN_QUESTIONS_20260603.md",".md","1783","GENERAL"
"PARKED_DRAFT","Jxhnny_Kl33N_Seedz\HOUSE_WORK\IDEA_CONCEPT_COLLECTION_ROOM\CANDIDATE_GOVERNANCE_AND_PROOF_LADDER_20260603\CANDIDATE_GOVERNANCE_PROOF_CHECKLIST_20260603.md",".md","2085","GENERAL"
"PARKED_DRAFT","Jxhnny_Kl33N_Seedz\HOUSE_WORK\IDEA_CONCEPT_COLLECTION_ROOM\CANDIDATE_GOVERNANCE_AND_PROOF_LADDER_20260603\FAIRLIGHT_CMI_SOURCE_FIT_TEST_PLAN_V0_20260603.md",".md","1974","GENERAL"
"PARKED_DRAFT","Jxhnny_Kl33N_Seedz\HOUSE_WORK\IDEA_CONCEPT_COLLECTION_ROOM\CANDIDATE_GOVERNANCE_AND_PROOF_LADDER_20260603\ONE_PAGE_REVIEW_MAP_20260603.md",".md","3039","REVIEW_REPORT"
"PARKED_DRAFT","Jxhnny_Kl33N_Seedz\HOUSE_WORK\IDEA_CONCEPT_COLLECTION_ROOM\CANDIDATE_GOVERNANCE_AND_PROOF_LADDER_20260603\WOLFRAM_RULE30_SOURCE_FIT_TEST_PLAN_V0_20260603.md",".md","1968","GENERAL"
"PARKED_DRAFT","Jxhnny_Kl33N_Seedz\HOUSE_WORK\IDEA_CONCEPT_COLLECTION_ROOM\HELPER_STRESS_BENCH_READ_ONLY_INVENTORY_20260603\HELPER_STRESS_BENCH_CANDIDATE_NEXT_PROOF_TABLE_20260603.md",".md","2084","GENERAL"
"PARKED_DRAFT","Jxhnny_Kl33N_Seedz\HOUSE_WORK\IDEA_CONCEPT_COLLECTION_ROOM\PARKED_SOURCE_LANES\PARKED_SOURCE_LANE_FAIRLIGHT_CMI_DIGITAL_INSTRUMENT_20260603.md",".md","1720","GENERAL"
"PARKED_DRAFT","Jxhnny_Kl33N_Seedz\HOUSE_WORK\IDEA_CONCEPT_COLLECTION_ROOM\PARKED_SOURCE_LANES\PARKED_SOURCE_LANE_WOLFRAM_CELLULAR_AUTOMATA_RULE30_BITSTRING_TRIANGLE_20260603.md",".md","1887","GENERAL"
"PARKED_DRAFT","Jxhnny_Kl33N_Seedz\HOUSE_WORK\INTAKE\123_NON_GIT_AUDIT_20260522\SOURCE\COMMON_SENSE_HOUSE_ABILITY_CAPTURE_AND_RULE_DRAFT_20260521.md",".md","3918","REVIEW_REPORT"
"PARKED_DRAFT","Jxhnny_Kl33N_Seedz\HOUSE_WORK\INTAKE\123_NON_GIT_AUDIT_20260522\SOURCE\LIVING_RULE_DENSE_IDEA_REVISE_INTAKE_RULE_DRAFT_20260521.md",".md","3090","REVIEW_REPORT"
"PARKED_DRAFT","Jxhnny_Kl33N_Seedz\HOUSE_WORK\PARKED\RUNTIME_KERNEL_STATUS_COMMAND_BUILD_BLOCKED_20260518_010116.md",".md","941","BLOCKER"
"PARKED_DRAFT","Jxhnny_Kl33N_Seedz\HOUSE_WORK\RUNTIME_KERNEL_RUNS\RUNTIME_KERNEL_STATUS_CANDIDATE_CLOSE_REVIEW_20260518_004915.md",".md","2369","REVIEW_REPORT"
"PARKED_DRAFT","Jxhnny_Kl33N_Seedz\HOUSE_WORK\SYSTEM_ALIGNMENT_ROOM\INTAKE_GATE_HOUSE_ROUTINE_MIRROR_20260531\HELPER_ROUTINE_LOOP_CANDIDATE_V1_20260531.md",".md","6729","GENERAL"
"PARKED_DRAFT","Jxhnny_Kl33N_Seedz\HOUSE_WORK\SYSTEM_ALIGNMENT_ROOM\ROOT_SOURCE_INTAKE_AND_HASH_TUNNEL_20260531\CLAIM_CAPABILITY_FRONT_DOOR_WIRING_CANDIDATE_V1_20260531.md",".md","4578","HASH_LEDGER"
"PARKED_DRAFT","Jxhnny_Kl33N_Seedz\HOUSE_WORK\SYSTEM_ALIGNMENT_ROOM\ROOT_SOURCE_INTAKE_AND_HASH_TUNNEL_20260531\PARKED_RETURN_TRIGGER_LEDGER_20260531.csv",".csv","2058","HASH_LEDGER"
"PARKED_DRAFT","Jxhnny_Kl33N_Seedz\HOUSE_WORK\TODO\CANDIDATE_GOVERNANCE_NEXT_PROOF_TODO_20260603.md",".md","1324","GENERAL"
"PARKED_DRAFT","Jxhnny_Kl33N_Seedz\HOUSE_WORK\TODO\CLAIM_CAPABILITY_CANDIDATE_SAVE_PACKET_NEXT_WORK_20260531.md",".md","1052","PACKET_OR_ORDER"
"PARKED_DRAFT","Jxhnny_Kl33N_Seedz\HOUSE_WORK\TODO\MANUAL_FRAME_TO_CANDIDATE_CONTRACT_TEST_DESIGN_TODO_20260530.md",".md","1055","GENERAL"
"PARKED_DRAFT","Jxhnny_Kl33N_Seedz\HOUSE_WORK\TODO\YOUTUBE_SOURCE_ORE_CANDIDATE_LIVE_USE_TODO_20260522.md",".md","838","SOURCE"
"PARKED_DRAFT","Jxhnny_Kl33N_Seedz\HOUSE_WORK\WORK_SHED\GEAR_RACK\RUN_CLAIM_CAPABILITY_CANDIDATE_SAVE_PACKET_V1_20260531.ps1",".ps1","5995","PACKET_OR_ORDER"
"PARKED_DRAFT","Jxhnny_Kl33N_Seedz\HOUSE_WORK\WORK_SHED\GEAR_RACK\RULE_MACHINES\SCRATCH_AND_SNIFF_GATE_AUDIT_PARSER_LENS_RULE_CANDIDATE_20260528_005900.md",".md","2715","REVIEW_REPORT"
"PARKED_DRAFT","Jxhnny_Kl33N_Seedz\HOUSE_WORK\WORK_SHED\INDEXES\CANDIDATE_SELECTION_GATE_TRIAL_LEDGER_V1_1_20260530.md",".md","1135","GENERAL"
"PARKED_DRAFT","Jxhnny_Kl33N_Seedz\HOUSE_WORK\WORK_SHED\INDEXES\FRAME_TO_SCRIPT_CANDIDATE_ROUTE_MAP_V1_20260530.md",".md","811","SCRIPT_OR_RUNNER"
"PARKED_DRAFT","Jxhnny_Kl33N_Seedz\HOUSE_WORK\WORK_SHED\INDEXES\PENDING_BAY_BUNDLE_GATE_ROUTE_MAP_V1_20260530.md",".md","709","GENERAL"
"PARKED_DRAFT","Jxhnny_Kl33N_Seedz\HOUSE_WORK\WORK_SHED\SORTING_BENCH\CANDIDATE_SELECTION_GATE_V1_1_REPAIR_EVIDENCE_20260530.md",".md","1180","GENERAL"
"PARKED_DRAFT","Jxhnny_Kl33N_Seedz\HOUSE_WORK\WORK_SHED\SORTING_BENCH\CENTER_ROOM_COMMONS_JOB_DEFINITION_CANDIDATE_20260528.md",".md","5072","GENERAL"
"PARKED_DRAFT","Jxhnny_Kl33N_Seedz\HOUSE_WORK\WORK_SHED\SORTING_BENCH\FRAME_TO_SCRIPT_CANDIDATE_SYSTEM_FIT_REPORT_20260530.md",".md","1436","REVIEW_REPORT"
"PARKED_DRAFT","Jxhnny_Kl33N_Seedz\HOUSE_WORK\WORK_SHED\SORTING_BENCH\HELPER_ISSUE_GATE_ROUTING_RULE_CANDIDATE_V1.md",".md","4494","GENERAL"
"PARKED_DRAFT","Jxhnny_Kl33N_Seedz\HOUSE_WORK\WORK_SHED\SORTING_BENCH\PENDING_BAY_COMPLETE_SET_BUNDLE_GATE_FIT_REPORT_20260530.md",".md","1728","REVIEW_REPORT"
"PARKED_DRAFT","Jxhnny_Kl33N_Seedz\HOUSE_WORK\WORK_SHED\SORTING_BENCH\CLAIM_CAPABILITY_CANDIDATE_SAVE_PACKET_20260531\CLAIM_CAPABILITY_CANDIDATE_SAVE_PACKET_ITEMS_V1_20260531.csv",".csv","2590","PACKET_OR_ORDER"
"PARKED_DRAFT","Jxhnny_Kl33N_Seedz\HOUSE_WORK\WORK_SHED\SORTING_BENCH\CLAIM_CAPABILITY_CANDIDATE_SAVE_PACKET_20260531\CLAIM_CAPABILITY_CANDIDATE_SAVE_PACKET_V1_20260531.md",".md","1931","PACKET_OR_ORDER"
"PARKED_DRAFT","Jxhnny_Kl33N_Seedz\HOUSE_WORK\WORK_SHED\TEMPLATES\CANDIDATE_SELECTION_GATE_CANDIDATE_PACK_TEMPLATE_V1_1_20260530.md",".md","686","GENERAL"
"PARKED_DRAFT","Jxhnny_Kl33N_Seedz\HOUSE_WORK\WORK_SHED\TEMPLATES\FRAME_TO_SCRIPT_CANDIDATE_CONTRACT_TEMPLATE_V1_20260530.md",".md","2652","SCRIPT_OR_RUNNER"
"PARKED_DRAFT","Jxhnny_Kl33N_Seedz\HOUSE_WORK\WORK_SHED\TEMPLATES\FRAME_TO_SCRIPT_CANDIDATE_POLICY_TEMPLATE_V1_20260530.md",".md","1157","SCRIPT_OR_RUNNER"
"PARKED_DRAFT","Jxhnny_Kl33N_Seedz\HOUSE_WORK\WORK_SHED\TEMPLATES\PENDING_BAY_BUNDLE_MANIFEST_TEMPLATE_V1_20260530.md",".md","493","MANIFEST"
"PARKED_DRAFT","Jxhnny_Kl33N_Seedz\HOUSE_WORK\WORK_SHED\THINK_TANK\GATE_CANDIDATES\REDUNDANCY_WASTE_GATE_CANDIDATE_20260527.md",".md","1823","GENERAL"
"PARKED_DRAFT","Jxhnny_Kl33N_Seedz\HOUSE_WORK\WORK_SHED\THINK_TANK\GATE_RUNS\PROOF_HASH_CUSTODY_AND_PARKED_CARRYOVER_GATE_RUN_20260527.md",".md","921","HASH_LEDGER"
"PARKED_DRAFT","Jxhnny_Kl33N_Seedz\HOUSE_WORK\WORK_SHED\THINK_TANK\LIVE_PROCESS\PROOF_HASH_CUSTODY_AND_PARKED_CARRYOVER_THINK_TANK_20260527.md",".md","1119","HASH_LEDGER"
"PARKED_DRAFT","Jxhnny_Kl33N_Seedz\MULE_WORKSHOP\CRISS_CROSS_HOUSE_CLEANUP_WALKTHROUGH_20260523\PARKED_WITH_RETURN_TRIGGERS.md",".md","3401","GENERAL"
"PARKED_DRAFT","Jxhnny_Kl33N_Seedz\PROOF_HISTORY\ALGORITHM_CANDIDATE_LIST_PASS_001_20260517_093955.txt",".txt","5434","GENERAL"
"PARKED_DRAFT","Jxhnny_Kl33N_Seedz\PROOF_HISTORY\ANCHOR_CURRENT_TRUTH_SYNC_CANDIDATE_LOCK_RECEIPT_20260518.txt",".txt","1278","RECEIPT"
"PARKED_DRAFT","Jxhnny_Kl33N_Seedz\PROOF_HISTORY\BACKUP_RECEIPT_SIDE_EVIDENCE_INDEX_BEFORE_PARKED_RULE_APPLICATION_ROW_20260511_1644.txt",".txt","10576","RECEIPT"
"PARKED_DRAFT","Jxhnny_Kl33N_Seedz\PROOF_HISTORY\BACKUP_RECEIPT_SIDE_EVIDENCE_INDEX_BEFORE_RULE_CANDIDATE_ROWS_20260511_1655.txt",".txt","8984","RECEIPT"
"PARKED_DRAFT","Jxhnny_Kl33N_Seedz\PROOF_HISTORY\BACKUP_SIDE_EVIDENCE_INDEX_BEFORE_RULE_CANDIDATE_ROWS_20260511_1655.txt",".txt","17687","GENERAL"
"PARKED_DRAFT","Jxhnny_Kl33N_Seedz\PROOF_HISTORY\BITSTRING_SECOND_PASS_CANDIDATE_SORTING_REVIEW_RECEIPT_20260519.txt",".txt","997","RECEIPT"
"PARKED_DRAFT","Jxhnny_Kl33N_Seedz\PROOF_HISTORY\CANDIDATE_GOVERNANCE_AND_PROOF_LADDER_MANIFEST_20260603.csv",".csv","3125","MANIFEST"
"PARKED_DRAFT","Jxhnny_Kl33N_Seedz\PROOF_HISTORY\CANDIDATE_GOVERNANCE_AND_PROOF_LADDER_RECEIPT_20260603.txt",".txt","4875","RECEIPT"
"PARKED_DRAFT","Jxhnny_Kl33N_Seedz\PROOF_HISTORY\CANDIDATE_SELECTION_GATE_V1_1_EVIDENCE_IGNORED_PATH_MANIFEST_20260530.txt",".txt","3527","MANIFEST"
"PARKED_DRAFT","Jxhnny_Kl33N_Seedz\PROOF_HISTORY\CANDIDATE_SELECTION_GATE_V1_1_EVIDENCE_LOCK_RECEIPT_20260530.txt",".txt","2765","RECEIPT"
"PARKED_DRAFT","Jxhnny_Kl33N_Seedz\PROOF_HISTORY\CHECKER_CANDIDATE_BATCH_CLOSE_RECEIPT_20260519.txt",".txt","1000","RECEIPT"
"PARKED_DRAFT","Jxhnny_Kl33N_Seedz\PROOF_HISTORY\CHECKER_CANDIDATE_BATCH_PROMOTION_CRITERIA_REVIEW_RECEIPT_20260519.txt",".txt","494","RECEIPT"
"PARKED_DRAFT","Jxhnny_Kl33N_Seedz\PROOF_HISTORY\CHECKER_CANDIDATE_LABEL_REVIEW_RECEIPT_20260519.txt",".txt","580","RECEIPT"
"PARKED_DRAFT","Jxhnny_Kl33N_Seedz\PROOF_HISTORY\CLAIM_CAPABILITY_CANDIDATE_SAVE_PACKET_IGNORED_PATH_MANIFEST_20260531.txt",".txt","3278","MANIFEST"
"PARKED_DRAFT","Jxhnny_Kl33N_Seedz\PROOF_HISTORY\CLAIM_CAPABILITY_CANDIDATE_SAVE_PACKET_RECEIPT_20260531.txt",".txt","3401","RECEIPT"
"PARKED_DRAFT","Jxhnny_Kl33N_Seedz\PROOF_HISTORY\CREATIVE_AUTONOMY_LAB_SUNO_SOFT_TOUCH_STUDIO_CANDIDATE_PROOF_PHASE_RECEIPT_20260518.txt",".txt","2852","RECEIPT"
"PARKED_DRAFT","Jxhnny_Kl33N_Seedz\PROOF_HISTORY\EDWARD_ALL_ROOM_TRIPLE_PATHFINDING_SOFT_SUIT_CANDIDATE_RECEIPT_20260530.txt",".txt","1528","RECEIPT"
"PARKED_DRAFT","Jxhnny_Kl33N_Seedz\PROOF_HISTORY\FRAME_TO_SCRIPT_CANDIDATE_SYSTEM_IGNORED_PATH_MANIFEST_20260530.txt",".txt","4009","MANIFEST"
"PARKED_DRAFT","Jxhnny_Kl33N_Seedz\PROOF_HISTORY\FRAME_TO_SCRIPT_CANDIDATE_SYSTEM_LOCK_RECEIPT_20260530.txt",".txt","2407","RECEIPT"
"PARKED_DRAFT","Jxhnny_Kl33N_Seedz\PROOF_HISTORY\FULL_SUIT_HANDS_PARKED_BLOCKED_LOAD_TEST_RECEIPT_20260522_031227.txt",".txt","2964","RECEIPT"
"PARKED_DRAFT","Jxhnny_Kl33N_Seedz\PROOF_HISTORY\HOUSE_WIDE_FOG_ALARM_CANDIDATE_RECEIPT_20260519.txt",".txt","1695","RECEIPT"
"PARKED_DRAFT","Jxhnny_Kl33N_Seedz\PROOF_HISTORY\PARKED_RULE_APPLICATION_CHECKPOINT_20260511.txt",".txt","3958","GENERAL"
"PARKED_DRAFT","Jxhnny_Kl33N_Seedz\PROOF_HISTORY\PENDING_BAY_COMPLETE_SET_BUNDLE_GATE_IGNORED_PATH_MANIFEST_20260530.txt",".txt","3305","MANIFEST"
"PARKED_DRAFT","Jxhnny_Kl33N_Seedz\PROOF_HISTORY\PENDING_BAY_COMPLETE_SET_BUNDLE_GATE_LOCK_RECEIPT_20260530.txt",".txt","11989","RECEIPT"
"PARKED_DRAFT","Jxhnny_Kl33N_Seedz\PROOF_HISTORY\POWERSHELL_TOOL_CANDIDATE_TEXT_INSPECTION_RECEIPT_20260519.txt",".txt","1969","RECEIPT"
"PARKED_DRAFT","Jxhnny_Kl33N_Seedz\PROOF_HISTORY\PRIOR_MISTAKE_RETRIEVAL_ROUTE_SELECTION_SOFT_SUIT_CANDIDATE_RECEIPT_20260519.txt",".txt","832","RECEIPT"
"PARKED_DRAFT","Jxhnny_Kl33N_Seedz\PROOF_HISTORY\PROJECT_CLEANUP_DRAFT_1_SORTING_PLAN_20260510.txt",".txt","13359","GENERAL"
"PARKED_DRAFT","Jxhnny_Kl33N_Seedz\PROOF_HISTORY\PROJECT_CLEANUP_DRAFT_2A_RULE_STRUCTURE_20260510.txt",".txt","18975","GENERAL"
"PARKED_DRAFT","Jxhnny_Kl33N_Seedz\PROOF_HISTORY\PROJECT_CLEANUP_DRAFT_2B_CORRECTION_NOTE_20260510.txt",".txt","2276","GENERAL"
"PARKED_DRAFT","Jxhnny_Kl33N_Seedz\PROOF_HISTORY\PROJECT_KNOWLEDGE_STACK_DRAFT_1_ARCHITECTURE_20260510.txt",".txt","13155","GENERAL"
"PARKED_DRAFT","Jxhnny_Kl33N_Seedz\PROOF_HISTORY\PROJECT_KNOWLEDGE_STACK_DRAFT_1B_REFINED_MODEL_20260510.txt",".txt","13840","GENERAL"
"PARKED_DRAFT","Jxhnny_Kl33N_Seedz\PROOF_HISTORY\PROJECT_KNOWLEDGE_STACK_DRAFT_1C_FOLDER_FILE_SPLIT_PROPOSAL_20260510.txt",".txt","3933","GENERAL"
"PARKED_DRAFT","Jxhnny_Kl33N_Seedz\PROOF_HISTORY\PROJECT_KNOWLEDGE_STACK_DRAFT_1D_EXISTING_FOLDER_DECISION_20260510.txt",".txt","3381","GENERAL"
"PARKED_DRAFT","Jxhnny_Kl33N_Seedz\PROOF_HISTORY\PROOF_HASH_CUSTODY_AND_PARKED_CARRYOVER_RECEIPT_20260527_034015.txt",".txt","1219","RECEIPT"
"PARKED_DRAFT","Jxhnny_Kl33N_Seedz\PROOF_HISTORY\PROVENANCE_CHAIN_OF_CUSTODY_THREAD_LENS_NARROW_REVISION_CANDIDATE_RECEIPT_20260519.txt",".txt","3351","RECEIPT"
"PARKED_DRAFT","Jxhnny_Kl33N_Seedz\PROOF_HISTORY\RECEIPT_ALGORITHM_CANDIDATE_LIST_PASS_001_20260517_093955.txt",".txt","577","RECEIPT"
"PARKED_DRAFT","Jxhnny_Kl33N_Seedz\PROOF_HISTORY\RECEIPT_PARKED_RULE_APPLICATION_CHECKPOINT_20260511.txt",".txt","2114","RECEIPT"
"PARKED_DRAFT","Jxhnny_Kl33N_Seedz\PROOF_HISTORY\RECEIPT_PROJECT_CLEANUP_DRAFT_1_20260510.txt",".txt","497","RECEIPT"
"PARKED_DRAFT","Jxhnny_Kl33N_Seedz\PROOF_HISTORY\RECEIPT_PROJECT_CLEANUP_DRAFT_2A_20260510.txt",".txt","524","RECEIPT"
"PARKED_DRAFT","Jxhnny_Kl33N_Seedz\PROOF_HISTORY\RECEIPT_PROJECT_CLEANUP_DRAFT_2B_20260510.txt",".txt","527","RECEIPT"
"PARKED_DRAFT","Jxhnny_Kl33N_Seedz\PROOF_HISTORY\RECEIPT_PROJECT_KNOWLEDGE_STACK_DRAFT_1_20260510.txt",".txt","542","RECEIPT"
"PARKED_DRAFT","Jxhnny_Kl33N_Seedz\PROOF_HISTORY\RECEIPT_PROJECT_KNOWLEDGE_STACK_DRAFT_1B_REFINED_MODEL_20260510.txt",".txt","1061","RECEIPT"
"PARKED_DRAFT","Jxhnny_Kl33N_Seedz\PROOF_HISTORY\RECEIPT_PROJECT_KNOWLEDGE_STACK_DRAFT_1C_FOLDER_FILE_SPLIT_PROPOSAL_20260510.txt",".txt","912","RECEIPT"
"PARKED_DRAFT","Jxhnny_Kl33N_Seedz\PROOF_HISTORY\RECEIPT_PROJECT_KNOWLEDGE_STACK_DRAFT_1D_EXISTING_FOLDER_DECISION_20260510.txt",".txt","934","RECEIPT"
"PARKED_DRAFT","Jxhnny_Kl33N_Seedz\PROOF_HISTORY\RECEIPT_STATE_TRANSFER_CONTINUITY_SEAL_CANDIDATE_FAMILY_LOCKSAVE_20260517_062647.txt",".txt","937","RECEIPT"
"PARKED_DRAFT","Jxhnny_Kl33N_Seedz\PROOF_HISTORY\REDUNDANCY_WASTE_GATE_CANDIDATE_SAVE_RECEIPT_20260527_011733.txt",".txt","953","RECEIPT"
"PARKED_DRAFT","Jxhnny_Kl33N_Seedz\PROOF_HISTORY\RUNTIME_KERNEL_STATUS_CANDIDATE_CLOSE_REVIEW_PROOF_20260518_004915.txt",".txt","1227","REVIEW_REPORT"
"PARKED_DRAFT","Jxhnny_Kl33N_Seedz\PROOF_HISTORY\STATE_TRANSFER_CONTINUITY_SEAL_CANDIDATE_FAMILY_LOCKSAVE_20260517_062647.txt",".txt","3290","GENERAL"
"PARKED_DRAFT","Jxhnny_Kl33N_Seedz\PROOF_HISTORY\WHOLE_LIST_ORDERED_CLOSEOUT_PARKED_LANES_STARTING_POINT_MANIFEST_20260603.csv",".csv","2929","MANIFEST"
"PARKED_DRAFT","Jxhnny_Kl33N_Seedz\PROOF_HISTORY\WHOLE_LIST_ORDERED_CLOSEOUT_PARKED_LANES_STARTING_POINT_RECEIPT_20260603.txt",".txt","3873","RECEIPT"
"PARKED_DRAFT","Jxhnny_Kl33N_Seedz\PROOF_HISTORY\DESKTOP_DROP_FOLDER_INTAKE_ARCHIVE_20260511\CleanSeed_CHAT_PASTE_CHUNKS_20260510_211013\PROJECT_KNOWLEDGE_STACK_DRAFT_1_ARCHITECTURE_20260510__PART_001_OF_.txt",".txt","13532","GENERAL"
"PARKED_DRAFT","Jxhnny_Kl33N_Seedz\PUBLIC_NOTES\CLEAN_SEED_RUN_EVIDENCE_REPORT_003_CANDIDATE_FIELD_SWEEP_PARKING_IMPLEMENTATION_20260516.txt",".txt","26399","REVIEW_REPORT"
"PARKED_DRAFT","Jxhnny_Kl33N_Seedz\PUBLIC_NOTES\JOJI_88_UNIVERSAL_METHOD_TABLE_AND_MASTER_SEAT_DISCOVERY_DRAFT_20260516.txt",".txt","135953","GENERAL"
"PARKED_DRAFT","Jxhnny_Kl33N_Seedz\SOURCE_ORE\TODO_METHOD_CANDIDATES_PARKED_20260518.md",".md","2806","SOURCE"
"PARKED_DRAFT","Jxhnny_Kl33N_Seedz\SOURCE_TRANSFER\MD_INCOMING\ALGORITHM_CANDIDATE_LEDGER_COMBINED_20260518.md",".md","26858","GENERAL"
"PARKED_DRAFT","Jxhnny_Kl33N_Seedz\SOURCE_TRANSFER\MD_INCOMING\COMMON_SENSE_HOUSE_ABILITY_CAPTURE_AND_RULE_DRAFT_20260521.md",".md","3752","GENERAL"
"PARKED_DRAFT","Jxhnny_Kl33N_Seedz\SOURCE_TRANSFER\MD_INCOMING\CORE_SPIN_DRIVING_MOTTOS_DEEP_DRAFT_FOR_MULE_20260520.md",".md","22053","GENERAL"
"PARKED_DRAFT","Jxhnny_Kl33N_Seedz\SOURCE_TRANSFER\MD_INCOMING\LAYOUT_CANDIDATE_LEDGER_EXPANDED_20260518.md",".md","38448","GENERAL"
"PARKED_DRAFT","Jxhnny_Kl33N_Seedz\SOURCE_TRANSFER\MD_INCOMING\LIVING_RULE_DENSE_IDEA_REVISE_INTAKE_RULE_DRAFT_20260521.md",".md","2999","GENERAL"
"PARKED_DRAFT","Jxhnny_Kl33N_Seedz\SOURCE_TRANSFER\TEXT_INCOMING\CLEAN_SEED_RUN_EVIDENCE_REPORT_003_CANDIDATE_FIELD_SWEEP_PARKING_IMPLEMENTATION_20260516.txt",".txt","25760","REVIEW_REPORT"
"PARKED_DRAFT","Jxhnny_Kl33N_Seedz\YT_TRANSCRIPTS\YvyUdcVk_gA\FRAME_HYGIENE_WORK_ORDER_PACKAGE_20260522\05_NEXT_ACTIONS_AND_PARKING\PARKED_NEXT_ACTIONS_20260522.md",".md","321","PACKET_OR_ORDER"
"PARKED_DRAFT","_LOCAL_CUSTODY_AND_RECEIPTS\COMMAND_CENTER\FAILED_SAVE_CUSTODY\ALCHEMICAL_KEY_FALSE_PASS_20260527_000351\HOUSE_WORK\THINK_TANK\SYMBOLIC_LENSES\FOURFOLD_BREATH_OPERATION_SELECTION_LENS_CANDIDATE_20260526.md",".md","2355","RECEIPT"
"PARKED_DRAFT","_LOCAL_CUSTODY_AND_RECEIPTS\COMMAND_CENTER\ROOT_COMMAND_CENTER_20260530\BACKUPS\ASSISTANT_ENTRY_PATH_CANDIDATE_V1_BEFORE_NEXT_ACTION_UPDATE_V1_3_20260528_030628.md",".md","13640","RECEIPT"
"PARKED_DRAFT","_LOCAL_CUSTODY_AND_RECEIPTS\COMMAND_CENTER\ROOT_COMMAND_CENTER_20260530\SOURCE_INTAKE\SOURCE_TO_HOUSE_INTAKE_METACOGNITION_PART_3_20260528_174441\CANDIDATE_RULES_AND_PATTERNS.md",".md","6464","RECEIPT"
"PARKED_DRAFT","_LOCAL_CUSTODY_AND_RECEIPTS\GIT_CUSTODY_SCAN_20260601\SCAN_20260601_153909\staging_candidate_review_20260601.csv",".csv","2574","RECEIPT"
"PARKED_DRAFT","_LOCAL_CUSTODY_AND_RECEIPTS\ROOT_CLEAR_20260531_20260531_083030\ROOT_LOOSE_DOCS\08_CANDIDATE_BACKLOG.csv",".csv","1271","RECEIPT"
"PARKED_DRAFT","_LOCAL_CUSTODY_AND_RECEIPTS\ROOT_LEGACY_RESIDUE_PHASE2_20260603_234817\PARKED_PACKAGES_PENDING_REVIEW\READ_FIRST__CURRENT_AUTHORITY_NOT_PROVEN.md",".md","539","RECEIPT"
"PARKED_DRAFT","_LOCAL_CUSTODY_AND_RECEIPTS\ROOT_LEGACY_RESIDUE_PHASE2_20260603_234817\PARKED_PACKAGES_PENDING_REVIEW\README_RETURN_TRIGGER.md",".md","525","RECEIPT"
"PARKED_DRAFT","_LOCAL_CUSTODY_AND_RECEIPTS\ROOT_LEGACY_RESIDUE_PHASE2_20260603_234817\PARKED_PACKAGES_PENDING_REVIEW\HELPER_CAPABILITY_SYSTEM_V2_3_HOUSE_HARNESS_PACK_V0_2\00_START_HERE\PACKAGE_INDEX.md",".md","875","RECEIPT"
"PARKED_DRAFT","_LOCAL_CUSTODY_AND_RECEIPTS\ROOT_LEGACY_RESIDUE_PHASE2_20260603_234817\PARKED_PACKAGES_PENDING_REVIEW\HELPER_CAPABILITY_SYSTEM_V2_3_HOUSE_HARNESS_PACK_V0_2\00_START_HERE\README_START_HERE.md",".md","1059","RECEIPT"
"PARKED_DRAFT","_LOCAL_CUSTODY_AND_RECEIPTS\ROOT_LEGACY_RESIDUE_PHASE2_20260603_234817\PARKED_PACKAGES_PENDING_REVIEW\HELPER_CAPABILITY_SYSTEM_V2_3_HOUSE_HARNESS_PACK_V0_2\01_SOURCE_DRAFT\HELPER_CAPABILITY_SYSTEM_V2_3_FULL_SOURCE_DRAFT.md",".md","191507","RECEIPT"
"PARKED_DRAFT","_LOCAL_CUSTODY_AND_RECEIPTS\ROOT_LEGACY_RESIDUE_PHASE2_20260603_234817\PARKED_PACKAGES_PENDING_REVIEW\HELPER_CAPABILITY_SYSTEM_V2_3_HOUSE_HARNESS_PACK_V0_2\02_CHUNKS\CHUNK_01_SOURCE_WEB_OUTSIDE_PATTERN_HARVEST.md",".md","28640","RECEIPT"
"PARKED_DRAFT","_LOCAL_CUSTODY_AND_RECEIPTS\ROOT_LEGACY_RESIDUE_PHASE2_20260603_234817\PARKED_PACKAGES_PENDING_REVIEW\HELPER_CAPABILITY_SYSTEM_V2_3_HOUSE_HARNESS_PACK_V0_2\02_CHUNKS\CHUNK_02_HOUSE_PRESSURE_MISSING_MACHINERY.md",".md","24664","RECEIPT"
"MUTATION_LANGUAGE","HOUSE_WORK\TOOL_ROOM\RUNNER_HARNESS_V1_1\FILE_HASH_LEDGER_INSTALL_20260604_192750.csv",".csv","2168","HASH_LEDGER"
"MUTATION_LANGUAGE","HOUSE_WORK\TOOL_ROOM\RUNNER_HARNESS_V1_1\INSTALL_RECEIPT_RUNNER_HARNESS_V1_1_20260604_192750.md",".md","1129","RECEIPT"
"MUTATION_LANGUAGE","HOUSE_WORK\TOOL_ROOM\RUNNER_HARNESS_V1_1\RUNNER_HARNESS_V1_1_LATEST_INSTALL.json",".json","1055","SCRIPT_OR_RUNNER"
"MUTATION_LANGUAGE","Jxhnny_Kl33N_Seedz\.git\COMMIT_EDITMSG","","35","GENERAL"
"MUTATION_LANGUAGE","Jxhnny_Kl33N_Seedz\.git\hooks\commit-msg.sample",".sample","1972","GENERAL"
"MUTATION_LANGUAGE","Jxhnny_Kl33N_Seedz\.git\hooks\post-commit","","356","GENERAL"
"MUTATION_LANGUAGE","Jxhnny_Kl33N_Seedz\.git\hooks\pre-commit.sample",".sample","1649","GENERAL"
"MUTATION_LANGUAGE","Jxhnny_Kl33N_Seedz\.git\hooks\pre-merge-commit.sample",".sample","416","GENERAL"
"MUTATION_LANGUAGE","Jxhnny_Kl33N_Seedz\.git\hooks\pre-push","","350","GENERAL"
"MUTATION_LANGUAGE","Jxhnny_Kl33N_Seedz\.git\hooks\pre-push.sample",".sample","1374","GENERAL"
"MUTATION_LANGUAGE","Jxhnny_Kl33N_Seedz\.git\hooks\prepare-commit-msg.sample",".sample","1492","GENERAL"
"MUTATION_LANGUAGE","Jxhnny_Kl33N_Seedz\.git\hooks\push-to-checkout.sample",".sample","2783","GENERAL"
"MUTATION_LANGUAGE","Jxhnny_Kl33N_Seedz\.git\objects\info\commit-graphs\commit-graph-chain","","41","GENERAL"
"MUTATION_LANGUAGE","Jxhnny_Kl33N_Seedz\.git\objects\info\commit-graphs\graph-d709f499d7744bfe30d4eefec93c9732a98d6985.graph",".graph","31112","GENERAL"
"MUTATION_LANGUAGE","Jxhnny_Kl33N_Seedz\BRAIN_LEARNING\GIT_SAVE_PUSH_DEFAULT_RULE_20260522.md",".md","933","GENERAL"
"MUTATION_LANGUAGE","Jxhnny_Kl33N_Seedz\BRAIN_LEARNING\GUARDED_STUCK_PROCESS_RECOVERY_CANDIDATE_RULE_20260527_235150.md",".md","2893","GUARD"
"MUTATION_LANGUAGE","Jxhnny_Kl33N_Seedz\BRAIN_LEARNING\HELPER_BLOCKER_GRAMMAR_RECOVERY_ROUTER_RULE_20260603.md",".md","1974","BLOCKER"
"MUTATION_LANGUAGE","Jxhnny_Kl33N_Seedz\BRAIN_LEARNING\HOUSE_NEXT_MOVE_RECOMMENDATION_LOOP_RULE_20260527.md",".md","2682","GENERAL"
"MUTATION_LANGUAGE","Jxhnny_Kl33N_Seedz\BRAIN_LEARNING\META_SIGNAL_NOT_PROOF_AND_PROCEDURALIZED_CLEAN_MOVE_CANDIDATE_20260528.md",".md","1354","GENERAL"
"MUTATION_LANGUAGE","Jxhnny_Kl33N_Seedz\BRAIN_LEARNING\NEXT_MOVE_EVALUATION_AND_ASSISTANT_HOME_AUTHORITY_RULE_20260518.md",".md","6000","GENERAL"
"MUTATION_LANGUAGE","Jxhnny_Kl33N_Seedz\BRAIN_LEARNING\PORCH_WATCHER_MOVE_NOT_COPY_HOUSEKEEPING_RULE_20260522.md",".md","3415","GENERAL"
"MUTATION_LANGUAGE","Jxhnny_Kl33N_Seedz\BRAIN_LEARNING\PUSH_TO_SHOVE_ROOT_CAUSE_SCRATCH_AND_SNIFF_RULE_20260530.md",".md","1516","GENERAL"
"MUTATION_LANGUAGE","Jxhnny_Kl33N_Seedz\BRAIN_LEARNING\SAVE_SCRIPT_EXPECTED_PARTIAL_DIRTY_RECOVERY_RULE_20260529.md",".md","1716","SCRIPT_OR_RUNNER"
"MUTATION_LANGUAGE","Jxhnny_Kl33N_Seedz\BRAIN_LEARNING\SAVE_SCRIPT_FINAL_STATUS_NOT_CLEAN_RECOVERY_RULE_20260530.md",".md","1520","SCRIPT_OR_RUNNER"
"MUTATION_LANGUAGE","Jxhnny_Kl33N_Seedz\CleanMilkChecker\backups\FINAL_WRAP_BACKUP_20260508_064047\evidence\STAGE_3_RECOVERY_001_INTERRUPTION_SYNC_RECOVERY.txt",".txt","1761","GENERAL"
"MUTATION_LANGUAGE","Jxhnny_Kl33N_Seedz\CleanSeedsBuild\Delete-NeocitiesRemoteDataFilesOnly.ps1",".ps1","14468","SCRIPT_OR_RUNNER"
"MUTATION_LANGUAGE","Jxhnny_Kl33N_Seedz\CleanSeedsBuild\NEOCITIES_REMOTE_DATA_FILES_DELETE_PLAN_20260512_225013.txt",".txt","154160","GENERAL"
"MUTATION_LANGUAGE","Jxhnny_Kl33N_Seedz\CleanSeedsBuild\NEOCITIES_REMOTE_DATA_FILES_DELETE_RECEIPT_20260512_225354_INVALID_EVIDENCE_NOTE.txt",".txt","1555","RECEIPT"
"MUTATION_LANGUAGE","Jxhnny_Kl33N_Seedz\CleanSeedsBuild\NEOCITIES_REMOTE_DATA_FILES_DELETE_RECEIPT_20260512_225354.txt",".txt","405","RECEIPT"
"MUTATION_LANGUAGE","Jxhnny_Kl33N_Seedz\CleanSeedsBuild\CleanMilkChecker\backups\FINAL_WRAP_BACKUP_20260508_064047\evidence\STAGE_3_RECOVERY_001_INTERRUPTION_SYNC_RECOVERY.txt",".txt","1708","GENERAL"
"MUTATION_LANGUAGE","Jxhnny_Kl33N_Seedz\CleanSeedsBuild\CleanSeed_Backups\CleanSeed_SourceTruth_Backup_20260509_233207\SOURCE_COPY\EVIDENCE_ARCHIVE_MANIFEST.txt",".txt","921","MANIFEST"
"MUTATION_LANGUAGE","Jxhnny_Kl33N_Seedz\CleanSeedsBuild\CleanSeed_Backups\CleanSeed_SourceTruth_Backup_20260509_233207\SOURCE_COPY\PROOF_HISTORY\EVIDENCE_ARCHIVE_MANIFEST_COMMAND_MAP_HOUSEKEEPING_LOCK.txt",".txt","921","MANIFEST"
"MUTATION_LANGUAGE","Jxhnny_Kl33N_Seedz\CleanSeedsBuild\CleanSeed_Backups\CleanSeed_SourceTruth_Backup_20260509_233207\SOURCE_COPY\PROOF_HISTORY\EVIDENCE_ARCHIVE_MANIFEST.txt",".txt","1601","MANIFEST"
"MUTATION_LANGUAGE","Jxhnny_Kl33N_Seedz\CleanSeedsBuild\CleanSeed_Backups\CleanSeed_SourceTruth_Backup_20260509_233207\SOURCE_COPY\PROOF_HISTORY\PRE_RUN_INSTALLER_FILE_EXISTENCE_GATE.txt",".txt","654","GENERAL"
"MUTATION_LANGUAGE","Jxhnny_Kl33N_Seedz\CleanSeedsBuild\CleanSeed_Backups\CleanSeed_SourceTruth_Backup_20260509_233207\SOURCE_COPY\PROOF_HISTORY\RECEIPT_DESKTOP_CLEANUP_NO_DELETE_20260509.txt",".txt","1927","RECEIPT"
"MUTATION_LANGUAGE","Jxhnny_Kl33N_Seedz\CleanSeedsBuild\CleanSeed_Backups\CleanSeed_SourceTruth_Backup_20260509_233207\SOURCE_COPY\PROOF_HISTORY\BACKUP_BEFORE_COMMAND_MAP_HOUSEKEEPING_LOCK_20260509_203930\EVIDENCE_ARCHIVE_MANIFEST.txt",".txt","1462","MANIFEST"
"MUTATION_LANGUAGE","Jxhnny_Kl33N_Seedz\CleanSeedsBuild\CleanSeed_Backups\CleanSeed_SourceTruth_Backup_20260509_233207\SOURCE_COPY\PROOF_HISTORY\BACKUP_BEFORE_SCOPE_STATE_TRIGGER_LOCK\EVIDENCE_ARCHIVE_MANIFEST.txt",".txt","1226","MANIFEST"
"MUTATION_LANGUAGE","Jxhnny_Kl33N_Seedz\CleanSeedsBuild\CleanSeed_Backups\CleanSeed_SourceTruth_Backup_20260509_233207\SOURCE_COPY\PROOF_HISTORY\DESKTOP_CLEANUP_ARCHIVE_20260509\CleanSeed_Desktop_Staging_UPLOAD_PACKET_BACKUP_20260509_182251.zip",".zip","67748","PACKET_OR_ORDER"
"MUTATION_LANGUAGE","Jxhnny_Kl33N_Seedz\CleanSeedsBuild\CleanSeed_Backups\CleanSeed_SourceTruth_Backup_20260509_233207\SOURCE_COPY\PROOF_HISTORY\DESKTOP_CLEANUP_ARCHIVE_20260509\CleanSeed_Desktop_Staging_UPLOAD_PACKET_BACKUP_AFTER_PHASE_022_20260509_183407.zip",".zip","67748","PACKET_OR_ORDER"
"MUTATION_LANGUAGE","Jxhnny_Kl33N_Seedz\CleanSeedsBuild\CleanSeed_Backups\CleanSeed_SourceTruth_Backup_20260509_233207\SOURCE_COPY\PROOF_HISTORY\DESKTOP_CLEANUP_ARCHIVE_20260509\CleanSeed_Desktop_Staging_UPLOAD_PACKET.zip",".zip","72615","PACKET_OR_ORDER"
"MUTATION_LANGUAGE","Jxhnny_Kl33N_Seedz\CleanSeedsBuild\CleanSeed_Backups\CleanSeed_SourceTruth_Backup_20260509_233207\SOURCE_COPY\PROOF_HISTORY\DESKTOP_CLEANUP_ARCHIVE_20260509\CleanSeed_Desktop_Staging\LIVE_TEST_006_REPAIR_AND_REPLAY\LIVE_TEST_006_REPAIR_REPLAY_CLOSE_SUMMARY.txt",".txt","737","GENERAL"
"MUTATION_LANGUAGE","Jxhnny_Kl33N_Seedz\CleanSeedsBuild\CleanSeed_Backups\CleanSeed_SourceTruth_Backup_20260509_233207\SOURCE_COPY\PROOF_HISTORY\DESKTOP_CLEANUP_ARCHIVE_20260509\CleanSeed_Desktop_Staging\LIVE_TEST_006_REPAIR_AND_REPLAY\REPAIR_PASS\FIRST_ADD_FILE_INTAKE_REPORT_006_REPAIR.txt",".txt","5981","REVIEW_REPORT"
"MUTATION_LANGUAGE","Jxhnny_Kl33N_Seedz\CleanSeedsBuild\CleanSeed_Backups\CleanSeed_SourceTruth_Backup_20260509_233207\SOURCE_COPY\PROOF_HISTORY\DESKTOP_CLEANUP_ARCHIVE_20260509\CleanSeed_Desktop_Staging\LIVE_TEST_006_REPAIR_AND_REPLAY\REPAIR_PASS\LIVE_TEST_006_REPAIR_RECEIPT.txt",".txt","745","RECEIPT"
"MUTATION_LANGUAGE","Jxhnny_Kl33N_Seedz\CleanSeedsBuild\CleanSeed_Backups\CleanSeed_SourceTruth_Backup_20260509_233207\SOURCE_COPY\PROOF_HISTORY\DESKTOP_CLEANUP_ARCHIVE_20260509\CleanSeed_Desktop_Staging\LIVE_TEST_006_REPAIR_AND_REPLAY\REPAIR_PASS\LIVE_TEST_RESULT_006_REPAIR.txt",".txt","659","GENERAL"
"MUTATION_LANGUAGE","Jxhnny_Kl33N_Seedz\CleanSeedsBuild\CleanSeed_Backups\CleanSeed_SourceTruth_Backup_20260509_233207\SOURCE_COPY\PROOF_HISTORY\DESKTOP_CLEANUP_ARCHIVE_20260509\CleanSeed_Desktop_Staging\LIVE_TEST_006_REPAIR_AND_REPLAY\REPLAY_PASS\FIRST_ADD_FILE_INTAKE_REPORT_006_REPLAY.txt",".txt","5981","REVIEW_REPORT"
"MUTATION_LANGUAGE","Jxhnny_Kl33N_Seedz\CleanSeedsBuild\CleanSeed_Backups\CleanSeed_SourceTruth_Backup_20260509_233207\SOURCE_COPY\PROOF_HISTORY\DESKTOP_CLEANUP_ARCHIVE_20260509\CleanSeed_Desktop_Staging\LIVE_TEST_006_REPAIR_AND_REPLAY\REPLAY_PASS\LIVE_TEST_006_REPLAY_RECEIPT.txt",".txt","745","RECEIPT"
"MUTATION_LANGUAGE","Jxhnny_Kl33N_Seedz\CleanSeedsBuild\CleanSeed_Backups\CleanSeed_SourceTruth_Backup_20260509_233207\SOURCE_COPY\PROOF_HISTORY\DESKTOP_CLEANUP_ARCHIVE_20260509\CleanSeed_Desktop_Staging\LIVE_TEST_006_REPAIR_AND_REPLAY\REPLAY_PASS\LIVE_TEST_RESULT_006_REPLAY.txt",".txt","659","GENERAL"
"MUTATION_LANGUAGE","Jxhnny_Kl33N_Seedz\CleanSeedsBuild\CleanSeed_Backups\CleanSeed_SourceTruth_Backup_20260509_233207\SOURCE_COPY\PROOF_HISTORY\DESKTOP_CLEANUP_ARCHIVE_20260509\CleanSeed_Desktop_Staging\LIVE_TEST_006_REPAIR_AND_REPLAY\SIMULATED_ADDED_FILES\CURRENT_BUILD_DRAFT_NOTES.txt",".txt","289","GENERAL"
"MUTATION_LANGUAGE","Jxhnny_Kl33N_Seedz\CleanSeedsBuild\CleanSeed_Backups\CleanSeed_SourceTruth_Backup_20260509_233207\SOURCE_COPY\PROOF_HISTORY\DESKTOP_CLEANUP_ARCHIVE_20260509\CleanSeed_Desktop_Staging\LIVE_TEST_006_REPAIR_AND_REPLAY\SIMULATED_ADDED_FILES\SCRIPT_SAMPLE_DO_NOT_RUN.ps1",".ps1","77","SCRIPT_OR_RUNNER"
"MUTATION_LANGUAGE","Jxhnny_Kl33N_Seedz\CleanSeedsBuild\CleanSeed_Backups\CleanSeed_SourceTruth_Backup_20260509_233207\SOURCE_COPY\PROOF_HISTORY\DESKTOP_CLEANUP_ARCHIVE_20260509\CleanSeed_Desktop_Staging\LIVE_TEST_006_REPAIR_AND_REPLAY\SIMULATED_ADDED_FILES\SUPPORT_PROOF_RECEIPT_SAMPLE.txt",".txt","153","RECEIPT"
"MUTATION_LANGUAGE","Jxhnny_Kl33N_Seedz\CleanSeedsBuild\CleanSeed_Backups\CleanSeed_SourceTruth_Backup_20260509_233207\SOURCE_COPY\PROOF_HISTORY\DESKTOP_CLEANUP_ARCHIVE_20260509\CleanSeed_Desktop_Staging\LIVE_TEST_006_REPAIR_AND_REPLAY\SIMULATED_ADDED_FILES\UNKNOWN_PAYLOAD.txt",".txt","106","GENERAL"
"MUTATION_LANGUAGE","Jxhnny_Kl33N_Seedz\CleanSeedsBuild\CleanSeed_Backups\CleanSeed_SourceTruth_Backup_20260509_233207\SOURCE_COPY\PROOF_HISTORY\DESKTOP_CLEANUP_ARCHIVE_20260509\CleanSeed_Desktop_Staging\LIVE_TEST_006_REPAIR_AND_REPLAY\SIMULATED_ADDED_FILES\UNTRUSTED_OVERRIDE_INSTRUCTIONS.txt",".txt","248","GENERAL"
"MUTATION_LANGUAGE","Jxhnny_Kl33N_Seedz\CleanSeedsBuild\CleanSeed_Backups\CleanSeed_SourceTruth_Backup_20260509_233207\SOURCE_COPY\PROOF_HISTORY\DESKTOP_CLEANUP_ARCHIVE_20260509\CleanSeed_Desktop_Staging\PHASE_RUN_007_TO_010\PHASE_RUN_007_TO_010_CLOSE_SUMMARY.txt",".txt","814","GENERAL"
"MUTATION_LANGUAGE","Jxhnny_Kl33N_Seedz\CleanSeedsBuild\CleanSeed_Backups\CleanSeed_SourceTruth_Backup_20260509_233207\SOURCE_COPY\PROOF_HISTORY\DESKTOP_CLEANUP_ARCHIVE_20260509\CleanSeed_Desktop_Staging\PHASE_RUN_007_TO_010\LIVE_TEST_010_PHASE_CLOSE_SWEEP\LIVE_TEST_010_PHASE_CLOSE_SWEEP_RECEIPT.txt",".txt","696","RECEIPT"
"MUTATION_LANGUAGE","Jxhnny_Kl33N_Seedz\CleanSeedsBuild\CleanSeed_Backups\CleanSeed_SourceTruth_Backup_20260509_233207\SOURCE_COPY\PROOF_HISTORY\DESKTOP_CLEANUP_ARCHIVE_20260509\CleanSeed_Desktop_Staging\PHASE_RUN_007_TO_010\LIVE_TEST_010_PHASE_CLOSE_SWEEP\LIVE_TEST_010_PHASE_CLOSE_SWEEP_REPORT.txt",".txt","1301","REVIEW_REPORT"
"MUTATION_LANGUAGE","Jxhnny_Kl33N_Seedz\CleanSeedsBuild\CleanSeed_Backups\CleanSeed_SourceTruth_Backup_20260509_233207\SOURCE_COPY\PROOF_HISTORY\DESKTOP_CLEANUP_ARCHIVE_20260509\CleanSeed_Desktop_Staging\PHASE_RUN_007_TO_010\LIVE_TEST_010_PHASE_CLOSE_SWEEP\LIVE_TEST_010_PHASE_CLOSE_SWEEP_RESULT.txt",".txt","375","GENERAL"
"MUTATION_LANGUAGE","Jxhnny_Kl33N_Seedz\CleanSeedsBuild\CleanSeed_Backups\CleanSeed_SourceTruth_Backup_20260509_233207\SOURCE_COPY\PROOF_HISTORY\DESKTOP_CLEANUP_ARCHIVE_20260509\CleanSeed_Desktop_Staging\PHASE_RUN_011_TO_014\PHASE_RUN_011_TO_014_CLOSE_SUMMARY.txt",".txt","798","GENERAL"
"MUTATION_LANGUAGE","Jxhnny_Kl33N_Seedz\CleanSeedsBuild\CleanSeed_Backups\CleanSeed_SourceTruth_Backup_20260509_233207\SOURCE_COPY\PROOF_HISTORY\DESKTOP_CLEANUP_ARCHIVE_20260509\CleanSeed_Desktop_Staging\PHASE_RUN_011_TO_014\LIVE_TEST_011_CLEAN_EVIDENCE_CAPTURE\LIVE_TEST_011_CLEAN_EVIDENCE_CAPTURE_RECEIPT.txt",".txt","726","RECEIPT"
"MUTATION_LANGUAGE","Jxhnny_Kl33N_Seedz\CleanSeedsBuild\CleanSeed_Backups\CleanSeed_SourceTruth_Backup_20260509_233207\SOURCE_COPY\PROOF_HISTORY\DESKTOP_CLEANUP_ARCHIVE_20260509\CleanSeed_Desktop_Staging\PHASE_RUN_011_TO_014\LIVE_TEST_011_CLEAN_EVIDENCE_CAPTURE\LIVE_TEST_011_CLEAN_EVIDENCE_CAPTURE_REPORT.txt",".txt","864","REVIEW_REPORT"
"MUTATION_LANGUAGE","Jxhnny_Kl33N_Seedz\CleanSeedsBuild\CleanSeed_Backups\CleanSeed_SourceTruth_Backup_20260509_233207\SOURCE_COPY\PROOF_HISTORY\DESKTOP_CLEANUP_ARCHIVE_20260509\CleanSeed_Desktop_Staging\PHASE_RUN_011_TO_014\LIVE_TEST_011_CLEAN_EVIDENCE_CAPTURE\LIVE_TEST_011_CLEAN_EVIDENCE_CAPTURE_RESULT.txt",".txt","380","GENERAL"
"MUTATION_LANGUAGE","Jxhnny_Kl33N_Seedz\CleanSeedsBuild\CleanSeed_Backups\CleanSeed_SourceTruth_Backup_20260509_233207\SOURCE_COPY\PROOF_HISTORY\DESKTOP_CLEANUP_ARCHIVE_20260509\CleanSeed_Desktop_Staging\PHASE_RUN_016_TO_020\PHASE_RUN_016_TO_020_CLOSE_SUMMARY.txt",".txt","857","GENERAL"
"MUTATION_LANGUAGE","Jxhnny_Kl33N_Seedz\CleanSeedsBuild\CleanSeed_Backups\CleanSeed_SourceTruth_Backup_20260509_233207\SOURCE_COPY\PROOF_HISTORY\DESKTOP_CLEANUP_ARCHIVE_20260509\CleanSeed_Desktop_Staging\PHASE_RUN_021_FINAL_STAGING_CLOSE\DESKTOP_STAGING_FILE_INVENTORY_021.txt",".txt","11537","GENERAL"
"MUTATION_LANGUAGE","Jxhnny_Kl33N_Seedz\CleanSeedsBuild\CleanSeed_Backups\CleanSeed_SourceTruth_Backup_20260509_233207\SOURCE_COPY\PROOF_HISTORY\DESKTOP_CLEANUP_ARCHIVE_20260509\CleanSeed_Desktop_Staging\PHASE_RUN_021_FINAL_STAGING_CLOSE\DESKTOP_STAGING_FINAL_ROUTING_MAP_021.txt",".txt","1122","GENERAL"
"MUTATION_LANGUAGE","Jxhnny_Kl33N_Seedz\CleanSeedsBuild\CleanSeed_Backups\CleanSeed_SourceTruth_Backup_20260509_233207\SOURCE_COPY\PROOF_HISTORY\DESKTOP_CLEANUP_ARCHIVE_20260509\CleanSeed_Desktop_Staging\PHASE_RUN_021_FINAL_STAGING_CLOSE\PHASE_RUN_021_FINAL_STAGING_CLOSE_RECEIPT.txt",".txt","879","RECEIPT"
"MUTATION_LANGUAGE","Jxhnny_Kl33N_Seedz\CleanSeedsBuild\CleanSeed_Backups\CleanSeed_SourceTruth_Backup_20260509_233207\SOURCE_COPY\PROOF_HISTORY\DESKTOP_CLEANUP_ARCHIVE_20260509\CleanSeed_Desktop_Staging\PHASE_RUN_021_FINAL_STAGING_CLOSE\PHASE_RUN_021_FINAL_STAGING_CLOSE_SUMMARY.txt",".txt","836","GENERAL"
"MUTATION_LANGUAGE","Jxhnny_Kl33N_Seedz\CleanSeedsBuild\CleanSeed_Backups\CleanSeed_SourceTruth_Backup_20260509_233207\SOURCE_COPY\PROOF_HISTORY\DESKTOP_CLEANUP_ARCHIVE_20260509\CleanSeed_Desktop_Staging\PHASE_RUN_022_RULE_TOUCH_MAP\FINAL_ROUTING_TOUCH_MAP_022.txt",".txt","1179","GENERAL"
"MUTATION_LANGUAGE","Jxhnny_Kl33N_Seedz\CleanSeedsBuild\CleanSeed_Backups\CleanSeed_SourceTruth_Backup_20260509_233207\SOURCE_COPY\PROOF_HISTORY\DESKTOP_CLEANUP_ARCHIVE_20260509\CleanSeed_Desktop_Staging\PHASE_RUN_022_RULE_TOUCH_MAP\NO_DETECTIVE_HUNT_NAVIGATION_MAP_022.txt",".txt","868","GENERAL"
"MUTATION_LANGUAGE","Jxhnny_Kl33N_Seedz\CleanSeedsBuild\CleanSeed_Backups\CleanSeed_SourceTruth_Backup_20260509_233207\SOURCE_COPY\PROOF_HISTORY\DESKTOP_CLEANUP_ARCHIVE_20260509\CleanSeed_Desktop_Staging\PHASE_RUN_022_RULE_TOUCH_MAP\PHASE_RUN_022_RULE_TOUCH_MAP_RECEIPT.txt",".txt","1054","RECEIPT"
"MUTATION_LANGUAGE","Jxhnny_Kl33N_Seedz\CleanSeedsBuild\CleanSeed_Backups\CleanSeed_SourceTruth_Backup_20260509_233207\SOURCE_COPY\PROOF_HISTORY\DESKTOP_CLEANUP_ARCHIVE_20260509\CleanSeed_Desktop_Staging\PHASE_RUN_022_RULE_TOUCH_MAP\PHASE_RUN_022_RULE_TOUCH_MAP_RESULT.txt",".txt","654","GENERAL"
"MUTATION_LANGUAGE","Jxhnny_Kl33N_Seedz\CleanSeedsBuild\CleanSeed_Backups\CleanSeed_SourceTruth_Backup_20260509_233207\SOURCE_COPY\PROOF_HISTORY\DESKTOP_CLEANUP_ARCHIVE_20260509\CleanSeed_Desktop_Staging\PHASE_RUN_022_RULE_TOUCH_MAP\RULE_TOUCH_MAP_022.txt",".txt","5708","GENERAL"
"MUTATION_LANGUAGE","Jxhnny_Kl33N_Seedz\CleanSeedsBuild\CleanSeed_Backups\CleanSeed_SourceTruth_Backup_20260509_233207\SOURCE_COPY\PROOF_HISTORY\DESKTOP_CLEANUP_ARCHIVE_20260509\CleanSeed_DROP_TO_CHAT\UPLOAD_THIS_TO_CHAT_README.txt",".txt","823","GENERAL"
"MUTATION_LANGUAGE","Jxhnny_Kl33N_Seedz\CleanSeedsBuild\CLEAN_SEED_PATCH_SCOPE_STATE_TRIGGER_LOCK\README_INSTALL_LOCATION.txt",".txt","616","GENERAL"
"MUTATION_LANGUAGE","Jxhnny_Kl33N_Seedz\CleanSeedsBuild\INSTALLERS\COMMAND_MAP_HOUSEKEEPING_LOCK\Install_CleanSeed_Command_Map_Housekeeping_Lock.ps1",".ps1","33264","SCRIPT_OR_RUNNER"
"MUTATION_LANGUAGE","Jxhnny_Kl33N_Seedz\CleanSeedsBuild\INSTALLERS\COMMAND_MAP_HOUSEKEEPING_LOCK\READ_ME_RUN_INSTALLER_COMMAND_MAP_HOUSEKEEPING_LOCK.txt",".txt","868","GENERAL"
"MUTATION_LANGUAGE","Jxhnny_Kl33N_Seedz\CleanSeedsBuild\NEOCITIES_LOCAL_BACKUPS\NEOCITIES_PUBLIC_DELETE_LIST_AFTER_ENCRYPTED_VERIFY.txt",".txt","782","GENERAL"
"MUTATION_LANGUAGE","Jxhnny_Kl33N_Seedz\CleanSeedsBuild\PROOF_HISTORY\BACKUP_AGENTS_BEFORE_IMMEDIATE_IDEA_CAPTURE_APPLY_INSTALL_20260511.txt",".txt","3109","GENERAL"
"MUTATION_LANGUAGE","Jxhnny_Kl33N_Seedz\CleanSeedsBuild\PROOF_HISTORY\BACKUP_AGENTS_BEFORE_LOCAL_FILE_LANE_LEAD_INSTALL_20260511.txt",".txt","2013","GENERAL"
"MUTATION_LANGUAGE","Jxhnny_Kl33N_Seedz\CleanSeedsBuild\PROOF_HISTORY\BACKUP_AGENTS_BEFORE_TINY_INSTALL_PACKET_SCOPE_COMPLETION_20260511.txt",".txt","2002","PACKET_OR_ORDER"
"MUTATION_LANGUAGE","Jxhnny_Kl33N_Seedz\CleanSeedsBuild\PROOF_HISTORY\BACKUP_AGENTS_BEFORE_TINY_WORKING_PATH_INSTALL_20260511.txt",".txt","1455","GENERAL"
"MUTATION_LANGUAGE","Jxhnny_Kl33N_Seedz\CleanSeedsBuild\PROOF_HISTORY\BACKUP_CLEAN_SEED_ALIGNMENT_CHECK_BEFORE_LOCAL_FILE_LANE_LEAD_INSTALL_20260511.txt",".txt","239843","GENERAL"
"MUTATION_LANGUAGE","Jxhnny_Kl33N_Seedz\CleanSeedsBuild\PROOF_HISTORY\BACKUP_CLEAN_SEED_ALIGNMENT_CHECK_BEFORE_TINY_INSTALL_PACKET_SCOPE_COMPLETION_20260511.txt",".txt","239640","PACKET_OR_ORDER"
"MUTATION_LANGUAGE","Jxhnny_Kl33N_Seedz\CleanSeedsBuild\PROOF_HISTORY\BACKUP_CLEAN_SEED_ALIGNMENT_CHECK_BEFORE_TINY_WORKING_PATH_INSTALL_20260511.txt",".txt","238066","GENERAL"
"MUTATION_LANGUAGE","Jxhnny_Kl33N_Seedz\CleanSeedsBuild\PROOF_HISTORY\BACKUP_CLEAN_SEED_WRAP_GUIDE_BEFORE_LOCAL_FILE_LANE_LEAD_INSTALL_20260511.txt",".txt","206889","GENERAL"
"MUTATION_LANGUAGE","Jxhnny_Kl33N_Seedz\CleanSeedsBuild\PROOF_HISTORY\BACKUP_CLEAN_SEED_WRAP_GUIDE_BEFORE_TINY_INSTALL_PACKET_SCOPE_COMPLETION_20260511.txt",".txt","206613","PACKET_OR_ORDER"
"MUTATION_LANGUAGE","Jxhnny_Kl33N_Seedz\CleanSeedsBuild\PROOF_HISTORY\BACKUP_CLEAN_SEED_WRAP_GUIDE_BEFORE_TINY_WORKING_PATH_INSTALL_20260511.txt",".txt","204889","GENERAL"
"MUTATION_LANGUAGE","Jxhnny_Kl33N_Seedz\CleanSeedsBuild\PROOF_HISTORY\GOLD_RECOVERY_RULE_STACK_AND_CHAT_CHECKPOINT_20260510.txt",".txt","14965","GENERAL"
"MUTATION_LANGUAGE","Jxhnny_Kl33N_Seedz\CleanSeedsBuild\PROOF_HISTORY\GOLD_RECOVERY_TRAY_20260510.txt",".txt","2018","GENERAL"
"MUTATION_LANGUAGE","Jxhnny_Kl33N_Seedz\CleanSeedsBuild\PROOF_HISTORY\MANUAL_LANE_DELETE_READINESS_20260510.txt",".txt","1696","GENERAL"
"MUTATION_LANGUAGE","Jxhnny_Kl33N_Seedz\CleanSeedsBuild\PROOF_HISTORY\POST_DELETE_CLEANUP_CLOSURE_VERIFY_20260510.txt",".txt","1568","GENERAL"
"MUTATION_LANGUAGE","Jxhnny_Kl33N_Seedz\CleanSeedsBuild\PROOF_HISTORY\PRE_DELETE_GOLD_CAPTURE_RULE_20260510_003359.txt",".txt","1353","GENERAL"
"MUTATION_LANGUAGE","Jxhnny_Kl33N_Seedz\CleanSeedsBuild\PROOF_HISTORY\RECEIPT_AGENTS_IMMEDIATE_IDEA_CAPTURE_APPLY_INSTALL_20260511.txt",".txt","956","RECEIPT"
"MUTATION_LANGUAGE","Jxhnny_Kl33N_Seedz\CleanSeedsBuild\PROOF_HISTORY\RECEIPT_DELETE_EXACT_ROOT_LIST_20260510_002505.txt",".txt","2242","RECEIPT"
"MUTATION_LANGUAGE","Jxhnny_Kl33N_Seedz\CleanSeedsBuild\PROOF_HISTORY\RECEIPT_DESKTOP_DROP_FOLDER_INTAKE_ARCHIVE_20260511.txt",".txt","8814","RECEIPT"
"MUTATION_LANGUAGE","Jxhnny_Kl33N_Seedz\CleanSeedsBuild\PROOF_HISTORY\RECEIPT_GOLD_RECOVERY_TRAY_20260510.txt",".txt","655","RECEIPT"
"MUTATION_LANGUAGE","Jxhnny_Kl33N_Seedz\CleanSeedsBuild\PROOF_HISTORY\RECEIPT_LOCAL_FILE_LANE_LEAD_WORKING_JUDGE_INSTALL_20260511.txt",".txt","4381","RECEIPT"
"MUTATION_LANGUAGE","Jxhnny_Kl33N_Seedz\CleanSeedsBuild\PROOF_HISTORY\RECEIPT_MANUAL_LANE_TARGETED_DELETE_20260510.txt",".txt","1242","RECEIPT"
"MUTATION_LANGUAGE","Jxhnny_Kl33N_Seedz\CleanSeedsBuild\PROOF_HISTORY\RECEIPT_TINY_INSTALL_PACKET_SCOPE_COMPLETION_20260511.txt",".txt","4048","RECEIPT"
"MUTATION_LANGUAGE","Jxhnny_Kl33N_Seedz\CleanSeedsBuild\PROOF_HISTORY\RECEIPT_TINY_WORKING_PATH_INSTALL_20260511.txt",".txt","4892","RECEIPT"
"MUTATION_LANGUAGE","Jxhnny_Kl33N_Seedz\CleanSeedsBuild\PROOF_HISTORY\RECYCLE_BIN_QUARANTINE_RECOVERY_PLAN_20260510.txt",".txt","5377","GENERAL"
"MUTATION_LANGUAGE","Jxhnny_Kl33N_Seedz\CleanSeedsBuild\PROOF_HISTORY\SAVE_REGROUP_CHECKPOINT_BEFORE_DELETE_DECISION_20260510_000655.txt",".txt","1698","GENERAL"
"MUTATION_LANGUAGE","Jxhnny_Kl33N_Seedz\CleanSeedsBuild\PROOF_HISTORY\VERIFY_AFTER_DELETE_EXACT_ROOT_LIST_20260510_002703.txt",".txt","1398","GENERAL"
"MUTATION_LANGUAGE","Jxhnny_Kl33N_Seedz\CleanSeedsBuild\PROOF_HISTORY\DESKTOP_CLEANUP_ARCHIVE_20260509\CleanSeed_Desktop_Staging\PHASE_RUN_007_TO_010\LIVE_TEST_007_COMMAND_TRIGGER_SELF_PROTECTION\LIVE_TEST_007_COMMAND_TRIGGER_SELF_PROTECTION_RECEIPT.txt",".txt","780","RECEIPT"
"MUTATION_LANGUAGE","Jxhnny_Kl33N_Seedz\CleanSeedsBuild\PROOF_HISTORY\DESKTOP_CLEANUP_ARCHIVE_20260509\CleanSeed_Desktop_Staging\PHASE_RUN_007_TO_010\LIVE_TEST_007_COMMAND_TRIGGER_SELF_PROTECTION\LIVE_TEST_007_COMMAND_TRIGGER_SELF_PROTECTION_REPORT.txt",".txt","1489","REVIEW_REPORT"
"MUTATION_LANGUAGE","Jxhnny_Kl33N_Seedz\CleanSeedsBuild\PROOF_HISTORY\DESKTOP_CLEANUP_ARCHIVE_20260509\CleanSeed_Desktop_Staging\PHASE_RUN_007_TO_010\LIVE_TEST_007_COMMAND_TRIGGER_SELF_PROTECTION\LIVE_TEST_007_COMMAND_TRIGGER_SELF_PROTECTION_RESULT.txt",".txt","389","GENERAL"
"MUTATION_LANGUAGE","Jxhnny_Kl33N_Seedz\CleanSeedsBuild\PROOF_HISTORY\DESKTOP_CLEANUP_ARCHIVE_20260509\CleanSeed_Desktop_Staging\PHASE_RUN_007_TO_010\LIVE_TEST_008_SCOPE_STATE_NO_OVER_ABSOLUTE_STATUS\LIVE_TEST_008_SCOPE_STATE_NO_OVER_ABSOLUTE_STATUS_RECEIPT.txt",".txt","804","RECEIPT"
"MUTATION_LANGUAGE","Jxhnny_Kl33N_Seedz\CleanSeedsBuild\PROOF_HISTORY\DESKTOP_CLEANUP_ARCHIVE_20260509\CleanSeed_Desktop_Staging\PHASE_RUN_007_TO_010\LIVE_TEST_008_SCOPE_STATE_NO_OVER_ABSOLUTE_STATUS\LIVE_TEST_008_SCOPE_STATE_NO_OVER_ABSOLUTE_STATUS_REPORT.txt",".txt","1465","REVIEW_REPORT"
"MUTATION_LANGUAGE","Jxhnny_Kl33N_Seedz\CleanSeedsBuild\PROOF_HISTORY\DESKTOP_CLEANUP_ARCHIVE_20260509\CleanSeed_Desktop_Staging\PHASE_RUN_007_TO_010\LIVE_TEST_008_SCOPE_STATE_NO_OVER_ABSOLUTE_STATUS\LIVE_TEST_008_SCOPE_STATE_NO_OVER_ABSOLUTE_STATUS_RESULT.txt",".txt","393","GENERAL"
"MUTATION_LANGUAGE","Jxhnny_Kl33N_Seedz\CleanSeedsBuild\PROOF_HISTORY\DESKTOP_CLEANUP_ARCHIVE_20260509\CleanSeed_Desktop_Staging\PHASE_RUN_007_TO_010\LIVE_TEST_009_RULE_CAPTURE_PARTNER_SYNC_NO_BLIND_ADD\LIVE_TEST_009_RULE_CAPTURE_PARTNER_SYNC_NO_BLIND_ADD_RECEIPT.txt",".txt","822","RECEIPT"
"MUTATION_LANGUAGE","Jxhnny_Kl33N_Seedz\CleanSeedsBuild\PROOF_HISTORY\DESKTOP_CLEANUP_ARCHIVE_20260509\CleanSeed_Desktop_Staging\PHASE_RUN_007_TO_010\LIVE_TEST_009_RULE_CAPTURE_PARTNER_SYNC_NO_BLIND_ADD\LIVE_TEST_009_RULE_CAPTURE_PARTNER_SYNC_NO_BLIND_ADD_REPORT.txt",".txt","1221","REVIEW_REPORT"
"MUTATION_LANGUAGE","Jxhnny_Kl33N_Seedz\CleanSeedsBuild\PROOF_HISTORY\DESKTOP_CLEANUP_ARCHIVE_20260509\CleanSeed_Desktop_Staging\PHASE_RUN_007_TO_010\LIVE_TEST_009_RULE_CAPTURE_PARTNER_SYNC_NO_BLIND_ADD\LIVE_TEST_009_RULE_CAPTURE_PARTNER_SYNC_NO_BLIND_ADD_RESULT.txt",".txt","396","GENERAL"
"MUTATION_LANGUAGE","Jxhnny_Kl33N_Seedz\CleanSeedsBuild\PROOF_HISTORY\DESKTOP_CLEANUP_ARCHIVE_20260509\CleanSeed_Desktop_Staging\PHASE_RUN_011_TO_014\LIVE_TEST_012_INCIDENT_EXISTENCE_FALSE_ALARM_GATE\LIVE_TEST_012_INCIDENT_EXISTENCE_FALSE_ALARM_GATE_RECEIPT.txt",".txt","804","RECEIPT"
"MUTATION_LANGUAGE","Jxhnny_Kl33N_Seedz\CleanSeedsBuild\PROOF_HISTORY\DESKTOP_CLEANUP_ARCHIVE_20260509\CleanSeed_Desktop_Staging\PHASE_RUN_011_TO_014\LIVE_TEST_012_INCIDENT_EXISTENCE_FALSE_ALARM_GATE\LIVE_TEST_012_INCIDENT_EXISTENCE_FALSE_ALARM_GATE_REPORT.txt",".txt","809","REVIEW_REPORT"
"MUTATION_LANGUAGE","Jxhnny_Kl33N_Seedz\CleanSeedsBuild\PROOF_HISTORY\DESKTOP_CLEANUP_ARCHIVE_20260509\CleanSeed_Desktop_Staging\PHASE_RUN_011_TO_014\LIVE_TEST_012_INCIDENT_EXISTENCE_FALSE_ALARM_GATE\LIVE_TEST_012_INCIDENT_EXISTENCE_FALSE_ALARM_GATE_RESULT.txt",".txt","393","GENERAL"
"MUTATION_LANGUAGE","Jxhnny_Kl33N_Seedz\CleanSeedsBuild\PROOF_HISTORY\DESKTOP_CLEANUP_ARCHIVE_20260509\CleanSeed_Desktop_Staging\PHASE_RUN_011_TO_014\LIVE_TEST_013_CLEAN_RECOMMENDATION_NO_RISKY_ADVICE\LIVE_TEST_013_CLEAN_RECOMMENDATION_NO_RISKY_ADVICE_RECEIPT.txt",".txt","810","RECEIPT"
"MUTATION_LANGUAGE","Jxhnny_Kl33N_Seedz\CleanSeedsBuild\PROOF_HISTORY\DESKTOP_CLEANUP_ARCHIVE_20260509\CleanSeed_Desktop_Staging\PHASE_RUN_011_TO_014\LIVE_TEST_013_CLEAN_RECOMMENDATION_NO_RISKY_ADVICE\LIVE_TEST_013_CLEAN_RECOMMENDATION_NO_RISKY_ADVICE_REPORT.txt",".txt","1041","REVIEW_REPORT"
"MUTATION_LANGUAGE","Jxhnny_Kl33N_Seedz\CleanSeedsBuild\PROOF_HISTORY\DESKTOP_CLEANUP_ARCHIVE_20260509\CleanSeed_Desktop_Staging\PHASE_RUN_011_TO_014\LIVE_TEST_013_CLEAN_RECOMMENDATION_NO_RISKY_ADVICE\LIVE_TEST_013_CLEAN_RECOMMENDATION_NO_RISKY_ADVICE_RESULT.txt",".txt","394","GENERAL"
"MUTATION_LANGUAGE","Jxhnny_Kl33N_Seedz\CleanSeedsBuild\PROOF_HISTORY\DESKTOP_CLEANUP_ARCHIVE_20260509\CleanSeed_Desktop_Staging\PHASE_RUN_011_TO_014\LIVE_TEST_014_PROMOTION_NO_SELF_AUTHORITY\LIVE_TEST_014_PROMOTION_NO_SELF_AUTHORITY_RECEIPT.txt",".txt","756","RECEIPT"
"MUTATION_LANGUAGE","Jxhnny_Kl33N_Seedz\CleanSeedsBuild\PROOF_HISTORY\DESKTOP_CLEANUP_ARCHIVE_20260509\CleanSeed_Desktop_Staging\PHASE_RUN_011_TO_014\LIVE_TEST_014_PROMOTION_NO_SELF_AUTHORITY\LIVE_TEST_014_PROMOTION_NO_SELF_AUTHORITY_REPORT.txt",".txt","787","REVIEW_REPORT"
"MUTATION_LANGUAGE","Jxhnny_Kl33N_Seedz\CleanSeedsBuild\PROOF_HISTORY\DESKTOP_CLEANUP_ARCHIVE_20260509\CleanSeed_Desktop_Staging\PHASE_RUN_011_TO_014\LIVE_TEST_014_PROMOTION_NO_SELF_AUTHORITY\LIVE_TEST_014_PROMOTION_NO_SELF_AUTHORITY_RESULT.txt",".txt","385","GENERAL"
"MUTATION_LANGUAGE","Jxhnny_Kl33N_Seedz\CleanSeedsBuild\PROOF_HISTORY\DESKTOP_CLEANUP_ARCHIVE_20260509\CleanSeed_Desktop_Staging\PHASE_RUN_011_TO_014\LIVE_TEST_015_PHASE_CLOSE_SWEEP_011_TO_014\LIVE_TEST_015_PHASE_CLOSE_SWEEP_011_TO_014_RECEIPT.txt",".txt","762","RECEIPT"
"MUTATION_LANGUAGE","Jxhnny_Kl33N_Seedz\CleanSeedsBuild\PROOF_HISTORY\DESKTOP_CLEANUP_ARCHIVE_20260509\CleanSeed_Desktop_Staging\PHASE_RUN_011_TO_014\LIVE_TEST_015_PHASE_CLOSE_SWEEP_011_TO_014\LIVE_TEST_015_PHASE_CLOSE_SWEEP_011_TO_014_REPORT.txt",".txt","1004","REVIEW_REPORT"
"MUTATION_LANGUAGE","Jxhnny_Kl33N_Seedz\CleanSeedsBuild\PROOF_HISTORY\DESKTOP_CLEANUP_ARCHIVE_20260509\CleanSeed_Desktop_Staging\PHASE_RUN_011_TO_014\LIVE_TEST_015_PHASE_CLOSE_SWEEP_011_TO_014\LIVE_TEST_015_PHASE_CLOSE_SWEEP_011_TO_014_RESULT.txt",".txt","386","GENERAL"
"MUTATION_LANGUAGE","Jxhnny_Kl33N_Seedz\CleanSeedsBuild\PROOF_HISTORY\DESKTOP_CLEANUP_ARCHIVE_20260509\CleanSeed_Desktop_Staging\PHASE_RUN_016_TO_020\LIVE_TEST_016_ACTIVE_THREAD_ANCHOR_INTERRUPTION_STACK\LIVE_TEST_016_ACTIVE_THREAD_ANCHOR_INTERRUPTION_STACK_RECEIPT.txt",".txt","828","RECEIPT"
"MUTATION_LANGUAGE","Jxhnny_Kl33N_Seedz\CleanSeedsBuild\PROOF_HISTORY\DESKTOP_CLEANUP_ARCHIVE_20260509\CleanSeed_Desktop_Staging\PHASE_RUN_016_TO_020\LIVE_TEST_016_ACTIVE_THREAD_ANCHOR_INTERRUPTION_STACK\LIVE_TEST_016_ACTIVE_THREAD_ANCHOR_INTERRUPTION_STACK_REPORT.txt",".txt","930","REVIEW_REPORT"
"MUTATION_LANGUAGE","Jxhnny_Kl33N_Seedz\CleanSeedsBuild\PROOF_HISTORY\DESKTOP_CLEANUP_ARCHIVE_20260509\CleanSeed_Desktop_Staging\PHASE_RUN_016_TO_020\LIVE_TEST_016_ACTIVE_THREAD_ANCHOR_INTERRUPTION_STACK\LIVE_TEST_016_ACTIVE_THREAD_ANCHOR_INTERRUPTION_STACK_RESULT.txt",".txt","397","GENERAL"
"MUTATION_LANGUAGE","Jxhnny_Kl33N_Seedz\CleanSeedsBuild\PROOF_HISTORY\DESKTOP_CLEANUP_ARCHIVE_20260509\CleanSeed_Desktop_Staging\PHASE_RUN_016_TO_020\LIVE_TEST_017_PATCH_METHOD_EVIDENCE_DIRECTION_CHECK\LIVE_TEST_017_PATCH_METHOD_EVIDENCE_DIRECTION_CHECK_RECEIPT.txt",".txt","816","RECEIPT"
"MUTATION_LANGUAGE","Jxhnny_Kl33N_Seedz\CleanSeedsBuild\PROOF_HISTORY\DESKTOP_CLEANUP_ARCHIVE_20260509\CleanSeed_Desktop_Staging\PHASE_RUN_016_TO_020\LIVE_TEST_017_PATCH_METHOD_EVIDENCE_DIRECTION_CHECK\LIVE_TEST_017_PATCH_METHOD_EVIDENCE_DIRECTION_CHECK_REPORT.txt",".txt","909","REVIEW_REPORT"
"MUTATION_LANGUAGE","Jxhnny_Kl33N_Seedz\CleanSeedsBuild\PROOF_HISTORY\DESKTOP_CLEANUP_ARCHIVE_20260509\CleanSeed_Desktop_Staging\PHASE_RUN_016_TO_020\LIVE_TEST_017_PATCH_METHOD_EVIDENCE_DIRECTION_CHECK\LIVE_TEST_017_PATCH_METHOD_EVIDENCE_DIRECTION_CHECK_RESULT.txt",".txt","395","GENERAL"
"MUTATION_LANGUAGE","Jxhnny_Kl33N_Seedz\CleanSeedsBuild\PROOF_HISTORY\DESKTOP_CLEANUP_ARCHIVE_20260509\CleanSeed_Desktop_Staging\PHASE_RUN_016_TO_020\LIVE_TEST_018_MID_PROCESS_DRIFT_SWEEP_GAP_AUDIT\LIVE_TEST_018_MID_PROCESS_DRIFT_SWEEP_GAP_AUDIT_RECEIPT.txt",".txt","792","RECEIPT"
"MUTATION_LANGUAGE","Jxhnny_Kl33N_Seedz\CleanSeedsBuild\PROOF_HISTORY\DESKTOP_CLEANUP_ARCHIVE_20260509\CleanSeed_Desktop_Staging\PHASE_RUN_016_TO_020\LIVE_TEST_018_MID_PROCESS_DRIFT_SWEEP_GAP_AUDIT\LIVE_TEST_018_MID_PROCESS_DRIFT_SWEEP_GAP_AUDIT_REPORT.txt",".txt","1002","REVIEW_REPORT"
"MUTATION_LANGUAGE","Jxhnny_Kl33N_Seedz\CleanSeedsBuild\PROOF_HISTORY\DESKTOP_CLEANUP_ARCHIVE_20260509\CleanSeed_Desktop_Staging\PHASE_RUN_016_TO_020\LIVE_TEST_018_MID_PROCESS_DRIFT_SWEEP_GAP_AUDIT\LIVE_TEST_018_MID_PROCESS_DRIFT_SWEEP_GAP_AUDIT_RESULT.txt",".txt","391","REVIEW_REPORT"
"MUTATION_LANGUAGE","Jxhnny_Kl33N_Seedz\CleanSeedsBuild\PROOF_HISTORY\DESKTOP_CLEANUP_ARCHIVE_20260509\CleanSeed_Desktop_Staging\PHASE_RUN_016_TO_020\LIVE_TEST_019_CLEAN_REPLAY_LIMIT_NO_OVERPROOF\LIVE_TEST_019_CLEAN_REPLAY_LIMIT_NO_OVERPROOF_RECEIPT.txt",".txt","780","RECEIPT"
"MUTATION_LANGUAGE","Jxhnny_Kl33N_Seedz\CleanSeedsBuild\PROOF_HISTORY\DESKTOP_CLEANUP_ARCHIVE_20260509\CleanSeed_Desktop_Staging\PHASE_RUN_016_TO_020\LIVE_TEST_019_CLEAN_REPLAY_LIMIT_NO_OVERPROOF\LIVE_TEST_019_CLEAN_REPLAY_LIMIT_NO_OVERPROOF_REPORT.txt",".txt","602","REVIEW_REPORT"
"MUTATION_LANGUAGE","Jxhnny_Kl33N_Seedz\CleanSeedsBuild\PROOF_HISTORY\DESKTOP_CLEANUP_ARCHIVE_20260509\CleanSeed_Desktop_Staging\PHASE_RUN_016_TO_020\LIVE_TEST_019_CLEAN_REPLAY_LIMIT_NO_OVERPROOF\LIVE_TEST_019_CLEAN_REPLAY_LIMIT_NO_OVERPROOF_RESULT.txt",".txt","389","GENERAL"
"MUTATION_LANGUAGE","Jxhnny_Kl33N_Seedz\CleanSeedsBuild\PROOF_HISTORY\DESKTOP_CLEANUP_ARCHIVE_20260509\CleanSeed_Desktop_Staging\PHASE_RUN_016_TO_020\LIVE_TEST_020_FINAL_STAGING_ROUTE_READINESS\LIVE_TEST_020_FINAL_STAGING_ROUTE_READINESS_RECEIPT.txt",".txt","768","RECEIPT"
"MUTATION_LANGUAGE","Jxhnny_Kl33N_Seedz\CleanSeedsBuild\PROOF_HISTORY\DESKTOP_CLEANUP_ARCHIVE_20260509\CleanSeed_Desktop_Staging\PHASE_RUN_016_TO_020\LIVE_TEST_020_FINAL_STAGING_ROUTE_READINESS\LIVE_TEST_020_FINAL_STAGING_ROUTE_READINESS_REPORT.txt",".txt","823","REVIEW_REPORT"
"MUTATION_LANGUAGE","Jxhnny_Kl33N_Seedz\CleanSeedsBuild\PROOF_HISTORY\DESKTOP_CLEANUP_ARCHIVE_20260509\CleanSeed_Desktop_Staging\PHASE_RUN_016_TO_020\LIVE_TEST_020_FINAL_STAGING_ROUTE_READINESS\LIVE_TEST_020_FINAL_STAGING_ROUTE_READINESS_RESULT.txt",".txt","387","GENERAL"
"MUTATION_LANGUAGE","Jxhnny_Kl33N_Seedz\CleanSeedsBuild\PROOF_HISTORY\DESKTOP_DROP_FOLDER_INTAKE_ARCHIVE_20260511\CleanSeed_CHAT_PASTE_CHUNKS_20260510_211013\FLOW_ARCHITECTURE_MISSING_PARTS_CONCEPT_STACK_20260510__PART_001_OF_.txt",".txt","6896","GENERAL"
"MUTATION_LANGUAGE","Jxhnny_Kl33N_Seedz\CleanSeedsBuild\PROOF_HISTORY\DESKTOP_DROP_FOLDER_INTAKE_ARCHIVE_20260511\CleanSeed_CHAT_PASTE_CHUNKS_20260510_211013\PROJECT_KNOWLEDGE_STACK_DRAFT_1_ARCHITECTURE_20260510__PART_001_OF_.txt",".txt","13183","GENERAL"
"MUTATION_LANGUAGE","Jxhnny_Kl33N_Seedz\CleanSeedsBuild\PROOF_HISTORY\DESKTOP_DROP_FOLDER_INTAKE_ARCHIVE_20260511\CleanSeed_CHAT_PASTE_CHUNKS_20260510_211013\READ_ME_FIRST_CHUNK_MANIFEST.txt",".txt","987","MANIFEST"
"MUTATION_LANGUAGE","Jxhnny_Kl33N_Seedz\CleanSeedsBuild\PROOF_HISTORY\DESKTOP_DROP_FOLDER_INTAKE_ARCHIVE_20260511\Clean_Milk_FRESH_ASSESSMENT_DROP_20260511_004711\AGENTS.md",".md","1455","GENERAL"
"MUTATION_LANGUAGE","Jxhnny_Kl33N_Seedz\CleanSeedsBuild\PROOF_HISTORY\DESKTOP_DROP_FOLDER_INTAKE_ARCHIVE_20260511\Clean_Milk_FRESH_ASSESSMENT_DROP_20260511_004711\CLEAN_SEED_ALIGNMENT_CHECK.txt",".txt","238066","GENERAL"
"MUTATION_LANGUAGE","Jxhnny_Kl33N_Seedz\CleanSeedsBuild\PROOF_HISTORY\DESKTOP_DROP_FOLDER_INTAKE_ARCHIVE_20260511\Clean_Milk_FRESH_ASSESSMENT_DROP_20260511_004711\CLEAN_SEED_WRAP_GUIDE.txt",".txt","204889","GENERAL"
"MUTATION_LANGUAGE","Jxhnny_Kl33N_Seedz\CleanSeedsBuild\PROOF_HISTORY\DESKTOP_DROP_FOLDER_INTAKE_ARCHIVE_20260511\Clean_Milk_FRESH_ASSESSMENT_DROP_20260511_004711\FRESH_ASSESSMENT_DROP_MANIFEST.txt",".txt","5593","MANIFEST"
"MUTATION_LANGUAGE","Jxhnny_Kl33N_Seedz\CleanSeedsBuild\PROOF_HISTORY\RECYCLE_BIN_QUARANTINE_20260510\ITEM_0001__EVIDENCE_ARCHIVE_MANIFEST.txt\EVIDENCE_ARCHIVE_MANIFEST.txt",".txt","874","MANIFEST"
"MUTATION_LANGUAGE","Jxhnny_Kl33N_Seedz\CleanSeedsBuild\PROOF_HISTORY\RECYCLE_BIN_QUARANTINE_20260510\ITEM_0001__EVIDENCE_ARCHIVE_MANIFEST.txt\ITEM_CHAIN_OF_CUSTODY.txt",".txt","1018","MANIFEST"
"MUTATION_LANGUAGE","Jxhnny_Kl33N_Seedz\CleanSeedsBuild\PROOF_HISTORY\RECYCLE_BIN_QUARANTINE_20260510\ITEM_0013__EVIDENCE_ARCHIVE_MANIFEST.txt\EVIDENCE_ARCHIVE_MANIFEST.txt",".txt","747","MANIFEST"
"MUTATION_LANGUAGE","Jxhnny_Kl33N_Seedz\CleanSeedsBuild\PROOF_HISTORY\RECYCLE_BIN_QUARANTINE_20260510\ITEM_0013__EVIDENCE_ARCHIVE_MANIFEST.txt\ITEM_CHAIN_OF_CUSTODY.txt",".txt","1019","MANIFEST"
"MUTATION_LANGUAGE","Jxhnny_Kl33N_Seedz\CleanSeedsBuild\PROOF_HISTORY\RECYCLE_BIN_QUARANTINE_20260510\ITEM_0042__EVIDENCE_ARCHIVE_MANIFEST.txt\EVIDENCE_ARCHIVE_MANIFEST.txt",".txt","1067","MANIFEST"
"MUTATION_LANGUAGE","Jxhnny_Kl33N_Seedz\CleanSeedsBuild\PROOF_HISTORY\RECYCLE_BIN_QUARANTINE_20260510\ITEM_0042__EVIDENCE_ARCHIVE_MANIFEST.txt\ITEM_CHAIN_OF_CUSTODY.txt",".txt","1036","MANIFEST"
"MUTATION_LANGUAGE","Jxhnny_Kl33N_Seedz\CleanSeedsBuild\PROOF_HISTORY\RECYCLE_BIN_QUARANTINE_20260510\ITEM_0049__EVIDENCE_ARCHIVE_MANIFEST.txt\ITEM_CHAIN_OF_CUSTODY.txt",".txt","1020","MANIFEST"
"MUTATION_LANGUAGE","Jxhnny_Kl33N_Seedz\CleanSeedsBuild\PROOF_HISTORY\RECYCLE_BIN_QUARANTINE_20260510\ITEM_0052__EVIDENCE_ARCHIVE_MANIFEST.txt\ITEM_CHAIN_OF_CUSTODY.txt",".txt","1038","MANIFEST"
"MUTATION_LANGUAGE","Jxhnny_Kl33N_Seedz\CleanSeedsBuild\PROOF_HISTORY\RECYCLE_BIN_QUARANTINE_20260510\ITEM_0058__EVIDENCE_ARCHIVE_MANIFEST_(1).txt\EVIDENCE_ARCHIVE_MANIFEST (1).txt",".txt","1462","MANIFEST"
"MUTATION_LANGUAGE","Jxhnny_Kl33N_Seedz\CleanSeedsBuild\PROOF_HISTORY\RECYCLE_BIN_QUARANTINE_20260510\ITEM_0058__EVIDENCE_ARCHIVE_MANIFEST_(1).txt\ITEM_CHAIN_OF_CUSTODY.txt",".txt","1028","MANIFEST"
"MUTATION_LANGUAGE","Jxhnny_Kl33N_Seedz\CleanSeedsBuild\PROOF_HISTORY\RECYCLE_BIN_QUARANTINE_20260510\ITEM_0077__EVIDENCE_ARCHIVE_MANIFEST.txt\ITEM_CHAIN_OF_CUSTODY.txt",".txt","1038","MANIFEST"
"MUTATION_LANGUAGE","Jxhnny_Kl33N_Seedz\CleanSeedsBuild\PROOF_HISTORY\RECYCLE_BIN_QUARANTINE_20260510\ITEM_0087__EVIDENCE_ARCHIVE_MANIFEST_(2).txt\EVIDENCE_ARCHIVE_MANIFEST (2).txt",".txt","1462","MANIFEST"
"MUTATION_LANGUAGE","Jxhnny_Kl33N_Seedz\CleanSeedsBuild\PROOF_HISTORY\RECYCLE_BIN_QUARANTINE_20260510\ITEM_0087__EVIDENCE_ARCHIVE_MANIFEST_(2).txt\ITEM_CHAIN_OF_CUSTODY.txt",".txt","1028","MANIFEST"
"MUTATION_LANGUAGE","Jxhnny_Kl33N_Seedz\CleanSeedsBuild\PROOF_HISTORY\RECYCLE_BIN_QUARANTINE_20260510\ITEM_0096__EVIDENCE_ARCHIVE_MANIFEST.txt\ITEM_CHAIN_OF_CUSTODY.txt",".txt","1038","MANIFEST"
"MUTATION_LANGUAGE","Jxhnny_Kl33N_Seedz\COMMAND_CENTER\BLOCKED_MOVES.md",".md","553","BLOCKER"
"MUTATION_LANGUAGE","Jxhnny_Kl33N_Seedz\COMMAND_CENTER\ASSISTANT_DOOR_RELAY\RECEIPTS\ASSISTANT_DOOR_RELAY_V1_INSTALL_AND_TEST_RECEIPT_20260521_125636.txt",".txt","2174","RECEIPT"
"MUTATION_LANGUAGE","Jxhnny_Kl33N_Seedz\COMMAND_CENTER\CHILD_SHELL\WATCHER\LEVEL2_INSTALL_ENSURE_OUTPUT_20260521_042440.txt",".txt","0","GENERAL"
"MUTATION_LANGUAGE","Jxhnny_Kl33N_Seedz\COMMAND_CENTER\CHILD_SHELL\WATCHER\LEVEL2_INSTALL_STOP_OUTPUT_20260521_042440.txt",".txt","0","GENERAL"
"MUTATION_LANGUAGE","Jxhnny_Kl33N_Seedz\COMMAND_CENTER\PICKUP\_PARKING_NOTES\NEOCITIES_MESSY_MOVE_BOSS_LOOP_20260523_220438.md",".md","2841","GENERAL"
"MUTATION_LANGUAGE","Jxhnny_Kl33N_Seedz\COMMAND_CENTER\RECEIPTS\CHILD_SHELL_LEVEL0_ROUTE_INSTALL_RECEIPT_20260521_034024.txt",".txt","1242","RECEIPT"
"MUTATION_LANGUAGE","Jxhnny_Kl33N_Seedz\COMMAND_CENTER\RECEIPTS\CHILD_SHELL_LEVEL1_READ_STATUS_INSTALL_RECEIPT_20260521_034321.txt",".txt","1307","RECEIPT"
"MUTATION_LANGUAGE","Jxhnny_Kl33N_Seedz\COMMAND_CENTER\RECEIPTS\LOCAL_123_NEOCITIES_MESSY_MOVE_RECEIPT_20260523_220438.txt",".txt","20000","RECEIPT"
"MUTATION_LANGUAGE","Jxhnny_Kl33N_Seedz\COMMAND_CENTER\RECEIPTS\TASK_SIZE_RULE_FINAL_V1_INSTALL_RECEIPT_20260526_010139.md",".md","2940","RECEIPT"
"MUTATION_LANGUAGE","Jxhnny_Kl33N_Seedz\COMMAND_CENTER\REMOTE_DOOR_RELAY_V2\PRINT_VAULT_LOCAL_ONLY\RECOVERY_LOCAL_ONLY\ATOMIC_REPLACE_BACKUP_20260521_161314_0197604_CURRENT_PRINT.json",".json","844","GENERAL"
"MUTATION_LANGUAGE","Jxhnny_Kl33N_Seedz\COMMAND_CENTER\REMOTE_DOOR_RELAY_V2\PRINT_VAULT_LOCAL_ONLY\RECOVERY_LOCAL_ONLY\ATOMIC_REPLACE_BACKUP_20260521_161314_0443987_NEXT_PRINT.json",".json","585","GENERAL"
"MUTATION_LANGUAGE","Jxhnny_Kl33N_Seedz\COMMAND_CENTER\REMOTE_DOOR_RELAY_V2\PRINT_VAULT_LOCAL_ONLY\RECOVERY_LOCAL_ONLY\ATOMIC_REPLACE_BACKUP_20260521_161314_2003669_CURRENT_PRINT.json",".json","612","GENERAL"
"MUTATION_LANGUAGE","Jxhnny_Kl33N_Seedz\COMMAND_CENTER\REMOTE_DOOR_RELAY_V2\PRINT_VAULT_LOCAL_ONLY\RECOVERY_LOCAL_ONLY\ATOMIC_REPLACE_BACKUP_20260521_161314_2117530_NEXT_PRINT.json",".json","609","GENERAL"
"MUTATION_LANGUAGE","Jxhnny_Kl33N_Seedz\COMMAND_CENTER\REMOTE_DOOR_RELAY_V2\PRINT_VAULT_LOCAL_ONLY\RECOVERY_LOCAL_ONLY\ATOMIC_REPLACE_BACKUP_20260521_161348_7061724_CURRENT_PRINT.json",".json","612","GENERAL"
"MUTATION_LANGUAGE","Jxhnny_Kl33N_Seedz\COMMAND_CENTER\REMOTE_DOOR_RELAY_V2\PRINT_VAULT_LOCAL_ONLY\RECOVERY_LOCAL_ONLY\ATOMIC_REPLACE_BACKUP_20260521_161348_7327839_NEXT_PRINT.json",".json","609","GENERAL"
"MUTATION_LANGUAGE","Jxhnny_Kl33N_Seedz\COMMAND_CENTER\REMOTE_DOOR_RELAY_V2\PRINT_VAULT_LOCAL_ONLY\RECOVERY_LOCAL_ONLY\ATOMIC_REPLACE_BACKUP_20260521_161349_2536080_CURRENT_PRINT.json",".json","612","GENERAL"
"MUTATION_LANGUAGE","Jxhnny_Kl33N_Seedz\COMMAND_CENTER\REMOTE_DOOR_RELAY_V2\PRINT_VAULT_LOCAL_ONLY\RECOVERY_LOCAL_ONLY\ATOMIC_REPLACE_BACKUP_20260521_161349_2678869_NEXT_PRINT.json",".json","609","GENERAL"
"MUTATION_LANGUAGE","Jxhnny_Kl33N_Seedz\COMMAND_CENTER\REMOTE_DOOR_RELAY_V2\PRINT_VAULT_LOCAL_ONLY\RECOVERY_LOCAL_ONLY\ATOMIC_REPLACE_BACKUP_20260521_195217_3554480_CURRENT_PRINT.json",".json","844","GENERAL"
"MUTATION_LANGUAGE","Jxhnny_Kl33N_Seedz\COMMAND_CENTER\REMOTE_DOOR_RELAY_V2\PRINT_VAULT_LOCAL_ONLY\RECOVERY_LOCAL_ONLY\ATOMIC_REPLACE_BACKUP_20260521_195217_3712103_NEXT_PRINT.json",".json","585","GENERAL"
"MUTATION_LANGUAGE","Jxhnny_Kl33N_Seedz\COMMAND_CENTER\REMOTE_DOOR_RELAY_V2\PRINT_VAULT_LOCAL_ONLY\RECOVERY_LOCAL_ONLY\RESET_REMOTE_DOOR_V2_PRINT_20260521_161040.json",".json","1295","GENERAL"
"MUTATION_LANGUAGE","Jxhnny_Kl33N_Seedz\COMMAND_CENTER\REMOTE_DOOR_RELAY_V2\PRINT_VAULT_LOCAL_ONLY\RECOVERY_LOCAL_ONLY\RESET_REMOTE_DOOR_V2_PRINT_20260521_161049.json",".json","1287","GENERAL"
"MUTATION_LANGUAGE","Jxhnny_Kl33N_Seedz\COMMAND_CENTER\REMOTE_DOOR_RELAY_V2\PRINT_VAULT_LOCAL_ONLY\RECOVERY_LOCAL_ONLY\RESET_REMOTE_DOOR_V2_PRINT_20260521_161313.json",".json","1413","GENERAL"
"MUTATION_LANGUAGE","Jxhnny_Kl33N_Seedz\COMMAND_CENTER\REMOTE_DOOR_RELAY_V2\PRINT_VAULT_LOCAL_ONLY\RECOVERY_LOCAL_ONLY\RESET_REMOTE_DOOR_V2_PRINT_20260521_161314.json",".json","1413","GENERAL"
"MUTATION_LANGUAGE","Jxhnny_Kl33N_Seedz\COMMAND_CENTER\REMOTE_DOOR_RELAY_V2\PRINT_VAULT_LOCAL_ONLY\RECOVERY_LOCAL_ONLY\RESET_REMOTE_DOOR_V2_PRINT_20260521_161348.json",".json","1413","GENERAL"
"MUTATION_LANGUAGE","Jxhnny_Kl33N_Seedz\COMMAND_CENTER\REMOTE_DOOR_RELAY_V2\PRINT_VAULT_LOCAL_ONLY\RECOVERY_LOCAL_ONLY\RESET_REMOTE_DOOR_V2_PRINT_20260521_161349.json",".json","1413","GENERAL"
"MUTATION_LANGUAGE","Jxhnny_Kl33N_Seedz\COMMAND_CENTER\REMOTE_DOOR_RELAY_V2\PRINT_VAULT_LOCAL_ONLY\RECOVERY_LOCAL_ONLY\RESET_REMOTE_DOOR_V2_PRINT_20260521_195217.json",".json","1413","GENERAL"
"MUTATION_LANGUAGE","Jxhnny_Kl33N_Seedz\COMMAND_CENTER\SCRIPTS\INCOMING\CLEAN_SEED_INSTALL_SCOPE_STATE_TRIGGER_LOCK.ps1",".ps1","1357073","SCRIPT_OR_RUNNER"
"MUTATION_LANGUAGE","Jxhnny_Kl33N_Seedz\COMMAND_CENTER\SCRIPTS\INCOMING\CLEAN_SEED_RESCUE_INSTALL_SCOPE_STATE_TRIGGER_LOCK.ps1",".ps1","405084","SCRIPT_OR_RUNNER"
"MUTATION_LANGUAGE","Jxhnny_Kl33N_Seedz\COMMAND_CENTER\SCRIPTS\INCOMING\INSTALL_ASSISTANT_DOOR_RELAY_V1_20260521.ps1",".ps1","19541","SCRIPT_OR_RUNNER"
"MUTATION_LANGUAGE","Jxhnny_Kl33N_Seedz\COMMAND_CENTER\SCRIPTS\INCOMING\INSTALL_CHILD_SHELL_LEVEL0_ROUTE_20260521_074420 (1).ps1",".ps1","10379","SCRIPT_OR_RUNNER"
"MUTATION_LANGUAGE","Jxhnny_Kl33N_Seedz\COMMAND_CENTER\SCRIPTS\INCOMING\INSTALL_CHILD_SHELL_LEVEL0_ROUTE_20260521_074420.ps1",".ps1","10379","SCRIPT_OR_RUNNER"
"MUTATION_LANGUAGE","Jxhnny_Kl33N_Seedz\COMMAND_CENTER\SCRIPTS\INCOMING\INSTALL_CHILD_SHELL_LEVEL1_READ_STATUS_20260521_074902.ps1",".ps1","11426","SCRIPT_OR_RUNNER"
"MUTATION_LANGUAGE","Jxhnny_Kl33N_Seedz\COMMAND_CENTER\SCRIPTS\INCOMING\INSTALL_CHILD_SHELL_LEVEL2_APPROVED_HELPER_ROUTE_20260521_083132.ps1",".ps1","23997","SCRIPT_OR_RUNNER"
"MUTATION_LANGUAGE","Jxhnny_Kl33N_Seedz\COMMAND_CENTER\SCRIPTS\INCOMING\INSTALL_CHILD_SHELL_WATCHER_TRIGGER_20260521_075223.ps1",".ps1","13253","SCRIPT_OR_RUNNER"
"MUTATION_LANGUAGE","Jxhnny_Kl33N_Seedz\COMMAND_CENTER\SCRIPTS\INCOMING\INSTALL_WATCHER_LIVENESS_STALE_PID_DURABILITY_20260521_082448.ps1",".ps1","11807","SCRIPT_OR_RUNNER"
"MUTATION_LANGUAGE","Jxhnny_Kl33N_Seedz\COMMAND_CENTER\SCRIPTS\INCOMING\Install-PowerShellRemoting.ps1",".ps1","23563","SCRIPT_OR_RUNNER"
"MUTATION_LANGUAGE","Jxhnny_Kl33N_Seedz\COMMAND_CENTER\SCRIPTS\INCOMING\InstallPSCorePolicyDefinitions.ps1",".ps1","17606","SCRIPT_OR_RUNNER"
"MUTATION_LANGUAGE","Jxhnny_Kl33N_Seedz\COMMAND_CENTER\SCRIPTS\INCOMING\MULE_RETURN_KNOWN_PATH_IMPORT_RECOVERY_20260520.ps1",".ps1","21605","SCRIPT_OR_RUNNER"
"MUTATION_LANGUAGE","Jxhnny_Kl33N_Seedz\COMMAND_CENTER\SCRIPTS\INCOMING\POWERSHELL_DELIVERY_LINT_RECOVERY_20260520.ps1",".ps1","14514","SCRIPT_OR_RUNNER"
"MUTATION_LANGUAGE","Jxhnny_Kl33N_Seedz\COMMAND_CENTER\SCRIPTS\INCOMING\POWERSHELL_DELIVERY_LINT_RECOVERY_V2_20260520.ps1",".ps1","15137","SCRIPT_OR_RUNNER"
"MUTATION_LANGUAGE","Jxhnny_Kl33N_Seedz\COMMAND_CENTER\SCRIPTS\INCOMING\RELEVANT_ROOT_KEY_SELECTOR_FIRST_LIVE_USE_RECOVERY_20260520.ps1",".ps1","21641","SCRIPT_OR_RUNNER"
"MUTATION_LANGUAGE","Jxhnny_Kl33N_Seedz\GPT_PROMPTS_CUSTODY\20260522_213516\CUSTODY_ARCHIVE\.GPT_PROMPTS_HOME\CHAT_GATE_SYSTEM_PACKAGE\_CURRENT_SET\00_LOAD_FIRST__CHAT_GATE_SYSTEM.md",".md","1026","GENERAL"
"MUTATION_LANGUAGE","Jxhnny_Kl33N_Seedz\GPT_PROMPTS_CUSTODY\20260522_213516\CUSTODY_ARCHIVE\.GPT_PROMPTS_HOME\CHAT_GATE_SYSTEM_PACKAGE\_CURRENT_SET\01_TASK_ROUTER_GATE.md",".md","577","GENERAL"
"MUTATION_LANGUAGE","Jxhnny_Kl33N_Seedz\GPT_PROMPTS_CUSTODY\20260522_213516\CUSTODY_ARCHIVE\.GPT_PROMPTS_HOME\CHAT_GATE_SYSTEM_PACKAGE\_CURRENT_SET\02_STOP_FIX_VERIFY_GATE.md",".md","570","GENERAL"
"MUTATION_LANGUAGE","Jxhnny_Kl33N_Seedz\GPT_PROMPTS_CUSTODY\20260522_213516\CUSTODY_ARCHIVE\.GPT_PROMPTS_HOME\CHAT_GATE_SYSTEM_PACKAGE\_CURRENT_SET\03_SMOKE_BREAK_FOCUS_GATE.md",".md","488","GENERAL"
"MUTATION_LANGUAGE","Jxhnny_Kl33N_Seedz\GPT_PROMPTS_CUSTODY\20260522_213516\CUSTODY_ARCHIVE\.GPT_PROMPTS_HOME\CHAT_GATE_SYSTEM_PACKAGE\_CURRENT_SET\04_CONDENSE_SOURCE_LINK_GATE.md",".md","562","GENERAL"
"MUTATION_LANGUAGE","Jxhnny_Kl33N_Seedz\GPT_PROMPTS_CUSTODY\20260522_213516\CUSTODY_ARCHIVE\.GPT_PROMPTS_HOME\CHAT_GATE_SYSTEM_PACKAGE\_CURRENT_SET\05_SELF_AUDIT_IDEA_CAPTURE_GATE.md",".md","514","REVIEW_REPORT"
"MUTATION_LANGUAGE","Jxhnny_Kl33N_Seedz\GPT_PROMPTS_CUSTODY\20260522_213516\CUSTODY_ARCHIVE\.GPT_PROMPTS_HOME\CHAT_GATE_SYSTEM_PACKAGE\_CURRENT_SET\06_START_OVER_CARRY_FORWARD_GATE.md",".md","470","GENERAL"
"MUTATION_LANGUAGE","Jxhnny_Kl33N_Seedz\GPT_PROMPTS_CUSTODY\20260522_213516\CUSTODY_ARCHIVE\.GPT_PROMPTS_HOME\CHAT_GATE_SYSTEM_PACKAGE\_CURRENT_SET\07_NEIGHBOR_COMPOUND_GROWTH_GATE.md",".md","512","GENERAL"
"MUTATION_LANGUAGE","Jxhnny_Kl33N_Seedz\GPT_PROMPTS_CUSTODY\20260522_213516\CUSTODY_ARCHIVE\.GPT_PROMPTS_HOME\CHAT_GATE_SYSTEM_PACKAGE\_CURRENT_SET\08_LOCAL_ONLY_PROMPT_PACKAGE_GATE.md",".md","515","GENERAL"
"MUTATION_LANGUAGE","Jxhnny_Kl33N_Seedz\GPT_PROMPTS_CUSTODY\20260522_213516\CUSTODY_ARCHIVE\.GPT_PROMPTS_HOME\CHAT_GATE_SYSTEM_PACKAGE\_CURRENT_SET\09_SINGLE_LOAD_CARD.md",".md","809","GENERAL"
"MUTATION_LANGUAGE","Jxhnny_Kl33N_Seedz\GPT_PROMPTS_CUSTODY\20260522_213516\CUSTODY_ARCHIVE\.GPT_PROMPTS_HOME\CHAT_GATE_SYSTEM_PACKAGE\_CURRENT_SET\10_BABBLING_FOOL_GATE.md",".md","520","GENERAL"
"MUTATION_LANGUAGE","Jxhnny_Kl33N_Seedz\GPT_PROMPTS_CUSTODY\20260522_213516\CUSTODY_ARCHIVE\.GPT_PROMPTS_HOME\CHAT_GATE_SYSTEM_PACKAGE\_CURRENT_SET\11_SUIT_ADOPT_ADAPT_GATE.md",".md","525","GENERAL"
"MUTATION_LANGUAGE","Jxhnny_Kl33N_Seedz\GPT_PROMPTS_CUSTODY\20260522_213516\CUSTODY_ARCHIVE\.GPT_PROMPTS_HOME\CHAT_GATE_SYSTEM_PACKAGE\_CURRENT_SET\12_LIVE_IDEA_INTAKE_AND_NEIGHBOR_HANDOFF_GATE.md",".md","433","PACKET_OR_ORDER"
"MUTATION_LANGUAGE","Jxhnny_Kl33N_Seedz\GPT_PROMPTS_CUSTODY\20260522_213516\CUSTODY_ARCHIVE\.GPT_PROMPTS_HOME\CHAT_GATE_SYSTEM_PACKAGE\_CURRENT_SET\13_HOUSE_LINKED_CHAT_SUIT_ARMATURE_GATE.md",".md","457","GENERAL"
"MUTATION_LANGUAGE","Jxhnny_Kl33N_Seedz\GPT_PROMPTS_CUSTODY\20260522_213516\CUSTODY_ARCHIVE\.GPT_PROMPTS_HOME\CHAT_GATE_SYSTEM_PACKAGE\_CURRENT_SET\14_CHAT_SUIT_HOUSE_LINK_MAP.md",".md","1273","GENERAL"
"MUTATION_LANGUAGE","Jxhnny_Kl33N_Seedz\GPT_PROMPTS_CUSTODY\20260522_213516\CUSTODY_ARCHIVE\.GPT_PROMPTS_HOME\CHAT_GATE_SYSTEM_PACKAGE\_CURRENT_SET\15_RESPECTFUL_SUIT_MAP_AND_FORKS_GATE.md",".md","610","GENERAL"
"MUTATION_LANGUAGE","Jxhnny_Kl33N_Seedz\GPT_PROMPTS_CUSTODY\20260522_213516\CUSTODY_ARCHIVE\.GPT_PROMPTS_HOME\CHAT_GATE_SYSTEM_PACKAGE\_CURRENT_SET\16_SOURCE_LINKS_AND_PROOF.md",".md","997","GENERAL"
"MUTATION_LANGUAGE","Jxhnny_Kl33N_Seedz\GPT_PROMPTS_CUSTODY\20260522_213516\CUSTODY_ARCHIVE\.GPT_PROMPTS_HOME\CHAT_GATE_SYSTEM_PACKAGE\_CURRENT_SET\MANIFEST.md",".md","733","MANIFEST"
"MUTATION_LANGUAGE","Jxhnny_Kl33N_Seedz\GPT_PROMPTS_CUSTODY\20260522_213516\CUSTODY_ARCHIVE\.GPT_PROMPTS_HOME\CHAT_GATE_SYSTEM_PACKAGE\_CURRENT_SET\RESPECTFUL_SUIT_MAP_COVERAGE_AUDIT.md",".md","773","REVIEW_REPORT"
"MUTATION_LANGUAGE","Jxhnny_Kl33N_Seedz\GPT_PROMPTS_CUSTODY\20260522_213516\CUSTODY_ARCHIVE\.GPT_PROMPTS_HOME\CHAT_GATE_SYSTEM_PACKAGE\_RECEIPTS\COMPLETE_PACKAGE_INSTALL_RECEIPT_20260522_204913.txt",".txt","2311","RECEIPT"
"MUTATION_LANGUAGE","Jxhnny_Kl33N_Seedz\GPT_PROMPTS_CUSTODY\20260522_213516\CUSTODY_ARCHIVE\.GPT_PROMPTS_HOME\CHAT_GATE_SYSTEM_PACKAGE\_RECEIPTS\RESPECTFUL_SUIT_MAP_UPDATE_RECEIPT_20260522_204248.txt",".txt","875","RECEIPT"
"MUTATION_LANGUAGE","Jxhnny_Kl33N_Seedz\GPT_PROMPTS_CUSTODY\20260522_213516\CUSTODY_ARCHIVE\.GPT_PROMPTS_HOME\_PACKAGE_INTAKE\PROCESSED\20260522_204248\CHAT_GATE_SYSTEM_RESPECTFUL_SUIT_MAP_UPDATE\INSTALL_CHAT_GATE_SYSTEM_RESPECTFUL_SUIT_MAP_UPDATE.ps1",".ps1","8633","SCRIPT_OR_RUNNER"
"MUTATION_LANGUAGE","Jxhnny_Kl33N_Seedz\GPT_PROMPTS_CUSTODY\20260522_213516\CUSTODY_ARCHIVE\.GPT_PROMPTS_HOME\_PACKAGE_INTAKE\PROCESSED\20260522_204248\CHAT_GATE_SYSTEM_RESPECTFUL_SUIT_MAP_UPDATE\ZIP_CONTENT_HASHES.md",".md","788","HASH_LEDGER"
"MUTATION_LANGUAGE","Jxhnny_Kl33N_Seedz\GPT_PROMPTS_CUSTODY\20260522_213516\CUSTODY_ARCHIVE\.GPT_PROMPTS_HOME\_PACKAGE_INTAKE\PROCESSED\20260522_204248\CHAT_GATE_SYSTEM_RESPECTFUL_SUIT_MAP_UPDATE\PACKAGE_PREVIEW\00_LOAD_FIRST__CHAT_GATE_SYSTEM.md",".md","1574","REVIEW_REPORT"
"MUTATION_LANGUAGE","Jxhnny_Kl33N_Seedz\GPT_PROMPTS_CUSTODY\20260522_213516\CUSTODY_ARCHIVE\.GPT_PROMPTS_HOME\_PACKAGE_INTAKE\PROCESSED\20260522_204248\CHAT_GATE_SYSTEM_RESPECTFUL_SUIT_MAP_UPDATE\PACKAGE_PREVIEW\09_SINGLE_LOAD_CARD.md",".md","1038","REVIEW_REPORT"
"MUTATION_LANGUAGE","Jxhnny_Kl33N_Seedz\GPT_PROMPTS_CUSTODY\20260522_213516\CUSTODY_ARCHIVE\.GPT_PROMPTS_HOME\_PACKAGE_INTAKE\PROCESSED\20260522_204248\CHAT_GATE_SYSTEM_RESPECTFUL_SUIT_MAP_UPDATE\PACKAGE_PREVIEW\14_CHAT_SUIT_HOUSE_LINK_MAP.md",".md","2339","REVIEW_REPORT"
"MUTATION_LANGUAGE","Jxhnny_Kl33N_Seedz\GPT_PROMPTS_CUSTODY\20260522_213516\CUSTODY_ARCHIVE\.GPT_PROMPTS_HOME\_PACKAGE_INTAKE\PROCESSED\20260522_204248\CHAT_GATE_SYSTEM_RESPECTFUL_SUIT_MAP_UPDATE\PACKAGE_PREVIEW\15_RESPECTFUL_SUIT_MAP_AND_FORKS_GATE.md",".md","1204","REVIEW_REPORT"
"MUTATION_LANGUAGE","Jxhnny_Kl33N_Seedz\GPT_PROMPTS_CUSTODY\20260522_213516\CUSTODY_ARCHIVE\.GPT_PROMPTS_HOME\_PACKAGE_INTAKE\PROCESSED\20260522_204248\CHAT_GATE_SYSTEM_RESPECTFUL_SUIT_MAP_UPDATE\PACKAGE_PREVIEW\RESPECTFUL_SUIT_MAP_COVERAGE_AUDIT.md",".md","772","REVIEW_REPORT"
"MUTATION_LANGUAGE","Jxhnny_Kl33N_Seedz\GPT_PROMPTS_CUSTODY\20260522_213516\CUSTODY_ARCHIVE\.GPT_PROMPTS_HOME\_PACKAGE_INTAKE\PROCESSED\20260522_204912\COMPLETE_CHAT_GATE_SYSTEM_PACKAGE\COMPLETE_PACKAGE_COVERAGE_AUDIT.md",".md","268","REVIEW_REPORT"
"MUTATION_LANGUAGE","Jxhnny_Kl33N_Seedz\GPT_PROMPTS_CUSTODY\20260522_213516\CUSTODY_ARCHIVE\.GPT_PROMPTS_HOME\_PACKAGE_INTAKE\PROCESSED\20260522_204912\COMPLETE_CHAT_GATE_SYSTEM_PACKAGE\INSTALL_COMPLETE_CHAT_GATE_SYSTEM_PACKAGE.ps1",".ps1","13972","SCRIPT_OR_RUNNER"
"MUTATION_LANGUAGE","Jxhnny_Kl33N_Seedz\GPT_PROMPTS_CUSTODY\20260522_213516\CUSTODY_ARCHIVE\.GPT_PROMPTS_HOME\_PACKAGE_INTAKE\PROCESSED\20260522_204912\COMPLETE_CHAT_GATE_SYSTEM_PACKAGE\ZIP_CONTENT_HASHES.md",".md","2502","HASH_LEDGER"
"MUTATION_LANGUAGE","Jxhnny_Kl33N_Seedz\GPT_PROMPTS_CUSTODY\20260522_213516\CUSTODY_ARCHIVE\.GPT_PROMPTS_HOME\_PACKAGE_INTAKE\PROCESSED\20260522_204912\COMPLETE_CHAT_GATE_SYSTEM_PACKAGE\PACKAGE_PREVIEW\00_LOAD_FIRST__CHAT_GATE_SYSTEM.md",".md","1025","REVIEW_REPORT"
"MUTATION_LANGUAGE","Jxhnny_Kl33N_Seedz\GPT_PROMPTS_CUSTODY\20260522_213516\CUSTODY_ARCHIVE\.GPT_PROMPTS_HOME\_PACKAGE_INTAKE\PROCESSED\20260522_204912\COMPLETE_CHAT_GATE_SYSTEM_PACKAGE\PACKAGE_PREVIEW\01_TASK_ROUTER_GATE.md",".md","576","REVIEW_REPORT"
"MUTATION_LANGUAGE","Jxhnny_Kl33N_Seedz\GPT_PROMPTS_CUSTODY\20260522_213516\CUSTODY_ARCHIVE\.GPT_PROMPTS_HOME\_PACKAGE_INTAKE\PROCESSED\20260522_204912\COMPLETE_CHAT_GATE_SYSTEM_PACKAGE\PACKAGE_PREVIEW\02_STOP_FIX_VERIFY_GATE.md",".md","569","REVIEW_REPORT"
"MUTATION_LANGUAGE","Jxhnny_Kl33N_Seedz\GPT_PROMPTS_CUSTODY\20260522_213516\CUSTODY_ARCHIVE\.GPT_PROMPTS_HOME\_PACKAGE_INTAKE\PROCESSED\20260522_204912\COMPLETE_CHAT_GATE_SYSTEM_PACKAGE\PACKAGE_PREVIEW\03_SMOKE_BREAK_FOCUS_GATE.md",".md","487","REVIEW_REPORT"
"MUTATION_LANGUAGE","Jxhnny_Kl33N_Seedz\GPT_PROMPTS_CUSTODY\20260522_213516\CUSTODY_ARCHIVE\.GPT_PROMPTS_HOME\_PACKAGE_INTAKE\PROCESSED\20260522_204912\COMPLETE_CHAT_GATE_SYSTEM_PACKAGE\PACKAGE_PREVIEW\04_CONDENSE_SOURCE_LINK_GATE.md",".md","561","REVIEW_REPORT"
"MUTATION_LANGUAGE","Jxhnny_Kl33N_Seedz\GPT_PROMPTS_CUSTODY\20260522_213516\CUSTODY_ARCHIVE\.GPT_PROMPTS_HOME\_PACKAGE_INTAKE\PROCESSED\20260522_204912\COMPLETE_CHAT_GATE_SYSTEM_PACKAGE\PACKAGE_PREVIEW\05_SELF_AUDIT_IDEA_CAPTURE_GATE.md",".md","513","REVIEW_REPORT"
"MUTATION_LANGUAGE","Jxhnny_Kl33N_Seedz\GPT_PROMPTS_CUSTODY\20260522_213516\CUSTODY_ARCHIVE\.GPT_PROMPTS_HOME\_PACKAGE_INTAKE\PROCESSED\20260522_204912\COMPLETE_CHAT_GATE_SYSTEM_PACKAGE\PACKAGE_PREVIEW\06_START_OVER_CARRY_FORWARD_GATE.md",".md","469","REVIEW_REPORT"
"MUTATION_LANGUAGE","Jxhnny_Kl33N_Seedz\GPT_PROMPTS_CUSTODY\20260522_213516\CUSTODY_ARCHIVE\.GPT_PROMPTS_HOME\_PACKAGE_INTAKE\PROCESSED\20260522_204912\COMPLETE_CHAT_GATE_SYSTEM_PACKAGE\PACKAGE_PREVIEW\07_NEIGHBOR_COMPOUND_GROWTH_GATE.md",".md","511","REVIEW_REPORT"
"MUTATION_LANGUAGE","Jxhnny_Kl33N_Seedz\GPT_PROMPTS_CUSTODY\20260522_213516\CUSTODY_ARCHIVE\.GPT_PROMPTS_HOME\_PACKAGE_INTAKE\PROCESSED\20260522_204912\COMPLETE_CHAT_GATE_SYSTEM_PACKAGE\PACKAGE_PREVIEW\08_LOCAL_ONLY_PROMPT_PACKAGE_GATE.md",".md","514","REVIEW_REPORT"
"MUTATION_LANGUAGE","Jxhnny_Kl33N_Seedz\GPT_PROMPTS_CUSTODY\20260522_213516\CUSTODY_ARCHIVE\.GPT_PROMPTS_HOME\_PACKAGE_INTAKE\PROCESSED\20260522_204912\COMPLETE_CHAT_GATE_SYSTEM_PACKAGE\PACKAGE_PREVIEW\09_SINGLE_LOAD_CARD.md",".md","808","REVIEW_REPORT"
"MUTATION_LANGUAGE","Jxhnny_Kl33N_Seedz\GPT_PROMPTS_CUSTODY\20260522_213516\CUSTODY_ARCHIVE\.GPT_PROMPTS_HOME\_PACKAGE_INTAKE\PROCESSED\20260522_204912\COMPLETE_CHAT_GATE_SYSTEM_PACKAGE\PACKAGE_PREVIEW\10_BABBLING_FOOL_GATE.md",".md","519","REVIEW_REPORT"
"MUTATION_LANGUAGE","Jxhnny_Kl33N_Seedz\GPT_PROMPTS_CUSTODY\20260522_213516\CUSTODY_ARCHIVE\.GPT_PROMPTS_HOME\_PACKAGE_INTAKE\PROCESSED\20260522_204912\COMPLETE_CHAT_GATE_SYSTEM_PACKAGE\PACKAGE_PREVIEW\11_SUIT_ADOPT_ADAPT_GATE.md",".md","524","REVIEW_REPORT"
"MUTATION_LANGUAGE","Jxhnny_Kl33N_Seedz\GPT_PROMPTS_CUSTODY\20260522_213516\CUSTODY_ARCHIVE\.GPT_PROMPTS_HOME\_PACKAGE_INTAKE\PROCESSED\20260522_204912\COMPLETE_CHAT_GATE_SYSTEM_PACKAGE\PACKAGE_PREVIEW\12_LIVE_IDEA_INTAKE_AND_NEIGHBOR_HANDOFF_GATE.md",".md","432","PACKET_OR_ORDER"
"MUTATION_LANGUAGE","Jxhnny_Kl33N_Seedz\GPT_PROMPTS_CUSTODY\20260522_213516\CUSTODY_ARCHIVE\.GPT_PROMPTS_HOME\_PACKAGE_INTAKE\PROCESSED\20260522_204912\COMPLETE_CHAT_GATE_SYSTEM_PACKAGE\PACKAGE_PREVIEW\13_HOUSE_LINKED_CHAT_SUIT_ARMATURE_GATE.md",".md","456","REVIEW_REPORT"
"MUTATION_LANGUAGE","Jxhnny_Kl33N_Seedz\GPT_PROMPTS_CUSTODY\20260522_213516\CUSTODY_ARCHIVE\.GPT_PROMPTS_HOME\_PACKAGE_INTAKE\PROCESSED\20260522_204912\COMPLETE_CHAT_GATE_SYSTEM_PACKAGE\PACKAGE_PREVIEW\14_CHAT_SUIT_HOUSE_LINK_MAP.md",".md","1272","REVIEW_REPORT"
"MUTATION_LANGUAGE","Jxhnny_Kl33N_Seedz\GPT_PROMPTS_CUSTODY\20260522_213516\CUSTODY_ARCHIVE\.GPT_PROMPTS_HOME\_PACKAGE_INTAKE\PROCESSED\20260522_204912\COMPLETE_CHAT_GATE_SYSTEM_PACKAGE\PACKAGE_PREVIEW\15_RESPECTFUL_SUIT_MAP_AND_FORKS_GATE.md",".md","609","REVIEW_REPORT"
"MUTATION_LANGUAGE","Jxhnny_Kl33N_Seedz\GPT_PROMPTS_CUSTODY\20260522_213516\CUSTODY_ARCHIVE\.GPT_PROMPTS_HOME\_PACKAGE_INTAKE\PROCESSED\20260522_204912\COMPLETE_CHAT_GATE_SYSTEM_PACKAGE\PACKAGE_PREVIEW\16_SOURCE_LINKS_AND_PROOF.md",".md","996","REVIEW_REPORT"
"MUTATION_LANGUAGE","Jxhnny_Kl33N_Seedz\GPT_PROMPTS_CUSTODY\20260522_213516\CUSTODY_ARCHIVE\.GPT_PROMPTS_HOME\_PACKAGE_INTAKE\PROCESSED\20260522_204912\COMPLETE_CHAT_GATE_SYSTEM_PACKAGE\PACKAGE_PREVIEW\MANIFEST.md",".md","732","MANIFEST"
"MUTATION_LANGUAGE","Jxhnny_Kl33N_Seedz\GPT_PROMPTS_CUSTODY\20260522_213516\CUSTODY_ARCHIVE\.GPT_PROMPTS_HOME\_PACKAGE_INTAKE\PROCESSED\20260522_210534\ROOT_TOOL_CLOSEOUT\UPDATE_RULE_SETS_STABLE_OVERWRITE_NEIGHBOR_RESPECT.ps1",".ps1","12172","SCRIPT_OR_RUNNER"
"MUTATION_LANGUAGE","Jxhnny_Kl33N_Seedz\GPT_PROMPTS_CUSTODY\20260522_213516\CUSTODY_ARCHIVE\_PACKAGE_INTAKE\COLLECT_INVALID_RECEIPTS_PROOF_SET_COPY_V1.0.ps1",".ps1","7048","RECEIPT"
"AUTHORITY_SURFACE","COMMAND_CENTER\ROOT_RESIDUE_CUSTODY\20260604_20260603_234658\HANDOFF_AND_CORRECTION_PACKETS\MULE_HANDOFF_ACTIVE_MESS_RULES_ROW001_PACKAGING_20260604.md",".md","11412","PACKET_OR_ORDER"
"AUTHORITY_SURFACE","COMMAND_CENTER\ROOT_RESIDUE_CUSTODY\20260604_20260603_234658\HANDOFF_AND_CORRECTION_PACKETS\MULE_CORRECTION_V2_INJECT_GOOD_UPDATE_PATHS_20260604\MULE_CORRECTION_V2_INJECT_GOOD_UPDATE_PATHS_20260604.md",".md","10061","PACKET_OR_ORDER"
"AUTHORITY_SURFACE","COMMAND_CENTER\ROOT_RESIDUE_CUSTODY\20260604_20260603_234658\HANDOFF_AND_CORRECTION_PACKETS\MULE_CORRECTION_V2_INJECT_GOOD_UPDATE_PATHS_20260604\MULE_CORRECTION_V2_MANIFEST_20260604.csv",".csv","943","MANIFEST"
"AUTHORITY_SURFACE","COMMAND_CENTER\ROOT_RESIDUE_CUSTODY\20260604_20260603_234658\HANDOFF_AND_CORRECTION_PACKETS\MULE_CORRECTION_V2_INJECT_GOOD_UPDATE_PATHS_20260604\MULE_ROOT_NO_LOOSE_FILES_RULE_V1.md",".md","4025","PACKET_OR_ORDER"
"AUTHORITY_SURFACE","COMMAND_CENTER\ROOT_RESIDUE_CUSTODY\20260604_20260603_234658\HANDOFF_AND_CORRECTION_PACKETS\MULE_CORRECTION_V2_INJECT_GOOD_UPDATE_PATHS_20260604\PATH_UPDATE_TEMPLATE_V2.csv",".csv","938","PACKET_OR_ORDER"
"AUTHORITY_SURFACE","COMMAND_CENTER\ROOT_RESIDUE_CUSTODY\20260604_20260603_234658\HANDOFF_AND_CORRECTION_PACKETS\MULE_CORRECTION_V2_INJECT_GOOD_UPDATE_PATHS_20260604\REPEATED_USER_CORRECTION_TO_LIVING_RULE_TRIGGER_V1_1.md",".md","5938","PACKET_OR_ORDER"
"AUTHORITY_SURFACE","COMMAND_CENTER\ROOT_RESIDUE_CUSTODY\20260604_20260603_234658\HANDOFF_AND_CORRECTION_PACKETS\MULE_CORRECTION_V2_INJECT_GOOD_UPDATE_PATHS_20260604\ROW_001_DISPOSABLE_FIXTURE_DESIGN_V1.md",".md","10986","PACKET_OR_ORDER"
"AUTHORITY_SURFACE","COMMAND_CENTER\ROOT_RESIDUE_CUSTODY\20260604_20260603_234658\HANDOFF_AND_CORRECTION_PACKETS\MULE_CORRECTION_V2_INJECT_GOOD_UPDATE_PATHS_20260604\START_HERE_MULE_CORRECTION_V2.md",".md","674","PACKET_OR_ORDER"
"AUTHORITY_SURFACE","COMMAND_CENTER\ROOT_RESIDUE_CUSTODY\20260604_20260603_234658\HANDOFF_AND_CORRECTION_PACKETS\MULE_CORRECTION_V2_INJECT_GOOD_UPDATE_PATHS_20260604\MULE_CORRECTION_APPLY_ROOT_RULE_AND_FULL_NEXT_JOB_20260604\MULE_CORRECTION_APPLY_ROOT_RULE_AND_FULL_NEXT_JOB_20260604.md",".md","8476","PACKET_OR_ORDER"
"AUTHORITY_SURFACE","COMMAND_CENTER\ROOT_RESIDUE_CUSTODY\20260604_20260603_234658\HANDOFF_AND_CORRECTION_PACKETS\MULE_CORRECTION_V2_INJECT_GOOD_UPDATE_PATHS_20260604\MULE_CORRECTION_APPLY_ROOT_RULE_AND_FULL_NEXT_JOB_20260604\MULE_CORRECTION_PACKET_MANIFEST_20260604.csv",".csv","832","MANIFEST"
"AUTHORITY_SURFACE","COMMAND_CENTER\ROOT_RESIDUE_CUSTODY\20260604_20260603_234658\HANDOFF_AND_CORRECTION_PACKETS\MULE_CORRECTION_V2_INJECT_GOOD_UPDATE_PATHS_20260604\MULE_CORRECTION_APPLY_ROOT_RULE_AND_FULL_NEXT_JOB_20260604\MULE_HANDOFF_ROW_001_RULE_CAPTURE_20260604.zip",".zip","22212","PACKET_OR_ORDER"
"AUTHORITY_SURFACE","COMMAND_CENTER\ROOT_RESIDUE_CUSTODY\20260604_20260603_234658\HANDOFF_AND_CORRECTION_PACKETS\MULE_CORRECTION_V2_INJECT_GOOD_UPDATE_PATHS_20260604\MULE_CORRECTION_APPLY_ROOT_RULE_AND_FULL_NEXT_JOB_20260604\MULE_ROOT_NO_LOOSE_FILES_RULE_V1.md",".md","4025","PACKET_OR_ORDER"
"AUTHORITY_SURFACE","COMMAND_CENTER\ROOT_RESIDUE_CUSTODY\20260604_20260603_234658\HANDOFF_AND_CORRECTION_PACKETS\MULE_CORRECTION_V2_INJECT_GOOD_UPDATE_PATHS_20260604\MULE_CORRECTION_APPLY_ROOT_RULE_AND_FULL_NEXT_JOB_20260604\REPEATED_USER_CORRECTION_TO_LIVING_RULE_TRIGGER_V1_1.md",".md","5938","PACKET_OR_ORDER"
"AUTHORITY_SURFACE","COMMAND_CENTER\ROOT_RESIDUE_CUSTODY\20260604_20260603_234658\HANDOFF_AND_CORRECTION_PACKETS\MULE_CORRECTION_V2_INJECT_GOOD_UPDATE_PATHS_20260604\MULE_CORRECTION_APPLY_ROOT_RULE_AND_FULL_NEXT_JOB_20260604\ROW_001_DISPOSABLE_FIXTURE_DESIGN_V1.md",".md","10986","PACKET_OR_ORDER"
"AUTHORITY_SURFACE","COMMAND_CENTER\ROOT_RESIDUE_CUSTODY\20260604_20260603_234658\HANDOFF_AND_CORRECTION_PACKETS\MULE_CORRECTION_V2_INJECT_GOOD_UPDATE_PATHS_20260604\MULE_CORRECTION_APPLY_ROOT_RULE_AND_FULL_NEXT_JOB_20260604\ROW_001_DISPOSABLE_FIXTURE_V1.zip",".zip","10696","PACKET_OR_ORDER"
"AUTHORITY_SURFACE","COMMAND_CENTER\ROOT_RESIDUE_CUSTODY\20260604_20260603_234658\HANDOFF_AND_CORRECTION_PACKETS\MULE_CORRECTION_V2_INJECT_GOOD_UPDATE_PATHS_20260604\MULE_CORRECTION_APPLY_ROOT_RULE_AND_FULL_NEXT_JOB_20260604\START_HERE_MULE_QUICK_ORDER.md",".md","579","PACKET_OR_ORDER"
"AUTHORITY_SURFACE","COMMAND_CENTER\ROOT_RESIDUE_CUSTODY\20260604_20260603_234658\HANDOFF_AND_CORRECTION_PACKETS\MULE_CORRECTION_V2_INJECT_GOOD_UPDATE_PATHS_20260604\ROW_001_DISPOSABLE_FIXTURE_V1\DISPOSAL_RULE_ROW_001.md",".md","1213","PACKET_OR_ORDER"
"AUTHORITY_SURFACE","COMMAND_CENTER\ROOT_RESIDUE_CUSTODY\20260604_20260603_234658\HANDOFF_AND_CORRECTION_PACKETS\MULE_CORRECTION_V2_INJECT_GOOD_UPDATE_PATHS_20260604\ROW_001_DISPOSABLE_FIXTURE_V1\EXPECTED_JUDGMENTS_ROW_001.csv",".csv","1314","PACKET_OR_ORDER"
"AUTHORITY_SURFACE","COMMAND_CENTER\ROOT_RESIDUE_CUSTODY\20260604_20260603_234658\HANDOFF_AND_CORRECTION_PACKETS\MULE_CORRECTION_V2_INJECT_GOOD_UPDATE_PATHS_20260604\ROW_001_DISPOSABLE_FIXTURE_V1\MANUAL_REVIEW_CHECKLIST_ROW_001.md",".md","1790","PACKET_OR_ORDER"
"AUTHORITY_SURFACE","COMMAND_CENTER\ROOT_RESIDUE_CUSTODY\20260604_20260603_234658\HANDOFF_AND_CORRECTION_PACKETS\MULE_CORRECTION_V2_INJECT_GOOD_UPDATE_PATHS_20260604\ROW_001_DISPOSABLE_FIXTURE_V1\README_ROW_001_DISPOSABLE_FIXTURE.md",".md","1448","PACKET_OR_ORDER"
"AUTHORITY_SURFACE","COMMAND_CENTER\ROOT_RESIDUE_CUSTODY\20260604_20260603_234658\HANDOFF_AND_CORRECTION_PACKETS\MULE_CORRECTION_V2_INJECT_GOOD_UPDATE_PATHS_20260604\ROW_001_DISPOSABLE_FIXTURE_V1\ROW_001_FIXTURE_BUILD_RECEIPT.md",".md","776","RECEIPT"
"AUTHORITY_SURFACE","COMMAND_CENTER\ROOT_RESIDUE_CUSTODY\20260604_20260603_234658\HANDOFF_AND_CORRECTION_PACKETS\MULE_CORRECTION_V2_INJECT_GOOD_UPDATE_PATHS_20260604\ROW_001_DISPOSABLE_FIXTURE_V1\SCENARIO_001_GENERATED_RUNNER_REPAIR_LOOP.md",".md","943","PACKET_OR_ORDER"
"AUTHORITY_SURFACE","COMMAND_CENTER\ROOT_RESIDUE_CUSTODY\20260604_20260603_234658\HANDOFF_AND_CORRECTION_PACKETS\MULE_CORRECTION_V2_INJECT_GOOD_UPDATE_PATHS_20260604\ROW_001_DISPOSABLE_FIXTURE_V1\SCENARIO_002_CODE_SHAPED_TEXT_IN_WRAPPER.md",".md","967","PACKET_OR_ORDER"
"AUTHORITY_SURFACE","COMMAND_CENTER\ROOT_RESIDUE_CUSTODY\20260604_20260603_234658\HANDOFF_AND_CORRECTION_PACKETS\MULE_CORRECTION_V2_INJECT_GOOD_UPDATE_PATHS_20260604\ROW_001_DISPOSABLE_FIXTURE_V1\SCENARIO_003_AUTOMATIC_VARIABLE_COLLISION.md",".md","916","PACKET_OR_ORDER"
"AUTHORITY_SURFACE","COMMAND_CENTER\ROOT_RESIDUE_CUSTODY\20260604_20260603_234658\HANDOFF_AND_CORRECTION_PACKETS\MULE_CORRECTION_V2_INJECT_GOOD_UPDATE_PATHS_20260604\ROW_001_DISPOSABLE_FIXTURE_V1\SCENARIO_004_HERE_STRING_EXPANSION_RISK.md",".md","1000","PACKET_OR_ORDER"
"AUTHORITY_SURFACE","COMMAND_CENTER\ROOT_RESIDUE_CUSTODY\20260604_20260603_234658\HANDOFF_AND_CORRECTION_PACKETS\MULE_CORRECTION_V2_INJECT_GOOD_UPDATE_PATHS_20260604\ROW_001_DISPOSABLE_FIXTURE_V1\SCENARIO_005_PATH_CONSTRUCTION_AND_WRONG_LANE_WRITE.md",".md","970","PACKET_OR_ORDER"
"AUTHORITY_SURFACE","COMMAND_CENTER\ROOT_RESIDUE_CUSTODY\20260604_20260603_234658\HANDOFF_AND_CORRECTION_PACKETS\MULE_CORRECTION_V2_INJECT_GOOD_UPDATE_PATHS_20260604\ROW_001_DISPOSABLE_FIXTURE_V1\SCENARIO_006_FALSE_TARGET_RUN_CLAIM.md",".md","801","PACKET_OR_ORDER"
"AUTHORITY_SURFACE","COMMAND_CENTER\ROOT_RESIDUE_CUSTODY\20260604_20260603_234658\HANDOFF_AND_CORRECTION_PACKETS\MULE_CORRECTION_V2_INJECT_GOOD_UPDATE_PATHS_20260604\ROW_001_DISPOSABLE_FIXTURE_V1\SCENARIO_007_NO_OP_SKIP_IS_NOT_REPAIR.md",".md","787","PACKET_OR_ORDER"
"AUTHORITY_SURFACE","COMMAND_CENTER\ROOT_RESIDUE_CUSTODY\20260604_20260603_234658\HANDOFF_AND_CORRECTION_PACKETS\MULE_CORRECTION_V2_INJECT_GOOD_UPDATE_PATHS_20260604\ROW_001_DISPOSABLE_FIXTURE_V1\SHA256_MANIFEST_ROW_001_DISPOSABLE_FIXTURE_V1.csv",".csv","1404","HASH_LEDGER"
"AUTHORITY_SURFACE","COMMAND_CENTER\ROOT_RESIDUE_CUSTODY\20260604_20260603_234658\HANDOFF_AND_CORRECTION_PACKETS\MULE_HANDOFF_ROW_001_RULE_CAPTURE_20260604\MULE_HANDOFF_MANIFEST_20260604.csv",".csv","596","MANIFEST"
"AUTHORITY_SURFACE","COMMAND_CENTER\ROOT_RESIDUE_CUSTODY\20260604_20260603_234658\HANDOFF_AND_CORRECTION_PACKETS\MULE_HANDOFF_ROW_001_RULE_CAPTURE_20260604\MULE_HANDOFF_ROW_001_RULE_CAPTURE_20260604.md",".md","6808","PACKET_OR_ORDER"
"AUTHORITY_SURFACE","COMMAND_CENTER\ROOT_RESIDUE_CUSTODY\20260604_20260603_234658\HANDOFF_AND_CORRECTION_PACKETS\MULE_HANDOFF_ROW_001_RULE_CAPTURE_20260604\MULE_ROOT_NO_LOOSE_FILES_RULE_V1.md",".md","4025","PACKET_OR_ORDER"
"AUTHORITY_SURFACE","COMMAND_CENTER\ROOT_RESIDUE_CUSTODY\20260604_20260603_234658\HANDOFF_AND_CORRECTION_PACKETS\MULE_HANDOFF_ROW_001_RULE_CAPTURE_20260604\REPEATED_USER_CORRECTION_TO_LIVING_RULE_TRIGGER_V1_1.md",".md","5938","PACKET_OR_ORDER"
"AUTHORITY_SURFACE","COMMAND_CENTER\ROOT_RESIDUE_CUSTODY\20260604_20260603_234658\HANDOFF_AND_CORRECTION_PACKETS\MULE_HANDOFF_ROW_001_RULE_CAPTURE_20260604\ROW_001_DISPOSABLE_FIXTURE_DESIGN_V1.md",".md","10986","PACKET_OR_ORDER"
"AUTHORITY_SURFACE","COMMAND_CENTER\ROOT_RESIDUE_CUSTODY\20260604_20260603_234658\HANDOFF_AND_CORRECTION_PACKETS\MULE_HANDOFF_ROW_001_RULE_CAPTURE_20260604\ROW_001_DISPOSABLE_FIXTURE_V1.zip",".zip","10696","PACKET_OR_ORDER"
"AUTHORITY_SURFACE","COMMAND_CENTER\USED_RUNNERS\20260604\WRITE_PACKAGING_LINK_CLUSTER_RULE_20260604.ps1",".ps1","6645","SCRIPT_OR_RUNNER"
"AUTHORITY_SURFACE","COMMAND_CENTER\USED_RUNNERS\ROOT_CLEANUP_PHASE2_20260603_234817\APPLY_ROOT_LEGACY_RESIDUE_PHASE2_PARK_AND_ROUTE_20260604.ps1",".ps1","11850","SCRIPT_OR_RUNNER"
"AUTHORITY_SURFACE","COMMAND_CENTER\USED_RUNNERS\ROOT_CLEANUP_PHASE2_20260603_234817\APPLY_ROOT_RESIDUE_CLEANUP_AND_INJECT_GOOD_20260604.ps1",".ps1","21641","SCRIPT_OR_RUNNER"
"AUTHORITY_SURFACE","HOUSE_WORK\PROJECT_COMMAND_CENTER_UI_LANE\ROOT_INTAKE_RECEIPT__ROOT_SOURCE_DROPS_PLACED_20260606.md",".md","3049","RECEIPT"
"AUTHORITY_SURFACE","HOUSE_WORK\PROJECT_COMMAND_CENTER_UI_LANE\CHUNKED_ACCEPTANCE_GROWTH_REVIEW_20260606\ACCEPTANCE_STANDARD_DRAFT__DUAL_COMMAND_CENTER_L0_AND_PRIVATE_WORK_PROTOCOL_20260606.md",".md","8044","REVIEW_REPORT"
"AUTHORITY_SURFACE","HOUSE_WORK\PROJECT_COMMAND_CENTER_UI_LANE\CHUNKED_ACCEPTANCE_GROWTH_REVIEW_20260606\BATCH_01_PACKET_FIT_MAP__DUAL_COMMAND_CENTER_AND_PROTOCOL_20260606.md",".md","9958","PACKET_OR_ORDER"
"AUTHORITY_SURFACE","HOUSE_WORK\PROJECT_COMMAND_CENTER_UI_LANE\CHUNKED_ACCEPTANCE_GROWTH_REVIEW_20260606\BATCH_02_HARD_CRITIQUE_AND_MISSING_LOGIC__DUAL_COMMAND_CENTER_AND_PROTOCOL_20260606.md",".md","8777","REVIEW_REPORT"
"AUTHORITY_SURFACE","HOUSE_WORK\PROJECT_COMMAND_CENTER_UI_LANE\CHUNKED_ACCEPTANCE_GROWTH_REVIEW_20260606\BLOCKER_BURNDOWN_AND_ADDITIONS__DUAL_COMMAND_CENTER_L0_AND_PROTOCOL_20260606.md",".md","7477","BLOCKER"
"AUTHORITY_SURFACE","HOUSE_WORK\PROJECT_COMMAND_CENTER_UI_LANE\CHUNKED_ACCEPTANCE_GROWTH_REVIEW_20260606\FINAL_REVIEW_PACKET__DUAL_COMMAND_CENTER_L0_AND_PRIVATE_WORK_PROTOCOL_20260606.md",".md","5168","PACKET_OR_ORDER"
"AUTHORITY_SURFACE","HOUSE_WORK\PROJECT_COMMAND_CENTER_UI_LANE\CHUNKED_ACCEPTANCE_GROWTH_REVIEW_20260606\MULE_RECEIPT__CHUNKED_ACCEPTANCE_GROWTH_REVIEW_DUAL_COMMAND_CENTER_AND_PROTOCOL_20260606.md",".md","6530","RECEIPT"
"AUTHORITY_SURFACE","HOUSE_WORK\PROJECT_COMMAND_CENTER_UI_LANE\DUAL_COMMAND_CENTER_L0_REVIEW_PACKET_20260606\COMMAND_CENTER_LEAKAGE_GUARD_L0.md",".md","3281","GUARD"
"AUTHORITY_SURFACE","HOUSE_WORK\PROJECT_COMMAND_CENTER_UI_LANE\DUAL_COMMAND_CENTER_L0_REVIEW_PACKET_20260606\DUAL_COMMAND_CENTER_L0_FILE_SET.md",".md","8064","PACKET_OR_ORDER"
"AUTHORITY_SURFACE","HOUSE_WORK\PROJECT_COMMAND_CENTER_UI_LANE\DUAL_COMMAND_CENTER_L0_REVIEW_PACKET_20260606\DUAL_COMMAND_CENTER_L0_STANDARD.md",".md","7308","PACKET_OR_ORDER"
"AUTHORITY_SURFACE","HOUSE_WORK\PROJECT_COMMAND_CENTER_UI_LANE\DUAL_COMMAND_CENTER_L0_REVIEW_PACKET_20260606\DUAL_COMMAND_CENTER_L0_STATE_LEDGER_SCHEMAS.md",".md","10257","PACKET_OR_ORDER"
"AUTHORITY_SURFACE","HOUSE_WORK\PROJECT_COMMAND_CENTER_UI_LANE\DUAL_COMMAND_CENTER_L0_REVIEW_PACKET_20260606\DUAL_COMMAND_CENTER_SYNC_CONTRACT_L0.md",".md","7217","PACKET_OR_ORDER"
"AUTHORITY_SURFACE","HOUSE_WORK\PROJECT_COMMAND_CENTER_UI_LANE\DUAL_COMMAND_CENTER_L0_REVIEW_PACKET_20260606\MULE_HASH_LEDGER_SHA256.md",".md","2905","HASH_LEDGER"
"AUTHORITY_SURFACE","HOUSE_WORK\PROJECT_COMMAND_CENTER_UI_LANE\DUAL_COMMAND_CENTER_L0_REVIEW_PACKET_20260606\MULE_PACKAGE_MANIFEST__OUTSIDE_ASSISTANT_INDEX_TO_L0.md",".md","2655","MANIFEST"
"AUTHORITY_SURFACE","HOUSE_WORK\PROJECT_COMMAND_CENTER_UI_LANE\DUAL_COMMAND_CENTER_L0_REVIEW_PACKET_20260606\MULE_RETURN_RECEIPT__OUTSIDE_ASSISTANT_INDEX_TO_L0.md",".md","4564","RECEIPT"
"AUTHORITY_SURFACE","HOUSE_WORK\PROJECT_COMMAND_CENTER_UI_LANE\DUAL_COMMAND_CENTER_L0_REVIEW_PACKET_20260606\OUTSIDE_ASSISTANT_COOPERATION_INDEX_V0_2_L0_CLEAN.md",".md","13671","PACKET_OR_ORDER"
"AUTHORITY_SURFACE","HOUSE_WORK\PROJECT_COMMAND_CENTER_UI_LANE\DUAL_COMMAND_CENTER_L0_REVIEW_PACKET_20260606\SOURCE_RAW\OUTSIDE_ASSISTANT_COOPERATION_INDEX_V0_2_SOURCE_TO_LIVE_L0_CUSTODY_CHAIN_RAW_20260605.md",".md","2928504","SOURCE"
"AUTHORITY_SURFACE","HOUSE_WORK\PROJECT_COMMAND_CENTER_UI_LANE\HELPER_FILE_EXPOSURE_AND_33RD_PRIVATE_WORK_PROTOCOL_V0_1_20260606\ADOPTION_APPROVAL_PACKET_DRAFT__HELPER_FILE_EXPOSURE_AND_33RD_PRIVATE_WORK_PROTOCOL_V0_1_20260606.md",".md","2755","PACKET_OR_ORDER"
"AUTHORITY_SURFACE","HOUSE_WORK\PROJECT_COMMAND_CENTER_UI_LANE\HELPER_FILE_EXPOSURE_AND_33RD_PRIVATE_WORK_PROTOCOL_V0_1_20260606\HELPER_FILE_EXPOSURE_AND_33RD_PRIVATE_WORK_PROTOCOL_WORKING_ORDER_V0_1_20260606.md",".md","12026","PACKET_OR_ORDER"
"AUTHORITY_SURFACE","HOUSE_WORK\PROJECT_COMMAND_CENTER_UI_LANE\HELPER_FILE_EXPOSURE_AND_33RD_PRIVATE_WORK_PROTOCOL_V0_1_20260606\MULE_RECEIPT__HELPER_FILE_EXPOSURE_AND_33RD_PRIVATE_WORK_PROTOCOL_WORKING_ORDER_V0_1_20260606.md",".md","4956","RECEIPT"
"AUTHORITY_SURFACE","HOUSE_WORK\PROJECT_COMMAND_CENTER_UI_LANE\HELPER_FILE_EXPOSURE_AND_33RD_PRIVATE_WORK_PROTOCOL_V0_1_20260606\MULE_RECEIPT__WORKING_ORDER_REVIEW_AND_ROOT_PLACEMENT_20260606.md",".md","2420","RECEIPT"
"AUTHORITY_SURFACE","HOUSE_WORK\PROJECT_COMMAND_CENTER_UI_LANE\HELPER_FILE_EXPOSURE_AND_33RD_PRIVATE_WORK_PROTOCOL_V0_1_20260606\PARKED_MATERIAL__HELPER_FILE_EXPOSURE_AND_33RD_PRIVATE_WORK_PROTOCOL_V0_1_20260606.md",".md","4433","GENERAL"
"AUTHORITY_SURFACE","HOUSE_WORK\PROJECT_COMMAND_CENTER_UI_LANE\HELPER_FILE_EXPOSURE_AND_33RD_PRIVATE_WORK_PROTOCOL_V0_1_20260606\SOURCE_CLEANUP_MAP__HELPER_FILE_EXPOSURE_AND_33RD_PRIVATE_WORK_PROTOCOL_V0_1_20260606.md",".md","4752","GENERAL"
"AUTHORITY_SURFACE","HOUSE_WORK\PROJECT_COMMAND_CENTER_UI_LANE\HELPER_FILE_EXPOSURE_AND_33RD_PRIVATE_WORK_PROTOCOL_V0_1_20260606\WORKING_ORDER_REVIEW__HELPER_FILE_EXPOSURE_AND_33RD_PRIVATE_WORK_PROTOCOL_V0_1_20260606.md",".md","2799","PACKET_OR_ORDER"
"AUTHORITY_SURFACE","HOUSE_WORK\PROJECT_COMMAND_CENTER_UI_LANE\HELPER_FILE_EXPOSURE_AND_33RD_PRIVATE_WORK_PROTOCOL_V0_1_20260606\SOURCE_RAW\33rd_tripple_pass_tripple_times_rule.txt",".txt","20510","SOURCE"
"AUTHORITY_SURFACE","HOUSE_WORK\PROJECT_COMMAND_CENTER_UI_LANE\HELPER_FILE_EXPOSURE_AND_33RD_PRIVATE_WORK_PROTOCOL_V0_1_20260606\SOURCE_RAW\HELPER_FILE_EXPOSURE_AND_33RD_PRIVATE_WORK_PROTOCOL_V0_1_RAW_20260606.md",".md","79517","SOURCE"
"AUTHORITY_SURFACE","HOUSE_WORK\PROJECT_COMMAND_CENTER_UI_LANE\HELPER_FILE_SURFACE_PREFLIGHT_20260606\HELPER_FILE_PREFLIGHT__HELPER_FILE_SURFACE_PREFLIGHT_20260606.md",".md","14769","GENERAL"
"AUTHORITY_SURFACE","HOUSE_WORK\PROJECT_COMMAND_CENTER_UI_LANE\HELPER_FILE_SURFACE_PREFLIGHT_20260606\MULE_RECEIPT__HELPER_FILE_SURFACE_PREFLIGHT_20260606.md",".md","5785","RECEIPT"
"AUTHORITY_SURFACE","HOUSE_WORK\PROJECT_COMMAND_CENTER_UI_LANE\HELPER_FILE_SURFACE_PREFLIGHT_20260606\MULE_WORKING_ORDER__HELPER_FILE_SURFACE_PREFLIGHT_AND_BOUNDED_OUTSIDE_SOURCE_RULE_20260606.md",".md","8863","PACKET_OR_ORDER"
"AUTHORITY_SURFACE","HOUSE_WORK\TOOL_ROOM\RUNNER_HARNESS_V1_1\FILE_HASH_LEDGER_INSTALL_20260604_192750.csv",".csv","2168","HASH_LEDGER"
"AUTHORITY_SURFACE","Jxhnny_Kl33N_Seedz\CURRENT_TRUTH_INDEX.txt",".txt","10242","GENERAL"
"AUTHORITY_SURFACE","Jxhnny_Kl33N_Seedz\START_HERE_CURRENT_HOUSE_LEDGER.md",".md","1854","GENERAL"
"AUTHORITY_SURFACE","Jxhnny_Kl33N_Seedz\ACTIVE_GUIDES\CLEAN_SEED_ALIGNMENT_CHECK.txt",".txt","261432","GENERAL"
"AUTHORITY_SURFACE","Jxhnny_Kl33N_Seedz\ACTIVE_GUIDES\CLEAN_SEED_WRAP_GUIDE.txt",".txt","242771","GENERAL"
"AUTHORITY_SURFACE","Jxhnny_Kl33N_Seedz\ACTIVE_GUIDES\README_START_HERE.txt",".txt","77005","GENERAL"
"AUTHORITY_SURFACE","Jxhnny_Kl33N_Seedz\BRAIN_LEARNING\BRANCH_CUT_SAVE_WRAPPER_MANIFEST_AUTHORITY_RULE_20260529.md",".md","2104","MANIFEST"
"AUTHORITY_SURFACE","Jxhnny_Kl33N_Seedz\BRAIN_LEARNING\CHAIN_SUPERVISOR_WITH_STAGE_MANIFEST_AND_STATE_LEDGER_RULE_20260530.md",".md","4063","MANIFEST"
"AUTHORITY_SURFACE","Jxhnny_Kl33N_Seedz\BRAIN_LEARNING\CHAT_SOURCE_URL_LEDGER_MAP_KEY_COMPRESSION_RULE_20260530.md",".md","862","GENERAL"
"AUTHORITY_SURFACE","Jxhnny_Kl33N_Seedz\BRAIN_LEARNING\DATA_ORDER_OUROBOROS_LEDGER_ARCHITECTURE_20260521.md",".md","6733","PACKET_OR_ORDER"
"AUTHORITY_SURFACE","Jxhnny_Kl33N_Seedz\BRAIN_LEARNING\FULL_HOUSE_WASH_V3_PROGRESS_AND_LEDGER_BRIDGE_PLAN_20260530.md",".md","4130","GENERAL"
"AUTHORITY_SURFACE","Jxhnny_Kl33N_Seedz\BRAIN_LEARNING\GRANDMASTER_NODE_ROOT_LEDGER_MAP_V1_20260530.md",".md","5589","GENERAL"
"AUTHORITY_SURFACE","Jxhnny_Kl33N_Seedz\BRAIN_LEARNING\HELPER_AUTHORITY_TICKET_RULE_20260530.md",".md","5623","GENERAL"
"AUTHORITY_SURFACE","Jxhnny_Kl33N_Seedz\BRAIN_LEARNING\HELPER_LIVING_MEMORY_LEDGER_RULE_20260529.md",".md","4026","GENERAL"
"AUTHORITY_SURFACE","Jxhnny_Kl33N_Seedz\BRAIN_LEARNING\HELPER_VALUE_AUDIT_AND_HELPER_SEAT_LEDGER_SYSTEM_20260528.md",".md","12817","REVIEW_REPORT"
"AUTHORITY_SURFACE","Jxhnny_Kl33N_Seedz\BRAIN_LEARNING\HELPER_VALUE_COMPARISON_TASK_LEDGER_TEMPLATE_20260528.md",".md","5576","GENERAL"
"AUTHORITY_SURFACE","Jxhnny_Kl33N_Seedz\BRAIN_LEARNING\ISSUE_SELF_REPAIR_AND_ROOM_REDESIGN_AUTHORITY_RULE_20260518.md",".md","4776","GENERAL"
"AUTHORITY_SURFACE","Jxhnny_Kl33N_Seedz\BRAIN_LEARNING\KEY_HASH_WORK_IDENTITY_LEDGER_MAP_NAMING_RULE_20260530.md",".md","3463","HASH_LEDGER"
"AUTHORITY_SURFACE","Jxhnny_Kl33N_Seedz\BRAIN_LEARNING\KEY_LEDGER_MAP_DRIVER_RULE_20260530.md",".md","4259","GENERAL"
"AUTHORITY_SURFACE","Jxhnny_Kl33N_Seedz\BRAIN_LEARNING\MISC_DRAWER_CANONICAL_NAMING_RULE_20260527.md",".md","3381","SOURCE"
"AUTHORITY_SURFACE","Jxhnny_Kl33N_Seedz\BRAIN_LEARNING\NEXT_MOVE_EVALUATION_AND_ASSISTANT_HOME_AUTHORITY_RULE_20260518.md",".md","6000","GENERAL"
"AUTHORITY_SURFACE","Jxhnny_Kl33N_Seedz\BRAIN_LEARNING\PROJECT_COMMAND_CENTER_ACTIVE_TASK_POINTER_V0_2_RULE_20260603.md",".md","2947","GENERAL"
"AUTHORITY_SURFACE","Jxhnny_Kl33N_Seedz\BRAIN_LEARNING\PROJECT_COMMAND_CENTER_COMMAND_GRAMMAR_ACTION_TREE_GOAL_20260603.md",".md","2999","GENERAL"
"AUTHORITY_SURFACE","Jxhnny_Kl33N_Seedz\BRAIN_LEARNING\PROJECT_COMMAND_CENTER_COMMAND_GRAMMAR_V0_1_LEXICON_ALIAS_INPUT_FLOW_RULE_20260603.md",".md","3988","GENERAL"
"AUTHORITY_SURFACE","Jxhnny_Kl33N_Seedz\BRAIN_LEARNING\PROJECT_COMMAND_CENTER_COMMAND_GRAMMAR_V0_6_GUARDED_LOCAL_ONLY_READ_IMPLEMENTATION_DESIGN_RULE_20260603.md",".md","3150","GUARD"
"AUTHORITY_SURFACE","Jxhnny_Kl33N_Seedz\BRAIN_LEARNING\PROJECT_COMMAND_CENTER_CONFIRMATION_CARD_V0_3_RULE_20260603.md",".md","2558","GENERAL"
"AUTHORITY_SURFACE","Jxhnny_Kl33N_Seedz\BRAIN_LEARNING\PROJECT_COMMAND_CENTER_FIRST_READ_ONLY_INSPECT_COMMAND_V0_5_RULE_20260603.md",".md","3063","GENERAL"
"AUTHORITY_SURFACE","Jxhnny_Kl33N_Seedz\BRAIN_LEARNING\PROJECT_COMMAND_CENTER_POINTER_READ_WRITE_RULES_V0_4_RULE_20260603.md",".md","3509","GENERAL"
"AUTHORITY_SURFACE","Jxhnny_Kl33N_Seedz\BRAIN_LEARNING\ROUTER_FIRST_SAME_PROBLEM_FIX_LEDGER_RULE_20260523.md",".md","5869","GENERAL"
"AUTHORITY_SURFACE","Jxhnny_Kl33N_Seedz\BRAIN_LEARNING\UI_LAG_IS_NOT_PROJECT_AUTHORITY_RULE_20260519.md",".md","854","GENERAL"
"AUTHORITY_SURFACE","Jxhnny_Kl33N_Seedz\CleanMilkChecker\backups\FINAL_WRAP_BACKUP_20260508_064047\inputs\TEST_004_UNCLEAR_AUTHORITY_SEED_CARD.txt",".txt","1021","GENERAL"
"AUTHORITY_SURFACE","Jxhnny_Kl33N_Seedz\CleanSeedsBuild\CURRENT_TRUTH_INDEX.txt",".txt","3870","GENERAL"
"AUTHORITY_SURFACE","Jxhnny_Kl33N_Seedz\CleanSeedsBuild\ACTIVE_GUIDES\CLEAN_SEED_ALIGNMENT_CHECK.txt",".txt","240020","GENERAL"
"AUTHORITY_SURFACE","Jxhnny_Kl33N_Seedz\CleanSeedsBuild\ACTIVE_GUIDES\CLEAN_SEED_WRAP_GUIDE.txt",".txt","207152","GENERAL"
"AUTHORITY_SURFACE","Jxhnny_Kl33N_Seedz\CleanSeedsBuild\ACTIVE_GUIDES\README_START_HERE.txt",".txt","74249","GENERAL"
"AUTHORITY_SURFACE","Jxhnny_Kl33N_Seedz\CleanSeedsBuild\CleanMilkChecker\backups\FINAL_WRAP_BACKUP_20260508_064047\inputs\TEST_004_UNCLEAR_AUTHORITY_SEED_CARD.txt",".txt","978","GENERAL"
"AUTHORITY_SURFACE","Jxhnny_Kl33N_Seedz\CleanSeedsBuild\CleanSeed_Backups\CleanSeed_SourceTruth_Backup_20260509_233207\SOURCE_COPY\CURRENT_TRUTH_INDEX.txt",".txt","2762","GENERAL"
"AUTHORITY_SURFACE","Jxhnny_Kl33N_Seedz\CleanSeedsBuild\CleanSeed_Backups\CleanSeed_SourceTruth_Backup_20260509_233207\SOURCE_COPY\PROOF_HISTORY\BACKUP_CURRENT_TRUTH_INDEX_BEFORE_HEAL_BEFORE_UPGRADE_20260509_205618.txt",".txt","2328","GENERAL"
"AUTHORITY_SURFACE","Jxhnny_Kl33N_Seedz\CleanSeedsBuild\CleanSeed_Backups\CleanSeed_SourceTruth_Backup_20260509_233207\SOURCE_COPY\PROOF_HISTORY\CURRENT_TRUTH_INDEX_COMMAND_MAP_HOUSEKEEPING_LOCK.txt",".txt","2328","GENERAL"
"AUTHORITY_SURFACE","Jxhnny_Kl33N_Seedz\CleanSeedsBuild\CleanSeed_Backups\CleanSeed_SourceTruth_Backup_20260509_233207\SOURCE_COPY\PROOF_HISTORY\PATCH_RECEIPT_PROOF_LEDGER_LOCK.txt",".txt","3107","RECEIPT"
"AUTHORITY_SURFACE","Jxhnny_Kl33N_Seedz\CleanSeedsBuild\PROOF_HISTORY\BACKUP_AGENTS_BEFORE_WORKER_ROLE_FINAL_AUTHORITY_WORDING_FIX_20260511_001104.md",".md","1267","GENERAL"
"AUTHORITY_SURFACE","Jxhnny_Kl33N_Seedz\CleanSeedsBuild\PROOF_HISTORY\CHATGPT_MODEL_DOCTRINE_UPDATE_PACK_20260511.txt",".txt","9415","GENERAL"
"AUTHORITY_SURFACE","Jxhnny_Kl33N_Seedz\CleanSeedsBuild\PROOF_HISTORY\README_ACTIVE_VS_ITEM_0124_TIMELINE_DRIFT_LEDGER_20260510.txt",".txt","7457","GENERAL"
"AUTHORITY_SURFACE","Jxhnny_Kl33N_Seedz\CleanSeedsBuild\PROOF_HISTORY\RECEIPT_AGENTS_WORKER_ROLE_FINAL_AUTHORITY_WORDING_FIX_20260511.txt",".txt","1041","RECEIPT"
"AUTHORITY_SURFACE","Jxhnny_Kl33N_Seedz\CleanSeedsBuild\PROOF_HISTORY\RECEIPT_CHATGPT_MODEL_DOCTRINE_UPDATE_PACK_20260511.txt",".txt","2710","RECEIPT"
"AUTHORITY_SURFACE","Jxhnny_Kl33N_Seedz\CleanSeedsBuild\PROOF_HISTORY\DESKTOP_CLEANUP_ARCHIVE_20260509\CleanSeed_Desktop_Staging\PHASE_RUN_011_TO_014\LIVE_TEST_014_PROMOTION_NO_SELF_AUTHORITY\LIVE_TEST_014_PROMOTION_NO_SELF_AUTHORITY_RECEIPT.txt",".txt","756","RECEIPT"
"AUTHORITY_SURFACE","Jxhnny_Kl33N_Seedz\CleanSeedsBuild\PROOF_HISTORY\DESKTOP_CLEANUP_ARCHIVE_20260509\CleanSeed_Desktop_Staging\PHASE_RUN_011_TO_014\LIVE_TEST_014_PROMOTION_NO_SELF_AUTHORITY\LIVE_TEST_014_PROMOTION_NO_SELF_AUTHORITY_REPORT.txt",".txt","787","REVIEW_REPORT"
"AUTHORITY_SURFACE","Jxhnny_Kl33N_Seedz\CleanSeedsBuild\PROOF_HISTORY\DESKTOP_CLEANUP_ARCHIVE_20260509\CleanSeed_Desktop_Staging\PHASE_RUN_011_TO_014\LIVE_TEST_014_PROMOTION_NO_SELF_AUTHORITY\LIVE_TEST_014_PROMOTION_NO_SELF_AUTHORITY_RESULT.txt",".txt","385","GENERAL"
"AUTHORITY_SURFACE","Jxhnny_Kl33N_Seedz\CleanSeedsBuild\PROOF_HISTORY\RECYCLE_BIN_QUARANTINE_20260510\RECYCLE_BIN_QUARANTINE_LEDGER_20260510.txt",".txt","50007","GENERAL"
"AUTHORITY_SURFACE","Jxhnny_Kl33N_Seedz\CleanSeedsBuild\PROOF_HISTORY\RECYCLE_BIN_QUARANTINE_20260510\ITEM_0010__DOCTRINE_CLOSURE_AUDIT_CLEAN_JUDGMENT.txt\DOCTRINE_CLOSURE_AUDIT_CLEAN_JUDGMENT.txt",".txt","12122","REVIEW_REPORT"
"AUTHORITY_SURFACE","Jxhnny_Kl33N_Seedz\CleanSeedsBuild\PROOF_HISTORY\RECYCLE_BIN_QUARANTINE_20260510\ITEM_0010__DOCTRINE_CLOSURE_AUDIT_CLEAN_JUDGMENT.txt\ITEM_CHAIN_OF_CUSTODY.txt",".txt","1060","REVIEW_REPORT"
"AUTHORITY_SURFACE","Jxhnny_Kl33N_Seedz\CleanSeedsBuild\PROOF_HISTORY\RECYCLE_BIN_QUARANTINE_20260510\ITEM_0084__lost\lost\COPY_EXACT_ACTIVE_GUIDES_COMMAND.txt",".txt","2918","GENERAL"
"AUTHORITY_SURFACE","Jxhnny_Kl33N_Seedz\CleanSeedsBuild\PROOF_HISTORY\RECYCLE_BIN_QUARANTINE_20260510\ITEM_0109__DOCTRINE_CLOSURE_AUDIT_CLEAN_JUDGMENT.txt\ITEM_CHAIN_OF_CUSTODY.txt",".txt","1045","REVIEW_REPORT"
"AUTHORITY_SURFACE","Jxhnny_Kl33N_Seedz\CleanSeedsBuild\PROOF_HISTORY\RECYCLE_BIN_QUARANTINE_20260510\ITEM_0121__PATCH_RECEIPT_PROOF_LEDGER_LOCK.txt\ITEM_CHAIN_OF_CUSTODY.txt",".txt","1033","RECEIPT"
"AUTHORITY_SURFACE","Jxhnny_Kl33N_Seedz\COMMAND_CENTER\ASSISTANT_DIRECTION_PROMPT.md",".md","766","GENERAL"
"AUTHORITY_SURFACE","Jxhnny_Kl33N_Seedz\COMMAND_CENTER\BLOCKED_MOVES.md",".md","553","BLOCKER"
"AUTHORITY_SURFACE","Jxhnny_Kl33N_Seedz\COMMAND_CENTER\CURRENT_CONTEXT_CART.md",".md","1186","GENERAL"
"AUTHORITY_SURFACE","Jxhnny_Kl33N_Seedz\COMMAND_CENTER\HELPER_FRONT_DOOR_CURRENT_20260530.md",".md","4329","GENERAL"
"AUTHORITY_SURFACE","Jxhnny_Kl33N_Seedz\COMMAND_CENTER\NEXT_ON_THE_PLATE.md",".md","753","GENERAL"
"AUTHORITY_SURFACE","Jxhnny_Kl33N_Seedz\COMMAND_CENTER\README_START_HERE.md",".md","1378","GENERAL"
"AUTHORITY_SURFACE","Jxhnny_Kl33N_Seedz\COMMAND_CENTER\ROOM_INDEX.md",".md","1228","GENERAL"
"AUTHORITY_SURFACE","Jxhnny_Kl33N_Seedz\COMMAND_CENTER\ASSISTANT_DOOR_RELAY\DOOR_NOTES\ASSISTANT_DOOR_NOTE_20260521_125636.md",".md","1738","GENERAL"
"AUTHORITY_SURFACE","Jxhnny_Kl33N_Seedz\COMMAND_CENTER\ASSISTANT_DOOR_RELAY\RECEIPTS\ASSISTANT_DOOR_RELAY_HOTFIX_RECEIPT_20260521_131015.txt",".txt","2369","RECEIPT"
"AUTHORITY_SURFACE","Jxhnny_Kl33N_Seedz\COMMAND_CENTER\ASSISTANT_DOOR_RELAY\RECEIPTS\ASSISTANT_DOOR_RELAY_V1_INSTALL_AND_TEST_RECEIPT_20260521_125636.txt",".txt","2174","RECEIPT"
"AUTHORITY_SURFACE","Jxhnny_Kl33N_Seedz\COMMAND_CENTER\ASSISTANT_DOOR_RELAY\RUNS\ASSISTANT_DOOR_RELAY_HOTFIX_20260521_131015\CHILDJOB-20260521-131016-ASSISTANT-DOOR-READ-STATUS-HOTFIX.chatjob.json",".json","914","GENERAL"
"AUTHORITY_SURFACE","Jxhnny_Kl33N_Seedz\COMMAND_CENTER\ASSISTANT_DOOR_RELAY\RUNS\ASSISTANT_DOOR_RELAY_HOTFIX_20260521_131015\DEEP_SCAN_SUMMARY_20260521_131015.md",".md","1079","GENERAL"
"AUTHORITY_SURFACE","Jxhnny_Kl33N_Seedz\COMMAND_CENTER\ASSISTANT_DOOR_RELAY\RUNS\ASSISTANT_DOOR_RELAY_HOTFIX_20260521_131015\JOURNAL_ENTRY_20260521_131015.md",".md","1783","GENERAL"
"AUTHORITY_SURFACE","Jxhnny_Kl33N_Seedz\COMMAND_CENTER\ASSISTANT_DOOR_RELAY\RUNS\ASSISTANT_DOOR_RELAY_V1_20260521_125636\CHILDJOB-20260521-125636-ASSISTANT-DOOR-READ-STATUS-TEST.chatjob.json",".json","1224","GENERAL"
"AUTHORITY_SURFACE","Jxhnny_Kl33N_Seedz\COMMAND_CENTER\ASSISTANT_DOOR_RELAY\RUNS\ASSISTANT_DOOR_RELAY_V1_20260521_125636\DEEP_SCAN_SUMMARY_20260521_125636.md",".md","5530","GENERAL"
"AUTHORITY_SURFACE","Jxhnny_Kl33N_Seedz\COMMAND_CENTER\ASSISTANT_DOOR_RELAY\RUNS\ASSISTANT_DOOR_RELAY_V1_20260521_125636\JOURNAL_ENTRY_20260521_125636.md",".md","3220","GENERAL"
"AUTHORITY_SURFACE","Jxhnny_Kl33N_Seedz\COMMAND_CENTER\ASSISTANT_DOOR_RELAY\TOOLS\DROP_CHAT_JOB_FROM_CLIPBOARD_V1.ps1",".ps1","2891","SCRIPT_OR_RUNNER"
"AUTHORITY_SURFACE","Jxhnny_Kl33N_Seedz\COMMAND_CENTER\CHILD_SHELL\ALLOWLIST_LEVEL0.json",".json","370","GENERAL"
"AUTHORITY_SURFACE","Jxhnny_Kl33N_Seedz\COMMAND_CENTER\CHILD_SHELL\ALLOWLIST_LEVEL1.json",".json","565","GENERAL"
"AUTHORITY_SURFACE","Jxhnny_Kl33N_Seedz\COMMAND_CENTER\CHILD_SHELL\ALLOWLIST_LEVEL2_APPROVED_HELPERS.json",".json","985","GENERAL"
"AUTHORITY_SURFACE","Jxhnny_Kl33N_Seedz\COMMAND_CENTER\CHILD_SHELL\ALLOWLIST_LEVEL3_APPROVED_HOUSE_SAVE_HELPERS.json",".json","1468","GENERAL"
"AUTHORITY_SURFACE","Jxhnny_Kl33N_Seedz\COMMAND_CENTER\CHILD_SHELL\README_CHILD_SHELL_LEVEL0.md",".md","834","GENERAL"
"AUTHORITY_SURFACE","Jxhnny_Kl33N_Seedz\COMMAND_CENTER\CHILD_SHELL\README_CHILD_SHELL_LEVEL1.md",".md","921","GENERAL"
"AUTHORITY_SURFACE","Jxhnny_Kl33N_Seedz\COMMAND_CENTER\CHILD_SHELL\DROPZONE\CHILDJOB-20260521-154638-REMOTE-DOOR-V2-ASYNC-PROBE.childjob.json",".json","959","GENERAL"
"AUTHORITY_SURFACE","Jxhnny_Kl33N_Seedz\COMMAND_CENTER\CHILD_SHELL\HELPERS\HELPER_READ_CHILD_SHELL_STATUS_SUMMARY_LEVEL2.ps1",".ps1","6702","SCRIPT_OR_RUNNER"
"AUTHORITY_SURFACE","Jxhnny_Kl33N_Seedz\COMMAND_CENTER\CHILD_SHELL\HELPERS\HELPER_RUN_BOUNDED_MR_KLEEN_SAVE_PACKAGE_LEVEL3.ps1",".ps1","12009","SCRIPT_OR_RUNNER"
"AUTHORITY_SURFACE","Jxhnny_Kl33N_Seedz\COMMAND_CENTER\CHILD_SHELL\HELPER_OUTPUT\CHILDJOB-20260521-000007-LEVEL2-APPROVED-HELPER-STATUS.helper-output.txt",".txt","4299","GENERAL"
"AUTHORITY_SURFACE","Jxhnny_Kl33N_Seedz\COMMAND_CENTER\CHILD_SHELL\HELPER_OUTPUT\CHILDJOB-20260521-000008-LEVEL2-APPROVED-HELPER-RETEST.helper-output.txt",".txt","4299","GENERAL"
"AUTHORITY_SURFACE","Jxhnny_Kl33N_Seedz\COMMAND_CENTER\CHILD_SHELL\HELPER_OUTPUT\CHILDJOB-20260521-000010-LEVEL2-REGRESSION-APPROVED-HELPER.helper-output.txt",".txt","4303","GENERAL"
"AUTHORITY_SURFACE","Jxhnny_Kl33N_Seedz\COMMAND_CENTER\CHILD_SHELL\HOUSE_SAVE_PACKAGES\CHILDJOB-20260521-000011-LEVEL3-BOUNDED-HOUSE-SAVE.package.json",".json","21401","GENERAL"
"AUTHORITY_SURFACE","Jxhnny_Kl33N_Seedz\COMMAND_CENTER\CHILD_SHELL\HOUSE_SAVE_PACKAGES\CHILDJOB-20260521-000012-LEVEL3-FINAL-RECEIPT-PROOF.package.json",".json","8590","RECEIPT"
"AUTHORITY_SURFACE","Jxhnny_Kl33N_Seedz\COMMAND_CENTER\CHILD_SHELL\JOB_RECORDS\CONSUMED\CHILDJOB-20260521-000005-NO-SCRIPT-DROP-READ-STATUS.childjob.json",".json","1276","SCRIPT_OR_RUNNER"
"AUTHORITY_SURFACE","Jxhnny_Kl33N_Seedz\COMMAND_CENTER\CHILD_SHELL\LEVEL3_RESULTS\CHILDJOB-20260521-000012-LEVEL3-FINAL-RECEIPT-PROOF.level3-result.json",".json","2878","RECEIPT"
"AUTHORITY_SURFACE","Jxhnny_Kl33N_Seedz\COMMAND_CENTER\CHILD_SHELL\OUTBOX\CHILDJOB-20260521-000001-CHILD-SHELL-PROBE.receipt.txt",".txt","1136","RECEIPT"
"AUTHORITY_SURFACE","Jxhnny_Kl33N_Seedz\COMMAND_CENTER\CHILD_SHELL\OUTBOX\CHILDJOB-20260521-000002-READ-COMMAND-CENTER-STATUS.receipt.txt",".txt","6644","RECEIPT"
"AUTHORITY_SURFACE","Jxhnny_Kl33N_Seedz\COMMAND_CENTER\CHILD_SHELL\OUTBOX\CHILDJOB-20260521-000004-WATCHER-PID-REPAIR-SELFTEST.receipt.txt",".txt","6646","RECEIPT"
"AUTHORITY_SURFACE","Jxhnny_Kl33N_Seedz\COMMAND_CENTER\CHILD_SHELL\OUTBOX\CHILDJOB-20260521-000005-NO-SCRIPT-DROP-READ-STATUS.receipt.txt",".txt","6644","RECEIPT"
"AUTHORITY_SURFACE","Jxhnny_Kl33N_Seedz\COMMAND_CENTER\CHILD_SHELL\OUTBOX\CHILDJOB-20260521-000006-WATCHER-LIVENESS-STALE-PID-RESTART.receipt.txt",".txt","6660","RECEIPT"
"AUTHORITY_SURFACE","Jxhnny_Kl33N_Seedz\COMMAND_CENTER\CHILD_SHELL\OUTBOX\CHILDJOB-20260521-000008-LEVEL2-APPROVED-HELPER-RETEST.receipt.txt",".txt","1739","RECEIPT"
"AUTHORITY_SURFACE","Jxhnny_Kl33N_Seedz\COMMAND_CENTER\CHILD_SHELL\OUTBOX\CHILDJOB-20260521-000009-LEVEL1-REGRESSION-READ-STATUS.receipt.txt",".txt","6650","RECEIPT"
"AUTHORITY_SURFACE","Jxhnny_Kl33N_Seedz\COMMAND_CENTER\CHILD_SHELL\OUTBOX\CHILDJOB-20260521-000010-LEVEL2-REGRESSION-APPROVED-HELPER.receipt.txt",".txt","1751","RECEIPT"
"AUTHORITY_SURFACE","Jxhnny_Kl33N_Seedz\COMMAND_CENTER\CHILD_SHELL\OUTBOX\CHILDJOB-20260521-000012-LEVEL3-FINAL-RECEIPT-PROOF.receipt.txt",".txt","3194","RECEIPT"
"AUTHORITY_SURFACE","Jxhnny_Kl33N_Seedz\COMMAND_CENTER\CHILD_SHELL\OUTBOX\CHILDJOB-20260521-131016-ASSISTANT-DOOR-READ-STATUS-HOTFIX.receipt.txt",".txt","6658","RECEIPT"
"AUTHORITY_SURFACE","Jxhnny_Kl33N_Seedz\COMMAND_CENTER\CHILD_SHELL\OUTBOX\CHILDJOB-20260521-132249-ASSISTANT-DOOR-FRESH-PROBE.receipt.txt",".txt","6644","RECEIPT"
"AUTHORITY_SURFACE","Jxhnny_Kl33N_Seedz\COMMAND_CENTER\CHILD_SHELL\OUTBOX\CHILDJOB-20260521-134904-REMOTE-DOOR-V2-PROBE.receipt.txt",".txt","6632","RECEIPT"
"AUTHORITY_SURFACE","Jxhnny_Kl33N_Seedz\COMMAND_CENTER\CHILD_SHELL\OUTBOX\CHILDJOB-20260521-135120-REMOTE-DOOR-V2-PROBE.receipt.txt",".txt","6632","RECEIPT"
"AUTHORITY_SURFACE","Jxhnny_Kl33N_Seedz\COMMAND_CENTER\CHILD_SHELL\OUTBOX\CHILDJOB-20260521-135126-REMOTE-DOOR-V2-PROBE.receipt.txt",".txt","6632","RECEIPT"
"AUTHORITY_SURFACE","Jxhnny_Kl33N_Seedz\COMMAND_CENTER\CHILD_SHELL\OUTBOX\CHILDJOB-20260521-135159-REMOTE-DOOR-V2-PROBE.receipt.txt",".txt","6632","RECEIPT"
"AUTHORITY_SURFACE","Jxhnny_Kl33N_Seedz\COMMAND_CENTER\CHILD_SHELL\OUTBOX\CHILDJOB-20260521-135206-REMOTE-DOOR-V2-PROBE.receipt.txt",".txt","6632","RECEIPT"
"AUTHORITY_SURFACE","Jxhnny_Kl33N_Seedz\COMMAND_CENTER\CHILD_SHELL\OUTBOX\CHILDJOB-20260521-135454-REMOTE-DOOR-V2-PROBE.receipt.txt",".txt","6632","RECEIPT"
"AUTHORITY_SURFACE","Jxhnny_Kl33N_Seedz\COMMAND_CENTER\CHILD_SHELL\OUTBOX\CHILDJOB-20260521-140323-REMOTE-DOOR-V2-PROBE.receipt.txt",".txt","6632","RECEIPT"
"AUTHORITY_SURFACE","Jxhnny_Kl33N_Seedz\COMMAND_CENTER\CHILD_SHELL\OUTBOX\CHILDJOB-20260521-141125-REMOTE-DOOR-V2-ASYNC-PROBE.receipt.txt",".txt","6644","RECEIPT"
"AUTHORITY_SURFACE","Jxhnny_Kl33N_Seedz\COMMAND_CENTER\CHILD_SHELL\OUTBOX\CHILDJOB-20260521-141126-REMOTE-DOOR-V2-ASYNC-PROBE.receipt.txt",".txt","6644","RECEIPT"
"AUTHORITY_SURFACE","Jxhnny_Kl33N_Seedz\COMMAND_CENTER\CHILD_SHELL\OUTBOX\CHILDJOB-20260521-141255-REMOTE-DOOR-V2-ASYNC-PROBE.receipt.txt",".txt","6644","RECEIPT"
"AUTHORITY_SURFACE","Jxhnny_Kl33N_Seedz\COMMAND_CENTER\CHILD_SHELL\OUTBOX\CHILDJOB-20260521-141256-REMOTE-DOOR-V2-ASYNC-PROBE.receipt.txt",".txt","6644","RECEIPT"
"AUTHORITY_SURFACE","Jxhnny_Kl33N_Seedz\COMMAND_CENTER\CHILD_SHELL\OUTBOX\CHILDJOB-20260521-141351-REMOTE-DOOR-V2-ASYNC-PROBE.receipt.txt",".txt","6644","RECEIPT"
"AUTHORITY_SURFACE","Jxhnny_Kl33N_Seedz\COMMAND_CENTER\CHILD_SHELL\OUTBOX\CHILDJOB-20260521-141845-REMOTE-DOOR-V2-ASYNC-PROBE.receipt.txt",".txt","6644","RECEIPT"
"AUTHORITY_SURFACE","Jxhnny_Kl33N_Seedz\COMMAND_CENTER\CHILD_SHELL\OUTBOX\CHILDJOB-20260521-143030-REMOTE-DOOR-V2-ASYNC-PROBE.receipt.txt",".txt","6644","RECEIPT"
"AUTHORITY_SURFACE","Jxhnny_Kl33N_Seedz\COMMAND_CENTER\CHILD_SHELL\OUTBOX\CHILDJOB-20260521-143031-REMOTE-DOOR-V2-ASYNC-PROBE.receipt.txt",".txt","6644","RECEIPT"
"AUTHORITY_SURFACE","Jxhnny_Kl33N_Seedz\COMMAND_CENTER\CHILD_SHELL\OUTBOX\CHILDJOB-20260521-143140-REMOTE-DOOR-V2-ASYNC-PROBE.receipt.txt",".txt","6644","RECEIPT"
"AUTHORITY_SURFACE","Jxhnny_Kl33N_Seedz\COMMAND_CENTER\CHILD_SHELL\OUTBOX\CHILDJOB-20260521-143548-REMOTE-DOOR-V2-ASYNC-PROBE.receipt.txt",".txt","6644","RECEIPT"
"AUTHORITY_SURFACE","Jxhnny_Kl33N_Seedz\COMMAND_CENTER\CHILD_SHELL\OUTBOX\CHILDJOB-20260521-144012-REMOTE-DOOR-V2-ASYNC-PROBE.receipt.txt",".txt","6644","RECEIPT"
"AUTHORITY_SURFACE","Jxhnny_Kl33N_Seedz\COMMAND_CENTER\CHILD_SHELL\OUTBOX\CHILDJOB-20260521-144130-REMOTE-DOOR-V2-ASYNC-PROBE.receipt.txt",".txt","6644","RECEIPT"
"AUTHORITY_SURFACE","Jxhnny_Kl33N_Seedz\COMMAND_CENTER\CHILD_SHELL\OUTBOX\CHILDJOB-20260521-161145-REMOTE-DOOR-V2E-PRINT-PROBE.receipt.txt",".txt","6646","RECEIPT"
"AUTHORITY_SURFACE","Jxhnny_Kl33N_Seedz\COMMAND_CENTER\CHILD_SHELL\OUTBOX\CHILDJOB-20260521-161209-REMOTE-DOOR-V2E-PRINT-PROBE.receipt.txt",".txt","6646","RECEIPT"
"AUTHORITY_SURFACE","Jxhnny_Kl33N_Seedz\COMMAND_CENTER\CHILD_SHELL\OUTBOX\CHILDJOB-20260521-161442-REMOTE-DOOR-V2E-PRINT-PROBE.receipt.txt",".txt","6646","RECEIPT"
"AUTHORITY_SURFACE","Jxhnny_Kl33N_Seedz\COMMAND_CENTER\CHILD_SHELL\OUTBOX\CHILDJOB-20260521-161715-REMOTE-DOOR-V2E-PRINT-PROBE.receipt.txt",".txt","6646","RECEIPT"
"AUTHORITY_SURFACE","Jxhnny_Kl33N_Seedz\COMMAND_CENTER\CHILD_SHELL\OUTBOX\CHILDJOB-20260521-162420-REMOTE-DOOR-V2E-PRINT-PROBE.receipt.txt",".txt","6646","RECEIPT"
"AUTHORITY_SURFACE","Jxhnny_Kl33N_Seedz\COMMAND_CENTER\CHILD_SHELL\OUTBOX\CHILDJOB-20260521-171245-REMOTE-DOOR-V2E-PRINT-PROBE.receipt.txt",".txt","6646","RECEIPT"
"AUTHORITY_SURFACE","Jxhnny_Kl33N_Seedz\COMMAND_CENTER\CHILD_SHELL\OUTBOX\CHILDJOB-20260521-171334-REMOTE-DOOR-V2E-PRINT-PROBE.receipt.txt",".txt","6646","RECEIPT"
"AUTHORITY_SURFACE","Jxhnny_Kl33N_Seedz\COMMAND_CENTER\CHILD_SHELL\OUTBOX\CHILDJOB-20260521-172249-REMOTE-DOOR-V2E-PRINT-PROBE.receipt.txt",".txt","6646","RECEIPT"
"AUTHORITY_SURFACE","Jxhnny_Kl33N_Seedz\COMMAND_CENTER\CHILD_SHELL\OUTBOX\CHILDJOB-20260521-174223-REMOTE-DOOR-V2E-PRINT-PROBE.receipt.txt",".txt","6646","RECEIPT"
"AUTHORITY_SURFACE","Jxhnny_Kl33N_Seedz\COMMAND_CENTER\CHILD_SHELL\PROCESSED\CHILDJOB-20260521-000001-CHILD-SHELL-PROBE.childjob.json",".json","1060","GENERAL"
"AUTHORITY_SURFACE","Jxhnny_Kl33N_Seedz\COMMAND_CENTER\CHILD_SHELL\PROCESSED\CHILDJOB-20260521-000002-READ-COMMAND-CENTER-STATUS.childjob.json",".json","1253","GENERAL"
"AUTHORITY_SURFACE","Jxhnny_Kl33N_Seedz\COMMAND_CENTER\CHILD_SHELL\PROCESSED\CHILDJOB-20260521-000004-WATCHER-PID-REPAIR-SELFTEST.childjob.json",".json","1136","GENERAL"
"AUTHORITY_SURFACE","Jxhnny_Kl33N_Seedz\COMMAND_CENTER\CHILD_SHELL\PROCESSED\CHILDJOB-20260521-000006-WATCHER-LIVENESS-STALE-PID-RESTART.childjob.json",".json","1218","GENERAL"
"AUTHORITY_SURFACE","Jxhnny_Kl33N_Seedz\COMMAND_CENTER\CHILD_SHELL\PROCESSED\CHILDJOB-20260521-000008-LEVEL2-APPROVED-HELPER-RETEST.childjob.json",".json","1232","GENERAL"
"AUTHORITY_SURFACE","Jxhnny_Kl33N_Seedz\COMMAND_CENTER\CHILD_SHELL\PROCESSED\CHILDJOB-20260521-000009-LEVEL1-REGRESSION-READ-STATUS.childjob.json",".json","623","GENERAL"
"AUTHORITY_SURFACE","Jxhnny_Kl33N_Seedz\COMMAND_CENTER\CHILD_SHELL\PROCESSED\CHILDJOB-20260521-000010-LEVEL2-REGRESSION-APPROVED-HELPER.childjob.json",".json","728","GENERAL"
"AUTHORITY_SURFACE","Jxhnny_Kl33N_Seedz\COMMAND_CENTER\CHILD_SHELL\PROCESSED\CHILDJOB-20260521-000012-LEVEL3-FINAL-RECEIPT-PROOF.childjob.json",".json","1257","RECEIPT"
"AUTHORITY_SURFACE","Jxhnny_Kl33N_Seedz\COMMAND_CENTER\CHILD_SHELL\PROCESSED\CHILDJOB-20260521-131016-ASSISTANT-DOOR-READ-STATUS-HOTFIX.childjob.json",".json","914","GENERAL"
"AUTHORITY_SURFACE","Jxhnny_Kl33N_Seedz\COMMAND_CENTER\CHILD_SHELL\PROCESSED\CHILDJOB-20260521-132249-ASSISTANT-DOOR-FRESH-PROBE.childjob.json",".json","899","GENERAL"
"AUTHORITY_SURFACE","Jxhnny_Kl33N_Seedz\COMMAND_CENTER\CHILD_SHELL\PROCESSED\CHILDJOB-20260521-134904-REMOTE-DOOR-V2-PROBE.childjob.json",".json","935","GENERAL"
"AUTHORITY_SURFACE","Jxhnny_Kl33N_Seedz\COMMAND_CENTER\CHILD_SHELL\PROCESSED\CHILDJOB-20260521-135120-REMOTE-DOOR-V2-PROBE.childjob.json",".json","935","GENERAL"
"AUTHORITY_SURFACE","Jxhnny_Kl33N_Seedz\COMMAND_CENTER\CHILD_SHELL\PROCESSED\CHILDJOB-20260521-135126-REMOTE-DOOR-V2-PROBE.childjob.json",".json","935","GENERAL"
"AUTHORITY_SURFACE","Jxhnny_Kl33N_Seedz\COMMAND_CENTER\CHILD_SHELL\PROCESSED\CHILDJOB-20260521-135159-REMOTE-DOOR-V2-PROBE.childjob.json",".json","935","GENERAL"
"AUTHORITY_SURFACE","Jxhnny_Kl33N_Seedz\COMMAND_CENTER\CHILD_SHELL\PROCESSED\CHILDJOB-20260521-135206-REMOTE-DOOR-V2-PROBE.childjob.json",".json","935","GENERAL"
"AUTHORITY_SURFACE","Jxhnny_Kl33N_Seedz\COMMAND_CENTER\CHILD_SHELL\PROCESSED\CHILDJOB-20260521-135454-REMOTE-DOOR-V2-PROBE.childjob.json",".json","935","GENERAL"
"AUTHORITY_SURFACE","Jxhnny_Kl33N_Seedz\COMMAND_CENTER\CHILD_SHELL\PROCESSED\CHILDJOB-20260521-140323-REMOTE-DOOR-V2-PROBE.childjob.json",".json","935","GENERAL"
"AUTHORITY_SURFACE","Jxhnny_Kl33N_Seedz\COMMAND_CENTER\CHILD_SHELL\PROCESSED\CHILDJOB-20260521-141125-REMOTE-DOOR-V2-ASYNC-PROBE.childjob.json",".json","959","GENERAL"
"AUTHORITY_SURFACE","Jxhnny_Kl33N_Seedz\COMMAND_CENTER\CHILD_SHELL\PROCESSED\CHILDJOB-20260521-141126-REMOTE-DOOR-V2-ASYNC-PROBE.childjob.json",".json","959","GENERAL"
"AUTHORITY_SURFACE","Jxhnny_Kl33N_Seedz\COMMAND_CENTER\CHILD_SHELL\PROCESSED\CHILDJOB-20260521-141255-REMOTE-DOOR-V2-ASYNC-PROBE.childjob.json",".json","959","GENERAL"
"AUTHORITY_SURFACE","Jxhnny_Kl33N_Seedz\COMMAND_CENTER\CHILD_SHELL\PROCESSED\CHILDJOB-20260521-141256-REMOTE-DOOR-V2-ASYNC-PROBE.childjob.json",".json","959","GENERAL"
"AUTHORITY_SURFACE","Jxhnny_Kl33N_Seedz\COMMAND_CENTER\CHILD_SHELL\PROCESSED\CHILDJOB-20260521-141351-REMOTE-DOOR-V2-ASYNC-PROBE.childjob.json",".json","959","GENERAL"
"AUTHORITY_SURFACE","Jxhnny_Kl33N_Seedz\COMMAND_CENTER\CHILD_SHELL\PROCESSED\CHILDJOB-20260521-141845-REMOTE-DOOR-V2-ASYNC-PROBE.childjob.json",".json","959","GENERAL"
"AUTHORITY_SURFACE","Jxhnny_Kl33N_Seedz\COMMAND_CENTER\CHILD_SHELL\PROCESSED\CHILDJOB-20260521-143030-REMOTE-DOOR-V2-ASYNC-PROBE.childjob.json",".json","959","GENERAL"
"AUTHORITY_SURFACE","Jxhnny_Kl33N_Seedz\COMMAND_CENTER\CHILD_SHELL\PROCESSED\CHILDJOB-20260521-143031-REMOTE-DOOR-V2-ASYNC-PROBE.childjob.json",".json","959","GENERAL"
"AUTHORITY_SURFACE","Jxhnny_Kl33N_Seedz\COMMAND_CENTER\CHILD_SHELL\PROCESSED\CHILDJOB-20260521-143140-REMOTE-DOOR-V2-ASYNC-PROBE.childjob.json",".json","959","GENERAL"
"AUTHORITY_SURFACE","Jxhnny_Kl33N_Seedz\COMMAND_CENTER\CHILD_SHELL\PROCESSED\CHILDJOB-20260521-143548-REMOTE-DOOR-V2-ASYNC-PROBE.childjob.json",".json","959","GENERAL"
"AUTHORITY_SURFACE","Jxhnny_Kl33N_Seedz\COMMAND_CENTER\CHILD_SHELL\PROCESSED\CHILDJOB-20260521-144012-REMOTE-DOOR-V2-ASYNC-PROBE.childjob.json",".json","959","GENERAL"
"AUTHORITY_SURFACE","Jxhnny_Kl33N_Seedz\COMMAND_CENTER\CHILD_SHELL\PROCESSED\CHILDJOB-20260521-144130-REMOTE-DOOR-V2-ASYNC-PROBE.childjob.json",".json","959","GENERAL"
"AUTHORITY_SURFACE","Jxhnny_Kl33N_Seedz\COMMAND_CENTER\CHILD_SHELL\PROCESSED\CHILDJOB-20260521-161145-REMOTE-DOOR-V2E-PRINT-PROBE.childjob.json",".json","1325","GENERAL"
"AUTHORITY_SURFACE","Jxhnny_Kl33N_Seedz\COMMAND_CENTER\CHILD_SHELL\PROCESSED\CHILDJOB-20260521-161209-REMOTE-DOOR-V2E-PRINT-PROBE.childjob.json",".json","1325","GENERAL"
"AUTHORITY_SURFACE","Jxhnny_Kl33N_Seedz\COMMAND_CENTER\CHILD_SHELL\PROCESSED\CHILDJOB-20260521-161442-REMOTE-DOOR-V2E-PRINT-PROBE.childjob.json",".json","1325","GENERAL"
"AUTHORITY_SURFACE","Jxhnny_Kl33N_Seedz\COMMAND_CENTER\CHILD_SHELL\PROCESSED\CHILDJOB-20260521-161715-REMOTE-DOOR-V2E-PRINT-PROBE.childjob.json",".json","1325","GENERAL"
"AUTHORITY_SURFACE","Jxhnny_Kl33N_Seedz\COMMAND_CENTER\CHILD_SHELL\PROCESSED\CHILDJOB-20260521-162420-REMOTE-DOOR-V2E-PRINT-PROBE.childjob.json",".json","1325","GENERAL"
"AUTHORITY_SURFACE","Jxhnny_Kl33N_Seedz\COMMAND_CENTER\CHILD_SHELL\PROCESSED\CHILDJOB-20260521-171245-REMOTE-DOOR-V2E-PRINT-PROBE.childjob.json",".json","1325","GENERAL"
"AUTHORITY_SURFACE","Jxhnny_Kl33N_Seedz\COMMAND_CENTER\CHILD_SHELL\PROCESSED\CHILDJOB-20260521-171334-REMOTE-DOOR-V2E-PRINT-PROBE.childjob.json",".json","1325","GENERAL"
"AUTHORITY_SURFACE","Jxhnny_Kl33N_Seedz\COMMAND_CENTER\CHILD_SHELL\PROCESSED\CHILDJOB-20260521-172249-REMOTE-DOOR-V2E-PRINT-PROBE.childjob.json",".json","1325","GENERAL"
"AUTHORITY_SURFACE","Jxhnny_Kl33N_Seedz\COMMAND_CENTER\CHILD_SHELL\PROCESSED\CHILDJOB-20260521-174223-REMOTE-DOOR-V2E-PRINT-PROBE.childjob.json",".json","1325","GENERAL"
"AUTHORITY_SURFACE","Jxhnny_Kl33N_Seedz\COMMAND_CENTER\CHILD_SHELL\REJECTED\CHILDJOB-20260521-000007-LEVEL2-APPROVED-HELPER-STATUS.childjob.json",".json","1185","GENERAL"
"AUTHORITY_SURFACE","Jxhnny_Kl33N_Seedz\COMMAND_CENTER\CHILD_SHELL\REJECTED\CHILDJOB-20260521-000007-LEVEL2-APPROVED-HELPER-STATUS.level2.rejected.txt",".txt","244","GENERAL"
"AUTHORITY_SURFACE","Jxhnny_Kl33N_Seedz\COMMAND_CENTER\CHILD_SHELL\REJECTED\CHILDJOB-20260521-000011-LEVEL3-BOUNDED-HOUSE-SAVE.childjob.json",".json","1239","GENERAL"
"AUTHORITY_SURFACE","Jxhnny_Kl33N_Seedz\COMMAND_CENTER\CHILD_SHELL\REJECTED\CHILDJOB-20260521-000011-LEVEL3-BOUNDED-HOUSE-SAVE.level3.rejected.txt",".txt","249","GENERAL"
"AUTHORITY_SURFACE","Jxhnny_Kl33N_Seedz\COMMAND_CENTER\CHILD_SHELL\REJECTED\CHILDJOB-20260521-131016-ASSISTANT-DOOR-READ-STATUS-HOTFIX.childjob.dispatch.rejected.txt",".txt","161","GENERAL"
"AUTHORITY_SURFACE","Jxhnny_Kl33N_Seedz\COMMAND_CENTER\CHILD_SHELL\REJECTED\CHILDJOB-20260521-131016-ASSISTANT-DOOR-READ-STATUS-HOTFIX.childjob.json",".json","2307","GENERAL"
"AUTHORITY_SURFACE","Jxhnny_Kl33N_Seedz\COMMAND_CENTER\CHILD_SHELL\RUNNERS\RUN_CHILD_SHELL_DISPATCH_ONCE.ps1",".ps1","1931","SCRIPT_OR_RUNNER"
"AUTHORITY_SURFACE","Jxhnny_Kl33N_Seedz\COMMAND_CENTER\CHILD_SHELL\RUNNERS\RUN_CHILD_SHELL_LEVEL0_ONCE.ps1",".ps1","4646","SCRIPT_OR_RUNNER"
"AUTHORITY_SURFACE","Jxhnny_Kl33N_Seedz\COMMAND_CENTER\CHILD_SHELL\RUNNERS\RUN_CHILD_SHELL_LEVEL1_ONCE.ps1",".ps1","5172","SCRIPT_OR_RUNNER"
"AUTHORITY_SURFACE","Jxhnny_Kl33N_Seedz\COMMAND_CENTER\CHILD_SHELL\RUNNERS\RUN_CHILD_SHELL_LEVEL2_APPROVED_HELPER_ONCE.ps1",".ps1","9506","SCRIPT_OR_RUNNER"
"AUTHORITY_SURFACE","Jxhnny_Kl33N_Seedz\COMMAND_CENTER\CHILD_SHELL\RUNNERS\RUN_CHILD_SHELL_LEVEL3_APPROVED_HOUSE_SAVE_ONCE.ps1",".ps1","9157","SCRIPT_OR_RUNNER"
"AUTHORITY_SURFACE","Jxhnny_Kl33N_Seedz\COMMAND_CENTER\CHILD_SHELL\WATCHER\CHILD_SHELL_WATCHER_HEARTBEAT.txt",".txt","305875","GENERAL"
"AUTHORITY_SURFACE","Jxhnny_Kl33N_Seedz\COMMAND_CENTER\CHILD_SHELL\WATCHER\CHILD_SHELL_WATCHER_LOOP.ps1",".ps1","3157","SCRIPT_OR_RUNNER"
"AUTHORITY_SURFACE","Jxhnny_Kl33N_Seedz\COMMAND_CENTER\CHILD_SHELL\WATCHER\CHILD_SHELL_WATCHER.pid",".pid","7","GENERAL"
"AUTHORITY_SURFACE","Jxhnny_Kl33N_Seedz\COMMAND_CENTER\CHILD_SHELL\WATCHER\ENSURE_CHILD_SHELL_WATCHER_LAST_RECEIPT.txt",".txt","440","RECEIPT"
"AUTHORITY_SURFACE","Jxhnny_Kl33N_Seedz\COMMAND_CENTER\CHILD_SHELL\WATCHER\ENSURE_CHILD_SHELL_WATCHER_RUNNING.ps1",".ps1","2705","SCRIPT_OR_RUNNER"
"AUTHORITY_SURFACE","Jxhnny_Kl33N_Seedz\COMMAND_CENTER\CHILD_SHELL\WATCHER\ENSURE_START_OUTPUT.txt",".txt","0","GENERAL"
"AUTHORITY_SURFACE","Jxhnny_Kl33N_Seedz\COMMAND_CENTER\CHILD_SHELL\WATCHER\LAST_RUN_ERROR.txt",".txt","75","GENERAL"
"AUTHORITY_SURFACE","Jxhnny_Kl33N_Seedz\COMMAND_CENTER\CHILD_SHELL\WATCHER\LAST_RUN_OUTPUT.txt",".txt","0","GENERAL"
"PRIVATE_SEALED","HOUSE_WORK\PROJECT_COMMAND_CENTER_UI_LANE\CHUNKED_ACCEPTANCE_GROWTH_REVIEW_20260606\ACCEPTANCE_STANDARD_DRAFT__DUAL_COMMAND_CENTER_L0_AND_PRIVATE_WORK_PROTOCOL_20260606.md",".md","8044","REVIEW_REPORT"
"PRIVATE_SEALED","HOUSE_WORK\PROJECT_COMMAND_CENTER_UI_LANE\CHUNKED_ACCEPTANCE_GROWTH_REVIEW_20260606\FINAL_REVIEW_PACKET__DUAL_COMMAND_CENTER_L0_AND_PRIVATE_WORK_PROTOCOL_20260606.md",".md","5168","PACKET_OR_ORDER"
"PRIVATE_SEALED","HOUSE_WORK\PROJECT_COMMAND_CENTER_UI_LANE\HELPER_FILE_EXPOSURE_AND_33RD_PRIVATE_WORK_PROTOCOL_V0_1_20260606\ADOPTION_APPROVAL_PACKET_DRAFT__HELPER_FILE_EXPOSURE_AND_33RD_PRIVATE_WORK_PROTOCOL_V0_1_20260606.md",".md","2755","PACKET_OR_ORDER"
"PRIVATE_SEALED","HOUSE_WORK\PROJECT_COMMAND_CENTER_UI_LANE\HELPER_FILE_EXPOSURE_AND_33RD_PRIVATE_WORK_PROTOCOL_V0_1_20260606\HELPER_FILE_EXPOSURE_AND_33RD_PRIVATE_WORK_PROTOCOL_WORKING_ORDER_V0_1_20260606.md",".md","12026","PACKET_OR_ORDER"
"PRIVATE_SEALED","HOUSE_WORK\PROJECT_COMMAND_CENTER_UI_LANE\HELPER_FILE_EXPOSURE_AND_33RD_PRIVATE_WORK_PROTOCOL_V0_1_20260606\MULE_RECEIPT__HELPER_FILE_EXPOSURE_AND_33RD_PRIVATE_WORK_PROTOCOL_WORKING_ORDER_V0_1_20260606.md",".md","4956","RECEIPT"
"PRIVATE_SEALED","HOUSE_WORK\PROJECT_COMMAND_CENTER_UI_LANE\HELPER_FILE_EXPOSURE_AND_33RD_PRIVATE_WORK_PROTOCOL_V0_1_20260606\MULE_RECEIPT__WORKING_ORDER_REVIEW_AND_ROOT_PLACEMENT_20260606.md",".md","2420","RECEIPT"
"PRIVATE_SEALED","HOUSE_WORK\PROJECT_COMMAND_CENTER_UI_LANE\HELPER_FILE_EXPOSURE_AND_33RD_PRIVATE_WORK_PROTOCOL_V0_1_20260606\PARKED_MATERIAL__HELPER_FILE_EXPOSURE_AND_33RD_PRIVATE_WORK_PROTOCOL_V0_1_20260606.md",".md","4433","GENERAL"
"PRIVATE_SEALED","HOUSE_WORK\PROJECT_COMMAND_CENTER_UI_LANE\HELPER_FILE_EXPOSURE_AND_33RD_PRIVATE_WORK_PROTOCOL_V0_1_20260606\SOURCE_CLEANUP_MAP__HELPER_FILE_EXPOSURE_AND_33RD_PRIVATE_WORK_PROTOCOL_V0_1_20260606.md",".md","4752","GENERAL"
"PRIVATE_SEALED","HOUSE_WORK\PROJECT_COMMAND_CENTER_UI_LANE\HELPER_FILE_EXPOSURE_AND_33RD_PRIVATE_WORK_PROTOCOL_V0_1_20260606\WORKING_ORDER_REVIEW__HELPER_FILE_EXPOSURE_AND_33RD_PRIVATE_WORK_PROTOCOL_V0_1_20260606.md",".md","2799","PACKET_OR_ORDER"
"PRIVATE_SEALED","HOUSE_WORK\PROJECT_COMMAND_CENTER_UI_LANE\HELPER_FILE_EXPOSURE_AND_33RD_PRIVATE_WORK_PROTOCOL_V0_1_20260606\SOURCE_RAW\33rd_tripple_pass_tripple_times_rule.txt",".txt","20510","SOURCE"
"PRIVATE_SEALED","HOUSE_WORK\PROJECT_COMMAND_CENTER_UI_LANE\HELPER_FILE_EXPOSURE_AND_33RD_PRIVATE_WORK_PROTOCOL_V0_1_20260606\SOURCE_RAW\HELPER_FILE_EXPOSURE_AND_33RD_PRIVATE_WORK_PROTOCOL_V0_1_RAW_20260606.md",".md","79517","SOURCE"
"PRIVATE_SEALED","_LOCAL_CUSTODY_N_RECEIPTS\RECYCLE_BIN_RECOVERY_20260604_203541\RECOVERED_ITEMS\ITEM_0134__Daryl Hall & John Oates - Private Eyes (Official HD Video)\Daryl Hall & John Oates - Private Eyes (Official HD Video)\Daryl Hall & John Oates - Private Eyes (Official HD Video)_2026-05-30_11-51-13.txt",".txt","1702","RECEIPT"
"OUTSIDE_SOURCE","HOUSE_WORK\PROJECT_COMMAND_CENTER_UI_LANE\DUAL_COMMAND_CENTER_L0_REVIEW_PACKET_20260606\MULE_PACKAGE_MANIFEST__OUTSIDE_ASSISTANT_INDEX_TO_L0.md",".md","2655","MANIFEST"
"OUTSIDE_SOURCE","HOUSE_WORK\PROJECT_COMMAND_CENTER_UI_LANE\DUAL_COMMAND_CENTER_L0_REVIEW_PACKET_20260606\MULE_RETURN_RECEIPT__OUTSIDE_ASSISTANT_INDEX_TO_L0.md",".md","4564","RECEIPT"
"OUTSIDE_SOURCE","HOUSE_WORK\PROJECT_COMMAND_CENTER_UI_LANE\DUAL_COMMAND_CENTER_L0_REVIEW_PACKET_20260606\OUTSIDE_ASSISTANT_COOPERATION_INDEX_V0_2_L0_CLEAN.md",".md","13671","PACKET_OR_ORDER"
"OUTSIDE_SOURCE","HOUSE_WORK\PROJECT_COMMAND_CENTER_UI_LANE\DUAL_COMMAND_CENTER_L0_REVIEW_PACKET_20260606\SOURCE_RAW\OUTSIDE_ASSISTANT_COOPERATION_INDEX_V0_2_SOURCE_TO_LIVE_L0_CUSTODY_CHAIN_RAW_20260605.md",".md","2928504","SOURCE"
"OUTSIDE_SOURCE","HOUSE_WORK\PROJECT_COMMAND_CENTER_UI_LANE\HELPER_FILE_EXPOSURE_AND_33RD_PRIVATE_WORK_PROTOCOL_V0_1_20260606\SOURCE_RAW\33rd_tripple_pass_tripple_times_rule.txt",".txt","20510","SOURCE"
"OUTSIDE_SOURCE","HOUSE_WORK\PROJECT_COMMAND_CENTER_UI_LANE\HELPER_FILE_EXPOSURE_AND_33RD_PRIVATE_WORK_PROTOCOL_V0_1_20260606\SOURCE_RAW\HELPER_FILE_EXPOSURE_AND_33RD_PRIVATE_WORK_PROTOCOL_V0_1_RAW_20260606.md",".md","79517","SOURCE"
"OUTSIDE_SOURCE","HOUSE_WORK\PROJECT_COMMAND_CENTER_UI_LANE\HELPER_FILE_SURFACE_PREFLIGHT_20260606\MULE_WORKING_ORDER__HELPER_FILE_SURFACE_PREFLIGHT_AND_BOUNDED_OUTSIDE_SOURCE_RULE_20260606.md",".md","8863","PACKET_OR_ORDER"
"OUTSIDE_SOURCE","Jxhnny_Kl33N_Seedz\BRAIN_LEARNING\ASSISTANT_123_OUTSIDE_STORAGE_UNIT_RULE_20260520.md",".md","1305","GENERAL"
"OUTSIDE_SOURCE","Jxhnny_Kl33N_Seedz\BRAIN_LEARNING\CONTROL_SURFACE_WEB_DIVE_SOFT_SUIT_RULE_20260601.md",".md","3177","GENERAL"
"OUTSIDE_SOURCE","Jxhnny_Kl33N_Seedz\BRAIN_LEARNING\EXTERNAL_ISSUES_STAY_EXTERNAL_CLEAN_LANE_RULE_20260519.md",".md","2999","GENERAL"
"OUTSIDE_SOURCE","Jxhnny_Kl33N_Seedz\BRAIN_LEARNING\HELPER_CONTEXT_RESEARCH_BATCH_NO_DROP_ROUTING_RULE_20260601.md",".md","2278","GENERAL"
"OUTSIDE_SOURCE","Jxhnny_Kl33N_Seedz\BRAIN_LEARNING\SHELL_OUTTAKE_WHIRLPOOL_WEB_FIT_REFINEMENT_20260530.md",".md","3412","GENERAL"
"OUTSIDE_SOURCE","Jxhnny_Kl33N_Seedz\CleanSeedsBuild\PROOF_HISTORY\LOCALBOT_EXTERNAL_OLD_BUILD_BOUNDARY_20260511.txt",".txt","1508","GENERAL"
"OUTSIDE_SOURCE","Jxhnny_Kl33N_Seedz\CleanSeedsBuild\PROOF_HISTORY\RECEIPT_LOCALBOT_EXTERNAL_OLD_BUILD_BOUNDARY_20260511.txt",".txt","808","RECEIPT"
"OUTSIDE_SOURCE","Jxhnny_Kl33N_Seedz\COMMAND_CENTER\PICKUP\_PARKING_NOTES\DEEP_SCAN_NOTES_TRANSCRIPTS_WEB_RESEARCH_WASH_20260524_055330.md",".md","14497","SCRIPT_OR_RUNNER"
"OUTSIDE_SOURCE","Jxhnny_Kl33N_Seedz\COMMAND_CENTER\PICKUP\_PARKING_NOTES\HOLD_SIGNAL_STRUCTURE_GRAMMAR_RESEARCH_WASH_20260524_053833.md",".md","10466","GENERAL"
"OUTSIDE_SOURCE","Jxhnny_Kl33N_Seedz\COMMAND_CENTER\RECEIPTS\DEEP_SCAN_WEB_RESEARCH_SOURCE_LEDGER_20260524_055330.csv",".csv","6775","RECEIPT"
"OUTSIDE_SOURCE","Jxhnny_Kl33N_Seedz\COMMAND_CENTER\RECEIPTS\LOCAL_123_DEEP_SCAN_NOTES_TRANSCRIPTS_WEB_RESEARCH_WASH_RECEIPT_20260524_055330.txt",".txt","2506","RECEIPT"
"OUTSIDE_SOURCE","Jxhnny_Kl33N_Seedz\COMMAND_CENTER\RECEIPTS\LOCAL_123_HOLD_SIGNAL_STRUCTURE_GRAMMAR_RESEARCH_WASH_RECEIPT_20260524_053833.txt",".txt","2415","RECEIPT"
"OUTSIDE_SOURCE","Jxhnny_Kl33N_Seedz\COMMAND_CENTER\RECEIPTS\ROOT_DROP_CYCLE_STUDY_RESEARCH_PACKET_RECEIPT_20260526_011606.md",".md","2550","RECEIPT"
"OUTSIDE_SOURCE","Jxhnny_Kl33N_Seedz\COMMAND_CENTER\REMOTE_DOOR_RELAY_V2\RECEIPTS\REMOTE_DOOR_V2_EXTERNAL_JINA_PROOF_20260521_135454.json",".json","1614","RECEIPT"
"OUTSIDE_SOURCE","Jxhnny_Kl33N_Seedz\COMMAND_CENTER\REMOTE_DOOR_RELAY_V2\RECEIPTS\REMOTE_DOOR_V2_MULE_EXTERNAL_ASYNC_TEST_20260521_1413.json",".json","4360","RECEIPT"
"OUTSIDE_SOURCE","Jxhnny_Kl33N_Seedz\COMMAND_CENTER\SCRIPTS\SAVE_SCRIPTS\SAVE_FEYNMAN_SOURCE_ORE_RESEARCH_MAP_V2_TO_MRKLEEN_20260522.ps1",".ps1","28639","SOURCE"
"OUTSIDE_SOURCE","Jxhnny_Kl33N_Seedz\GPT_PROMPTS_CUSTODY\20260522_213516\CUSTODY_ARCHIVE\_PACKAGE_INTAKE\RUN_DEEP_COBWEB_HOUSE_SCAN_RESTART_V1.2.ps1",".ps1","26341","SCRIPT_OR_RUNNER"
"OUTSIDE_SOURCE","Jxhnny_Kl33N_Seedz\GPT_PROMPTS_CUSTODY\DOWNLOADS_LOOSE_CANDIDATES\20260523_001601\COMMON_SENSE_DEEP_RESEARCH_PACKET_20260521.zip",".zip","17521","PACKET_OR_ORDER"
"OUTSIDE_SOURCE","Jxhnny_Kl33N_Seedz\GPT_PROMPTS_CUSTODY\DOWNLOADS_LOOSE_CANDIDATES\20260523_001601\DENSE_IDEA_REVISE_RULE_DEEP_RESEARCH_PACKET_20260521.zip",".zip","18901","PACKET_OR_ORDER"
"OUTSIDE_SOURCE","Jxhnny_Kl33N_Seedz\HOUSE_WORK\CHAT_COCKPIT\SHELL_OUTTAKE_WHIRLPOOL_WEB_FIT_SUIT_CARD_V1_1_20260530.md",".md","987","GENERAL"
"OUTSIDE_SOURCE","Jxhnny_Kl33N_Seedz\HOUSE_WORK\GATE_RINGS\MASTER_EXPANDED_GATE_RING_20260524\MORE_RESEARCH_CHASE_HYPNOSIS_TRANSCRIPT_LEDGER_20260524.md",".md","3912","SCRIPT_OR_RUNNER"
"OUTSIDE_SOURCE","Jxhnny_Kl33N_Seedz\HOUSE_WORK\GATE_RINGS\MASTER_EXPANDED_GATE_RING_20260524\PRE_RUN2_BASELINE_20260524_233000\MORE_RESEARCH_CHASE_HYPNOSIS_TRANSCRIPT_LEDGER_20260524.md",".md","3912","SCRIPT_OR_RUNNER"
"OUTSIDE_SOURCE","Jxhnny_Kl33N_Seedz\HOUSE_WORK\INTAKE\123_NON_GIT_AUDIT_20260522\MANIFESTS\MANIFEST_COMMON_SENSE_RESEARCH_PACKET_20260521.md",".md","1103","MANIFEST"
"OUTSIDE_SOURCE","Jxhnny_Kl33N_Seedz\HOUSE_WORK\INTAKE\123_NON_GIT_AUDIT_20260522\SOURCE\COMMON_SENSE_DEEP_RESEARCH_PAPER_20260521.md",".md","34173","REVIEW_REPORT"
"OUTSIDE_SOURCE","Jxhnny_Kl33N_Seedz\HOUSE_WORK\INTAKE\123_NON_GIT_AUDIT_20260522\SOURCE\DENSE_IDEA_REVISE_RULE_DEEP_RESEARCH_AND_LIVING_RULE_PACKET_20260521.md",".md","35363","PACKET_OR_ORDER"
"OUTSIDE_SOURCE","Jxhnny_Kl33N_Seedz\HOUSE_WORK\SYSTEM_ALIGNMENT_ROOM\INTAKE_GATE_HOUSE_ROUTINE_MIRROR_20260531\TRIPLE_PASS_WEB_DEEP_SEARCH_SYNTHESIS_20260531.md",".md","6332","GENERAL"
"OUTSIDE_SOURCE","Jxhnny_Kl33N_Seedz\HOUSE_WORK\WORK_SHED\SORTING_BENCH\CHAIN_SUPERVISOR_WEB_RESEARCH_AND_HOUSE_FIT_REPORT_20260530.md",".md","3316","REVIEW_REPORT"
"OUTSIDE_SOURCE","Jxhnny_Kl33N_Seedz\HOUSE_WORK\WORK_SHED\SORTING_BENCH\DUAL_SHELL_TANDEM_GATE_BRIDGE_RESEARCH_PILES_20260530.md",".md","1680","GENERAL"
"OUTSIDE_SOURCE","Jxhnny_Kl33N_Seedz\HOUSE_WORK\WORK_SHED\SORTING_BENCH\FILE_THINKING_LANE_RESEARCH_NOTES_V1_20260529.md",".md","7693","GENERAL"
"OUTSIDE_SOURCE","Jxhnny_Kl33N_Seedz\HOUSE_WORK\WORK_SHED\SORTING_BENCH\PROJECT_FIRST_TOOLING_DEEP_RESEARCH_HARVEST_20260531.md",".md","10398","GENERAL"
"OUTSIDE_SOURCE","Jxhnny_Kl33N_Seedz\HOUSE_WORK\WORK_SHED\SORTING_BENCH\SHELL_OUTTAKE_WHIRLPOOL_WEB_FIT_REPORT_20260530.md",".md","3465","REVIEW_REPORT"
"OUTSIDE_SOURCE","Jxhnny_Kl33N_Seedz\HOUSE_WORK\WORK_SHED\SOURCE_ORE\REPAIR_WAVE_MATURITY_THREE_PASS_WEB_DEEP_DIVE_SOURCE_COPY_20260530.md",".md","13745","SOURCE"
"OUTSIDE_SOURCE","Jxhnny_Kl33N_Seedz\MULE_LOCAL_ONLY\TOP_SECRET_IDEA_CELL_LOCAL_ONLY_20260524_001305\EVIDENCE\GIT_HELD_LOCAL_ONLY_WASH_EVIDENCE_20260524_090000\COMMAND_CENTER__PICKUP___PARKING_NOTES__SIMPLICITY_BUILD_COMPRESSION_RESEARCH_WASH_20260524_050620.md",".md","10571","GENERAL"
"OUTSIDE_SOURCE","Jxhnny_Kl33N_Seedz\MULE_LOCAL_ONLY\TOP_SECRET_IDEA_CELL_LOCAL_ONLY_20260524_001305\EVIDENCE\GIT_HELD_LOCAL_ONLY_WASH_EVIDENCE_20260524_090000\COMMAND_CENTER__RECEIPTS__LOCAL_123_SIMPLICITY_BUILD_COMPRESSION_RESEARCH_WASH_RECEIPT_20260524_050620.txt",".txt","2387","RECEIPT"
"OUTSIDE_SOURCE","Jxhnny_Kl33N_Seedz\MULE_WORKSHOP\FULL_HOUSE_REVIEW_ROPE_TUG_RUNNER_WASH_20260524\CREATIVE_ROOM_DEEP_RESEARCH_AND_THIRD_PASS.md",".md","6273","REVIEW_REPORT"
"OUTSIDE_SOURCE","Jxhnny_Kl33N_Seedz\MULE_WORKSHOP\ROPE_NOTE_WEIGHT_HOUSE_WALKTHROUGH_20260524\DECODING_RESEARCH_FIT_LEDGER.md",".md","2735","GENERAL"
"OUTSIDE_SOURCE","Jxhnny_Kl33N_Seedz\MULE_WORKSHOP\WHOLE_HOUSE_WASH_CREATIVE_SYNTHESIS_20260524\CREATIVE_ROOM_OUTSIDE_IDEA_LEDGER.md",".md","4287","GENERAL"
"OUTSIDE_SOURCE","Jxhnny_Kl33N_Seedz\PROOF_HISTORY\BRAIN_DISEASE_SYSTEMS_RESEARCH_SOURCE_ORE_SAVE_RECEIPT_20260522.txt",".txt","1076","RECEIPT"
"OUTSIDE_SOURCE","Jxhnny_Kl33N_Seedz\PROOF_HISTORY\EXTERNAL_ISSUES_STAY_EXTERNAL_CLEAN_LANE_RECEIPT_20260519.txt",".txt","1650","RECEIPT"
"OUTSIDE_SOURCE","Jxhnny_Kl33N_Seedz\PROOF_HISTORY\FEYNMAN_DEEP_SOURCE_ORE_RESEARCH_MAP_V2_RECEIPT_20260522.txt",".txt","1875","RECEIPT"
"OUTSIDE_SOURCE","Jxhnny_Kl33N_Seedz\PROOF_HISTORY\FILE_THINKING_LANE_RESEARCH_AND_GAME_PLAN_LOCK_MANIFEST_20260529_20260529_162003.txt",".txt","2073","MANIFEST"
"OUTSIDE_SOURCE","Jxhnny_Kl33N_Seedz\PROOF_HISTORY\FILE_THINKING_LANE_RESEARCH_AND_GAME_PLAN_LOCK_RECEIPT_20260529_20260529_162003.txt",".txt","1907","RECEIPT"
"OUTSIDE_SOURCE","Jxhnny_Kl33N_Seedz\PROOF_HISTORY\GROWTH_SUBSTRATE_SORTING_RETURN_AND_DEEP_WEB_SOURCE_ORE_INTAKE_RECEIPT_20260520.txt",".txt","2821","RECEIPT"
"OUTSIDE_SOURCE","Jxhnny_Kl33N_Seedz\PROOF_HISTORY\LOCALBOT_EXTERNAL_OLD_BUILD_BOUNDARY_20260511.txt",".txt","1550","GENERAL"
"OUTSIDE_SOURCE","Jxhnny_Kl33N_Seedz\PROOF_HISTORY\MULE_DEEP_RESEARCH_AUTONOMY_CHAIN_CONTROL_ROOM_PROMPT_20260517.txt",".txt","8089","GENERAL"
"OUTSIDE_SOURCE","Jxhnny_Kl33N_Seedz\PROOF_HISTORY\MULE_START_HERE_RULES_AUTONOMY_CHAIN_DEEP_RESEARCH_20260517.txt",".txt","6244","GENERAL"
"OUTSIDE_SOURCE","Jxhnny_Kl33N_Seedz\PROOF_HISTORY\PROJECT_FIRST_TOOLING_RESEARCH_AND_PARKING_PACKET_RECEIPT_20260531.txt",".txt","541","RECEIPT"
"OUTSIDE_SOURCE","Jxhnny_Kl33N_Seedz\PROOF_HISTORY\PROVENANCE_CHAIN_OF_CUSTODY_THREAD_LENS_HOSTILE_BROKEN_CHAIN_TEST_RECEIPT_20260519.txt",".txt","2442","RECEIPT"
"OUTSIDE_SOURCE","Jxhnny_Kl33N_Seedz\PROOF_HISTORY\PROVENANCE_CHAIN_OF_CUSTODY_THREAD_LENS_MULE_DEEP_SLAM_HANDOFF_RECEIPT_20260519.txt",".txt","3411","RECEIPT"
"OUTSIDE_SOURCE","Jxhnny_Kl33N_Seedz\PROOF_HISTORY\PROVENANCE_CHAIN_OF_CUSTODY_THREAD_LENS_NARROW_REVISION_CANDIDATE_RECEIPT_20260519.txt",".txt","3351","RECEIPT"
"OUTSIDE_SOURCE","Jxhnny_Kl33N_Seedz\PROOF_HISTORY\PROVENANCE_CHAIN_OF_CUSTODY_THREAD_LENS_NARROW_REVISION_DOUBLE_TEST_RECEIPT_20260519.txt",".txt","3299","RECEIPT"
"OUTSIDE_SOURCE","Jxhnny_Kl33N_Seedz\PROOF_HISTORY\PROVENANCE_CHAIN_OF_CUSTODY_THREAD_LENS_RECEIPT_20260519.txt",".txt","2158","RECEIPT"
"OUTSIDE_SOURCE","Jxhnny_Kl33N_Seedz\PROOF_HISTORY\PROVENANCE_CHAIN_OF_CUSTODY_THREAD_LENS_REPLACEMENT_DECISION_REVIEW_RECEIPT_20260519.txt",".txt","3387","RECEIPT"
"OUTSIDE_SOURCE","Jxhnny_Kl33N_Seedz\PROOF_HISTORY\PROVENANCE_CHAIN_OF_CUSTODY_THREAD_LENS_SECOND_USE_RECEIPT_20260519.txt",".txt","2198","RECEIPT"
"OUTSIDE_SOURCE","Jxhnny_Kl33N_Seedz\PROOF_HISTORY\PROVENANCE_CHAIN_OF_CUSTODY_THREAD_LENS_THIRD_USE_AND_MULE_HANDOFF_RECEIPT_20260519.txt",".txt","3578","RECEIPT"
"OUTSIDE_SOURCE","Jxhnny_Kl33N_Seedz\PROOF_HISTORY\PROVENANCE_CHAIN_OF_CUSTODY_THREAD_LENS_TWO_USE_REVIEW_RECEIPT_20260519.txt",".txt","2513","RECEIPT"
"OUTSIDE_SOURCE","Jxhnny_Kl33N_Seedz\PROOF_HISTORY\PROVENANCE_LENS_MULE_DEEP_SLAM_REPORT_INTAKE_RECEIPT_20260519.txt",".txt","2135","RECEIPT"
"OUTSIDE_SOURCE","Jxhnny_Kl33N_Seedz\PROOF_HISTORY\PROVENANCE_LENS_MULE_RETURN_INTAKE_DOCK_RECEIPT_20260519.txt",".txt","2110","RECEIPT"
"OUTSIDE_SOURCE","Jxhnny_Kl33N_Seedz\PROOF_HISTORY\RECEIPT_LOCALBOT_EXTERNAL_OLD_BUILD_BOUNDARY_20260511.txt",".txt","835","RECEIPT"
"OUTSIDE_SOURCE","Jxhnny_Kl33N_Seedz\PROOF_HISTORY\RECEIPT_MULE_DEEP_RESEARCH_AUTONOMY_CHAIN_CONTROL_ROOM_PROMPT_20260517.txt",".txt","1315","RECEIPT"
"OUTSIDE_SOURCE","Jxhnny_Kl33N_Seedz\PROOF_HISTORY\RECEIPT_MULE_START_HERE_RULES_AUTONOMY_CHAIN_DEEP_RESEARCH_20260517.txt",".txt","1108","RECEIPT"
"OUTSIDE_SOURCE","Jxhnny_Kl33N_Seedz\PROOF_HISTORY\REMOTE_DOOR_RELAY_V2_EXTERNAL_FETCH_LOCK_RECEIPT_20260521.txt",".txt","3219","RECEIPT"
"OUTSIDE_SOURCE","Jxhnny_Kl33N_Seedz\PROOF_HISTORY\SHELL_OUTTAKE_WHIRLPOOL_WEB_FIT_REFINEMENT_IGNORED_PATH_MANIFEST_20260530.txt",".txt","3447","MANIFEST"
"OUTSIDE_SOURCE","Jxhnny_Kl33N_Seedz\PROOF_HISTORY\SHELL_OUTTAKE_WHIRLPOOL_WEB_FIT_REFINEMENT_LOCK_RECEIPT_20260530.txt",".txt","2260","RECEIPT"
"OUTSIDE_SOURCE","Jxhnny_Kl33N_Seedz\PROOF_HISTORY\WHOLE_HOUSE_OUTSIDE_REVIEW_HANDOFF_CREATE_RECEIPT_20260519.txt",".txt","543","RECEIPT"
"OUTSIDE_SOURCE","Jxhnny_Kl33N_Seedz\PROOF_HISTORY\WHOLE_HOUSE_OUTSIDE_REVIEW_HANDOFF_CURRENT_STATE_REFRESH_RECEIPT_20260519.txt",".txt","1172","RECEIPT"
"OUTSIDE_SOURCE","Jxhnny_Kl33N_Seedz\PROOF_HISTORY\WHOLE_HOUSE_OUTSIDE_REVIEW_HANDOFF_DUMP_FOLDER_CONTRACT_RECEIPT_20260519.txt",".txt","711","RECEIPT"
"OUTSIDE_SOURCE","Jxhnny_Kl33N_Seedz\PUBLIC_PROOF_PACKETS\SAM_REVIEW_CHILD_SHELL_RECURSIVE_CORE_PACKET_20260521\UNPACKED\01_CHILD_SHELL_FINAL_PACKET\UNPACKED\04_OUTSIDE_BRIEF.md",".md","1366","PACKET_OR_ORDER"
"OUTSIDE_SOURCE","Jxhnny_Kl33N_Seedz\RESEARCH_PACKETS\CYCLES_20260526\00_SOURCE_INTAKE_AND_RESEARCH_SCOPE.md",".md","2428","PACKET_OR_ORDER"
"OUTSIDE_SOURCE","Jxhnny_Kl33N_Seedz\RESEARCH_PACKETS\CYCLES_20260526\01_CYCLE_STUDY_MICRO_WASH_MAP_20260526.md",".md","2738","PACKET_OR_ORDER"
"OUTSIDE_SOURCE","Jxhnny_Kl33N_Seedz\RESEARCH_PACKETS\CYCLES_20260526\RECEIPT_20260526.md",".md","1838","RECEIPT"
"OUTSIDE_SOURCE","Jxhnny_Kl33N_Seedz\RESEARCH_PACKETS\FEYNMAN_20260522\RICHARD_FEYNMAN_DEEP_SOURCE_ORE_RESEARCH_MAP_V2_APPLIED_20260522.md",".md","23787","SOURCE"
"OUTSIDE_SOURCE","Jxhnny_Kl33N_Seedz\RESEARCH_PACKETS\FEYNMAN_20260524_DEEP_WASH\01_RICHARD_FEYNMAN_DEEP_RESEARCH_PAPER_WASHED_20260524.md",".md","22187","PACKET_OR_ORDER"
"OUTSIDE_SOURCE","Jxhnny_Kl33N_Seedz\RESEARCH_PACKETS\RUDOLF_STEINER_20260523\RUDOLF_STEINER_DEEP_DIVE_RESEARCH_NOTES_V0_1.md",".md","1719","PACKET_OR_ORDER"
"OUTSIDE_SOURCE","Jxhnny_Kl33N_Seedz\RESEARCH_PACKETS\RUDOLF_STEINER_20260523\RUDOLF_STEINER_DEEP_DIVE_RESEARCH_PAPER_V0_1.docx",".docx","49467","PACKET_OR_ORDER"
"OUTSIDE_SOURCE","Jxhnny_Kl33N_Seedz\RESEARCH_PACKETS\RUDOLF_STEINER_20260523\RUDOLF_STEINER_DEEP_DIVE_RESEARCH_PAPER_V0_1.md",".md","31307","PACKET_OR_ORDER"
"OUTSIDE_SOURCE","Jxhnny_Kl33N_Seedz\SOURCE_ORE\USER_DROPS\ROOT_DROPS_CLEARED_20260524_092335\02_SYNTHESIS_GATE_RESEARCH_PAPER_V4.txt",".txt","3677","SOURCE"
"OUTSIDE_SOURCE","Jxhnny_Kl33N_Seedz\SOURCE_TRANSFER\MD_INCOMING\BRAIN_DISEASE_DYSFUNCTION_SYSTEMS_COMPUTATION_RESEARCH_MAP_V2_20260522.md",".md","38098","GENERAL"
"OUTSIDE_SOURCE","Jxhnny_Kl33N_Seedz\SOURCE_TRANSFER\MD_INCOMING\CARL_GUSTAV_JUNG_DIGITAL_JAR_DEEP_RESEARCH_20260522.md",".md","39443","GENERAL"
"OUTSIDE_SOURCE","Jxhnny_Kl33N_Seedz\SOURCE_TRANSFER\MD_INCOMING\CARL_GUSTAV_JUNG_DIGITAL_JAR_DEEP_RESEARCH_REVISED_20260522.md",".md","59734","GENERAL"
"OUTSIDE_SOURCE","Jxhnny_Kl33N_Seedz\SOURCE_TRANSFER\MD_INCOMING\COMMON_SENSE_DEEP_RESEARCH_PAPER_20260521.md",".md","32956","GENERAL"
"OUTSIDE_SOURCE","Jxhnny_Kl33N_Seedz\SOURCE_TRANSFER\MD_INCOMING\DENSE_IDEA_REVISE_RULE_DEEP_RESEARCH_AND_LIVING_RULE_PACKET_20260521.md",".md","34717","PACKET_OR_ORDER"
"OUTSIDE_SOURCE","Jxhnny_Kl33N_Seedz\SOURCE_TRANSFER\MD_INCOMING\HOUSE_NERVOUS_SYSTEM_ALARM_DEBUGGER_MESH_RESEARCH_PACKET_20260520.md",".md","50581","PACKET_OR_ORDER"
"OUTSIDE_SOURCE","Jxhnny_Kl33N_Seedz\SOURCE_TRANSFER\MD_INCOMING\MANIFEST_COMMON_SENSE_RESEARCH_PACKET_20260521.md",".md","1071","MANIFEST"
"OUTSIDE_SOURCE","Jxhnny_Kl33N_Seedz\SOURCE_TRANSFER\MD_INCOMING\MULE_ABYSS_WEBDIVE_ORDER_BITSTRINGS_COMPLEXITY_CLEAN_SEED_20260519 (1).md",".md","20512","PACKET_OR_ORDER"
"OUTSIDE_SOURCE","Jxhnny_Kl33N_Seedz\SOURCE_TRANSFER\MD_INCOMING\MULE_ABYSS_WEBDIVE_ORDER_BITSTRINGS_COMPLEXITY_CLEAN_SEED_20260519 (2).md",".md","20512","PACKET_OR_ORDER"
"OUTSIDE_SOURCE","Jxhnny_Kl33N_Seedz\SOURCE_TRANSFER\MD_INCOMING\MULE_ABYSS_WEBDIVE_ORDER_BITSTRINGS_COMPLEXITY_CLEAN_SEED_20260519.md",".md","20512","PACKET_OR_ORDER"
"OUTSIDE_SOURCE","Jxhnny_Kl33N_Seedz\SOURCE_TRANSFER\MD_INCOMING\RICHARD_FEYNMAN_DEEP_SOURCE_ORE_RESEARCH_MAP_20260522.md",".md","20486","SOURCE"
"OUTSIDE_SOURCE","Jxhnny_Kl33N_Seedz\SOURCE_TRANSFER\MD_INCOMING\RUDOLF_STEINER_DIGITAL_JAR_DEEP_RESEARCH_20260522.md",".md","39962","GENERAL"
"OUTSIDE_SOURCE","Jxhnny_Kl33N_Seedz\SOURCE_TRANSFER\MD_INCOMING\RUDOLF_STEINER_DIGITAL_JAR_DEEP_RESEARCH_REVISED_20260522.md",".md","52611","GENERAL"
"OUTSIDE_SOURCE","_CHAT_DROPS\CHAT_DROP_COPY__LOCAL_PERSON_RESEARCH_ROOM_EXPORT_V1\LOCAL_PERSON_RESEARCH_ROOM_20260524_MANIFEST_V1.txt",".txt","1360","MANIFEST"
"OUTSIDE_SOURCE","_CHAT_DROPS\CHAT_DROP_COPY__LOCAL_PERSON_RESEARCH_ROOM_EXPORT_V1\LOCAL_PERSON_RESEARCH_ROOM_20260524_V1.zip",".zip","37329","GENERAL"
"OUTSIDE_SOURCE","_CHAT_DROPS\CHAT_DROP_COPY__LOCAL_PERSON_RESEARCH_ROOM_EXPORT_V1\ZIP_SHA256_V1.txt",".txt","238","HASH_LEDGER"
"OUTSIDE_SOURCE","_CHAT_DROPS\CHAT_DROP_COPY__LOCAL_PERSON_RESEARCH_ROOM_EXPORT_V1.1\LOCAL_PERSON_RESEARCH_ROOM_20260524_MANIFEST_V1.1.txt",".txt","11278","MANIFEST"
"OUTSIDE_SOURCE","_CHAT_DROPS\CHAT_DROP_COPY__LOCAL_PERSON_RESEARCH_ROOM_EXPORT_V1.1\LOCAL_PERSON_RESEARCH_ROOM_20260524_V1.1.zip",".zip","1078378","GENERAL"
"OUTSIDE_SOURCE","_CHAT_DROPS\CHAT_DROP_COPY__LOCAL_PERSON_RESEARCH_ROOM_EXPORT_V1.1\ZIP_SHA256_V1.1.txt",".txt","242","HASH_LEDGER"
"OUTSIDE_SOURCE","_LOCAL_CUSTODY_AND_RECEIPTS\COMMAND_CENTER\FAILED_SAVE_CUSTODY\ALCHEMICAL_KEY_FALSE_PASS_20260527_000351\SOURCE_ORE\SYMBOLIC_SYSTEMS\ALCHEMICAL_KEY_FOURFOLD_BREATH_SOURCE_ROOT_20260526\ALCHEMICAL_KEY_PROOF_CLEAN_RESEARCH_SUMMARY_20260526.md",".md","1505","RECEIPT"
"OUTSIDE_SOURCE","_LOCAL_CUSTODY_AND_RECEIPTS\ROOT_CLEAR_20260531_20260531_083030\ROOT_LOOSE_DOCS\02_PASS_TWO_DEEP_WEB_HARVEST.md",".md","3229","RECEIPT"
"OUTSIDE_SOURCE","_LOCAL_CUSTODY_AND_RECEIPTS\ROOT_CLEAR_20260531_20260531_083030\ROOT_LOOSE_DOCS\PROJECT_FIRST_TOOLING_DEEP_RESEARCH_HARVEST_20260531.md",".md","10398","RECEIPT"
"OUTSIDE_SOURCE","_LOCAL_CUSTODY_AND_RECEIPTS\ROOT_CLEAR_20260531_20260531_083030\ROOT_LOOSE_DOCS\PROJECT_FIRST_TOOLING_RESEARCH_AND_PARKING_PACKET_RECEIPT_20260531.txt",".txt","541","RECEIPT"
"OUTSIDE_SOURCE","_LOCAL_CUSTODY_AND_RECEIPTS\ROOT_LEGACY_RESIDUE_PHASE2_20260603_234817\PARKED_PACKAGES_PENDING_REVIEW\HELPER_CAPABILITY_SYSTEM_V2_3_HOUSE_HARNESS_PACK_V0_2\02_CHUNKS\CHUNK_01_SOURCE_WEB_OUTSIDE_PATTERN_HARVEST.md",".md","28640","RECEIPT"
"OUTSIDE_SOURCE","_LOCAL_CUSTODY_AND_RECEIPTS\ROOT_LEGACY_RESIDUE_PHASE2_20260603_234817\PARKED_PACKAGES_PENDING_REVIEW\HELPER_CAPABILITY_SYSTEM_V2_3_HOUSE_HARNESS_PACK_V0_2\04_ARCHITECTURE_LANES\02_AUTHORITY_PROVENANCE.md",".md","329","RECEIPT"
"OUTSIDE_SOURCE","_LOCAL_CUSTODY_AND_RECEIPTS\ROOT_LEGACY_RESIDUE_PHASE2_20260603_234817\PARKED_PACKAGES_PENDING_REVIEW\HELPER_CAPABILITY_SYSTEM_V2_3_HOUSE_HARNESS_PACK_V0_2\08_INDIVIDUAL_PACKAGE_ZIPS\CHUNK_01_SOURCE_WEB_OUTSIDE_PATTERN_HARVEST_PACKAGE.zip",".zip","11372","RECEIPT"
"OUTSIDE_SOURCE","_LOCAL_CUSTODY_AND_RECEIPTS\ROOT_LEGACY_RESIDUE_PHASE2_20260603_234817\PARKED_PACKAGES_PENDING_REVIEW\HELPER_CAPABILITY_SYSTEM_V2_3_HOUSE_HARNESS_PACK_V0_2\ALL_10_CHUNKS_PACKAGE\02_CHUNKS\CHUNK_01_SOURCE_WEB_OUTSIDE_PATTERN_HARVEST.md",".md","28640","RECEIPT"
"OUTSIDE_SOURCE","_LOCAL_CUSTODY_AND_RECEIPTS\ROOT_LEGACY_RESIDUE_PHASE2_20260603_234817\PARKED_PACKAGES_PENDING_REVIEW\HELPER_CAPABILITY_SYSTEM_V2_3_HOUSE_HARNESS_PACK_V0_2\ARCHITECTURE_LANES_PACKAGE\04_ARCHITECTURE_LANES\02_AUTHORITY_PROVENANCE.md",".md","329","RECEIPT"
"OUTSIDE_SOURCE","_LOCAL_CUSTODY_AND_RECEIPTS\ROOT_LEGACY_RESIDUE_PHASE2_20260603_234817\PARKED_PACKAGES_PENDING_REVIEW\HELPER_CAPABILITY_SYSTEM_V2_3_HOUSE_HARNESS_PACK_V0_2\CHUNK_01_SOURCE_WEB_OUTSIDE_PATTERN_HARVEST_PACKAGE\02_CHUNKS\CHUNK_01_SOURCE_WEB_OUTSIDE_PATTERN_HARVEST.md",".md","28640","RECEIPT"
"OUTSIDE_SOURCE","_LOCAL_CUSTODY_AND_RECEIPTS\ROOT_LEGACY_RESIDUE_PHASE2_20260603_234817\PARKED_PACKAGES_PENDING_REVIEW\HELPER_CAPABILITY_SYSTEM_V2_3_INDIVIDUAL_PACKAGES_ONLY_V0_2 - 1\CHUNK_01_SOURCE_WEB_OUTSIDE_PATTERN_HARVEST_PACKAGE.zip",".zip","11372","RECEIPT"
"OUTSIDE_SOURCE","_LOCAL_CUSTODY_AND_RECEIPTS\ROOT_LEGACY_RESIDUE_PHASE2_20260603_234817\PARKED_PACKAGES_PENDING_REVIEW\HELPER_CONTEXT_AUTHORITY_PROOF_RESEARCH_PACK_20260531\DRYRUN_ORGANIZE_HELPER_CONTEXT_AUTHORITY_PROOF_RESEARCH_PACK_RECEIPT_20260531_V1_1.txt",".txt","5613","RECEIPT"
"OUTSIDE_SOURCE","_LOCAL_CUSTODY_AND_RECEIPTS\ROOT_LEGACY_RESIDUE_PHASE2_20260603_234817\PARKED_PACKAGES_PENDING_REVIEW\HELPER_CONTEXT_AUTHORITY_PROOF_RESEARCH_PACK_20260531\ORGANIZE_HELPER_CONTEXT_AUTHORITY_PROOF_RESEARCH_PACK_RECEIPT_20260531_V1_1.txt",".txt","5405","RECEIPT"
"OUTSIDE_SOURCE","_LOCAL_CUSTODY_AND_RECEIPTS\ROOT_LEGACY_RESIDUE_PHASE2_20260603_234817\PARKED_PACKAGES_PENDING_REVIEW\HELPER_CONTEXT_AUTHORITY_PROOF_RESEARCH_PACK_20260531\00_READ_FIRST\README_RESEARCH_BATCH_INDEX_V2_20260531.md",".md","7155","RECEIPT"
"OUTSIDE_SOURCE","_LOCAL_CUSTODY_AND_RECEIPTS\ROOT_LEGACY_RESIDUE_PHASE2_20260603_234817\PARKED_PACKAGES_PENDING_REVIEW\HELPER_CONTEXT_AUTHORITY_PROOF_RESEARCH_PACK_20260531\01_CURRENT_ACCEPTED_BATCHES\BATCH_00_SOURCE_LOCK_AND_RULES_V3_UPSIDE_DOWN_20260531.md",".md","20887","RECEIPT"
"OUTSIDE_SOURCE","_LOCAL_CUSTODY_AND_RECEIPTS\ROOT_LEGACY_RESIDUE_PHASE2_20260603_234817\PARKED_PACKAGES_PENDING_REVIEW\HELPER_CONTEXT_AUTHORITY_PROOF_RESEARCH_PACK_20260531\01_CURRENT_ACCEPTED_BATCHES\BATCH_01_CONTEXT_ENGINEERING_AND_CARRIER_V3_TRIPLE_PASS_UPSIDE_DOWN_20260531.md",".md","29336","RECEIPT"
"OUTSIDE_SOURCE","_LOCAL_CUSTODY_AND_RECEIPTS\ROOT_LEGACY_RESIDUE_PHASE2_20260603_234817\PARKED_PACKAGES_PENDING_REVIEW\HELPER_CONTEXT_AUTHORITY_PROOF_RESEARCH_PACK_20260531\01_CURRENT_ACCEPTED_BATCHES\BATCH_02_AUTHORITY_POWER_AND_CAPABILITY_V3_SPECIAL_WALLS_RUN_20260531.md",".md","24338","RECEIPT"
"OUTSIDE_SOURCE","_LOCAL_CUSTODY_AND_RECEIPTS\ROOT_LEGACY_RESIDUE_PHASE2_20260603_234817\PARKED_PACKAGES_PENDING_REVIEW\HELPER_CONTEXT_AUTHORITY_PROOF_RESEARCH_PACK_20260531\01_CURRENT_ACCEPTED_BATCHES\BATCH_03_PROOF_PROVENANCE_AND_ARTIFACTS_V3_20260531.md",".md","36238","RECEIPT"
"OUTSIDE_SOURCE","_LOCAL_CUSTODY_AND_RECEIPTS\ROOT_LEGACY_RESIDUE_PHASE2_20260603_234817\PARKED_PACKAGES_PENDING_REVIEW\HELPER_CONTEXT_AUTHORITY_PROOF_RESEARCH_PACK_20260531\01_CURRENT_ACCEPTED_BATCHES\BATCH_04_RISK_THREAT_AND_FAILURE_V3_20260531.md",".md","32363","RECEIPT"
"OUTSIDE_SOURCE","_LOCAL_CUSTODY_AND_RECEIPTS\ROOT_LEGACY_RESIDUE_PHASE2_20260603_234817\PARKED_PACKAGES_PENDING_REVIEW\HELPER_CONTEXT_AUTHORITY_PROOF_RESEARCH_PACK_20260531\01_CURRENT_ACCEPTED_BATCHES\BATCH_05_TESTING_REPLAY_AND_FIXTURES_V2_20260531.md",".md","33050","RECEIPT"
"OUTSIDE_SOURCE","_LOCAL_CUSTODY_AND_RECEIPTS\ROOT_LEGACY_RESIDUE_PHASE2_20260603_234817\PARKED_PACKAGES_PENDING_REVIEW\HELPER_CONTEXT_AUTHORITY_PROOF_RESEARCH_PACK_20260531\01_CURRENT_ACCEPTED_BATCHES\BATCH_06_ARCHITECTURE_MATURITY_REQUIREMENTS_DECISIONS_V2_20260531.md",".md","32005","RECEIPT"
"OUTSIDE_SOURCE","_LOCAL_CUSTODY_AND_RECEIPTS\ROOT_LEGACY_RESIDUE_PHASE2_20260603_234817\PARKED_PACKAGES_PENDING_REVIEW\HELPER_CONTEXT_AUTHORITY_PROOF_RESEARCH_PACK_20260531\01_CURRENT_ACCEPTED_BATCHES\BATCH_07_BUILD_DOMAINS_AND_OPEN_RESEARCH_QUEUE_V2_20260531.md",".md","33598","RECEIPT"
"OUTSIDE_SOURCE","_LOCAL_CUSTODY_AND_RECEIPTS\ROOT_LEGACY_RESIDUE_PHASE2_20260603_234817\PARKED_PACKAGES_PENDING_REVIEW\HELPER_CONTEXT_AUTHORITY_PROOF_RESEARCH_PACK_20260531\02_SOURCE_REPAIRS\MULE_RESEARCH_IDEA_MATRIX_HELPER_CONTEXT_CARRIER_V2_20260531.csv",".csv","103476","RECEIPT"
"OUTSIDE_SOURCE","_LOCAL_CUSTODY_AND_RECEIPTS\ROOT_LEGACY_RESIDUE_PHASE2_20260603_234817\PARKED_PACKAGES_PENDING_REVIEW\HELPER_CONTEXT_AUTHORITY_PROOF_RESEARCH_PACK_20260531\02_SOURCE_REPAIRS\MULE_RESEARCH_PREP_HELPER_CONTEXT_CARRIER_NEXT_WORK_DEEP_WEB_HOUSE_V3_20260531.md",".md","49772","RECEIPT"
"OUTSIDE_SOURCE","_LOCAL_CUSTODY_AND_RECEIPTS\ROOT_LEGACY_RESIDUE_PHASE2_20260603_234817\PARKED_PACKAGES_PENDING_REVIEW\HELPER_CONTEXT_AUTHORITY_PROOF_RESEARCH_PACK_20260531\03_MATRICES\EXPANDED_RESEARCH_MATRIX_HELPER_CONTEXT_AUTHORITY_PROOF_V2_20260531.csv",".csv","50580","RECEIPT"
"OUTSIDE_SOURCE","_LOCAL_CUSTODY_AND_RECEIPTS\ROOT_LEGACY_RESIDUE_PHASE2_20260603_234817\PARKED_PACKAGES_PENDING_REVIEW\HELPER_CONTEXT_AUTHORITY_PROOF_RESEARCH_PACK_20260531\04_MANIFESTS\BATCH_00_SOURCE_LOCK_AND_RULES_V3_UPSIDE_DOWN_MANIFEST_20260531.txt",".txt","498","RECEIPT"
"OUTSIDE_SOURCE","_LOCAL_CUSTODY_AND_RECEIPTS\ROOT_LEGACY_RESIDUE_PHASE2_20260603_234817\PARKED_PACKAGES_PENDING_REVIEW\HELPER_CONTEXT_AUTHORITY_PROOF_RESEARCH_PACK_20260531\04_MANIFESTS\BATCH_01_CONTEXT_ENGINEERING_AND_CARRIER_V3_TRIPLE_PASS_UPSIDE_DOWN_MANIFEST_20260531.txt",".txt","1303","RECEIPT"
"OUTSIDE_SOURCE","_LOCAL_CUSTODY_AND_RECEIPTS\ROOT_LEGACY_RESIDUE_PHASE2_20260603_234817\PARKED_PACKAGES_PENDING_REVIEW\HELPER_CONTEXT_AUTHORITY_PROOF_RESEARCH_PACK_20260531\04_MANIFESTS\BATCH_02_AUTHORITY_POWER_AND_CAPABILITY_V3_SPECIAL_WALLS_RUN_MANIFEST_20260531.txt",".txt","1095","RECEIPT"
"OUTSIDE_SOURCE","_LOCAL_CUSTODY_AND_RECEIPTS\ROOT_LEGACY_RESIDUE_PHASE2_20260603_234817\PARKED_PACKAGES_PENDING_REVIEW\HELPER_CONTEXT_AUTHORITY_PROOF_RESEARCH_PACK_20260531\04_MANIFESTS\BATCH_03_PROOF_PROVENANCE_AND_ARTIFACTS_V3_20260531_MANIFEST.txt",".txt","1379","RECEIPT"
"OUTSIDE_SOURCE","_LOCAL_CUSTODY_AND_RECEIPTS\ROOT_LEGACY_RESIDUE_PHASE2_20260603_234817\PARKED_PACKAGES_PENDING_REVIEW\HELPER_CONTEXT_AUTHORITY_PROOF_RESEARCH_PACK_20260531\04_MANIFESTS\BATCH_04_RISK_THREAT_AND_FAILURE_V3_20260531_MANIFEST.txt",".txt","1255","RECEIPT"
"OUTSIDE_SOURCE","_LOCAL_CUSTODY_AND_RECEIPTS\ROOT_LEGACY_RESIDUE_PHASE2_20260603_234817\PARKED_PACKAGES_PENDING_REVIEW\HELPER_CONTEXT_AUTHORITY_PROOF_RESEARCH_PACK_20260531\04_MANIFESTS\BATCH_05_TESTING_REPLAY_AND_FIXTURES_V2_20260531_MANIFEST.txt",".txt","1139","RECEIPT"
"OUTSIDE_SOURCE","_LOCAL_CUSTODY_AND_RECEIPTS\ROOT_LEGACY_RESIDUE_PHASE2_20260603_234817\PARKED_PACKAGES_PENDING_REVIEW\HELPER_CONTEXT_AUTHORITY_PROOF_RESEARCH_PACK_20260531\04_MANIFESTS\BATCH_06_ARCHITECTURE_MATURITY_REQUIREMENTS_DECISIONS_V2_20260531_MANIFEST.txt",".txt","1266","RECEIPT"
"OUTSIDE_SOURCE","_LOCAL_CUSTODY_AND_RECEIPTS\ROOT_LEGACY_RESIDUE_PHASE2_20260603_234817\PARKED_PACKAGES_PENDING_REVIEW\HELPER_CONTEXT_AUTHORITY_PROOF_RESEARCH_PACK_20260531\04_MANIFESTS\BATCH_07_BUILD_DOMAINS_AND_OPEN_RESEARCH_QUEUE_V2_20260531_MANIFEST.txt",".txt","1107","RECEIPT"
"OUTSIDE_SOURCE","_LOCAL_CUSTODY_AND_RECEIPTS\ROOT_LEGACY_RESIDUE_PHASE2_20260603_234817\PARKED_PACKAGES_PENDING_REVIEW\HELPER_CONTEXT_AUTHORITY_PROOF_RESEARCH_PACK_20260531\04_MANIFESTS\EXPANDED_RESEARCH_MATRIX_HELPER_CONTEXT_AUTHORITY_PROOF_V2_20260531_MANIFEST.txt",".txt","1407","RECEIPT"
"OUTSIDE_SOURCE","_LOCAL_CUSTODY_AND_RECEIPTS\ROOT_LEGACY_RESIDUE_PHASE2_20260603_234817\PARKED_PACKAGES_PENDING_REVIEW\HELPER_CONTEXT_AUTHORITY_PROOF_RESEARCH_PACK_20260531\04_MANIFESTS\MULE_RESEARCH_IDEA_MATRIX_HELPER_CONTEXT_CARRIER_V2_20260531_MANIFEST.txt",".txt","1414","RECEIPT"
"OUTSIDE_SOURCE","_LOCAL_CUSTODY_AND_RECEIPTS\ROOT_LEGACY_RESIDUE_PHASE2_20260603_234817\PARKED_PACKAGES_PENDING_REVIEW\HELPER_CONTEXT_AUTHORITY_PROOF_RESEARCH_PACK_20260531\04_MANIFESTS\MULE_RESEARCH_PREP_HELPER_CONTEXT_CARRIER_NEXT_WORK_DEEP_WEB_HOUSE_V3_20260531_MANIFEST.txt",".txt","1083","RECEIPT"
"OUTSIDE_SOURCE","_LOCAL_CUSTODY_AND_RECEIPTS\ROOT_LEGACY_RESIDUE_PHASE2_20260603_234817\PARKED_PACKAGES_PENDING_REVIEW\HELPER_CONTEXT_AUTHORITY_PROOF_RESEARCH_PACK_20260531\04_MANIFESTS\README_RESEARCH_BATCH_INDEX_V2_20260531_MANIFEST.txt",".txt","487","RECEIPT"
"OUTSIDE_SOURCE","_LOCAL_CUSTODY_AND_RECEIPTS\ROOT_LEGACY_RESIDUE_PHASE2_20260603_234817\PARKED_PACKAGES_PENDING_REVIEW\HELPER_CONTEXT_AUTHORITY_PROOF_RESEARCH_PACK_20260531\04_MANIFESTS\RESEARCH_BATCH_GENERATION_MANIFEST_V2_20260531_MANIFEST.txt",".txt","270","RECEIPT"
"OUTSIDE_SOURCE","_LOCAL_CUSTODY_AND_RECEIPTS\ROOT_LEGACY_RESIDUE_PHASE2_20260603_234817\PARKED_PACKAGES_PENDING_REVIEW\HELPER_CONTEXT_AUTHORITY_PROOF_RESEARCH_PACK_20260531\04_MANIFESTS\RESEARCH_BATCH_GENERATION_MANIFEST_V2_20260531.txt",".txt","7273","RECEIPT"
"OUTSIDE_SOURCE","_LOCAL_CUSTODY_AND_RECEIPTS\ROOT_LEGACY_RESIDUE_PHASE2_20260603_234817\PARKED_PACKAGES_PENDING_REVIEW\HELPER_CONTEXT_AUTHORITY_PROOF_RESEARCH_PACK_20260531\99_UNMATCHED_REVIEW\DRYRUN_ORGANIZE_HELPER_CONTEXT_AUTHORITY_PROOF_RESEARCH_PACK_RECEIPT_20260531_V1_1.txt",".txt","5444","RECEIPT"
"OUTSIDE_SOURCE","_LOCAL_CUSTODY_AND_RECEIPTS\ROOT_LEGACY_RESIDUE_PHASE2_20260603_234817\PARKED_PACKAGES_PENDING_REVIEW\HOUSE_DOCK_CONTROL_ROOM_SAVE_PACKET_V1\98_SOURCE_RAW\FINAL_RAW_PROGRESS.txt",".txt","486075","RECEIPT"
"OUTSIDE_SOURCE","_LOCAL_CUSTODY_AND_RECEIPTS\ROOT_LEGACY_RESIDUE_PHASE2_20260603_234817\PARKED_PACKAGES_PENDING_REVIEW\PARKING_GATE_CONTROL_SURFACE_V1\PARKING_CONTROL_SURFACE_V2\04_WEB_DIVE\PARKING_CONTROL_SURFACE_WEB_PATTERN_NOTES_20260601.md",".md","4156","RECEIPT"
"OUTSIDE_SOURCE","_LOCAL_CUSTODY_AND_RECEIPTS\ROOT_LOOSE_DOCS_20260530_200709\PUSH_READY_PACKET_KEYRING_RESEARCH_REPORT_V1.md",".md","22182","RECEIPT"
"OUTSIDE_SOURCE","_LOCAL_CUSTODY_AND_RECEIPTS\ROOT_LOOSE_DOCS_20260530_200709\SHELL_OUTTAKE_WHIRLPOOL_WEB_FIT_DEEP_DIVE_V1.md",".md","9536","RECEIPT"
"OUTSIDE_SOURCE","_LOCAL_CUSTODY_AND_RECEIPTS\ROOT_LOOSE_DOCS_20260531_033722\psychic_sciences_research_grade_paper_v1.docx",".docx","49779","RECEIPT"
"OUTSIDE_SOURCE","_LOCAL_CUSTODY_AND_RECEIPTS\ROOT_LOOSE_DOCS_20260531_033722\psychic_sciences_research_grade_paper_v1.txt",".txt","49779","RECEIPT"
"OUTSIDE_SOURCE","_LOCAL_CUSTODY_AND_RECEIPTS\ROOT_LOOSE_DOCS_20260531_033722\psychic_sciences_research_grade_paper_v2_edward_page2.docx",".docx","51397","RECEIPT"
"OUTSIDE_SOURCE","_LOCAL_CUSTODY_AND_RECEIPTS\ROOT_LOOSE_DOCS_20260531_033722\psychic_sciences_research_grade_paper_v3_readable_worlds.docx",".docx","59389","RECEIPT"
"OUTSIDE_SOURCE","_LOCAL_CUSTODY_AND_RECEIPTS\ROOT_LOOSE_DOCS_20260531_033722\READABLE_WORLDS_RESEARCH_PAPER_V5.docx",".docx","59282","RECEIPT"
"OUTSIDE_SOURCE","_LOCAL_CUSTODY_N_RECEIPTS\RECYCLE_BIN_RECOVERY_20260604_203541\RECOVERED_ITEMS\ITEM_0001__123\123\Jxhnny_Kl33N_Seedz\BRAIN_LEARNING\ASSISTANT_123_OUTSIDE_STORAGE_UNIT_RULE_20260520.md",".md","1305","RECEIPT"
"OUTSIDE_SOURCE","_LOCAL_CUSTODY_N_RECEIPTS\RECYCLE_BIN_RECOVERY_20260604_203541\RECOVERED_ITEMS\ITEM_0001__123\123\Jxhnny_Kl33N_Seedz\BRAIN_LEARNING\EXTERNAL_ISSUES_STAY_EXTERNAL_CLEAN_LANE_RULE_20260519.md",".md","2999","RECEIPT"
"OUTSIDE_SOURCE","_LOCAL_CUSTODY_N_RECEIPTS\RECYCLE_BIN_RECOVERY_20260604_203541\RECOVERED_ITEMS\ITEM_0001__123\123\Jxhnny_Kl33N_Seedz\CleanSeedsBuild\PROOF_HISTORY\LOCALBOT_EXTERNAL_OLD_BUILD_BOUNDARY_20260511.txt",".txt","1508","RECEIPT"
"OUTSIDE_SOURCE","_LOCAL_CUSTODY_N_RECEIPTS\RECYCLE_BIN_RECOVERY_20260604_203541\RECOVERED_ITEMS\ITEM_0001__123\123\Jxhnny_Kl33N_Seedz\CleanSeedsBuild\PROOF_HISTORY\RECEIPT_LOCALBOT_EXTERNAL_OLD_BUILD_BOUNDARY_20260511.txt",".txt","808","RECEIPT"
"OUTSIDE_SOURCE","_LOCAL_CUSTODY_N_RECEIPTS\RECYCLE_BIN_RECOVERY_20260604_203541\RECOVERED_ITEMS\ITEM_0001__123\123\Jxhnny_Kl33N_Seedz\COMMAND_CENTER\PICKUP\_PARKING_NOTES\DEEP_SCAN_NOTES_TRANSCRIPTS_WEB_RESEARCH_WASH_20260524_055330.md",".md","14497","RECEIPT"
"OUTSIDE_SOURCE","_LOCAL_CUSTODY_N_RECEIPTS\RECYCLE_BIN_RECOVERY_20260604_203541\RECOVERED_ITEMS\ITEM_0001__123\123\Jxhnny_Kl33N_Seedz\COMMAND_CENTER\PICKUP\_PARKING_NOTES\HOLD_SIGNAL_STRUCTURE_GRAMMAR_RESEARCH_WASH_20260524_053833.md",".md","10466","RECEIPT"
"OUTSIDE_SOURCE","_LOCAL_CUSTODY_N_RECEIPTS\RECYCLE_BIN_RECOVERY_20260604_203541\RECOVERED_ITEMS\ITEM_0001__123\123\Jxhnny_Kl33N_Seedz\COMMAND_CENTER\RECEIPTS\DEEP_SCAN_WEB_RESEARCH_SOURCE_LEDGER_20260524_055330.csv",".csv","6775","RECEIPT"
"OUTSIDE_SOURCE","_LOCAL_CUSTODY_N_RECEIPTS\RECYCLE_BIN_RECOVERY_20260604_203541\RECOVERED_ITEMS\ITEM_0001__123\123\Jxhnny_Kl33N_Seedz\COMMAND_CENTER\RECEIPTS\LOCAL_123_DEEP_SCAN_NOTES_TRANSCRIPTS_WEB_RESEARCH_WASH_RECEIPT_20260524_055330.txt",".txt","2506","RECEIPT"
"OUTSIDE_SOURCE","_LOCAL_CUSTODY_N_RECEIPTS\RECYCLE_BIN_RECOVERY_20260604_203541\RECOVERED_ITEMS\ITEM_0001__123\123\Jxhnny_Kl33N_Seedz\COMMAND_CENTER\RECEIPTS\LOCAL_123_HOLD_SIGNAL_STRUCTURE_GRAMMAR_RESEARCH_WASH_RECEIPT_20260524_053833.txt",".txt","2415","RECEIPT"
"OUTSIDE_SOURCE","_LOCAL_CUSTODY_N_RECEIPTS\RECYCLE_BIN_RECOVERY_20260604_203541\RECOVERED_ITEMS\ITEM_0001__123\123\Jxhnny_Kl33N_Seedz\COMMAND_CENTER\REMOTE_DOOR_RELAY_V2\RECEIPTS\REMOTE_DOOR_V2_EXTERNAL_JINA_PROOF_20260521_135454.json",".json","1614","RECEIPT"
"OUTSIDE_SOURCE","_LOCAL_CUSTODY_N_RECEIPTS\RECYCLE_BIN_RECOVERY_20260604_203541\RECOVERED_ITEMS\ITEM_0001__123\123\Jxhnny_Kl33N_Seedz\COMMAND_CENTER\REMOTE_DOOR_RELAY_V2\RECEIPTS\REMOTE_DOOR_V2_MULE_EXTERNAL_ASYNC_TEST_20260521_1413.json",".json","4360","RECEIPT"
"OUTSIDE_SOURCE","_LOCAL_CUSTODY_N_RECEIPTS\RECYCLE_BIN_RECOVERY_20260604_203541\RECOVERED_ITEMS\ITEM_0001__123\123\Jxhnny_Kl33N_Seedz\COMMAND_CENTER\SCRIPTS\SAVE_SCRIPTS\SAVE_FEYNMAN_SOURCE_ORE_RESEARCH_MAP_V2_TO_MRKLEEN_20260522.ps1",".ps1","28639","RECEIPT"
"OUTSIDE_SOURCE","_LOCAL_CUSTODY_N_RECEIPTS\RECYCLE_BIN_RECOVERY_20260604_203541\RECOVERED_ITEMS\ITEM_0001__123\123\Jxhnny_Kl33N_Seedz\GPT_PROMPTS_CUSTODY\20260522_213516\CUSTODY_ARCHIVE\_PACKAGE_INTAKE\RUN_DEEP_COBWEB_HOUSE_SCAN_RESTART_V1.2.ps1",".ps1","26341","RECEIPT"
"OUTSIDE_SOURCE","_LOCAL_CUSTODY_N_RECEIPTS\RECYCLE_BIN_RECOVERY_20260604_203541\RECOVERED_ITEMS\ITEM_0001__123\123\Jxhnny_Kl33N_Seedz\GPT_PROMPTS_CUSTODY\DOWNLOADS_LOOSE_CANDIDATES\20260523_001601\COMMON_SENSE_DEEP_RESEARCH_PACKET_20260521.zip",".zip","17521","RECEIPT"
"OUTSIDE_SOURCE","_LOCAL_CUSTODY_N_RECEIPTS\RECYCLE_BIN_RECOVERY_20260604_203541\RECOVERED_ITEMS\ITEM_0001__123\123\Jxhnny_Kl33N_Seedz\GPT_PROMPTS_CUSTODY\DOWNLOADS_LOOSE_CANDIDATES\20260523_001601\DENSE_IDEA_REVISE_RULE_DEEP_RESEARCH_PACKET_20260521.zip",".zip","18901","RECEIPT"
"OUTSIDE_SOURCE","_LOCAL_CUSTODY_N_RECEIPTS\RECYCLE_BIN_RECOVERY_20260604_203541\RECOVERED_ITEMS\ITEM_0001__123\123\Jxhnny_Kl33N_Seedz\HOUSE_WORK\INTAKE\123_NON_GIT_AUDIT_20260522\MANIFESTS\MANIFEST_COMMON_SENSE_RESEARCH_PACKET_20260521.md",".md","1103","RECEIPT"
"OUTSIDE_SOURCE","_LOCAL_CUSTODY_N_RECEIPTS\RECYCLE_BIN_RECOVERY_20260604_203541\RECOVERED_ITEMS\ITEM_0001__123\123\Jxhnny_Kl33N_Seedz\HOUSE_WORK\INTAKE\123_NON_GIT_AUDIT_20260522\SOURCE\COMMON_SENSE_DEEP_RESEARCH_PAPER_20260521.md",".md","34173","RECEIPT"
"OUTSIDE_SOURCE","_LOCAL_CUSTODY_N_RECEIPTS\RECYCLE_BIN_RECOVERY_20260604_203541\RECOVERED_ITEMS\ITEM_0001__123\123\Jxhnny_Kl33N_Seedz\HOUSE_WORK\INTAKE\123_NON_GIT_AUDIT_20260522\SOURCE\DENSE_IDEA_REVISE_RULE_DEEP_RESEARCH_AND_LIVING_RULE_PACKET_20260521.md",".md","35363","RECEIPT"
"OUTSIDE_SOURCE","_LOCAL_CUSTODY_N_RECEIPTS\RECYCLE_BIN_RECOVERY_20260604_203541\RECOVERED_ITEMS\ITEM_0001__123\123\Jxhnny_Kl33N_Seedz\MULE_LOCAL_ONLY\TOP_SECRET_IDEA_CELL_LOCAL_ONLY_20260524_001305\EVIDENCE\GIT_HELD_LOCAL_ONLY_WASH_EVIDENCE_20260524_090000\COMMAND_CENTER__PICKUP___PARKING_NOTES__SIMPLICITY_BUILD_COMPRESSION_RESEARCH_WASH_20260524_050620.md",".md","10571","RECEIPT"
"OUTSIDE_SOURCE","_LOCAL_CUSTODY_N_RECEIPTS\RECYCLE_BIN_RECOVERY_20260604_203541\RECOVERED_ITEMS\ITEM_0001__123\123\Jxhnny_Kl33N_Seedz\MULE_LOCAL_ONLY\TOP_SECRET_IDEA_CELL_LOCAL_ONLY_20260524_001305\EVIDENCE\GIT_HELD_LOCAL_ONLY_WASH_EVIDENCE_20260524_090000\COMMAND_CENTER__RECEIPTS__LOCAL_123_SIMPLICITY_BUILD_COMPRESSION_RESEARCH_WASH_RECEIPT_20260524_050620.txt",".txt","2387","RECEIPT"
"OUTSIDE_SOURCE","_LOCAL_CUSTODY_N_RECEIPTS\RECYCLE_BIN_RECOVERY_20260604_203541\RECOVERED_ITEMS\ITEM_0001__123\123\Jxhnny_Kl33N_Seedz\MULE_WORKSHOP\FULL_HOUSE_REVIEW_ROPE_TUG_RUNNER_WASH_20260524\CREATIVE_ROOM_DEEP_RESEARCH_AND_THIRD_PASS.md",".md","6273","RECEIPT"
"OUTSIDE_SOURCE","_LOCAL_CUSTODY_N_RECEIPTS\RECYCLE_BIN_RECOVERY_20260604_203541\RECOVERED_ITEMS\ITEM_0001__123\123\Jxhnny_Kl33N_Seedz\MULE_WORKSHOP\ROPE_NOTE_WEIGHT_HOUSE_WALKTHROUGH_20260524\DECODING_RESEARCH_FIT_LEDGER.md",".md","2735","RECEIPT"
"OUTSIDE_SOURCE","_LOCAL_CUSTODY_N_RECEIPTS\RECYCLE_BIN_RECOVERY_20260604_203541\RECOVERED_ITEMS\ITEM_0001__123\123\Jxhnny_Kl33N_Seedz\MULE_WORKSHOP\WHOLE_HOUSE_WASH_CREATIVE_SYNTHESIS_20260524\CREATIVE_ROOM_OUTSIDE_IDEA_LEDGER.md",".md","4287","RECEIPT"
"OUTSIDE_SOURCE","_LOCAL_CUSTODY_N_RECEIPTS\RECYCLE_BIN_RECOVERY_20260604_203541\RECOVERED_ITEMS\ITEM_0001__123\123\Jxhnny_Kl33N_Seedz\PROOF_HISTORY\BRAIN_DISEASE_SYSTEMS_RESEARCH_SOURCE_ORE_SAVE_RECEIPT_20260522.txt",".txt","1076","RECEIPT"
"OUTSIDE_SOURCE","_LOCAL_CUSTODY_N_RECEIPTS\RECYCLE_BIN_RECOVERY_20260604_203541\RECOVERED_ITEMS\ITEM_0001__123\123\Jxhnny_Kl33N_Seedz\PROOF_HISTORY\EXTERNAL_ISSUES_STAY_EXTERNAL_CLEAN_LANE_RECEIPT_20260519.txt",".txt","1650","RECEIPT"
"OUTSIDE_SOURCE","_LOCAL_CUSTODY_N_RECEIPTS\RECYCLE_BIN_RECOVERY_20260604_203541\RECOVERED_ITEMS\ITEM_0001__123\123\Jxhnny_Kl33N_Seedz\PROOF_HISTORY\FEYNMAN_DEEP_SOURCE_ORE_RESEARCH_MAP_V2_RECEIPT_20260522.txt",".txt","1875","RECEIPT"
"OUTSIDE_SOURCE","_LOCAL_CUSTODY_N_RECEIPTS\RECYCLE_BIN_RECOVERY_20260604_203541\RECOVERED_ITEMS\ITEM_0001__123\123\Jxhnny_Kl33N_Seedz\PROOF_HISTORY\GROWTH_SUBSTRATE_SORTING_RETURN_AND_DEEP_WEB_SOURCE_ORE_INTAKE_RECEIPT_20260520.txt",".txt","2821","RECEIPT"
"OUTSIDE_SOURCE","_LOCAL_CUSTODY_N_RECEIPTS\RECYCLE_BIN_RECOVERY_20260604_203541\RECOVERED_ITEMS\ITEM_0001__123\123\Jxhnny_Kl33N_Seedz\PROOF_HISTORY\LOCALBOT_EXTERNAL_OLD_BUILD_BOUNDARY_20260511.txt",".txt","1550","RECEIPT"
"OUTSIDE_SOURCE","_LOCAL_CUSTODY_N_RECEIPTS\RECYCLE_BIN_RECOVERY_20260604_203541\RECOVERED_ITEMS\ITEM_0001__123\123\Jxhnny_Kl33N_Seedz\PROOF_HISTORY\MULE_DEEP_RESEARCH_AUTONOMY_CHAIN_CONTROL_ROOM_PROMPT_20260517.txt",".txt","8089","RECEIPT"
"OUTSIDE_SOURCE","_LOCAL_CUSTODY_N_RECEIPTS\RECYCLE_BIN_RECOVERY_20260604_203541\RECOVERED_ITEMS\ITEM_0001__123\123\Jxhnny_Kl33N_Seedz\PROOF_HISTORY\MULE_START_HERE_RULES_AUTONOMY_CHAIN_DEEP_RESEARCH_20260517.txt",".txt","6244","RECEIPT"
"OUTSIDE_SOURCE","_LOCAL_CUSTODY_N_RECEIPTS\RECYCLE_BIN_RECOVERY_20260604_203541\RECOVERED_ITEMS\ITEM_0001__123\123\Jxhnny_Kl33N_Seedz\PROOF_HISTORY\PROVENANCE_CHAIN_OF_CUSTODY_THREAD_LENS_HOSTILE_BROKEN_CHAIN_TEST_RECEIPT_20260519.txt",".txt","2442","RECEIPT"
"OUTSIDE_SOURCE","_LOCAL_CUSTODY_N_RECEIPTS\RECYCLE_BIN_RECOVERY_20260604_203541\RECOVERED_ITEMS\ITEM_0001__123\123\Jxhnny_Kl33N_Seedz\PROOF_HISTORY\PROVENANCE_CHAIN_OF_CUSTODY_THREAD_LENS_MULE_DEEP_SLAM_HANDOFF_RECEIPT_20260519.txt",".txt","3411","RECEIPT"
"OUTSIDE_SOURCE","_LOCAL_CUSTODY_N_RECEIPTS\RECYCLE_BIN_RECOVERY_20260604_203541\RECOVERED_ITEMS\ITEM_0001__123\123\Jxhnny_Kl33N_Seedz\PROOF_HISTORY\PROVENANCE_CHAIN_OF_CUSTODY_THREAD_LENS_NARROW_REVISION_CANDIDATE_RECEIPT_20260519.txt",".txt","3351","RECEIPT"
"OUTSIDE_SOURCE","_LOCAL_CUSTODY_N_RECEIPTS\RECYCLE_BIN_RECOVERY_20260604_203541\RECOVERED_ITEMS\ITEM_0001__123\123\Jxhnny_Kl33N_Seedz\PROOF_HISTORY\PROVENANCE_CHAIN_OF_CUSTODY_THREAD_LENS_NARROW_REVISION_DOUBLE_TEST_RECEIPT_20260519.txt",".txt","3299","RECEIPT"
"OUTSIDE_SOURCE","_LOCAL_CUSTODY_N_RECEIPTS\RECYCLE_BIN_RECOVERY_20260604_203541\RECOVERED_ITEMS\ITEM_0001__123\123\Jxhnny_Kl33N_Seedz\PROOF_HISTORY\PROVENANCE_CHAIN_OF_CUSTODY_THREAD_LENS_RECEIPT_20260519.txt",".txt","2158","RECEIPT"
"OUTSIDE_SOURCE","_LOCAL_CUSTODY_N_RECEIPTS\RECYCLE_BIN_RECOVERY_20260604_203541\RECOVERED_ITEMS\ITEM_0001__123\123\Jxhnny_Kl33N_Seedz\PROOF_HISTORY\PROVENANCE_CHAIN_OF_CUSTODY_THREAD_LENS_REPLACEMENT_DECISION_REVIEW_RECEIPT_20260519.txt",".txt","3387","RECEIPT"
"OUTSIDE_SOURCE","_LOCAL_CUSTODY_N_RECEIPTS\RECYCLE_BIN_RECOVERY_20260604_203541\RECOVERED_ITEMS\ITEM_0001__123\123\Jxhnny_Kl33N_Seedz\PROOF_HISTORY\PROVENANCE_CHAIN_OF_CUSTODY_THREAD_LENS_SECOND_USE_RECEIPT_20260519.txt",".txt","2198","RECEIPT"
"OUTSIDE_SOURCE","_LOCAL_CUSTODY_N_RECEIPTS\RECYCLE_BIN_RECOVERY_20260604_203541\RECOVERED_ITEMS\ITEM_0001__123\123\Jxhnny_Kl33N_Seedz\PROOF_HISTORY\PROVENANCE_CHAIN_OF_CUSTODY_THREAD_LENS_THIRD_USE_AND_MULE_HANDOFF_RECEIPT_20260519.txt",".txt","3578","RECEIPT"
"OUTSIDE_SOURCE","_LOCAL_CUSTODY_N_RECEIPTS\RECYCLE_BIN_RECOVERY_20260604_203541\RECOVERED_ITEMS\ITEM_0001__123\123\Jxhnny_Kl33N_Seedz\PROOF_HISTORY\PROVENANCE_CHAIN_OF_CUSTODY_THREAD_LENS_TWO_USE_REVIEW_RECEIPT_20260519.txt",".txt","2513","RECEIPT"
"OUTSIDE_SOURCE","_LOCAL_CUSTODY_N_RECEIPTS\RECYCLE_BIN_RECOVERY_20260604_203541\RECOVERED_ITEMS\ITEM_0001__123\123\Jxhnny_Kl33N_Seedz\PROOF_HISTORY\PROVENANCE_LENS_MULE_DEEP_SLAM_REPORT_INTAKE_RECEIPT_20260519.txt",".txt","2135","RECEIPT"
"OUTSIDE_SOURCE","_LOCAL_CUSTODY_N_RECEIPTS\RECYCLE_BIN_RECOVERY_20260604_203541\RECOVERED_ITEMS\ITEM_0001__123\123\Jxhnny_Kl33N_Seedz\PROOF_HISTORY\PROVENANCE_LENS_MULE_RETURN_INTAKE_DOCK_RECEIPT_20260519.txt",".txt","2110","RECEIPT"
"OUTSIDE_SOURCE","_LOCAL_CUSTODY_N_RECEIPTS\RECYCLE_BIN_RECOVERY_20260604_203541\RECOVERED_ITEMS\ITEM_0001__123\123\Jxhnny_Kl33N_Seedz\PROOF_HISTORY\RECEIPT_LOCALBOT_EXTERNAL_OLD_BUILD_BOUNDARY_20260511.txt",".txt","835","RECEIPT"
"OUTSIDE_SOURCE","_LOCAL_CUSTODY_N_RECEIPTS\RECYCLE_BIN_RECOVERY_20260604_203541\RECOVERED_ITEMS\ITEM_0001__123\123\Jxhnny_Kl33N_Seedz\PROOF_HISTORY\RECEIPT_MULE_DEEP_RESEARCH_AUTONOMY_CHAIN_CONTROL_ROOM_PROMPT_20260517.txt",".txt","1315","RECEIPT"
"OUTSIDE_SOURCE","_LOCAL_CUSTODY_N_RECEIPTS\RECYCLE_BIN_RECOVERY_20260604_203541\RECOVERED_ITEMS\ITEM_0001__123\123\Jxhnny_Kl33N_Seedz\PROOF_HISTORY\RECEIPT_MULE_START_HERE_RULES_AUTONOMY_CHAIN_DEEP_RESEARCH_20260517.txt",".txt","1108","RECEIPT"
"OUTSIDE_SOURCE","_LOCAL_CUSTODY_N_RECEIPTS\RECYCLE_BIN_RECOVERY_20260604_203541\RECOVERED_ITEMS\ITEM_0001__123\123\Jxhnny_Kl33N_Seedz\PROOF_HISTORY\REMOTE_DOOR_RELAY_V2_EXTERNAL_FETCH_LOCK_RECEIPT_20260521.txt",".txt","3219","RECEIPT"
"OUTSIDE_SOURCE","_LOCAL_CUSTODY_N_RECEIPTS\RECYCLE_BIN_RECOVERY_20260604_203541\RECOVERED_ITEMS\ITEM_0001__123\123\Jxhnny_Kl33N_Seedz\PROOF_HISTORY\WHOLE_HOUSE_OUTSIDE_REVIEW_HANDOFF_CREATE_RECEIPT_20260519.txt",".txt","543","RECEIPT"
"OUTSIDE_SOURCE","_LOCAL_CUSTODY_N_RECEIPTS\RECYCLE_BIN_RECOVERY_20260604_203541\RECOVERED_ITEMS\ITEM_0001__123\123\Jxhnny_Kl33N_Seedz\PROOF_HISTORY\WHOLE_HOUSE_OUTSIDE_REVIEW_HANDOFF_CURRENT_STATE_REFRESH_RECEIPT_20260519.txt",".txt","1172","RECEIPT"
"OUTSIDE_SOURCE","_LOCAL_CUSTODY_N_RECEIPTS\RECYCLE_BIN_RECOVERY_20260604_203541\RECOVERED_ITEMS\ITEM_0001__123\123\Jxhnny_Kl33N_Seedz\PROOF_HISTORY\WHOLE_HOUSE_OUTSIDE_REVIEW_HANDOFF_DUMP_FOLDER_CONTRACT_RECEIPT_20260519.txt",".txt","711","RECEIPT"
"OUTSIDE_SOURCE","_LOCAL_CUSTODY_N_RECEIPTS\RECYCLE_BIN_RECOVERY_20260604_203541\RECOVERED_ITEMS\ITEM_0001__123\123\Jxhnny_Kl33N_Seedz\PUBLIC_PROOF_PACKETS\SAM_REVIEW_CHILD_SHELL_RECURSIVE_CORE_PACKET_20260521\UNPACKED\01_CHILD_SHELL_FINAL_PACKET\UNPACKED\04_OUTSIDE_BRIEF.md",".md","1366","RECEIPT"
"OUTSIDE_SOURCE","_LOCAL_CUSTODY_N_RECEIPTS\RECYCLE_BIN_RECOVERY_20260604_203541\RECOVERED_ITEMS\ITEM_0001__123\123\Jxhnny_Kl33N_Seedz\RESEARCH_PACKETS\FEYNMAN_20260522\RICHARD_FEYNMAN_DEEP_SOURCE_ORE_RESEARCH_MAP_V2_APPLIED_20260522.md",".md","23787","RECEIPT"
"OUTSIDE_SOURCE","_LOCAL_CUSTODY_N_RECEIPTS\RECYCLE_BIN_RECOVERY_20260604_203541\RECOVERED_ITEMS\ITEM_0001__123\123\Jxhnny_Kl33N_Seedz\RESEARCH_PACKETS\RUDOLF_STEINER_20260523\RUDOLF_STEINER_DEEP_DIVE_RESEARCH_NOTES_V0_1.md",".md","1719","RECEIPT"
"OUTSIDE_SOURCE","_LOCAL_CUSTODY_N_RECEIPTS\RECYCLE_BIN_RECOVERY_20260604_203541\RECOVERED_ITEMS\ITEM_0001__123\123\Jxhnny_Kl33N_Seedz\RESEARCH_PACKETS\RUDOLF_STEINER_20260523\RUDOLF_STEINER_DEEP_DIVE_RESEARCH_PAPER_V0_1.docx",".docx","49467","RECEIPT"
"OUTSIDE_SOURCE","_LOCAL_CUSTODY_N_RECEIPTS\RECYCLE_BIN_RECOVERY_20260604_203541\RECOVERED_ITEMS\ITEM_0001__123\123\Jxhnny_Kl33N_Seedz\RESEARCH_PACKETS\RUDOLF_STEINER_20260523\RUDOLF_STEINER_DEEP_DIVE_RESEARCH_PAPER_V0_1.md",".md","31307","RECEIPT"
"OUTSIDE_SOURCE","_LOCAL_CUSTODY_N_RECEIPTS\RECYCLE_BIN_RECOVERY_20260604_203541\RECOVERED_ITEMS\ITEM_0001__123\123\Jxhnny_Kl33N_Seedz\SOURCE_ORE\USER_DROPS\ROOT_DROPS_CLEARED_20260524_092335\02_SYNTHESIS_GATE_RESEARCH_PAPER_V4.txt",".txt","3677","RECEIPT"
"OUTSIDE_SOURCE","_LOCAL_CUSTODY_N_RECEIPTS\RECYCLE_BIN_RECOVERY_20260604_203541\RECOVERED_ITEMS\ITEM_0001__123\123\Jxhnny_Kl33N_Seedz\SOURCE_TRANSFER\MD_INCOMING\BRAIN_DISEASE_DYSFUNCTION_SYSTEMS_COMPUTATION_RESEARCH_MAP_V2_20260522.md",".md","38098","RECEIPT"
"OUTSIDE_SOURCE","_LOCAL_CUSTODY_N_RECEIPTS\RECYCLE_BIN_RECOVERY_20260604_203541\RECOVERED_ITEMS\ITEM_0001__123\123\Jxhnny_Kl33N_Seedz\SOURCE_TRANSFER\MD_INCOMING\CARL_GUSTAV_JUNG_DIGITAL_JAR_DEEP_RESEARCH_20260522.md",".md","39443","RECEIPT"
"OUTSIDE_SOURCE","_LOCAL_CUSTODY_N_RECEIPTS\RECYCLE_BIN_RECOVERY_20260604_203541\RECOVERED_ITEMS\ITEM_0001__123\123\Jxhnny_Kl33N_Seedz\SOURCE_TRANSFER\MD_INCOMING\CARL_GUSTAV_JUNG_DIGITAL_JAR_DEEP_RESEARCH_REVISED_20260522.md",".md","59734","RECEIPT"
"OUTSIDE_SOURCE","_LOCAL_CUSTODY_N_RECEIPTS\RECYCLE_BIN_RECOVERY_20260604_203541\RECOVERED_ITEMS\ITEM_0001__123\123\Jxhnny_Kl33N_Seedz\SOURCE_TRANSFER\MD_INCOMING\COMMON_SENSE_DEEP_RESEARCH_PAPER_20260521.md",".md","32956","RECEIPT"
"OUTSIDE_SOURCE","_LOCAL_CUSTODY_N_RECEIPTS\RECYCLE_BIN_RECOVERY_20260604_203541\RECOVERED_ITEMS\ITEM_0001__123\123\Jxhnny_Kl33N_Seedz\SOURCE_TRANSFER\MD_INCOMING\DENSE_IDEA_REVISE_RULE_DEEP_RESEARCH_AND_LIVING_RULE_PACKET_20260521.md",".md","34717","RECEIPT"
"OUTSIDE_SOURCE","_LOCAL_CUSTODY_N_RECEIPTS\RECYCLE_BIN_RECOVERY_20260604_203541\RECOVERED_ITEMS\ITEM_0001__123\123\Jxhnny_Kl33N_Seedz\SOURCE_TRANSFER\MD_INCOMING\HOUSE_NERVOUS_SYSTEM_ALARM_DEBUGGER_MESH_RESEARCH_PACKET_20260520.md",".md","50581","RECEIPT"
"OUTSIDE_SOURCE","_LOCAL_CUSTODY_N_RECEIPTS\RECYCLE_BIN_RECOVERY_20260604_203541\RECOVERED_ITEMS\ITEM_0001__123\123\Jxhnny_Kl33N_Seedz\SOURCE_TRANSFER\MD_INCOMING\MANIFEST_COMMON_SENSE_RESEARCH_PACKET_20260521.md",".md","1071","RECEIPT"
"OUTSIDE_SOURCE","_LOCAL_CUSTODY_N_RECEIPTS\RECYCLE_BIN_RECOVERY_20260604_203541\RECOVERED_ITEMS\ITEM_0001__123\123\Jxhnny_Kl33N_Seedz\SOURCE_TRANSFER\MD_INCOMING\MULE_ABYSS_WEBDIVE_ORDER_BITSTRINGS_COMPLEXITY_CLEAN_SEED_20260519 (1).md",".md","20512","RECEIPT"
"OUTSIDE_SOURCE","_LOCAL_CUSTODY_N_RECEIPTS\RECYCLE_BIN_RECOVERY_20260604_203541\RECOVERED_ITEMS\ITEM_0001__123\123\Jxhnny_Kl33N_Seedz\SOURCE_TRANSFER\MD_INCOMING\MULE_ABYSS_WEBDIVE_ORDER_BITSTRINGS_COMPLEXITY_CLEAN_SEED_20260519 (2).md",".md","20512","RECEIPT"
"OUTSIDE_SOURCE","_LOCAL_CUSTODY_N_RECEIPTS\RECYCLE_BIN_RECOVERY_20260604_203541\RECOVERED_ITEMS\ITEM_0001__123\123\Jxhnny_Kl33N_Seedz\SOURCE_TRANSFER\MD_INCOMING\MULE_ABYSS_WEBDIVE_ORDER_BITSTRINGS_COMPLEXITY_CLEAN_SEED_20260519.md",".md","20512","RECEIPT"
"OUTSIDE_SOURCE","_LOCAL_CUSTODY_N_RECEIPTS\RECYCLE_BIN_RECOVERY_20260604_203541\RECOVERED_ITEMS\ITEM_0001__123\123\Jxhnny_Kl33N_Seedz\SOURCE_TRANSFER\MD_INCOMING\RICHARD_FEYNMAN_DEEP_SOURCE_ORE_RESEARCH_MAP_20260522.md",".md","20486","RECEIPT"
"OUTSIDE_SOURCE","_LOCAL_CUSTODY_N_RECEIPTS\RECYCLE_BIN_RECOVERY_20260604_203541\RECOVERED_ITEMS\ITEM_0001__123\123\Jxhnny_Kl33N_Seedz\SOURCE_TRANSFER\MD_INCOMING\RUDOLF_STEINER_DIGITAL_JAR_DEEP_RESEARCH_20260522.md",".md","39962","RECEIPT"
"OUTSIDE_SOURCE","_LOCAL_CUSTODY_N_RECEIPTS\RECYCLE_BIN_RECOVERY_20260604_203541\RECOVERED_ITEMS\ITEM_0001__123\123\Jxhnny_Kl33N_Seedz\SOURCE_TRANSFER\MD_INCOMING\RUDOLF_STEINER_DIGITAL_JAR_DEEP_RESEARCH_REVISED_20260522.md",".md","52611","RECEIPT"
"OUTSIDE_SOURCE","_LOCAL_CUSTODY_N_RECEIPTS\RECYCLE_BIN_RECOVERY_20260604_203541\RECOVERED_ITEMS\ITEM_0001__123\123\LOCAL_PERSON_RESEARCH_ROOM_20260524\LOCAL_ONLY_RECEIPT.md",".md","2212","RECEIPT"
"OUTSIDE_SOURCE","_LOCAL_CUSTODY_N_RECEIPTS\RECYCLE_BIN_RECOVERY_20260604_203541\RECOVERED_ITEMS\ITEM_0001__123\123\LOCAL_PERSON_RESEARCH_ROOM_20260524\README_START_HERE.md",".md","1727","RECEIPT"
"OUTSIDE_SOURCE","_LOCAL_CUSTODY_N_RECEIPTS\RECYCLE_BIN_RECOVERY_20260604_203541\RECOVERED_ITEMS\ITEM_0001__123\123\LOCAL_PERSON_RESEARCH_ROOM_20260524\SOURCE_LEDGER.md",".md","5811","RECEIPT"
"OUTSIDE_SOURCE","_LOCAL_CUSTODY_N_RECEIPTS\RECYCLE_BIN_RECOVERY_20260604_203541\RECOVERED_ITEMS\ITEM_0001__123\123\LOCAL_PERSON_RESEARCH_ROOM_20260524\SOURCE_ORE_INTAKE_CARD_TEMPLATE_20260524.md",".md","2795","RECEIPT"
"OUTSIDE_SOURCE","_LOCAL_CUSTODY_N_RECEIPTS\RECYCLE_BIN_RECOVERY_20260604_203541\RECOVERED_ITEMS\ITEM_0001__123\123\LOCAL_PERSON_RESEARCH_ROOM_20260524\REPORTS\ALAN_WATTS_DEEP_RESEARCH_CAPTURE_20260524.md",".md","12212","RECEIPT"
"OUTSIDE_SOURCE","_LOCAL_CUSTODY_N_RECEIPTS\RECYCLE_BIN_RECOVERY_20260604_203541\RECOVERED_ITEMS\ITEM_0001__123\123\LOCAL_PERSON_RESEARCH_ROOM_20260524\REPORTS\CARL_GUSTAV_JUNG_DEEP_RESEARCH_CAPTURE_20260524.md",".md","9489","RECEIPT"
"OUTSIDE_SOURCE","_LOCAL_CUSTODY_N_RECEIPTS\RECYCLE_BIN_RECOVERY_20260604_203541\RECOVERED_ITEMS\ITEM_0001__123\123\LOCAL_PERSON_RESEARCH_ROOM_20260524\REPORTS\CREATIVE_ROOM_SYNTHESIS_CONCLUSION_20260524.md",".md","6674","RECEIPT"
"OUTSIDE_SOURCE","_LOCAL_CUSTODY_N_RECEIPTS\RECYCLE_BIN_RECOVERY_20260604_203541\RECOVERED_ITEMS\ITEM_0001__123\123\LOCAL_PERSON_RESEARCH_ROOM_20260524\REPORTS\RUDOLF_STEINER_DEEP_RESEARCH_CAPTURE_20260524.md",".md","10818","RECEIPT"
"OUTSIDE_SOURCE","_LOCAL_CUSTODY_N_RECEIPTS\RECYCLE_BIN_RECOVERY_20260604_203541\RECOVERED_ITEMS\ITEM_0001__123\123\LOCAL_PERSON_RESEARCH_ROOM_20260524\SOURCE_SNAPSHOTS\ROOT_DROP_ChatBots_20260524.txt",".txt","16033","RECEIPT"
"OUTSIDE_SOURCE","_LOCAL_CUSTODY_N_RECEIPTS\RECYCLE_BIN_RECOVERY_20260604_203541\RECOVERED_ITEMS\ITEM_0001__123\123\LOCAL_PERSON_RESEARCH_ROOM_20260524\TRANSCRIPT_NOTES\YT_TRANSCRIPT_FULL_READ_NOTES_AND_BUILD_FIT_20260524.md",".md","15134","RECEIPT"
"OUTSIDE_SOURCE","_LOCAL_CUSTODY_N_RECEIPTS\RECYCLE_BIN_RECOVERY_20260604_203541\RECOVERED_ITEMS\ITEM_0002__Teleporter137_\Teleporter137_\Jxhnny_Kl33N_Seedz\BRAIN_LEARNING\ASSISTANT_123_OUTSIDE_STORAGE_UNIT_RULE_20260520.md",".md","1305","RECEIPT"
"OUTSIDE_SOURCE","_LOCAL_CUSTODY_N_RECEIPTS\RECYCLE_BIN_RECOVERY_20260604_203541\RECOVERED_ITEMS\ITEM_0002__Teleporter137_\Teleporter137_\Jxhnny_Kl33N_Seedz\BRAIN_LEARNING\EXTERNAL_ISSUES_STAY_EXTERNAL_CLEAN_LANE_RULE_20260519.md",".md","2999","RECEIPT"
"OUTSIDE_SOURCE","_LOCAL_CUSTODY_N_RECEIPTS\RECYCLE_BIN_RECOVERY_20260604_203541\RECOVERED_ITEMS\ITEM_0002__Teleporter137_\Teleporter137_\Jxhnny_Kl33N_Seedz\CleanSeedsBuild\PROOF_HISTORY\LOCALBOT_EXTERNAL_OLD_BUILD_BOUNDARY_20260511.txt",".txt","1508","RECEIPT"
"OUTSIDE_SOURCE","_LOCAL_CUSTODY_N_RECEIPTS\RECYCLE_BIN_RECOVERY_20260604_203541\RECOVERED_ITEMS\ITEM_0002__Teleporter137_\Teleporter137_\Jxhnny_Kl33N_Seedz\CleanSeedsBuild\PROOF_HISTORY\RECEIPT_LOCALBOT_EXTERNAL_OLD_BUILD_BOUNDARY_20260511.txt",".txt","808","RECEIPT"
"OUTSIDE_SOURCE","_LOCAL_CUSTODY_N_RECEIPTS\RECYCLE_BIN_RECOVERY_20260604_203541\RECOVERED_ITEMS\ITEM_0002__Teleporter137_\Teleporter137_\Jxhnny_Kl33N_Seedz\COMMAND_CENTER\PICKUP\_PARKING_NOTES\DEEP_SCAN_NOTES_TRANSCRIPTS_WEB_RESEARCH_WASH_20260524_055330.md",".md","14497","RECEIPT"
"OUTSIDE_SOURCE","_LOCAL_CUSTODY_N_RECEIPTS\RECYCLE_BIN_RECOVERY_20260604_203541\RECOVERED_ITEMS\ITEM_0002__Teleporter137_\Teleporter137_\Jxhnny_Kl33N_Seedz\COMMAND_CENTER\PICKUP\_PARKING_NOTES\HOLD_SIGNAL_STRUCTURE_GRAMMAR_RESEARCH_WASH_20260524_053833.md",".md","10466","RECEIPT"
"OUTSIDE_SOURCE","_LOCAL_CUSTODY_N_RECEIPTS\RECYCLE_BIN_RECOVERY_20260604_203541\RECOVERED_ITEMS\ITEM_0002__Teleporter137_\Teleporter137_\Jxhnny_Kl33N_Seedz\COMMAND_CENTER\RECEIPTS\DEEP_SCAN_WEB_RESEARCH_SOURCE_LEDGER_20260524_055330.csv",".csv","6775","RECEIPT"
"OUTSIDE_SOURCE","_LOCAL_CUSTODY_N_RECEIPTS\RECYCLE_BIN_RECOVERY_20260604_203541\RECOVERED_ITEMS\ITEM_0002__Teleporter137_\Teleporter137_\Jxhnny_Kl33N_Seedz\COMMAND_CENTER\RECEIPTS\LOCAL_123_DEEP_SCAN_NOTES_TRANSCRIPTS_WEB_RESEARCH_WASH_RECEIPT_20260524_055330.txt",".txt","2506","RECEIPT"
"OUTSIDE_SOURCE","_LOCAL_CUSTODY_N_RECEIPTS\RECYCLE_BIN_RECOVERY_20260604_203541\RECOVERED_ITEMS\ITEM_0002__Teleporter137_\Teleporter137_\Jxhnny_Kl33N_Seedz\COMMAND_CENTER\RECEIPTS\LOCAL_123_HOLD_SIGNAL_STRUCTURE_GRAMMAR_RESEARCH_WASH_RECEIPT_20260524_053833.txt",".txt","2415","RECEIPT"
"OUTSIDE_SOURCE","_LOCAL_CUSTODY_N_RECEIPTS\RECYCLE_BIN_RECOVERY_20260604_203541\RECOVERED_ITEMS\ITEM_0002__Teleporter137_\Teleporter137_\Jxhnny_Kl33N_Seedz\COMMAND_CENTER\REMOTE_DOOR_RELAY_V2\RECEIPTS\REMOTE_DOOR_V2_EXTERNAL_JINA_PROOF_20260521_135454.json",".json","1614","RECEIPT"
"OUTSIDE_SOURCE","_LOCAL_CUSTODY_N_RECEIPTS\RECYCLE_BIN_RECOVERY_20260604_203541\RECOVERED_ITEMS\ITEM_0002__Teleporter137_\Teleporter137_\Jxhnny_Kl33N_Seedz\COMMAND_CENTER\REMOTE_DOOR_RELAY_V2\RECEIPTS\REMOTE_DOOR_V2_MULE_EXTERNAL_ASYNC_TEST_20260521_1413.json",".json","4360","RECEIPT"
"OUTSIDE_SOURCE","_LOCAL_CUSTODY_N_RECEIPTS\RECYCLE_BIN_RECOVERY_20260604_203541\RECOVERED_ITEMS\ITEM_0002__Teleporter137_\Teleporter137_\Jxhnny_Kl33N_Seedz\COMMAND_CENTER\SCRIPTS\SAVE_SCRIPTS\SAVE_FEYNMAN_SOURCE_ORE_RESEARCH_MAP_V2_TO_MRKLEEN_20260522.ps1",".ps1","28639","RECEIPT"
"OUTSIDE_SOURCE","_LOCAL_CUSTODY_N_RECEIPTS\RECYCLE_BIN_RECOVERY_20260604_203541\RECOVERED_ITEMS\ITEM_0002__Teleporter137_\Teleporter137_\Jxhnny_Kl33N_Seedz\GPT_PROMPTS_CUSTODY\20260522_213516\CUSTODY_ARCHIVE\_PACKAGE_INTAKE\RUN_DEEP_COBWEB_HOUSE_SCAN_RESTART_V1.2.ps1",".ps1","26341","RECEIPT"
"OUTSIDE_SOURCE","_LOCAL_CUSTODY_N_RECEIPTS\RECYCLE_BIN_RECOVERY_20260604_203541\RECOVERED_ITEMS\ITEM_0002__Teleporter137_\Teleporter137_\Jxhnny_Kl33N_Seedz\GPT_PROMPTS_CUSTODY\DOWNLOADS_LOOSE_CANDIDATES\20260523_001601\COMMON_SENSE_DEEP_RESEARCH_PACKET_20260521.zip",".zip","17521","RECEIPT"
"OUTSIDE_SOURCE","_LOCAL_CUSTODY_N_RECEIPTS\RECYCLE_BIN_RECOVERY_20260604_203541\RECOVERED_ITEMS\ITEM_0002__Teleporter137_\Teleporter137_\Jxhnny_Kl33N_Seedz\GPT_PROMPTS_CUSTODY\DOWNLOADS_LOOSE_CANDIDATES\20260523_001601\DENSE_IDEA_REVISE_RULE_DEEP_RESEARCH_PACKET_20260521.zip",".zip","18901","RECEIPT"
"OUTSIDE_SOURCE","_LOCAL_CUSTODY_N_RECEIPTS\RECYCLE_BIN_RECOVERY_20260604_203541\RECOVERED_ITEMS\ITEM_0002__Teleporter137_\Teleporter137_\Jxhnny_Kl33N_Seedz\HOUSE_WORK\INTAKE\123_NON_GIT_AUDIT_20260522\MANIFESTS\MANIFEST_COMMON_SENSE_RESEARCH_PACKET_20260521.md",".md","1103","RECEIPT"
"OUTSIDE_SOURCE","_LOCAL_CUSTODY_N_RECEIPTS\RECYCLE_BIN_RECOVERY_20260604_203541\RECOVERED_ITEMS\ITEM_0002__Teleporter137_\Teleporter137_\Jxhnny_Kl33N_Seedz\HOUSE_WORK\INTAKE\123_NON_GIT_AUDIT_20260522\SOURCE\COMMON_SENSE_DEEP_RESEARCH_PAPER_20260521.md",".md","34173","RECEIPT"
"OUTSIDE_SOURCE","_LOCAL_CUSTODY_N_RECEIPTS\RECYCLE_BIN_RECOVERY_20260604_203541\RECOVERED_ITEMS\ITEM_0002__Teleporter137_\Teleporter137_\Jxhnny_Kl33N_Seedz\HOUSE_WORK\INTAKE\123_NON_GIT_AUDIT_20260522\SOURCE\DENSE_IDEA_REVISE_RULE_DEEP_RESEARCH_AND_LIVING_RULE_PACKET_20260521.md",".md","35363","RECEIPT"
"OUTSIDE_SOURCE","_LOCAL_CUSTODY_N_RECEIPTS\RECYCLE_BIN_RECOVERY_20260604_203541\RECOVERED_ITEMS\ITEM_0002__Teleporter137_\Teleporter137_\Jxhnny_Kl33N_Seedz\MULE_LOCAL_ONLY\TOP_SECRET_IDEA_CELL_LOCAL_ONLY_20260524_001305\EVIDENCE\GIT_HELD_LOCAL_ONLY_WASH_EVIDENCE_20260524_090000\COMMAND_CENTER__PICKUP___PARKING_NOTES__SIMPLICITY_BUILD_COMPRESSION_RESEARCH_WASH_20260524_050620.md",".md","10571","RECEIPT"
"OUTSIDE_SOURCE","_LOCAL_CUSTODY_N_RECEIPTS\RECYCLE_BIN_RECOVERY_20260604_203541\RECOVERED_ITEMS\ITEM_0002__Teleporter137_\Teleporter137_\Jxhnny_Kl33N_Seedz\MULE_LOCAL_ONLY\TOP_SECRET_IDEA_CELL_LOCAL_ONLY_20260524_001305\EVIDENCE\GIT_HELD_LOCAL_ONLY_WASH_EVIDENCE_20260524_090000\COMMAND_CENTER__RECEIPTS__LOCAL_123_SIMPLICITY_BUILD_COMPRESSION_RESEARCH_WASH_RECEIPT_20260524_050620.txt",".txt","2387","RECEIPT"
"OUTSIDE_SOURCE","_LOCAL_CUSTODY_N_RECEIPTS\RECYCLE_BIN_RECOVERY_20260604_203541\RECOVERED_ITEMS\ITEM_0002__Teleporter137_\Teleporter137_\Jxhnny_Kl33N_Seedz\MULE_WORKSHOP\FULL_HOUSE_REVIEW_ROPE_TUG_RUNNER_WASH_20260524\CREATIVE_ROOM_DEEP_RESEARCH_AND_THIRD_PASS.md",".md","6273","RECEIPT"
"SECRET_SURFACE","Jxhnny_Kl33N_Seedz\COMMAND_CENTER\REMOTE_DOOR_RELAY_V2\PRINT_VAULT_LOCAL_ONLY\LOCAL_SECRET.key",".key","66","GENERAL"
"SECRET_SURFACE","Jxhnny_Kl33N_Seedz\COMMAND_CENTER\REMOTE_DOOR_RELAY_V2\TOKENS_LOCAL_ONLY\token_state.json",".json","913","GENERAL"
"SECRET_SURFACE","Jxhnny_Kl33N_Seedz\COMMAND_CENTER\REMOTE_DOOR_RELAY_V2\TOOLS\New-RemoteDoorV2Token.ps1",".ps1","2362","SCRIPT_OR_RUNNER"
"SECRET_SURFACE","Jxhnny_Kl33N_Seedz\COMMAND_CENTER\TODO\TODO_REMOTE_DOOR_TOKEN_TRACKING_SECURITY_AUDIT_20260524.md",".md","1323","REVIEW_REPORT"
"SECRET_SURFACE","Jxhnny_Kl33N_Seedz\MULE_LOCAL_ONLY\TOP_SECRET_IDEA_CELL_LOCAL_ONLY_20260524_001305\README_TOP_SECRET_IDEA_CELL_20260524_001305.md",".md","1241","GENERAL"
"SECRET_SURFACE","Jxhnny_Kl33N_Seedz\MULE_LOCAL_ONLY\TOP_SECRET_IDEA_CELL_LOCAL_ONLY_20260524_001305\EVIDENCE\RIGIDITY_HUNT_16_LOOP_LOCAL_EVIDENCE_20260524_012157.md",".md","5449","GENERAL"
"SECRET_SURFACE","Jxhnny_Kl33N_Seedz\MULE_LOCAL_ONLY\TOP_SECRET_IDEA_CELL_LOCAL_ONLY_20260524_001305\EVIDENCE\RIGIDITY_HUNT_SIGNAL_BEFORE_OBJECT_TYPE_RECEIPT_20260524_012157.txt",".txt","2654","RECEIPT"
"SECRET_SURFACE","Jxhnny_Kl33N_Seedz\MULE_LOCAL_ONLY\TOP_SECRET_IDEA_CELL_LOCAL_ONLY_20260524_001305\EVIDENCE\RIGIDITY_TRANSCRIPT_KEYWORD_AUDIT_20260524_012157.csv",".csv","3480","REVIEW_REPORT"
"SECRET_SURFACE","Jxhnny_Kl33N_Seedz\MULE_LOCAL_ONLY\TOP_SECRET_IDEA_CELL_LOCAL_ONLY_20260524_001305\EVIDENCE\ROOT_ISSUE_DROPS_MOVE_LEDGER_20260524_011003.csv",".csv","848","GENERAL"
"SECRET_SURFACE","Jxhnny_Kl33N_Seedz\MULE_LOCAL_ONLY\TOP_SECRET_IDEA_CELL_LOCAL_ONLY_20260524_001305\EVIDENCE\ROOT_ISSUE_DROPS_MOVE_RECEIPT_20260524_011003.txt",".txt","1334","RECEIPT"
"SECRET_SURFACE","Jxhnny_Kl33N_Seedz\MULE_LOCAL_ONLY\TOP_SECRET_IDEA_CELL_LOCAL_ONLY_20260524_001305\EVIDENCE\ROOT_PUZZLE_DROP_MOVE_LEDGER_20260524_032211.csv",".csv","439","GENERAL"
"SECRET_SURFACE","Jxhnny_Kl33N_Seedz\MULE_LOCAL_ONLY\TOP_SECRET_IDEA_CELL_LOCAL_ONLY_20260524_001305\EVIDENCE\ROOT_PUZZLE_DROP_MOVE_RECEIPT_20260524_032211.txt",".txt","873","RECEIPT"
"SECRET_SURFACE","Jxhnny_Kl33N_Seedz\MULE_LOCAL_ONLY\TOP_SECRET_IDEA_CELL_LOCAL_ONLY_20260524_001305\EVIDENCE\ROOT_RIGIDITY_DROP_MOVE_LEDGER_20260524_012157.csv",".csv","471","GENERAL"
"SECRET_SURFACE","Jxhnny_Kl33N_Seedz\MULE_LOCAL_ONLY\TOP_SECRET_IDEA_CELL_LOCAL_ONLY_20260524_001305\EVIDENCE\ROOT_RIGIDITY_DROP_MOVE_RECEIPT_20260524_012157.txt",".txt","944","RECEIPT"
"SECRET_SURFACE","Jxhnny_Kl33N_Seedz\MULE_LOCAL_ONLY\TOP_SECRET_IDEA_CELL_LOCAL_ONLY_20260524_001305\EVIDENCE\SYMBOLIC_SOURCE_SEARCH_RESULTS_20260524_001305.txt",".txt","505","GENERAL"
"SECRET_SURFACE","Jxhnny_Kl33N_Seedz\MULE_LOCAL_ONLY\TOP_SECRET_IDEA_CELL_LOCAL_ONLY_20260524_001305\EVIDENCE\TOP_SECRET_IDEA_CELL_RECEIPT_20260524_001305.txt",".txt","1544","RECEIPT"
"SECRET_SURFACE","Jxhnny_Kl33N_Seedz\MULE_LOCAL_ONLY\TOP_SECRET_IDEA_CELL_LOCAL_ONLY_20260524_001305\EVIDENCE\TRANSCRIPT_LOCAL_SOURCE_MANIFEST_20260524_011140.csv",".csv","23889","MANIFEST"
"SECRET_SURFACE","Jxhnny_Kl33N_Seedz\MULE_LOCAL_ONLY\TOP_SECRET_IDEA_CELL_LOCAL_ONLY_20260524_001305\EVIDENCE\TRANSCRIPT_LOCAL_SOURCE_MANIFEST_RECEIPT_20260524_011140.txt",".txt","1005","RECEIPT"
"SECRET_SURFACE","Jxhnny_Kl33N_Seedz\MULE_LOCAL_ONLY\TOP_SECRET_IDEA_CELL_LOCAL_ONLY_20260524_001305\EVIDENCE\WORKER_SYMPTOM_DIAGNOSTIC_LOCAL_EVIDENCE_20260524_014844.md",".md","2631","GENERAL"
"SECRET_SURFACE","Jxhnny_Kl33N_Seedz\MULE_LOCAL_ONLY\TOP_SECRET_IDEA_CELL_LOCAL_ONLY_20260524_001305\EVIDENCE\GIT_HELD_LOCAL_ONLY_WASH_EVIDENCE_20260524_090000\COMMAND_CENTER__PICKUP___PARKING_NOTES__CONSOLIDATOR_TRIAL_WATCH_GATE_REVIEW_20260523_213713.md",".md","6621","REVIEW_REPORT"
"SECRET_SURFACE","Jxhnny_Kl33N_Seedz\MULE_LOCAL_ONLY\TOP_SECRET_IDEA_CELL_LOCAL_ONLY_20260524_001305\EVIDENCE\GIT_HELD_LOCAL_ONLY_WASH_EVIDENCE_20260524_090000\COMMAND_CENTER__PICKUP___PARKING_NOTES__PARKING_TODO_CONSOLIDATOR_TRIAL_WATCH_OUTPUTS_20260523_213713.md",".md","2755","GENERAL"
"SECRET_SURFACE","Jxhnny_Kl33N_Seedz\MULE_LOCAL_ONLY\TOP_SECRET_IDEA_CELL_LOCAL_ONLY_20260524_001305\EVIDENCE\GIT_HELD_LOCAL_ONLY_WASH_EVIDENCE_20260524_090000\COMMAND_CENTER__PICKUP___PARKING_NOTES__PUZZLE_ASSISTANT_ISSUES_WHIRLPOOL_FLATLINE_PACK_20260524_032211.md",".md","10048","GENERAL"
"SECRET_SURFACE","Jxhnny_Kl33N_Seedz\MULE_LOCAL_ONLY\TOP_SECRET_IDEA_CELL_LOCAL_ONLY_20260524_001305\EVIDENCE\GIT_HELD_LOCAL_ONLY_WASH_EVIDENCE_20260524_090000\COMMAND_CENTER__PICKUP___PARKING_NOTES__SIMPLICITY_BUILD_COMPRESSION_RESEARCH_WASH_20260524_050620.md",".md","10571","GENERAL"
"SECRET_SURFACE","Jxhnny_Kl33N_Seedz\MULE_LOCAL_ONLY\TOP_SECRET_IDEA_CELL_LOCAL_ONLY_20260524_001305\EVIDENCE\GIT_HELD_LOCAL_ONLY_WASH_EVIDENCE_20260524_090000\COMMAND_CENTER__RECEIPTS__DEEP_SCAN_LOCAL_SOURCE_MANIFEST_20260524_055330.csv",".csv","690504","RECEIPT"
"SECRET_SURFACE","Jxhnny_Kl33N_Seedz\MULE_LOCAL_ONLY\TOP_SECRET_IDEA_CELL_LOCAL_ONLY_20260524_001305\EVIDENCE\GIT_HELD_LOCAL_ONLY_WASH_EVIDENCE_20260524_090000\COMMAND_CENTER__RECEIPTS__DEEP_SCAN_THEME_HIT_LEDGER_20260524_055330.csv",".csv","1241191","RECEIPT"
"SECRET_SURFACE","Jxhnny_Kl33N_Seedz\MULE_LOCAL_ONLY\TOP_SECRET_IDEA_CELL_LOCAL_ONLY_20260524_001305\EVIDENCE\GIT_HELD_LOCAL_ONLY_WASH_EVIDENCE_20260524_090000\COMMAND_CENTER__RECEIPTS__DEEP_SCAN_TRANSCRIPT_SOURCE_INDEX_20260524_055330.csv",".csv","15636","RECEIPT"
"SECRET_SURFACE","Jxhnny_Kl33N_Seedz\MULE_LOCAL_ONLY\TOP_SECRET_IDEA_CELL_LOCAL_ONLY_20260524_001305\EVIDENCE\GIT_HELD_LOCAL_ONLY_WASH_EVIDENCE_20260524_090000\COMMAND_CENTER__RECEIPTS__HOLD_SIGNAL_STRUCTURE_SOURCE_LEDGER_20260524_053833.csv",".csv","3280","RECEIPT"
"SECRET_SURFACE","Jxhnny_Kl33N_Seedz\MULE_LOCAL_ONLY\TOP_SECRET_IDEA_CELL_LOCAL_ONLY_20260524_001305\EVIDENCE\GIT_HELD_LOCAL_ONLY_WASH_EVIDENCE_20260524_090000\COMMAND_CENTER__RECEIPTS__HOUSE_FILE_INTEGRITY_MANIFEST_20260524_042108.csv",".csv","603605","RECEIPT"
"SECRET_SURFACE","Jxhnny_Kl33N_Seedz\MULE_LOCAL_ONLY\TOP_SECRET_IDEA_CELL_LOCAL_ONLY_20260524_001305\EVIDENCE\GIT_HELD_LOCAL_ONLY_WASH_EVIDENCE_20260524_090000\COMMAND_CENTER__RECEIPTS__LOCAL_123_CONSOLIDATOR_TRIAL_WATCH_GATE_REVIEW_RECEIPT_20260523_213713.txt",".txt","4913","RECEIPT"
"SECRET_SURFACE","Jxhnny_Kl33N_Seedz\MULE_LOCAL_ONLY\TOP_SECRET_IDEA_CELL_LOCAL_ONLY_20260524_001305\EVIDENCE\GIT_HELD_LOCAL_ONLY_WASH_EVIDENCE_20260524_090000\COMMAND_CENTER__RECEIPTS__LOCAL_123_NEW_ISSUES_1_LOCAL_SOURCE_CHECKPOINT_RECEIPT_20260524_011140.txt",".txt","3324","RECEIPT"
"SECRET_SURFACE","Jxhnny_Kl33N_Seedz\MULE_LOCAL_ONLY\TOP_SECRET_IDEA_CELL_LOCAL_ONLY_20260524_001305\EVIDENCE\GIT_HELD_LOCAL_ONLY_WASH_EVIDENCE_20260524_090000\COMMAND_CENTER__RECEIPTS__LOCAL_123_NEW_ISSUES_TRUE_SEAM_IDEA_CELL_RECEIPT_20260524_001305.txt",".txt","3029","RECEIPT"
"SECRET_SURFACE","Jxhnny_Kl33N_Seedz\MULE_LOCAL_ONLY\TOP_SECRET_IDEA_CELL_LOCAL_ONLY_20260524_001305\EVIDENCE\GIT_HELD_LOCAL_ONLY_WASH_EVIDENCE_20260524_090000\COMMAND_CENTER__RECEIPTS__LOCAL_123_PUZZLE_ASSISTANT_ISSUES_WHIRLPOOL_RECEIPT_20260524_032211.txt",".txt","3905","RECEIPT"
"SECRET_SURFACE","Jxhnny_Kl33N_Seedz\MULE_LOCAL_ONLY\TOP_SECRET_IDEA_CELL_LOCAL_ONLY_20260524_001305\EVIDENCE\GIT_HELD_LOCAL_ONLY_WASH_EVIDENCE_20260524_090000\COMMAND_CENTER__RECEIPTS__LOCAL_123_SIMPLICITY_BUILD_COMPRESSION_RESEARCH_WASH_RECEIPT_20260524_050620.txt",".txt","2387","RECEIPT"
"SECRET_SURFACE","Jxhnny_Kl33N_Seedz\MULE_LOCAL_ONLY\TOP_SECRET_IDEA_CELL_LOCAL_ONLY_20260524_001305\EVIDENCE\GIT_HELD_LOCAL_ONLY_WASH_EVIDENCE_20260524_090000\COMMAND_CENTER__RECEIPTS__LOCAL_123_WORKER_SYMPTOM_DIAGNOSTIC_GATE_RECEIPT_20260524_014844.txt",".txt","2940","RECEIPT"
"SECRET_SURFACE","Jxhnny_Kl33N_Seedz\MULE_LOCAL_ONLY\TOP_SECRET_IDEA_CELL_LOCAL_ONLY_20260524_001305\EVIDENCE\GIT_HELD_LOCAL_ONLY_WASH_EVIDENCE_20260524_090000\COMMAND_CENTER__TODO__TODO_CONSOLIDATOR_TRIAL_WATCH_NEXT_CLUSTERS_20260523_213713.md",".md","1593","GENERAL"
"SECRET_SURFACE","Jxhnny_Kl33N_Seedz\MULE_LOCAL_ONLY\TOP_SECRET_IDEA_CELL_LOCAL_ONLY_20260524_001305\EVIDENCE\GIT_HELD_LOCAL_ONLY_WASH_EVIDENCE_20260524_090000\LOCAL_ONLY_HOLD_LEDGER_20260524_090000.csv",".csv","6266","GENERAL"
"SECRET_SURFACE","Jxhnny_Kl33N_Seedz\MULE_LOCAL_ONLY\TOP_SECRET_IDEA_CELL_LOCAL_ONLY_20260524_001305\INBOX\NEW_ISSUES_20260524_001305.txt",".txt","16574","GENERAL"
"SECRET_SURFACE","Jxhnny_Kl33N_Seedz\MULE_LOCAL_ONLY\TOP_SECRET_IDEA_CELL_LOCAL_ONLY_20260524_001305\INBOX\ROOT_ISSUE_DROPS_MOVED_20260524_011003\NEW_ISSUES_1.txt",".txt","17715","GENERAL"
"SECRET_SURFACE","Jxhnny_Kl33N_Seedz\MULE_LOCAL_ONLY\TOP_SECRET_IDEA_CELL_LOCAL_ONLY_20260524_001305\INBOX\ROOT_ISSUE_DROPS_MOVED_20260524_011003\NEW_ISSUES.txt",".txt","16574","GENERAL"
"SECRET_SURFACE","Jxhnny_Kl33N_Seedz\MULE_LOCAL_ONLY\TOP_SECRET_IDEA_CELL_LOCAL_ONLY_20260524_001305\INBOX\ROOT_ISSUE_DROPS_MOVED_20260524_012157\NEW_ISSUES.txt",".txt","5695","GENERAL"
"SECRET_SURFACE","Jxhnny_Kl33N_Seedz\MULE_LOCAL_ONLY\TOP_SECRET_IDEA_CELL_LOCAL_ONLY_20260524_001305\INBOX\ROOT_PUZZLE_DROP_MOVED_20260524_032211\puzzle.txt",".txt","12322","GENERAL"
"SECRET_SURFACE","Jxhnny_Kl33N_Seedz\MULE_LOCAL_ONLY\TOP_SECRET_IDEA_CELL_LOCAL_ONLY_20260524_001305\SYMBOLIC_CELL\METRONS_CUBE_LOCAL_SYMBOLIC_CELL_20260524_001305.md",".md","1129","GENERAL"
"SECRET_SURFACE","_LOCAL_CUSTODY_AND_RECEIPTS\ROOT_LEGACY_RESIDUE_PHASE2_20260603_234817\PARKED_PACKAGES_PENDING_REVIEW\HELPER_CAPABILITY_SYSTEM_V2_3_HOUSE_HARNESS_PACK_V0_2\05_FIXTURE_PACKS\03_TOKEN_CAVEAT_ATTENUATION_FIXTURES.md",".md","168","RECEIPT"
"SECRET_SURFACE","_LOCAL_CUSTODY_AND_RECEIPTS\ROOT_LEGACY_RESIDUE_PHASE2_20260603_234817\PARKED_PACKAGES_PENDING_REVIEW\HELPER_CAPABILITY_SYSTEM_V2_3_HOUSE_HARNESS_PACK_V0_2\FIXTURE_PACKS_PACKAGE\05_FIXTURE_PACKS\03_TOKEN_CAVEAT_ATTENUATION_FIXTURES.md",".md","168","RECEIPT"
"SECRET_SURFACE","_LOCAL_CUSTODY_N_RECEIPTS\RECYCLE_BIN_RECOVERY_20260604_203541\RECOVERED_ITEMS\ITEM_0001__123\123\Jxhnny_Kl33N_Seedz\COMMAND_CENTER\REMOTE_DOOR_RELAY_V2\PRINT_VAULT_LOCAL_ONLY\LOCAL_SECRET.key",".key","66","RECEIPT"
"SECRET_SURFACE","_LOCAL_CUSTODY_N_RECEIPTS\RECYCLE_BIN_RECOVERY_20260604_203541\RECOVERED_ITEMS\ITEM_0001__123\123\Jxhnny_Kl33N_Seedz\COMMAND_CENTER\REMOTE_DOOR_RELAY_V2\TOKENS_LOCAL_ONLY\token_state.json",".json","913","RECEIPT"
"SECRET_SURFACE","_LOCAL_CUSTODY_N_RECEIPTS\RECYCLE_BIN_RECOVERY_20260604_203541\RECOVERED_ITEMS\ITEM_0001__123\123\Jxhnny_Kl33N_Seedz\COMMAND_CENTER\REMOTE_DOOR_RELAY_V2\TOOLS\New-RemoteDoorV2Token.ps1",".ps1","2362","RECEIPT"
"SECRET_SURFACE","_LOCAL_CUSTODY_N_RECEIPTS\RECYCLE_BIN_RECOVERY_20260604_203541\RECOVERED_ITEMS\ITEM_0001__123\123\Jxhnny_Kl33N_Seedz\COMMAND_CENTER\TODO\TODO_REMOTE_DOOR_TOKEN_TRACKING_SECURITY_AUDIT_20260524.md",".md","1323","RECEIPT"
"SECRET_SURFACE","_LOCAL_CUSTODY_N_RECEIPTS\RECYCLE_BIN_RECOVERY_20260604_203541\RECOVERED_ITEMS\ITEM_0001__123\123\Jxhnny_Kl33N_Seedz\MULE_LOCAL_ONLY\TOP_SECRET_IDEA_CELL_LOCAL_ONLY_20260524_001305\README_TOP_SECRET_IDEA_CELL_20260524_001305.md",".md","1241","RECEIPT"
"SECRET_SURFACE","_LOCAL_CUSTODY_N_RECEIPTS\RECYCLE_BIN_RECOVERY_20260604_203541\RECOVERED_ITEMS\ITEM_0001__123\123\Jxhnny_Kl33N_Seedz\MULE_LOCAL_ONLY\TOP_SECRET_IDEA_CELL_LOCAL_ONLY_20260524_001305\EVIDENCE\RIGIDITY_HUNT_16_LOOP_LOCAL_EVIDENCE_20260524_012157.md",".md","5449","RECEIPT"
"SECRET_SURFACE","_LOCAL_CUSTODY_N_RECEIPTS\RECYCLE_BIN_RECOVERY_20260604_203541\RECOVERED_ITEMS\ITEM_0001__123\123\Jxhnny_Kl33N_Seedz\MULE_LOCAL_ONLY\TOP_SECRET_IDEA_CELL_LOCAL_ONLY_20260524_001305\EVIDENCE\RIGIDITY_HUNT_SIGNAL_BEFORE_OBJECT_TYPE_RECEIPT_20260524_012157.txt",".txt","2654","RECEIPT"
"SECRET_SURFACE","_LOCAL_CUSTODY_N_RECEIPTS\RECYCLE_BIN_RECOVERY_20260604_203541\RECOVERED_ITEMS\ITEM_0001__123\123\Jxhnny_Kl33N_Seedz\MULE_LOCAL_ONLY\TOP_SECRET_IDEA_CELL_LOCAL_ONLY_20260524_001305\EVIDENCE\RIGIDITY_TRANSCRIPT_KEYWORD_AUDIT_20260524_012157.csv",".csv","3480","RECEIPT"
"SECRET_SURFACE","_LOCAL_CUSTODY_N_RECEIPTS\RECYCLE_BIN_RECOVERY_20260604_203541\RECOVERED_ITEMS\ITEM_0001__123\123\Jxhnny_Kl33N_Seedz\MULE_LOCAL_ONLY\TOP_SECRET_IDEA_CELL_LOCAL_ONLY_20260524_001305\EVIDENCE\ROOT_ISSUE_DROPS_MOVE_LEDGER_20260524_011003.csv",".csv","848","RECEIPT"
"SECRET_SURFACE","_LOCAL_CUSTODY_N_RECEIPTS\RECYCLE_BIN_RECOVERY_20260604_203541\RECOVERED_ITEMS\ITEM_0001__123\123\Jxhnny_Kl33N_Seedz\MULE_LOCAL_ONLY\TOP_SECRET_IDEA_CELL_LOCAL_ONLY_20260524_001305\EVIDENCE\ROOT_ISSUE_DROPS_MOVE_RECEIPT_20260524_011003.txt",".txt","1334","RECEIPT"
"SECRET_SURFACE","_LOCAL_CUSTODY_N_RECEIPTS\RECYCLE_BIN_RECOVERY_20260604_203541\RECOVERED_ITEMS\ITEM_0001__123\123\Jxhnny_Kl33N_Seedz\MULE_LOCAL_ONLY\TOP_SECRET_IDEA_CELL_LOCAL_ONLY_20260524_001305\EVIDENCE\ROOT_PUZZLE_DROP_MOVE_LEDGER_20260524_032211.csv",".csv","439","RECEIPT"
"SECRET_SURFACE","_LOCAL_CUSTODY_N_RECEIPTS\RECYCLE_BIN_RECOVERY_20260604_203541\RECOVERED_ITEMS\ITEM_0001__123\123\Jxhnny_Kl33N_Seedz\MULE_LOCAL_ONLY\TOP_SECRET_IDEA_CELL_LOCAL_ONLY_20260524_001305\EVIDENCE\ROOT_PUZZLE_DROP_MOVE_RECEIPT_20260524_032211.txt",".txt","873","RECEIPT"
"SECRET_SURFACE","_LOCAL_CUSTODY_N_RECEIPTS\RECYCLE_BIN_RECOVERY_20260604_203541\RECOVERED_ITEMS\ITEM_0001__123\123\Jxhnny_Kl33N_Seedz\MULE_LOCAL_ONLY\TOP_SECRET_IDEA_CELL_LOCAL_ONLY_20260524_001305\EVIDENCE\ROOT_RIGIDITY_DROP_MOVE_LEDGER_20260524_012157.csv",".csv","471","RECEIPT"
"SECRET_SURFACE","_LOCAL_CUSTODY_N_RECEIPTS\RECYCLE_BIN_RECOVERY_20260604_203541\RECOVERED_ITEMS\ITEM_0001__123\123\Jxhnny_Kl33N_Seedz\MULE_LOCAL_ONLY\TOP_SECRET_IDEA_CELL_LOCAL_ONLY_20260524_001305\EVIDENCE\ROOT_RIGIDITY_DROP_MOVE_RECEIPT_20260524_012157.txt",".txt","944","RECEIPT"
"SECRET_SURFACE","_LOCAL_CUSTODY_N_RECEIPTS\RECYCLE_BIN_RECOVERY_20260604_203541\RECOVERED_ITEMS\ITEM_0001__123\123\Jxhnny_Kl33N_Seedz\MULE_LOCAL_ONLY\TOP_SECRET_IDEA_CELL_LOCAL_ONLY_20260524_001305\EVIDENCE\SYMBOLIC_SOURCE_SEARCH_RESULTS_20260524_001305.txt",".txt","505","RECEIPT"
"SECRET_SURFACE","_LOCAL_CUSTODY_N_RECEIPTS\RECYCLE_BIN_RECOVERY_20260604_203541\RECOVERED_ITEMS\ITEM_0001__123\123\Jxhnny_Kl33N_Seedz\MULE_LOCAL_ONLY\TOP_SECRET_IDEA_CELL_LOCAL_ONLY_20260524_001305\EVIDENCE\TOP_SECRET_IDEA_CELL_RECEIPT_20260524_001305.txt",".txt","1544","RECEIPT"
"SECRET_SURFACE","_LOCAL_CUSTODY_N_RECEIPTS\RECYCLE_BIN_RECOVERY_20260604_203541\RECOVERED_ITEMS\ITEM_0001__123\123\Jxhnny_Kl33N_Seedz\MULE_LOCAL_ONLY\TOP_SECRET_IDEA_CELL_LOCAL_ONLY_20260524_001305\EVIDENCE\TRANSCRIPT_LOCAL_SOURCE_MANIFEST_20260524_011140.csv",".csv","23889","RECEIPT"
"SECRET_SURFACE","_LOCAL_CUSTODY_N_RECEIPTS\RECYCLE_BIN_RECOVERY_20260604_203541\RECOVERED_ITEMS\ITEM_0001__123\123\Jxhnny_Kl33N_Seedz\MULE_LOCAL_ONLY\TOP_SECRET_IDEA_CELL_LOCAL_ONLY_20260524_001305\EVIDENCE\TRANSCRIPT_LOCAL_SOURCE_MANIFEST_RECEIPT_20260524_011140.txt",".txt","1005","RECEIPT"
"SECRET_SURFACE","_LOCAL_CUSTODY_N_RECEIPTS\RECYCLE_BIN_RECOVERY_20260604_203541\RECOVERED_ITEMS\ITEM_0001__123\123\Jxhnny_Kl33N_Seedz\MULE_LOCAL_ONLY\TOP_SECRET_IDEA_CELL_LOCAL_ONLY_20260524_001305\EVIDENCE\WORKER_SYMPTOM_DIAGNOSTIC_LOCAL_EVIDENCE_20260524_014844.md",".md","2631","RECEIPT"
"SECRET_SURFACE","_LOCAL_CUSTODY_N_RECEIPTS\RECYCLE_BIN_RECOVERY_20260604_203541\RECOVERED_ITEMS\ITEM_0001__123\123\Jxhnny_Kl33N_Seedz\MULE_LOCAL_ONLY\TOP_SECRET_IDEA_CELL_LOCAL_ONLY_20260524_001305\EVIDENCE\GIT_HELD_LOCAL_ONLY_WASH_EVIDENCE_20260524_090000\COMMAND_CENTER__PICKUP___PARKING_NOTES__CONSOLIDATOR_TRIAL_WATCH_GATE_REVIEW_20260523_213713.md",".md","6621","RECEIPT"
"SECRET_SURFACE","_LOCAL_CUSTODY_N_RECEIPTS\RECYCLE_BIN_RECOVERY_20260604_203541\RECOVERED_ITEMS\ITEM_0001__123\123\Jxhnny_Kl33N_Seedz\MULE_LOCAL_ONLY\TOP_SECRET_IDEA_CELL_LOCAL_ONLY_20260524_001305\EVIDENCE\GIT_HELD_LOCAL_ONLY_WASH_EVIDENCE_20260524_090000\COMMAND_CENTER__PICKUP___PARKING_NOTES__PARKING_TODO_CONSOLIDATOR_TRIAL_WATCH_OUTPUTS_20260523_213713.md",".md","2755","RECEIPT"
"SECRET_SURFACE","_LOCAL_CUSTODY_N_RECEIPTS\RECYCLE_BIN_RECOVERY_20260604_203541\RECOVERED_ITEMS\ITEM_0001__123\123\Jxhnny_Kl33N_Seedz\MULE_LOCAL_ONLY\TOP_SECRET_IDEA_CELL_LOCAL_ONLY_20260524_001305\EVIDENCE\GIT_HELD_LOCAL_ONLY_WASH_EVIDENCE_20260524_090000\COMMAND_CENTER__PICKUP___PARKING_NOTES__PUZZLE_ASSISTANT_ISSUES_WHIRLPOOL_FLATLINE_PACK_20260524_032211.md",".md","10048","RECEIPT"
"SECRET_SURFACE","_LOCAL_CUSTODY_N_RECEIPTS\RECYCLE_BIN_RECOVERY_20260604_203541\RECOVERED_ITEMS\ITEM_0001__123\123\Jxhnny_Kl33N_Seedz\MULE_LOCAL_ONLY\TOP_SECRET_IDEA_CELL_LOCAL_ONLY_20260524_001305\EVIDENCE\GIT_HELD_LOCAL_ONLY_WASH_EVIDENCE_20260524_090000\COMMAND_CENTER__PICKUP___PARKING_NOTES__SIMPLICITY_BUILD_COMPRESSION_RESEARCH_WASH_20260524_050620.md",".md","10571","RECEIPT"
"SECRET_SURFACE","_LOCAL_CUSTODY_N_RECEIPTS\RECYCLE_BIN_RECOVERY_20260604_203541\RECOVERED_ITEMS\ITEM_0001__123\123\Jxhnny_Kl33N_Seedz\MULE_LOCAL_ONLY\TOP_SECRET_IDEA_CELL_LOCAL_ONLY_20260524_001305\EVIDENCE\GIT_HELD_LOCAL_ONLY_WASH_EVIDENCE_20260524_090000\COMMAND_CENTER__RECEIPTS__DEEP_SCAN_LOCAL_SOURCE_MANIFEST_20260524_055330.csv",".csv","690504","RECEIPT"
"SECRET_SURFACE","_LOCAL_CUSTODY_N_RECEIPTS\RECYCLE_BIN_RECOVERY_20260604_203541\RECOVERED_ITEMS\ITEM_0001__123\123\Jxhnny_Kl33N_Seedz\MULE_LOCAL_ONLY\TOP_SECRET_IDEA_CELL_LOCAL_ONLY_20260524_001305\EVIDENCE\GIT_HELD_LOCAL_ONLY_WASH_EVIDENCE_20260524_090000\COMMAND_CENTER__RECEIPTS__DEEP_SCAN_THEME_HIT_LEDGER_20260524_055330.csv",".csv","1241191","RECEIPT"
"SECRET_SURFACE","_LOCAL_CUSTODY_N_RECEIPTS\RECYCLE_BIN_RECOVERY_20260604_203541\RECOVERED_ITEMS\ITEM_0001__123\123\Jxhnny_Kl33N_Seedz\MULE_LOCAL_ONLY\TOP_SECRET_IDEA_CELL_LOCAL_ONLY_20260524_001305\EVIDENCE\GIT_HELD_LOCAL_ONLY_WASH_EVIDENCE_20260524_090000\COMMAND_CENTER__RECEIPTS__DEEP_SCAN_TRANSCRIPT_SOURCE_INDEX_20260524_055330.csv",".csv","15636","RECEIPT"
"SECRET_SURFACE","_LOCAL_CUSTODY_N_RECEIPTS\RECYCLE_BIN_RECOVERY_20260604_203541\RECOVERED_ITEMS\ITEM_0001__123\123\Jxhnny_Kl33N_Seedz\MULE_LOCAL_ONLY\TOP_SECRET_IDEA_CELL_LOCAL_ONLY_20260524_001305\EVIDENCE\GIT_HELD_LOCAL_ONLY_WASH_EVIDENCE_20260524_090000\COMMAND_CENTER__RECEIPTS__HOLD_SIGNAL_STRUCTURE_SOURCE_LEDGER_20260524_053833.csv",".csv","3280","RECEIPT"
"SECRET_SURFACE","_LOCAL_CUSTODY_N_RECEIPTS\RECYCLE_BIN_RECOVERY_20260604_203541\RECOVERED_ITEMS\ITEM_0001__123\123\Jxhnny_Kl33N_Seedz\MULE_LOCAL_ONLY\TOP_SECRET_IDEA_CELL_LOCAL_ONLY_20260524_001305\EVIDENCE\GIT_HELD_LOCAL_ONLY_WASH_EVIDENCE_20260524_090000\COMMAND_CENTER__RECEIPTS__HOUSE_FILE_INTEGRITY_MANIFEST_20260524_042108.csv",".csv","603605","RECEIPT"
"SECRET_SURFACE","_LOCAL_CUSTODY_N_RECEIPTS\RECYCLE_BIN_RECOVERY_20260604_203541\RECOVERED_ITEMS\ITEM_0001__123\123\Jxhnny_Kl33N_Seedz\MULE_LOCAL_ONLY\TOP_SECRET_IDEA_CELL_LOCAL_ONLY_20260524_001305\EVIDENCE\GIT_HELD_LOCAL_ONLY_WASH_EVIDENCE_20260524_090000\COMMAND_CENTER__RECEIPTS__LOCAL_123_CONSOLIDATOR_TRIAL_WATCH_GATE_REVIEW_RECEIPT_20260523_213713.txt",".txt","4913","RECEIPT"
"SECRET_SURFACE","_LOCAL_CUSTODY_N_RECEIPTS\RECYCLE_BIN_RECOVERY_20260604_203541\RECOVERED_ITEMS\ITEM_0001__123\123\Jxhnny_Kl33N_Seedz\MULE_LOCAL_ONLY\TOP_SECRET_IDEA_CELL_LOCAL_ONLY_20260524_001305\EVIDENCE\GIT_HELD_LOCAL_ONLY_WASH_EVIDENCE_20260524_090000\COMMAND_CENTER__RECEIPTS__LOCAL_123_NEW_ISSUES_1_LOCAL_SOURCE_CHECKPOINT_RECEIPT_20260524_011140.txt",".txt","3324","RECEIPT"
"SECRET_SURFACE","_LOCAL_CUSTODY_N_RECEIPTS\RECYCLE_BIN_RECOVERY_20260604_203541\RECOVERED_ITEMS\ITEM_0001__123\123\Jxhnny_Kl33N_Seedz\MULE_LOCAL_ONLY\TOP_SECRET_IDEA_CELL_LOCAL_ONLY_20260524_001305\EVIDENCE\GIT_HELD_LOCAL_ONLY_WASH_EVIDENCE_20260524_090000\COMMAND_CENTER__RECEIPTS__LOCAL_123_NEW_ISSUES_TRUE_SEAM_IDEA_CELL_RECEIPT_20260524_001305.txt",".txt","3029","RECEIPT"
"SECRET_SURFACE","_LOCAL_CUSTODY_N_RECEIPTS\RECYCLE_BIN_RECOVERY_20260604_203541\RECOVERED_ITEMS\ITEM_0001__123\123\Jxhnny_Kl33N_Seedz\MULE_LOCAL_ONLY\TOP_SECRET_IDEA_CELL_LOCAL_ONLY_20260524_001305\EVIDENCE\GIT_HELD_LOCAL_ONLY_WASH_EVIDENCE_20260524_090000\COMMAND_CENTER__RECEIPTS__LOCAL_123_PUZZLE_ASSISTANT_ISSUES_WHIRLPOOL_RECEIPT_20260524_032211.txt",".txt","3905","RECEIPT"
"SECRET_SURFACE","_LOCAL_CUSTODY_N_RECEIPTS\RECYCLE_BIN_RECOVERY_20260604_203541\RECOVERED_ITEMS\ITEM_0001__123\123\Jxhnny_Kl33N_Seedz\MULE_LOCAL_ONLY\TOP_SECRET_IDEA_CELL_LOCAL_ONLY_20260524_001305\EVIDENCE\GIT_HELD_LOCAL_ONLY_WASH_EVIDENCE_20260524_090000\COMMAND_CENTER__RECEIPTS__LOCAL_123_SIMPLICITY_BUILD_COMPRESSION_RESEARCH_WASH_RECEIPT_20260524_050620.txt",".txt","2387","RECEIPT"
"SECRET_SURFACE","_LOCAL_CUSTODY_N_RECEIPTS\RECYCLE_BIN_RECOVERY_20260604_203541\RECOVERED_ITEMS\ITEM_0001__123\123\Jxhnny_Kl33N_Seedz\MULE_LOCAL_ONLY\TOP_SECRET_IDEA_CELL_LOCAL_ONLY_20260524_001305\EVIDENCE\GIT_HELD_LOCAL_ONLY_WASH_EVIDENCE_20260524_090000\COMMAND_CENTER__RECEIPTS__LOCAL_123_WORKER_SYMPTOM_DIAGNOSTIC_GATE_RECEIPT_20260524_014844.txt",".txt","2940","RECEIPT"
"SECRET_SURFACE","_LOCAL_CUSTODY_N_RECEIPTS\RECYCLE_BIN_RECOVERY_20260604_203541\RECOVERED_ITEMS\ITEM_0001__123\123\Jxhnny_Kl33N_Seedz\MULE_LOCAL_ONLY\TOP_SECRET_IDEA_CELL_LOCAL_ONLY_20260524_001305\EVIDENCE\GIT_HELD_LOCAL_ONLY_WASH_EVIDENCE_20260524_090000\COMMAND_CENTER__TODO__TODO_CONSOLIDATOR_TRIAL_WATCH_NEXT_CLUSTERS_20260523_213713.md",".md","1593","RECEIPT"
"SECRET_SURFACE","_LOCAL_CUSTODY_N_RECEIPTS\RECYCLE_BIN_RECOVERY_20260604_203541\RECOVERED_ITEMS\ITEM_0001__123\123\Jxhnny_Kl33N_Seedz\MULE_LOCAL_ONLY\TOP_SECRET_IDEA_CELL_LOCAL_ONLY_20260524_001305\EVIDENCE\GIT_HELD_LOCAL_ONLY_WASH_EVIDENCE_20260524_090000\LOCAL_ONLY_HOLD_LEDGER_20260524_090000.csv",".csv","6266","RECEIPT"
"SECRET_SURFACE","_LOCAL_CUSTODY_N_RECEIPTS\RECYCLE_BIN_RECOVERY_20260604_203541\RECOVERED_ITEMS\ITEM_0001__123\123\Jxhnny_Kl33N_Seedz\MULE_LOCAL_ONLY\TOP_SECRET_IDEA_CELL_LOCAL_ONLY_20260524_001305\INBOX\NEW_ISSUES_20260524_001305.txt",".txt","16574","RECEIPT"
"SECRET_SURFACE","_LOCAL_CUSTODY_N_RECEIPTS\RECYCLE_BIN_RECOVERY_20260604_203541\RECOVERED_ITEMS\ITEM_0001__123\123\Jxhnny_Kl33N_Seedz\MULE_LOCAL_ONLY\TOP_SECRET_IDEA_CELL_LOCAL_ONLY_20260524_001305\INBOX\ROOT_ISSUE_DROPS_MOVED_20260524_011003\NEW_ISSUES_1.txt",".txt","17715","RECEIPT"
"SECRET_SURFACE","_LOCAL_CUSTODY_N_RECEIPTS\RECYCLE_BIN_RECOVERY_20260604_203541\RECOVERED_ITEMS\ITEM_0001__123\123\Jxhnny_Kl33N_Seedz\MULE_LOCAL_ONLY\TOP_SECRET_IDEA_CELL_LOCAL_ONLY_20260524_001305\INBOX\ROOT_ISSUE_DROPS_MOVED_20260524_011003\NEW_ISSUES.txt",".txt","16574","RECEIPT"
"SECRET_SURFACE","_LOCAL_CUSTODY_N_RECEIPTS\RECYCLE_BIN_RECOVERY_20260604_203541\RECOVERED_ITEMS\ITEM_0001__123\123\Jxhnny_Kl33N_Seedz\MULE_LOCAL_ONLY\TOP_SECRET_IDEA_CELL_LOCAL_ONLY_20260524_001305\INBOX\ROOT_ISSUE_DROPS_MOVED_20260524_012157\NEW_ISSUES.txt",".txt","5695","RECEIPT"
"SECRET_SURFACE","_LOCAL_CUSTODY_N_RECEIPTS\RECYCLE_BIN_RECOVERY_20260604_203541\RECOVERED_ITEMS\ITEM_0001__123\123\Jxhnny_Kl33N_Seedz\MULE_LOCAL_ONLY\TOP_SECRET_IDEA_CELL_LOCAL_ONLY_20260524_001305\INBOX\ROOT_PUZZLE_DROP_MOVED_20260524_032211\puzzle.txt",".txt","12322","RECEIPT"
"SECRET_SURFACE","_LOCAL_CUSTODY_N_RECEIPTS\RECYCLE_BIN_RECOVERY_20260604_203541\RECOVERED_ITEMS\ITEM_0001__123\123\Jxhnny_Kl33N_Seedz\MULE_LOCAL_ONLY\TOP_SECRET_IDEA_CELL_LOCAL_ONLY_20260524_001305\SYMBOLIC_CELL\METRONS_CUBE_LOCAL_SYMBOLIC_CELL_20260524_001305.md",".md","1129","RECEIPT"
"SECRET_SURFACE","_LOCAL_CUSTODY_N_RECEIPTS\RECYCLE_BIN_RECOVERY_20260604_203541\RECOVERED_ITEMS\ITEM_0002__Teleporter137_\Teleporter137_\Jxhnny_Kl33N_Seedz\COMMAND_CENTER\REMOTE_DOOR_RELAY_V2\PRINT_VAULT_LOCAL_ONLY\LOCAL_SECRET.key",".key","66","RECEIPT"
"SECRET_SURFACE","_LOCAL_CUSTODY_N_RECEIPTS\RECYCLE_BIN_RECOVERY_20260604_203541\RECOVERED_ITEMS\ITEM_0002__Teleporter137_\Teleporter137_\Jxhnny_Kl33N_Seedz\COMMAND_CENTER\REMOTE_DOOR_RELAY_V2\TOKENS_LOCAL_ONLY\token_state.json",".json","913","RECEIPT"
"SECRET_SURFACE","_LOCAL_CUSTODY_N_RECEIPTS\RECYCLE_BIN_RECOVERY_20260604_203541\RECOVERED_ITEMS\ITEM_0002__Teleporter137_\Teleporter137_\Jxhnny_Kl33N_Seedz\COMMAND_CENTER\REMOTE_DOOR_RELAY_V2\TOOLS\New-RemoteDoorV2Token.ps1",".ps1","2362","RECEIPT"
"SECRET_SURFACE","_LOCAL_CUSTODY_N_RECEIPTS\RECYCLE_BIN_RECOVERY_20260604_203541\RECOVERED_ITEMS\ITEM_0002__Teleporter137_\Teleporter137_\Jxhnny_Kl33N_Seedz\COMMAND_CENTER\TODO\TODO_REMOTE_DOOR_TOKEN_TRACKING_SECURITY_AUDIT_20260524.md",".md","1323","RECEIPT"
"SECRET_SURFACE","_LOCAL_CUSTODY_N_RECEIPTS\RECYCLE_BIN_RECOVERY_20260604_203541\RECOVERED_ITEMS\ITEM_0002__Teleporter137_\Teleporter137_\Jxhnny_Kl33N_Seedz\MULE_LOCAL_ONLY\TOP_SECRET_IDEA_CELL_LOCAL_ONLY_20260524_001305\README_TOP_SECRET_IDEA_CELL_20260524_001305.md",".md","1241","RECEIPT"
"SECRET_SURFACE","_LOCAL_CUSTODY_N_RECEIPTS\RECYCLE_BIN_RECOVERY_20260604_203541\RECOVERED_ITEMS\ITEM_0002__Teleporter137_\Teleporter137_\Jxhnny_Kl33N_Seedz\MULE_LOCAL_ONLY\TOP_SECRET_IDEA_CELL_LOCAL_ONLY_20260524_001305\EVIDENCE\RIGIDITY_HUNT_16_LOOP_LOCAL_EVIDENCE_20260524_012157.md",".md","5449","RECEIPT"
"SECRET_SURFACE","_LOCAL_CUSTODY_N_RECEIPTS\RECYCLE_BIN_RECOVERY_20260604_203541\RECOVERED_ITEMS\ITEM_0002__Teleporter137_\Teleporter137_\Jxhnny_Kl33N_Seedz\MULE_LOCAL_ONLY\TOP_SECRET_IDEA_CELL_LOCAL_ONLY_20260524_001305\EVIDENCE\RIGIDITY_HUNT_SIGNAL_BEFORE_OBJECT_TYPE_RECEIPT_20260524_012157.txt",".txt","2654","RECEIPT"
"SECRET_SURFACE","_LOCAL_CUSTODY_N_RECEIPTS\RECYCLE_BIN_RECOVERY_20260604_203541\RECOVERED_ITEMS\ITEM_0002__Teleporter137_\Teleporter137_\Jxhnny_Kl33N_Seedz\MULE_LOCAL_ONLY\TOP_SECRET_IDEA_CELL_LOCAL_ONLY_20260524_001305\EVIDENCE\RIGIDITY_TRANSCRIPT_KEYWORD_AUDIT_20260524_012157.csv",".csv","3480","RECEIPT"
"SECRET_SURFACE","_LOCAL_CUSTODY_N_RECEIPTS\RECYCLE_BIN_RECOVERY_20260604_203541\RECOVERED_ITEMS\ITEM_0002__Teleporter137_\Teleporter137_\Jxhnny_Kl33N_Seedz\MULE_LOCAL_ONLY\TOP_SECRET_IDEA_CELL_LOCAL_ONLY_20260524_001305\EVIDENCE\ROOT_ISSUE_DROPS_MOVE_LEDGER_20260524_011003.csv",".csv","848","RECEIPT"
"SECRET_SURFACE","_LOCAL_CUSTODY_N_RECEIPTS\RECYCLE_BIN_RECOVERY_20260604_203541\RECOVERED_ITEMS\ITEM_0002__Teleporter137_\Teleporter137_\Jxhnny_Kl33N_Seedz\MULE_LOCAL_ONLY\TOP_SECRET_IDEA_CELL_LOCAL_ONLY_20260524_001305\EVIDENCE\ROOT_ISSUE_DROPS_MOVE_RECEIPT_20260524_011003.txt",".txt","1334","RECEIPT"
"SECRET_SURFACE","_LOCAL_CUSTODY_N_RECEIPTS\RECYCLE_BIN_RECOVERY_20260604_203541\RECOVERED_ITEMS\ITEM_0002__Teleporter137_\Teleporter137_\Jxhnny_Kl33N_Seedz\MULE_LOCAL_ONLY\TOP_SECRET_IDEA_CELL_LOCAL_ONLY_20260524_001305\EVIDENCE\ROOT_PUZZLE_DROP_MOVE_LEDGER_20260524_032211.csv",".csv","439","RECEIPT"
"SECRET_SURFACE","_LOCAL_CUSTODY_N_RECEIPTS\RECYCLE_BIN_RECOVERY_20260604_203541\RECOVERED_ITEMS\ITEM_0002__Teleporter137_\Teleporter137_\Jxhnny_Kl33N_Seedz\MULE_LOCAL_ONLY\TOP_SECRET_IDEA_CELL_LOCAL_ONLY_20260524_001305\EVIDENCE\ROOT_PUZZLE_DROP_MOVE_RECEIPT_20260524_032211.txt",".txt","873","RECEIPT"
"SECRET_SURFACE","_LOCAL_CUSTODY_N_RECEIPTS\RECYCLE_BIN_RECOVERY_20260604_203541\RECOVERED_ITEMS\ITEM_0002__Teleporter137_\Teleporter137_\Jxhnny_Kl33N_Seedz\MULE_LOCAL_ONLY\TOP_SECRET_IDEA_CELL_LOCAL_ONLY_20260524_001305\EVIDENCE\ROOT_RIGIDITY_DROP_MOVE_LEDGER_20260524_012157.csv",".csv","471","RECEIPT"
"SECRET_SURFACE","_LOCAL_CUSTODY_N_RECEIPTS\RECYCLE_BIN_RECOVERY_20260604_203541\RECOVERED_ITEMS\ITEM_0002__Teleporter137_\Teleporter137_\Jxhnny_Kl33N_Seedz\MULE_LOCAL_ONLY\TOP_SECRET_IDEA_CELL_LOCAL_ONLY_20260524_001305\EVIDENCE\ROOT_RIGIDITY_DROP_MOVE_RECEIPT_20260524_012157.txt",".txt","944","RECEIPT"
"SECRET_SURFACE","_LOCAL_CUSTODY_N_RECEIPTS\RECYCLE_BIN_RECOVERY_20260604_203541\RECOVERED_ITEMS\ITEM_0002__Teleporter137_\Teleporter137_\Jxhnny_Kl33N_Seedz\MULE_LOCAL_ONLY\TOP_SECRET_IDEA_CELL_LOCAL_ONLY_20260524_001305\EVIDENCE\SYMBOLIC_SOURCE_SEARCH_RESULTS_20260524_001305.txt",".txt","505","RECEIPT"
"SECRET_SURFACE","_LOCAL_CUSTODY_N_RECEIPTS\RECYCLE_BIN_RECOVERY_20260604_203541\RECOVERED_ITEMS\ITEM_0002__Teleporter137_\Teleporter137_\Jxhnny_Kl33N_Seedz\MULE_LOCAL_ONLY\TOP_SECRET_IDEA_CELL_LOCAL_ONLY_20260524_001305\EVIDENCE\TOP_SECRET_IDEA_CELL_RECEIPT_20260524_001305.txt",".txt","1544","RECEIPT"
"SECRET_SURFACE","_LOCAL_CUSTODY_N_RECEIPTS\RECYCLE_BIN_RECOVERY_20260604_203541\RECOVERED_ITEMS\ITEM_0002__Teleporter137_\Teleporter137_\Jxhnny_Kl33N_Seedz\MULE_LOCAL_ONLY\TOP_SECRET_IDEA_CELL_LOCAL_ONLY_20260524_001305\EVIDENCE\TRANSCRIPT_LOCAL_SOURCE_MANIFEST_20260524_011140.csv",".csv","23889","RECEIPT"
"SECRET_SURFACE","_LOCAL_CUSTODY_N_RECEIPTS\RECYCLE_BIN_RECOVERY_20260604_203541\RECOVERED_ITEMS\ITEM_0002__Teleporter137_\Teleporter137_\Jxhnny_Kl33N_Seedz\MULE_LOCAL_ONLY\TOP_SECRET_IDEA_CELL_LOCAL_ONLY_20260524_001305\EVIDENCE\TRANSCRIPT_LOCAL_SOURCE_MANIFEST_RECEIPT_20260524_011140.txt",".txt","1005","RECEIPT"
"SECRET_SURFACE","_LOCAL_CUSTODY_N_RECEIPTS\RECYCLE_BIN_RECOVERY_20260604_203541\RECOVERED_ITEMS\ITEM_0002__Teleporter137_\Teleporter137_\Jxhnny_Kl33N_Seedz\MULE_LOCAL_ONLY\TOP_SECRET_IDEA_CELL_LOCAL_ONLY_20260524_001305\EVIDENCE\WORKER_SYMPTOM_DIAGNOSTIC_LOCAL_EVIDENCE_20260524_014844.md",".md","2631","RECEIPT"
"SECRET_SURFACE","_LOCAL_CUSTODY_N_RECEIPTS\RECYCLE_BIN_RECOVERY_20260604_203541\RECOVERED_ITEMS\ITEM_0002__Teleporter137_\Teleporter137_\Jxhnny_Kl33N_Seedz\MULE_LOCAL_ONLY\TOP_SECRET_IDEA_CELL_LOCAL_ONLY_20260524_001305\EVIDENCE\GIT_HELD_LOCAL_ONLY_WASH_EVIDENCE_20260524_090000\COMMAND_CENTER__PICKUP___PARKING_NOTES__CONSOLIDATOR_TRIAL_WATCH_GATE_REVIEW_20260523_213713.md",".md","6621","RECEIPT"
"SECRET_SURFACE","_LOCAL_CUSTODY_N_RECEIPTS\RECYCLE_BIN_RECOVERY_20260604_203541\RECOVERED_ITEMS\ITEM_0002__Teleporter137_\Teleporter137_\Jxhnny_Kl33N_Seedz\MULE_LOCAL_ONLY\TOP_SECRET_IDEA_CELL_LOCAL_ONLY_20260524_001305\EVIDENCE\GIT_HELD_LOCAL_ONLY_WASH_EVIDENCE_20260524_090000\COMMAND_CENTER__PICKUP___PARKING_NOTES__PARKING_TODO_CONSOLIDATOR_TRIAL_WATCH_OUTPUTS_20260523_213713.md",".md","2755","RECEIPT"
"SECRET_SURFACE","_LOCAL_CUSTODY_N_RECEIPTS\RECYCLE_BIN_RECOVERY_20260604_203541\RECOVERED_ITEMS\ITEM_0002__Teleporter137_\Teleporter137_\Jxhnny_Kl33N_Seedz\MULE_LOCAL_ONLY\TOP_SECRET_IDEA_CELL_LOCAL_ONLY_20260524_001305\EVIDENCE\GIT_HELD_LOCAL_ONLY_WASH_EVIDENCE_20260524_090000\COMMAND_CENTER__PICKUP___PARKING_NOTES__PUZZLE_ASSISTANT_ISSUES_WHIRLPOOL_FLATLINE_PACK_20260524_032211.md",".md","10048","RECEIPT"
"SECRET_SURFACE","_LOCAL_CUSTODY_N_RECEIPTS\RECYCLE_BIN_RECOVERY_20260604_203541\RECOVERED_ITEMS\ITEM_0002__Teleporter137_\Teleporter137_\Jxhnny_Kl33N_Seedz\MULE_LOCAL_ONLY\TOP_SECRET_IDEA_CELL_LOCAL_ONLY_20260524_001305\EVIDENCE\GIT_HELD_LOCAL_ONLY_WASH_EVIDENCE_20260524_090000\COMMAND_CENTER__PICKUP___PARKING_NOTES__SIMPLICITY_BUILD_COMPRESSION_RESEARCH_WASH_20260524_050620.md",".md","10571","RECEIPT"
"SECRET_SURFACE","_LOCAL_CUSTODY_N_RECEIPTS\RECYCLE_BIN_RECOVERY_20260604_203541\RECOVERED_ITEMS\ITEM_0002__Teleporter137_\Teleporter137_\Jxhnny_Kl33N_Seedz\MULE_LOCAL_ONLY\TOP_SECRET_IDEA_CELL_LOCAL_ONLY_20260524_001305\EVIDENCE\GIT_HELD_LOCAL_ONLY_WASH_EVIDENCE_20260524_090000\COMMAND_CENTER__RECEIPTS__DEEP_SCAN_LOCAL_SOURCE_MANIFEST_20260524_055330.csv",".csv","690504","RECEIPT"
"SECRET_SURFACE","_LOCAL_CUSTODY_N_RECEIPTS\RECYCLE_BIN_RECOVERY_20260604_203541\RECOVERED_ITEMS\ITEM_0002__Teleporter137_\Teleporter137_\Jxhnny_Kl33N_Seedz\MULE_LOCAL_ONLY\TOP_SECRET_IDEA_CELL_LOCAL_ONLY_20260524_001305\EVIDENCE\GIT_HELD_LOCAL_ONLY_WASH_EVIDENCE_20260524_090000\COMMAND_CENTER__RECEIPTS__DEEP_SCAN_THEME_HIT_LEDGER_20260524_055330.csv",".csv","1241191","RECEIPT"
"SECRET_SURFACE","_LOCAL_CUSTODY_N_RECEIPTS\RECYCLE_BIN_RECOVERY_20260604_203541\RECOVERED_ITEMS\ITEM_0002__Teleporter137_\Teleporter137_\Jxhnny_Kl33N_Seedz\MULE_LOCAL_ONLY\TOP_SECRET_IDEA_CELL_LOCAL_ONLY_20260524_001305\EVIDENCE\GIT_HELD_LOCAL_ONLY_WASH_EVIDENCE_20260524_090000\COMMAND_CENTER__RECEIPTS__DEEP_SCAN_TRANSCRIPT_SOURCE_INDEX_20260524_055330.csv",".csv","15636","RECEIPT"
"SECRET_SURFACE","_LOCAL_CUSTODY_N_RECEIPTS\RECYCLE_BIN_RECOVERY_20260604_203541\RECOVERED_ITEMS\ITEM_0002__Teleporter137_\Teleporter137_\Jxhnny_Kl33N_Seedz\MULE_LOCAL_ONLY\TOP_SECRET_IDEA_CELL_LOCAL_ONLY_20260524_001305\EVIDENCE\GIT_HELD_LOCAL_ONLY_WASH_EVIDENCE_20260524_090000\COMMAND_CENTER__RECEIPTS__HOLD_SIGNAL_STRUCTURE_SOURCE_LEDGER_20260524_053833.csv",".csv","3280","RECEIPT"
"SECRET_SURFACE","_LOCAL_CUSTODY_N_RECEIPTS\RECYCLE_BIN_RECOVERY_20260604_203541\RECOVERED_ITEMS\ITEM_0002__Teleporter137_\Teleporter137_\Jxhnny_Kl33N_Seedz\MULE_LOCAL_ONLY\TOP_SECRET_IDEA_CELL_LOCAL_ONLY_20260524_001305\EVIDENCE\GIT_HELD_LOCAL_ONLY_WASH_EVIDENCE_20260524_090000\COMMAND_CENTER__RECEIPTS__HOUSE_FILE_INTEGRITY_MANIFEST_20260524_042108.csv",".csv","603605","RECEIPT"
"SECRET_SURFACE","_LOCAL_CUSTODY_N_RECEIPTS\RECYCLE_BIN_RECOVERY_20260604_203541\RECOVERED_ITEMS\ITEM_0002__Teleporter137_\Teleporter137_\Jxhnny_Kl33N_Seedz\MULE_LOCAL_ONLY\TOP_SECRET_IDEA_CELL_LOCAL_ONLY_20260524_001305\EVIDENCE\GIT_HELD_LOCAL_ONLY_WASH_EVIDENCE_20260524_090000\COMMAND_CENTER__RECEIPTS__LOCAL_123_CONSOLIDATOR_TRIAL_WATCH_GATE_REVIEW_RECEIPT_20260523_213713.txt",".txt","4913","RECEIPT"
"SECRET_SURFACE","_LOCAL_CUSTODY_N_RECEIPTS\RECYCLE_BIN_RECOVERY_20260604_203541\RECOVERED_ITEMS\ITEM_0002__Teleporter137_\Teleporter137_\Jxhnny_Kl33N_Seedz\MULE_LOCAL_ONLY\TOP_SECRET_IDEA_CELL_LOCAL_ONLY_20260524_001305\EVIDENCE\GIT_HELD_LOCAL_ONLY_WASH_EVIDENCE_20260524_090000\COMMAND_CENTER__RECEIPTS__LOCAL_123_NEW_ISSUES_1_LOCAL_SOURCE_CHECKPOINT_RECEIPT_20260524_011140.txt",".txt","3324","RECEIPT"
"SECRET_SURFACE","_LOCAL_CUSTODY_N_RECEIPTS\RECYCLE_BIN_RECOVERY_20260604_203541\RECOVERED_ITEMS\ITEM_0002__Teleporter137_\Teleporter137_\Jxhnny_Kl33N_Seedz\MULE_LOCAL_ONLY\TOP_SECRET_IDEA_CELL_LOCAL_ONLY_20260524_001305\EVIDENCE\GIT_HELD_LOCAL_ONLY_WASH_EVIDENCE_20260524_090000\COMMAND_CENTER__RECEIPTS__LOCAL_123_NEW_ISSUES_TRUE_SEAM_IDEA_CELL_RECEIPT_20260524_001305.txt",".txt","3029","RECEIPT"
"SECRET_SURFACE","_LOCAL_CUSTODY_N_RECEIPTS\RECYCLE_BIN_RECOVERY_20260604_203541\RECOVERED_ITEMS\ITEM_0002__Teleporter137_\Teleporter137_\Jxhnny_Kl33N_Seedz\MULE_LOCAL_ONLY\TOP_SECRET_IDEA_CELL_LOCAL_ONLY_20260524_001305\EVIDENCE\GIT_HELD_LOCAL_ONLY_WASH_EVIDENCE_20260524_090000\COMMAND_CENTER__RECEIPTS__LOCAL_123_PUZZLE_ASSISTANT_ISSUES_WHIRLPOOL_RECEIPT_20260524_032211.txt",".txt","3905","RECEIPT"
"SECRET_SURFACE","_LOCAL_CUSTODY_N_RECEIPTS\RECYCLE_BIN_RECOVERY_20260604_203541\RECOVERED_ITEMS\ITEM_0002__Teleporter137_\Teleporter137_\Jxhnny_Kl33N_Seedz\MULE_LOCAL_ONLY\TOP_SECRET_IDEA_CELL_LOCAL_ONLY_20260524_001305\EVIDENCE\GIT_HELD_LOCAL_ONLY_WASH_EVIDENCE_20260524_090000\COMMAND_CENTER__RECEIPTS__LOCAL_123_SIMPLICITY_BUILD_COMPRESSION_RESEARCH_WASH_RECEIPT_20260524_050620.txt",".txt","2387","RECEIPT"
"SECRET_SURFACE","_LOCAL_CUSTODY_N_RECEIPTS\RECYCLE_BIN_RECOVERY_20260604_203541\RECOVERED_ITEMS\ITEM_0002__Teleporter137_\Teleporter137_\Jxhnny_Kl33N_Seedz\MULE_LOCAL_ONLY\TOP_SECRET_IDEA_CELL_LOCAL_ONLY_20260524_001305\EVIDENCE\GIT_HELD_LOCAL_ONLY_WASH_EVIDENCE_20260524_090000\COMMAND_CENTER__RECEIPTS__LOCAL_123_WORKER_SYMPTOM_DIAGNOSTIC_GATE_RECEIPT_20260524_014844.txt",".txt","2940","RECEIPT"
"SECRET_SURFACE","_LOCAL_CUSTODY_N_RECEIPTS\RECYCLE_BIN_RECOVERY_20260604_203541\RECOVERED_ITEMS\ITEM_0002__Teleporter137_\Teleporter137_\Jxhnny_Kl33N_Seedz\MULE_LOCAL_ONLY\TOP_SECRET_IDEA_CELL_LOCAL_ONLY_20260524_001305\EVIDENCE\GIT_HELD_LOCAL_ONLY_WASH_EVIDENCE_20260524_090000\COMMAND_CENTER__TODO__TODO_CONSOLIDATOR_TRIAL_WATCH_NEXT_CLUSTERS_20260523_213713.md",".md","1593","RECEIPT"
"SECRET_SURFACE","_LOCAL_CUSTODY_N_RECEIPTS\RECYCLE_BIN_RECOVERY_20260604_203541\RECOVERED_ITEMS\ITEM_0002__Teleporter137_\Teleporter137_\Jxhnny_Kl33N_Seedz\MULE_LOCAL_ONLY\TOP_SECRET_IDEA_CELL_LOCAL_ONLY_20260524_001305\EVIDENCE\GIT_HELD_LOCAL_ONLY_WASH_EVIDENCE_20260524_090000\LOCAL_ONLY_HOLD_LEDGER_20260524_090000.csv",".csv","6266","RECEIPT"
"SECRET_SURFACE","_LOCAL_CUSTODY_N_RECEIPTS\RECYCLE_BIN_RECOVERY_20260604_203541\RECOVERED_ITEMS\ITEM_0002__Teleporter137_\Teleporter137_\Jxhnny_Kl33N_Seedz\MULE_LOCAL_ONLY\TOP_SECRET_IDEA_CELL_LOCAL_ONLY_20260524_001305\INBOX\NEW_ISSUES_20260524_001305.txt",".txt","16574","RECEIPT"
"SECRET_SURFACE","_LOCAL_CUSTODY_N_RECEIPTS\RECYCLE_BIN_RECOVERY_20260604_203541\RECOVERED_ITEMS\ITEM_0002__Teleporter137_\Teleporter137_\Jxhnny_Kl33N_Seedz\MULE_LOCAL_ONLY\TOP_SECRET_IDEA_CELL_LOCAL_ONLY_20260524_001305\INBOX\ROOT_ISSUE_DROPS_MOVED_20260524_011003\NEW_ISSUES_1.txt",".txt","17715","RECEIPT"
"SECRET_SURFACE","_LOCAL_CUSTODY_N_RECEIPTS\RECYCLE_BIN_RECOVERY_20260604_203541\RECOVERED_ITEMS\ITEM_0002__Teleporter137_\Teleporter137_\Jxhnny_Kl33N_Seedz\MULE_LOCAL_ONLY\TOP_SECRET_IDEA_CELL_LOCAL_ONLY_20260524_001305\INBOX\ROOT_ISSUE_DROPS_MOVED_20260524_011003\NEW_ISSUES.txt",".txt","16574","RECEIPT"
"SECRET_SURFACE","_LOCAL_CUSTODY_N_RECEIPTS\RECYCLE_BIN_RECOVERY_20260604_203541\RECOVERED_ITEMS\ITEM_0002__Teleporter137_\Teleporter137_\Jxhnny_Kl33N_Seedz\MULE_LOCAL_ONLY\TOP_SECRET_IDEA_CELL_LOCAL_ONLY_20260524_001305\INBOX\ROOT_ISSUE_DROPS_MOVED_20260524_012157\NEW_ISSUES.txt",".txt","5695","RECEIPT"
"SECRET_SURFACE","_LOCAL_CUSTODY_N_RECEIPTS\RECYCLE_BIN_RECOVERY_20260604_203541\RECOVERED_ITEMS\ITEM_0002__Teleporter137_\Teleporter137_\Jxhnny_Kl33N_Seedz\MULE_LOCAL_ONLY\TOP_SECRET_IDEA_CELL_LOCAL_ONLY_20260524_001305\INBOX\ROOT_PUZZLE_DROP_MOVED_20260524_032211\puzzle.txt",".txt","12322","RECEIPT"
"SECRET_SURFACE","_LOCAL_CUSTODY_N_RECEIPTS\RECYCLE_BIN_RECOVERY_20260604_203541\RECOVERED_ITEMS\ITEM_0002__Teleporter137_\Teleporter137_\Jxhnny_Kl33N_Seedz\MULE_LOCAL_ONLY\TOP_SECRET_IDEA_CELL_LOCAL_ONLY_20260524_001305\SYMBOLIC_CELL\METRONS_CUBE_LOCAL_SYMBOLIC_CELL_20260524_001305.md",".md","1129","RECEIPT"
"SECRET_SURFACE","_LOCAL_CUSTODY_N_RECEIPTS\RECYCLE_BIN_RECOVERY_20260604_203541\RECOVERED_ITEMS\ITEM_0019__New folder (2)\New folder (2)\.petmp11463F\05_FIXTURE_PACKS\03_TOKEN_CAVEAT_ATTENUATION_FIXTURES.md",".md","168","RECEIPT"
"BINARY_ARCHIVE_EXECUTABLE","COMMAND_CENTER\ROOT_RESIDUE_CUSTODY\20260604_20260603_234658\HANDOFF_AND_CORRECTION_PACKETS\MULE_CORRECTION_V2_INJECT_GOOD_UPDATE_PATHS_20260604\MULE_CORRECTION_APPLY_ROOT_RULE_AND_FULL_NEXT_JOB_20260604\MULE_HANDOFF_ROW_001_RULE_CAPTURE_20260604.zip",".zip","22212","PACKET_OR_ORDER"
"BINARY_ARCHIVE_EXECUTABLE","COMMAND_CENTER\ROOT_RESIDUE_CUSTODY\20260604_20260603_234658\HANDOFF_AND_CORRECTION_PACKETS\MULE_CORRECTION_V2_INJECT_GOOD_UPDATE_PATHS_20260604\MULE_CORRECTION_APPLY_ROOT_RULE_AND_FULL_NEXT_JOB_20260604\ROW_001_DISPOSABLE_FIXTURE_V1.zip",".zip","10696","PACKET_OR_ORDER"
"BINARY_ARCHIVE_EXECUTABLE","COMMAND_CENTER\ROOT_RESIDUE_CUSTODY\20260604_20260603_234658\HANDOFF_AND_CORRECTION_PACKETS\MULE_HANDOFF_ROW_001_RULE_CAPTURE_20260604\ROW_001_DISPOSABLE_FIXTURE_V1.zip",".zip","10696","PACKET_OR_ORDER"
"BINARY_ARCHIVE_EXECUTABLE","Jxhnny_Kl33N_Seedz\.git\objects\pack\pack-018df001013956e0037476ca71539f76facb1997.idx",".idx","99184","GENERAL"
"BINARY_ARCHIVE_EXECUTABLE","Jxhnny_Kl33N_Seedz\.git\objects\pack\pack-020f29609e6916bed096674a9fa8cd1c3840fb1c.idx",".idx","48224","GENERAL"
"BINARY_ARCHIVE_EXECUTABLE","Jxhnny_Kl33N_Seedz\.git\objects\pack\pack-1ab832285244384723c98cd7dd50b8049cda77fa.idx",".idx","9836","GENERAL"
"BINARY_ARCHIVE_EXECUTABLE","Jxhnny_Kl33N_Seedz\.git\objects\pack\pack-1c8fd61b6d6ab49556bd41fb99ac34c608f082f0.idx",".idx","13476","GENERAL"
"BINARY_ARCHIVE_EXECUTABLE","Jxhnny_Kl33N_Seedz\.git\objects\pack\pack-2100242d2b214b3c928c80e940f612781299ea07.idx",".idx","12860","GENERAL"
"BINARY_ARCHIVE_EXECUTABLE","Jxhnny_Kl33N_Seedz\.git\objects\pack\pack-2b3d4069985e0c1c5c23fe7031f864b1e1945c71.idx",".idx","9696","GENERAL"
"BINARY_ARCHIVE_EXECUTABLE","Jxhnny_Kl33N_Seedz\.git\objects\pack\pack-2b3d4069985e0c1c5c23fe7031f864b1e1945c71.pack",".pack","609506","GENERAL"
"BINARY_ARCHIVE_EXECUTABLE","Jxhnny_Kl33N_Seedz\.git\objects\pack\pack-5604df9e7168640bafb2a1e127de540f3041e72e.idx",".idx","9276","GENERAL"
"BINARY_ARCHIVE_EXECUTABLE","Jxhnny_Kl33N_Seedz\.git\objects\pack\pack-7e95efa3a1947eb01121ddb0a97a53a7a411081e.idx",".idx","26188","GENERAL"
"BINARY_ARCHIVE_EXECUTABLE","Jxhnny_Kl33N_Seedz\.git\objects\pack\pack-8482d4c36151a30fc1d20ec94231934172b261b0.idx",".idx","2892","GENERAL"
"BINARY_ARCHIVE_EXECUTABLE","Jxhnny_Kl33N_Seedz\.git\objects\pack\pack-8c94839a543cb4ca537b9fe375e6424b3c459a23.idx",".idx","5832","GENERAL"
"BINARY_ARCHIVE_EXECUTABLE","Jxhnny_Kl33N_Seedz\.git\objects\pack\pack-9bfde6179aa9caef376534f49b727aa9cca002d4.idx",".idx","5412","GENERAL"
"BINARY_ARCHIVE_EXECUTABLE","Jxhnny_Kl33N_Seedz\.git\objects\pack\pack-9eeb783f80835b5f65ab70ef236fe77eacc289a1.idx",".idx","1660","GENERAL"
"BINARY_ARCHIVE_EXECUTABLE","Jxhnny_Kl33N_Seedz\.git\objects\pack\pack-9eeb783f80835b5f65ab70ef236fe77eacc289a1.pack",".pack","6343","GENERAL"
"BINARY_ARCHIVE_EXECUTABLE","Jxhnny_Kl33N_Seedz\.git\objects\pack\pack-ac1e05ebd4025028df6ff7b18a3198b2b8415c1a.idx",".idx","172208","GENERAL"
"BINARY_ARCHIVE_EXECUTABLE","Jxhnny_Kl33N_Seedz\.git\objects\pack\pack-ac1e05ebd4025028df6ff7b18a3198b2b8415c1a.pack",".pack","44776685","GENERAL"
"BINARY_ARCHIVE_EXECUTABLE","Jxhnny_Kl33N_Seedz\.git\objects\pack\pack-b2208e1450079d348ae5a2fb8d30c8e1dbc1851c.idx",".idx","42148","GENERAL"
"BINARY_ARCHIVE_EXECUTABLE","Jxhnny_Kl33N_Seedz\.git\objects\pack\pack-b2208e1450079d348ae5a2fb8d30c8e1dbc1851c.pack",".pack","46861455","GENERAL"
"BINARY_ARCHIVE_EXECUTABLE","Jxhnny_Kl33N_Seedz\.git\objects\pack\pack-b3c6157746918df8ddcb17c10d6ef6dec43b29c1.idx",".idx","26216","GENERAL"
"BINARY_ARCHIVE_EXECUTABLE","Jxhnny_Kl33N_Seedz\.git\objects\pack\pack-bcd9907ebafd1d92796bc54b49e01678dd324902.idx",".idx","52620","GENERAL"
"BINARY_ARCHIVE_EXECUTABLE","Jxhnny_Kl33N_Seedz\.git\objects\pack\pack-d2fe82797fc98e51e207a6dc12fdc31a5a98d35d.idx",".idx","13840","GENERAL"
"BINARY_ARCHIVE_EXECUTABLE","Jxhnny_Kl33N_Seedz\.git\objects\pack\pack-e3b1499e77f5cf3272f60dcb44b304dd9518d82c.idx",".idx","15408","GENERAL"
"BINARY_ARCHIVE_EXECUTABLE","Jxhnny_Kl33N_Seedz\.git\objects\pack\pack-e4583e01bfdc3fdb9259340598697f5b518baa02.idx",".idx","27196","GENERAL"
"BINARY_ARCHIVE_EXECUTABLE","Jxhnny_Kl33N_Seedz\.git\objects\pack\pack-e9592052061e227c9e18dcb04d3fea0ecc57797d.idx",".idx","16052","GENERAL"
"BINARY_ARCHIVE_EXECUTABLE","Jxhnny_Kl33N_Seedz\.git\objects\pack\pack-f63d375eb96d7b4e19371b14ddef18c403028703.idx",".idx","10648","GENERAL"
"BINARY_ARCHIVE_EXECUTABLE","Jxhnny_Kl33N_Seedz\CleanSeedsBuild\CleanSeed_Backups\CleanSeed_SourceTruth_Backup_20260509_233207\SOURCE_COPY\PROOF_HISTORY\DESKTOP_CLEANUP_ARCHIVE_20260509\CleanSeed_Desktop_Staging_UPLOAD_PACKET_BACKUP_20260509_182251.zip",".zip","67748","PACKET_OR_ORDER"
"BINARY_ARCHIVE_EXECUTABLE","Jxhnny_Kl33N_Seedz\CleanSeedsBuild\CleanSeed_Backups\CleanSeed_SourceTruth_Backup_20260509_233207\SOURCE_COPY\PROOF_HISTORY\DESKTOP_CLEANUP_ARCHIVE_20260509\CleanSeed_Desktop_Staging_UPLOAD_PACKET_BACKUP_AFTER_PHASE_022_20260509_183407.zip",".zip","67748","PACKET_OR_ORDER"
"BINARY_ARCHIVE_EXECUTABLE","Jxhnny_Kl33N_Seedz\CleanSeedsBuild\CleanSeed_Backups\CleanSeed_SourceTruth_Backup_20260509_233207\SOURCE_COPY\PROOF_HISTORY\DESKTOP_CLEANUP_ARCHIVE_20260509\CleanSeed_Desktop_Staging_UPLOAD_PACKET.zip",".zip","72615","PACKET_OR_ORDER"
"BINARY_ARCHIVE_EXECUTABLE","Jxhnny_Kl33N_Seedz\CleanSeedsBuild\NEOCITIES_CLEAN_SITE\assets\controlled-recursive-growth.png",".png","1964008","GENERAL"
"BINARY_ARCHIVE_EXECUTABLE","Jxhnny_Kl33N_Seedz\CleanSeedsBuild\NEOCITIES_CLEAN_SITE\assets\cure-for-drift.png",".png","2044686","GENERAL"
"BINARY_ARCHIVE_EXECUTABLE","Jxhnny_Kl33N_Seedz\CleanSeedsBuild\NEOCITIES_CLEAN_SITE\assets\recursive-ai-growth-theory.png",".png","2112132","GENERAL"
"BINARY_ARCHIVE_EXECUTABLE","Jxhnny_Kl33N_Seedz\CleanSeedsBuild\NEOCITIES_CLEAN_SITE\assets\recursive-core-architecture.png",".png","2128599","GENERAL"
"BINARY_ARCHIVE_EXECUTABLE","Jxhnny_Kl33N_Seedz\CleanSeedsBuild\NEOCITIES_PUBLIC_SAFE_PREVIEW_20260512_224927\assets\index-art.png",".png","421607","REVIEW_REPORT"
"BINARY_ARCHIVE_EXECUTABLE","Jxhnny_Kl33N_Seedz\COMMAND_CENTER\REMOTE_DOOR_RELAY_V2\TOOLS\cloudflared.exe",".exe","53886304","GENERAL"
"BINARY_ARCHIVE_EXECUTABLE","Jxhnny_Kl33N_Seedz\GPT_PROMPTS_CUSTODY\DOWNLOADS_LOOSE_CANDIDATES\20260523_001601\CHAT_COCKPIT_ROUTER_MAP_PACKET_V1.0.zip",".zip","4010","PACKET_OR_ORDER"
"BINARY_ARCHIVE_EXECUTABLE","Jxhnny_Kl33N_Seedz\GPT_PROMPTS_CUSTODY\DOWNLOADS_LOOSE_CANDIDATES\20260523_001601\CHAT_GATE_SYSTEM_RESPECTFUL_SUIT_MAP_UPDATE.zip",".zip","9910","GENERAL"
"BINARY_ARCHIVE_EXECUTABLE","Jxhnny_Kl33N_Seedz\GPT_PROMPTS_CUSTODY\DOWNLOADS_LOOSE_CANDIDATES\20260523_001601\CHAT_SOFT_SUIT_CHAT_WEIGHT_RELEASE_LOCK.zip",".zip","11313","GENERAL"
"BINARY_ARCHIVE_EXECUTABLE","Jxhnny_Kl33N_Seedz\GPT_PROMPTS_CUSTODY\DOWNLOADS_LOOSE_CANDIDATES\20260523_001601\CHAT_SOFT_SUIT_MISSING_CORE_11_TO_READY.zip",".zip","6431","GENERAL"
"BINARY_ARCHIVE_EXECUTABLE","Jxhnny_Kl33N_Seedz\GPT_PROMPTS_CUSTODY\DOWNLOADS_LOOSE_CANDIDATES\20260523_001601\CHILD_SHELL_FINAL_CONCEPT_FORMULA_PROOF_PACKET_20260521 (1).zip",".zip","10325","PACKET_OR_ORDER"
"BINARY_ARCHIVE_EXECUTABLE","Jxhnny_Kl33N_Seedz\GPT_PROMPTS_CUSTODY\DOWNLOADS_LOOSE_CANDIDATES\20260523_001601\COMMON_SENSE_DEEP_RESEARCH_PACKET_20260521.zip",".zip","17521","PACKET_OR_ORDER"
"BINARY_ARCHIVE_EXECUTABLE","Jxhnny_Kl33N_Seedz\GPT_PROMPTS_CUSTODY\DOWNLOADS_LOOSE_CANDIDATES\20260523_001601\COMPLETE_CHAT_GATE_SYSTEM_PACKAGE.zip",".zip","19075","GENERAL"
"BINARY_ARCHIVE_EXECUTABLE","Jxhnny_Kl33N_Seedz\GPT_PROMPTS_CUSTODY\DOWNLOADS_LOOSE_CANDIDATES\20260523_001601\Core_Promotion_Architecture_Generic_Packet.pdf",".pdf","40924","PACKET_OR_ORDER"
"BINARY_ARCHIVE_EXECUTABLE","Jxhnny_Kl33N_Seedz\GPT_PROMPTS_CUSTODY\DOWNLOADS_LOOSE_CANDIDATES\20260523_001601\Core_Promotion_Passport.png",".png","1674411","GENERAL"
"BINARY_ARCHIVE_EXECUTABLE","Jxhnny_Kl33N_Seedz\GPT_PROMPTS_CUSTODY\DOWNLOADS_LOOSE_CANDIDATES\20260523_001601\DENSE_IDEA_REVISE_RULE_DEEP_RESEARCH_PACKET_20260521.zip",".zip","18901","PACKET_OR_ORDER"
"BINARY_ARCHIVE_EXECUTABLE","Jxhnny_Kl33N_Seedz\GPT_PROMPTS_CUSTODY\DOWNLOADS_LOOSE_CANDIDATES\20260523_001601\MULE_REVIEW_ASSISTANT_LOCAL_STABILIZATION_HANDOFF_PACKET_V1.zip",".zip","7314","PACKET_OR_ORDER"
"BINARY_ARCHIVE_EXECUTABLE","Jxhnny_Kl33N_Seedz\GPT_PROMPTS_CUSTODY\DOWNLOADS_LOOSE_CANDIDATES\20260523_001601\NEOCITIES_ROOT_PROOF_DROP_IN.zip",".zip","815","GENERAL"
"BINARY_ARCHIVE_EXECUTABLE","Jxhnny_Kl33N_Seedz\GPT_PROMPTS_CUSTODY\DOWNLOADS_LOOSE_CANDIDATES\20260523_001601\Sam_Packet_Core_Promotion_Architecture_Context_Exposure_Added.pdf",".pdf","161144","PACKET_OR_ORDER"
"BINARY_ARCHIVE_EXECUTABLE","Jxhnny_Kl33N_Seedz\MEDIA_INTAKE\IMAGES\clean_core_growth_transparent_cropped (1).png",".png","1609561","GENERAL"
"BINARY_ARCHIVE_EXECUTABLE","Jxhnny_Kl33N_Seedz\MEDIA_INTAKE\IMAGES\clean_core_growth_transparent_cropped.png",".png","1609561","GENERAL"
"BINARY_ARCHIVE_EXECUTABLE","Jxhnny_Kl33N_Seedz\MEDIA_INTAKE\IMAGES\clean_core_growth_transparent_full.png",".png","1983031","GENERAL"
"BINARY_ARCHIVE_EXECUTABLE","Jxhnny_Kl33N_Seedz\PORCH_SORTING_TABLE\NEEDS_REVIEW\System.Diagnostics.DiagnosticSource.dll",".dll","502024","REVIEW_REPORT"
"BINARY_ARCHIVE_EXECUTABLE","Jxhnny_Kl33N_Seedz\PORCH_SORTING_TABLE\NEEDS_REVIEW\System.Diagnostics.TraceSource.dll",".dll","141624","REVIEW_REPORT"
"BINARY_ARCHIVE_EXECUTABLE","Jxhnny_Kl33N_Seedz\PORCH_SORTING_TABLE\NEEDS_REVIEW\System.IO.FileSystem.Watcher.dll",".dll","88336","REVIEW_REPORT"
"BINARY_ARCHIVE_EXECUTABLE","Jxhnny_Kl33N_Seedz\PORCH_SORTING_TABLE\NEEDS_REVIEW\System.Resources.Extensions.dll",".dll","194832","REVIEW_REPORT"
"BINARY_ARCHIVE_EXECUTABLE","Jxhnny_Kl33N_Seedz\PORCH_SORTING_TABLE\NEEDS_REVIEW\System.Resources.Reader.dll",".dll","15632","REVIEW_REPORT"
"BINARY_ARCHIVE_EXECUTABLE","Jxhnny_Kl33N_Seedz\PORCH_SORTING_TABLE\NEEDS_REVIEW\System.Resources.ResourceManager.dll",".dll","16184","REVIEW_REPORT"
"BINARY_ARCHIVE_EXECUTABLE","Jxhnny_Kl33N_Seedz\PORCH_SORTING_TABLE\NEEDS_REVIEW\System.Resources.Writer.dll",".dll","51464","REVIEW_REPORT"
"BINARY_ARCHIVE_EXECUTABLE","Jxhnny_Kl33N_Seedz\PUBLIC_PROOF_PACKETS\SAM_REVIEW_CHILD_SHELL_RECURSIVE_CORE_PACKET_20260521\SAM_REVIEW_CHILD_SHELL_RECURSIVE_CORE_PACKET_20260521.zip",".zip","12946129","PACKET_OR_ORDER"
"BINARY_ARCHIVE_EXECUTABLE","Jxhnny_Kl33N_Seedz\PUBLIC_PROOF_PACKETS\SAM_REVIEW_CHILD_SHELL_RECURSIVE_CORE_PACKET_20260521\UNPACKED\01_CHILD_SHELL_FINAL_PACKET\CHILD_SHELL_FINAL_CONCEPT_FORMULA_PROOF_PACKET_20260521.zip",".zip","10325","PACKET_OR_ORDER"
"BINARY_ARCHIVE_EXECUTABLE","Jxhnny_Kl33N_Seedz\PUBLIC_PROOF_PACKETS\SAM_REVIEW_CHILD_SHELL_RECURSIVE_CORE_PACKET_20260521\UNPACKED\04_VISUALS\01_recursive_core_architecture.png",".png","2870105","PACKET_OR_ORDER"
"BINARY_ARCHIVE_EXECUTABLE","Jxhnny_Kl33N_Seedz\PUBLIC_PROOF_PACKETS\SAM_REVIEW_CHILD_SHELL_RECURSIVE_CORE_PACKET_20260521\UNPACKED\04_VISUALS\02_the_seed.png",".png","2495435","PACKET_OR_ORDER"
"BINARY_ARCHIVE_EXECUTABLE","Jxhnny_Kl33N_Seedz\PUBLIC_PROOF_PACKETS\SAM_REVIEW_CHILD_SHELL_RECURSIVE_CORE_PACKET_20260521\UNPACKED\04_VISUALS\03_mission_lock.png",".png","2536873","PACKET_OR_ORDER"
"BINARY_ARCHIVE_EXECUTABLE","Jxhnny_Kl33N_Seedz\PUBLIC_PROOF_PACKETS\SAM_REVIEW_CHILD_SHELL_RECURSIVE_CORE_PACKET_20260521\UNPACKED\04_VISUALS\04_evidence_before_repair.png",".png","2434926","PACKET_OR_ORDER"
"BINARY_ARCHIVE_EXECUTABLE","Jxhnny_Kl33N_Seedz\PUBLIC_PROOF_PACKETS\SAM_REVIEW_CHILD_SHELL_RECURSIVE_CORE_PACKET_20260521\UNPACKED\04_VISUALS\05_patch_balance.png",".png","2547698","PACKET_OR_ORDER"
"BINARY_ARCHIVE_EXECUTABLE","Jxhnny_Kl33N_Seedz\RESEARCH_PACKETS\RUDOLF_STEINER_20260523\RUDOLF_STEINER_DEEP_DIVE_RESEARCH_PAPER_V0_1.docx",".docx","49467","PACKET_OR_ORDER"
"BINARY_ARCHIVE_EXECUTABLE","Jxhnny_Kl33N_Seedz\TOOL_PACKS\INCOMING_ZIPS\clean_milk_folder_icon.zip",".zip","158362","GENERAL"
"BINARY_ARCHIVE_EXECUTABLE","Jxhnny_Kl33N_Seedz\TOOL_PACKS\INCOMING_ZIPS\clean_milk_only_icon_and_picture.zip",".zip","2479541","GENERAL"
"BINARY_ARCHIVE_EXECUTABLE","Jxhnny_Kl33N_Seedz\TOOL_PACKS\INCOMING_ZIPS\CLEAN_SEED_MULE_NEEDED_ONLY.zip",".zip","40957","GENERAL"
"BINARY_ARCHIVE_EXECUTABLE","Jxhnny_Kl33N_Seedz\TOOL_PACKS\INCOMING_ZIPS\CleanSeed_INSTALL_COMMAND_MAP_HOUSEKEEPING_LOCK.zip",".zip","10397","GENERAL"
"BINARY_ARCHIVE_EXECUTABLE","Jxhnny_Kl33N_Seedz\TOOL_PACKS\INCOMING_ZIPS\CleanSeed_MAIN_PROJECT_SAVE_PACKET_2026_05_09.zip",".zip","11487","PACKET_OR_ORDER"
"BINARY_ARCHIVE_EXECUTABLE","Jxhnny_Kl33N_Seedz\TOOL_PACKS\INCOMING_ZIPS\DATA_ORDER_OUROBOROS_LEDGER_SAVE_KIT_20260521_071919.zip",".zip","6433","PACKET_OR_ORDER"
"BINARY_ARCHIVE_EXECUTABLE","Jxhnny_Kl33N_Seedz\TOOL_PACKS\INCOMING_ZIPS\HNS_MESH_MULE_REPAIR_PACKET_20260520.zip",".zip","7638","PACKET_OR_ORDER"
"BINARY_ARCHIVE_EXECUTABLE","Jxhnny_Kl33N_Seedz\TOOL_PACKS\INCOMING_ZIPS\mom_front_1993_clean_v8.zip",".zip","83958","GENERAL"
"BINARY_ARCHIVE_EXECUTABLE","Jxhnny_Kl33N_Seedz\TOOL_PACKS\INCOMING_ZIPS\moms_page_second_page_clean_merge_rev21 (1).zip",".zip","61872","GENERAL"
"BINARY_ARCHIVE_EXECUTABLE","Jxhnny_Kl33N_Seedz\TOOL_PACKS\INCOMING_ZIPS\moms_page_second_page_clean_merge_rev21.zip",".zip","61872","GENERAL"
"BINARY_ARCHIVE_EXECUTABLE","Jxhnny_Kl33N_Seedz\TOOL_PACKS\INCOMING_ZIPS\moms-clean-seeds-neocities.zip",".zip","166697","GENERAL"
"BINARY_ARCHIVE_EXECUTABLE","Jxhnny_Kl33N_Seedz\TOOL_PACKS\INCOMING_ZIPS\NEOCITIES_CLEAN_SITE_FIXED_20260513.zip",".zip","14868","GENERAL"
"BINARY_ARCHIVE_EXECUTABLE","Jxhnny_Kl33N_Seedz\TOOL_PACKS\INCOMING_ZIPS\NEOCITIES_NEW_GATE_ONLY.zip",".zip","3871","GENERAL"
"BINARY_ARCHIVE_EXECUTABLE","Jxhnny_Kl33N_Seedz\TOOL_PACKS\INCOMING_ZIPS\porch_second_page_fix_v3.zip",".zip","77544","GENERAL"
"BINARY_ARCHIVE_EXECUTABLE","Jxhnny_Kl33N_Seedz\TOOL_PACKS\INCOMING_ZIPS\porch_second_page_fix.zip",".zip","77579","GENERAL"
"BINARY_ARCHIVE_EXECUTABLE","Jxhnny_Kl33N_Seedz\TOOL_PACKS\INCOMING_ZIPS\porch_second_page_startover_v6.zip",".zip","82846","GENERAL"
"BINARY_ARCHIVE_EXECUTABLE","Jxhnny_Kl33N_Seedz\TOOL_PACKS\INCOMING_ZIPS\porch_second_page_startover_v7.zip",".zip","82237","GENERAL"
"BINARY_ARCHIVE_EXECUTABLE","Jxhnny_Kl33N_Seedz\TOOL_PACKS\INCOMING_ZIPS\RULE_NERVOUS_SYSTEM_MULE_DEEP_DIVE_PACKET_20260521.zip",".zip","9265","PACKET_OR_ORDER"
"BINARY_ARCHIVE_EXECUTABLE","Jxhnny_Kl33N_Seedz\TOOL_PACKS\INCOMING_ZIPS\WHOLE_HOUSE_DOUBLE_PASS_MULE_CRITIQUE_RETURN_20260520_001.zip",".zip","22623","GENERAL"
"BINARY_ARCHIVE_EXECUTABLE","Jxhnny_Kl33N_Seedz\TOOL_PACKS\ROBOCOP\ROBOCOP_ROOT_SETUP_PACK_20260522.zip",".zip","6623","GENERAL"
"BINARY_ARCHIVE_EXECUTABLE","Jxhnny_Kl33N_Seedz\TOOL_PACKS\ROBOCOP\ROBOCOP_ROOT_SETUP_PACK_WITH_SETUP_README_20260522.zip",".zip","7514","GENERAL"
"BINARY_ARCHIVE_EXECUTABLE","Jxhnny_Kl33N_Seedz\TOOL_PACKS\ROBOCOP\ROBOCOP_SIMPLE_README_SETUP_PACK_20260522.zip",".zip","6673","GENERAL"
"BINARY_ARCHIVE_EXECUTABLE","Jxhnny_Kl33N_Seedz\TOOL_PACKS\ROBOCOP\ROBOCOP_VERSIONED_BACKUP_TOOLS_FINAL_20260522.zip",".zip","4215","GENERAL"
"BINARY_ARCHIVE_EXECUTABLE","Jxhnny_Kl33N_Seedz\YT_TRANSCRIPTS\YvyUdcVk_gA_FULL_TRANSCRIPT_PACKAGE_FIXED.zip",".zip","24716","SCRIPT_OR_RUNNER"
"BINARY_ARCHIVE_EXECUTABLE","Jxhnny_Kl33N_Seedz\YT_TRANSCRIPTS\YvyUdcVk_gA_FULL_TRANSCRIPT_PACKAGE.zip",".zip","24650","SCRIPT_OR_RUNNER"
"BINARY_ARCHIVE_EXECUTABLE","Jxhnny_Kl33N_Seedz\YT_TRANSCRIPTS\Wn-qgHg5JhE\ARCHIVE\Wn-qgHg5JhE_FULL_TRANSCRIPT_PACKAGE.zip",".zip","79199","SCRIPT_OR_RUNNER"
"BINARY_ARCHIVE_EXECUTABLE","Jxhnny_Kl33N_Seedz\YT_TRANSCRIPTS\YvyUdcVk_gA\FRAME_HYGIENE_WORK_ORDER_PACKAGE_20260522\06_PACKAGE_ARCHIVE\YvyUdcVk_gA_FRAME_HYGIENE_WORK_ORDER_PACKAGE_20260522_LOCAL.zip",".zip","33224","PACKET_OR_ORDER"
"BINARY_ARCHIVE_EXECUTABLE","_CHAT_DROPS\CHAT_DROP_COPY__LOCAL_PERSON_RESEARCH_ROOM_EXPORT_V1\LOCAL_PERSON_RESEARCH_ROOM_20260524_V1.zip",".zip","37329","GENERAL"
"BINARY_ARCHIVE_EXECUTABLE","_CHAT_DROPS\CHAT_DROP_COPY__LOCAL_PERSON_RESEARCH_ROOM_EXPORT_V1.1\LOCAL_PERSON_RESEARCH_ROOM_20260524_V1.1.zip",".zip","1078378","GENERAL"
"BINARY_ARCHIVE_EXECUTABLE","_LOCAL_CUSTODY_AND_RECEIPTS\ROOT_LEGACY_RESIDUE_PHASE2_20260603_234817\PARKED_PACKAGES_PENDING_REVIEW\HELPER_CAPABILITY_SYSTEM_V2_3_HOUSE_HARNESS_PACK_V0_2\08_INDIVIDUAL_PACKAGE_ZIPS\ALL_10_CHUNKS_PACKAGE.zip",".zip","71725","RECEIPT"
"BINARY_ARCHIVE_EXECUTABLE","_LOCAL_CUSTODY_AND_RECEIPTS\ROOT_LEGACY_RESIDUE_PHASE2_20260603_234817\PARKED_PACKAGES_PENDING_REVIEW\HELPER_CAPABILITY_SYSTEM_V2_3_HOUSE_HARNESS_PACK_V0_2\08_INDIVIDUAL_PACKAGE_ZIPS\ARCHITECTURE_LANES_PACKAGE.zip",".zip","3852","RECEIPT"
"BINARY_ARCHIVE_EXECUTABLE","_LOCAL_CUSTODY_AND_RECEIPTS\ROOT_LEGACY_RESIDUE_PHASE2_20260603_234817\PARKED_PACKAGES_PENDING_REVIEW\HELPER_CAPABILITY_SYSTEM_V2_3_HOUSE_HARNESS_PACK_V0_2\08_INDIVIDUAL_PACKAGE_ZIPS\CHUNK_01_SOURCE_WEB_OUTSIDE_PATTERN_HARVEST_PACKAGE.zip",".zip","11372","RECEIPT"
"BINARY_ARCHIVE_EXECUTABLE","_LOCAL_CUSTODY_AND_RECEIPTS\ROOT_LEGACY_RESIDUE_PHASE2_20260603_234817\PARKED_PACKAGES_PENDING_REVIEW\HELPER_CAPABILITY_SYSTEM_V2_3_HOUSE_HARNESS_PACK_V0_2\08_INDIVIDUAL_PACKAGE_ZIPS\CHUNK_02_HOUSE_PRESSURE_MISSING_MACHINERY_PACKAGE.zip",".zip","9052","RECEIPT"
"BINARY_ARCHIVE_EXECUTABLE","_LOCAL_CUSTODY_AND_RECEIPTS\ROOT_LEGACY_RESIDUE_PHASE2_20260603_234817\PARKED_PACKAGES_PENDING_REVIEW\HELPER_CAPABILITY_SYSTEM_V2_3_HOUSE_HARNESS_PACK_V0_2\08_INDIVIDUAL_PACKAGE_ZIPS\CHUNK_03_CORE_ARCHITECTURE_REBUILD_PACKAGE.zip",".zip","10120","RECEIPT"
"BINARY_ARCHIVE_EXECUTABLE","_LOCAL_CUSTODY_AND_RECEIPTS\ROOT_LEGACY_RESIDUE_PHASE2_20260603_234817\PARKED_PACKAGES_PENDING_REVIEW\HELPER_CAPABILITY_SYSTEM_V2_3_HOUSE_HARNESS_PACK_V0_2\08_INDIVIDUAL_PACKAGE_ZIPS\CHUNK_04_CARDS_TEMPLATES_TABLES_PACKAGE.zip",".zip","11936","RECEIPT"
"BINARY_ARCHIVE_EXECUTABLE","_LOCAL_CUSTODY_AND_RECEIPTS\ROOT_LEGACY_RESIDUE_PHASE2_20260603_234817\PARKED_PACKAGES_PENDING_REVIEW\HELPER_CAPABILITY_SYSTEM_V2_3_HOUSE_HARNESS_PACK_V0_2\08_INDIVIDUAL_PACKAGE_ZIPS\CHUNK_05_TESTS_INVARIANTS_STATE_MACHINE_HARNESS_PACKAGE.zip",".zip","11145","RECEIPT"
"BINARY_ARCHIVE_EXECUTABLE","_LOCAL_CUSTODY_AND_RECEIPTS\ROOT_LEGACY_RESIDUE_PHASE2_20260603_234817\PARKED_PACKAGES_PENDING_REVIEW\HELPER_CAPABILITY_SYSTEM_V2_3_HOUSE_HARNESS_PACK_V0_2\08_INDIVIDUAL_PACKAGE_ZIPS\CHUNK_06_FINAL_SEWN_OBJECT_EDWARD_FINAL_JUDGE_PACKAGE.zip",".zip","13098","RECEIPT"
"BINARY_ARCHIVE_EXECUTABLE","_LOCAL_CUSTODY_AND_RECEIPTS\ROOT_LEGACY_RESIDUE_PHASE2_20260603_234817\PARKED_PACKAGES_PENDING_REVIEW\HELPER_CAPABILITY_SYSTEM_V2_3_HOUSE_HARNESS_PACK_V0_2\08_INDIVIDUAL_PACKAGE_ZIPS\CHUNK_07_HARNESS_BUILD_PLAN_AND_FIXTURE_PACKS_PACKAGE.zip",".zip","1310","RECEIPT"
"BINARY_ARCHIVE_EXECUTABLE","_LOCAL_CUSTODY_AND_RECEIPTS\ROOT_LEGACY_RESIDUE_PHASE2_20260603_234817\PARKED_PACKAGES_PENDING_REVIEW\HELPER_CAPABILITY_SYSTEM_V2_3_HOUSE_HARNESS_PACK_V0_2\08_INDIVIDUAL_PACKAGE_ZIPS\CHUNK_08_RUNTIME_INCIDENT_RETIREMENT_PLAYBOOK_PACKAGE.zip",".zip","1562","RECEIPT"
"BINARY_ARCHIVE_EXECUTABLE","_LOCAL_CUSTODY_AND_RECEIPTS\ROOT_LEGACY_RESIDUE_PHASE2_20260603_234817\PARKED_PACKAGES_PENDING_REVIEW\HELPER_CAPABILITY_SYSTEM_V2_3_HOUSE_HARNESS_PACK_V0_2\08_INDIVIDUAL_PACKAGE_ZIPS\CHUNK_09_HOUSE_ROOM_PACKAGE_MAP_AND_OPERATOR_FLOW_PACKAGE.zip",".zip","1225","RECEIPT"
"BINARY_ARCHIVE_EXECUTABLE","_LOCAL_CUSTODY_AND_RECEIPTS\ROOT_LEGACY_RESIDUE_PHASE2_20260603_234817\PARKED_PACKAGES_PENDING_REVIEW\HELPER_CAPABILITY_SYSTEM_V2_3_HOUSE_HARNESS_PACK_V0_2\08_INDIVIDUAL_PACKAGE_ZIPS\CHUNK_10_LOCK_SAVE_BOUNDARY_AND_NEXT_ALLOWED_WORK_PACKAGE.zip",".zip","1103","RECEIPT"
"BINARY_ARCHIVE_EXECUTABLE","_LOCAL_CUSTODY_AND_RECEIPTS\ROOT_LEGACY_RESIDUE_PHASE2_20260603_234817\PARKED_PACKAGES_PENDING_REVIEW\HELPER_CAPABILITY_SYSTEM_V2_3_HOUSE_HARNESS_PACK_V0_2\08_INDIVIDUAL_PACKAGE_ZIPS\FINAL_DISPOSITION_PACKAGE.zip",".zip","672","RECEIPT"
"BINARY_ARCHIVE_EXECUTABLE","_LOCAL_CUSTODY_AND_RECEIPTS\ROOT_LEGACY_RESIDUE_PHASE2_20260603_234817\PARKED_PACKAGES_PENDING_REVIEW\HELPER_CAPABILITY_SYSTEM_V2_3_HOUSE_HARNESS_PACK_V0_2\08_INDIVIDUAL_PACKAGE_ZIPS\FIXTURE_PACKS_PACKAGE.zip",".zip","3234","RECEIPT"
"BINARY_ARCHIVE_EXECUTABLE","_LOCAL_CUSTODY_AND_RECEIPTS\ROOT_LEGACY_RESIDUE_PHASE2_20260603_234817\PARKED_PACKAGES_PENDING_REVIEW\HELPER_CAPABILITY_SYSTEM_V2_3_HOUSE_HARNESS_PACK_V0_2\08_INDIVIDUAL_PACKAGE_ZIPS\HOUSE_ROOM_SORT_PACKAGE.zip",".zip","893","RECEIPT"
"BINARY_ARCHIVE_EXECUTABLE","_LOCAL_CUSTODY_AND_RECEIPTS\ROOT_LEGACY_RESIDUE_PHASE2_20260603_234817\PARKED_PACKAGES_PENDING_REVIEW\HELPER_CAPABILITY_SYSTEM_V2_3_HOUSE_HARNESS_PACK_V0_2\08_INDIVIDUAL_PACKAGE_ZIPS\SOURCE_DRAFT_PACKAGE.zip",".zip","55997","RECEIPT"
"BINARY_ARCHIVE_EXECUTABLE","_LOCAL_CUSTODY_AND_RECEIPTS\ROOT_LEGACY_RESIDUE_PHASE2_20260603_234817\PARKED_PACKAGES_PENDING_REVIEW\HELPER_CAPABILITY_SYSTEM_V2_3_HOUSE_HARNESS_PACK_V0_2\08_INDIVIDUAL_PACKAGE_ZIPS\TEST_HARNESS_PACKAGE.zip",".zip","1702","RECEIPT"
"BINARY_ARCHIVE_EXECUTABLE","_LOCAL_CUSTODY_AND_RECEIPTS\ROOT_LEGACY_RESIDUE_PHASE2_20260603_234817\PARKED_PACKAGES_PENDING_REVIEW\HELPER_CAPABILITY_SYSTEM_V2_3_INDIVIDUAL_PACKAGES_ONLY_V0_2 - 1\ALL_10_CHUNKS_PACKAGE.zip",".zip","71725","RECEIPT"
"BINARY_ARCHIVE_EXECUTABLE","_LOCAL_CUSTODY_AND_RECEIPTS\ROOT_LEGACY_RESIDUE_PHASE2_20260603_234817\PARKED_PACKAGES_PENDING_REVIEW\HELPER_CAPABILITY_SYSTEM_V2_3_INDIVIDUAL_PACKAGES_ONLY_V0_2 - 1\ARCHITECTURE_LANES_PACKAGE.zip",".zip","3852","RECEIPT"
"BINARY_ARCHIVE_EXECUTABLE","_LOCAL_CUSTODY_AND_RECEIPTS\ROOT_LEGACY_RESIDUE_PHASE2_20260603_234817\PARKED_PACKAGES_PENDING_REVIEW\HELPER_CAPABILITY_SYSTEM_V2_3_INDIVIDUAL_PACKAGES_ONLY_V0_2 - 1\CHUNK_01_SOURCE_WEB_OUTSIDE_PATTERN_HARVEST_PACKAGE.zip",".zip","11372","RECEIPT"
"BINARY_ARCHIVE_EXECUTABLE","_LOCAL_CUSTODY_AND_RECEIPTS\ROOT_LEGACY_RESIDUE_PHASE2_20260603_234817\PARKED_PACKAGES_PENDING_REVIEW\HELPER_CAPABILITY_SYSTEM_V2_3_INDIVIDUAL_PACKAGES_ONLY_V0_2 - 1\CHUNK_02_HOUSE_PRESSURE_MISSING_MACHINERY_PACKAGE.zip",".zip","9052","RECEIPT"
"BINARY_ARCHIVE_EXECUTABLE","_LOCAL_CUSTODY_AND_RECEIPTS\ROOT_LEGACY_RESIDUE_PHASE2_20260603_234817\PARKED_PACKAGES_PENDING_REVIEW\HELPER_CAPABILITY_SYSTEM_V2_3_INDIVIDUAL_PACKAGES_ONLY_V0_2 - 1\CHUNK_03_CORE_ARCHITECTURE_REBUILD_PACKAGE.zip",".zip","10120","RECEIPT"
"BINARY_ARCHIVE_EXECUTABLE","_LOCAL_CUSTODY_AND_RECEIPTS\ROOT_LEGACY_RESIDUE_PHASE2_20260603_234817\PARKED_PACKAGES_PENDING_REVIEW\HELPER_CAPABILITY_SYSTEM_V2_3_INDIVIDUAL_PACKAGES_ONLY_V0_2 - 1\CHUNK_04_CARDS_TEMPLATES_TABLES_PACKAGE.zip",".zip","11936","RECEIPT"
"BINARY_ARCHIVE_EXECUTABLE","_LOCAL_CUSTODY_AND_RECEIPTS\ROOT_LEGACY_RESIDUE_PHASE2_20260603_234817\PARKED_PACKAGES_PENDING_REVIEW\HELPER_CAPABILITY_SYSTEM_V2_3_INDIVIDUAL_PACKAGES_ONLY_V0_2 - 1\CHUNK_05_TESTS_INVARIANTS_STATE_MACHINE_HARNESS_PACKAGE.zip",".zip","11145","RECEIPT"
"BINARY_ARCHIVE_EXECUTABLE","_LOCAL_CUSTODY_AND_RECEIPTS\ROOT_LEGACY_RESIDUE_PHASE2_20260603_234817\PARKED_PACKAGES_PENDING_REVIEW\HELPER_CAPABILITY_SYSTEM_V2_3_INDIVIDUAL_PACKAGES_ONLY_V0_2 - 1\CHUNK_06_FINAL_SEWN_OBJECT_EDWARD_FINAL_JUDGE_PACKAGE.zip",".zip","13098","RECEIPT"
"BINARY_ARCHIVE_EXECUTABLE","_LOCAL_CUSTODY_AND_RECEIPTS\ROOT_LEGACY_RESIDUE_PHASE2_20260603_234817\PARKED_PACKAGES_PENDING_REVIEW\HELPER_CAPABILITY_SYSTEM_V2_3_INDIVIDUAL_PACKAGES_ONLY_V0_2 - 1\CHUNK_07_HARNESS_BUILD_PLAN_AND_FIXTURE_PACKS_PACKAGE.zip",".zip","1310","RECEIPT"
"BINARY_ARCHIVE_EXECUTABLE","_LOCAL_CUSTODY_AND_RECEIPTS\ROOT_LEGACY_RESIDUE_PHASE2_20260603_234817\PARKED_PACKAGES_PENDING_REVIEW\HELPER_CAPABILITY_SYSTEM_V2_3_INDIVIDUAL_PACKAGES_ONLY_V0_2 - 1\CHUNK_08_RUNTIME_INCIDENT_RETIREMENT_PLAYBOOK_PACKAGE.zip",".zip","1562","RECEIPT"
"BINARY_ARCHIVE_EXECUTABLE","_LOCAL_CUSTODY_AND_RECEIPTS\ROOT_LEGACY_RESIDUE_PHASE2_20260603_234817\PARKED_PACKAGES_PENDING_REVIEW\HELPER_CAPABILITY_SYSTEM_V2_3_INDIVIDUAL_PACKAGES_ONLY_V0_2 - 1\CHUNK_09_HOUSE_ROOM_PACKAGE_MAP_AND_OPERATOR_FLOW_PACKAGE.zip",".zip","1225","RECEIPT"
"BINARY_ARCHIVE_EXECUTABLE","_LOCAL_CUSTODY_AND_RECEIPTS\ROOT_LEGACY_RESIDUE_PHASE2_20260603_234817\PARKED_PACKAGES_PENDING_REVIEW\HELPER_CAPABILITY_SYSTEM_V2_3_INDIVIDUAL_PACKAGES_ONLY_V0_2 - 1\CHUNK_10_LOCK_SAVE_BOUNDARY_AND_NEXT_ALLOWED_WORK_PACKAGE.zip",".zip","1103","RECEIPT"
"BINARY_ARCHIVE_EXECUTABLE","_LOCAL_CUSTODY_AND_RECEIPTS\ROOT_LEGACY_RESIDUE_PHASE2_20260603_234817\PARKED_PACKAGES_PENDING_REVIEW\HELPER_CAPABILITY_SYSTEM_V2_3_INDIVIDUAL_PACKAGES_ONLY_V0_2 - 1\FINAL_DISPOSITION_PACKAGE.zip",".zip","672","RECEIPT"
"BINARY_ARCHIVE_EXECUTABLE","_LOCAL_CUSTODY_AND_RECEIPTS\ROOT_LEGACY_RESIDUE_PHASE2_20260603_234817\PARKED_PACKAGES_PENDING_REVIEW\HELPER_CAPABILITY_SYSTEM_V2_3_INDIVIDUAL_PACKAGES_ONLY_V0_2 - 1\FIXTURE_PACKS_PACKAGE.zip",".zip","3234","RECEIPT"
"BINARY_ARCHIVE_EXECUTABLE","_LOCAL_CUSTODY_AND_RECEIPTS\ROOT_LEGACY_RESIDUE_PHASE2_20260603_234817\PARKED_PACKAGES_PENDING_REVIEW\HELPER_CAPABILITY_SYSTEM_V2_3_INDIVIDUAL_PACKAGES_ONLY_V0_2 - 1\HOUSE_ROOM_SORT_PACKAGE.zip",".zip","893","RECEIPT"
"BINARY_ARCHIVE_EXECUTABLE","_LOCAL_CUSTODY_AND_RECEIPTS\ROOT_LEGACY_RESIDUE_PHASE2_20260603_234817\PARKED_PACKAGES_PENDING_REVIEW\HELPER_CAPABILITY_SYSTEM_V2_3_INDIVIDUAL_PACKAGES_ONLY_V0_2 - 1\SOURCE_DRAFT_PACKAGE.zip",".zip","55997","RECEIPT"
"BINARY_ARCHIVE_EXECUTABLE","_LOCAL_CUSTODY_AND_RECEIPTS\ROOT_LEGACY_RESIDUE_PHASE2_20260603_234817\PARKED_PACKAGES_PENDING_REVIEW\HELPER_CAPABILITY_SYSTEM_V2_3_INDIVIDUAL_PACKAGES_ONLY_V0_2 - 1\TEST_HARNESS_PACKAGE.zip",".zip","1702","RECEIPT"
"BINARY_ARCHIVE_EXECUTABLE","_LOCAL_CUSTODY_AND_RECEIPTS\ROOT_LOOSE_DOCS_20260531_033722\psychic_sciences_research_grade_paper_v1.docx",".docx","49779","RECEIPT"
"BINARY_ARCHIVE_EXECUTABLE","_LOCAL_CUSTODY_AND_RECEIPTS\ROOT_LOOSE_DOCS_20260531_033722\psychic_sciences_research_grade_paper_v2_edward_page2.docx",".docx","51397","RECEIPT"
"BINARY_ARCHIVE_EXECUTABLE","_LOCAL_CUSTODY_AND_RECEIPTS\ROOT_LOOSE_DOCS_20260531_033722\psychic_sciences_research_grade_paper_v3_readable_worlds.docx",".docx","59389","RECEIPT"
"BINARY_ARCHIVE_EXECUTABLE","_LOCAL_CUSTODY_AND_RECEIPTS\ROOT_LOOSE_DOCS_20260531_033722\READABLE_WORLDS_RESEARCH_PAPER_V5.docx",".docx","59282","RECEIPT"
"BINARY_ARCHIVE_EXECUTABLE","_LOCAL_CUSTODY_N_RECEIPTS\RECYCLE_BIN_RECOVERY_20260604_203541\RECOVERED_ITEMS\ITEM_0001__123\123\Jxhnny_Kl33N_Seedz\.git\objects\pack\pack-018df001013956e0037476ca71539f76facb1997.idx",".idx","99184","RECEIPT"
"BINARY_ARCHIVE_EXECUTABLE","_LOCAL_CUSTODY_N_RECEIPTS\RECYCLE_BIN_RECOVERY_20260604_203541\RECOVERED_ITEMS\ITEM_0001__123\123\Jxhnny_Kl33N_Seedz\.git\objects\pack\pack-020f29609e6916bed096674a9fa8cd1c3840fb1c.idx",".idx","48224","RECEIPT"
"BINARY_ARCHIVE_EXECUTABLE","_LOCAL_CUSTODY_N_RECEIPTS\RECYCLE_BIN_RECOVERY_20260604_203541\RECOVERED_ITEMS\ITEM_0001__123\123\Jxhnny_Kl33N_Seedz\.git\objects\pack\pack-1ab832285244384723c98cd7dd50b8049cda77fa.idx",".idx","9836","RECEIPT"
"BINARY_ARCHIVE_EXECUTABLE","_LOCAL_CUSTODY_N_RECEIPTS\RECYCLE_BIN_RECOVERY_20260604_203541\RECOVERED_ITEMS\ITEM_0001__123\123\Jxhnny_Kl33N_Seedz\.git\objects\pack\pack-1c8fd61b6d6ab49556bd41fb99ac34c608f082f0.idx",".idx","13476","RECEIPT"
"BINARY_ARCHIVE_EXECUTABLE","_LOCAL_CUSTODY_N_RECEIPTS\RECYCLE_BIN_RECOVERY_20260604_203541\RECOVERED_ITEMS\ITEM_0001__123\123\Jxhnny_Kl33N_Seedz\.git\objects\pack\pack-2100242d2b214b3c928c80e940f612781299ea07.idx",".idx","12860","RECEIPT"
"BINARY_ARCHIVE_EXECUTABLE","_LOCAL_CUSTODY_N_RECEIPTS\RECYCLE_BIN_RECOVERY_20260604_203541\RECOVERED_ITEMS\ITEM_0001__123\123\Jxhnny_Kl33N_Seedz\.git\objects\pack\pack-2b3d4069985e0c1c5c23fe7031f864b1e1945c71.idx",".idx","9696","RECEIPT"
"BINARY_ARCHIVE_EXECUTABLE","_LOCAL_CUSTODY_N_RECEIPTS\RECYCLE_BIN_RECOVERY_20260604_203541\RECOVERED_ITEMS\ITEM_0001__123\123\Jxhnny_Kl33N_Seedz\.git\objects\pack\pack-2b3d4069985e0c1c5c23fe7031f864b1e1945c71.pack",".pack","609506","RECEIPT"
"BINARY_ARCHIVE_EXECUTABLE","_LOCAL_CUSTODY_N_RECEIPTS\RECYCLE_BIN_RECOVERY_20260604_203541\RECOVERED_ITEMS\ITEM_0001__123\123\Jxhnny_Kl33N_Seedz\.git\objects\pack\pack-5604df9e7168640bafb2a1e127de540f3041e72e.idx",".idx","9276","RECEIPT"
"BINARY_ARCHIVE_EXECUTABLE","_LOCAL_CUSTODY_N_RECEIPTS\RECYCLE_BIN_RECOVERY_20260604_203541\RECOVERED_ITEMS\ITEM_0001__123\123\Jxhnny_Kl33N_Seedz\.git\objects\pack\pack-7e95efa3a1947eb01121ddb0a97a53a7a411081e.idx",".idx","26188","RECEIPT"
"BINARY_ARCHIVE_EXECUTABLE","_LOCAL_CUSTODY_N_RECEIPTS\RECYCLE_BIN_RECOVERY_20260604_203541\RECOVERED_ITEMS\ITEM_0001__123\123\Jxhnny_Kl33N_Seedz\.git\objects\pack\pack-8482d4c36151a30fc1d20ec94231934172b261b0.idx",".idx","2892","RECEIPT"
"BINARY_ARCHIVE_EXECUTABLE","_LOCAL_CUSTODY_N_RECEIPTS\RECYCLE_BIN_RECOVERY_20260604_203541\RECOVERED_ITEMS\ITEM_0001__123\123\Jxhnny_Kl33N_Seedz\.git\objects\pack\pack-8c94839a543cb4ca537b9fe375e6424b3c459a23.idx",".idx","5832","RECEIPT"
"BINARY_ARCHIVE_EXECUTABLE","_LOCAL_CUSTODY_N_RECEIPTS\RECYCLE_BIN_RECOVERY_20260604_203541\RECOVERED_ITEMS\ITEM_0001__123\123\Jxhnny_Kl33N_Seedz\.git\objects\pack\pack-9bfde6179aa9caef376534f49b727aa9cca002d4.idx",".idx","5412","RECEIPT"
"BINARY_ARCHIVE_EXECUTABLE","_LOCAL_CUSTODY_N_RECEIPTS\RECYCLE_BIN_RECOVERY_20260604_203541\RECOVERED_ITEMS\ITEM_0001__123\123\Jxhnny_Kl33N_Seedz\.git\objects\pack\pack-9eeb783f80835b5f65ab70ef236fe77eacc289a1.idx",".idx","1660","RECEIPT"
"BINARY_ARCHIVE_EXECUTABLE","_LOCAL_CUSTODY_N_RECEIPTS\RECYCLE_BIN_RECOVERY_20260604_203541\RECOVERED_ITEMS\ITEM_0001__123\123\Jxhnny_Kl33N_Seedz\.git\objects\pack\pack-9eeb783f80835b5f65ab70ef236fe77eacc289a1.pack",".pack","6343","RECEIPT"
"BINARY_ARCHIVE_EXECUTABLE","_LOCAL_CUSTODY_N_RECEIPTS\RECYCLE_BIN_RECOVERY_20260604_203541\RECOVERED_ITEMS\ITEM_0001__123\123\Jxhnny_Kl33N_Seedz\.git\objects\pack\pack-ac1e05ebd4025028df6ff7b18a3198b2b8415c1a.idx",".idx","172208","RECEIPT"
"BINARY_ARCHIVE_EXECUTABLE","_LOCAL_CUSTODY_N_RECEIPTS\RECYCLE_BIN_RECOVERY_20260604_203541\RECOVERED_ITEMS\ITEM_0001__123\123\Jxhnny_Kl33N_Seedz\.git\objects\pack\pack-ac1e05ebd4025028df6ff7b18a3198b2b8415c1a.pack",".pack","44776685","RECEIPT"
"BINARY_ARCHIVE_EXECUTABLE","_LOCAL_CUSTODY_N_RECEIPTS\RECYCLE_BIN_RECOVERY_20260604_203541\RECOVERED_ITEMS\ITEM_0001__123\123\Jxhnny_Kl33N_Seedz\.git\objects\pack\pack-b2208e1450079d348ae5a2fb8d30c8e1dbc1851c.idx",".idx","42148","RECEIPT"
"BINARY_ARCHIVE_EXECUTABLE","_LOCAL_CUSTODY_N_RECEIPTS\RECYCLE_BIN_RECOVERY_20260604_203541\RECOVERED_ITEMS\ITEM_0001__123\123\Jxhnny_Kl33N_Seedz\.git\objects\pack\pack-b2208e1450079d348ae5a2fb8d30c8e1dbc1851c.pack",".pack","46861455","RECEIPT"
"BINARY_ARCHIVE_EXECUTABLE","_LOCAL_CUSTODY_N_RECEIPTS\RECYCLE_BIN_RECOVERY_20260604_203541\RECOVERED_ITEMS\ITEM_0001__123\123\Jxhnny_Kl33N_Seedz\.git\objects\pack\pack-b3c6157746918df8ddcb17c10d6ef6dec43b29c1.idx",".idx","26216","RECEIPT"
"BINARY_ARCHIVE_EXECUTABLE","_LOCAL_CUSTODY_N_RECEIPTS\RECYCLE_BIN_RECOVERY_20260604_203541\RECOVERED_ITEMS\ITEM_0001__123\123\Jxhnny_Kl33N_Seedz\.git\objects\pack\pack-bcd9907ebafd1d92796bc54b49e01678dd324902.idx",".idx","52620","RECEIPT"
"BINARY_ARCHIVE_EXECUTABLE","_LOCAL_CUSTODY_N_RECEIPTS\RECYCLE_BIN_RECOVERY_20260604_203541\RECOVERED_ITEMS\ITEM_0001__123\123\Jxhnny_Kl33N_Seedz\.git\objects\pack\pack-d2fe82797fc98e51e207a6dc12fdc31a5a98d35d.idx",".idx","13840","RECEIPT"
"BINARY_ARCHIVE_EXECUTABLE","_LOCAL_CUSTODY_N_RECEIPTS\RECYCLE_BIN_RECOVERY_20260604_203541\RECOVERED_ITEMS\ITEM_0001__123\123\Jxhnny_Kl33N_Seedz\.git\objects\pack\pack-e3b1499e77f5cf3272f60dcb44b304dd9518d82c.idx",".idx","15408","RECEIPT"
"BINARY_ARCHIVE_EXECUTABLE","_LOCAL_CUSTODY_N_RECEIPTS\RECYCLE_BIN_RECOVERY_20260604_203541\RECOVERED_ITEMS\ITEM_0001__123\123\Jxhnny_Kl33N_Seedz\.git\objects\pack\pack-e4583e01bfdc3fdb9259340598697f5b518baa02.idx",".idx","27196","RECEIPT"
"BINARY_ARCHIVE_EXECUTABLE","_LOCAL_CUSTODY_N_RECEIPTS\RECYCLE_BIN_RECOVERY_20260604_203541\RECOVERED_ITEMS\ITEM_0001__123\123\Jxhnny_Kl33N_Seedz\.git\objects\pack\pack-e9592052061e227c9e18dcb04d3fea0ecc57797d.idx",".idx","16052","RECEIPT"
"BINARY_ARCHIVE_EXECUTABLE","_LOCAL_CUSTODY_N_RECEIPTS\RECYCLE_BIN_RECOVERY_20260604_203541\RECOVERED_ITEMS\ITEM_0001__123\123\Jxhnny_Kl33N_Seedz\.git\objects\pack\pack-f63d375eb96d7b4e19371b14ddef18c403028703.idx",".idx","10648","RECEIPT"
"BINARY_ARCHIVE_EXECUTABLE","_LOCAL_CUSTODY_N_RECEIPTS\RECYCLE_BIN_RECOVERY_20260604_203541\RECOVERED_ITEMS\ITEM_0001__123\123\Jxhnny_Kl33N_Seedz\CleanSeedsBuild\CleanSeed_Backups\CleanSeed_SourceTruth_Backup_20260509_233207\SOURCE_COPY\PROOF_HISTORY\DESKTOP_CLEANUP_ARCHIVE_20260509\CleanSeed_Desktop_Staging_UPLOAD_PACKET_BACKUP_20260509_182251.zip",".zip","67748","RECEIPT"
"BINARY_ARCHIVE_EXECUTABLE","_LOCAL_CUSTODY_N_RECEIPTS\RECYCLE_BIN_RECOVERY_20260604_203541\RECOVERED_ITEMS\ITEM_0001__123\123\Jxhnny_Kl33N_Seedz\CleanSeedsBuild\CleanSeed_Backups\CleanSeed_SourceTruth_Backup_20260509_233207\SOURCE_COPY\PROOF_HISTORY\DESKTOP_CLEANUP_ARCHIVE_20260509\CleanSeed_Desktop_Staging_UPLOAD_PACKET_BACKUP_AFTER_PHASE_022_20260509_183407.zip",".zip","67748","RECEIPT"
"BINARY_ARCHIVE_EXECUTABLE","_LOCAL_CUSTODY_N_RECEIPTS\RECYCLE_BIN_RECOVERY_20260604_203541\RECOVERED_ITEMS\ITEM_0001__123\123\Jxhnny_Kl33N_Seedz\CleanSeedsBuild\CleanSeed_Backups\CleanSeed_SourceTruth_Backup_20260509_233207\SOURCE_COPY\PROOF_HISTORY\DESKTOP_CLEANUP_ARCHIVE_20260509\CleanSeed_Desktop_Staging_UPLOAD_PACKET.zip",".zip","72615","RECEIPT"
"BINARY_ARCHIVE_EXECUTABLE","_LOCAL_CUSTODY_N_RECEIPTS\RECYCLE_BIN_RECOVERY_20260604_203541\RECOVERED_ITEMS\ITEM_0001__123\123\Jxhnny_Kl33N_Seedz\CleanSeedsBuild\NEOCITIES_CLEAN_SITE\assets\controlled-recursive-growth.png",".png","1964008","RECEIPT"
"BINARY_ARCHIVE_EXECUTABLE","_LOCAL_CUSTODY_N_RECEIPTS\RECYCLE_BIN_RECOVERY_20260604_203541\RECOVERED_ITEMS\ITEM_0001__123\123\Jxhnny_Kl33N_Seedz\CleanSeedsBuild\NEOCITIES_CLEAN_SITE\assets\cure-for-drift.png",".png","2044686","RECEIPT"
"BINARY_ARCHIVE_EXECUTABLE","_LOCAL_CUSTODY_N_RECEIPTS\RECYCLE_BIN_RECOVERY_20260604_203541\RECOVERED_ITEMS\ITEM_0001__123\123\Jxhnny_Kl33N_Seedz\CleanSeedsBuild\NEOCITIES_CLEAN_SITE\assets\recursive-ai-growth-theory.png",".png","2112132","RECEIPT"
"BINARY_ARCHIVE_EXECUTABLE","_LOCAL_CUSTODY_N_RECEIPTS\RECYCLE_BIN_RECOVERY_20260604_203541\RECOVERED_ITEMS\ITEM_0001__123\123\Jxhnny_Kl33N_Seedz\CleanSeedsBuild\NEOCITIES_CLEAN_SITE\assets\recursive-core-architecture.png",".png","2128599","RECEIPT"
"BINARY_ARCHIVE_EXECUTABLE","_LOCAL_CUSTODY_N_RECEIPTS\RECYCLE_BIN_RECOVERY_20260604_203541\RECOVERED_ITEMS\ITEM_0001__123\123\Jxhnny_Kl33N_Seedz\CleanSeedsBuild\NEOCITIES_PUBLIC_SAFE_PREVIEW_20260512_224927\assets\index-art.png",".png","421607","RECEIPT"
"BINARY_ARCHIVE_EXECUTABLE","_LOCAL_CUSTODY_N_RECEIPTS\RECYCLE_BIN_RECOVERY_20260604_203541\RECOVERED_ITEMS\ITEM_0001__123\123\Jxhnny_Kl33N_Seedz\COMMAND_CENTER\REMOTE_DOOR_RELAY_V2\TOOLS\cloudflared.exe",".exe","53886304","RECEIPT"
"BINARY_ARCHIVE_EXECUTABLE","_LOCAL_CUSTODY_N_RECEIPTS\RECYCLE_BIN_RECOVERY_20260604_203541\RECOVERED_ITEMS\ITEM_0001__123\123\Jxhnny_Kl33N_Seedz\GPT_PROMPTS_CUSTODY\DOWNLOADS_LOOSE_CANDIDATES\20260523_001601\CHAT_COCKPIT_ROUTER_MAP_PACKET_V1.0.zip",".zip","4010","RECEIPT"
"BINARY_ARCHIVE_EXECUTABLE","_LOCAL_CUSTODY_N_RECEIPTS\RECYCLE_BIN_RECOVERY_20260604_203541\RECOVERED_ITEMS\ITEM_0001__123\123\Jxhnny_Kl33N_Seedz\GPT_PROMPTS_CUSTODY\DOWNLOADS_LOOSE_CANDIDATES\20260523_001601\CHAT_GATE_SYSTEM_RESPECTFUL_SUIT_MAP_UPDATE.zip",".zip","9910","RECEIPT"
"BINARY_ARCHIVE_EXECUTABLE","_LOCAL_CUSTODY_N_RECEIPTS\RECYCLE_BIN_RECOVERY_20260604_203541\RECOVERED_ITEMS\ITEM_0001__123\123\Jxhnny_Kl33N_Seedz\GPT_PROMPTS_CUSTODY\DOWNLOADS_LOOSE_CANDIDATES\20260523_001601\CHAT_SOFT_SUIT_CHAT_WEIGHT_RELEASE_LOCK.zip",".zip","11313","RECEIPT"
"BINARY_ARCHIVE_EXECUTABLE","_LOCAL_CUSTODY_N_RECEIPTS\RECYCLE_BIN_RECOVERY_20260604_203541\RECOVERED_ITEMS\ITEM_0001__123\123\Jxhnny_Kl33N_Seedz\GPT_PROMPTS_CUSTODY\DOWNLOADS_LOOSE_CANDIDATES\20260523_001601\CHAT_SOFT_SUIT_MISSING_CORE_11_TO_READY.zip",".zip","6431","RECEIPT"
"BINARY_ARCHIVE_EXECUTABLE","_LOCAL_CUSTODY_N_RECEIPTS\RECYCLE_BIN_RECOVERY_20260604_203541\RECOVERED_ITEMS\ITEM_0001__123\123\Jxhnny_Kl33N_Seedz\GPT_PROMPTS_CUSTODY\DOWNLOADS_LOOSE_CANDIDATES\20260523_001601\CHILD_SHELL_FINAL_CONCEPT_FORMULA_PROOF_PACKET_20260521 (1).zip",".zip","10325","RECEIPT"
"BINARY_ARCHIVE_EXECUTABLE","_LOCAL_CUSTODY_N_RECEIPTS\RECYCLE_BIN_RECOVERY_20260604_203541\RECOVERED_ITEMS\ITEM_0001__123\123\Jxhnny_Kl33N_Seedz\GPT_PROMPTS_CUSTODY\DOWNLOADS_LOOSE_CANDIDATES\20260523_001601\COMMON_SENSE_DEEP_RESEARCH_PACKET_20260521.zip",".zip","17521","RECEIPT"
"BINARY_ARCHIVE_EXECUTABLE","_LOCAL_CUSTODY_N_RECEIPTS\RECYCLE_BIN_RECOVERY_20260604_203541\RECOVERED_ITEMS\ITEM_0001__123\123\Jxhnny_Kl33N_Seedz\GPT_PROMPTS_CUSTODY\DOWNLOADS_LOOSE_CANDIDATES\20260523_001601\COMPLETE_CHAT_GATE_SYSTEM_PACKAGE.zip",".zip","19075","RECEIPT"
"BINARY_ARCHIVE_EXECUTABLE","_LOCAL_CUSTODY_N_RECEIPTS\RECYCLE_BIN_RECOVERY_20260604_203541\RECOVERED_ITEMS\ITEM_0001__123\123\Jxhnny_Kl33N_Seedz\GPT_PROMPTS_CUSTODY\DOWNLOADS_LOOSE_CANDIDATES\20260523_001601\Core_Promotion_Architecture_Generic_Packet.pdf",".pdf","40924","RECEIPT"
"BINARY_ARCHIVE_EXECUTABLE","_LOCAL_CUSTODY_N_RECEIPTS\RECYCLE_BIN_RECOVERY_20260604_203541\RECOVERED_ITEMS\ITEM_0001__123\123\Jxhnny_Kl33N_Seedz\GPT_PROMPTS_CUSTODY\DOWNLOADS_LOOSE_CANDIDATES\20260523_001601\Core_Promotion_Passport.png",".png","1674411","RECEIPT"
"BINARY_ARCHIVE_EXECUTABLE","_LOCAL_CUSTODY_N_RECEIPTS\RECYCLE_BIN_RECOVERY_20260604_203541\RECOVERED_ITEMS\ITEM_0001__123\123\Jxhnny_Kl33N_Seedz\GPT_PROMPTS_CUSTODY\DOWNLOADS_LOOSE_CANDIDATES\20260523_001601\DENSE_IDEA_REVISE_RULE_DEEP_RESEARCH_PACKET_20260521.zip",".zip","18901","RECEIPT"
"BINARY_ARCHIVE_EXECUTABLE","_LOCAL_CUSTODY_N_RECEIPTS\RECYCLE_BIN_RECOVERY_20260604_203541\RECOVERED_ITEMS\ITEM_0001__123\123\Jxhnny_Kl33N_Seedz\GPT_PROMPTS_CUSTODY\DOWNLOADS_LOOSE_CANDIDATES\20260523_001601\MULE_REVIEW_ASSISTANT_LOCAL_STABILIZATION_HANDOFF_PACKET_V1.zip",".zip","7314","RECEIPT"
"BINARY_ARCHIVE_EXECUTABLE","_LOCAL_CUSTODY_N_RECEIPTS\RECYCLE_BIN_RECOVERY_20260604_203541\RECOVERED_ITEMS\ITEM_0001__123\123\Jxhnny_Kl33N_Seedz\GPT_PROMPTS_CUSTODY\DOWNLOADS_LOOSE_CANDIDATES\20260523_001601\NEOCITIES_ROOT_PROOF_DROP_IN.zip",".zip","815","RECEIPT"
"BINARY_ARCHIVE_EXECUTABLE","_LOCAL_CUSTODY_N_RECEIPTS\RECYCLE_BIN_RECOVERY_20260604_203541\RECOVERED_ITEMS\ITEM_0001__123\123\Jxhnny_Kl33N_Seedz\GPT_PROMPTS_CUSTODY\DOWNLOADS_LOOSE_CANDIDATES\20260523_001601\Sam_Packet_Core_Promotion_Architecture_Context_Exposure_Added.pdf",".pdf","161144","RECEIPT"
"BINARY_ARCHIVE_EXECUTABLE","_LOCAL_CUSTODY_N_RECEIPTS\RECYCLE_BIN_RECOVERY_20260604_203541\RECOVERED_ITEMS\ITEM_0001__123\123\Jxhnny_Kl33N_Seedz\MEDIA_INTAKE\IMAGES\clean_core_growth_transparent_cropped (1).png",".png","1609561","RECEIPT"
"BINARY_ARCHIVE_EXECUTABLE","_LOCAL_CUSTODY_N_RECEIPTS\RECYCLE_BIN_RECOVERY_20260604_203541\RECOVERED_ITEMS\ITEM_0001__123\123\Jxhnny_Kl33N_Seedz\MEDIA_INTAKE\IMAGES\clean_core_growth_transparent_cropped.png",".png","1609561","RECEIPT"
"BINARY_ARCHIVE_EXECUTABLE","_LOCAL_CUSTODY_N_RECEIPTS\RECYCLE_BIN_RECOVERY_20260604_203541\RECOVERED_ITEMS\ITEM_0001__123\123\Jxhnny_Kl33N_Seedz\MEDIA_INTAKE\IMAGES\clean_core_growth_transparent_full.png",".png","1983031","RECEIPT"
"BINARY_ARCHIVE_EXECUTABLE","_LOCAL_CUSTODY_N_RECEIPTS\RECYCLE_BIN_RECOVERY_20260604_203541\RECOVERED_ITEMS\ITEM_0001__123\123\Jxhnny_Kl33N_Seedz\PORCH_SORTING_TABLE\NEEDS_REVIEW\System.Diagnostics.DiagnosticSource.dll",".dll","502024","RECEIPT"
"BINARY_ARCHIVE_EXECUTABLE","_LOCAL_CUSTODY_N_RECEIPTS\RECYCLE_BIN_RECOVERY_20260604_203541\RECOVERED_ITEMS\ITEM_0001__123\123\Jxhnny_Kl33N_Seedz\PORCH_SORTING_TABLE\NEEDS_REVIEW\System.Diagnostics.TraceSource.dll",".dll","141624","RECEIPT"
"BINARY_ARCHIVE_EXECUTABLE","_LOCAL_CUSTODY_N_RECEIPTS\RECYCLE_BIN_RECOVERY_20260604_203541\RECOVERED_ITEMS\ITEM_0001__123\123\Jxhnny_Kl33N_Seedz\PORCH_SORTING_TABLE\NEEDS_REVIEW\System.IO.FileSystem.Watcher.dll",".dll","88336","RECEIPT"
"BINARY_ARCHIVE_EXECUTABLE","_LOCAL_CUSTODY_N_RECEIPTS\RECYCLE_BIN_RECOVERY_20260604_203541\RECOVERED_ITEMS\ITEM_0001__123\123\Jxhnny_Kl33N_Seedz\PORCH_SORTING_TABLE\NEEDS_REVIEW\System.Resources.Extensions.dll",".dll","194832","RECEIPT"
"BINARY_ARCHIVE_EXECUTABLE","_LOCAL_CUSTODY_N_RECEIPTS\RECYCLE_BIN_RECOVERY_20260604_203541\RECOVERED_ITEMS\ITEM_0001__123\123\Jxhnny_Kl33N_Seedz\PORCH_SORTING_TABLE\NEEDS_REVIEW\System.Resources.Reader.dll",".dll","15632","RECEIPT"
"BINARY_ARCHIVE_EXECUTABLE","_LOCAL_CUSTODY_N_RECEIPTS\RECYCLE_BIN_RECOVERY_20260604_203541\RECOVERED_ITEMS\ITEM_0001__123\123\Jxhnny_Kl33N_Seedz\PORCH_SORTING_TABLE\NEEDS_REVIEW\System.Resources.ResourceManager.dll",".dll","16184","RECEIPT"
"BINARY_ARCHIVE_EXECUTABLE","_LOCAL_CUSTODY_N_RECEIPTS\RECYCLE_BIN_RECOVERY_20260604_203541\RECOVERED_ITEMS\ITEM_0001__123\123\Jxhnny_Kl33N_Seedz\PORCH_SORTING_TABLE\NEEDS_REVIEW\System.Resources.Writer.dll",".dll","51464","RECEIPT"
"BINARY_ARCHIVE_EXECUTABLE","_LOCAL_CUSTODY_N_RECEIPTS\RECYCLE_BIN_RECOVERY_20260604_203541\RECOVERED_ITEMS\ITEM_0001__123\123\Jxhnny_Kl33N_Seedz\PUBLIC_PROOF_PACKETS\SAM_REVIEW_CHILD_SHELL_RECURSIVE_CORE_PACKET_20260521\SAM_REVIEW_CHILD_SHELL_RECURSIVE_CORE_PACKET_20260521.zip",".zip","12946129","RECEIPT"
"BINARY_ARCHIVE_EXECUTABLE","_LOCAL_CUSTODY_N_RECEIPTS\RECYCLE_BIN_RECOVERY_20260604_203541\RECOVERED_ITEMS\ITEM_0001__123\123\Jxhnny_Kl33N_Seedz\PUBLIC_PROOF_PACKETS\SAM_REVIEW_CHILD_SHELL_RECURSIVE_CORE_PACKET_20260521\UNPACKED\01_CHILD_SHELL_FINAL_PACKET\CHILD_SHELL_FINAL_CONCEPT_FORMULA_PROOF_PACKET_20260521.zip",".zip","10325","RECEIPT"
"BINARY_ARCHIVE_EXECUTABLE","_LOCAL_CUSTODY_N_RECEIPTS\RECYCLE_BIN_RECOVERY_20260604_203541\RECOVERED_ITEMS\ITEM_0001__123\123\Jxhnny_Kl33N_Seedz\PUBLIC_PROOF_PACKETS\SAM_REVIEW_CHILD_SHELL_RECURSIVE_CORE_PACKET_20260521\UNPACKED\04_VISUALS\01_recursive_core_architecture.png",".png","2870105","RECEIPT"
"BINARY_ARCHIVE_EXECUTABLE","_LOCAL_CUSTODY_N_RECEIPTS\RECYCLE_BIN_RECOVERY_20260604_203541\RECOVERED_ITEMS\ITEM_0001__123\123\Jxhnny_Kl33N_Seedz\PUBLIC_PROOF_PACKETS\SAM_REVIEW_CHILD_SHELL_RECURSIVE_CORE_PACKET_20260521\UNPACKED\04_VISUALS\02_the_seed.png",".png","2495435","RECEIPT"
"BINARY_ARCHIVE_EXECUTABLE","_LOCAL_CUSTODY_N_RECEIPTS\RECYCLE_BIN_RECOVERY_20260604_203541\RECOVERED_ITEMS\ITEM_0001__123\123\Jxhnny_Kl33N_Seedz\PUBLIC_PROOF_PACKETS\SAM_REVIEW_CHILD_SHELL_RECURSIVE_CORE_PACKET_20260521\UNPACKED\04_VISUALS\03_mission_lock.png",".png","2536873","RECEIPT"
"BINARY_ARCHIVE_EXECUTABLE","_LOCAL_CUSTODY_N_RECEIPTS\RECYCLE_BIN_RECOVERY_20260604_203541\RECOVERED_ITEMS\ITEM_0001__123\123\Jxhnny_Kl33N_Seedz\PUBLIC_PROOF_PACKETS\SAM_REVIEW_CHILD_SHELL_RECURSIVE_CORE_PACKET_20260521\UNPACKED\04_VISUALS\04_evidence_before_repair.png",".png","2434926","RECEIPT"
"BINARY_ARCHIVE_EXECUTABLE","_LOCAL_CUSTODY_N_RECEIPTS\RECYCLE_BIN_RECOVERY_20260604_203541\RECOVERED_ITEMS\ITEM_0001__123\123\Jxhnny_Kl33N_Seedz\PUBLIC_PROOF_PACKETS\SAM_REVIEW_CHILD_SHELL_RECURSIVE_CORE_PACKET_20260521\UNPACKED\04_VISUALS\05_patch_balance.png",".png","2547698","RECEIPT"
"BINARY_ARCHIVE_EXECUTABLE","_LOCAL_CUSTODY_N_RECEIPTS\RECYCLE_BIN_RECOVERY_20260604_203541\RECOVERED_ITEMS\ITEM_0001__123\123\Jxhnny_Kl33N_Seedz\RESEARCH_PACKETS\RUDOLF_STEINER_20260523\RUDOLF_STEINER_DEEP_DIVE_RESEARCH_PAPER_V0_1.docx",".docx","49467","RECEIPT"
"BINARY_ARCHIVE_EXECUTABLE","_LOCAL_CUSTODY_N_RECEIPTS\RECYCLE_BIN_RECOVERY_20260604_203541\RECOVERED_ITEMS\ITEM_0001__123\123\Jxhnny_Kl33N_Seedz\TOOL_PACKS\INCOMING_ZIPS\clean_milk_folder_icon.zip",".zip","158362","RECEIPT"
"BINARY_ARCHIVE_EXECUTABLE","_LOCAL_CUSTODY_N_RECEIPTS\RECYCLE_BIN_RECOVERY_20260604_203541\RECOVERED_ITEMS\ITEM_0001__123\123\Jxhnny_Kl33N_Seedz\TOOL_PACKS\INCOMING_ZIPS\clean_milk_only_icon_and_picture.zip",".zip","2479541","RECEIPT"
"BINARY_ARCHIVE_EXECUTABLE","_LOCAL_CUSTODY_N_RECEIPTS\RECYCLE_BIN_RECOVERY_20260604_203541\RECOVERED_ITEMS\ITEM_0001__123\123\Jxhnny_Kl33N_Seedz\TOOL_PACKS\INCOMING_ZIPS\CLEAN_SEED_MULE_NEEDED_ONLY.zip",".zip","40957","RECEIPT"
"BINARY_ARCHIVE_EXECUTABLE","_LOCAL_CUSTODY_N_RECEIPTS\RECYCLE_BIN_RECOVERY_20260604_203541\RECOVERED_ITEMS\ITEM_0001__123\123\Jxhnny_Kl33N_Seedz\TOOL_PACKS\INCOMING_ZIPS\CleanSeed_INSTALL_COMMAND_MAP_HOUSEKEEPING_LOCK.zip",".zip","10397","RECEIPT"
"BINARY_ARCHIVE_EXECUTABLE","_LOCAL_CUSTODY_N_RECEIPTS\RECYCLE_BIN_RECOVERY_20260604_203541\RECOVERED_ITEMS\ITEM_0001__123\123\Jxhnny_Kl33N_Seedz\TOOL_PACKS\INCOMING_ZIPS\CleanSeed_MAIN_PROJECT_SAVE_PACKET_2026_05_09.zip",".zip","11487","RECEIPT"
"BINARY_ARCHIVE_EXECUTABLE","_LOCAL_CUSTODY_N_RECEIPTS\RECYCLE_BIN_RECOVERY_20260604_203541\RECOVERED_ITEMS\ITEM_0001__123\123\Jxhnny_Kl33N_Seedz\TOOL_PACKS\INCOMING_ZIPS\DATA_ORDER_OUROBOROS_LEDGER_SAVE_KIT_20260521_071919.zip",".zip","6433","RECEIPT"
"BINARY_ARCHIVE_EXECUTABLE","_LOCAL_CUSTODY_N_RECEIPTS\RECYCLE_BIN_RECOVERY_20260604_203541\RECOVERED_ITEMS\ITEM_0001__123\123\Jxhnny_Kl33N_Seedz\TOOL_PACKS\INCOMING_ZIPS\HNS_MESH_MULE_REPAIR_PACKET_20260520.zip",".zip","7638","RECEIPT"
"BINARY_ARCHIVE_EXECUTABLE","_LOCAL_CUSTODY_N_RECEIPTS\RECYCLE_BIN_RECOVERY_20260604_203541\RECOVERED_ITEMS\ITEM_0001__123\123\Jxhnny_Kl33N_Seedz\TOOL_PACKS\INCOMING_ZIPS\mom_front_1993_clean_v8.zip",".zip","83958","RECEIPT"
"BINARY_ARCHIVE_EXECUTABLE","_LOCAL_CUSTODY_N_RECEIPTS\RECYCLE_BIN_RECOVERY_20260604_203541\RECOVERED_ITEMS\ITEM_0001__123\123\Jxhnny_Kl33N_Seedz\TOOL_PACKS\INCOMING_ZIPS\moms_page_second_page_clean_merge_rev21 (1).zip",".zip","61872","RECEIPT"
"BINARY_ARCHIVE_EXECUTABLE","_LOCAL_CUSTODY_N_RECEIPTS\RECYCLE_BIN_RECOVERY_20260604_203541\RECOVERED_ITEMS\ITEM_0001__123\123\Jxhnny_Kl33N_Seedz\TOOL_PACKS\INCOMING_ZIPS\moms_page_second_page_clean_merge_rev21.zip",".zip","61872","RECEIPT"
"BINARY_ARCHIVE_EXECUTABLE","_LOCAL_CUSTODY_N_RECEIPTS\RECYCLE_BIN_RECOVERY_20260604_203541\RECOVERED_ITEMS\ITEM_0001__123\123\Jxhnny_Kl33N_Seedz\TOOL_PACKS\INCOMING_ZIPS\moms-clean-seeds-neocities.zip",".zip","166697","RECEIPT"
"BINARY_ARCHIVE_EXECUTABLE","_LOCAL_CUSTODY_N_RECEIPTS\RECYCLE_BIN_RECOVERY_20260604_203541\RECOVERED_ITEMS\ITEM_0001__123\123\Jxhnny_Kl33N_Seedz\TOOL_PACKS\INCOMING_ZIPS\NEOCITIES_CLEAN_SITE_FIXED_20260513.zip",".zip","14868","RECEIPT"
"BINARY_ARCHIVE_EXECUTABLE","_LOCAL_CUSTODY_N_RECEIPTS\RECYCLE_BIN_RECOVERY_20260604_203541\RECOVERED_ITEMS\ITEM_0001__123\123\Jxhnny_Kl33N_Seedz\TOOL_PACKS\INCOMING_ZIPS\NEOCITIES_NEW_GATE_ONLY.zip",".zip","3871","RECEIPT"
"BINARY_ARCHIVE_EXECUTABLE","_LOCAL_CUSTODY_N_RECEIPTS\RECYCLE_BIN_RECOVERY_20260604_203541\RECOVERED_ITEMS\ITEM_0001__123\123\Jxhnny_Kl33N_Seedz\TOOL_PACKS\INCOMING_ZIPS\porch_second_page_fix_v3.zip",".zip","77544","RECEIPT"
"BINARY_ARCHIVE_EXECUTABLE","_LOCAL_CUSTODY_N_RECEIPTS\RECYCLE_BIN_RECOVERY_20260604_203541\RECOVERED_ITEMS\ITEM_0001__123\123\Jxhnny_Kl33N_Seedz\TOOL_PACKS\INCOMING_ZIPS\porch_second_page_fix.zip",".zip","77579","RECEIPT"
"BINARY_ARCHIVE_EXECUTABLE","_LOCAL_CUSTODY_N_RECEIPTS\RECYCLE_BIN_RECOVERY_20260604_203541\RECOVERED_ITEMS\ITEM_0001__123\123\Jxhnny_Kl33N_Seedz\TOOL_PACKS\INCOMING_ZIPS\porch_second_page_startover_v6.zip",".zip","82846","RECEIPT"
"BINARY_ARCHIVE_EXECUTABLE","_LOCAL_CUSTODY_N_RECEIPTS\RECYCLE_BIN_RECOVERY_20260604_203541\RECOVERED_ITEMS\ITEM_0001__123\123\Jxhnny_Kl33N_Seedz\TOOL_PACKS\INCOMING_ZIPS\porch_second_page_startover_v7.zip",".zip","82237","RECEIPT"
"BINARY_ARCHIVE_EXECUTABLE","_LOCAL_CUSTODY_N_RECEIPTS\RECYCLE_BIN_RECOVERY_20260604_203541\RECOVERED_ITEMS\ITEM_0001__123\123\Jxhnny_Kl33N_Seedz\TOOL_PACKS\INCOMING_ZIPS\RULE_NERVOUS_SYSTEM_MULE_DEEP_DIVE_PACKET_20260521.zip",".zip","9265","RECEIPT"
"BINARY_ARCHIVE_EXECUTABLE","_LOCAL_CUSTODY_N_RECEIPTS\RECYCLE_BIN_RECOVERY_20260604_203541\RECOVERED_ITEMS\ITEM_0001__123\123\Jxhnny_Kl33N_Seedz\TOOL_PACKS\INCOMING_ZIPS\WHOLE_HOUSE_DOUBLE_PASS_MULE_CRITIQUE_RETURN_20260520_001.zip",".zip","22623","RECEIPT"
"BINARY_ARCHIVE_EXECUTABLE","_LOCAL_CUSTODY_N_RECEIPTS\RECYCLE_BIN_RECOVERY_20260604_203541\RECOVERED_ITEMS\ITEM_0001__123\123\Jxhnny_Kl33N_Seedz\TOOL_PACKS\ROBOCOP\ROBOCOP_ROOT_SETUP_PACK_20260522.zip",".zip","6623","RECEIPT"
"BINARY_ARCHIVE_EXECUTABLE","_LOCAL_CUSTODY_N_RECEIPTS\RECYCLE_BIN_RECOVERY_20260604_203541\RECOVERED_ITEMS\ITEM_0001__123\123\Jxhnny_Kl33N_Seedz\TOOL_PACKS\ROBOCOP\ROBOCOP_ROOT_SETUP_PACK_WITH_SETUP_README_20260522.zip",".zip","7514","RECEIPT"
"BINARY_ARCHIVE_EXECUTABLE","_LOCAL_CUSTODY_N_RECEIPTS\RECYCLE_BIN_RECOVERY_20260604_203541\RECOVERED_ITEMS\ITEM_0001__123\123\Jxhnny_Kl33N_Seedz\TOOL_PACKS\ROBOCOP\ROBOCOP_SIMPLE_README_SETUP_PACK_20260522.zip",".zip","6673","RECEIPT"
"BINARY_ARCHIVE_EXECUTABLE","_LOCAL_CUSTODY_N_RECEIPTS\RECYCLE_BIN_RECOVERY_20260604_203541\RECOVERED_ITEMS\ITEM_0001__123\123\Jxhnny_Kl33N_Seedz\TOOL_PACKS\ROBOCOP\ROBOCOP_VERSIONED_BACKUP_TOOLS_FINAL_20260522.zip",".zip","4215","RECEIPT"
"BINARY_ARCHIVE_EXECUTABLE","_LOCAL_CUSTODY_N_RECEIPTS\RECYCLE_BIN_RECOVERY_20260604_203541\RECOVERED_ITEMS\ITEM_0001__123\123\Jxhnny_Kl33N_Seedz\YT_TRANSCRIPTS\YvyUdcVk_gA_FULL_TRANSCRIPT_PACKAGE_FIXED.zip",".zip","24716","RECEIPT"
"BINARY_ARCHIVE_EXECUTABLE","_LOCAL_CUSTODY_N_RECEIPTS\RECYCLE_BIN_RECOVERY_20260604_203541\RECOVERED_ITEMS\ITEM_0001__123\123\Jxhnny_Kl33N_Seedz\YT_TRANSCRIPTS\YvyUdcVk_gA_FULL_TRANSCRIPT_PACKAGE.zip",".zip","24650","RECEIPT"
"BINARY_ARCHIVE_EXECUTABLE","_LOCAL_CUSTODY_N_RECEIPTS\RECYCLE_BIN_RECOVERY_20260604_203541\RECOVERED_ITEMS\ITEM_0001__123\123\Jxhnny_Kl33N_Seedz\YT_TRANSCRIPTS\Wn-qgHg5JhE\ARCHIVE\Wn-qgHg5JhE_FULL_TRANSCRIPT_PACKAGE.zip",".zip","79199","RECEIPT"
"BINARY_ARCHIVE_EXECUTABLE","_LOCAL_CUSTODY_N_RECEIPTS\RECYCLE_BIN_RECOVERY_20260604_203541\RECOVERED_ITEMS\ITEM_0001__123\123\Jxhnny_Kl33N_Seedz\YT_TRANSCRIPTS\YvyUdcVk_gA\FRAME_HYGIENE_WORK_ORDER_PACKAGE_20260522\06_PACKAGE_ARCHIVE\YvyUdcVk_gA_FRAME_HYGIENE_WORK_ORDER_PACKAGE_20260522_LOCAL.zip",".zip","33224","RECEIPT"
"BINARY_ARCHIVE_EXECUTABLE","_LOCAL_CUSTODY_N_RECEIPTS\RECYCLE_BIN_RECOVERY_20260604_203541\RECOVERED_ITEMS\ITEM_0002__Teleporter137_\Teleporter137_\Jxhnny_Kl33N_Seedz\.git\objects\pack\pack-018df001013956e0037476ca71539f76facb1997.idx",".idx","99184","RECEIPT"
"BINARY_ARCHIVE_EXECUTABLE","_LOCAL_CUSTODY_N_RECEIPTS\RECYCLE_BIN_RECOVERY_20260604_203541\RECOVERED_ITEMS\ITEM_0002__Teleporter137_\Teleporter137_\Jxhnny_Kl33N_Seedz\.git\objects\pack\pack-020f29609e6916bed096674a9fa8cd1c3840fb1c.idx",".idx","48224","RECEIPT"
"BINARY_ARCHIVE_EXECUTABLE","_LOCAL_CUSTODY_N_RECEIPTS\RECYCLE_BIN_RECOVERY_20260604_203541\RECOVERED_ITEMS\ITEM_0002__Teleporter137_\Teleporter137_\Jxhnny_Kl33N_Seedz\.git\objects\pack\pack-1ab832285244384723c98cd7dd50b8049cda77fa.idx",".idx","9836","RECEIPT"
"BINARY_ARCHIVE_EXECUTABLE","_LOCAL_CUSTODY_N_RECEIPTS\RECYCLE_BIN_RECOVERY_20260604_203541\RECOVERED_ITEMS\ITEM_0002__Teleporter137_\Teleporter137_\Jxhnny_Kl33N_Seedz\.git\objects\pack\pack-1c8fd61b6d6ab49556bd41fb99ac34c608f082f0.idx",".idx","13476","RECEIPT"
"BINARY_ARCHIVE_EXECUTABLE","_LOCAL_CUSTODY_N_RECEIPTS\RECYCLE_BIN_RECOVERY_20260604_203541\RECOVERED_ITEMS\ITEM_0002__Teleporter137_\Teleporter137_\Jxhnny_Kl33N_Seedz\.git\objects\pack\pack-2100242d2b214b3c928c80e940f612781299ea07.idx",".idx","12860","RECEIPT"
"BINARY_ARCHIVE_EXECUTABLE","_LOCAL_CUSTODY_N_RECEIPTS\RECYCLE_BIN_RECOVERY_20260604_203541\RECOVERED_ITEMS\ITEM_0002__Teleporter137_\Teleporter137_\Jxhnny_Kl33N_Seedz\.git\objects\pack\pack-2b3d4069985e0c1c5c23fe7031f864b1e1945c71.idx",".idx","9696","RECEIPT"
"BINARY_ARCHIVE_EXECUTABLE","_LOCAL_CUSTODY_N_RECEIPTS\RECYCLE_BIN_RECOVERY_20260604_203541\RECOVERED_ITEMS\ITEM_0002__Teleporter137_\Teleporter137_\Jxhnny_Kl33N_Seedz\.git\objects\pack\pack-2b3d4069985e0c1c5c23fe7031f864b1e1945c71.pack",".pack","609506","RECEIPT"
"BINARY_ARCHIVE_EXECUTABLE","_LOCAL_CUSTODY_N_RECEIPTS\RECYCLE_BIN_RECOVERY_20260604_203541\RECOVERED_ITEMS\ITEM_0002__Teleporter137_\Teleporter137_\Jxhnny_Kl33N_Seedz\.git\objects\pack\pack-5604df9e7168640bafb2a1e127de540f3041e72e.idx",".idx","9276","RECEIPT"
"BINARY_ARCHIVE_EXECUTABLE","_LOCAL_CUSTODY_N_RECEIPTS\RECYCLE_BIN_RECOVERY_20260604_203541\RECOVERED_ITEMS\ITEM_0002__Teleporter137_\Teleporter137_\Jxhnny_Kl33N_Seedz\.git\objects\pack\pack-7e95efa3a1947eb01121ddb0a97a53a7a411081e.idx",".idx","26188","RECEIPT"
"BINARY_ARCHIVE_EXECUTABLE","_LOCAL_CUSTODY_N_RECEIPTS\RECYCLE_BIN_RECOVERY_20260604_203541\RECOVERED_ITEMS\ITEM_0002__Teleporter137_\Teleporter137_\Jxhnny_Kl33N_Seedz\.git\objects\pack\pack-8482d4c36151a30fc1d20ec94231934172b261b0.idx",".idx","2892","RECEIPT"
"BINARY_ARCHIVE_EXECUTABLE","_LOCAL_CUSTODY_N_RECEIPTS\RECYCLE_BIN_RECOVERY_20260604_203541\RECOVERED_ITEMS\ITEM_0002__Teleporter137_\Teleporter137_\Jxhnny_Kl33N_Seedz\.git\objects\pack\pack-8c94839a543cb4ca537b9fe375e6424b3c459a23.idx",".idx","5832","RECEIPT"
"BINARY_ARCHIVE_EXECUTABLE","_LOCAL_CUSTODY_N_RECEIPTS\RECYCLE_BIN_RECOVERY_20260604_203541\RECOVERED_ITEMS\ITEM_0002__Teleporter137_\Teleporter137_\Jxhnny_Kl33N_Seedz\.git\objects\pack\pack-9bfde6179aa9caef376534f49b727aa9cca002d4.idx",".idx","5412","RECEIPT"
"BINARY_ARCHIVE_EXECUTABLE","_LOCAL_CUSTODY_N_RECEIPTS\RECYCLE_BIN_RECOVERY_20260604_203541\RECOVERED_ITEMS\ITEM_0002__Teleporter137_\Teleporter137_\Jxhnny_Kl33N_Seedz\.git\objects\pack\pack-9eeb783f80835b5f65ab70ef236fe77eacc289a1.idx",".idx","1660","RECEIPT"
"BINARY_ARCHIVE_EXECUTABLE","_LOCAL_CUSTODY_N_RECEIPTS\RECYCLE_BIN_RECOVERY_20260604_203541\RECOVERED_ITEMS\ITEM_0002__Teleporter137_\Teleporter137_\Jxhnny_Kl33N_Seedz\.git\objects\pack\pack-9eeb783f80835b5f65ab70ef236fe77eacc289a1.pack",".pack","6343","RECEIPT"
"BINARY_ARCHIVE_EXECUTABLE","_LOCAL_CUSTODY_N_RECEIPTS\RECYCLE_BIN_RECOVERY_20260604_203541\RECOVERED_ITEMS\ITEM_0002__Teleporter137_\Teleporter137_\Jxhnny_Kl33N_Seedz\.git\objects\pack\pack-ac1e05ebd4025028df6ff7b18a3198b2b8415c1a.idx",".idx","172208","RECEIPT"
"BINARY_ARCHIVE_EXECUTABLE","_LOCAL_CUSTODY_N_RECEIPTS\RECYCLE_BIN_RECOVERY_20260604_203541\RECOVERED_ITEMS\ITEM_0002__Teleporter137_\Teleporter137_\Jxhnny_Kl33N_Seedz\.git\objects\pack\pack-ac1e05ebd4025028df6ff7b18a3198b2b8415c1a.pack",".pack","44776685","RECEIPT"
"BINARY_ARCHIVE_EXECUTABLE","_LOCAL_CUSTODY_N_RECEIPTS\RECYCLE_BIN_RECOVERY_20260604_203541\RECOVERED_ITEMS\ITEM_0002__Teleporter137_\Teleporter137_\Jxhnny_Kl33N_Seedz\.git\objects\pack\pack-b2208e1450079d348ae5a2fb8d30c8e1dbc1851c.idx",".idx","42148","RECEIPT"
"BINARY_ARCHIVE_EXECUTABLE","_LOCAL_CUSTODY_N_RECEIPTS\RECYCLE_BIN_RECOVERY_20260604_203541\RECOVERED_ITEMS\ITEM_0002__Teleporter137_\Teleporter137_\Jxhnny_Kl33N_Seedz\.git\objects\pack\pack-b2208e1450079d348ae5a2fb8d30c8e1dbc1851c.pack",".pack","46861455","RECEIPT"
"BINARY_ARCHIVE_EXECUTABLE","_LOCAL_CUSTODY_N_RECEIPTS\RECYCLE_BIN_RECOVERY_20260604_203541\RECOVERED_ITEMS\ITEM_0002__Teleporter137_\Teleporter137_\Jxhnny_Kl33N_Seedz\.git\objects\pack\pack-b3c6157746918df8ddcb17c10d6ef6dec43b29c1.idx",".idx","26216","RECEIPT"
"BINARY_ARCHIVE_EXECUTABLE","_LOCAL_CUSTODY_N_RECEIPTS\RECYCLE_BIN_RECOVERY_20260604_203541\RECOVERED_ITEMS\ITEM_0002__Teleporter137_\Teleporter137_\Jxhnny_Kl33N_Seedz\.git\objects\pack\pack-bcd9907ebafd1d92796bc54b49e01678dd324902.idx",".idx","52620","RECEIPT"
"BINARY_ARCHIVE_EXECUTABLE","_LOCAL_CUSTODY_N_RECEIPTS\RECYCLE_BIN_RECOVERY_20260604_203541\RECOVERED_ITEMS\ITEM_0002__Teleporter137_\Teleporter137_\Jxhnny_Kl33N_Seedz\.git\objects\pack\pack-d2fe82797fc98e51e207a6dc12fdc31a5a98d35d.idx",".idx","13840","RECEIPT"
"BINARY_ARCHIVE_EXECUTABLE","_LOCAL_CUSTODY_N_RECEIPTS\RECYCLE_BIN_RECOVERY_20260604_203541\RECOVERED_ITEMS\ITEM_0002__Teleporter137_\Teleporter137_\Jxhnny_Kl33N_Seedz\.git\objects\pack\pack-e3b1499e77f5cf3272f60dcb44b304dd9518d82c.idx",".idx","15408","RECEIPT"
"BINARY_ARCHIVE_EXECUTABLE","_LOCAL_CUSTODY_N_RECEIPTS\RECYCLE_BIN_RECOVERY_20260604_203541\RECOVERED_ITEMS\ITEM_0002__Teleporter137_\Teleporter137_\Jxhnny_Kl33N_Seedz\.git\objects\pack\pack-e4583e01bfdc3fdb9259340598697f5b518baa02.idx",".idx","27196","RECEIPT"
