"Category","RelativePath","HitLines"
"REVIEW_REQUIRED",".\_MISC_DRAWER\READ_REPORTS\DEEPER_HOUSE_RULES_ROOMS_TOOLS_RESOURCES_SIGNAL_LEDGER_V2_20260528_010508.csv","56"
"REVIEW_REQUIRED",".\_LOCAL_CUSTODY_N_RECEIPTS\RECYCLE_BIN_RECOVERY_20260604_203541\REPORTS\RECYCLE_BIN_RECOVERY_FILE_HASH_LEDGER.csv","22"
"REVIEW_REQUIRED",".\_LOCAL_CUSTODY_N_RECEIPTS\RECYCLE_BIN_RECOVERY_20260604_203541\RECOVERED_ITEMS\ITEM_0015__raw progress.txt\raw progress.txt","16"
"REVIEW_REQUIRED",".\_LOCAL_CUSTODY_AND_RECEIPTS\ROOT_LEGACY_RESIDUE_PHASE2_20260603_234817\PARKED_PACKAGES_PENDING_REVIEW\PARKING_GATE_CONTROL_SURFACE_V1\raw progress.txt","16"
"REVIEW_REQUIRED",".\_LOCAL_CUSTODY_AND_RECEIPTS\ROOT_LEGACY_RESIDUE_PHASE2_20260603_234817\PARKED_PACKAGES_PENDING_REVIEW\HOUSE_DOCK_CONTROL_ROOM_SAVE_PACKET_V1\98_SOURCE_RAW\FINAL_RAW_PROGRESS.txt","13"
"REVIEW_REQUIRED",".\_LOCAL_CUSTODY_N_RECEIPTS\RECYCLE_BIN_RECOVERY_20260604_203541\RECOVERED_ITEMS\ITEM_0002__Teleporter137_\Teleporter137_\Jxhnny_Kl33N_Seedz\PORCH_WATCHER\PLANS\PORCH_MOVE_DROPPER_PLAN_20260522_162208.csv","12"
"REVIEW_REQUIRED",".\_LOCAL_CUSTODY_N_RECEIPTS\RECYCLE_BIN_RECOVERY_20260604_203541\RECOVERED_ITEMS\ITEM_0001__123\123\Jxhnny_Kl33N_Seedz\PORCH_WATCHER\PLANS\PORCH_MOVE_DROPPER_PLAN_20260522_162252.csv","12"
"REVIEW_REQUIRED",".\_LOCAL_CUSTODY_N_RECEIPTS\RECYCLE_BIN_RECOVERY_20260604_203541\RECOVERED_ITEMS\ITEM_0001__123\123\Jxhnny_Kl33N_Seedz\PORCH_WATCHER\PLANS\PORCH_MOVE_DROPPER_PLAN_20260522_162208.csv","12"
"REVIEW_REQUIRED",".\_LOCAL_CUSTODY_N_RECEIPTS\RECYCLE_BIN_RECOVERY_20260604_203541\RECOVERED_ITEMS\ITEM_0002__Teleporter137_\Teleporter137_\Jxhnny_Kl33N_Seedz\PORCH_WATCHER\PLANS\PORCH_MOVE_DROPPER_PLAN_20260522_162137.txt","12"
"REVIEW_REQUIRED",".\_LOCAL_CUSTODY_N_RECEIPTS\RECYCLE_BIN_RECOVERY_20260604_203541\RECOVERED_ITEMS\ITEM_0002__Teleporter137_\Teleporter137_\Jxhnny_Kl33N_Seedz\PORCH_WATCHER\RECEIPTS\PORCH_MOVE_DROPPER_RECEIPT_20260522_162252.txt","12"
"REVIEW_REQUIRED",".\_LOCAL_CUSTODY_N_RECEIPTS\RECYCLE_BIN_RECOVERY_20260604_203541\RECOVERED_ITEMS\ITEM_0001__123\123\Jxhnny_Kl33N_Seedz\CleanSeedsBuild\PROOF_HISTORY\DESKTOP_TOP_LEVEL_CLASSIFICATION_NO_ACTION_20260510_003534.txt","12"
"REVIEW_REQUIRED",".\_LOCAL_CUSTODY_N_RECEIPTS\RECYCLE_BIN_RECOVERY_20260604_203541\RECOVERED_ITEMS\ITEM_0001__123\123\Jxhnny_Kl33N_Seedz\PORCH_WATCHER\PLANS\PORCH_MOVE_DROPPER_PLAN_20260522_162137.txt","12"
"REVIEW_REQUIRED",".\Jxhnny_Kl33N_Seedz\PORCH_WATCHER\RECEIPTS\PORCH_MOVE_DROPPER_RECEIPT_20260522_162252.txt","12"
"REVIEW_REQUIRED",".\_LOCAL_CUSTODY_N_RECEIPTS\RECYCLE_BIN_RECOVERY_20260604_203541\RECOVERED_ITEMS\ITEM_0002__Teleporter137_\Teleporter137_\Jxhnny_Kl33N_Seedz\CleanSeedsBuild\PROOF_HISTORY\DESKTOP_TOP_LEVEL_CLASSIFICATION_NO_ACTION_20260510_003534.txt","12"
"REVIEW_REQUIRED",".\_LOCAL_CUSTODY_N_RECEIPTS\RECYCLE_BIN_RECOVERY_20260604_203541\RECOVERED_ITEMS\ITEM_0001__123\123\Jxhnny_Kl33N_Seedz\PORCH_WATCHER\PLANS\PORCH_MOVE_DROPPER_PLAN_20260522_162208.txt","12"
"REVIEW_REQUIRED",".\Jxhnny_Kl33N_Seedz\PORCH_WATCHER\PLANS\PORCH_MOVE_DROPPER_PLAN_20260522_162208.txt","12"
"REVIEW_REQUIRED",".\Jxhnny_Kl33N_Seedz\PORCH_WATCHER\PLANS\PORCH_MOVE_DROPPER_PLAN_20260522_162137.csv","12"
"REVIEW_REQUIRED",".\Jxhnny_Kl33N_Seedz\PORCH_WATCHER\PLANS\PORCH_MOVE_DROPPER_PLAN_20260522_162137.txt","12"
"REVIEW_REQUIRED",".\_LOCAL_CUSTODY_N_RECEIPTS\RECYCLE_BIN_RECOVERY_20260604_203541\RECOVERED_ITEMS\ITEM_0001__123\123\Jxhnny_Kl33N_Seedz\PORCH_WATCHER\PLANS\PORCH_MOVE_DROPPER_PLAN_20260522_162252.txt","12"
"REVIEW_REQUIRED",".\Jxhnny_Kl33N_Seedz\PORCH_WATCHER\PLANS\PORCH_MOVE_DROPPER_PLAN_20260522_162252.csv","12"
"REVIEW_REQUIRED",".\_LOCAL_CUSTODY_N_RECEIPTS\RECYCLE_BIN_RECOVERY_20260604_203541\RECOVERED_ITEMS\ITEM_0001__123\123\Jxhnny_Kl33N_Seedz\PORCH_WATCHER\RECEIPTS\PORCH_MOVE_DROPPER_RECEIPT_20260522_162252.txt","12"
"REVIEW_REQUIRED",".\Jxhnny_Kl33N_Seedz\PORCH_WATCHER\PLANS\PORCH_MOVE_DROPPER_PLAN_20260522_162208.csv","12"
"REVIEW_REQUIRED",".\_LOCAL_CUSTODY_N_RECEIPTS\RECYCLE_BIN_RECOVERY_20260604_203541\RECOVERED_ITEMS\ITEM_0002__Teleporter137_\Teleporter137_\Jxhnny_Kl33N_Seedz\PORCH_WATCHER\PLANS\PORCH_MOVE_DROPPER_PLAN_20260522_162252.txt","12"
"REVIEW_REQUIRED",".\Jxhnny_Kl33N_Seedz\PORCH_WATCHER\PLANS\PORCH_MOVE_DROPPER_PLAN_20260522_162252.txt","12"
"REVIEW_REQUIRED",".\_LOCAL_CUSTODY_N_RECEIPTS\RECYCLE_BIN_RECOVERY_20260604_203541\RECOVERED_ITEMS\ITEM_0002__Teleporter137_\Teleporter137_\Jxhnny_Kl33N_Seedz\PORCH_WATCHER\PLANS\PORCH_MOVE_DROPPER_PLAN_20260522_162252.csv","12"
"REVIEW_REQUIRED",".\_LOCAL_CUSTODY_N_RECEIPTS\RECYCLE_BIN_RECOVERY_20260604_203541\RECOVERED_ITEMS\ITEM_0002__Teleporter137_\Teleporter137_\Jxhnny_Kl33N_Seedz\PORCH_WATCHER\PLANS\PORCH_MOVE_DROPPER_PLAN_20260522_162208.txt","12"
"REVIEW_REQUIRED",".\_LOCAL_CUSTODY_N_RECEIPTS\RECYCLE_BIN_RECOVERY_20260604_203541\RECOVERED_ITEMS\ITEM_0002__Teleporter137_\Teleporter137_\Jxhnny_Kl33N_Seedz\PORCH_WATCHER\PLANS\PORCH_MOVE_DROPPER_PLAN_20260522_162137.csv","12"
"REVIEW_REQUIRED",".\Jxhnny_Kl33N_Seedz\CleanSeedsBuild\PROOF_HISTORY\DESKTOP_TOP_LEVEL_CLASSIFICATION_NO_ACTION_20260510_003534.txt","12"
"REVIEW_REQUIRED",".\_LOCAL_CUSTODY_N_RECEIPTS\RECYCLE_BIN_RECOVERY_20260604_203541\RECOVERED_ITEMS\ITEM_0001__123\123\Jxhnny_Kl33N_Seedz\PORCH_WATCHER\PLANS\PORCH_MOVE_DROPPER_PLAN_20260522_162137.csv","12"
"REVIEW_REQUIRED",".\_LOCAL_CUSTODY_N_RECEIPTS\RECYCLE_BIN_RECOVERY_20260604_203541\RECOVERED_ITEMS\ITEM_0002__Teleporter137_\Teleporter137_\Jxhnny_Kl33N_Seedz\MULE_WORKSHOP\DEEP_RECURSIVE_FAILURE_AUDIT_20260523\EVIDENCE\file_inventory_by_role.tsv","11"
"REVIEW_REQUIRED",".\_MISC_DRAWER\READ_REPORTS\HOUSE_ODDITY_WALK_20260530\HOUSE_FILE_HASH_LEDGER_20260530_210527.csv","11"
"REVIEW_REQUIRED",".\_LOCAL_CUSTODY_N_RECEIPTS\RECYCLE_BIN_RECOVERY_20260604_203541\RECOVERED_ITEMS\ITEM_0002__Teleporter137_\Teleporter137_\Jxhnny_Kl33N_Seedz\MULE_LOCAL_ONLY\TOP_SECRET_IDEA_CELL_LOCAL_ONLY_20260524_001305\EVIDENCE\GIT_HELD_LOCAL_ONLY_WASH_EVIDENCE_20260524_090000\COMMAND_CENTER__RECEIPTS__HOUSE_FILE_INTEGRITY_MANIFEST_20260524_042108.csv","11"
"REVIEW_REQUIRED",".\_LOCAL_CUSTODY_N_RECEIPTS\RECYCLE_BIN_RECOVERY_20260604_203541\RECOVERED_ITEMS\ITEM_0001__123\123\Jxhnny_Kl33N_Seedz\MULE_WORKSHOP\DEEP_RECURSIVE_FAILURE_AUDIT_20260523\EVIDENCE\keyword_hits_first1000.txt","11"
"REVIEW_REQUIRED",".\_LOCAL_CUSTODY_N_RECEIPTS\RECYCLE_BIN_RECOVERY_20260604_203541\RECOVERED_ITEMS\ITEM_0001__123\123\Jxhnny_Kl33N_Seedz\MULE_LOCAL_ONLY\TOP_SECRET_IDEA_CELL_LOCAL_ONLY_20260524_001305\EVIDENCE\GIT_HELD_LOCAL_ONLY_WASH_EVIDENCE_20260524_090000\COMMAND_CENTER__RECEIPTS__HOUSE_FILE_INTEGRITY_MANIFEST_20260524_042108.csv","11"
"REVIEW_REQUIRED",".\_LOCAL_CUSTODY_N_RECEIPTS\RECYCLE_BIN_RECOVERY_20260604_203541\RECOVERED_ITEMS\ITEM_0001__123\123\Jxhnny_Kl33N_Seedz\MULE_WORKSHOP\DEEP_RECURSIVE_FAILURE_AUDIT_20260523\EVIDENCE\file_inventory_by_role.tsv","11"
"REVIEW_REQUIRED",".\_MISC_DRAWER\READ_REPORTS\FULL_HOUSE_GATE_WASH_SINGLE_COMMAND_SUPERVISOR_V3_INVENTORY_20260530_105329.csv","11"
"REVIEW_REQUIRED",".\_MISC_DRAWER\READ_REPORTS\FULL_HOUSE_GATE_WASH_CYCLE_V1_1_INVENTORY_20260530_095730.csv","11"
"REVIEW_REQUIRED",".\Jxhnny_Kl33N_Seedz\MULE_WORKSHOP\DEEP_RECURSIVE_FAILURE_AUDIT_20260523\EVIDENCE\file_inventory_by_role.tsv","11"
"REVIEW_REQUIRED",".\_LOCAL_CUSTODY_N_RECEIPTS\MULE_ORDER__WHY_WERE_RECOVERED_ITEMS_REMOVED__ALL_WAYS__20260604\CURRENT_NON_RECOVERY_FILE_HASH_LEDGER.csv","11"
"REVIEW_REQUIRED",".\Jxhnny_Kl33N_Seedz\MULE_LOCAL_ONLY\TOP_SECRET_IDEA_CELL_LOCAL_ONLY_20260524_001305\EVIDENCE\GIT_HELD_LOCAL_ONLY_WASH_EVIDENCE_20260524_090000\COMMAND_CENTER__RECEIPTS__HOUSE_FILE_INTEGRITY_MANIFEST_20260524_042108.csv","11"
"REVIEW_REQUIRED",".\Jxhnny_Kl33N_Seedz\MULE_WORKSHOP\DEEP_RECURSIVE_FAILURE_AUDIT_20260523\EVIDENCE\keyword_hits_first1000.txt","11"
"REVIEW_REQUIRED",".\_MISC_DRAWER\READ_REPORTS\FULL_HOUSE_GATE_WASH_CYCLE_V1_1_INVENTORY_20260530_095823.csv","11"
"REVIEW_REQUIRED",".\_LOCAL_CUSTODY_N_RECEIPTS\RECYCLE_BIN_RECOVERY_20260604_203541\RECOVERED_ITEMS\ITEM_0002__Teleporter137_\Teleporter137_\Jxhnny_Kl33N_Seedz\MULE_WORKSHOP\DEEP_RECURSIVE_FAILURE_AUDIT_20260523\EVIDENCE\keyword_hits_first1000.txt","11"
"REVIEW_REQUIRED",".\_MISC_DRAWER\READ_REPORTS\FULL_HOUSE_GATE_WASH_SINGLE_COMMAND_SUPERVISOR_V3_INVENTORY_20260530_105416.csv","11"
"REVIEW_REQUIRED",".\_MISC_DRAWER\READ_REPORTS\DEEPER_HOUSE_RULES_ROOMS_TOOLS_RESOURCES_GAP_LEDGER_V2_20260528_010508.csv","9"
"REVIEW_REQUIRED",".\_MISC_DRAWER\READ_REPORTS\DEEPER_HOUSE_RULES_ROOMS_TOOLS_RESOURCES_FILE_LEDGER_V2_20260528_010508.csv","9"
"REVIEW_REQUIRED",".\_MISC_DRAWER\READ_REPORTS\FULL_HOUSE_GATE_WASH_SINGLE_COMMAND_SUPERVISOR_V3_FINDINGS_20260530_105416.csv","8"
"REVIEW_REQUIRED",".\_MISC_DRAWER\READ_REPORTS\FULL_HOUSE_GATE_WASH_SINGLE_COMMAND_SUPERVISOR_V3_FINDINGS_20260530_105329.csv","8"
"REVIEW_REQUIRED",".\_MISC_DRAWER\READ_REPORTS\SOLUTION_TO_CONCEPT_PROPAGATION_LEDGER_V0.1_20260527_211808.csv","4"
"REVIEW_REQUIRED",".\_LOCAL_CUSTODY_AND_RECEIPTS\ROOT_LEGACY_RESIDUE_PHASE2_20260603_234817\PARKED_PACKAGES_PENDING_REVIEW\PARKING_GATE_CONTROL_SURFACE_V1\PARKING_CONTROL_SURFACE_V2\02_PROOF_BENCH\PARKING_CONTROL_SURFACE_V2_EXPECTED_RESULTS.csv","4"
"REVIEW_REQUIRED",".\_LOCAL_CUSTODY_N_RECEIPTS\LOSSLESS_CUSTODY_ACCOUNTING_FAMILY_AUDIT_20260604\LOSSLESS_CUSTODY_RAW_TERM_FILE_INDEX.csv","3"
"REVIEW_REQUIRED",".\_LOCAL_CUSTODY_N_RECEIPTS\RECYCLE_BIN_RECOVERY_20260604_203541\RECOVERED_ITEMS\ITEM_0045__ff.txt\ff.txt","2"
"REVIEW_REQUIRED",".\_LOCAL_CUSTODY_N_RECEIPTS\LOSSLESS_CUSTODY_ACCOUNTING_FAMILY_AUDIT_20260604\LOSSLESS_CUSTODY_FOCUSED_RULE_CONCEPT_INDEX.csv","2"
"REVIEW_REQUIRED",".\_LOCAL_CUSTODY_N_RECEIPTS\RECYCLE_BIN_RECOVERY_20260604_203541\RECOVERED_ITEMS\ITEM_0001__123\123\Jxhnny_Kl33N_Seedz\MULE_WORKSHOP\DEEP_RECURSIVE_FAILURE_AUDIT_20260523\EVIDENCE\cluster_porch_home_first250.txt","2"
"REVIEW_REQUIRED",".\_LOCAL_CUSTODY_N_RECEIPTS\RECYCLE_BIN_RECOVERY_20260604_203541\RECOVERED_ITEMS\ITEM_0046__HELPER CAPABILITY BOUNDARIES_V1.8.2.txt\HELPER CAPABILITY BOUNDARIES_V1.8.2.txt","2"
"REVIEW_REQUIRED",".\_TOOLS_AND_SCRIPTS\SAVE_SCRIPTS\ROOT_CLEANOUT_SCRIPTS_20260530_200709\RUN_FULL_HOUSE_GATE_WASH_CYCLE_V1.1.ps1","2"
"REVIEW_REQUIRED",".\_LOCAL_CUSTODY_N_RECEIPTS\RECYCLE_BIN_RECOVERY_20260604_203541\RECOVERED_ITEMS\ITEM_0002__Teleporter137_\Teleporter137_\Jxhnny_Kl33N_Seedz\PORCH_WATCHER\TOOLS\SAVE_AND_RUN_PORCH_MOVE_DROPPER_RULE_20260522.ps1","2"
"REVIEW_REQUIRED",".\_LOCAL_CUSTODY_N_RECEIPTS\RECYCLE_BIN_RECOVERY_20260604_203541\RECOVERED_ITEMS\ITEM_0002__Teleporter137_\Teleporter137_\Jxhnny_Kl33N_Seedz\MULE_WORKSHOP\DEEP_RECURSIVE_FAILURE_AUDIT_20260523\EVIDENCE\cluster_porch_home_first250.txt","2"
"REVIEW_REQUIRED",".\_LOCAL_CUSTODY_AND_RECEIPTS\ROOT_LEGACY_RESIDUE_PHASE2_20260603_234817\PARKED_PACKAGES_PENDING_REVIEW\PARKING_GATE_CONTROL_SURFACE_V1\PARKING_CONTROL_SURFACE_V2\02_PROOF_BENCH\PARKING_CONTROL_SURFACE_V2_FIXTURE_CATALOG.csv","2"
"REVIEW_REQUIRED",".\_LOCAL_CUSTODY_N_RECEIPTS\RECYCLE_BIN_RECOVERY_20260604_203541\RECOVERED_ITEMS\ITEM_0001__123\123\Jxhnny_Kl33N_Seedz\PORCH_WATCHER\TOOLS\SAVE_AND_RUN_PORCH_MOVE_DROPPER_RULE_20260522.ps1","2"
"REVIEW_REQUIRED",".\_TOOLS_AND_SCRIPTS\SAVE_SCRIPTS\ROOT_CLEANOUT_SCRIPTS_20260530_200709\RUN_FULL_HOUSE_GATE_WASH_CYCLE_V1.ps1","2"
"REVIEW_REQUIRED",".\_LOCAL_CUSTODY_AND_RECEIPTS\ROOT_LOOSE_DOCS_20260531_033722\HELPER CAPABILITY BOUNDARIES_V1.8.2.txt","2"
"REVIEW_REQUIRED",".\Jxhnny_Kl33N_Seedz\PORCH_WATCHER\TOOLS\SAVE_AND_RUN_PORCH_MOVE_DROPPER_RULE_20260522.ps1","2"
"REVIEW_REQUIRED",".\Jxhnny_Kl33N_Seedz\MULE_WORKSHOP\DEEP_RECURSIVE_FAILURE_AUDIT_20260523\EVIDENCE\cluster_porch_home_first250.txt","2"
"REVIEW_REQUIRED",".\_TOOLS_AND_SCRIPTS\SAVE_SCRIPTS\ROOT_CLEANOUT_SCRIPTS_20260530_200709\LOCK_SAVE_FULL_HOUSE_WASH_V3_PROGRESS_AND_LEDGER_BRIDGE_PLAN_V1.ps1","2"
"REVIEW_REQUIRED",".\_LOCAL_CUSTODY_N_RECEIPTS\RECYCLE_BIN_RECOVERY_20260604_203541\RECOVERED_ITEMS\ITEM_0002__Teleporter137_\Teleporter137_\Jxhnny_Kl33N_Seedz\_MERGE_AUDIT\duplicates.tsv","1"
"REVIEW_REQUIRED",".\Jxhnny_Kl33N_Seedz\BRAIN_LEARNING\KEYRING_LEVEL0_USE_NEXT_MECHANISM_SELECTION_20260528.md","1"
"REVIEW_REQUIRED",".\_MISC_DRAWER\READ_REPORTS\HOUSE_DOCK_CONTROL_ROOM_SOURCE_INTAKE_20260603_112539\HOUSE_DOCK_BUILD_CRITICAL_FILES_NUMBERED_20260603_112539.txt","1"
"REVIEW_REQUIRED",".\Jxhnny_Kl33N_Seedz\BRAIN_LEARNING\FRESHNESS_LABELS_USE_NEXT_ROUTE_SELECTION_20260528.md","1"
"REVIEW_REQUIRED",".\Jxhnny_Kl33N_Seedz\HOUSE_WORK\INDEXES\CURRENT_HOUSE_WORK_STATUS.md","1"
"REVIEW_REQUIRED",".\Jxhnny_Kl33N_Seedz\_MERGE_AUDIT\duplicates.tsv","1"
"REVIEW_REQUIRED",".\Jxhnny_Kl33N_Seedz\HOUSE_WORK\IDEA_CONCEPT_COLLECTION_ROOM\HELPER_STRESS_BENCH_DEEP_ADDENDUMS_20260603\HELPER_STRESS_BENCH_WEAKNESS_TAXONOMY_AND_REPRODUCIBILITY_LOCK_20260603.md","1"
"REVIEW_REQUIRED",".\_MISC_DRAWER\READ_REPORTS\FULL_HOUSE_GATE_WASH_SINGLE_COMMAND_SUPERVISOR_V3_FINAL_20260530_105329.md","1"
"REVIEW_REQUIRED",".\_TOOLS_AND_SCRIPTS\SAVE_SCRIPTS\ROOT_CLEANOUT_SCRIPTS_20260530_200709\LOCK_SAVE_FRESHNESS_LABELS_USE_NEXT_ROUTE_SELECTION_V1.ps1","1"
"REVIEW_REQUIRED",".\_LOCAL_CUSTODY_N_RECEIPTS\RECYCLE_BIN_RECOVERY_20260604_203541\RECOVERED_ITEMS\ITEM_0002__Teleporter137_\Teleporter137_\Jxhnny_Kl33N_Seedz\BRAIN_LEARNING\PORCH_WATCHER_MOVE_NOT_COPY_HOUSEKEEPING_RULE_20260522.md","1"
"REVIEW_REQUIRED",".\_TOOLS_AND_SCRIPTS\SAVE_SCRIPTS\ROOT_CLEANOUT_SCRIPTS_20260530_200709\LOCK_SAVE_KEYRING_LEVEL0_USE_NEXT_MECHANISM_SELECTION_V1.ps1","1"
"REVIEW_REQUIRED",".\_LOCAL_CUSTODY_AND_RECEIPTS\ROOT_LOOSE_DOCS_20260530_200709\HOUSE_KEYRING_GRAPH_DEEP_CLEAN_EXPANSION_V1.md","1"
"REVIEW_REQUIRED",".\_TOOLS_AND_SCRIPTS\SAVE_SCRIPTS\ROOT_CLEANOUT_SCRIPTS_20260530_200709\RUN_FULL_HOUSE_GATE_WASH_SINGLE_COMMAND_SUPERVISOR_V3.ps1","1"
"REVIEW_REQUIRED",".\_LOCAL_CUSTODY_N_RECEIPTS\RECYCLE_BIN_RECOVERY_20260604_203541\RECOVERED_ITEMS\ITEM_0001__123\123\Jxhnny_Kl33N_Seedz\BRAIN_LEARNING\PORCH_WATCHER_MOVE_NOT_COPY_HOUSEKEEPING_RULE_20260522.md","1"
"REVIEW_REQUIRED",".\_MISC_DRAWER\READ_REPORTS\FULL_HOUSE_GATE_WASH_SINGLE_COMMAND_SUPERVISOR_V3_FINAL_20260530_105416.md","1"
"REVIEW_REQUIRED",".\_MISC_DRAWER\READ_REPORTS\HOUSE_ODDITY_WALK_20260530\HOUSE_ODD_NAME_AND_SIZE_FLAGS_20260530_210555.csv","1"
"REVIEW_REQUIRED",".\Jxhnny_Kl33N_Seedz\HOUSE_WORK\CHAT_COCKPIT\FULL_HOUSE_WASH_V3_PROGRESS_AND_LEDGER_BRIDGE_PLAN_SUIT_CARD_V1_20260530.md","1"
"REVIEW_REQUIRED",".\_MISC_DRAWER\READ_REPORTS\FULL_HOUSE_GATE_WASH_SINGLE_COMMAND_SUPERVISOR_V3_STATE_20260530_105329.json","1"
"REVIEW_REQUIRED",".\_MISC_DRAWER\READ_REPORTS\HOUSE_DOCK_CONTROL_ROOM_SOURCE_INDEX_20260603_112633\HOUSE_DOCK_BUILD_CRITICAL_LINE_REFERENCE_INDEX_20260603_112633.txt","1"
"REVIEW_REQUIRED",".\_MISC_DRAWER\READ_REPORTS\FULL_HOUSE_GATE_WASH_SINGLE_COMMAND_SUPERVISOR_V3_STATE_20260530_105416.json","1"
"REVIEW_REQUIRED",".\Jxhnny_Kl33N_Seedz\HOUSE_WORK\IDEA_CONCEPT_COLLECTION_ROOM\HELPER_STRESS_BENCH_DEEP_ADDENDUMS_20260603\HELPER_STRESS_BENCH_DEEP_ADDENDUMS_AND_COMPATIBILITY_GATE_20260603.md","1"
"REVIEW_REQUIRED",".\_TOOLS_AND_SCRIPTS\SAVE_SCRIPTS\ROOT_CLEANOUT_SCRIPTS_20260530_200709\LOCK_SAVE_FRESHNESS_DECAY_LABELS_TINY_PROOF_V1.ps1","1"
"REVIEW_REQUIRED",".\_LOCAL_CUSTODY_AND_RECEIPTS\ROOT_LEGACY_RESIDUE_PHASE2_20260603_234817\PARKED_PACKAGES_PENDING_REVIEW\HOUSE_DOCK_CONTROL_ROOM_SAVE_PACKET_V1\06_MEMORY_SEARCH_GROWTH\HOUSE_DOCK_SCENT_SEARCH_TRACEABILITY_V1.md","1"
"REVIEW_REQUIRED",".\_LOCAL_CUSTODY_N_RECEIPTS\RECYCLE_BIN_RECOVERY_20260604_203541\RECOVERED_ITEMS\ITEM_0006__123\123\Jxhnny_Kl33N_Seedz\BRAIN_LEARNING\PORCH_WATCHER_MOVE_NOT_COPY_HOUSEKEEPING_RULE_20260522.md","1"
"REVIEW_REQUIRED",".\Jxhnny_Kl33N_Seedz\BRAIN_LEARNING\PORCH_WATCHER_MOVE_NOT_COPY_HOUSEKEEPING_RULE_20260522.md","1"
"REVIEW_REQUIRED",".\_MISC_DRAWER\READ_REPORTS\DEEPER_HOUSE_RULES_ROOMS_TOOLS_RESOURCES_WALK_V2_20260528_010508.md","1"
"REVIEW_REQUIRED",".\_MISC_DRAWER\READ_REPORTS\POWERSHELL_CODE_GATE_RUNNER_REPORT_V1.3_20260530_105415_RUN_FULL_HOUSE_GATE_WASH_SINGLE_COMMAND_SUPERVISOR_V3.ps1.md","1"
"REVIEW_REQUIRED",".\_MISC_DRAWER\READ_REPORTS\POWERSHELL_CODE_GATE_RUNNER_REPORT_V1.3_20260530_105328_RUN_FULL_HOUSE_GATE_WASH_SINGLE_COMMAND_SUPERVISOR_V3.ps1.md","1"
"REVIEW_REQUIRED",".\_SOURCE_RESEARCH_NOTES\ROOT_TEXT_DROPS_20260603\CONSUMED_BY_REPO_SAVE\RAW_HELPER_STRESS_BENCH_DEEP_ADDENDUMS_COMPATIBILITY_GATES_AND_SELFTESTS_20260603.txt","1"
"REVIEW_REQUIRED",".\Jxhnny_Kl33N_Seedz\BRAIN_LEARNING\FRESHNESS_DECAY_LABELS_TINY_PROOF_20260528.md","1"
"REVIEW_REQUIRED",".\_LOCAL_CUSTODY_AND_RECEIPTS\ROOT_LEGACY_RESIDUE_PHASE2_20260603_234817\PARKED_PACKAGES_PENDING_REVIEW\HOUSE_DOCK_CONTROL_ROOM_SAVE_PACKET_V1\04_KERNEL_PROOF\HOUSE_DOCK_KERNEL_OPERATING_CONTRACT_V1.md","1"
"REVIEW_REQUIRED",".\_LOCAL_CUSTODY_N_RECEIPTS\RECYCLE_BIN_RECOVERY_20260604_203541\RECOVERED_ITEMS\ITEM_0001__123\123\Jxhnny_Kl33N_Seedz\_MERGE_AUDIT\duplicates.tsv","1"
"REVIEW_REQUIRED",".\_LOCAL_CUSTODY_AND_RECEIPTS\ROOT_LEGACY_RESIDUE_PHASE2_20260603_234817\PARKED_PACKAGES_PENDING_REVIEW\PARKING_GATE_CONTROL_SURFACE_V1\Final Agent\CHAT_PICKUP_HANDOFF_PARKING_SYSTEM_NEXT_PROOF_BENCH_20260601.md","1"
"REVIEW_REQUIRED",".\_LOCAL_CUSTODY_AND_RECEIPTS\ROOT_LEGACY_RESIDUE_PHASE2_20260603_234817\PARKED_PACKAGES_PENDING_REVIEW\HELPER_CONTEXT_AUTHORITY_PROOF_RESEARCH_PACK_20260531\01_CURRENT_ACCEPTED_BATCHES\BATCH_02_AUTHORITY_POWER_AND_CAPABILITY_V3_SPECIAL_WALLS_RUN_20260531.md","1"
"BLOCK_STOP",".\_MISC_DRAWER\READ_REPORTS\FULL_HOUSE_GATE_WASH_SINGLE_COMMAND_SUPERVISOR_V3_FINDINGS_20260530_105329.csv","4208"
"BLOCK_STOP",".\_MISC_DRAWER\READ_REPORTS\FULL_HOUSE_GATE_WASH_SINGLE_COMMAND_SUPERVISOR_V3_FINDINGS_20260530_105416.csv","4208"
"BLOCK_STOP",".\Jxhnny_Kl33N_Seedz\HOUSE_WORK\GATE_RINGS\MASTER_EXPANDED_GATE_RING_RUN2_10200_20260524\MASTER_GATE_RING_10200_RUN2_ORDERED_CANDIDATE.md","2390"
"BLOCK_STOP",".\Jxhnny_Kl33N_Seedz\HOUSE_WORK\GATE_RINGS\MASTER_EXPANDED_GATE_RING_RUN2_10200_20260524\MASTER_GATE_RING_10200_RUN2_ORDERED_CANDIDATE.csv","2389"
"BLOCK_STOP",".\_MISC_DRAWER\READ_REPORTS\DEEPER_HOUSE_RULES_ROOMS_TOOLS_RESOURCES_SIGNAL_LEDGER_V2_20260528_010508.csv","1444"
"BLOCK_STOP",".\HOUSE_WORK\PROJECT_COMMAND_CENTER_UI_LANE\DUAL_COMMAND_CENTER_L0_REVIEW_PACKET_20260606\SOURCE_RAW\OUTSIDE_ASSISTANT_COOPERATION_INDEX_V0_2_SOURCE_TO_LIVE_L0_CUSTODY_CHAIN_RAW_20260605.md","1366"
"BLOCK_STOP",".\Jxhnny_Kl33N_Seedz\HOUSE_WORK\IDEA_CONCEPT_COLLECTION_ROOM\PAST_WEEK_20260524_20260531\RUN_20260531_141441\PAST_WEEK_IDEA_CONCEPT_CAPTURE_V1_20260531_CONCEPT_SIGNAL_LEDGER.csv","1324"
"BLOCK_STOP",".\Jxhnny_Kl33N_Seedz\HOUSE_WORK\GATE_RINGS\MASTER_EXPANDED_GATE_RING_20260524\MASTER_GATE_RING_3400_EXPANDED_ORDERED_CANDIDATE.csv","1275"
"BLOCK_STOP",".\Jxhnny_Kl33N_Seedz\HOUSE_WORK\GATE_RINGS\MASTER_EXPANDED_GATE_RING_20260524\PRE_RUN2_BASELINE_20260524_233000\MASTER_GATE_RING_3400_EXPANDED_ORDERED_CANDIDATE.csv","1275"
"BLOCK_STOP",".\Jxhnny_Kl33N_Seedz\HOUSE_WORK\GATE_RINGS\MASTER_EXPANDED_GATE_RING_20260524\MASTER_GATE_RING_3400_EXPANDED_ORDERED_CANDIDATE.md","1174"
"BLOCK_STOP",".\Jxhnny_Kl33N_Seedz\HOUSE_WORK\GATE_RINGS\MASTER_EXPANDED_GATE_RING_20260524\PRE_RUN2_BASELINE_20260524_233000\MASTER_GATE_RING_3400_EXPANDED_ORDERED_CANDIDATE.md","1174"
"BLOCK_STOP",".\_MISC_DRAWER\READ_REPORTS\DEEPER_HOUSE_RULES_ROOMS_TOOLS_RESOURCES_FILE_LEDGER_V2_20260528_010508.csv","832"
"BLOCK_STOP",".\Jxhnny_Kl33N_Seedz\HOUSE_WORK\IDEA_CONCEPT_COLLECTION_ROOM\PAST_WEEK_20260524_20260531\RUN_20260531_141441\PAST_WEEK_IDEA_CONCEPT_SYNTHESIS_V1_20260531_UNIQUE_CONCEPTS_LEDGER.csv","811"
"BLOCK_STOP",".\_MISC_DRAWER\READ_REPORTS\DEEPER_HOUSE_RULES_ROOMS_TOOLS_RESOURCES_GAP_LEDGER_V2_20260528_010508.csv","506"
"BLOCK_STOP",".\_LOCAL_CUSTODY_AND_RECEIPTS\ROOT_LEGACY_RESIDUE_PHASE2_20260603_234817\PARKED_PACKAGES_PENDING_REVIEW\LOWER_CAUSE_SEARCH_METHOD_LAB_20260601\RAW_WORK\RAW_CARD_COLLECTION.txt","451"
"BLOCK_STOP",".\_LOCAL_CUSTODY_N_RECEIPTS\RECYCLE_BIN_RECOVERY_20260604_203541\RECOVERED_ITEMS\ITEM_0014__RAW_CARD_COLLECTION.txt\RAW_CARD_COLLECTION.txt","451"
"BLOCK_STOP",".\_LOCAL_CUSTODY_N_RECEIPTS\LOSSLESS_CUSTODY_ACCOUNTING_FAMILY_AUDIT_20260604\LOSSLESS_CUSTODY_FOCUSED_RULE_CONCEPT_INDEX.csv","389"
"BLOCK_STOP",".\_MISC_DRAWER\READ_REPORTS\SOLUTION_TO_CONCEPT_PROPAGATION_LEDGER_V0.1_20260527_211808.csv","384"
"BLOCK_STOP",".\_MISC_DRAWER\READ_REPORTS\RULE_EXPANSION_LOGIC_GATE_REPORT_V0.1_20260527_203802.md","328"
"BLOCK_STOP",".\_MISC_DRAWER\READ_REPORTS\RULE_EXPANSION_ROPE_LEDGER_V0.3_20260527_204138.csv","325"
"BLOCK_STOP",".\_LOCAL_CUSTODY_AND_RECEIPTS\ROOT_LEGACY_RESIDUE_PHASE2_20260603_234817\PARKED_PACKAGES_PENDING_REVIEW\HOUSE_DOCK_CONTROL_ROOM_SAVE_PACKET_V1\98_SOURCE_RAW\FINAL_RAW_PROGRESS.txt","281"
"BLOCK_STOP",".\Jxhnny_Kl33N_Seedz\HOUSE_WORK\IDEA_CONCEPT_COLLECTION_ROOM\PAST_WEEK_20260524_20260531\RUN_20260531_141441\PAST_WEEK_IDEA_CONCEPT_SYNTHESIS_V1_20260531_USE_NOW_LEDGER.csv","247"
"BLOCK_STOP",".\_LOCAL_CUSTODY_AND_RECEIPTS\ROOT_LEGACY_RESIDUE_PHASE2_20260603_234817\PARKED_PACKAGES_PENDING_REVIEW\PARKING_GATE_CONTROL_SURFACE_V1\raw progress.txt","227"
"BLOCK_STOP",".\_LOCAL_CUSTODY_N_RECEIPTS\RECYCLE_BIN_RECOVERY_20260604_203541\RECOVERED_ITEMS\ITEM_0015__raw progress.txt\raw progress.txt","227"
"BLOCK_STOP",".\Jxhnny_Kl33N_Seedz\HOUSE_WORK\GATE_RINGS\MASTER_500_GATE_RING_20260524\MASTER_GATE_RING_510_ORDERED_CANDIDATE.csv","190"
"BLOCK_STOP",".\Jxhnny_Kl33N_Seedz\HOUSE_WORK\GATE_RINGS\MASTER_500_GATE_RING_20260524\PRE_EXPANSION_BASELINE_20260524_225710\MASTER_GATE_RING_510_ORDERED_CANDIDATE.csv","190"
"BLOCK_STOP",".\Jxhnny_Kl33N_Seedz\HOUSE_WORK\GATE_RINGS\MASTER_500_GATE_RING_20260524\MASTER_GATE_RING_510_ORDERED_CANDIDATE.md","157"
"BLOCK_STOP",".\Jxhnny_Kl33N_Seedz\HOUSE_WORK\GATE_RINGS\MASTER_500_GATE_RING_20260524\PRE_EXPANSION_BASELINE_20260524_225710\MASTER_GATE_RING_510_ORDERED_CANDIDATE.md","157"
"BLOCK_STOP",".\Jxhnny_Kl33N_Seedz\ACTIVE_GUIDES\CLEAN_SEED_ALIGNMENT_CHECK.txt","147"
"BLOCK_STOP",".\_LOCAL_CUSTODY_N_RECEIPTS\RECYCLE_BIN_RECOVERY_20260604_203541\RECOVERED_ITEMS\ITEM_0006__123\123\Jxhnny_Kl33N_Seedz\ACTIVE_GUIDES\CLEAN_SEED_ALIGNMENT_CHECK.txt","147"
"BLOCK_STOP",".\_LOCAL_CUSTODY_N_RECEIPTS\RECYCLE_BIN_RECOVERY_20260604_203541\RECOVERED_ITEMS\ITEM_0002__Teleporter137_\Teleporter137_\Jxhnny_Kl33N_Seedz\ACTIVE_GUIDES\CLEAN_SEED_ALIGNMENT_CHECK.txt","147"
"BLOCK_STOP",".\_LOCAL_CUSTODY_N_RECEIPTS\RECYCLE_BIN_RECOVERY_20260604_203541\RECOVERED_ITEMS\ITEM_0001__123\123\Jxhnny_Kl33N_Seedz\ACTIVE_GUIDES\CLEAN_SEED_ALIGNMENT_CHECK.txt","147"
"BLOCK_STOP",".\Jxhnny_Kl33N_Seedz\CORE_GUIDE_BACKUPS\CORE_GUIDES_BEFORE_GATE_EVIDENCE_HOW_FOUND_DOCTRINE_WASH_20260524_043525\CLEAN_SEED_ALIGNMENT_CHECK.txt","146"
"BLOCK_STOP",".\_LOCAL_CUSTODY_N_RECEIPTS\RECYCLE_BIN_RECOVERY_20260604_203541\RECOVERED_ITEMS\ITEM_0002__Teleporter137_\Teleporter137_\Jxhnny_Kl33N_Seedz\CleanSeedsBuild\ACTIVE_GUIDES\CLEAN_SEED_ALIGNMENT_CHECK.txt","146"
"BLOCK_STOP",".\_LOCAL_CUSTODY_N_RECEIPTS\RECYCLE_BIN_RECOVERY_20260604_203541\RECOVERED_ITEMS\ITEM_0006__123\123\Jxhnny_Kl33N_Seedz\CleanSeedsBuild\ACTIVE_GUIDES\CLEAN_SEED_ALIGNMENT_CHECK.txt","146"
"BLOCK_STOP",".\_LOCAL_CUSTODY_N_RECEIPTS\RECYCLE_BIN_RECOVERY_20260604_203541\RECOVERED_ITEMS\ITEM_0001__123\123\Jxhnny_Kl33N_Seedz\CORE_GUIDE_BACKUPS\CORE_GUIDES_BEFORE_GATE_EVIDENCE_HOW_FOUND_DOCTRINE_WASH_20260524_043525\CLEAN_SEED_ALIGNMENT_CHECK.txt","146"
"BLOCK_STOP",".\Jxhnny_Kl33N_Seedz\CleanSeedsBuild\ACTIVE_GUIDES\CLEAN_SEED_ALIGNMENT_CHECK.txt","146"
"BLOCK_STOP",".\_LOCAL_CUSTODY_N_RECEIPTS\RECYCLE_BIN_RECOVERY_20260604_203541\RECOVERED_ITEMS\ITEM_0001__123\123\Jxhnny_Kl33N_Seedz\CleanSeedsBuild\ACTIVE_GUIDES\CLEAN_SEED_ALIGNMENT_CHECK.txt","146"
"BLOCK_STOP",".\_LOCAL_CUSTODY_N_RECEIPTS\RECYCLE_BIN_RECOVERY_20260604_203541\RECOVERED_ITEMS\ITEM_0002__Teleporter137_\Teleporter137_\Jxhnny_Kl33N_Seedz\CORE_GUIDE_BACKUPS\CORE_GUIDES_BEFORE_GATE_EVIDENCE_HOW_FOUND_DOCTRINE_WASH_20260524_043525\CLEAN_SEED_ALIGNMENT_CHECK.txt","146"
"BLOCK_STOP",".\_LOCAL_CUSTODY_N_RECEIPTS\RECYCLE_BIN_RECOVERY_20260604_203541\RECOVERED_ITEMS\ITEM_0006__123\123\Jxhnny_Kl33N_Seedz\CleanSeedsBuild\PROOF_HISTORY\BACKUP_CLEAN_SEED_ALIGNMENT_CHECK_BEFORE_TINY_WORKING_PATH_INSTALL_20260511.txt","145"
"BLOCK_STOP",".\_LOCAL_CUSTODY_N_RECEIPTS\RECYCLE_BIN_RECOVERY_20260604_203541\RECOVERED_ITEMS\ITEM_0001__123\123\Jxhnny_Kl33N_Seedz\CleanSeedsBuild\PROOF_HISTORY\BACKUP_CLEAN_SEED_ALIGNMENT_CHECK_BEFORE_TINY_INSTALL_PACKET_SCOPE_COMPLETION_20260511.txt","145"
"BLOCK_STOP",".\_LOCAL_CUSTODY_N_RECEIPTS\RECYCLE_BIN_RECOVERY_20260604_203541\RECOVERED_ITEMS\ITEM_0001__123\123\Jxhnny_Kl33N_Seedz\PROOF_HISTORY\BACKUP_CLEAN_SEED_ALIGNMENT_CHECK_BEFORE_LOCAL_FILE_LANE_LEAD_INSTALL_20260511.txt","145"
"BLOCK_STOP",".\_LOCAL_CUSTODY_N_RECEIPTS\RECYCLE_BIN_RECOVERY_20260604_203541\RECOVERED_ITEMS\ITEM_0006__123\123\Jxhnny_Kl33N_Seedz\CleanSeedsBuild\PROOF_HISTORY\BACKUP_CLEAN_SEED_ALIGNMENT_CHECK_BEFORE_LOCAL_FILE_LANE_LEAD_INSTALL_20260511.txt","145"
"BLOCK_STOP",".\_LOCAL_CUSTODY_N_RECEIPTS\RECYCLE_BIN_RECOVERY_20260604_203541\RECOVERED_ITEMS\ITEM_0006__123\123\Jxhnny_Kl33N_Seedz\CleanSeedsBuild\PROOF_HISTORY\BACKUP_CLEAN_SEED_ALIGNMENT_CHECK_BEFORE_TINY_INSTALL_PACKET_SCOPE_COMPLETION_20260511.txt","145"
"BLOCK_STOP",".\Jxhnny_Kl33N_Seedz\CleanSeedsBuild\PROOF_HISTORY\BACKUP_CLEAN_SEED_ALIGNMENT_CHECK_BEFORE_TINY_WORKING_PATH_INSTALL_20260511.txt","145"
"BLOCK_STOP",".\_LOCAL_CUSTODY_N_RECEIPTS\RECYCLE_BIN_RECOVERY_20260604_203541\RECOVERED_ITEMS\ITEM_0002__Teleporter137_\Teleporter137_\Jxhnny_Kl33N_Seedz\CleanSeedsBuild\PROOF_HISTORY\DESKTOP_DROP_FOLDER_INTAKE_ARCHIVE_20260511\Clean_Milk_FRESH_ASSESSMENT_DROP_20260511_004711\CLEAN_SEED_ALIGNMENT_CHECK.txt","145"
"BLOCK_STOP",".\_LOCAL_CUSTODY_N_RECEIPTS\RECYCLE_BIN_RECOVERY_20260604_203541\RECOVERED_ITEMS\ITEM_0002__Teleporter137_\Teleporter137_\Jxhnny_Kl33N_Seedz\CleanSeedsBuild\PROOF_HISTORY\BACKUP_CLEAN_SEED_ALIGNMENT_CHECK_BEFORE_TINY_WORKING_PATH_INSTALL_20260511.txt","145"
"BLOCK_STOP",".\_LOCAL_CUSTODY_N_RECEIPTS\RECYCLE_BIN_RECOVERY_20260604_203541\RECOVERED_ITEMS\ITEM_0001__123\123\Jxhnny_Kl33N_Seedz\CleanSeedsBuild\PROOF_HISTORY\DESKTOP_DROP_FOLDER_INTAKE_ARCHIVE_20260511\Clean_Milk_FRESH_ASSESSMENT_DROP_20260511_004711\CLEAN_SEED_ALIGNMENT_CHECK.txt","145"
"BLOCK_STOP",".\Jxhnny_Kl33N_Seedz\PROOF_HISTORY\BACKUP_CLEAN_SEED_ALIGNMENT_CHECK_BEFORE_LOCAL_FILE_LANE_LEAD_INSTALL_20260511.txt","145"
"BLOCK_STOP",".\_LOCAL_CUSTODY_N_RECEIPTS\RECYCLE_BIN_RECOVERY_20260604_203541\RECOVERED_ITEMS\ITEM_0002__Teleporter137_\Teleporter137_\Jxhnny_Kl33N_Seedz\PROOF_HISTORY\DESKTOP_DROP_FOLDER_INTAKE_ARCHIVE_20260511\Clean_Milk_FRESH_ASSESSMENT_DROP_20260511_004711\CLEAN_SEED_ALIGNMENT_CHECK.txt","145"
"BLOCK_STOP",".\Jxhnny_Kl33N_Seedz\CleanSeedsBuild\PROOF_HISTORY\BACKUP_CLEAN_SEED_ALIGNMENT_CHECK_BEFORE_LOCAL_FILE_LANE_LEAD_INSTALL_20260511.txt","145"
"BLOCK_STOP",".\_LOCAL_CUSTODY_N_RECEIPTS\RECYCLE_BIN_RECOVERY_20260604_203541\RECOVERED_ITEMS\ITEM_0002__Teleporter137_\Teleporter137_\Jxhnny_Kl33N_Seedz\PROOF_HISTORY\BACKUP_CLEAN_SEED_ALIGNMENT_CHECK_BEFORE_LOCAL_FILE_LANE_LEAD_INSTALL_20260511.txt","145"
"BLOCK_STOP",".\Jxhnny_Kl33N_Seedz\CleanSeedsBuild\PROOF_HISTORY\DESKTOP_DROP_FOLDER_INTAKE_ARCHIVE_20260511\Clean_Milk_FRESH_ASSESSMENT_DROP_20260511_004711\CLEAN_SEED_ALIGNMENT_CHECK.txt","145"
"BLOCK_STOP",".\_LOCAL_CUSTODY_N_RECEIPTS\RECYCLE_BIN_RECOVERY_20260604_203541\RECOVERED_ITEMS\ITEM_0001__123\123\Jxhnny_Kl33N_Seedz\CleanSeedsBuild\PROOF_HISTORY\BACKUP_CLEAN_SEED_ALIGNMENT_CHECK_BEFORE_LOCAL_FILE_LANE_LEAD_INSTALL_20260511.txt","145"
"BLOCK_STOP",".\_LOCAL_CUSTODY_N_RECEIPTS\RECYCLE_BIN_RECOVERY_20260604_203541\RECOVERED_ITEMS\ITEM_0002__Teleporter137_\Teleporter137_\Jxhnny_Kl33N_Seedz\CleanSeedsBuild\PROOF_HISTORY\BACKUP_CLEAN_SEED_ALIGNMENT_CHECK_BEFORE_TINY_INSTALL_PACKET_SCOPE_COMPLETION_20260511.txt","145"
"BLOCK_STOP",".\_LOCAL_CUSTODY_N_RECEIPTS\RECYCLE_BIN_RECOVERY_20260604_203541\RECOVERED_ITEMS\ITEM_0002__Teleporter137_\Teleporter137_\Jxhnny_Kl33N_Seedz\CleanSeedsBuild\PROOF_HISTORY\BACKUP_CLEAN_SEED_ALIGNMENT_CHECK_BEFORE_LOCAL_FILE_LANE_LEAD_INSTALL_20260511.txt","145"
"BLOCK_STOP",".\_LOCAL_CUSTODY_N_RECEIPTS\RECYCLE_BIN_RECOVERY_20260604_203541\RECOVERED_ITEMS\ITEM_0001__123\123\Jxhnny_Kl33N_Seedz\CleanSeedsBuild\PROOF_HISTORY\BACKUP_CLEAN_SEED_ALIGNMENT_CHECK_BEFORE_TINY_WORKING_PATH_INSTALL_20260511.txt","145"
"BLOCK_STOP",".\Jxhnny_Kl33N_Seedz\CleanSeedsBuild\PROOF_HISTORY\BACKUP_CLEAN_SEED_ALIGNMENT_CHECK_BEFORE_TINY_INSTALL_PACKET_SCOPE_COMPLETION_20260511.txt","145"
"BLOCK_STOP",".\_LOCAL_CUSTODY_N_RECEIPTS\RECYCLE_BIN_RECOVERY_20260604_203541\RECOVERED_ITEMS\ITEM_0001__123\123\Jxhnny_Kl33N_Seedz\PROOF_HISTORY\DESKTOP_DROP_FOLDER_INTAKE_ARCHIVE_20260511\Clean_Milk_FRESH_ASSESSMENT_DROP_20260511_004711\CLEAN_SEED_ALIGNMENT_CHECK.txt","145"
"BLOCK_STOP",".\Jxhnny_Kl33N_Seedz\PROOF_HISTORY\DESKTOP_DROP_FOLDER_INTAKE_ARCHIVE_20260511\Clean_Milk_FRESH_ASSESSMENT_DROP_20260511_004711\CLEAN_SEED_ALIGNMENT_CHECK.txt","145"
"BLOCK_STOP",".\Jxhnny_Kl33N_Seedz\PROOF_HISTORY\BACKUP_ACTIVE_GUIDES_BEFORE_CURRENT_IDEA_PLACEMENT_20260510\CLEAN_SEED_ALIGNMENT_CHECK.txt","144"
"BLOCK_STOP",".\_LOCAL_CUSTODY_N_RECEIPTS\RECYCLE_BIN_RECOVERY_20260604_203541\RECOVERED_ITEMS\ITEM_0001__123\123\Jxhnny_Kl33N_Seedz\CleanSeedsBuild\CleanSeed_Backups\CleanSeed_SourceTruth_Backup_20260509_233207\SOURCE_COPY\CLEAN_SEED_ALIGNMENT_CHECK.txt","144"
"BLOCK_STOP",".\_LOCAL_CUSTODY_N_RECEIPTS\RECYCLE_BIN_RECOVERY_20260604_203541\RECOVERED_ITEMS\ITEM_0002__Teleporter137_\Teleporter137_\Jxhnny_Kl33N_Seedz\CleanSeedsBuild\CleanSeed_Backups\CleanSeed_SourceTruth_Backup_20260509_233207\SOURCE_COPY\CLEAN_SEED_ALIGNMENT_CHECK.txt","144"
"BLOCK_STOP",".\_LOCAL_CUSTODY_N_RECEIPTS\RECYCLE_BIN_RECOVERY_20260604_203541\RECOVERED_ITEMS\ITEM_0006__123\123\Jxhnny_Kl33N_Seedz\CleanSeedsBuild\CleanSeed_Backups\CleanSeed_SourceTruth_Backup_20260509_233207\SOURCE_COPY\CLEAN_SEED_ALIGNMENT_CHECK.txt","144"
"BLOCK_STOP",".\_LOCAL_CUSTODY_N_RECEIPTS\RECYCLE_BIN_RECOVERY_20260604_203541\RECOVERED_ITEMS\ITEM_0002__Teleporter137_\Teleporter137_\Jxhnny_Kl33N_Seedz\PROOF_HISTORY\BACKUP_ACTIVE_GUIDES_BEFORE_CURRENT_IDEA_PLACEMENT_20260510\CLEAN_SEED_ALIGNMENT_CHECK.txt","144"
"BLOCK_STOP",".\Jxhnny_Kl33N_Seedz\CleanSeedsBuild\CleanSeed_Backups\CleanSeed_SourceTruth_Backup_20260509_233207\SOURCE_COPY\CLEAN_SEED_ALIGNMENT_CHECK.txt","144"
"BLOCK_STOP",".\_LOCAL_CUSTODY_N_RECEIPTS\RECYCLE_BIN_RECOVERY_20260604_203541\RECOVERED_ITEMS\ITEM_0001__123\123\Jxhnny_Kl33N_Seedz\PROOF_HISTORY\BACKUP_ACTIVE_GUIDES_BEFORE_CURRENT_IDEA_PLACEMENT_20260510\CLEAN_SEED_ALIGNMENT_CHECK.txt","144"
"BLOCK_STOP",".\_LOCAL_CUSTODY_AND_RECEIPTS\ROOT_LOOSE_FILE_CLEANOUT_20260604_20260604_172200\RULIOLOGICAL_STRATEGY_BENCH_INDEX_V0_2_SAVE.txt","133"
"BLOCK_STOP",".\_MISC_DRAWER\EVIDENCE_FREEZE\CODE_GATE_AUDIT_COUNT_CROSSCHECK_20260528_005042\audit_outputs\CODE_GATE_RULING_QUALITY_AND_RULE_EXPANSION_AUDIT_V1_20260528_004845.md","132"
"BLOCK_STOP",".\Jxhnny_Kl33N_Seedz\SOURCE_TRANSFER\TEXT_INCOMING\CLEAN_SEED_ALIGNMENT_CHECK.txt","132"
"BLOCK_STOP",".\_MISC_DRAWER\READ_REPORTS\CODE_GATE_RULING_QUALITY_AND_RULE_EXPANSION_AUDIT_V1_20260528_004845.md","132"
"BLOCK_STOP",".\_LOCAL_CUSTODY_N_RECEIPTS\RECYCLE_BIN_RECOVERY_20260604_203541\RECOVERED_ITEMS\ITEM_0001__123\123\Jxhnny_Kl33N_Seedz\SOURCE_TRANSFER\TEXT_INCOMING\CLEAN_SEED_ALIGNMENT_CHECK.txt","132"
"BLOCK_STOP",".\_LOCAL_CUSTODY_N_RECEIPTS\RECYCLE_BIN_RECOVERY_20260604_203541\RECOVERED_ITEMS\ITEM_0002__Teleporter137_\Teleporter137_\Jxhnny_Kl33N_Seedz\SOURCE_TRANSFER\TEXT_INCOMING\CLEAN_SEED_ALIGNMENT_CHECK.txt","132"
"BLOCK_STOP",".\Jxhnny_Kl33N_Seedz\PROOF_HISTORY\RECYCLE_BIN_QUARANTINE_20260510\ITEM_0056__CLEAN_SEED_ALIGNMENT_CHECK_(1).txt\CLEAN_SEED_ALIGNMENT_CHECK (1).txt","130"
"BLOCK_STOP",".\_LOCAL_CUSTODY_N_RECEIPTS\RECYCLE_BIN_RECOVERY_20260604_203541\RECOVERED_ITEMS\ITEM_0006__123\123\Jxhnny_Kl33N_Seedz\CleanSeedsBuild\CleanSeed_Backups\CleanSeed_SourceTruth_Backup_20260509_233207\SOURCE_COPY\PROOF_HISTORY\BACKUP_BEFORE_COMMAND_MAP_HOUSEKEEPING_LOCK_20260509_203930\CLEAN_SEED_ALIGNMENT_CHECK.txt","130"
"BLOCK_STOP",".\_LOCAL_CUSTODY_N_RECEIPTS\RECYCLE_BIN_RECOVERY_20260604_203541\RECOVERED_ITEMS\ITEM_0002__Teleporter137_\Teleporter137_\Jxhnny_Kl33N_Seedz\CleanSeedsBuild\PROOF_HISTORY\RECYCLE_BIN_QUARANTINE_20260510\ITEM_0056__CLEAN_SEED_ALIGNMENT_CHECK_(1).txt\CLEAN_SEED_ALIGNMENT_CHECK (1).txt","130"
"BLOCK_STOP",".\_LOCAL_CUSTODY_N_RECEIPTS\RECYCLE_BIN_RECOVERY_20260604_203541\RECOVERED_ITEMS\ITEM_0001__123\123\Jxhnny_Kl33N_Seedz\PROOF_HISTORY\BACKUP_BEFORE_COMMAND_MAP_HOUSEKEEPING_LOCK_20260509_203930\CLEAN_SEED_ALIGNMENT_CHECK.txt","130"
"BLOCK_STOP",".\_LOCAL_CUSTODY_N_RECEIPTS\RECYCLE_BIN_RECOVERY_20260604_203541\RECOVERED_ITEMS\ITEM_0002__Teleporter137_\Teleporter137_\Jxhnny_Kl33N_Seedz\PROOF_HISTORY\RECYCLE_BIN_QUARANTINE_20260510\ITEM_0056__CLEAN_SEED_ALIGNMENT_CHECK_(1).txt\CLEAN_SEED_ALIGNMENT_CHECK (1).txt","130"
"BLOCK_STOP",".\_LOCAL_CUSTODY_N_RECEIPTS\RECYCLE_BIN_RECOVERY_20260604_203541\RECOVERED_ITEMS\ITEM_0001__123\123\Jxhnny_Kl33N_Seedz\CleanSeedsBuild\CleanSeed_Backups\CleanSeed_SourceTruth_Backup_20260509_233207\SOURCE_COPY\PROOF_HISTORY\BACKUP_BEFORE_COMMAND_MAP_HOUSEKEEPING_LOCK_20260509_203930\ROOT_COPY_CLEAN_SEED_ALIGNMENT_CHECK.txt","130"
"BLOCK_STOP",".\_LOCAL_CUSTODY_N_RECEIPTS\RECYCLE_BIN_RECOVERY_20260604_203541\RECOVERED_ITEMS\ITEM_0001__123\123\Jxhnny_Kl33N_Seedz\PROOF_HISTORY\RECYCLE_BIN_QUARANTINE_20260510\ITEM_0056__CLEAN_SEED_ALIGNMENT_CHECK_(1).txt\CLEAN_SEED_ALIGNMENT_CHECK (1).txt","130"
"BLOCK_STOP",".\_LOCAL_CUSTODY_N_RECEIPTS\RECYCLE_BIN_RECOVERY_20260604_203541\RECOVERED_ITEMS\ITEM_0006__123\123\Jxhnny_Kl33N_Seedz\CleanSeedsBuild\CleanSeed_Backups\CleanSeed_SourceTruth_Backup_20260509_233207\SOURCE_COPY\PROOF_HISTORY\BACKUP_BEFORE_COMMAND_MAP_HOUSEKEEPING_LOCK_20260509_203930\ROOT_COPY_CLEAN_SEED_ALIGNMENT_CHECK.txt","130"
"BLOCK_STOP",".\_LOCAL_CUSTODY_N_RECEIPTS\RECYCLE_BIN_RECOVERY_20260604_203541\RECOVERED_ITEMS\ITEM_0001__123\123\Jxhnny_Kl33N_Seedz\CleanSeedsBuild\CleanSeed_Backups\CleanSeed_SourceTruth_Backup_20260509_233207\SOURCE_COPY\PROOF_HISTORY\BACKUP_BEFORE_COMMAND_MAP_HOUSEKEEPING_LOCK_20260509_203930\CLEAN_SEED_ALIGNMENT_CHECK.txt","130"
"BLOCK_STOP",".\_LOCAL_CUSTODY_N_RECEIPTS\RECYCLE_BIN_RECOVERY_20260604_203541\RECOVERED_ITEMS\ITEM_0001__123\123\Jxhnny_Kl33N_Seedz\PROOF_HISTORY\BACKUP_BEFORE_COMMAND_MAP_HOUSEKEEPING_LOCK_20260509_203930\ROOT_COPY_CLEAN_SEED_ALIGNMENT_CHECK.txt","130"
"BLOCK_STOP",".\_LOCAL_CUSTODY_N_RECEIPTS\RECYCLE_BIN_RECOVERY_20260604_203541\RECOVERED_ITEMS\ITEM_0002__Teleporter137_\Teleporter137_\Jxhnny_Kl33N_Seedz\PROOF_HISTORY\BACKUP_BEFORE_COMMAND_MAP_HOUSEKEEPING_LOCK_20260509_203930\CLEAN_SEED_ALIGNMENT_CHECK.txt","130"
"BLOCK_STOP",".\Jxhnny_Kl33N_Seedz\CleanSeedsBuild\CleanSeed_Backups\CleanSeed_SourceTruth_Backup_20260509_233207\SOURCE_COPY\PROOF_HISTORY\BACKUP_BEFORE_COMMAND_MAP_HOUSEKEEPING_LOCK_20260509_203930\ROOT_COPY_CLEAN_SEED_ALIGNMENT_CHECK.txt","130"
"BLOCK_STOP",".\Jxhnny_Kl33N_Seedz\PROOF_HISTORY\BACKUP_BEFORE_COMMAND_MAP_HOUSEKEEPING_LOCK_20260509_203930\ROOT_COPY_CLEAN_SEED_ALIGNMENT_CHECK.txt","130"
"BLOCK_STOP",".\Jxhnny_Kl33N_Seedz\CleanSeedsBuild\CleanSeed_Backups\CleanSeed_SourceTruth_Backup_20260509_233207\SOURCE_COPY\PROOF_HISTORY\BACKUP_BEFORE_COMMAND_MAP_HOUSEKEEPING_LOCK_20260509_203930\CLEAN_SEED_ALIGNMENT_CHECK.txt","130"
"BLOCK_STOP",".\Jxhnny_Kl33N_Seedz\PROOF_HISTORY\BACKUP_BEFORE_COMMAND_MAP_HOUSEKEEPING_LOCK_20260509_203930\CLEAN_SEED_ALIGNMENT_CHECK.txt","130"
"BLOCK_STOP",".\_LOCAL_CUSTODY_N_RECEIPTS\RECYCLE_BIN_RECOVERY_20260604_203541\RECOVERED_ITEMS\ITEM_0001__123\123\Jxhnny_Kl33N_Seedz\CleanSeedsBuild\PROOF_HISTORY\RECYCLE_BIN_QUARANTINE_20260510\ITEM_0056__CLEAN_SEED_ALIGNMENT_CHECK_(1).txt\CLEAN_SEED_ALIGNMENT_CHECK (1).txt","130"
"BLOCK_STOP",".\_LOCAL_CUSTODY_N_RECEIPTS\RECYCLE_BIN_RECOVERY_20260604_203541\RECOVERED_ITEMS\ITEM_0002__Teleporter137_\Teleporter137_\Jxhnny_Kl33N_Seedz\PROOF_HISTORY\BACKUP_BEFORE_COMMAND_MAP_HOUSEKEEPING_LOCK_20260509_203930\ROOT_COPY_CLEAN_SEED_ALIGNMENT_CHECK.txt","130"
"BLOCK_STOP",".\Jxhnny_Kl33N_Seedz\CleanSeedsBuild\PROOF_HISTORY\RECYCLE_BIN_QUARANTINE_20260510\ITEM_0056__CLEAN_SEED_ALIGNMENT_CHECK_(1).txt\CLEAN_SEED_ALIGNMENT_CHECK (1).txt","130"
"BLOCK_STOP",".\_SOURCE_RESEARCH_NOTES\ROOT_TEXT_DROPS_20260603\CONSUMED_BY_REPO_SAVE\nextmove.txt","128"
"BLOCK_STOP",".\Jxhnny_Kl33N_Seedz\PROOF_HISTORY\BACKUP_BEFORE_SCOPE_STATE_TRIGGER_LOCK\CLEAN_SEED_ALIGNMENT_CHECK.txt","127"
"BLOCK_STOP",".\_LOCAL_CUSTODY_N_RECEIPTS\RECYCLE_BIN_RECOVERY_20260604_203541\RECOVERED_ITEMS\ITEM_0002__Teleporter137_\Teleporter137_\Jxhnny_Kl33N_Seedz\PROOF_HISTORY\RECYCLE_BIN_QUARANTINE_20260510\ITEM_0079__CLEAN_SEED_ALIGNMENT_CHECK.txt\CLEAN_SEED_ALIGNMENT_CHECK.txt","127"
"BLOCK_STOP",".\Jxhnny_Kl33N_Seedz\CleanSeedsBuild\CleanSeed_Backups\CleanSeed_SourceTruth_Backup_20260509_233207\SOURCE_COPY\PROOF_HISTORY\BACKUP_BEFORE_SCOPE_STATE_TRIGGER_LOCK\CLEAN_SEED_ALIGNMENT_CHECK.txt","127"
"BLOCK_STOP",".\_LOCAL_CUSTODY_N_RECEIPTS\RECYCLE_BIN_RECOVERY_20260604_203541\RECOVERED_ITEMS\ITEM_0002__Teleporter137_\Teleporter137_\Jxhnny_Kl33N_Seedz\CleanSeedsBuild\PROOF_HISTORY\RECYCLE_BIN_QUARANTINE_20260510\ITEM_0079__CLEAN_SEED_ALIGNMENT_CHECK.txt\CLEAN_SEED_ALIGNMENT_CHECK.txt","127"
"BLOCK_STOP",".\_LOCAL_CUSTODY_N_RECEIPTS\RECYCLE_BIN_RECOVERY_20260604_203541\RECOVERED_ITEMS\ITEM_0001__123\123\Jxhnny_Kl33N_Seedz\PROOF_HISTORY\BACKUP_BEFORE_SCOPE_STATE_TRIGGER_LOCK\CLEAN_SEED_ALIGNMENT_CHECK.txt","127"
"BLOCK_STOP",".\Jxhnny_Kl33N_Seedz\PROOF_HISTORY\RECYCLE_BIN_QUARANTINE_20260510\ITEM_0079__CLEAN_SEED_ALIGNMENT_CHECK.txt\CLEAN_SEED_ALIGNMENT_CHECK.txt","127"
"BLOCK_STOP",".\_LOCAL_CUSTODY_N_RECEIPTS\RECYCLE_BIN_RECOVERY_20260604_203541\RECOVERED_ITEMS\ITEM_0002__Teleporter137_\Teleporter137_\Jxhnny_Kl33N_Seedz\PROOF_HISTORY\BACKUP_BEFORE_SCOPE_STATE_TRIGGER_LOCK\CLEAN_SEED_ALIGNMENT_CHECK.txt","127"
"BLOCK_STOP",".\Jxhnny_Kl33N_Seedz\CleanSeedsBuild\PROOF_HISTORY\RECYCLE_BIN_QUARANTINE_20260510\ITEM_0079__CLEAN_SEED_ALIGNMENT_CHECK.txt\CLEAN_SEED_ALIGNMENT_CHECK.txt","127"
"PROOF_GAP",".\HOUSE_WORK\PROJECT_COMMAND_CENTER_UI_LANE\DUAL_COMMAND_CENTER_L0_REVIEW_PACKET_20260606\SOURCE_RAW\OUTSIDE_ASSISTANT_COOPERATION_INDEX_V0_2_SOURCE_TO_LIVE_L0_CUSTODY_CHAIN_RAW_20260605.md","1527"
"PROOF_GAP",".\_LOCAL_CUSTODY_AND_RECEIPTS\ROOT_LEGACY_RESIDUE_PHASE2_20260603_234817\PARKED_PACKAGES_PENDING_REVIEW\LOWER_CAUSE_SEARCH_METHOD_LAB_20260601\CARD_HARVEST_LEDGER_V0_1_LONG_LIST_20260601\CARD_HARVEST_LEDGER_V0_1_LONG_LIST_20260601.md","546"
"PROOF_GAP",".\_LOCAL_CUSTODY_N_RECEIPTS\RECYCLE_BIN_RECOVERY_20260604_203541\RECOVERED_ITEMS\ITEM_0015__raw progress.txt\raw progress.txt","505"
"PROOF_GAP",".\_LOCAL_CUSTODY_AND_RECEIPTS\ROOT_LEGACY_RESIDUE_PHASE2_20260603_234817\PARKED_PACKAGES_PENDING_REVIEW\PARKING_GATE_CONTROL_SURFACE_V1\raw progress.txt","505"
"PROOF_GAP",".\_LOCAL_CUSTODY_AND_RECEIPTS\ROOT_LEGACY_RESIDUE_PHASE2_20260603_234817\PARKED_PACKAGES_PENDING_REVIEW\LOWER_CAUSE_SEARCH_METHOD_LAB_20260601\RAW_WORK\RAW_CARD_COLLECTION.txt","414"
"PROOF_GAP",".\_LOCAL_CUSTODY_N_RECEIPTS\RECYCLE_BIN_RECOVERY_20260604_203541\RECOVERED_ITEMS\ITEM_0014__RAW_CARD_COLLECTION.txt\RAW_CARD_COLLECTION.txt","414"
"PROOF_GAP",".\_LOCAL_CUSTODY_AND_RECEIPTS\ROOT_LEGACY_RESIDUE_PHASE2_20260603_234817\PARKED_PACKAGES_PENDING_REVIEW\HOUSE_DOCK_CONTROL_ROOM_SAVE_PACKET_V1\98_SOURCE_RAW\FINAL_RAW_PROGRESS.txt","400"
"PROOF_GAP",".\Jxhnny_Kl33N_Seedz\HOUSE_WORK\IDEA_CONCEPT_COLLECTION_ROOM\PAST_WEEK_20260524_20260531\RUN_20260531_141441\PAST_WEEK_IDEA_CONCEPT_CAPTURE_V1_20260531_CONCEPT_SIGNAL_LEDGER.csv","328"
"PROOF_GAP",".\Jxhnny_Kl33N_Seedz\HOUSE_WORK\IDEA_CONCEPT_COLLECTION_ROOM\PAST_WEEK_20260524_20260531\RUN_20260531_141441\PAST_WEEK_IDEA_CONCEPT_SYNTHESIS_V1_20260531_UNIQUE_CONCEPTS_LEDGER.csv","150"
"PROOF_GAP",".\_LOCAL_CUSTODY_AND_RECEIPTS\ROOT_LOOSE_DOCS_20260531_033722\HELPER CAPABILITY BOUNDARIES_V1.8.2.txt","126"
"PROOF_GAP",".\_LOCAL_CUSTODY_N_RECEIPTS\RECYCLE_BIN_RECOVERY_20260604_203541\RECOVERED_ITEMS\ITEM_0024__.petmpE1D55D\.petmpE1D55D\01_SOURCE_DRAFT\HELPER_CAPABILITY_SYSTEM_V2_3_FULL_SOURCE_DRAFT.md","66"
"PROOF_GAP",".\_LOCAL_CUSTODY_AND_RECEIPTS\ROOT_LOOSE_DOCS_20260531_033722\HELPER CAPABILITY SYSTEM_V2.3.txt","66"
"PROOF_GAP",".\_LOCAL_CUSTODY_AND_RECEIPTS\ROOT_LEGACY_RESIDUE_PHASE2_20260603_234817\PARKED_PACKAGES_PENDING_REVIEW\HELPER_CAPABILITY_SYSTEM_V2_3_HOUSE_HARNESS_PACK_V0_2\01_SOURCE_DRAFT\HELPER_CAPABILITY_SYSTEM_V2_3_FULL_SOURCE_DRAFT.md","66"
"PROOF_GAP",".\_LOCAL_CUSTODY_AND_RECEIPTS\ROOT_LEGACY_RESIDUE_PHASE2_20260603_234817\PARKED_PACKAGES_PENDING_REVIEW\HELPER_CAPABILITY_SYSTEM_V2_3_HOUSE_HARNESS_PACK_V0_2\SOURCE_DRAFT_PACKAGE\01_SOURCE_DRAFT\HELPER_CAPABILITY_SYSTEM_V2_3_FULL_SOURCE_DRAFT.md","66"
"PROOF_GAP",".\_SOURCE_RESEARCH_NOTES\ROOT_TEXT_DROPS_20260603\CONSUMED_BY_REPO_SAVE\nextmove.txt","60"
"PROOF_GAP",".\_LOCAL_CUSTODY_N_RECEIPTS\LOSSLESS_CUSTODY_ACCOUNTING_FAMILY_AUDIT_20260604\LOSSLESS_CUSTODY_FOCUSED_RULE_CONCEPT_INDEX.csv","57"
"PROOF_GAP",".\HOUSE_WORK\PROJECT_COMMAND_CENTER_UI_LANE\HELPER_FILE_EXPOSURE_AND_33RD_PRIVATE_WORK_PROTOCOL_V0_1_20260606\SOURCE_RAW\HELPER_FILE_EXPOSURE_AND_33RD_PRIVATE_WORK_PROTOCOL_V0_1_RAW_20260606.md","55"
"PROOF_GAP",".\_SOURCE_RESEARCH_NOTES\ROOT_TEXT_DROPS_20260603\CONSUMED_BY_REPO_SAVE\mulenotes.txt","42"
"PROOF_GAP",".\_LOCAL_CUSTODY_N_RECEIPTS\RECYCLE_BIN_RECOVERY_20260604_203541\RECOVERED_ITEMS\ITEM_0027__Helper Capability_V1.txt\Helper Capability_V1.txt","38"
"PROOF_GAP",".\_MISC_DRAWER\READ_REPORTS\HOUSE_DOCK_CONTROL_ROOM_SOURCE_INTAKE_20260603_112539\HOUSE_DOCK_BUILD_CRITICAL_FILES_NUMBERED_20260603_112539.txt","38"
"PROOF_GAP",".\_MISC_DRAWER\READ_REPORTS\CODING_ROOM\SAVE_CANDIDATE_PACKET_V1_2_UNIQUE_20260531_0645_20260531_053717\CODING_ROOM_SAVE_CANDIDATE_PACKET_V1_2_UNIQUE_20260531_0645_20260531_053717.md","36"
"PROOF_GAP",".\_MISC_DRAWER\READ_REPORTS\DEEPER_HOUSE_RULES_ROOMS_TOOLS_RESOURCES_SIGNAL_LEDGER_V2_20260528_010508.csv","35"
"PROOF_GAP",".\_LOCAL_CUSTODY_N_RECEIPTS\RECYCLE_BIN_RECOVERY_20260604_203541\RECOVERED_ITEMS\ITEM_0032__LOWER_CAUSE_30_METHOD_SOFT_SUIT_20260601\LOWER_CAUSE_30_METHOD_SOFT_SUIT_20260601\LOWER_CAUSE_30_METHOD_SOFT_SUIT_FULL_20260601.md","34"
"PROOF_GAP",".\_LOCAL_CUSTODY_AND_RECEIPTS\ROOT_LOOSE_DOCS_20260531_033722\ROAD_MAP_V1.txt","34"
"PROOF_GAP",".\_LOCAL_CUSTODY_AND_RECEIPTS\ROOT_LEGACY_RESIDUE_PHASE2_20260603_234817\PARKED_PACKAGES_PENDING_REVIEW\HELPER_CAPABILITY_SYSTEM_V2_3_HOUSE_HARNESS_PACK_V0_2\ALL_10_CHUNKS_PACKAGE\02_CHUNKS\CHUNK_04_CARDS_TEMPLATES_TABLES.md","33"
"PROOF_GAP",".\_LOCAL_CUSTODY_N_RECEIPTS\RECYCLE_BIN_RECOVERY_20260604_203541\RECOVERED_ITEMS\ITEM_0023__.petmp547236\.petmp547236\02_CHUNKS\CHUNK_04_CARDS_TEMPLATES_TABLES.md","33"
"PROOF_GAP",".\_LOCAL_CUSTODY_AND_RECEIPTS\ROOT_LEGACY_RESIDUE_PHASE2_20260603_234817\PARKED_PACKAGES_PENDING_REVIEW\HELPER_CAPABILITY_SYSTEM_V2_3_HOUSE_HARNESS_PACK_V0_2\CHUNK_04_CARDS_TEMPLATES_TABLES_PACKAGE\02_CHUNKS\CHUNK_04_CARDS_TEMPLATES_TABLES.md","33"
"PROOF_GAP",".\_LOCAL_CUSTODY_AND_RECEIPTS\ROOT_LEGACY_RESIDUE_PHASE2_20260603_234817\PARKED_PACKAGES_PENDING_REVIEW\HELPER_CAPABILITY_SYSTEM_V2_3_HOUSE_HARNESS_PACK_V0_2\02_CHUNKS\CHUNK_04_CARDS_TEMPLATES_TABLES.md","33"
"PROOF_GAP",".\_LOCAL_CUSTODY_N_RECEIPTS\MULE_ORDER__WHY_WERE_RECOVERED_ITEMS_REMOVED__ALL_WAYS__20260604\CURRENT_NON_RECOVERY_FILE_HASH_LEDGER.csv","31"
"PROOF_GAP",".\_MISC_DRAWER\READ_REPORTS\HOUSE_DOCK_CONTROL_ROOM_SOURCE_INDEX_20260603_112633\HOUSE_DOCK_BUILD_CRITICAL_LINE_REFERENCE_INDEX_20260603_112633.txt","31"
"PROOF_GAP",".\_MISC_DRAWER\READ_REPORTS\DEEPER_HOUSE_RULES_ROOMS_TOOLS_RESOURCES_FILE_LEDGER_V2_20260528_010508.csv","30"
"PROOF_GAP",".\Jxhnny_Kl33N_Seedz\HOUSE_WORK\IDEA_CONCEPT_COLLECTION_ROOM\PAST_WEEK_20260524_20260531\RUN_20260531_141441\PAST_WEEK_IDEA_CONCEPT_CAPTURE_V1_20260531_LOCAL_RECENT_FILE_INVENTORY.csv","24"
"PROOF_GAP",".\_LOCAL_CUSTODY_N_RECEIPTS\LOSSLESS_CUSTODY_ACCOUNTING_FAMILY_AUDIT_20260604\LOSSLESS_CUSTODY_RAW_TERM_FILE_INDEX.csv","23"
"PROOF_GAP",".\_LOCAL_CUSTODY_AND_RECEIPTS\ROOT_LEGACY_RESIDUE_PHASE2_20260603_234817\PARKED_PACKAGES_PENDING_REVIEW\HELPER_CONTEXT_AUTHORITY_PROOF_RESEARCH_PACK_20260531\01_CURRENT_ACCEPTED_BATCHES\BATCH_03_PROOF_PROVENANCE_AND_ARTIFACTS_V3_20260531.md","21"
"PROOF_GAP",".\_LOCAL_CUSTODY_AND_RECEIPTS\ROOT_CLEAR_20260531_20260531_083030\ROOT_LOOSE_SCRIPTS\WRITE_CODING_ROOM_CLOSEOUT_PACKET_UNIQUE_20260531_0510.ps1","20"
"PROOF_GAP",".\_LOCAL_CUSTODY_N_RECEIPTS\RECYCLE_BIN_RECOVERY_20260604_203541\RECOVERED_ITEMS\ITEM_0046__HELPER CAPABILITY BOUNDARIES_V1.8.2.txt\HELPER CAPABILITY BOUNDARIES_V1.8.2.txt","20"
"PROOF_GAP",".\_LOCAL_CUSTODY_N_RECEIPTS\RECYCLE_BIN_RECOVERY_20260604_203541\RECOVERED_ITEMS\ITEM_0045__ff.txt\ff.txt","20"
"PROOF_GAP",".\Jxhnny_Kl33N_Seedz\HOUSE_WORK\IDEA_CONCEPT_COLLECTION_ROOM\WHOLE_HOUSE_INTAKE_WASH_SPEC_REVIEW_20260603\WHOLE_HOUSE_INTAKE_WASH_SPEC_REVIEW_ADDENDUM_MULE_REPORT_20260603.md","20"
"PROOF_GAP",".\Jxhnny_Kl33N_Seedz\HOUSE_WORK\IDEA_CONCEPT_COLLECTION_ROOM\PAST_WEEK_20260524_20260531\RUN_20260531_141441\PAST_WEEK_IDEA_CONCEPT_SYNTHESIS_V1_20260531_WANT_LATER_LEDGER.csv","20"
"PROOF_GAP",".\_LOCAL_CUSTODY_AND_RECEIPTS\ROOT_LOOSE_DOCS_20260531_033722\HELPER_ASSERTION_AND_CLAIM_GRAMMAR_DEEP_DIVE_V2.1.txt","19"
"PROOF_GAP",".\_LOCAL_CUSTODY_AND_RECEIPTS\ROOT_LEGACY_RESIDUE_PHASE2_20260603_234817\PARKED_PACKAGES_PENDING_REVIEW\HELPER_CONTEXT_AUTHORITY_PROOF_RESEARCH_PACK_20260531\01_CURRENT_ACCEPTED_BATCHES\BATCH_05_TESTING_REPLAY_AND_FIXTURES_V2_20260531.md","19"
"PROOF_GAP",".\HOUSE_WORK\PROJECT_COMMAND_CENTER_UI_LANE\HELPER_FILE_EXPOSURE_AND_33RD_PRIVATE_WORK_PROTOCOL_V0_1_20260606\SOURCE_RAW\33rd_tripple_pass_tripple_times_rule.txt","16"
"PROOF_GAP",".\_LOCAL_CUSTODY_N_RECEIPTS\RECYCLE_BIN_RECOVERY_20260604_203541\RECOVERED_ITEMS\ITEM_0075__WRITE_CODING_ROOM_SAVE_CANDIDATE_PACKET_V1_2_UNIQUE_20260531_0645.ps1\WRITE_CODING_ROOM_SAVE_CANDIDATE_PACKET_V1_2_UNIQUE_20260531_0645.ps1","16"
"PROOF_GAP",".\_LOCAL_CUSTODY_N_RECEIPTS\RECYCLE_BIN_RECOVERY_20260604_203541\RECOVERED_ITEMS\ITEM_0073__WRITE_CODING_ROOM_SAVE_CANDIDATE_PACKET_V1_UNIQUE_20260531_0620.ps1\WRITE_CODING_ROOM_SAVE_CANDIDATE_PACKET_V1_UNIQUE_20260531_0620.ps1","16"
"PROOF_GAP",".\_LOCAL_CUSTODY_AND_RECEIPTS\ROOT_LOOSE_FILE_CLEANOUT_20260604_20260604_172200\SCAN_MATCHES_FILES_20260604.csv","16"
"PROOF_GAP",".\_LOCAL_CUSTODY_AND_RECEIPTS\ROOT_LEGACY_RESIDUE_PHASE2_20260603_234817\PARKED_PACKAGES_PENDING_REVIEW\HELPER_CAPABILITY_SYSTEM_V2_3_HOUSE_HARNESS_PACK_V0_2\02_CHUNKS\CHUNK_02_HOUSE_PRESSURE_MISSING_MACHINERY.md","16"
"PROOF_GAP",".\_LOCAL_CUSTODY_N_RECEIPTS\RECYCLE_BIN_RECOVERY_20260604_203541\RECOVERED_ITEMS\ITEM_0023__.petmp547236\.petmp547236\02_CHUNKS\CHUNK_02_HOUSE_PRESSURE_MISSING_MACHINERY.md","16"
"PROOF_GAP",".\_LOCAL_CUSTODY_AND_RECEIPTS\ROOT_LEGACY_RESIDUE_PHASE2_20260603_234817\PARKED_PACKAGES_PENDING_REVIEW\HELPER_CAPABILITY_SYSTEM_V2_3_HOUSE_HARNESS_PACK_V0_2\ALL_10_CHUNKS_PACKAGE\02_CHUNKS\CHUNK_02_HOUSE_PRESSURE_MISSING_MACHINERY.md","16"
"PROOF_GAP",".\_LOCAL_CUSTODY_N_RECEIPTS\RECYCLE_BIN_RECOVERY_20260604_203541\RECOVERED_ITEMS\ITEM_0084__WRITE_CODING_ROOM_SAVE_CANDIDATE_PACKET_V1_1_UNIQUE_20260531_0635.ps1\WRITE_CODING_ROOM_SAVE_CANDIDATE_PACKET_V1_1_UNIQUE_20260531_0635.ps1","16"
"PROOF_GAP",".\_MISC_DRAWER\READ_REPORTS\CODING_ROOM\CODING_ROOM_CLOSEOUT_PACKET_UNIQUE_20260531_0510_20260531_050138\CODING_ROOM_CLOSEOUT_PACKET_UNIQUE_20260531_0510_20260531_050138.md","16"
"PROOF_GAP",".\_LOCAL_CUSTODY_AND_RECEIPTS\ROOT_LEGACY_RESIDUE_PHASE2_20260603_234817\PARKED_PACKAGES_PENDING_REVIEW\HELPER_CAPABILITY_SYSTEM_V2_3_HOUSE_HARNESS_PACK_V0_2\CHUNK_02_HOUSE_PRESSURE_MISSING_MACHINERY_PACKAGE\02_CHUNKS\CHUNK_02_HOUSE_PRESSURE_MISSING_MACHINERY.md","16"
"PROOF_GAP",".\_LOCAL_CUSTODY_N_RECEIPTS\RECYCLE_BIN_RECOVERY_20260604_203541\RECOVERED_ITEMS\ITEM_0023__.petmp547236\.petmp547236\02_CHUNKS\CHUNK_03_CORE_ARCHITECTURE_REBUILD.md","15"
"PROOF_GAP",".\_LOCAL_CUSTODY_AND_RECEIPTS\ROOT_LEGACY_RESIDUE_PHASE2_20260603_234817\PARKED_PACKAGES_PENDING_REVIEW\HELPER_CAPABILITY_SYSTEM_V2_3_HOUSE_HARNESS_PACK_V0_2\ALL_10_CHUNKS_PACKAGE\02_CHUNKS\CHUNK_03_CORE_ARCHITECTURE_REBUILD.md","15"
"PROOF_GAP",".\_LOCAL_CUSTODY_AND_RECEIPTS\ROOT_LEGACY_RESIDUE_PHASE2_20260603_234817\PARKED_PACKAGES_PENDING_REVIEW\HELPER_CAPABILITY_SYSTEM_V2_3_HOUSE_HARNESS_PACK_V0_2\02_CHUNKS\CHUNK_03_CORE_ARCHITECTURE_REBUILD.md","15"
"PROOF_GAP",".\_LOCAL_CUSTODY_AND_RECEIPTS\ROOT_LEGACY_RESIDUE_PHASE2_20260603_234817\PARKED_PACKAGES_PENDING_REVIEW\HELPER_CAPABILITY_SYSTEM_V2_3_HOUSE_HARNESS_PACK_V0_2\CHUNK_03_CORE_ARCHITECTURE_REBUILD_PACKAGE\02_CHUNKS\CHUNK_03_CORE_ARCHITECTURE_REBUILD.md","15"
"PROOF_GAP",".\HOUSE_WORK\PROJECT_COMMAND_CENTER_UI_LANE\HELPER_FILE_EXPOSURE_AND_33RD_PRIVATE_WORK_PROTOCOL_V0_1_20260606\HELPER_FILE_EXPOSURE_AND_33RD_PRIVATE_WORK_PROTOCOL_WORKING_ORDER_V0_1_20260606.md","15"
"PROOF_GAP",".\_SOURCE_RESEARCH_NOTES\Maxwell.txt","14"
"PROOF_GAP",".\_LOCAL_CUSTODY_AND_RECEIPTS\ROOT_CLEAR_20260531_20260531_083030\ROOT_LOOSE_SCRIPTS\WRITE_CODING_ROOM_UNSAFE_CONTROL_FMEA_LEDGER_V1_UNIQUE_20260531_0610.ps1","14"
"PROOF_GAP",".\_LOCAL_CUSTODY_AND_RECEIPTS\ROOT_CLEAR_20260531_20260531_083030\ROOT_LOOSE_DOCS\05_REPLAY_EXPANSION_V1_1_SPEC.md","13"
"PROOF_GAP",".\_MISC_DRAWER\READ_REPORTS\CODING_ROOM\REPLAY_EXPANSION_STANDALONE_UNIQUE_20260531_0525_20260531_051042\CODING_ROOM_REPLAY_EXPANSION_REPORT_V1_1_STANDALONE_UNIQUE_20260531_0525_20260531_051042.md","13"
"PROOF_GAP",".\_MISC_DRAWER\READ_REPORTS\CODING_ROOM\SAVE_CANDIDATE_PACKET_V1_UNIQUE_20260531_0620_20260531_053218\CODING_ROOM_SAVE_CANDIDATE_PACKET_V1_UNIQUE_20260531_0620_20260531_053218.md","13"
"PROOF_GAP",".\_LOCAL_CUSTODY_AND_RECEIPTS\ROOT_LEGACY_RESIDUE_PHASE2_20260603_234817\PARKED_PACKAGES_PENDING_REVIEW\HELPER_CONTEXT_AUTHORITY_PROOF_RESEARCH_PACK_20260531\01_CURRENT_ACCEPTED_BATCHES\BATCH_06_ARCHITECTURE_MATURITY_REQUIREMENTS_DECISIONS_V2_20260531.md","13"
"PROOF_GAP",".\Jxhnny_Kl33N_Seedz\HOUSE_WORK\IDEA_CONCEPT_COLLECTION_ROOM\PAST_WEEK_20260524_20260531\RUN_20260531_141441\PAST_WEEK_IDEA_CONCEPT_SYNTHESIS_V1_20260531_USE_NOW_LEDGER.csv","13"
"PROOF_GAP",".\HOUSE_WORK\PROJECT_COMMAND_CENTER_UI_LANE\DUAL_COMMAND_CENTER_L0_REVIEW_PACKET_20260606\DUAL_COMMAND_CENTER_L0_STATE_LEDGER_SCHEMAS.md","13"
"PROOF_GAP",".\_LOCAL_CUSTODY_AND_RECEIPTS\ROOT_LEGACY_RESIDUE_PHASE2_20260603_234817\PARKED_PACKAGES_PENDING_REVIEW\HELPER_CONTEXT_AUTHORITY_PROOF_RESEARCH_PACK_20260531\01_CURRENT_ACCEPTED_BATCHES\BATCH_01_CONTEXT_ENGINEERING_AND_CARRIER_V3_TRIPLE_PASS_UPSIDE_DOWN_20260531.md","13"
"PROOF_GAP",".\_LOCAL_CUSTODY_N_RECEIPTS\RECYCLE_BIN_RECOVERY_20260604_203541\RECOVERED_ITEMS\ITEM_0029__HELPER CAPABILITY BOUNDARIES_V1.5.txt\HELPER CAPABILITY BOUNDARIES_V1.5.txt","12"
"PROOF_GAP",".\_MISC_DRAWER\READ_REPORTS\CODING_ROOM\HARDENED_AIRLOCK_REPORT_BAD_MISSING_DOES_NOT_PROVE_20260531_045251.md","12"
"PROOF_GAP",".\_LOCAL_CUSTODY_AND_RECEIPTS\ROOT_CLEAR_20260531_20260531_083030\ROOT_LOOSE_SCRIPTS\WRITE_CODING_ROOM_TOOL_REGISTRY_V1_UNIQUE_20260531_0520.ps1","12"
"PROOF_GAP",".\_MISC_DRAWER\READ_REPORTS\CODING_ROOM\HARDENED_AIRLOCK_1_2_1_REPORT_BAD_MISSING_DOES_NOT_PROVE_20260531_045636.md","12"
"PROOF_GAP",".\_MISC_DRAWER\READ_REPORTS\CODING_ROOM\UNSAFE_CONTROL_FMEA_LEDGER_V1_UNIQUE_20260531_0610_20260531_052708\CODING_ROOM_UNSAFE_CONTROL_FMEA_LEDGER_V1_UNIQUE_20260531_0610_20260531_052708.md","11"
"PROOF_GAP",".\_LOCAL_CUSTODY_AND_RECEIPTS\ROOT_CLEAR_20260531_20260531_083030\ROOT_LOOSE_SCRIPTS\RUN_HARDENED_AIRLOCK_BAD_FIXTURES_UNIQUE_20260531_0456.ps1","11"
"PROOF_GAP",".\_LOCAL_CUSTODY_AND_RECEIPTS\ROOT_CLEAR_20260531_20260531_083030\ROOT_LOOSE_SCRIPTS\RUN_HARDENED_AIRLOCK_BAD_FIXTURES_V1_2_1_UNIQUE_20260531_0501.ps1","11"
"PROOF_GAP",".\_MISC_DRAWER\READ_REPORTS\DEEPER_HOUSE_RULES_ROOMS_TOOLS_RESOURCES_GAP_LEDGER_V2_20260528_010508.csv","11"
"PROOF_GAP",".\_LOCAL_CUSTODY_AND_RECEIPTS\ROOT_LEGACY_RESIDUE_PHASE2_20260603_234817\PARKED_PACKAGES_PENDING_REVIEW\HELPER_CONTEXT_AUTHORITY_PROOF_RESEARCH_PACK_20260531\01_CURRENT_ACCEPTED_BATCHES\BATCH_04_RISK_THREAT_AND_FAILURE_V3_20260531.md","10"
"PROOF_GAP",".\_SOURCE_RESEARCH_NOTES\HELPER_CONTEXT_AUTHORITY_PROOF_BATCH04_ROOT_COPY_20260531\BATCH_04_RISK_THREAT_AND_FAILURE_V3_20260531.md","10"
"PROOF_GAP",".\_LOCAL_CUSTODY_AND_RECEIPTS\ROOT_LEGACY_RESIDUE_PHASE2_20260603_234817\PARKED_PACKAGES_PENDING_REVIEW\HELPER_CONTEXT_AUTHORITY_PROOF_RESEARCH_PACK_20260531\02_SOURCE_REPAIRS\MULE_RESEARCH_IDEA_MATRIX_HELPER_CONTEXT_CARRIER_V2_20260531.csv","10"
"PROOF_GAP",".\_LOCAL_CUSTODY_AND_RECEIPTS\ROOT_LEGACY_RESIDUE_PHASE2_20260603_234817\PARKED_PACKAGES_PENDING_REVIEW\HELPER_CONTEXT_AUTHORITY_PROOF_RESEARCH_PACK_20260531\03_MATRICES\EXPANDED_RESEARCH_MATRIX_HELPER_CONTEXT_AUTHORITY_PROOF_V2_20260531.csv","10"
"PROOF_GAP",".\HOUSE_WORK\PROJECT_COMMAND_CENTER_UI_LANE\DUAL_COMMAND_CENTER_L0_REVIEW_PACKET_20260606\DUAL_COMMAND_CENTER_SYNC_CONTRACT_L0.md","9"
"PROOF_GAP",".\_TOOLS_AND_SCRIPTS\ROOT_LOOSE_HELPERS_20260603\COMMAND_GRAMMAR\RUN_COMMAND_GRAMMAR_V0_4_POINTER_READ_WRITE_RULES_DESIGN_SAVE_GATE.ps1","9"
"PROOF_GAP",".\_MISC_DRAWER\READ_REPORTS\CODING_ROOM\GENERATED_HELPER_SHAPE_GATE_REPAIR_WAVE_01_20260531_082423\READ_GENERATED_HELPER_SHAPE_CONTRACT_GATE_V1_1_LOCAL_ONLY_UNIQUE_20260531_1325.ps1","9"
"PROOF_GAP",".\_LOCAL_CUSTODY_AND_RECEIPTS\ROOT_CLEAR_20260531_20260531_083030\ROOT_LOOSE_SCRIPTS\READ_GENERATED_HELPER_SHAPE_CONTRACT_GATE_V1_LOCAL_ONLY_UNIQUE_20260531_1255.ps1","9"
"PROOF_GAP",".\_MISC_DRAWER\READ_REPORTS\CODING_ROOM\TOOL_REGISTRY_V1_UNIQUE_20260531_0520_20260531_051506\CODING_ROOM_TOOL_REGISTRY_V1_UNIQUE_20260531_0520_20260531_051506.md","9"
"PROOF_GAP",".\_LOCAL_CUSTODY_AND_RECEIPTS\ROOT_LEGACY_RESIDUE_PHASE2_20260603_234817\PARKED_PACKAGES_PENDING_REVIEW\HELPER_CONTEXT_AUTHORITY_PROOF_RESEARCH_PACK_20260531\01_CURRENT_ACCEPTED_BATCHES\BATCH_07_BUILD_DOMAINS_AND_OPEN_RESEARCH_QUEUE_V2_20260531.md","9"
"PROOF_GAP",".\_LOCAL_CUSTODY_AND_RECEIPTS\ROOT_LEGACY_RESIDUE_PHASE2_20260603_234817\PARKED_PACKAGES_PENDING_REVIEW\HELPER_CONTEXT_AUTHORITY_PROOF_RESEARCH_PACK_20260531\01_CURRENT_ACCEPTED_BATCHES\BATCH_00_SOURCE_LOCK_AND_RULES_V3_UPSIDE_DOWN_20260531.md","8"
"PROOF_GAP",".\_LOCAL_CUSTODY_AND_RECEIPTS\ROOT_LEGACY_RESIDUE_PHASE2_20260603_234817\PARKED_PACKAGES_PENDING_REVIEW\PARKING_GATE_CONTROL_SURFACE_V1\PARKING_CONTROL_SURFACE_V2\04_WEB_DIVE\PARKING_CONTROL_SURFACE_WEB_PATTERN_NOTES_20260601.md","8"
"PROOF_GAP",".\Jxhnny_Kl33N_Seedz\HOUSE_WORK\SYSTEM_ALIGNMENT_ROOM\ROOT_SOURCE_INTAKE_AND_HASH_TUNNEL_20260531\SCHEMA_CONTRACT_LEDGER_V1_20260531.csv","8"
"PROOF_GAP",".\_LOCAL_CUSTODY_AND_RECEIPTS\ROOT_CLEAR_20260531_20260531_083030\ROOT_LOOSE_DOCS\CODING_ROOM_DEEP_SOURCE_ORE_LOOSE_MATERIAL_V1.md","8"
"PROOF_GAP",".\_LOCAL_CUSTODY_AND_RECEIPTS\ROOT_LEGACY_RESIDUE_PHASE2_20260603_234817\PARKED_PACKAGES_PENDING_REVIEW\HELPER_CONTEXT_AUTHORITY_PROOF_RESEARCH_PACK_20260531\02_SOURCE_REPAIRS\MULE_RESEARCH_PREP_HELPER_CONTEXT_CARRIER_NEXT_WORK_DEEP_WEB_HOUSE_V3_20260531.md","8"
"PROOF_GAP",".\HOUSE_WORK\PROJECT_COMMAND_CENTER_UI_LANE\DUAL_COMMAND_CENTER_L0_REVIEW_PACKET_20260606\DUAL_COMMAND_CENTER_L0_STANDARD.md","8"
"PROOF_GAP",".\_TOOLS_AND_SCRIPTS\ROOT_LOOSE_HELPERS_20260603\COMMAND_GRAMMAR\RUN_COMMAND_GRAMMAR_V0_4_POINTER_READ_WRITE_RULES_DESIGN.ps1","8"
"PROOF_GAP",".\_MISC_DRAWER\READ_REPORTS\HOUSE_DOCK_CONTROL_ROOM_BIG_CHUNK_003_REPAIR_20260603\HOUSE_DOCK_IMPLEMENTATION_READY_PACKET_REPAIR_ADDENDUM_20260603.md","8"
"PROOF_GAP",".\_LOCAL_CUSTODY_AND_RECEIPTS\ROOT_LEGACY_RESIDUE_PHASE2_20260603_234817\PARKED_PACKAGES_PENDING_REVIEW\HOUSE_DOCK_CONTROL_ROOM_SAVE_PACKET_V1\04_KERNEL_PROOF\HOUSE_DOCK_PROOF_BENCH_AND_FIXTURE_SET_V1.md","8"
"PROOF_GAP",".\_LOCAL_CUSTODY_AND_RECEIPTS\ROOT_LEGACY_RESIDUE_PHASE2_20260603_234817\PARKED_PACKAGES_PENDING_REVIEW\PARKING_GATE_CONTROL_SURFACE_V1\Final Agent\CHAT_PICKUP_HANDOFF_PARKING_SYSTEM_NEXT_PROOF_BENCH_20260601.md","8"
"PROOF_GAP",".\_LOCAL_CUSTODY_AND_RECEIPTS\ROOT_LEGACY_RESIDUE_PHASE2_20260603_234817\PARKED_PACKAGES_PENDING_REVIEW\HOUSE_DOCK_CONTROL_ROOM_SAVE_PACKET_V1\02_STRUCTURE\HOUSE_DOCK_CONTRACT_PACK_V1.md","8"
"PROOF_GAP",".\_MISC_DRAWER\READ_REPORTS\PROJECT_COMMAND_CENTER_COMMAND_GRAMMAR_V0_4_POINTER_READ_WRITE_RULES_DESIGN_20260603_133140\PROJECT_COMMAND_CENTER_COMMAND_GRAMMAR_V0_4_POINTER_READ_WRITE_RULES_DESIGN_20260603_133140.txt","8"
"PROOF_GAP",".\_LOCAL_CUSTODY_AND_RECEIPTS\ROOT_LOOSE_DOCS_20260531_033722\HELPER_LOGIC_THINKING_PATTERN_LIBRARY_DEEP_DIVE_V3.txt","8"
"PROOF_GAP",".\_LOCAL_CUSTODY_AND_RECEIPTS\ROOT_LOOSE_DOCS_20260531_033722\HELPER_ASSERTION_AND_CLAIM_GRAMMAR_DEEP_DIVE_V2.md","8"
"PROOF_GAP",".\_TOOLS_AND_SCRIPTS\ROOT_LOOSE_HELPERS_20260603\COMMAND_GRAMMAR\RUN_COMMAND_GRAMMAR_V0_3_CONFIRMATION_CARD_DESIGN_SAVE_GATE.ps1","8"
"PROOF_GAP",".\Jxhnny_Kl33N_Seedz\_LOCAL_RUNNERS\ROW_001_STATIC_PACKET\WRITE_ROW_001_AUTHORITY_LANGUAGE_SURFACE_ADJUDICATION_V1.ps1","7"
"PROOF_GAP",".\_MISC_DRAWER\READ_REPORTS\HOUSE_DOCK_CONTROL_ROOM_BIG_CHUNK_001_20260603\HOUSE_DOCK_SHOW_TOOL_REGISTRY_IMPLEMENTATION_READY_PACKET_20260603.md","7"
"NEXT_ACTION",".\HOUSE_WORK\PROJECT_COMMAND_CENTER_UI_LANE\DUAL_COMMAND_CENTER_L0_REVIEW_PACKET_20260606\SOURCE_RAW\OUTSIDE_ASSISTANT_COOPERATION_INDEX_V0_2_SOURCE_TO_LIVE_L0_CUSTODY_CHAIN_RAW_20260605.md","820"
"NEXT_ACTION",".\_LOCAL_CUSTODY_AND_RECEIPTS\ROOT_LEGACY_RESIDUE_PHASE2_20260603_234817\PARKED_PACKAGES_PENDING_REVIEW\HOUSE_DOCK_CONTROL_ROOM_SAVE_PACKET_V1\98_SOURCE_RAW\FINAL_RAW_PROGRESS.txt","161"
"NEXT_ACTION",".\_LOCAL_CUSTODY_AND_RECEIPTS\ROOT_LEGACY_RESIDUE_PHASE2_20260603_234817\PARKED_PACKAGES_PENDING_REVIEW\PARKING_GATE_CONTROL_SURFACE_V1\raw progress.txt","157"
"NEXT_ACTION",".\_LOCAL_CUSTODY_N_RECEIPTS\RECYCLE_BIN_RECOVERY_20260604_203541\RECOVERED_ITEMS\ITEM_0015__raw progress.txt\raw progress.txt","157"
"NEXT_ACTION",".\Jxhnny_Kl33N_Seedz\HOUSE_WORK\IDEA_CONCEPT_COLLECTION_ROOM\PAST_WEEK_20260524_20260531\RUN_20260531_141441\PAST_WEEK_IDEA_CONCEPT_CAPTURE_V1_20260531_CONCEPT_SIGNAL_LEDGER.csv","19"
"NEXT_ACTION",".\_LOCAL_CUSTODY_AND_RECEIPTS\ROOT_LEGACY_RESIDUE_PHASE2_20260603_234817\PARKED_PACKAGES_PENDING_REVIEW\LOWER_CAUSE_SEARCH_METHOD_LAB_20260601\RAW_WORK\RAW_CARD_COLLECTION.txt","19"
"NEXT_ACTION",".\_LOCAL_CUSTODY_N_RECEIPTS\RECYCLE_BIN_RECOVERY_20260604_203541\RECOVERED_ITEMS\ITEM_0014__RAW_CARD_COLLECTION.txt\RAW_CARD_COLLECTION.txt","19"
"NEXT_ACTION",".\_TOOLS_AND_SCRIPTS\ROOT_LOOSE_HELPERS_20260603\OTHER_ROUTING_AND_DECISION\RUN_CONSOLE_SEVERITY_COLOR_RULE_SAVE_GATE.ps1","18"
"NEXT_ACTION",".\_TOOLS_AND_SCRIPTS\ROOT_LOOSE_HELPERS_20260603\READ_ONLY_INSPECT\READ_ONLY_INSPECT_ACTIVE_TASK_V0_COLOR_V1.ps1","17"
"NEXT_ACTION",".\_TOOLS_AND_SCRIPTS\ROOT_LOOSE_HELPERS_20260603\READ_ONLY_INSPECT\READ_ONLY_INSPECT_ACTIVE_TASK_V0_COLOR_V1_1.ps1","17"
"NEXT_ACTION",".\Jxhnny_Kl33N_Seedz\HOUSE_WORK\IDEA_CONCEPT_COLLECTION_ROOM\PAST_WEEK_20260524_20260531\RUN_20260531_141441\PAST_WEEK_IDEA_CONCEPT_SYNTHESIS_V1_20260531_UNIQUE_CONCEPTS_LEDGER.csv","16"
"NEXT_ACTION",".\_TOOLS_AND_SCRIPTS\ROOT_LOOSE_HELPERS_20260603\READ_ONLY_INSPECT\READ_ONLY_INSPECT_ACTIVE_TASK_V0.ps1","16"
"NEXT_ACTION",".\_TOOLS_AND_SCRIPTS\ROOT_LOOSE_HELPERS_20260603\OTHER_ROUTING_AND_DECISION\RUN_WARNING_SELF_CLASSIFICATION_RULE_SAVE_GATE.ps1","15"
"NEXT_ACTION",".\_TOOLS_AND_SCRIPTS\ROOT_LOOSE_HELPERS_20260603\OTHER_ROUTING_AND_DECISION\RUN_ACTIVE_TASK_POINTER_ROUTE_DECISION_CARD.ps1","15"
"NEXT_ACTION",".\_TOOLS_AND_SCRIPTS\ROOT_LOOSE_HELPERS_20260603\COMMAND_GRAMMAR\RUN_COMMAND_GRAMMAR_V0_6_GUARDED_LOCAL_ONLY_READ_IMPLEMENTATION_DESIGN.ps1","12"
"NEXT_ACTION",".\HOUSE_WORK\PROJECT_COMMAND_CENTER_UI_LANE\HELPER_FILE_EXPOSURE_AND_33RD_PRIVATE_WORK_PROTOCOL_V0_1_20260606\SOURCE_RAW\HELPER_FILE_EXPOSURE_AND_33RD_PRIVATE_WORK_PROTOCOL_V0_1_RAW_20260606.md","12"
"NEXT_ACTION",".\_LOCAL_CUSTODY_N_RECEIPTS\LOSSLESS_CUSTODY_ACCOUNTING_FAMILY_AUDIT_20260604\LOSSLESS_CUSTODY_FOCUSED_RULE_CONCEPT_INDEX.csv","12"
"NEXT_ACTION",".\_MISC_DRAWER\READ_REPORTS\HOUSE_DOCK_CONTROL_ROOM_SOURCE_INTAKE_20260603_112539\HOUSE_DOCK_BUILD_CRITICAL_FILES_NUMBERED_20260603_112539.txt","12"
"NEXT_ACTION",".\_LOCAL_CUSTODY_AND_RECEIPTS\ROOT_LOOSE_FILE_CLEANOUT_20260604_20260604_172200\RULIOLOGICAL_STRATEGY_BENCH_INDEX_V0_2_SAVE.txt","11"
"NEXT_ACTION",".\_TOOLS_AND_SCRIPTS\ROOT_LOOSE_HELPERS_20260603\GUARD_REVIEW\RUN_GUARD_REVIEW_READ_ONLY_INSPECT_ACTIVE_TASK_V0_COLOR_V1_1.ps1","11"
"NEXT_ACTION",".\_MISC_DRAWER\READ_REPORTS\PROJECT_COMMAND_CENTER_COMMAND_GRAMMAR_V0_2_ACTIVE_TASK_POINTER_DESIGN_20260603_132416\PROJECT_COMMAND_CENTER_COMMAND_GRAMMAR_V0_2_ACTIVE_TASK_POINTER_DESIGN_20260603_132416.txt","11"
"NEXT_ACTION",".\_TOOLS_AND_SCRIPTS\ROOT_LOOSE_HELPERS_20260603\COMMAND_GRAMMAR\RUN_COMMAND_GRAMMAR_V0_2_ACTIVE_TASK_POINTER_DESIGN.ps1","11"
"NEXT_ACTION",".\_SOURCE_RESEARCH_NOTES\ROOT_TEXT_DROPS_20260603\CONSUMED_BY_REPO_SAVE\mulenotes.txt","10"
"NEXT_ACTION",".\_TOOLS_AND_SCRIPTS\ROOT_LOOSE_HELPERS_20260603\GUARD_REVIEW\RUN_GUARD_REVIEW_READ_ONLY_INSPECT_ACTIVE_TASK_V0_V1_1.ps1","10"
"NEXT_ACTION",".\Jxhnny_Kl33N_Seedz\HOUSE_WORK\IDEA_CONCEPT_COLLECTION_ROOM\PAST_WEEK_20260524_20260531\RUN_20260531_141441\PAST_WEEK_IDEA_CONCEPT_SYNTHESIS_V1_20260531_NEXT_WORK_LEDGER.csv","10"
"NEXT_ACTION",".\_TOOLS_AND_SCRIPTS\ROOT_LOOSE_HELPERS_20260603\COMMAND_GRAMMAR\RUN_COMMAND_GRAMMAR_V0_6_GUARDED_LOCAL_ONLY_READ_IMPLEMENTATION_DESIGN_SAVE_GATE.ps1","9"
"NEXT_ACTION",".\_TOOLS_AND_SCRIPTS\ROOT_LOOSE_HELPERS_20260603\GUARD_REVIEW\RUN_GUARD_REVIEW_READ_ONLY_INSPECT_ACTIVE_TASK_V0.ps1","9"
"NEXT_ACTION",".\_LOCAL_CUSTODY_AND_RECEIPTS\ROOT_LEGACY_RESIDUE_PHASE2_20260603_234817\PARKED_PACKAGES_PENDING_REVIEW\HELPER_CONTEXT_AUTHORITY_PROOF_RESEARCH_PACK_20260531\01_CURRENT_ACCEPTED_BATCHES\BATCH_01_CONTEXT_ENGINEERING_AND_CARRIER_V3_TRIPLE_PASS_UPSIDE_DOWN_20260531.md","8"
"NEXT_ACTION",".\_TOOLS_AND_SCRIPTS\ROOT_LOOSE_HELPERS_20260603\COMMAND_GRAMMAR\RUN_COMMAND_GRAMMAR_V0_2_ACTIVE_TASK_POINTER_DESIGN_SAVE_GATE.ps1","8"
"NEXT_ACTION",".\HOUSE_WORK\PROJECT_COMMAND_CENTER_UI_LANE\DUAL_COMMAND_CENTER_L0_REVIEW_PACKET_20260606\DUAL_COMMAND_CENTER_L0_STATE_LEDGER_SCHEMAS.md","8"
"NEXT_ACTION",".\_TOOLS_AND_SCRIPTS\ROOT_LOOSE_HELPERS_20260603\OTHER_ROUTING_AND_DECISION\RUN_READ_ONLY_INSPECT_ACTIVE_TASK_IMPLEMENTATION_DECISION_CARD.ps1","8"
"NEXT_ACTION",".\Jxhnny_Kl33N_Seedz\BRAIN_LEARNING\WARNING_SELF_CLASSIFICATION_AND_EXPLANATION_RULE_20260603.md","8"
"NEXT_ACTION",".\_MISC_DRAWER\READ_REPORTS\DEEPER_HOUSE_RULES_ROOMS_TOOLS_RESOURCES_FILE_LEDGER_V2_20260528_010508.csv","7"
"NEXT_ACTION",".\_MISC_DRAWER\READ_REPORTS\DEEPER_HOUSE_RULES_ROOMS_TOOLS_RESOURCES_SIGNAL_LEDGER_V2_20260528_010508.csv","7"
"NEXT_ACTION",".\Jxhnny_Kl33N_Seedz\HOUSE_WORK\IDEA_CONCEPT_COLLECTION_ROOM\HELPER_STRESS_BENCH_ROW_001_STATIC_CODE_SHAPE_AND_FIXTURE_CARD_20260603\HELPER_STRESS_BENCH_ROW_001_COMMAND_TABLE_20260603.csv","7"
"NEXT_ACTION",".\_LOCAL_CUSTODY_AND_RECEIPTS\ROOT_LEGACY_RESIDUE_PHASE2_20260603_234817\PARKED_PACKAGES_PENDING_REVIEW\HELPER_CONTEXT_AUTHORITY_PROOF_RESEARCH_PACK_20260531\01_CURRENT_ACCEPTED_BATCHES\BATCH_05_TESTING_REPLAY_AND_FIXTURES_V2_20260531.md","7"
"NEXT_ACTION",".\Jxhnny_Kl33N_Seedz\HOUSE_WORK\IDEA_CONCEPT_COLLECTION_ROOM\HELPER_STRESS_BENCH_ROW_001_STATIC_CODE_SHAPE_AND_FIXTURE_CARD_20260603\HELPER_STRESS_BENCH_ROW_001_STATIC_CODE_SHAPE_REPORT_20260603.md","7"
"NEXT_ACTION",".\_MISC_DRAWER\READ_REPORTS\PROJECT_COMMAND_CENTER_ACTIVE_TASK_POINTER_ROUTE_DECISION_CARD_20260603_141047\PROJECT_COMMAND_CENTER_ACTIVE_TASK_POINTER_ROUTE_DECISION_CARD_20260603_141047.txt","7"
"NEXT_ACTION",".\_SOURCE_RESEARCH_NOTES\ROOT_TEXT_DROPS_20260603\CONSUMED_BY_REPO_SAVE\RAW_HELPER_STRESS_BENCH_DEEP_ADDENDUMS_COMPATIBILITY_GATES_AND_SELFTESTS_20260603.txt","7"
"NEXT_ACTION",".\HOUSE_WORK\PROJECT_COMMAND_CENTER_UI_LANE\DUAL_COMMAND_CENTER_L0_REVIEW_PACKET_20260606\DUAL_COMMAND_CENTER_L0_STANDARD.md","7"
"NEXT_ACTION",".\_LOCAL_CUSTODY_AND_RECEIPTS\ROOT_LEGACY_RESIDUE_PHASE2_20260603_234817\PARKED_PACKAGES_PENDING_REVIEW\HELPER_CONTEXT_AUTHORITY_PROOF_RESEARCH_PACK_20260531\02_SOURCE_REPAIRS\MULE_RESEARCH_PREP_HELPER_CONTEXT_CARRIER_NEXT_WORK_DEEP_WEB_HOUSE_V3_20260531.md","7"
"NEXT_ACTION",".\_LOCAL_CUSTODY_N_RECEIPTS\RECYCLE_BIN_RECOVERY_20260604_203541\RECOVERED_ITEMS\ITEM_0002__Teleporter137_\Teleporter137_\Jxhnny_Kl33N_Seedz\CleanSeedsBuild\PROOF_HISTORY\RECYCLE_BIN_QUARANTINE_20260510\ITEM_0044__CLEAN_SEED_ALIGNMENT_CHECK.txt\CLEAN_SEED_ALIGNMENT_CHECK.txt","6"
"NEXT_ACTION",".\_LOCAL_CUSTODY_N_RECEIPTS\RECYCLE_BIN_RECOVERY_20260604_203541\RECOVERED_ITEMS\ITEM_0002__Teleporter137_\Teleporter137_\Jxhnny_Kl33N_Seedz\CleanSeedsBuild\PROOF_HISTORY\BACKUP_CLEAN_SEED_ALIGNMENT_CHECK_BEFORE_TINY_WORKING_PATH_INSTALL_20260511.txt","6"
"NEXT_ACTION",".\_LOCAL_CUSTODY_N_RECEIPTS\RECYCLE_BIN_RECOVERY_20260604_203541\RECOVERED_ITEMS\ITEM_0002__Teleporter137_\Teleporter137_\Jxhnny_Kl33N_Seedz\CleanSeedsBuild\CLEAN_SEED_ALIGNMENT_CHECK.txt","6"
"NEXT_ACTION",".\_LOCAL_CUSTODY_N_RECEIPTS\RECYCLE_BIN_RECOVERY_20260604_203541\RECOVERED_ITEMS\ITEM_0001__123\123\Jxhnny_Kl33N_Seedz\CleanSeedsBuild\PROOF_HISTORY\RECYCLE_BIN_QUARANTINE_20260510\ITEM_0106__CLEAN_SEED_ALIGNMENT_CHECK.txt\CLEAN_SEED_ALIGNMENT_CHECK.txt","6"
"NEXT_ACTION",".\Jxhnny_Kl33N_Seedz\PROOF_HISTORY\RECYCLE_BIN_QUARANTINE_20260510\ITEM_0044__CLEAN_SEED_ALIGNMENT_CHECK.txt\CLEAN_SEED_ALIGNMENT_CHECK.txt","6"
"NEXT_ACTION",".\_LOCAL_CUSTODY_N_RECEIPTS\RECYCLE_BIN_RECOVERY_20260604_203541\RECOVERED_ITEMS\ITEM_0002__Teleporter137_\Teleporter137_\Jxhnny_Kl33N_Seedz\CleanSeedsBuild\PROOF_HISTORY\BACKUP_CLEAN_SEED_ALIGNMENT_CHECK_BEFORE_LOCAL_FILE_LANE_LEAD_INSTALL_20260511.txt","6"
"NEXT_ACTION",".\_LOCAL_CUSTODY_N_RECEIPTS\RECYCLE_BIN_RECOVERY_20260604_203541\RECOVERED_ITEMS\ITEM_0001__123\123\Jxhnny_Kl33N_Seedz\CleanSeedsBuild\PROOF_HISTORY\RECYCLE_BIN_QUARANTINE_20260510\ITEM_0015__CLEAN_SEED_ALIGNMENT_CHECK.txt\CLEAN_SEED_ALIGNMENT_CHECK.txt","6"
"NEXT_ACTION",".\_LOCAL_CUSTODY_N_RECEIPTS\RECYCLE_BIN_RECOVERY_20260604_203541\RECOVERED_ITEMS\ITEM_0001__123\123\Jxhnny_Kl33N_Seedz\CleanSeedsBuild\PROOF_HISTORY\BACKUP_CLEAN_SEED_ALIGNMENT_CHECK_BEFORE_LOCAL_FILE_LANE_LEAD_INSTALL_20260511.txt","6"
"NEXT_ACTION",".\_LOCAL_CUSTODY_N_RECEIPTS\RECYCLE_BIN_RECOVERY_20260604_203541\RECOVERED_ITEMS\ITEM_0001__123\123\Jxhnny_Kl33N_Seedz\PROOF_HISTORY\BACKUP_CLEAN_SEED_ALIGNMENT_CHECK_BEFORE_LOCAL_FILE_LANE_LEAD_INSTALL_20260511.txt","6"
"NEXT_ACTION",".\_LOCAL_CUSTODY_N_RECEIPTS\RECYCLE_BIN_RECOVERY_20260604_203541\RECOVERED_ITEMS\ITEM_0001__123\123\Jxhnny_Kl33N_Seedz\CleanSeedsBuild\PROOF_HISTORY\BACKUP_CLEAN_SEED_ALIGNMENT_CHECK_BEFORE_TINY_WORKING_PATH_INSTALL_20260511.txt","6"
"NEXT_ACTION",".\_LOCAL_CUSTODY_N_RECEIPTS\RECYCLE_BIN_RECOVERY_20260604_203541\RECOVERED_ITEMS\ITEM_0002__Teleporter137_\Teleporter137_\Jxhnny_Kl33N_Seedz\CleanSeedsBuild\PROOF_HISTORY\RECYCLE_BIN_QUARANTINE_20260510\ITEM_0056__CLEAN_SEED_ALIGNMENT_CHECK_(1).txt\CLEAN_SEED_ALIGNMENT_CHECK (1).txt","6"
"NEXT_ACTION",".\_LOCAL_CUSTODY_N_RECEIPTS\RECYCLE_BIN_RECOVERY_20260604_203541\RECOVERED_ITEMS\ITEM_0001__123\123\Jxhnny_Kl33N_Seedz\CleanSeedsBuild\PROOF_HISTORY\RECYCLE_BIN_QUARANTINE_20260510\ITEM_0062__CLEAN_SEED_ALIGNMENT_CHECK.txt\CLEAN_SEED_ALIGNMENT_CHECK.txt","6"
"NEXT_ACTION",".\Jxhnny_Kl33N_Seedz\CleanSeedsBuild\CleanSeed_Backups\CleanSeed_SourceTruth_Backup_20260509_233207\SOURCE_COPY\PROOF_HISTORY\BACKUP_BEFORE_SCOPE_STATE_TRIGGER_LOCK\CLEAN_SEED_ALIGNMENT_CHECK.txt","6"
"NEXT_ACTION",".\_LOCAL_CUSTODY_N_RECEIPTS\RECYCLE_BIN_RECOVERY_20260604_203541\RECOVERED_ITEMS\ITEM_0002__Teleporter137_\Teleporter137_\Jxhnny_Kl33N_Seedz\CleanSeedsBuild\PROOF_HISTORY\RECYCLE_BIN_QUARANTINE_20260510\ITEM_0027__CLEAN_SEED_ALIGNMENT_CHECK.txt\CLEAN_SEED_ALIGNMENT_CHECK.txt","6"
"NEXT_ACTION",".\_LOCAL_CUSTODY_N_RECEIPTS\RECYCLE_BIN_RECOVERY_20260604_203541\RECOVERED_ITEMS\ITEM_0002__Teleporter137_\Teleporter137_\Jxhnny_Kl33N_Seedz\CleanSeedsBuild\PROOF_HISTORY\RECYCLE_BIN_QUARANTINE_20260510\ITEM_0062__CLEAN_SEED_ALIGNMENT_CHECK.txt\CLEAN_SEED_ALIGNMENT_CHECK.txt","6"
"NEXT_ACTION",".\Jxhnny_Kl33N_Seedz\CleanSeedsBuild\PROOF_HISTORY\RECYCLE_BIN_QUARANTINE_20260510\ITEM_0060__CLEAN_SEED_ALIGNMENT_CHECK.txt\CLEAN_SEED_ALIGNMENT_CHECK.txt","6"
"NEXT_ACTION",".\_LOCAL_CUSTODY_N_RECEIPTS\RECYCLE_BIN_RECOVERY_20260604_203541\RECOVERED_ITEMS\ITEM_0002__Teleporter137_\Teleporter137_\Jxhnny_Kl33N_Seedz\CleanSeedsBuild\PROOF_HISTORY\DESKTOP_DROP_FOLDER_INTAKE_ARCHIVE_20260511\Clean_Milk_FRESH_ASSESSMENT_DROP_20260511_004711\CLEAN_SEED_ALIGNMENT_CHECK.txt","6"
"NEXT_ACTION",".\_LOCAL_CUSTODY_N_RECEIPTS\RECYCLE_BIN_RECOVERY_20260604_203541\RECOVERED_ITEMS\ITEM_0001__123\123\Jxhnny_Kl33N_Seedz\CleanSeedsBuild\CleanSeed_Backups\CleanSeed_SourceTruth_Backup_20260509_233207\SOURCE_COPY\PROOF_HISTORY\BACKUP_BEFORE_COMMAND_MAP_HOUSEKEEPING_LOCK_20260509_203930\CLEAN_SEED_ALIGNMENT_CHECK.txt","6"
"NEXT_ACTION",".\_LOCAL_CUSTODY_N_RECEIPTS\RECYCLE_BIN_RECOVERY_20260604_203541\RECOVERED_ITEMS\ITEM_0001__123\123\Jxhnny_Kl33N_Seedz\PROOF_HISTORY\RECYCLE_BIN_QUARANTINE_20260510\ITEM_0027__CLEAN_SEED_ALIGNMENT_CHECK.txt\CLEAN_SEED_ALIGNMENT_CHECK.txt","6"
"NEXT_ACTION",".\Jxhnny_Kl33N_Seedz\CleanSeedsBuild\PROOF_HISTORY\BACKUP_CLEAN_SEED_ALIGNMENT_CHECK_BEFORE_TINY_INSTALL_PACKET_SCOPE_COMPLETION_20260511.txt","6"
"NEXT_ACTION",".\_LOCAL_CUSTODY_N_RECEIPTS\RECYCLE_BIN_RECOVERY_20260604_203541\RECOVERED_ITEMS\ITEM_0002__Teleporter137_\Teleporter137_\Jxhnny_Kl33N_Seedz\CleanSeedsBuild\PROOF_HISTORY\RECYCLE_BIN_QUARANTINE_20260510\ITEM_0085__CLEAN_SEED_ALIGNMENT_CHECK.txt\CLEAN_SEED_ALIGNMENT_CHECK.txt","6"
"NEXT_ACTION",".\_LOCAL_CUSTODY_N_RECEIPTS\RECYCLE_BIN_RECOVERY_20260604_203541\RECOVERED_ITEMS\ITEM_0001__123\123\Jxhnny_Kl33N_Seedz\CleanSeedsBuild\PROOF_HISTORY\RECYCLE_BIN_QUARANTINE_20260510\ITEM_0085__CLEAN_SEED_ALIGNMENT_CHECK.txt\CLEAN_SEED_ALIGNMENT_CHECK.txt","6"
"NEXT_ACTION",".\Jxhnny_Kl33N_Seedz\CleanSeedsBuild\PROOF_HISTORY\RECYCLE_BIN_QUARANTINE_20260510\ITEM_0085__CLEAN_SEED_ALIGNMENT_CHECK.txt\CLEAN_SEED_ALIGNMENT_CHECK.txt","6"
"NEXT_ACTION",".\_LOCAL_CUSTODY_N_RECEIPTS\RECYCLE_BIN_RECOVERY_20260604_203541\RECOVERED_ITEMS\ITEM_0001__123\123\Jxhnny_Kl33N_Seedz\ACTIVE_GUIDES\CLEAN_SEED_ALIGNMENT_CHECK.txt","6"
"NEXT_ACTION",".\_LOCAL_CUSTODY_N_RECEIPTS\RECYCLE_BIN_RECOVERY_20260604_203541\RECOVERED_ITEMS\ITEM_0002__Teleporter137_\Teleporter137_\Jxhnny_Kl33N_Seedz\CleanSeedsBuild\PROOF_HISTORY\RECYCLE_BIN_QUARANTINE_20260510\ITEM_0106__CLEAN_SEED_ALIGNMENT_CHECK.txt\CLEAN_SEED_ALIGNMENT_CHECK.txt","6"
"NEXT_ACTION",".\_LOCAL_CUSTODY_N_RECEIPTS\RECYCLE_BIN_RECOVERY_20260604_203541\RECOVERED_ITEMS\ITEM_0001__123\123\Jxhnny_Kl33N_Seedz\PROOF_HISTORY\BACKUP_BEFORE_COMMAND_MAP_HOUSEKEEPING_LOCK_20260509_203930\CLEAN_SEED_ALIGNMENT_CHECK.txt","6"
"NEXT_ACTION",".\_LOCAL_CUSTODY_N_RECEIPTS\RECYCLE_BIN_RECOVERY_20260604_203541\RECOVERED_ITEMS\ITEM_0001__123\123\Jxhnny_Kl33N_Seedz\SOURCE_TRANSFER\TEXT_INCOMING\CLEAN_SEED_ALIGNMENT_CHECK.txt","6"
"NEXT_ACTION",".\Jxhnny_Kl33N_Seedz\PROOF_HISTORY\BACKUP_BEFORE_COMMAND_MAP_HOUSEKEEPING_LOCK_20260509_203930\CLEAN_SEED_ALIGNMENT_CHECK.txt","6"
"NEXT_ACTION",".\_LOCAL_CUSTODY_N_RECEIPTS\RECYCLE_BIN_RECOVERY_20260604_203541\RECOVERED_ITEMS\ITEM_0002__Teleporter137_\Teleporter137_\Jxhnny_Kl33N_Seedz\CleanSeedsBuild\PROOF_HISTORY\RECYCLE_BIN_QUARANTINE_20260510\ITEM_0102__CLEAN_SEED_ALIGNMENT_CHECK.txt\CLEAN_SEED_ALIGNMENT_CHECK.txt","6"
"NEXT_ACTION",".\_LOCAL_CUSTODY_N_RECEIPTS\RECYCLE_BIN_RECOVERY_20260604_203541\RECOVERED_ITEMS\ITEM_0006__123\123\Jxhnny_Kl33N_Seedz\CleanSeedsBuild\CLEAN_SEED_ALIGNMENT_CHECK.txt","6"
"NEXT_ACTION",".\Jxhnny_Kl33N_Seedz\CleanSeedsBuild\CleanSeed_Backups\CleanSeed_SourceTruth_Backup_20260509_233207\SOURCE_COPY\PROOF_HISTORY\BACKUP_BEFORE_COMMAND_MAP_HOUSEKEEPING_LOCK_20260509_203930\ROOT_COPY_CLEAN_SEED_ALIGNMENT_CHECK.txt","6"
"NEXT_ACTION",".\_LOCAL_CUSTODY_N_RECEIPTS\RECYCLE_BIN_RECOVERY_20260604_203541\RECOVERED_ITEMS\ITEM_0001__123\123\Jxhnny_Kl33N_Seedz\CleanSeedsBuild\PROOF_HISTORY\DESKTOP_DROP_FOLDER_INTAKE_ARCHIVE_20260511\Clean_Milk_FRESH_ASSESSMENT_DROP_20260511_004711\CLEAN_SEED_ALIGNMENT_CHECK.txt","6"
"NEXT_ACTION",".\_LOCAL_CUSTODY_N_RECEIPTS\RECYCLE_BIN_RECOVERY_20260604_203541\RECOVERED_ITEMS\ITEM_0001__123\123\Jxhnny_Kl33N_Seedz\CleanSeedsBuild\PROOF_HISTORY\RECYCLE_BIN_QUARANTINE_20260510\ITEM_0079__CLEAN_SEED_ALIGNMENT_CHECK.txt\CLEAN_SEED_ALIGNMENT_CHECK.txt","6"
"NEXT_ACTION",".\_LOCAL_CUSTODY_N_RECEIPTS\RECYCLE_BIN_RECOVERY_20260604_203541\RECOVERED_ITEMS\ITEM_0001__123\123\Jxhnny_Kl33N_Seedz\PROOF_HISTORY\BACKUP_BEFORE_SCOPE_STATE_TRIGGER_LOCK\CLEAN_SEED_ALIGNMENT_CHECK.txt","6"
"NEXT_ACTION",".\_LOCAL_CUSTODY_N_RECEIPTS\RECYCLE_BIN_RECOVERY_20260604_203541\RECOVERED_ITEMS\ITEM_0006__123\123\Jxhnny_Kl33N_Seedz\CleanSeedsBuild\ACTIVE_GUIDES\CLEAN_SEED_ALIGNMENT_CHECK.txt","6"
"NEXT_ACTION",".\Jxhnny_Kl33N_Seedz\PROOF_HISTORY\RECYCLE_BIN_QUARANTINE_20260510\ITEM_0015__CLEAN_SEED_ALIGNMENT_CHECK.txt\CLEAN_SEED_ALIGNMENT_CHECK.txt","6"
"NEXT_ACTION",".\_LOCAL_CUSTODY_N_RECEIPTS\RECYCLE_BIN_RECOVERY_20260604_203541\RECOVERED_ITEMS\ITEM_0002__Teleporter137_\Teleporter137_\Jxhnny_Kl33N_Seedz\PROOF_HISTORY\RECYCLE_BIN_QUARANTINE_20260510\ITEM_0079__CLEAN_SEED_ALIGNMENT_CHECK.txt\CLEAN_SEED_ALIGNMENT_CHECK.txt","6"
"NEXT_ACTION",".\Jxhnny_Kl33N_Seedz\PROOF_HISTORY\RECYCLE_BIN_QUARANTINE_20260510\ITEM_0085__CLEAN_SEED_ALIGNMENT_CHECK.txt\CLEAN_SEED_ALIGNMENT_CHECK.txt","6"
"NEXT_ACTION",".\_LOCAL_CUSTODY_N_RECEIPTS\RECYCLE_BIN_RECOVERY_20260604_203541\RECOVERED_ITEMS\ITEM_0001__123\123\Jxhnny_Kl33N_Seedz\PROOF_HISTORY\RECYCLE_BIN_QUARANTINE_20260510\ITEM_0015__CLEAN_SEED_ALIGNMENT_CHECK.txt\CLEAN_SEED_ALIGNMENT_CHECK.txt","6"
"NEXT_ACTION",".\_LOCAL_CUSTODY_N_RECEIPTS\RECYCLE_BIN_RECOVERY_20260604_203541\RECOVERED_ITEMS\ITEM_0001__123\123\Jxhnny_Kl33N_Seedz\CleanSeedsBuild\CleanSeed_Backups\CleanSeed_SourceTruth_Backup_20260509_233207\SOURCE_COPY\PROOF_HISTORY\BACKUP_BEFORE_SCOPE_STATE_TRIGGER_LOCK\CLEAN_SEED_ALIGNMENT_CHECK.txt","6"
"NEXT_ACTION",".\_LOCAL_CUSTODY_N_RECEIPTS\RECYCLE_BIN_RECOVERY_20260604_203541\RECOVERED_ITEMS\ITEM_0002__Teleporter137_\Teleporter137_\Jxhnny_Kl33N_Seedz\PROOF_HISTORY\RECYCLE_BIN_QUARANTINE_20260510\ITEM_0106__CLEAN_SEED_ALIGNMENT_CHECK.txt\CLEAN_SEED_ALIGNMENT_CHECK.txt","6"
"NEXT_ACTION",".\_LOCAL_CUSTODY_N_RECEIPTS\RECYCLE_BIN_RECOVERY_20260604_203541\RECOVERED_ITEMS\ITEM_0001__123\123\Jxhnny_Kl33N_Seedz\PROOF_HISTORY\RECYCLE_BIN_QUARANTINE_20260510\ITEM_0102__CLEAN_SEED_ALIGNMENT_CHECK.txt\CLEAN_SEED_ALIGNMENT_CHECK.txt","6"
"NEXT_ACTION",".\Jxhnny_Kl33N_Seedz\PROOF_HISTORY\DESKTOP_DROP_FOLDER_INTAKE_ARCHIVE_20260511\Clean_Milk_FRESH_ASSESSMENT_DROP_20260511_004711\CLEAN_SEED_ALIGNMENT_CHECK.txt","6"
"NEXT_ACTION",".\_LOCAL_CUSTODY_N_RECEIPTS\RECYCLE_BIN_RECOVERY_20260604_203541\RECOVERED_ITEMS\ITEM_0006__123\123\Jxhnny_Kl33N_Seedz\CleanSeedsBuild\CleanSeed_Backups\CleanSeed_SourceTruth_Backup_20260509_233207\SOURCE_COPY\CLEAN_SEED_ALIGNMENT_CHECK.txt","6"
"NEXT_ACTION",".\_LOCAL_CUSTODY_N_RECEIPTS\RECYCLE_BIN_RECOVERY_20260604_203541\RECOVERED_ITEMS\ITEM_0001__123\123\Jxhnny_Kl33N_Seedz\CleanSeedsBuild\CLEAN_SEED_ALIGNMENT_CHECK.txt","6"
"NEXT_ACTION",".\_LOCAL_CUSTODY_N_RECEIPTS\RECYCLE_BIN_RECOVERY_20260604_203541\RECOVERED_ITEMS\ITEM_0002__Teleporter137_\Teleporter137_\Jxhnny_Kl33N_Seedz\CleanSeedsBuild\CleanSeed_Backups\CleanSeed_SourceTruth_Backup_20260509_233207\SOURCE_COPY\CLEAN_SEED_ALIGNMENT_CHECK.txt","6"
"NEXT_ACTION",".\_LOCAL_CUSTODY_N_RECEIPTS\RECYCLE_BIN_RECOVERY_20260604_203541\RECOVERED_ITEMS\ITEM_0006__123\123\Jxhnny_Kl33N_Seedz\CleanSeedsBuild\PROOF_HISTORY\BACKUP_CLEAN_SEED_ALIGNMENT_CHECK_BEFORE_TINY_WORKING_PATH_INSTALL_20260511.txt","6"
"NEXT_ACTION",".\Jxhnny_Kl33N_Seedz\PROOF_HISTORY\BACKUP_CLEAN_SEED_ALIGNMENT_CHECK_BEFORE_LOCAL_FILE_LANE_LEAD_INSTALL_20260511.txt","6"
"NEXT_ACTION",".\Jxhnny_Kl33N_Seedz\PROOF_HISTORY\RECYCLE_BIN_QUARANTINE_20260510\ITEM_0079__CLEAN_SEED_ALIGNMENT_CHECK.txt\CLEAN_SEED_ALIGNMENT_CHECK.txt","6"
"NEXT_ACTION",".\Jxhnny_Kl33N_Seedz\CleanSeedsBuild\PROOF_HISTORY\RECYCLE_BIN_QUARANTINE_20260510\ITEM_0102__CLEAN_SEED_ALIGNMENT_CHECK.txt\CLEAN_SEED_ALIGNMENT_CHECK.txt","6"
"NEXT_ACTION",".\Jxhnny_Kl33N_Seedz\PROOF_HISTORY\BACKUP_ACTIVE_GUIDES_BEFORE_CURRENT_IDEA_PLACEMENT_20260510\CLEAN_SEED_ALIGNMENT_CHECK.txt","6"
"NEXT_ACTION",".\HOUSE_WORK\PROJECT_COMMAND_CENTER_UI_LANE\HELPER_FILE_EXPOSURE_AND_33RD_PRIVATE_WORK_PROTOCOL_V0_1_20260606\HELPER_FILE_EXPOSURE_AND_33RD_PRIVATE_WORK_PROTOCOL_WORKING_ORDER_V0_1_20260606.md","6"
"NEXT_ACTION",".\Jxhnny_Kl33N_Seedz\CleanSeedsBuild\PROOF_HISTORY\RECYCLE_BIN_QUARANTINE_20260510\ITEM_0079__CLEAN_SEED_ALIGNMENT_CHECK.txt\CLEAN_SEED_ALIGNMENT_CHECK.txt","6"
"NEXT_ACTION",".\_LOCAL_CUSTODY_N_RECEIPTS\RECYCLE_BIN_RECOVERY_20260604_203541\RECOVERED_ITEMS\ITEM_0002__Teleporter137_\Teleporter137_\Jxhnny_Kl33N_Seedz\CleanSeedsBuild\PROOF_HISTORY\RECYCLE_BIN_QUARANTINE_20260510\ITEM_0060__CLEAN_SEED_ALIGNMENT_CHECK.txt\CLEAN_SEED_ALIGNMENT_CHECK.txt","6"
"NEXT_ACTION",".\_LOCAL_CUSTODY_N_RECEIPTS\RECYCLE_BIN_RECOVERY_20260604_203541\RECOVERED_ITEMS\ITEM_0002__Teleporter137_\Teleporter137_\Jxhnny_Kl33N_Seedz\PROOF_HISTORY\RECYCLE_BIN_QUARANTINE_20260510\ITEM_0015__CLEAN_SEED_ALIGNMENT_CHECK.txt\CLEAN_SEED_ALIGNMENT_CHECK.txt","6"
"NEXT_ACTION",".\_LOCAL_CUSTODY_N_RECEIPTS\RECYCLE_BIN_RECOVERY_20260604_203541\RECOVERED_ITEMS\ITEM_0001__123\123\Jxhnny_Kl33N_Seedz\PROOF_HISTORY\RECYCLE_BIN_QUARANTINE_20260510\ITEM_0056__CLEAN_SEED_ALIGNMENT_CHECK_(1).txt\CLEAN_SEED_ALIGNMENT_CHECK (1).txt","6"
"NEXT_ACTION",".\Jxhnny_Kl33N_Seedz\ACTIVE_GUIDES\CLEAN_SEED_ALIGNMENT_CHECK.txt","6"
"NEXT_ACTION",".\_LOCAL_CUSTODY_N_RECEIPTS\RECYCLE_BIN_RECOVERY_20260604_203541\RECOVERED_ITEMS\ITEM_0001__123\123\Jxhnny_Kl33N_Seedz\PROOF_HISTORY\RECYCLE_BIN_QUARANTINE_20260510\ITEM_0106__CLEAN_SEED_ALIGNMENT_CHECK.txt\CLEAN_SEED_ALIGNMENT_CHECK.txt","6"
"NEXT_ACTION",".\_LOCAL_CUSTODY_N_RECEIPTS\RECYCLE_BIN_RECOVERY_20260604_203541\RECOVERED_ITEMS\ITEM_0002__Teleporter137_\Teleporter137_\Jxhnny_Kl33N_Seedz\ACTIVE_GUIDES\CLEAN_SEED_ALIGNMENT_CHECK.txt","6"
"PARKED_DRAFT",".\Jxhnny_Kl33N_Seedz\HOUSE_WORK\GATE_RINGS\MASTER_EXPANDED_GATE_RING_RUN2_10200_20260524\MASTER_GATE_RING_10200_RUN2_ORDERED_CANDIDATE.md","10210"
"PARKED_DRAFT",".\Jxhnny_Kl33N_Seedz\HOUSE_WORK\GATE_RINGS\MASTER_EXPANDED_GATE_RING_RUN2_10200_20260524\MASTER_GATE_RING_10200_RUN2_ORDERED_CANDIDATE.csv","10200"
"PARKED_DRAFT",".\Jxhnny_Kl33N_Seedz\HOUSE_WORK\GATE_RINGS\HOUSE_GATE_WASH_RUN_20260524\NO_CONSOLIDATOR_WAVE_CONTRIBUTIONS_5X.csv","9540"
"PARKED_DRAFT",".\_MISC_DRAWER\READ_REPORTS\FULL_HOUSE_GATE_WASH_SINGLE_COMMAND_SUPERVISOR_V3_FINDINGS_20260530_105416.csv","4534"
"PARKED_DRAFT",".\_MISC_DRAWER\READ_REPORTS\FULL_HOUSE_GATE_WASH_SINGLE_COMMAND_SUPERVISOR_V3_FINDINGS_20260530_105329.csv","4534"
"PARKED_DRAFT",".\Jxhnny_Kl33N_Seedz\HOUSE_WORK\IDEA_CONCEPT_COLLECTION_ROOM\PAST_WEEK_20260524_20260531\RUN_20260531_141441\PAST_WEEK_IDEA_CONCEPT_CAPTURE_V1_20260531_CONCEPT_SIGNAL_LEDGER.csv","3639"
"PARKED_DRAFT",".\Jxhnny_Kl33N_Seedz\HOUSE_WORK\GATE_RINGS\MASTER_EXPANDED_GATE_RING_20260524\MASTER_GATE_RING_3400_EXPANDED_ORDERED_CANDIDATE.md","3403"
"PARKED_DRAFT",".\Jxhnny_Kl33N_Seedz\HOUSE_WORK\GATE_RINGS\MASTER_EXPANDED_GATE_RING_20260524\PRE_RUN2_BASELINE_20260524_233000\MASTER_GATE_RING_3400_EXPANDED_ORDERED_CANDIDATE.md","3403"
"PARKED_DRAFT",".\Jxhnny_Kl33N_Seedz\HOUSE_WORK\GATE_RINGS\MASTER_EXPANDED_GATE_RING_20260524\MASTER_GATE_RING_3400_EXPANDED_ORDERED_CANDIDATE.csv","3400"
"PARKED_DRAFT",".\Jxhnny_Kl33N_Seedz\HOUSE_WORK\GATE_RINGS\MASTER_EXPANDED_GATE_RING_20260524\PRE_RUN2_BASELINE_20260524_233000\MASTER_GATE_RING_3400_EXPANDED_ORDERED_CANDIDATE.csv","3400"
"PARKED_DRAFT",".\Jxhnny_Kl33N_Seedz\HOUSE_WORK\IDEA_CONCEPT_COLLECTION_ROOM\PAST_WEEK_20260524_20260531\RUN_20260531_141441\PAST_WEEK_IDEA_CONCEPT_SYNTHESIS_V1_20260531_UNIQUE_CONCEPTS_LEDGER.csv","2317"
"PARKED_DRAFT",".\_MISC_DRAWER\READ_REPORTS\DEEPER_HOUSE_RULES_ROOMS_TOOLS_RESOURCES_SIGNAL_LEDGER_V2_20260528_010508.csv","1561"
"PARKED_DRAFT",".\Jxhnny_Kl33N_Seedz\HOUSE_WORK\IDEA_CONCEPT_COLLECTION_ROOM\PAST_WEEK_20260524_20260531\RUN_20260531_141441\PAST_WEEK_IDEA_CONCEPT_SYNTHESIS_V1_20260531_WANT_LATER_LEDGER.csv","1406"
"PARKED_DRAFT",".\HOUSE_WORK\PROJECT_COMMAND_CENTER_UI_LANE\DUAL_COMMAND_CENTER_L0_REVIEW_PACKET_20260606\SOURCE_RAW\OUTSIDE_ASSISTANT_COOPERATION_INDEX_V0_2_SOURCE_TO_LIVE_L0_CUSTODY_CHAIN_RAW_20260605.md","1398"
"PARKED_DRAFT",".\_MISC_DRAWER\READ_REPORTS\FULL_HOUSE_GATE_WASH_CYCLE_V1_1_FINDINGS_20260530_095823.csv","1341"
"PARKED_DRAFT",".\_MISC_DRAWER\READ_REPORTS\FULL_HOUSE_GATE_WASH_CYCLE_V1_1_FINDINGS_20260530_095730.csv","1341"
"PARKED_DRAFT",".\_LOCAL_CUSTODY_AND_RECEIPTS\ROOT_LEGACY_RESIDUE_PHASE2_20260603_234817\PARKED_PACKAGES_PENDING_REVIEW\LOWER_CAUSE_SEARCH_METHOD_LAB_20260601\RAW_WORK\RAW_CARD_COLLECTION.txt","1151"
"PARKED_DRAFT",".\_LOCAL_CUSTODY_N_RECEIPTS\RECYCLE_BIN_RECOVERY_20260604_203541\RECOVERED_ITEMS\ITEM_0014__RAW_CARD_COLLECTION.txt\RAW_CARD_COLLECTION.txt","1151"
"PARKED_DRAFT",".\_LOCAL_CUSTODY_N_RECEIPTS\LOSSLESS_CUSTODY_ACCOUNTING_FAMILY_AUDIT_20260604\LOSSLESS_CUSTODY_FOCUSED_RULE_CONCEPT_INDEX.csv","1107"
"PARKED_DRAFT",".\_MISC_DRAWER\READ_REPORTS\DEEPER_HOUSE_RULES_ROOMS_TOOLS_RESOURCES_FILE_LEDGER_V2_20260528_010508.csv","865"
"PARKED_DRAFT",".\_MISC_DRAWER\READ_REPORTS\PATH_CLASS_PARKED_ROWS_20260530_195649.csv","810"
"PARKED_DRAFT",".\_MISC_DRAWER\READ_REPORTS\PATH_CLASS_PARKED_ROWS_20260530_195602.csv","810"
"PARKED_DRAFT",".\_MISC_DRAWER\READ_REPORTS\PATH_CLASS_PARKED_ROWS_20260530_195357.csv","721"
"PARKED_DRAFT",".\_MISC_DRAWER\READ_REPORTS\PATH_CLASS_PARKED_ROWS_20260530_195445.csv","721"
"PARKED_DRAFT",".\_MISC_DRAWER\READ_REPORTS\PATH_CLASS_PARKED_ROWS_20260530_195511.csv","721"
"PARKED_DRAFT",".\_MISC_DRAWER\READ_REPORTS\RULE_EXPANSION_ROPE_LEDGER_V0.4_20260527_204552.csv","667"
"PARKED_DRAFT",".\_MISC_DRAWER\READ_REPORTS\DEEPER_HOUSE_RULES_ROOMS_TOOLS_RESOURCES_GAP_LEDGER_V2_20260528_010508.csv","567"
"PARKED_DRAFT",".\_LOCAL_CUSTODY_AND_RECEIPTS\ROOT_LEGACY_RESIDUE_PHASE2_20260603_234817\PARKED_PACKAGES_PENDING_REVIEW\PARKING_GATE_CONTROL_SURFACE_V1\raw progress.txt","562"
"PARKED_DRAFT",".\_LOCAL_CUSTODY_N_RECEIPTS\RECYCLE_BIN_RECOVERY_20260604_203541\RECOVERED_ITEMS\ITEM_0015__raw progress.txt\raw progress.txt","562"
"PARKED_DRAFT",".\_MISC_DRAWER\READ_REPORTS\RULE_EXPANSION_ROPE_LEDGER_V0.3_20260527_204138.csv","522"
"PARKED_DRAFT",".\Jxhnny_Kl33N_Seedz\HOUSE_WORK\GATE_RINGS\MASTER_500_GATE_RING_20260524\PRE_EXPANSION_BASELINE_20260524_225710\MASTER_GATE_RING_510_ORDERED_CANDIDATE.csv","510"
"PARKED_DRAFT",".\Jxhnny_Kl33N_Seedz\HOUSE_WORK\GATE_RINGS\MASTER_500_GATE_RING_20260524\MASTER_GATE_RING_510_ORDERED_CANDIDATE.csv","510"
"PARKED_DRAFT",".\_LOCAL_CUSTODY_AND_RECEIPTS\ROOT_LEGACY_RESIDUE_PHASE2_20260603_234817\PARKED_PACKAGES_PENDING_REVIEW\HOUSE_DOCK_CONTROL_ROOM_SAVE_PACKET_V1\98_SOURCE_RAW\FINAL_RAW_PROGRESS.txt","421"
"PARKED_DRAFT",".\Jxhnny_Kl33N_Seedz\HOUSE_WORK\IDEA_CONCEPT_COLLECTION_ROOM\PAST_WEEK_20260524_20260531\RUN_20260531_141441\PAST_WEEK_IDEA_CONCEPT_SYNTHESIS_V1_20260531_USE_NOW_LEDGER.csv","400"
"PARKED_DRAFT",".\_SOURCE_RESEARCH_NOTES\ROOT_TEXT_DROPS_20260603\CONSUMED_BY_REPO_SAVE\mulenotes.txt","288"
"PARKED_DRAFT",".\Jxhnny_Kl33N_Seedz\HOUSE_WORK\WORK_SHED\SORTING_BENCH\LIVING_OBJECT_REGISTRY_V2_FIRST_WAVE_REPAIR_PACKET_20260530\NAMED_GAPS_SOURCE_COPY.csv","269"
"PARKED_DRAFT",".\_MISC_DRAWER\READ_REPORTS\LIVING_OBJECT_REGISTRY_V2_NAMED_GAPS_20260530_144741.csv","269"
"PARKED_DRAFT",".\_MISC_DRAWER\READ_REPORTS\LIVING_OBJECT_REGISTRY_V2_NAMED_GAPS_20260530_144824.csv","269"
"PARKED_DRAFT",".\_MISC_DRAWER\READ_REPORTS\LIVING_OBJECT_REGISTRY_V2_NAMED_GAPS_20260530_150820.csv","269"
"PARKED_DRAFT",".\Jxhnny_Kl33N_Seedz\SOURCE_ORE\USER_DROPS\ROOT_DOOR_CLEAR_BIG_BOY_SET_20260525_032347\big_boy_chat.txt","251"
"PARKED_DRAFT",".\Jxhnny_Kl33N_Seedz\SOURCE_ORE\USER_DROPS\ROOT_DROP_BIG_BOY_CHAT_20260525_031219\big_boy_chat.txt","251"
"PARKED_DRAFT",".\Jxhnny_Kl33N_Seedz\HOUSE_WORK\IDEA_CONCEPT_COLLECTION_ROOM\PAST_WEEK_20260524_20260531\RUN_20260531_141441\PAST_WEEK_IDEA_CONCEPT_SYNTHESIS_V1_20260531_NEXT_WORK_LEDGER.csv","226"
"PARKED_DRAFT",".\_LOCAL_CUSTODY_N_RECEIPTS\RECYCLE_BIN_RECOVERY_20260604_203541\RECOVERED_ITEMS\ITEM_0006__123\123\Jxhnny_Kl33N_Seedz\CleanSeedsBuild\BACKUP_BEFORE_PUBLIC_PATH_REDACTION_20260513_011244\data\GAP_TODO_MATCHES.json","211"
"PARKED_DRAFT",".\Jxhnny_Kl33N_Seedz\CleanSeedsBuild\BACKUP_BEFORE_PUBLIC_PATH_REDACTION_20260513_011244\data\GAP_TODO_MATCHES.json","211"
"PARKED_DRAFT",".\_LOCAL_CUSTODY_N_RECEIPTS\RECYCLE_BIN_RECOVERY_20260604_203541\RECOVERED_ITEMS\ITEM_0001__123\123\Jxhnny_Kl33N_Seedz\CleanSeedsBuild\BACKUP_BEFORE_PUBLIC_PATH_REDACTION_20260513_011244\data\GAP_TODO_MATCHES.json","211"
"PARKED_DRAFT",".\_LOCAL_CUSTODY_N_RECEIPTS\RECYCLE_BIN_RECOVERY_20260604_203541\RECOVERED_ITEMS\ITEM_0002__Teleporter137_\Teleporter137_\Jxhnny_Kl33N_Seedz\CleanSeedsBuild\BACKUP_BEFORE_PUBLIC_PATH_REDACTION_20260513_011244\data\GAP_TODO_MATCHES.json","211"
"PARKED_DRAFT",".\Jxhnny_Kl33N_Seedz\CleanSeedsBuild\NEOCITIES_CLEAN_SITE\data\GAP_TODO_MATCHES.json","210"
"PARKED_DRAFT",".\_LOCAL_CUSTODY_N_RECEIPTS\RECYCLE_BIN_RECOVERY_20260604_203541\RECOVERED_ITEMS\ITEM_0002__Teleporter137_\Teleporter137_\Jxhnny_Kl33N_Seedz\CleanSeedsBuild\NEOCITIES_CLEAN_SITE\data\GAP_TODO_MATCHES.json","210"
"PARKED_DRAFT",".\_LOCAL_CUSTODY_N_RECEIPTS\RECYCLE_BIN_RECOVERY_20260604_203541\RECOVERED_ITEMS\ITEM_0006__123\123\Jxhnny_Kl33N_Seedz\CleanSeedsBuild\NEOCITIES_CLEAN_SITE\data\GAP_TODO_MATCHES.json","210"
"PARKED_DRAFT",".\_LOCAL_CUSTODY_N_RECEIPTS\RECYCLE_BIN_RECOVERY_20260604_203541\RECOVERED_ITEMS\ITEM_0001__123\123\Jxhnny_Kl33N_Seedz\CleanSeedsBuild\NEOCITIES_CLEAN_SITE\data\GAP_TODO_MATCHES.json","210"
"PARKED_DRAFT",".\_LOCAL_CUSTODY_N_RECEIPTS\RECYCLE_BIN_RECOVERY_20260604_203541\RECOVERED_ITEMS\ITEM_0002__Teleporter137_\Teleporter137_\Jxhnny_Kl33N_Seedz\MULE_WORKSHOP\DEEP_RECURSIVE_FAILURE_AUDIT_20260523\EVIDENCE\cluster_parking_return_first250.txt","195"
"PARKED_DRAFT",".\_LOCAL_CUSTODY_N_RECEIPTS\RECYCLE_BIN_RECOVERY_20260604_203541\RECOVERED_ITEMS\ITEM_0001__123\123\Jxhnny_Kl33N_Seedz\MULE_WORKSHOP\DEEP_RECURSIVE_FAILURE_AUDIT_20260523\EVIDENCE\cluster_parking_return_first250.txt","195"
"PARKED_DRAFT",".\Jxhnny_Kl33N_Seedz\MULE_WORKSHOP\DEEP_RECURSIVE_FAILURE_AUDIT_20260523\EVIDENCE\cluster_parking_return_first250.txt","195"
"PARKED_DRAFT",".\_LOCAL_CUSTODY_N_RECEIPTS\RECYCLE_BIN_RECOVERY_20260604_203541\RECOVERED_ITEMS\ITEM_0001__123\123\Jxhnny_Kl33N_Seedz\CleanSeedsBuild\PROOF_HISTORY\PROJECT_CLEANUP_DRAFT_2B_RESCAN_WITH_RULE_STRUCTURE_20260510.txt","192"
"PARKED_DRAFT",".\_LOCAL_CUSTODY_N_RECEIPTS\RECYCLE_BIN_RECOVERY_20260604_203541\RECOVERED_ITEMS\ITEM_0002__Teleporter137_\Teleporter137_\Jxhnny_Kl33N_Seedz\CleanSeedsBuild\PROOF_HISTORY\PROJECT_CLEANUP_DRAFT_2B_RESCAN_WITH_RULE_STRUCTURE_20260510.txt","192"
"PARKED_DRAFT",".\Jxhnny_Kl33N_Seedz\CleanSeedsBuild\PROOF_HISTORY\PROJECT_CLEANUP_DRAFT_2B_RESCAN_WITH_RULE_STRUCTURE_20260510.txt","192"
"PARKED_DRAFT",".\_LOCAL_CUSTODY_N_RECEIPTS\RECYCLE_BIN_RECOVERY_20260604_203541\RECOVERED_ITEMS\ITEM_0001__123\123\Jxhnny_Kl33N_Seedz\ACTIVE_GUIDES\CLEAN_SEED_ALIGNMENT_CHECK.txt","187"
"PARKED_DRAFT",".\Jxhnny_Kl33N_Seedz\ACTIVE_GUIDES\CLEAN_SEED_ALIGNMENT_CHECK.txt","187"
"PARKED_DRAFT",".\_LOCAL_CUSTODY_N_RECEIPTS\RECYCLE_BIN_RECOVERY_20260604_203541\RECOVERED_ITEMS\ITEM_0006__123\123\Jxhnny_Kl33N_Seedz\ACTIVE_GUIDES\CLEAN_SEED_ALIGNMENT_CHECK.txt","187"
"PARKED_DRAFT",".\_LOCAL_CUSTODY_N_RECEIPTS\RECYCLE_BIN_RECOVERY_20260604_203541\RECOVERED_ITEMS\ITEM_0002__Teleporter137_\Teleporter137_\Jxhnny_Kl33N_Seedz\ACTIVE_GUIDES\CLEAN_SEED_ALIGNMENT_CHECK.txt","187"
"PARKED_DRAFT",".\Jxhnny_Kl33N_Seedz\CORE_GUIDE_BACKUPS\CORE_GUIDES_BEFORE_GATE_EVIDENCE_HOW_FOUND_DOCTRINE_WASH_20260524_043525\CLEAN_SEED_ALIGNMENT_CHECK.txt","186"
"PARKED_DRAFT",".\_LOCAL_CUSTODY_N_RECEIPTS\RECYCLE_BIN_RECOVERY_20260604_203541\RECOVERED_ITEMS\ITEM_0001__123\123\Jxhnny_Kl33N_Seedz\CORE_GUIDE_BACKUPS\CORE_GUIDES_BEFORE_GATE_EVIDENCE_HOW_FOUND_DOCTRINE_WASH_20260524_043525\CLEAN_SEED_ALIGNMENT_CHECK.txt","186"
"PARKED_DRAFT",".\_LOCAL_CUSTODY_N_RECEIPTS\RECYCLE_BIN_RECOVERY_20260604_203541\RECOVERED_ITEMS\ITEM_0002__Teleporter137_\Teleporter137_\Jxhnny_Kl33N_Seedz\CORE_GUIDE_BACKUPS\CORE_GUIDES_BEFORE_GATE_EVIDENCE_HOW_FOUND_DOCTRINE_WASH_20260524_043525\CLEAN_SEED_ALIGNMENT_CHECK.txt","186"
"PARKED_DRAFT",".\_LOCAL_CUSTODY_N_RECEIPTS\RECYCLE_BIN_RECOVERY_20260604_203541\RECOVERED_ITEMS\ITEM_0006__123\123\Jxhnny_Kl33N_Seedz\CleanSeedsBuild\PROOF_HISTORY\BACKUP_CLEAN_SEED_ALIGNMENT_CHECK_BEFORE_LOCAL_FILE_LANE_LEAD_INSTALL_20260511.txt","173"
"PARKED_DRAFT",".\Jxhnny_Kl33N_Seedz\CleanSeedsBuild\PROOF_HISTORY\BACKUP_CLEAN_SEED_ALIGNMENT_CHECK_BEFORE_LOCAL_FILE_LANE_LEAD_INSTALL_20260511.txt","173"
"PARKED_DRAFT",".\Jxhnny_Kl33N_Seedz\PROOF_HISTORY\BACKUP_CLEAN_SEED_ALIGNMENT_CHECK_BEFORE_LOCAL_FILE_LANE_LEAD_INSTALL_20260511.txt","173"
"PARKED_DRAFT",".\_LOCAL_CUSTODY_N_RECEIPTS\RECYCLE_BIN_RECOVERY_20260604_203541\RECOVERED_ITEMS\ITEM_0001__123\123\Jxhnny_Kl33N_Seedz\CleanSeedsBuild\PROOF_HISTORY\BACKUP_CLEAN_SEED_ALIGNMENT_CHECK_BEFORE_TINY_INSTALL_PACKET_SCOPE_COMPLETION_20260511.txt","173"
"PARKED_DRAFT",".\_LOCAL_CUSTODY_N_RECEIPTS\RECYCLE_BIN_RECOVERY_20260604_203541\RECOVERED_ITEMS\ITEM_0002__Teleporter137_\Teleporter137_\Jxhnny_Kl33N_Seedz\CleanSeedsBuild\ACTIVE_GUIDES\CLEAN_SEED_ALIGNMENT_CHECK.txt","173"
"PARKED_DRAFT",".\Jxhnny_Kl33N_Seedz\CleanSeedsBuild\PROOF_HISTORY\BACKUP_CLEAN_SEED_ALIGNMENT_CHECK_BEFORE_TINY_INSTALL_PACKET_SCOPE_COMPLETION_20260511.txt","173"
"PARKED_DRAFT",".\_LOCAL_CUSTODY_N_RECEIPTS\RECYCLE_BIN_RECOVERY_20260604_203541\RECOVERED_ITEMS\ITEM_0001__123\123\Jxhnny_Kl33N_Seedz\CleanSeedsBuild\ACTIVE_GUIDES\CLEAN_SEED_ALIGNMENT_CHECK.txt","173"
"PARKED_DRAFT",".\_LOCAL_CUSTODY_N_RECEIPTS\RECYCLE_BIN_RECOVERY_20260604_203541\RECOVERED_ITEMS\ITEM_0001__123\123\Jxhnny_Kl33N_Seedz\CleanSeedsBuild\PROOF_HISTORY\BACKUP_CLEAN_SEED_ALIGNMENT_CHECK_BEFORE_LOCAL_FILE_LANE_LEAD_INSTALL_20260511.txt","173"
"PARKED_DRAFT",".\_LOCAL_CUSTODY_N_RECEIPTS\RECYCLE_BIN_RECOVERY_20260604_203541\RECOVERED_ITEMS\ITEM_0002__Teleporter137_\Teleporter137_\Jxhnny_Kl33N_Seedz\CleanSeedsBuild\PROOF_HISTORY\BACKUP_CLEAN_SEED_ALIGNMENT_CHECK_BEFORE_LOCAL_FILE_LANE_LEAD_INSTALL_20260511.txt","173"
"PARKED_DRAFT",".\_LOCAL_CUSTODY_N_RECEIPTS\RECYCLE_BIN_RECOVERY_20260604_203541\RECOVERED_ITEMS\ITEM_0002__Teleporter137_\Teleporter137_\Jxhnny_Kl33N_Seedz\PROOF_HISTORY\BACKUP_CLEAN_SEED_ALIGNMENT_CHECK_BEFORE_LOCAL_FILE_LANE_LEAD_INSTALL_20260511.txt","173"
"PARKED_DRAFT",".\_LOCAL_CUSTODY_N_RECEIPTS\RECYCLE_BIN_RECOVERY_20260604_203541\RECOVERED_ITEMS\ITEM_0006__123\123\Jxhnny_Kl33N_Seedz\CleanSeedsBuild\ACTIVE_GUIDES\CLEAN_SEED_ALIGNMENT_CHECK.txt","173"
"PARKED_DRAFT",".\_LOCAL_CUSTODY_N_RECEIPTS\RECYCLE_BIN_RECOVERY_20260604_203541\RECOVERED_ITEMS\ITEM_0002__Teleporter137_\Teleporter137_\Jxhnny_Kl33N_Seedz\CleanSeedsBuild\PROOF_HISTORY\BACKUP_CLEAN_SEED_ALIGNMENT_CHECK_BEFORE_TINY_INSTALL_PACKET_SCOPE_COMPLETION_20260511.txt","173"
"PARKED_DRAFT",".\_LOCAL_CUSTODY_N_RECEIPTS\RECYCLE_BIN_RECOVERY_20260604_203541\RECOVERED_ITEMS\ITEM_0006__123\123\Jxhnny_Kl33N_Seedz\CleanSeedsBuild\PROOF_HISTORY\BACKUP_CLEAN_SEED_ALIGNMENT_CHECK_BEFORE_TINY_INSTALL_PACKET_SCOPE_COMPLETION_20260511.txt","173"
"PARKED_DRAFT",".\_LOCAL_CUSTODY_N_RECEIPTS\RECYCLE_BIN_RECOVERY_20260604_203541\RECOVERED_ITEMS\ITEM_0001__123\123\Jxhnny_Kl33N_Seedz\PROOF_HISTORY\BACKUP_CLEAN_SEED_ALIGNMENT_CHECK_BEFORE_LOCAL_FILE_LANE_LEAD_INSTALL_20260511.txt","173"
"PARKED_DRAFT",".\Jxhnny_Kl33N_Seedz\CleanSeedsBuild\ACTIVE_GUIDES\CLEAN_SEED_ALIGNMENT_CHECK.txt","173"
"PARKED_DRAFT",".\Jxhnny_Kl33N_Seedz\CleanSeedsBuild\PROOF_HISTORY\BACKUP_CLEAN_SEED_ALIGNMENT_CHECK_BEFORE_TINY_WORKING_PATH_INSTALL_20260511.txt","170"
"PARKED_DRAFT",".\_LOCAL_CUSTODY_N_RECEIPTS\RECYCLE_BIN_RECOVERY_20260604_203541\RECOVERED_ITEMS\ITEM_0001__123\123\Jxhnny_Kl33N_Seedz\CleanSeedsBuild\PROOF_HISTORY\DESKTOP_DROP_FOLDER_INTAKE_ARCHIVE_20260511\Clean_Milk_FRESH_ASSESSMENT_DROP_20260511_004711\CLEAN_SEED_ALIGNMENT_CHECK.txt","170"
"PARKED_DRAFT",".\_LOCAL_CUSTODY_N_RECEIPTS\RECYCLE_BIN_RECOVERY_20260604_203541\RECOVERED_ITEMS\ITEM_0001__123\123\Jxhnny_Kl33N_Seedz\PROOF_HISTORY\DESKTOP_DROP_FOLDER_INTAKE_ARCHIVE_20260511\Clean_Milk_FRESH_ASSESSMENT_DROP_20260511_004711\CLEAN_SEED_ALIGNMENT_CHECK.txt","170"
"PARKED_DRAFT",".\Jxhnny_Kl33N_Seedz\PROOF_HISTORY\DESKTOP_DROP_FOLDER_INTAKE_ARCHIVE_20260511\Clean_Milk_FRESH_ASSESSMENT_DROP_20260511_004711\CLEAN_SEED_ALIGNMENT_CHECK.txt","170"
"PARKED_DRAFT",".\_LOCAL_CUSTODY_N_RECEIPTS\RECYCLE_BIN_RECOVERY_20260604_203541\RECOVERED_ITEMS\ITEM_0002__Teleporter137_\Teleporter137_\Jxhnny_Kl33N_Seedz\PROOF_HISTORY\DESKTOP_DROP_FOLDER_INTAKE_ARCHIVE_20260511\Clean_Milk_FRESH_ASSESSMENT_DROP_20260511_004711\CLEAN_SEED_ALIGNMENT_CHECK.txt","170"
"PARKED_DRAFT",".\_LOCAL_CUSTODY_N_RECEIPTS\RECYCLE_BIN_RECOVERY_20260604_203541\RECOVERED_ITEMS\ITEM_0002__Teleporter137_\Teleporter137_\Jxhnny_Kl33N_Seedz\CleanSeedsBuild\PROOF_HISTORY\BACKUP_CLEAN_SEED_ALIGNMENT_CHECK_BEFORE_TINY_WORKING_PATH_INSTALL_20260511.txt","170"
"PARKED_DRAFT",".\Jxhnny_Kl33N_Seedz\CleanSeedsBuild\PROOF_HISTORY\DESKTOP_DROP_FOLDER_INTAKE_ARCHIVE_20260511\Clean_Milk_FRESH_ASSESSMENT_DROP_20260511_004711\CLEAN_SEED_ALIGNMENT_CHECK.txt","170"
"PARKED_DRAFT",".\_LOCAL_CUSTODY_N_RECEIPTS\RECYCLE_BIN_RECOVERY_20260604_203541\RECOVERED_ITEMS\ITEM_0006__123\123\Jxhnny_Kl33N_Seedz\CleanSeedsBuild\PROOF_HISTORY\BACKUP_CLEAN_SEED_ALIGNMENT_CHECK_BEFORE_TINY_WORKING_PATH_INSTALL_20260511.txt","170"
"PARKED_DRAFT",".\_LOCAL_CUSTODY_N_RECEIPTS\RECYCLE_BIN_RECOVERY_20260604_203541\RECOVERED_ITEMS\ITEM_0001__123\123\Jxhnny_Kl33N_Seedz\CleanSeedsBuild\PROOF_HISTORY\BACKUP_CLEAN_SEED_ALIGNMENT_CHECK_BEFORE_TINY_WORKING_PATH_INSTALL_20260511.txt","170"
"PARKED_DRAFT",".\_LOCAL_CUSTODY_N_RECEIPTS\RECYCLE_BIN_RECOVERY_20260604_203541\RECOVERED_ITEMS\ITEM_0002__Teleporter137_\Teleporter137_\Jxhnny_Kl33N_Seedz\CleanSeedsBuild\PROOF_HISTORY\DESKTOP_DROP_FOLDER_INTAKE_ARCHIVE_20260511\Clean_Milk_FRESH_ASSESSMENT_DROP_20260511_004711\CLEAN_SEED_ALIGNMENT_CHECK.txt","170"
"PARKED_DRAFT",".\_MISC_DRAWER\READ_REPORTS\FULL_HOUSE_GATE_WASH_CYCLE_V1_1_20260530_095823.md","169"
"PARKED_DRAFT",".\_MISC_DRAWER\READ_REPORTS\FULL_HOUSE_GATE_WASH_CYCLE_V1_1_20260530_095730.md","169"
"PARKED_DRAFT",".\_LOCAL_CUSTODY_N_RECEIPTS\RECYCLE_BIN_RECOVERY_20260604_203541\RECOVERED_ITEMS\ITEM_0002__Teleporter137_\Teleporter137_\Jxhnny_Kl33N_Seedz\CleanSeedsBuild\CleanSeed_Backups\CleanSeed_SourceTruth_Backup_20260509_233207\SOURCE_COPY\CLEAN_SEED_ALIGNMENT_CHECK.txt","167"
"PARKED_DRAFT",".\_LOCAL_CUSTODY_N_RECEIPTS\RECYCLE_BIN_RECOVERY_20260604_203541\RECOVERED_ITEMS\ITEM_0001__123\123\Jxhnny_Kl33N_Seedz\CleanSeedsBuild\CleanSeed_Backups\CleanSeed_SourceTruth_Backup_20260509_233207\SOURCE_COPY\CLEAN_SEED_ALIGNMENT_CHECK.txt","167"
"PARKED_DRAFT",".\_LOCAL_CUSTODY_N_RECEIPTS\RECYCLE_BIN_RECOVERY_20260604_203541\RECOVERED_ITEMS\ITEM_0006__123\123\Jxhnny_Kl33N_Seedz\CleanSeedsBuild\CleanSeed_Backups\CleanSeed_SourceTruth_Backup_20260509_233207\SOURCE_COPY\CLEAN_SEED_ALIGNMENT_CHECK.txt","167"
"PARKED_DRAFT",".\_LOCAL_CUSTODY_N_RECEIPTS\RECYCLE_BIN_RECOVERY_20260604_203541\RECOVERED_ITEMS\ITEM_0002__Teleporter137_\Teleporter137_\Jxhnny_Kl33N_Seedz\PROOF_HISTORY\BACKUP_ACTIVE_GUIDES_BEFORE_CURRENT_IDEA_PLACEMENT_20260510\CLEAN_SEED_ALIGNMENT_CHECK.txt","167"
"PARKED_DRAFT",".\Jxhnny_Kl33N_Seedz\PROOF_HISTORY\BACKUP_ACTIVE_GUIDES_BEFORE_CURRENT_IDEA_PLACEMENT_20260510\CLEAN_SEED_ALIGNMENT_CHECK.txt","167"
"PARKED_DRAFT",".\Jxhnny_Kl33N_Seedz\CleanSeedsBuild\CleanSeed_Backups\CleanSeed_SourceTruth_Backup_20260509_233207\SOURCE_COPY\CLEAN_SEED_ALIGNMENT_CHECK.txt","167"
"PARKED_DRAFT",".\_LOCAL_CUSTODY_N_RECEIPTS\RECYCLE_BIN_RECOVERY_20260604_203541\RECOVERED_ITEMS\ITEM_0001__123\123\Jxhnny_Kl33N_Seedz\PROOF_HISTORY\BACKUP_ACTIVE_GUIDES_BEFORE_CURRENT_IDEA_PLACEMENT_20260510\CLEAN_SEED_ALIGNMENT_CHECK.txt","167"
"PARKED_DRAFT",".\_LOCAL_CUSTODY_N_RECEIPTS\RECYCLE_BIN_RECOVERY_20260604_203541\RECOVERED_ITEMS\ITEM_0001__123\123\Jxhnny_Kl33N_Seedz\ACTIVE_GUIDES\CLEAN_SEED_WRAP_GUIDE.txt","153"
"PARKED_DRAFT",".\Jxhnny_Kl33N_Seedz\CORE_GUIDE_BACKUPS\CORE_GUIDES_BEFORE_GATE_EVIDENCE_HOW_FOUND_DOCTRINE_WASH_20260524_043525\CLEAN_SEED_WRAP_GUIDE.txt","153"
"PARKED_DRAFT",".\_LOCAL_CUSTODY_N_RECEIPTS\RECYCLE_BIN_RECOVERY_20260604_203541\RECOVERED_ITEMS\ITEM_0006__123\123\Jxhnny_Kl33N_Seedz\ACTIVE_GUIDES\CLEAN_SEED_WRAP_GUIDE.txt","153"
"MUTATION_LANGUAGE",".\_LOCAL_CUSTODY_N_RECEIPTS\LOSSLESS_CUSTODY_ACCOUNTING_FAMILY_AUDIT_20260604\LOSSLESS_CUSTODY_FOCUSED_RULE_CONCEPT_INDEX.csv","7903"
"MUTATION_LANGUAGE",".\_MISC_DRAWER\READ_REPORTS\DEEPER_HOUSE_RULES_ROOMS_TOOLS_RESOURCES_SIGNAL_LEDGER_V2_20260528_010508.csv","4514"
"MUTATION_LANGUAGE",".\Jxhnny_Kl33N_Seedz\HOUSE_WORK\IDEA_CONCEPT_COLLECTION_ROOM\PAST_WEEK_20260524_20260531\RUN_20260531_141441\PAST_WEEK_IDEA_CONCEPT_CAPTURE_V1_20260531_CONCEPT_SIGNAL_LEDGER.csv","4310"
"MUTATION_LANGUAGE",".\Jxhnny_Kl33N_Seedz\HOUSE_WORK\IDEA_CONCEPT_COLLECTION_ROOM\PAST_WEEK_20260524_20260531\RUN_20260531_141441\PAST_WEEK_IDEA_CONCEPT_SYNTHESIS_V1_20260531_UNIQUE_CONCEPTS_LEDGER.csv","2289"
"MUTATION_LANGUAGE",".\_MISC_DRAWER\READ_REPORTS\FULL_HOUSE_GATE_WASH_SINGLE_COMMAND_SUPERVISOR_V3_FINDINGS_20260530_105329.csv","1989"
"MUTATION_LANGUAGE",".\_MISC_DRAWER\READ_REPORTS\FULL_HOUSE_GATE_WASH_SINGLE_COMMAND_SUPERVISOR_V3_FINDINGS_20260530_105416.csv","1989"
"MUTATION_LANGUAGE",".\_MISC_DRAWER\READ_REPORTS\DEEPER_HOUSE_RULES_ROOMS_TOOLS_RESOURCES_FILE_LEDGER_V2_20260528_010508.csv","1962"
"MUTATION_LANGUAGE",".\_MISC_DRAWER\READ_REPORTS\DEEPER_HOUSE_RULES_ROOMS_TOOLS_RESOURCES_GAP_LEDGER_V2_20260528_010508.csv","1493"
"MUTATION_LANGUAGE",".\HOUSE_WORK\PROJECT_COMMAND_CENTER_UI_LANE\DUAL_COMMAND_CENTER_L0_REVIEW_PACKET_20260606\SOURCE_RAW\OUTSIDE_ASSISTANT_COOPERATION_INDEX_V0_2_SOURCE_TO_LIVE_L0_CUSTODY_CHAIN_RAW_20260605.md","1474"
"MUTATION_LANGUAGE",".\Jxhnny_Kl33N_Seedz\.git\logs\HEAD","710"
"MUTATION_LANGUAGE",".\Jxhnny_Kl33N_Seedz\.git\logs\refs\heads\main","710"
"MUTATION_LANGUAGE",".\Jxhnny_Kl33N_Seedz\.git\logs\refs\remotes\origin\main","693"
"MUTATION_LANGUAGE",".\_LOCAL_CUSTODY_AND_RECEIPTS\ROOT_LEGACY_RESIDUE_PHASE2_20260603_234817\PARKED_PACKAGES_PENDING_REVIEW\LOWER_CAUSE_SEARCH_METHOD_LAB_20260601\RAW_WORK\RAW_CARD_COLLECTION.txt","557"
"MUTATION_LANGUAGE",".\_LOCAL_CUSTODY_N_RECEIPTS\RECYCLE_BIN_RECOVERY_20260604_203541\RECOVERED_ITEMS\ITEM_0014__RAW_CARD_COLLECTION.txt\RAW_CARD_COLLECTION.txt","557"
"MUTATION_LANGUAGE",".\_LOCAL_CUSTODY_N_RECEIPTS\RECYCLE_BIN_RECOVERY_20260604_203541\RECOVERED_ITEMS\ITEM_0001__123\123\Jxhnny_Kl33N_Seedz\.git\logs\refs\heads\main","504"
"MUTATION_LANGUAGE",".\_LOCAL_CUSTODY_N_RECEIPTS\RECYCLE_BIN_RECOVERY_20260604_203541\RECOVERED_ITEMS\ITEM_0001__123\123\Jxhnny_Kl33N_Seedz\.git\logs\refs\remotes\origin\main","504"
"MUTATION_LANGUAGE",".\_LOCAL_CUSTODY_N_RECEIPTS\RECYCLE_BIN_RECOVERY_20260604_203541\RECOVERED_ITEMS\ITEM_0002__Teleporter137_\Teleporter137_\Jxhnny_Kl33N_Seedz\.git\logs\refs\remotes\origin\main","504"
"MUTATION_LANGUAGE",".\_LOCAL_CUSTODY_N_RECEIPTS\RECYCLE_BIN_RECOVERY_20260604_203541\RECOVERED_ITEMS\ITEM_0001__123\123\Jxhnny_Kl33N_Seedz\.git\logs\HEAD","504"
"MUTATION_LANGUAGE",".\_LOCAL_CUSTODY_N_RECEIPTS\RECYCLE_BIN_RECOVERY_20260604_203541\RECOVERED_ITEMS\ITEM_0002__Teleporter137_\Teleporter137_\Jxhnny_Kl33N_Seedz\.git\logs\HEAD","504"
"MUTATION_LANGUAGE",".\_LOCAL_CUSTODY_N_RECEIPTS\RECYCLE_BIN_RECOVERY_20260604_203541\RECOVERED_ITEMS\ITEM_0002__Teleporter137_\Teleporter137_\Jxhnny_Kl33N_Seedz\.git\logs\refs\heads\main","504"
"MUTATION_LANGUAGE",".\_LOCAL_CUSTODY_N_RECEIPTS\RECYCLE_BIN_RECOVERY_20260604_203541\RECOVERED_ITEMS\ITEM_0006__123\123\Jxhnny_Kl33N_Seedz\.git\logs\refs\remotes\origin\main","504"
"MUTATION_LANGUAGE",".\_LOCAL_CUSTODY_N_RECEIPTS\RECYCLE_BIN_RECOVERY_20260604_203541\RECOVERED_ITEMS\ITEM_0006__123\123\Jxhnny_Kl33N_Seedz\.git\logs\HEAD","504"
"MUTATION_LANGUAGE",".\_LOCAL_CUSTODY_N_RECEIPTS\RECYCLE_BIN_RECOVERY_20260604_203541\RECOVERED_ITEMS\ITEM_0006__123\123\Jxhnny_Kl33N_Seedz\.git\logs\refs\heads\main","504"
"MUTATION_LANGUAGE",".\Jxhnny_Kl33N_Seedz\HOUSE_WORK\GATE_RINGS\MASTER_EXPANDED_GATE_RING_20260524\MASTER_GATE_RING_3400_EXPANDED_ORDERED_CANDIDATE.csv","486"
"MUTATION_LANGUAGE",".\Jxhnny_Kl33N_Seedz\HOUSE_WORK\GATE_RINGS\MASTER_EXPANDED_GATE_RING_20260524\PRE_RUN2_BASELINE_20260524_233000\MASTER_GATE_RING_3400_EXPANDED_ORDERED_CANDIDATE.csv","486"
"MUTATION_LANGUAGE",".\Jxhnny_Kl33N_Seedz\HOUSE_WORK\IDEA_CONCEPT_COLLECTION_ROOM\PAST_WEEK_20260524_20260531\RUN_20260531_141441\PAST_WEEK_IDEA_CONCEPT_SYNTHESIS_V1_20260531_USE_NOW_LEDGER.csv","453"
"MUTATION_LANGUAGE",".\Jxhnny_Kl33N_Seedz\HOUSE_WORK\IDEA_CONCEPT_COLLECTION_ROOM\PAST_WEEK_20260524_20260531\RUN_20260531_141441\PAST_WEEK_IDEA_CONCEPT_SYNTHESIS_V1_20260531_NEXT_WORK_LEDGER.csv","372"
"MUTATION_LANGUAGE",".\_LOCAL_CUSTODY_N_RECEIPTS\RECYCLE_BIN_RECOVERY_20260604_203541\RECOVERED_ITEMS\ITEM_0001__123\123\Jxhnny_Kl33N_Seedz\HOUSE_WORK\INDEXES\CURRENT_HOUSE_WORK_STATUS.md","356"
"MUTATION_LANGUAGE",".\_LOCAL_CUSTODY_N_RECEIPTS\RECYCLE_BIN_RECOVERY_20260604_203541\RECOVERED_ITEMS\ITEM_0002__Teleporter137_\Teleporter137_\Jxhnny_Kl33N_Seedz\HOUSE_WORK\INDEXES\CURRENT_HOUSE_WORK_STATUS.md","356"
"MUTATION_LANGUAGE",".\Jxhnny_Kl33N_Seedz\PORCH_WATCHER\RECEIPTS\PORCH_MOVE_DROPPER_RECEIPT_20260522_162252.txt","354"
"MUTATION_LANGUAGE",".\_LOCAL_CUSTODY_N_RECEIPTS\RECYCLE_BIN_RECOVERY_20260604_203541\RECOVERED_ITEMS\ITEM_0002__Teleporter137_\Teleporter137_\Jxhnny_Kl33N_Seedz\PORCH_WATCHER\RECEIPTS\PORCH_MOVE_DROPPER_RECEIPT_20260522_162252.txt","354"
"MUTATION_LANGUAGE",".\_LOCAL_CUSTODY_N_RECEIPTS\RECYCLE_BIN_RECOVERY_20260604_203541\RECOVERED_ITEMS\ITEM_0001__123\123\Jxhnny_Kl33N_Seedz\PORCH_WATCHER\RECEIPTS\PORCH_MOVE_DROPPER_RECEIPT_20260522_162252.txt","354"
"MUTATION_LANGUAGE",".\Jxhnny_Kl33N_Seedz\PORCH_WATCHER\PLANS\PORCH_MOVE_DROPPER_PLAN_20260522_162252.csv","348"
"MUTATION_LANGUAGE",".\_LOCAL_CUSTODY_N_RECEIPTS\RECYCLE_BIN_RECOVERY_20260604_203541\RECOVERED_ITEMS\ITEM_0002__Teleporter137_\Teleporter137_\Jxhnny_Kl33N_Seedz\PORCH_WATCHER\PLANS\PORCH_MOVE_DROPPER_PLAN_20260522_162252.csv","348"
"MUTATION_LANGUAGE",".\_LOCAL_CUSTODY_N_RECEIPTS\RECYCLE_BIN_RECOVERY_20260604_203541\RECOVERED_ITEMS\ITEM_0001__123\123\Jxhnny_Kl33N_Seedz\PORCH_WATCHER\PLANS\PORCH_MOVE_DROPPER_PLAN_20260522_162252.csv","348"
"MUTATION_LANGUAGE",".\_LOCAL_CUSTODY_AND_RECEIPTS\ROOT_LEGACY_RESIDUE_PHASE2_20260603_234817\PARKED_PACKAGES_PENDING_REVIEW\HOUSE_DOCK_CONTROL_ROOM_SAVE_PACKET_V1\98_SOURCE_RAW\FINAL_RAW_PROGRESS.txt","348"
"MUTATION_LANGUAGE",".\_LOCAL_CUSTODY_AND_RECEIPTS\ROOT_LEGACY_RESIDUE_PHASE2_20260603_234817\PARKED_PACKAGES_PENDING_REVIEW\PARKING_GATE_CONTROL_SURFACE_V1\raw progress.txt","273"
"MUTATION_LANGUAGE",".\_LOCAL_CUSTODY_N_RECEIPTS\RECYCLE_BIN_RECOVERY_20260604_203541\RECOVERED_ITEMS\ITEM_0015__raw progress.txt\raw progress.txt","273"
"MUTATION_LANGUAGE",".\_LOCAL_CUSTODY_N_RECEIPTS\MULE_ORDER__WHY_WERE_RECOVERED_ITEMS_REMOVED__ALL_WAYS__20260604\WHY_REMOVED_CAUSE_LEDGER.csv","261"
"MUTATION_LANGUAGE",".\_SOURCE_RESEARCH_NOTES\ROOT_TEXT_DROPS_20260603\CONSUMED_BY_REPO_SAVE\nextmove.txt","253"
"MUTATION_LANGUAGE",".\_MISC_DRAWER\READ_REPORTS\LIVING_OBJECT_REGISTRY_V2_NAMED_GAPS_20260530_150820.csv","239"
"MUTATION_LANGUAGE",".\Jxhnny_Kl33N_Seedz\HOUSE_WORK\WORK_SHED\SORTING_BENCH\LIVING_OBJECT_REGISTRY_V2_FIRST_WAVE_REPAIR_PACKET_20260530\NAMED_GAPS_SOURCE_COPY.csv","238"
"MUTATION_LANGUAGE",".\_MISC_DRAWER\READ_REPORTS\LIVING_OBJECT_REGISTRY_V2_NAMED_GAPS_20260530_144824.csv","238"
"MUTATION_LANGUAGE",".\_MISC_DRAWER\READ_REPORTS\LIVING_OBJECT_REGISTRY_V2_NAMED_GAPS_20260530_144741.csv","238"
"MUTATION_LANGUAGE",".\Jxhnny_Kl33N_Seedz\HOUSE_WORK\GATE_RINGS\MASTER_EXPANDED_GATE_RING_20260524\MASTER_GATE_RING_3400_EXPANDED_ORDERED_CANDIDATE.md","210"
"MUTATION_LANGUAGE",".\Jxhnny_Kl33N_Seedz\HOUSE_WORK\GATE_RINGS\MASTER_EXPANDED_GATE_RING_20260524\PRE_RUN2_BASELINE_20260524_233000\MASTER_GATE_RING_3400_EXPANDED_ORDERED_CANDIDATE.md","210"
"MUTATION_LANGUAGE",".\_SOURCE_RESEARCH_NOTES\FILES.txt","167"
"MUTATION_LANGUAGE",".\Jxhnny_Kl33N_Seedz\HOUSE_WORK\IDEA_CONCEPT_COLLECTION_ROOM\PAST_WEEK_20260524_20260531\RUN_20260531_141441\PAST_WEEK_IDEA_CONCEPT_SYNTHESIS_V1_20260531_WANT_LATER_LEDGER.csv","166"
"MUTATION_LANGUAGE",".\Jxhnny_Kl33N_Seedz\HOUSE_WORK\GATE_RINGS\MASTER_500_GATE_RING_20260524\MASTER_GATE_RING_510_ORDERED_CANDIDATE.csv","142"
"MUTATION_LANGUAGE",".\Jxhnny_Kl33N_Seedz\HOUSE_WORK\GATE_RINGS\MASTER_500_GATE_RING_20260524\PRE_EXPANSION_BASELINE_20260524_225710\MASTER_GATE_RING_510_ORDERED_CANDIDATE.csv","142"
"MUTATION_LANGUAGE",".\Jxhnny_Kl33N_Seedz\SOURCE_ORE\USER_DROPS\ROOT_DROP_BIG_BOY_CHAT_20260525_031219\big_boy_chat.txt","140"
"MUTATION_LANGUAGE",".\Jxhnny_Kl33N_Seedz\SOURCE_ORE\USER_DROPS\ROOT_DOOR_CLEAR_BIG_BOY_SET_20260525_032347\big_boy_chat.txt","140"
"MUTATION_LANGUAGE",".\_LOCAL_CUSTODY_N_RECEIPTS\RECYCLE_BIN_RECOVERY_20260604_203541\RECOVERED_ITEMS\ITEM_0002__Teleporter137_\Teleporter137_\Jxhnny_Kl33N_Seedz\CleanSeedsBuild\PROOF_HISTORY\RECYCLE_BIN_QUARANTINE_20260510\RECYCLE_BIN_QUARANTINE_LEDGER_20260510.txt","129"
"MUTATION_LANGUAGE",".\Jxhnny_Kl33N_Seedz\CleanSeedsBuild\PROOF_HISTORY\RECYCLE_BIN_QUARANTINE_20260510\RECYCLE_BIN_QUARANTINE_LEDGER_20260510.txt","129"
"MUTATION_LANGUAGE",".\_LOCAL_CUSTODY_N_RECEIPTS\RECYCLE_BIN_RECOVERY_20260604_203541\RECOVERED_ITEMS\ITEM_0001__123\123\Jxhnny_Kl33N_Seedz\CleanSeedsBuild\PROOF_HISTORY\RECYCLE_BIN_QUARANTINE_20260510\RECYCLE_BIN_QUARANTINE_LEDGER_20260510.txt","129"
"MUTATION_LANGUAGE",".\Jxhnny_Kl33N_Seedz\CORE_GUIDE_BACKUPS\CORE_GUIDES_BEFORE_GATE_EVIDENCE_HOW_FOUND_DOCTRINE_WASH_20260524_043525\CLEAN_SEED_WRAP_GUIDE.txt","128"
"MUTATION_LANGUAGE",".\_LOCAL_CUSTODY_N_RECEIPTS\RECYCLE_BIN_RECOVERY_20260604_203541\RECOVERED_ITEMS\ITEM_0002__Teleporter137_\Teleporter137_\Jxhnny_Kl33N_Seedz\CORE_GUIDE_BACKUPS\CORE_GUIDES_BEFORE_GATE_EVIDENCE_HOW_FOUND_DOCTRINE_WASH_20260524_043525\CLEAN_SEED_WRAP_GUIDE.txt","128"
"MUTATION_LANGUAGE",".\Jxhnny_Kl33N_Seedz\ACTIVE_GUIDES\CLEAN_SEED_WRAP_GUIDE.txt","128"
"MUTATION_LANGUAGE",".\_LOCAL_CUSTODY_N_RECEIPTS\RECYCLE_BIN_RECOVERY_20260604_203541\RECOVERED_ITEMS\ITEM_0006__123\123\Jxhnny_Kl33N_Seedz\ACTIVE_GUIDES\CLEAN_SEED_WRAP_GUIDE.txt","128"
"MUTATION_LANGUAGE",".\_LOCAL_CUSTODY_N_RECEIPTS\RECYCLE_BIN_RECOVERY_20260604_203541\RECOVERED_ITEMS\ITEM_0001__123\123\Jxhnny_Kl33N_Seedz\CORE_GUIDE_BACKUPS\CORE_GUIDES_BEFORE_GATE_EVIDENCE_HOW_FOUND_DOCTRINE_WASH_20260524_043525\CLEAN_SEED_WRAP_GUIDE.txt","128"
"MUTATION_LANGUAGE",".\_LOCAL_CUSTODY_N_RECEIPTS\RECYCLE_BIN_RECOVERY_20260604_203541\RECOVERED_ITEMS\ITEM_0002__Teleporter137_\Teleporter137_\Jxhnny_Kl33N_Seedz\ACTIVE_GUIDES\CLEAN_SEED_WRAP_GUIDE.txt","128"
"MUTATION_LANGUAGE",".\_LOCAL_CUSTODY_N_RECEIPTS\RECYCLE_BIN_RECOVERY_20260604_203541\RECOVERED_ITEMS\ITEM_0001__123\123\Jxhnny_Kl33N_Seedz\ACTIVE_GUIDES\CLEAN_SEED_WRAP_GUIDE.txt","128"
"MUTATION_LANGUAGE",".\_MISC_DRAWER\EVIDENCE_FREEZE\CODE_GATE_AUDIT_COUNT_CROSSCHECK_20260528_005042\audit_outputs\CODE_GATE_RULING_QUALITY_AND_RULE_EXPANSION_AUDIT_V1_20260528_004845.md","111"
"MUTATION_LANGUAGE",".\_MISC_DRAWER\READ_REPORTS\CODE_GATE_RULING_QUALITY_AND_RULE_EXPANSION_AUDIT_V1_20260528_004845.md","111"
"MUTATION_LANGUAGE",".\_MISC_DRAWER\READ_REPORTS\CLONE_EVIDENCE_SCAN_ADAPTIVE_20260604_163650\CLONE_EVIDENCE_MATCHES_20260604_163650.csv","108"
"MUTATION_LANGUAGE",".\_LOCAL_CUSTODY_N_RECEIPTS\RECYCLE_BIN_RECOVERY_20260604_203541\RECOVERED_ITEMS\ITEM_0006__123\123\Jxhnny_Kl33N_Seedz\ACTIVE_GUIDES\CLEAN_SEED_ALIGNMENT_CHECK.txt","107"
"MUTATION_LANGUAGE",".\_LOCAL_CUSTODY_N_RECEIPTS\RECYCLE_BIN_RECOVERY_20260604_203541\RECOVERED_ITEMS\ITEM_0002__Teleporter137_\Teleporter137_\Jxhnny_Kl33N_Seedz\ACTIVE_GUIDES\CLEAN_SEED_ALIGNMENT_CHECK.txt","107"
"MUTATION_LANGUAGE",".\_LOCAL_CUSTODY_N_RECEIPTS\RECYCLE_BIN_RECOVERY_20260604_203541\RECOVERED_ITEMS\ITEM_0001__123\123\Jxhnny_Kl33N_Seedz\ACTIVE_GUIDES\CLEAN_SEED_ALIGNMENT_CHECK.txt","107"
"MUTATION_LANGUAGE",".\_LOCAL_CUSTODY_N_RECEIPTS\RECYCLE_BIN_RECOVERY_20260604_203541\RECOVERED_ITEMS\ITEM_0002__Teleporter137_\Teleporter137_\Jxhnny_Kl33N_Seedz\CORE_GUIDE_BACKUPS\CORE_GUIDES_BEFORE_GATE_EVIDENCE_HOW_FOUND_DOCTRINE_WASH_20260524_043525\CLEAN_SEED_ALIGNMENT_CHECK.txt","107"
"MUTATION_LANGUAGE",".\_LOCAL_CUSTODY_N_RECEIPTS\RECYCLE_BIN_RECOVERY_20260604_203541\RECOVERED_ITEMS\ITEM_0001__123\123\Jxhnny_Kl33N_Seedz\CORE_GUIDE_BACKUPS\CORE_GUIDES_BEFORE_GATE_EVIDENCE_HOW_FOUND_DOCTRINE_WASH_20260524_043525\CLEAN_SEED_ALIGNMENT_CHECK.txt","107"
"MUTATION_LANGUAGE",".\Jxhnny_Kl33N_Seedz\ACTIVE_GUIDES\CLEAN_SEED_ALIGNMENT_CHECK.txt","107"
"MUTATION_LANGUAGE",".\Jxhnny_Kl33N_Seedz\CORE_GUIDE_BACKUPS\CORE_GUIDES_BEFORE_GATE_EVIDENCE_HOW_FOUND_DOCTRINE_WASH_20260524_043525\CLEAN_SEED_ALIGNMENT_CHECK.txt","107"
"MUTATION_LANGUAGE",".\_MISC_DRAWER\READ_REPORTS\FULL_HOUSE_GATE_WASH_CYCLE_V1_1_20260530_095823.md","106"
"MUTATION_LANGUAGE",".\_MISC_DRAWER\READ_REPORTS\FULL_HOUSE_GATE_WASH_CYCLE_V1_1_FINDINGS_20260530_095730.csv","106"
"MUTATION_LANGUAGE",".\_MISC_DRAWER\READ_REPORTS\FULL_HOUSE_GATE_WASH_CYCLE_V1_1_FINDINGS_20260530_095823.csv","106"
"MUTATION_LANGUAGE",".\_MISC_DRAWER\READ_REPORTS\FULL_HOUSE_GATE_WASH_CYCLE_V1_1_20260530_095730.md","106"
"MUTATION_LANGUAGE",".\Jxhnny_Kl33N_Seedz\HOUSE_WORK\GATE_RINGS\MASTER_500_GATE_RING_20260524\PRE_EXPANSION_BASELINE_20260524_225710\MASTER_GATE_RING_510_ORDERED_CANDIDATE.md","104"
"MUTATION_LANGUAGE",".\Jxhnny_Kl33N_Seedz\HOUSE_WORK\GATE_RINGS\MASTER_500_GATE_RING_20260524\MASTER_GATE_RING_510_ORDERED_CANDIDATE.md","104"
"MUTATION_LANGUAGE",".\_LOCAL_CUSTODY_N_RECEIPTS\RECYCLE_BIN_RECOVERY_20260604_203541\RECOVERED_ITEMS\ITEM_0029__HELPER CAPABILITY BOUNDARIES_V1.5.txt\HELPER CAPABILITY BOUNDARIES_V1.5.txt","104"
"MUTATION_LANGUAGE",".\_SOURCE_RESEARCH_NOTES\Maxwell.txt","94"
"MUTATION_LANGUAGE",".\_LOCAL_CUSTODY_N_RECEIPTS\LOSSLESS_CUSTODY_ACCOUNTING_FAMILY_AUDIT_20260604\LOSSLESS_CUSTODY_DRIFT_RISK_HITS.csv","92"
"MUTATION_LANGUAGE",".\_MISC_DRAWER\READ_REPORTS\FULL_HOUSE_GATE_WASH_CHAIN_SUPERVISOR_V2_SELECTED_ROWS_20260530_095823.csv","90"
"MUTATION_LANGUAGE",".\_MISC_DRAWER\READ_REPORTS\DEEPER_HOUSE_RULES_ROOMS_TOOLS_RESOURCES_WALK_V2_20260528_010508.md","89"
"MUTATION_LANGUAGE",".\_LOCAL_CUSTODY_N_RECEIPTS\RECYCLE_BIN_RECOVERY_20260604_203541\RECOVERED_ITEMS\ITEM_0001__123\123\Jxhnny_Kl33N_Seedz\CleanSeedsBuild\PROOF_HISTORY\BACKUP_CLEAN_SEED_WRAP_GUIDE_BEFORE_LOCAL_FILE_LANE_LEAD_INSTALL_20260511.txt","86"
"MUTATION_LANGUAGE",".\_LOCAL_CUSTODY_N_RECEIPTS\RECYCLE_BIN_RECOVERY_20260604_203541\RECOVERED_ITEMS\ITEM_0006__123\123\Jxhnny_Kl33N_Seedz\CleanSeedsBuild\ACTIVE_GUIDES\CLEAN_SEED_WRAP_GUIDE.txt","86"
"MUTATION_LANGUAGE",".\_LOCAL_CUSTODY_N_RECEIPTS\RECYCLE_BIN_RECOVERY_20260604_203541\RECOVERED_ITEMS\ITEM_0001__123\123\Jxhnny_Kl33N_Seedz\CleanSeedsBuild\PROOF_HISTORY\BACKUP_CLEAN_SEED_WRAP_GUIDE_BEFORE_TINY_INSTALL_PACKET_SCOPE_COMPLETION_20260511.txt","86"
"MUTATION_LANGUAGE",".\_LOCAL_CUSTODY_N_RECEIPTS\RECYCLE_BIN_RECOVERY_20260604_203541\RECOVERED_ITEMS\ITEM_0006__123\123\Jxhnny_Kl33N_Seedz\CleanSeedsBuild\PROOF_HISTORY\BACKUP_CLEAN_SEED_WRAP_GUIDE_BEFORE_TINY_INSTALL_PACKET_SCOPE_COMPLETION_20260511.txt","86"
"MUTATION_LANGUAGE",".\_LOCAL_CUSTODY_N_RECEIPTS\RECYCLE_BIN_RECOVERY_20260604_203541\RECOVERED_ITEMS\ITEM_0006__123\123\Jxhnny_Kl33N_Seedz\CleanSeedsBuild\PROOF_HISTORY\BACKUP_CLEAN_SEED_WRAP_GUIDE_BEFORE_LOCAL_FILE_LANE_LEAD_INSTALL_20260511.txt","86"
"MUTATION_LANGUAGE",".\_LOCAL_CUSTODY_N_RECEIPTS\RECYCLE_BIN_RECOVERY_20260604_203541\RECOVERED_ITEMS\ITEM_0001__123\123\Jxhnny_Kl33N_Seedz\CleanSeedsBuild\ACTIVE_GUIDES\CLEAN_SEED_WRAP_GUIDE.txt","86"
"MUTATION_LANGUAGE",".\Jxhnny_Kl33N_Seedz\CleanSeedsBuild\ACTIVE_GUIDES\CLEAN_SEED_WRAP_GUIDE.txt","86"
"MUTATION_LANGUAGE",".\_LOCAL_CUSTODY_N_RECEIPTS\RECYCLE_BIN_RECOVERY_20260604_203541\RECOVERED_ITEMS\ITEM_0002__Teleporter137_\Teleporter137_\Jxhnny_Kl33N_Seedz\CleanSeedsBuild\PROOF_HISTORY\BACKUP_CLEAN_SEED_WRAP_GUIDE_BEFORE_TINY_INSTALL_PACKET_SCOPE_COMPLETION_20260511.txt","86"
"MUTATION_LANGUAGE",".\_LOCAL_CUSTODY_N_RECEIPTS\RECYCLE_BIN_RECOVERY_20260604_203541\RECOVERED_ITEMS\ITEM_0002__Teleporter137_\Teleporter137_\Jxhnny_Kl33N_Seedz\CleanSeedsBuild\ACTIVE_GUIDES\CLEAN_SEED_WRAP_GUIDE.txt","86"
"MUTATION_LANGUAGE",".\_LOCAL_CUSTODY_N_RECEIPTS\RECYCLE_BIN_RECOVERY_20260604_203541\RECOVERED_ITEMS\ITEM_0002__Teleporter137_\Teleporter137_\Jxhnny_Kl33N_Seedz\CleanSeedsBuild\PROOF_HISTORY\BACKUP_CLEAN_SEED_WRAP_GUIDE_BEFORE_LOCAL_FILE_LANE_LEAD_INSTALL_20260511.txt","86"
"MUTATION_LANGUAGE",".\Jxhnny_Kl33N_Seedz\CleanSeedsBuild\PROOF_HISTORY\BACKUP_CLEAN_SEED_WRAP_GUIDE_BEFORE_TINY_INSTALL_PACKET_SCOPE_COMPLETION_20260511.txt","86"
"MUTATION_LANGUAGE",".\Jxhnny_Kl33N_Seedz\CleanSeedsBuild\PROOF_HISTORY\BACKUP_CLEAN_SEED_WRAP_GUIDE_BEFORE_LOCAL_FILE_LANE_LEAD_INSTALL_20260511.txt","86"
"MUTATION_LANGUAGE",".\_LOCAL_CUSTODY_N_RECEIPTS\RECYCLE_BIN_RECOVERY_20260604_203541\RECOVERED_ITEMS\ITEM_0002__Teleporter137_\Teleporter137_\Jxhnny_Kl33N_Seedz\PROOF_HISTORY\DESKTOP_DROP_FOLDER_INTAKE_ARCHIVE_20260511\Clean_Milk_FRESH_ASSESSMENT_DROP_20260511_004711\CLEAN_SEED_WRAP_GUIDE.txt","85"
"MUTATION_LANGUAGE",".\_LOCAL_CUSTODY_N_RECEIPTS\RECYCLE_BIN_RECOVERY_20260604_203541\RECOVERED_ITEMS\ITEM_0001__123\123\Jxhnny_Kl33N_Seedz\CleanSeedsBuild\PROOF_HISTORY\BACKUP_CLEAN_SEED_WRAP_GUIDE_BEFORE_TINY_WORKING_PATH_INSTALL_20260511.txt","85"
"MUTATION_LANGUAGE",".\Jxhnny_Kl33N_Seedz\CleanSeedsBuild\PROOF_HISTORY\BACKUP_CLEAN_SEED_WRAP_GUIDE_BEFORE_TINY_WORKING_PATH_INSTALL_20260511.txt","85"
"MUTATION_LANGUAGE",".\_LOCAL_CUSTODY_N_RECEIPTS\RECYCLE_BIN_RECOVERY_20260604_203541\RECOVERED_ITEMS\ITEM_0001__123\123\Jxhnny_Kl33N_Seedz\PROOF_HISTORY\DESKTOP_DROP_FOLDER_INTAKE_ARCHIVE_20260511\Clean_Milk_FRESH_ASSESSMENT_DROP_20260511_004711\CLEAN_SEED_WRAP_GUIDE.txt","85"
"MUTATION_LANGUAGE",".\_LOCAL_CUSTODY_N_RECEIPTS\RECYCLE_BIN_RECOVERY_20260604_203541\RECOVERED_ITEMS\ITEM_0002__Teleporter137_\Teleporter137_\Jxhnny_Kl33N_Seedz\CleanSeedsBuild\PROOF_HISTORY\DESKTOP_DROP_FOLDER_INTAKE_ARCHIVE_20260511\Clean_Milk_FRESH_ASSESSMENT_DROP_20260511_004711\CLEAN_SEED_WRAP_GUIDE.txt","85"
"MUTATION_FLAG_TRUE",".\_LOCAL_CUSTODY_N_RECEIPTS\RECYCLE_BIN_RECOVERY_20260604_203541\RECOVERED_ITEMS\ITEM_0001__123\123\Jxhnny_Kl33N_Seedz\PROOF_HISTORY\CURRENT_HOUSE_WORK_STATUS_FOG_FINAL_SYNC_RECEIPT_20260518.txt","1"
"MUTATION_FLAG_TRUE",".\_LOCAL_CUSTODY_N_RECEIPTS\RECYCLE_BIN_RECOVERY_20260604_203541\RECOVERED_ITEMS\ITEM_0002__Teleporter137_\Teleporter137_\Jxhnny_Kl33N_Seedz\PROOF_HISTORY\LIFECYCLE_STATE_CLARIFIER_RECEIPT_20260518.txt","1"
"MUTATION_FLAG_TRUE",".\_MISC_DRAWER\READ_REPORTS\DEEPER_HOUSE_RULES_ROOMS_TOOLS_RESOURCES_GAP_LEDGER_V2_20260528_010508.csv","1"
"MUTATION_FLAG_TRUE",".\_LOCAL_CUSTODY_N_RECEIPTS\RECYCLE_BIN_RECOVERY_20260604_203541\RECOVERED_ITEMS\ITEM_0001__123\123\Jxhnny_Kl33N_Seedz\PROOF_HISTORY\ANCHOR_AFTER_FRONT_SHELF_REVIEW_PROOF_PHASE_RECEIPT_20260518.txt","1"
"MUTATION_FLAG_TRUE",".\Jxhnny_Kl33N_Seedz\HOUSE_WORK\IDEA_CONCEPT_COLLECTION_ROOM\PAST_WEEK_20260524_20260531\RUN_20260531_141441\PAST_WEEK_IDEA_CONCEPT_CAPTURE_V1_20260531_CONCEPT_SIGNAL_LEDGER.csv","1"
"MUTATION_FLAG_TRUE",".\Jxhnny_Kl33N_Seedz\PROOF_HISTORY\LIFECYCLE_STATE_CLARIFIER_RECEIPT_20260518.txt","1"
"MUTATION_FLAG_TRUE",".\_TOOLS_AND_SCRIPTS\SAVE_SCRIPTS\ROOT_CLEANOUT_SCRIPTS_20260530_200709\LOCK_SAVE_HELPER_GROWTH_CHAIN_FLIGHT_RECORDER_CHECKPOINT_V1.2.ps1","1"
"MUTATION_FLAG_TRUE",".\_MISC_DRAWER\READ_REPORTS\DEEPER_HOUSE_RULES_ROOMS_TOOLS_RESOURCES_SIGNAL_LEDGER_V2_20260528_010508.csv","1"
"MUTATION_FLAG_TRUE",".\Jxhnny_Kl33N_Seedz\HOUSE_WORK\IDEA_CONCEPT_COLLECTION_ROOM\PAST_WEEK_20260524_20260531\RUN_20260531_141441\PAST_WEEK_IDEA_CONCEPT_SYNTHESIS_V1_20260531_WANT_LATER_LEDGER.csv","1"
"MUTATION_FLAG_TRUE",".\HOUSE_WORK\PROJECT_COMMAND_CENTER_UI_LANE\CHUNKED_ACCEPTANCE_GROWTH_REVIEW_20260606\MULE_RECEIPT__CHUNKED_ACCEPTANCE_GROWTH_REVIEW_DUAL_COMMAND_CENTER_AND_PROTOCOL_20260606.md","1"
"MUTATION_FLAG_TRUE",".\_MISC_DRAWER\READ_REPORTS\POWERSHELL_CODE_GATE_RUNNER_REPORT_V1.3_20260528_194415_LOCK_SAVE_HOUSE_KEYRING_GRAPH_V1.ps1.md","1"
"MUTATION_FLAG_TRUE",".\_MISC_DRAWER\READ_REPORTS\POWERSHELL_CODE_GATE_RUNNER_REPORT_V1.3_20260528_192321_LOCK_SAVE_LANE_LOCKED_MANIFEST_STAGING_V1.ps1.md","1"
"MUTATION_FLAG_TRUE",".\_MISC_DRAWER\READ_REPORTS\DEEPER_HOUSE_RULES_ROOMS_TOOLS_RESOURCES_FILE_LEDGER_V2_20260528_010508.csv","1"
"MUTATION_FLAG_TRUE",".\_LOCAL_CUSTODY_N_RECEIPTS\LOSSLESS_CUSTODY_ACCOUNTING_FAMILY_AUDIT_20260604\LOSSLESS_CUSTODY_FOCUSED_RULE_CONCEPT_INDEX.csv","1"
"MUTATION_FLAG_TRUE",".\Jxhnny_Kl33N_Seedz\PROOF_HISTORY\HELPER_GROWTH_CHAIN_FLIGHT_RECORDER_CHECKPOINT_RECEIPT_20260530_20260530_003810.txt","1"
"MUTATION_FLAG_TRUE",".\HOUSE_WORK\PROJECT_COMMAND_CENTER_UI_LANE\CHUNKED_ACCEPTANCE_GROWTH_REVIEW_20260606\BATCH_01_PACKET_FIT_MAP__DUAL_COMMAND_CENTER_AND_PROTOCOL_20260606.md","1"
"MUTATION_FLAG_TRUE",".\_LOCAL_CUSTODY_N_RECEIPTS\RECYCLE_BIN_RECOVERY_20260604_203541\RECOVERED_ITEMS\ITEM_0001__123\123\Jxhnny_Kl33N_Seedz\PROOF_HISTORY\LIFECYCLE_STATE_CLARIFIER_RECEIPT_20260518.txt","1"
"MUTATION_FLAG_TRUE",".\_LOCAL_CUSTODY_N_RECEIPTS\RECYCLE_BIN_RECOVERY_20260604_203541\RECOVERED_ITEMS\ITEM_0001__123\123\Jxhnny_Kl33N_Seedz\PROOF_HISTORY\TODO_TRACE_TRIAGE_GATE_INSTALL_RECEIPT_20260518.txt","1"
"MUTATION_FLAG_TRUE",".\HOUSE_WORK\PROJECT_COMMAND_CENTER_UI_LANE\ROOT_INTAKE_RECEIPT__ROOT_SOURCE_DROPS_PLACED_20260606.md","1"
"MUTATION_FLAG_TRUE",".\HOUSE_WORK\PROJECT_COMMAND_CENTER_UI_LANE\DUAL_COMMAND_CENTER_L0_REVIEW_PACKET_20260606\SOURCE_RAW\OUTSIDE_ASSISTANT_COOPERATION_INDEX_V0_2_SOURCE_TO_LIVE_L0_CUSTODY_CHAIN_RAW_20260605.md","1"
"MUTATION_FLAG_TRUE",".\Jxhnny_Kl33N_Seedz\PROOF_HISTORY\TODO_TRACE_TRIAGE_GATE_INSTALL_RECEIPT_20260518.txt","1"
"MUTATION_FLAG_TRUE",".\Jxhnny_Kl33N_Seedz\PROOF_HISTORY\CURRENT_HOUSE_WORK_STATUS_FOG_FINAL_SYNC_RECEIPT_20260518.txt","1"
"MUTATION_FLAG_TRUE",".\_LOCAL_CUSTODY_AND_RECEIPTS\COMMAND_CENTER\ROOT_COMMAND_CENTER_20260530\RECEIPTS\INSTALL_CODE_GATE_RUNNER_V1.4_WRAPPER_RECEIPT_20260527_230604.txt","1"
"MUTATION_FLAG_TRUE",".\HOUSE_WORK\PROJECT_COMMAND_CENTER_UI_LANE\HELPER_FILE_EXPOSURE_AND_33RD_PRIVATE_WORK_PROTOCOL_V0_1_20260606\MULE_RECEIPT__WORKING_ORDER_REVIEW_AND_ROOT_PLACEMENT_20260606.md","1"
"MUTATION_FLAG_TRUE",".\_TOOLS_AND_SCRIPTS\SAVE_SCRIPTS\ROOT_CLEANOUT_SCRIPTS_20260530_200709\LOCK_SAVE_HELPER_GROWTH_CHAIN_FLIGHT_RECORDER_CHECKPOINT_V1.ps1","1"
"MUTATION_FLAG_TRUE",".\Jxhnny_Kl33N_Seedz\PROOF_HISTORY\ANCHOR_AFTER_FRONT_SHELF_REVIEW_PROOF_PHASE_RECEIPT_20260518.txt","1"
"MUTATION_FLAG_TRUE",".\Jxhnny_Kl33N_Seedz\HOUSE_WORK\IDEA_CONCEPT_COLLECTION_ROOM\PAST_WEEK_20260524_20260531\RUN_20260531_141441\PAST_WEEK_IDEA_CONCEPT_SYNTHESIS_V1_20260531_UNIQUE_CONCEPTS_LEDGER.csv","1"
"MUTATION_FLAG_TRUE",".\_TOOLS_AND_SCRIPTS\SAVE_SCRIPTS\ROOT_CLEANOUT_SCRIPTS_20260530_200709\LOCK_SAVE_HELPER_GROWTH_CHAIN_FLIGHT_RECORDER_CHECKPOINT_V1.1.ps1","1"
"MUTATION_FLAG_TRUE",".\_LOCAL_CUSTODY_N_RECEIPTS\RECYCLE_BIN_RECOVERY_20260604_203541\RECOVERED_ITEMS\ITEM_0002__Teleporter137_\Teleporter137_\Jxhnny_Kl33N_Seedz\PROOF_HISTORY\ANCHOR_AFTER_FRONT_SHELF_REVIEW_PROOF_PHASE_RECEIPT_20260518.txt","1"
"MUTATION_FLAG_TRUE",".\_LOCAL_CUSTODY_N_RECEIPTS\RECYCLE_BIN_RECOVERY_20260604_203541\RECOVERED_ITEMS\ITEM_0002__Teleporter137_\Teleporter137_\Jxhnny_Kl33N_Seedz\PROOF_HISTORY\TODO_TRACE_TRIAGE_GATE_INSTALL_RECEIPT_20260518.txt","1"
"MUTATION_FLAG_TRUE",".\_LOCAL_CUSTODY_N_RECEIPTS\RECYCLE_BIN_RECOVERY_20260604_203541\RECOVERED_ITEMS\ITEM_0002__Teleporter137_\Teleporter137_\Jxhnny_Kl33N_Seedz\PROOF_HISTORY\CURRENT_HOUSE_WORK_STATUS_FOG_FINAL_SYNC_RECEIPT_20260518.txt","1"
"AUTHORITY_SURFACE",".\_MISC_DRAWER\READ_REPORTS\FULL_HOUSE_GATE_WASH_SINGLE_COMMAND_SUPERVISOR_V3_FINDINGS_20260530_105329.csv","46173"
"AUTHORITY_SURFACE",".\_MISC_DRAWER\READ_REPORTS\FULL_HOUSE_GATE_WASH_SINGLE_COMMAND_SUPERVISOR_V3_FINDINGS_20260530_105416.csv","46173"
"AUTHORITY_SURFACE",".\Jxhnny_Kl33N_Seedz\HOUSE_WORK\GATE_RINGS\HOUSE_GATE_WASH_RUN_20260524\NO_CONSOLIDATOR_WAVE_CONTRIBUTIONS_5X.csv","12275"
"AUTHORITY_SURFACE",".\Jxhnny_Kl33N_Seedz\HOUSE_WORK\GATE_RINGS\MASTER_EXPANDED_GATE_RING_RUN2_10200_20260524\MASTER_GATE_RING_10200_RUN2_ORDERED_CANDIDATE.md","10355"
"AUTHORITY_SURFACE",".\_MISC_DRAWER\READ_REPORTS\DEEPER_HOUSE_RULES_ROOMS_TOOLS_RESOURCES_SIGNAL_LEDGER_V2_20260528_010508.csv","10349"
"AUTHORITY_SURFACE",".\Jxhnny_Kl33N_Seedz\HOUSE_WORK\GATE_RINGS\MASTER_EXPANDED_GATE_RING_RUN2_10200_20260524\MASTER_GATE_RING_10200_RUN2_ORDERED_CANDIDATE.csv","10200"
"AUTHORITY_SURFACE",".\Jxhnny_Kl33N_Seedz\HOUSE_WORK\IDEA_CONCEPT_COLLECTION_ROOM\PAST_WEEK_20260524_20260531\RUN_20260531_141441\PAST_WEEK_IDEA_CONCEPT_CAPTURE_V1_20260531_CONCEPT_SIGNAL_LEDGER.csv","6157"
"AUTHORITY_SURFACE",".\_MISC_DRAWER\READ_REPORTS\SOLUTION_TO_CONCEPT_PROPAGATION_LEDGER_V0.1_20260527_211808.csv","4601"
"AUTHORITY_SURFACE",".\Jxhnny_Kl33N_Seedz\HOUSE_WORK\IDEA_CONCEPT_COLLECTION_ROOM\PAST_WEEK_20260524_20260531\RUN_20260531_141441\PAST_WEEK_IDEA_CONCEPT_SYNTHESIS_V1_20260531_UNIQUE_CONCEPTS_LEDGER.csv","4024"
"AUTHORITY_SURFACE",".\Jxhnny_Kl33N_Seedz\HOUSE_WORK\GATE_RINGS\MASTER_EXPANDED_GATE_RING_20260524\PRE_RUN2_BASELINE_20260524_233000\MASTER_GATE_RING_3400_EXPANDED_ORDERED_CANDIDATE.md","3471"
"AUTHORITY_SURFACE",".\Jxhnny_Kl33N_Seedz\HOUSE_WORK\GATE_RINGS\MASTER_EXPANDED_GATE_RING_20260524\MASTER_GATE_RING_3400_EXPANDED_ORDERED_CANDIDATE.md","3471"
"AUTHORITY_SURFACE",".\Jxhnny_Kl33N_Seedz\HOUSE_WORK\GATE_RINGS\MASTER_EXPANDED_GATE_RING_20260524\MASTER_GATE_RING_3400_EXPANDED_ORDERED_CANDIDATE.csv","3400"
"AUTHORITY_SURFACE",".\Jxhnny_Kl33N_Seedz\HOUSE_WORK\GATE_RINGS\MASTER_EXPANDED_GATE_RING_20260524\PRE_RUN2_BASELINE_20260524_233000\MASTER_GATE_RING_3400_EXPANDED_ORDERED_CANDIDATE.csv","3400"
"AUTHORITY_SURFACE",".\_MISC_DRAWER\READ_REPORTS\DEEPER_HOUSE_RULES_ROOMS_TOOLS_RESOURCES_FILE_LEDGER_V2_20260528_010508.csv","2601"
"AUTHORITY_SURFACE",".\HOUSE_WORK\PROJECT_COMMAND_CENTER_UI_LANE\DUAL_COMMAND_CENTER_L0_REVIEW_PACKET_20260606\SOURCE_RAW\OUTSIDE_ASSISTANT_COOPERATION_INDEX_V0_2_SOURCE_TO_LIVE_L0_CUSTODY_CHAIN_RAW_20260605.md","2485"
"AUTHORITY_SURFACE",".\_MISC_DRAWER\READ_REPORTS\LEGACY_HELPER_PATH_LOCATOR_V1.3_20260527_215450.csv","2098"
"AUTHORITY_SURFACE",".\_MISC_DRAWER\READ_REPORTS\DEEPER_HOUSE_RULES_ROOMS_TOOLS_RESOURCES_GAP_LEDGER_V2_20260528_010508.csv","1911"
"AUTHORITY_SURFACE",".\_LOCAL_CUSTODY_N_RECEIPTS\LOSSLESS_CUSTODY_ACCOUNTING_FAMILY_AUDIT_20260604\LOSSLESS_CUSTODY_FOCUSED_RULE_CONCEPT_INDEX.csv","1761"
"AUTHORITY_SURFACE",".\_MISC_DRAWER\READ_REPORTS\FULL_HOUSE_GATE_WASH_CYCLE_V1_1_FINDINGS_20260530_095730.csv","1239"
"AUTHORITY_SURFACE",".\_MISC_DRAWER\READ_REPORTS\FULL_HOUSE_GATE_WASH_CYCLE_V1_1_FINDINGS_20260530_095823.csv","1239"
"AUTHORITY_SURFACE",".\Jxhnny_Kl33N_Seedz\HOUSE_WORK\IDEA_CONCEPT_COLLECTION_ROOM\PAST_WEEK_20260524_20260531\RUN_20260531_141441\PAST_WEEK_IDEA_CONCEPT_SYNTHESIS_V1_20260531_USE_NOW_LEDGER.csv","787"
"AUTHORITY_SURFACE",".\_LOCAL_CUSTODY_N_RECEIPTS\RECYCLE_BIN_RECOVERY_20260604_203541\RECOVERED_ITEMS\ITEM_0014__RAW_CARD_COLLECTION.txt\RAW_CARD_COLLECTION.txt","698"
"AUTHORITY_SURFACE",".\_LOCAL_CUSTODY_AND_RECEIPTS\ROOT_LEGACY_RESIDUE_PHASE2_20260603_234817\PARKED_PACKAGES_PENDING_REVIEW\LOWER_CAUSE_SEARCH_METHOD_LAB_20260601\RAW_WORK\RAW_CARD_COLLECTION.txt","698"
"AUTHORITY_SURFACE",".\_LOCAL_CUSTODY_N_RECEIPTS\RECYCLE_BIN_RECOVERY_20260604_203541\RECOVERED_ITEMS\ITEM_0015__raw progress.txt\raw progress.txt","530"
"AUTHORITY_SURFACE",".\_LOCAL_CUSTODY_AND_RECEIPTS\ROOT_LEGACY_RESIDUE_PHASE2_20260603_234817\PARKED_PACKAGES_PENDING_REVIEW\PARKING_GATE_CONTROL_SURFACE_V1\raw progress.txt","530"
"AUTHORITY_SURFACE",".\_MISC_DRAWER\READ_REPORTS\LIVING_OBJECT_REGISTRY_V2_NAMED_GAPS_20260530_144824.csv","517"
"AUTHORITY_SURFACE",".\Jxhnny_Kl33N_Seedz\HOUSE_WORK\WORK_SHED\SORTING_BENCH\LIVING_OBJECT_REGISTRY_V2_FIRST_WAVE_REPAIR_PACKET_20260530\NAMED_GAPS_SOURCE_COPY.csv","517"
"AUTHORITY_SURFACE",".\_MISC_DRAWER\READ_REPORTS\LIVING_OBJECT_REGISTRY_V2_NAMED_GAPS_20260530_144741.csv","517"
"AUTHORITY_SURFACE",".\Jxhnny_Kl33N_Seedz\HOUSE_WORK\GATE_RINGS\MASTER_500_GATE_RING_20260524\PRE_EXPANSION_BASELINE_20260524_225710\MASTER_GATE_RING_510_ORDERED_CANDIDATE.csv","510"
"AUTHORITY_SURFACE",".\Jxhnny_Kl33N_Seedz\HOUSE_WORK\GATE_RINGS\MASTER_500_GATE_RING_20260524\MASTER_GATE_RING_510_ORDERED_CANDIDATE.csv","510"
"AUTHORITY_SURFACE",".\_MISC_DRAWER\READ_REPORTS\CLONE_EVIDENCE_SCAN_ADAPTIVE_20260604_163650\CLONE_EVIDENCE_MATCHES_20260604_163650.csv","490"
"AUTHORITY_SURFACE",".\_MISC_DRAWER\READ_REPORTS\LIVING_OBJECT_REGISTRY_V2_NAMED_GAPS_20260530_150820.csv","490"
"AUTHORITY_SURFACE",".\_MISC_DRAWER\READ_REPORTS\RULE_EXPANSION_ROPE_LEDGER_V0.4_20260527_204552.csv","456"
"AUTHORITY_SURFACE",".\_LOCAL_CUSTODY_AND_RECEIPTS\ROOT_LEGACY_RESIDUE_PHASE2_20260603_234817\PARKED_PACKAGES_PENDING_REVIEW\HOUSE_DOCK_CONTROL_ROOM_SAVE_PACKET_V1\98_SOURCE_RAW\FINAL_RAW_PROGRESS.txt","406"
"AUTHORITY_SURFACE",".\_LOCAL_CUSTODY_N_RECEIPTS\RECYCLE_BIN_RECOVERY_20260604_203541\RECOVERED_ITEMS\ITEM_0002__Teleporter137_\Teleporter137_\Jxhnny_Kl33N_Seedz\HOUSE_WORK\INDEXES\CURRENT_HOUSE_WORK_STATUS.md","403"
"AUTHORITY_SURFACE",".\_LOCAL_CUSTODY_N_RECEIPTS\RECYCLE_BIN_RECOVERY_20260604_203541\RECOVERED_ITEMS\ITEM_0001__123\123\Jxhnny_Kl33N_Seedz\HOUSE_WORK\INDEXES\CURRENT_HOUSE_WORK_STATUS.md","403"
"AUTHORITY_SURFACE",".\_LOCAL_CUSTODY_N_RECEIPTS\RECYCLE_BIN_RECOVERY_20260604_203541\RECOVERED_ITEMS\ITEM_0024__.petmpE1D55D\.petmpE1D55D\01_SOURCE_DRAFT\HELPER_CAPABILITY_SYSTEM_V2_3_FULL_SOURCE_DRAFT.md","366"
"AUTHORITY_SURFACE",".\_LOCAL_CUSTODY_AND_RECEIPTS\ROOT_LOOSE_DOCS_20260531_033722\HELPER CAPABILITY SYSTEM_V2.3.txt","366"
"AUTHORITY_SURFACE",".\_LOCAL_CUSTODY_AND_RECEIPTS\ROOT_LEGACY_RESIDUE_PHASE2_20260603_234817\PARKED_PACKAGES_PENDING_REVIEW\HELPER_CAPABILITY_SYSTEM_V2_3_HOUSE_HARNESS_PACK_V0_2\01_SOURCE_DRAFT\HELPER_CAPABILITY_SYSTEM_V2_3_FULL_SOURCE_DRAFT.md","366"
"AUTHORITY_SURFACE",".\_LOCAL_CUSTODY_AND_RECEIPTS\ROOT_LEGACY_RESIDUE_PHASE2_20260603_234817\PARKED_PACKAGES_PENDING_REVIEW\HELPER_CAPABILITY_SYSTEM_V2_3_HOUSE_HARNESS_PACK_V0_2\SOURCE_DRAFT_PACKAGE\01_SOURCE_DRAFT\HELPER_CAPABILITY_SYSTEM_V2_3_FULL_SOURCE_DRAFT.md","366"
"AUTHORITY_SURFACE",".\Jxhnny_Kl33N_Seedz\HOUSE_WORK\IDEA_CONCEPT_COLLECTION_ROOM\PAST_WEEK_20260524_20260531\RUN_20260531_141441\PAST_WEEK_IDEA_CONCEPT_SYNTHESIS_V1_20260531_NEXT_WORK_LEDGER.csv","364"
"AUTHORITY_SURFACE",".\Jxhnny_Kl33N_Seedz\HOUSE_WORK\IDEA_CONCEPT_COLLECTION_ROOM\PAST_WEEK_20260524_20260531\RUN_20260531_141441\PAST_WEEK_IDEA_CONCEPT_SYNTHESIS_V1_20260531_WANT_LATER_LEDGER.csv","351"
"AUTHORITY_SURFACE",".\_SOURCE_RESEARCH_NOTES\ROOT_TEXT_DROPS_20260603\CONSUMED_BY_REPO_SAVE\nextmove.txt","299"
"AUTHORITY_SURFACE",".\Jxhnny_Kl33N_Seedz\SOURCE_ORE\USER_DROPS\ROOT_DOOR_CLEAR_BIG_BOY_SET_20260525_032347\big_boy_chat.txt","296"
"AUTHORITY_SURFACE",".\Jxhnny_Kl33N_Seedz\SOURCE_ORE\USER_DROPS\ROOT_DROP_BIG_BOY_CHAT_20260525_031219\big_boy_chat.txt","296"
"AUTHORITY_SURFACE",".\_MISC_DRAWER\READ_REPORTS\RULE_EXPANSION_ROPE_LEDGER_V0.3_20260527_204138.csv","291"
"AUTHORITY_SURFACE",".\Jxhnny_Kl33N_Seedz\ACTIVE_GUIDES\CLEAN_SEED_ALIGNMENT_CHECK.txt","282"
"AUTHORITY_SURFACE",".\_LOCAL_CUSTODY_N_RECEIPTS\RECYCLE_BIN_RECOVERY_20260604_203541\RECOVERED_ITEMS\ITEM_0006__123\123\Jxhnny_Kl33N_Seedz\ACTIVE_GUIDES\CLEAN_SEED_ALIGNMENT_CHECK.txt","282"
"AUTHORITY_SURFACE",".\_LOCAL_CUSTODY_N_RECEIPTS\RECYCLE_BIN_RECOVERY_20260604_203541\RECOVERED_ITEMS\ITEM_0002__Teleporter137_\Teleporter137_\Jxhnny_Kl33N_Seedz\ACTIVE_GUIDES\CLEAN_SEED_ALIGNMENT_CHECK.txt","282"
"AUTHORITY_SURFACE",".\_LOCAL_CUSTODY_N_RECEIPTS\RECYCLE_BIN_RECOVERY_20260604_203541\RECOVERED_ITEMS\ITEM_0001__123\123\Jxhnny_Kl33N_Seedz\ACTIVE_GUIDES\CLEAN_SEED_ALIGNMENT_CHECK.txt","282"
"AUTHORITY_SURFACE",".\_LOCAL_CUSTODY_N_RECEIPTS\RECYCLE_BIN_RECOVERY_20260604_203541\RECOVERED_ITEMS\ITEM_0002__Teleporter137_\Teleporter137_\Jxhnny_Kl33N_Seedz\CORE_GUIDE_BACKUPS\CORE_GUIDES_BEFORE_GATE_EVIDENCE_HOW_FOUND_DOCTRINE_WASH_20260524_043525\CLEAN_SEED_ALIGNMENT_CHECK.txt","273"
"AUTHORITY_SURFACE",".\Jxhnny_Kl33N_Seedz\CORE_GUIDE_BACKUPS\CORE_GUIDES_BEFORE_GATE_EVIDENCE_HOW_FOUND_DOCTRINE_WASH_20260524_043525\CLEAN_SEED_ALIGNMENT_CHECK.txt","273"
"AUTHORITY_SURFACE",".\_LOCAL_CUSTODY_N_RECEIPTS\RECYCLE_BIN_RECOVERY_20260604_203541\RECOVERED_ITEMS\ITEM_0001__123\123\Jxhnny_Kl33N_Seedz\CORE_GUIDE_BACKUPS\CORE_GUIDES_BEFORE_GATE_EVIDENCE_HOW_FOUND_DOCTRINE_WASH_20260524_043525\CLEAN_SEED_ALIGNMENT_CHECK.txt","273"
"AUTHORITY_SURFACE",".\_LOCAL_CUSTODY_N_RECEIPTS\MULE_ORDER__WHY_WERE_RECOVERED_ITEMS_REMOVED__ALL_WAYS__20260604\WHY_REMOVED_CAUSE_LEDGER.csv","261"
"AUTHORITY_SURFACE",".\_LOCAL_CUSTODY_N_RECEIPTS\RECYCLE_BIN_RECOVERY_20260604_203541\RECOVERED_ITEMS\ITEM_0002__Teleporter137_\Teleporter137_\Jxhnny_Kl33N_Seedz\ACTIVE_GUIDES\CLEAN_SEED_WRAP_GUIDE.txt","255"
"AUTHORITY_SURFACE",".\_LOCAL_CUSTODY_N_RECEIPTS\RECYCLE_BIN_RECOVERY_20260604_203541\RECOVERED_ITEMS\ITEM_0006__123\123\Jxhnny_Kl33N_Seedz\ACTIVE_GUIDES\CLEAN_SEED_WRAP_GUIDE.txt","255"
"AUTHORITY_SURFACE",".\Jxhnny_Kl33N_Seedz\ACTIVE_GUIDES\CLEAN_SEED_WRAP_GUIDE.txt","255"
"AUTHORITY_SURFACE",".\_LOCAL_CUSTODY_N_RECEIPTS\RECYCLE_BIN_RECOVERY_20260604_203541\RECOVERED_ITEMS\ITEM_0001__123\123\Jxhnny_Kl33N_Seedz\ACTIVE_GUIDES\CLEAN_SEED_WRAP_GUIDE.txt","255"
"AUTHORITY_SURFACE",".\Jxhnny_Kl33N_Seedz\CleanSeedsBuild\ACTIVE_GUIDES\CLEAN_SEED_ALIGNMENT_CHECK.txt","252"
"AUTHORITY_SURFACE",".\_LOCAL_CUSTODY_N_RECEIPTS\RECYCLE_BIN_RECOVERY_20260604_203541\RECOVERED_ITEMS\ITEM_0001__123\123\Jxhnny_Kl33N_Seedz\CleanSeedsBuild\ACTIVE_GUIDES\CLEAN_SEED_ALIGNMENT_CHECK.txt","252"
"AUTHORITY_SURFACE",".\_LOCAL_CUSTODY_N_RECEIPTS\RECYCLE_BIN_RECOVERY_20260604_203541\RECOVERED_ITEMS\ITEM_0006__123\123\Jxhnny_Kl33N_Seedz\CleanSeedsBuild\ACTIVE_GUIDES\CLEAN_SEED_ALIGNMENT_CHECK.txt","252"
"AUTHORITY_SURFACE",".\_LOCAL_CUSTODY_N_RECEIPTS\RECYCLE_BIN_RECOVERY_20260604_203541\RECOVERED_ITEMS\ITEM_0002__Teleporter137_\Teleporter137_\Jxhnny_Kl33N_Seedz\CleanSeedsBuild\ACTIVE_GUIDES\CLEAN_SEED_ALIGNMENT_CHECK.txt","252"
"AUTHORITY_SURFACE",".\_LOCAL_CUSTODY_N_RECEIPTS\RECYCLE_BIN_RECOVERY_20260604_203541\RECOVERED_ITEMS\ITEM_0006__123\123\Jxhnny_Kl33N_Seedz\CleanSeedsBuild\PROOF_HISTORY\BACKUP_CLEAN_SEED_ALIGNMENT_CHECK_BEFORE_TINY_INSTALL_PACKET_SCOPE_COMPLETION_20260511.txt","251"
"AUTHORITY_SURFACE",".\Jxhnny_Kl33N_Seedz\PROOF_HISTORY\BACKUP_CLEAN_SEED_ALIGNMENT_CHECK_BEFORE_LOCAL_FILE_LANE_LEAD_INSTALL_20260511.txt","251"
"AUTHORITY_SURFACE",".\Jxhnny_Kl33N_Seedz\CleanSeedsBuild\PROOF_HISTORY\BACKUP_CLEAN_SEED_ALIGNMENT_CHECK_BEFORE_TINY_INSTALL_PACKET_SCOPE_COMPLETION_20260511.txt","251"
"AUTHORITY_SURFACE",".\_LOCAL_CUSTODY_N_RECEIPTS\RECYCLE_BIN_RECOVERY_20260604_203541\RECOVERED_ITEMS\ITEM_0001__123\123\Jxhnny_Kl33N_Seedz\PROOF_HISTORY\BACKUP_CLEAN_SEED_ALIGNMENT_CHECK_BEFORE_LOCAL_FILE_LANE_LEAD_INSTALL_20260511.txt","251"
"AUTHORITY_SURFACE",".\_LOCAL_CUSTODY_N_RECEIPTS\RECYCLE_BIN_RECOVERY_20260604_203541\RECOVERED_ITEMS\ITEM_0006__123\123\Jxhnny_Kl33N_Seedz\CleanSeedsBuild\PROOF_HISTORY\BACKUP_CLEAN_SEED_ALIGNMENT_CHECK_BEFORE_LOCAL_FILE_LANE_LEAD_INSTALL_20260511.txt","251"
"AUTHORITY_SURFACE",".\_LOCAL_CUSTODY_N_RECEIPTS\RECYCLE_BIN_RECOVERY_20260604_203541\RECOVERED_ITEMS\ITEM_0002__Teleporter137_\Teleporter137_\Jxhnny_Kl33N_Seedz\CleanSeedsBuild\PROOF_HISTORY\BACKUP_CLEAN_SEED_ALIGNMENT_CHECK_BEFORE_LOCAL_FILE_LANE_LEAD_INSTALL_20260511.txt","251"
"AUTHORITY_SURFACE",".\_LOCAL_CUSTODY_N_RECEIPTS\RECYCLE_BIN_RECOVERY_20260604_203541\RECOVERED_ITEMS\ITEM_0002__Teleporter137_\Teleporter137_\Jxhnny_Kl33N_Seedz\CleanSeedsBuild\PROOF_HISTORY\BACKUP_CLEAN_SEED_ALIGNMENT_CHECK_BEFORE_TINY_INSTALL_PACKET_SCOPE_COMPLETION_20260511.txt","251"
"AUTHORITY_SURFACE",".\Jxhnny_Kl33N_Seedz\CleanSeedsBuild\PROOF_HISTORY\BACKUP_CLEAN_SEED_ALIGNMENT_CHECK_BEFORE_LOCAL_FILE_LANE_LEAD_INSTALL_20260511.txt","251"
"AUTHORITY_SURFACE",".\_LOCAL_CUSTODY_N_RECEIPTS\RECYCLE_BIN_RECOVERY_20260604_203541\RECOVERED_ITEMS\ITEM_0002__Teleporter137_\Teleporter137_\Jxhnny_Kl33N_Seedz\PROOF_HISTORY\BACKUP_CLEAN_SEED_ALIGNMENT_CHECK_BEFORE_LOCAL_FILE_LANE_LEAD_INSTALL_20260511.txt","251"
"AUTHORITY_SURFACE",".\_LOCAL_CUSTODY_N_RECEIPTS\RECYCLE_BIN_RECOVERY_20260604_203541\RECOVERED_ITEMS\ITEM_0001__123\123\Jxhnny_Kl33N_Seedz\CleanSeedsBuild\PROOF_HISTORY\BACKUP_CLEAN_SEED_ALIGNMENT_CHECK_BEFORE_TINY_INSTALL_PACKET_SCOPE_COMPLETION_20260511.txt","251"
"AUTHORITY_SURFACE",".\_LOCAL_CUSTODY_N_RECEIPTS\RECYCLE_BIN_RECOVERY_20260604_203541\RECOVERED_ITEMS\ITEM_0001__123\123\Jxhnny_Kl33N_Seedz\CleanSeedsBuild\PROOF_HISTORY\BACKUP_CLEAN_SEED_ALIGNMENT_CHECK_BEFORE_LOCAL_FILE_LANE_LEAD_INSTALL_20260511.txt","251"
"AUTHORITY_SURFACE",".\_LOCAL_CUSTODY_N_RECEIPTS\RECYCLE_BIN_RECOVERY_20260604_203541\RECOVERED_ITEMS\ITEM_0002__Teleporter137_\Teleporter137_\Jxhnny_Kl33N_Seedz\CORE_GUIDE_BACKUPS\CORE_GUIDES_BEFORE_GATE_EVIDENCE_HOW_FOUND_DOCTRINE_WASH_20260524_043525\CLEAN_SEED_WRAP_GUIDE.txt","248"
"AUTHORITY_SURFACE",".\Jxhnny_Kl33N_Seedz\CORE_GUIDE_BACKUPS\CORE_GUIDES_BEFORE_GATE_EVIDENCE_HOW_FOUND_DOCTRINE_WASH_20260524_043525\CLEAN_SEED_WRAP_GUIDE.txt","248"
"AUTHORITY_SURFACE",".\_LOCAL_CUSTODY_N_RECEIPTS\RECYCLE_BIN_RECOVERY_20260604_203541\RECOVERED_ITEMS\ITEM_0001__123\123\Jxhnny_Kl33N_Seedz\CORE_GUIDE_BACKUPS\CORE_GUIDES_BEFORE_GATE_EVIDENCE_HOW_FOUND_DOCTRINE_WASH_20260524_043525\CLEAN_SEED_WRAP_GUIDE.txt","248"
"AUTHORITY_SURFACE",".\_LOCAL_CUSTODY_N_RECEIPTS\RECYCLE_BIN_RECOVERY_20260604_203541\RECOVERED_ITEMS\ITEM_0001__123\123\Jxhnny_Kl33N_Seedz\PROOF_HISTORY\DESKTOP_DROP_FOLDER_INTAKE_ARCHIVE_20260511\Clean_Milk_FRESH_ASSESSMENT_DROP_20260511_004711\CLEAN_SEED_ALIGNMENT_CHECK.txt","247"
"AUTHORITY_SURFACE",".\Jxhnny_Kl33N_Seedz\PROOF_HISTORY\DESKTOP_DROP_FOLDER_INTAKE_ARCHIVE_20260511\Clean_Milk_FRESH_ASSESSMENT_DROP_20260511_004711\CLEAN_SEED_ALIGNMENT_CHECK.txt","247"
"AUTHORITY_SURFACE",".\_LOCAL_CUSTODY_N_RECEIPTS\RECYCLE_BIN_RECOVERY_20260604_203541\RECOVERED_ITEMS\ITEM_0002__Teleporter137_\Teleporter137_\Jxhnny_Kl33N_Seedz\PROOF_HISTORY\DESKTOP_DROP_FOLDER_INTAKE_ARCHIVE_20260511\Clean_Milk_FRESH_ASSESSMENT_DROP_20260511_004711\CLEAN_SEED_ALIGNMENT_CHECK.txt","247"
"AUTHORITY_SURFACE",".\_LOCAL_CUSTODY_N_RECEIPTS\RECYCLE_BIN_RECOVERY_20260604_203541\RECOVERED_ITEMS\ITEM_0001__123\123\Jxhnny_Kl33N_Seedz\CleanSeedsBuild\PROOF_HISTORY\DESKTOP_DROP_FOLDER_INTAKE_ARCHIVE_20260511\Clean_Milk_FRESH_ASSESSMENT_DROP_20260511_004711\CLEAN_SEED_ALIGNMENT_CHECK.txt","247"
"AUTHORITY_SURFACE",".\_LOCAL_CUSTODY_N_RECEIPTS\RECYCLE_BIN_RECOVERY_20260604_203541\RECOVERED_ITEMS\ITEM_0002__Teleporter137_\Teleporter137_\Jxhnny_Kl33N_Seedz\CleanSeedsBuild\PROOF_HISTORY\DESKTOP_DROP_FOLDER_INTAKE_ARCHIVE_20260511\Clean_Milk_FRESH_ASSESSMENT_DROP_20260511_004711\CLEAN_SEED_ALIGNMENT_CHECK.txt","247"
"AUTHORITY_SURFACE",".\_LOCAL_CUSTODY_N_RECEIPTS\RECYCLE_BIN_RECOVERY_20260604_203541\RECOVERED_ITEMS\ITEM_0002__Teleporter137_\Teleporter137_\Jxhnny_Kl33N_Seedz\CleanSeedsBuild\PROOF_HISTORY\BACKUP_CLEAN_SEED_ALIGNMENT_CHECK_BEFORE_TINY_WORKING_PATH_INSTALL_20260511.txt","247"
"AUTHORITY_SURFACE",".\Jxhnny_Kl33N_Seedz\CleanSeedsBuild\PROOF_HISTORY\DESKTOP_DROP_FOLDER_INTAKE_ARCHIVE_20260511\Clean_Milk_FRESH_ASSESSMENT_DROP_20260511_004711\CLEAN_SEED_ALIGNMENT_CHECK.txt","247"
"AUTHORITY_SURFACE",".\_LOCAL_CUSTODY_N_RECEIPTS\RECYCLE_BIN_RECOVERY_20260604_203541\RECOVERED_ITEMS\ITEM_0001__123\123\Jxhnny_Kl33N_Seedz\CleanSeedsBuild\PROOF_HISTORY\BACKUP_CLEAN_SEED_ALIGNMENT_CHECK_BEFORE_TINY_WORKING_PATH_INSTALL_20260511.txt","247"
"AUTHORITY_SURFACE",".\Jxhnny_Kl33N_Seedz\CleanSeedsBuild\PROOF_HISTORY\BACKUP_CLEAN_SEED_ALIGNMENT_CHECK_BEFORE_TINY_WORKING_PATH_INSTALL_20260511.txt","247"
"AUTHORITY_SURFACE",".\_LOCAL_CUSTODY_N_RECEIPTS\RECYCLE_BIN_RECOVERY_20260604_203541\RECOVERED_ITEMS\ITEM_0006__123\123\Jxhnny_Kl33N_Seedz\CleanSeedsBuild\PROOF_HISTORY\BACKUP_CLEAN_SEED_ALIGNMENT_CHECK_BEFORE_TINY_WORKING_PATH_INSTALL_20260511.txt","247"
"AUTHORITY_SURFACE",".\Jxhnny_Kl33N_Seedz\HOUSE_WORK\IDEA_CONCEPT_COLLECTION_ROOM\PAST_WEEK_20260524_20260531\RUN_20260531_141441\PAST_WEEK_IDEA_CONCEPT_CAPTURE_V1_20260531_LOCAL_RECENT_FILE_INVENTORY.csv","245"
"AUTHORITY_SURFACE",".\_LOCAL_CUSTODY_N_RECEIPTS\RECYCLE_BIN_RECOVERY_20260604_203541\RECOVERED_ITEMS\ITEM_0002__Teleporter137_\Teleporter137_\Jxhnny_Kl33N_Seedz\CleanSeedsBuild\CleanSeed_Backups\CleanSeed_SourceTruth_Backup_20260509_233207\SOURCE_COPY\CLEAN_SEED_ALIGNMENT_CHECK.txt","240"
"AUTHORITY_SURFACE",".\Jxhnny_Kl33N_Seedz\CleanSeedsBuild\CleanSeed_Backups\CleanSeed_SourceTruth_Backup_20260509_233207\SOURCE_COPY\CLEAN_SEED_ALIGNMENT_CHECK.txt","240"
"AUTHORITY_SURFACE",".\Jxhnny_Kl33N_Seedz\PROOF_HISTORY\BACKUP_ACTIVE_GUIDES_BEFORE_CURRENT_IDEA_PLACEMENT_20260510\CLEAN_SEED_ALIGNMENT_CHECK.txt","240"
"AUTHORITY_SURFACE",".\_LOCAL_CUSTODY_N_RECEIPTS\RECYCLE_BIN_RECOVERY_20260604_203541\RECOVERED_ITEMS\ITEM_0002__Teleporter137_\Teleporter137_\Jxhnny_Kl33N_Seedz\PROOF_HISTORY\BACKUP_ACTIVE_GUIDES_BEFORE_CURRENT_IDEA_PLACEMENT_20260510\CLEAN_SEED_ALIGNMENT_CHECK.txt","240"
"AUTHORITY_SURFACE",".\_LOCAL_CUSTODY_N_RECEIPTS\RECYCLE_BIN_RECOVERY_20260604_203541\RECOVERED_ITEMS\ITEM_0001__123\123\Jxhnny_Kl33N_Seedz\PROOF_HISTORY\BACKUP_ACTIVE_GUIDES_BEFORE_CURRENT_IDEA_PLACEMENT_20260510\CLEAN_SEED_ALIGNMENT_CHECK.txt","240"
"AUTHORITY_SURFACE",".\_LOCAL_CUSTODY_N_RECEIPTS\RECYCLE_BIN_RECOVERY_20260604_203541\RECOVERED_ITEMS\ITEM_0006__123\123\Jxhnny_Kl33N_Seedz\CleanSeedsBuild\CleanSeed_Backups\CleanSeed_SourceTruth_Backup_20260509_233207\SOURCE_COPY\CLEAN_SEED_ALIGNMENT_CHECK.txt","240"
"AUTHORITY_SURFACE",".\_LOCAL_CUSTODY_N_RECEIPTS\RECYCLE_BIN_RECOVERY_20260604_203541\RECOVERED_ITEMS\ITEM_0001__123\123\Jxhnny_Kl33N_Seedz\CleanSeedsBuild\CleanSeed_Backups\CleanSeed_SourceTruth_Backup_20260509_233207\SOURCE_COPY\CLEAN_SEED_ALIGNMENT_CHECK.txt","240"
"AUTHORITY_SURFACE",".\Jxhnny_Kl33N_Seedz\CleanSeedsBuild\BACKUP_BEFORE_PUBLIC_PATH_REDACTION_20260513_011244\data\GAP_TODO_MATCHES.json","239"
"AUTHORITY_SURFACE",".\_LOCAL_CUSTODY_N_RECEIPTS\RECYCLE_BIN_RECOVERY_20260604_203541\RECOVERED_ITEMS\ITEM_0002__Teleporter137_\Teleporter137_\Jxhnny_Kl33N_Seedz\CleanSeedsBuild\BACKUP_BEFORE_PUBLIC_PATH_REDACTION_20260513_011244\data\GAP_TODO_MATCHES.json","239"
"AUTHORITY_SURFACE",".\_LOCAL_CUSTODY_N_RECEIPTS\RECYCLE_BIN_RECOVERY_20260604_203541\RECOVERED_ITEMS\ITEM_0006__123\123\Jxhnny_Kl33N_Seedz\CleanSeedsBuild\BACKUP_BEFORE_PUBLIC_PATH_REDACTION_20260513_011244\data\GAP_TODO_MATCHES.json","239"
"AUTHORITY_SURFACE",".\_LOCAL_CUSTODY_N_RECEIPTS\RECYCLE_BIN_RECOVERY_20260604_203541\RECOVERED_ITEMS\ITEM_0001__123\123\Jxhnny_Kl33N_Seedz\CleanSeedsBuild\BACKUP_BEFORE_PUBLIC_PATH_REDACTION_20260513_011244\data\GAP_TODO_MATCHES.json","239"
"AUTHORITY_SURFACE",".\_LOCAL_CUSTODY_N_RECEIPTS\RECYCLE_BIN_RECOVERY_20260604_203541\RECOVERED_ITEMS\ITEM_0001__123\123\Jxhnny_Kl33N_Seedz\MULE_WORKSHOP\DEEP_RECURSIVE_FAILURE_AUDIT_20260523\EVIDENCE\cluster_parking_return_first250.txt","238"
"AUTHORITY_SURFACE",".\_LOCAL_CUSTODY_N_RECEIPTS\RECYCLE_BIN_RECOVERY_20260604_203541\RECOVERED_ITEMS\ITEM_0002__Teleporter137_\Teleporter137_\Jxhnny_Kl33N_Seedz\MULE_WORKSHOP\DEEP_RECURSIVE_FAILURE_AUDIT_20260523\EVIDENCE\cluster_parking_return_first250.txt","238"
"PRIVATE_SEALED",".\_MISC_DRAWER\READ_REPORTS\FULL_HOUSE_GATE_WASH_SINGLE_COMMAND_SUPERVISOR_V3_FINDINGS_20260530_105416.csv","513"
"PRIVATE_SEALED",".\_MISC_DRAWER\READ_REPORTS\FULL_HOUSE_GATE_WASH_SINGLE_COMMAND_SUPERVISOR_V3_FINDINGS_20260530_105329.csv","513"
"PRIVATE_SEALED",".\Jxhnny_Kl33N_Seedz\HOUSE_WORK\IDEA_CONCEPT_COLLECTION_ROOM\PAST_WEEK_20260524_20260531\RUN_20260531_141441\PAST_WEEK_IDEA_CONCEPT_CAPTURE_V1_20260531_CONCEPT_SIGNAL_LEDGER.csv","259"
"PRIVATE_SEALED",".\_MISC_DRAWER\READ_REPORTS\DEEPER_HOUSE_RULES_ROOMS_TOOLS_RESOURCES_SIGNAL_LEDGER_V2_20260528_010508.csv","202"
"PRIVATE_SEALED",".\Jxhnny_Kl33N_Seedz\HOUSE_WORK\GATE_RINGS\MASTER_EXPANDED_GATE_RING_RUN2_10200_20260524\MASTER_GATE_RING_10200_RUN2_ORDERED_CANDIDATE.md","191"
"PRIVATE_SEALED",".\Jxhnny_Kl33N_Seedz\HOUSE_WORK\GATE_RINGS\MASTER_EXPANDED_GATE_RING_RUN2_10200_20260524\MASTER_GATE_RING_10200_RUN2_ORDERED_CANDIDATE.csv","187"
"PRIVATE_SEALED",".\Jxhnny_Kl33N_Seedz\HOUSE_WORK\IDEA_CONCEPT_COLLECTION_ROOM\PAST_WEEK_20260524_20260531\RUN_20260531_141441\PAST_WEEK_IDEA_CONCEPT_SYNTHESIS_V1_20260531_UNIQUE_CONCEPTS_LEDGER.csv","179"
"PRIVATE_SEALED",".\_MISC_DRAWER\READ_REPORTS\DEEPER_HOUSE_RULES_ROOMS_TOOLS_RESOURCES_FILE_LEDGER_V2_20260528_010508.csv","179"
"PRIVATE_SEALED",".\Jxhnny_Kl33N_Seedz\HOUSE_WORK\GATE_RINGS\MASTER_EXPANDED_GATE_RING_20260524\MASTER_GATE_RING_3400_EXPANDED_ORDERED_CANDIDATE.md","177"
"PRIVATE_SEALED",".\Jxhnny_Kl33N_Seedz\HOUSE_WORK\GATE_RINGS\MASTER_EXPANDED_GATE_RING_20260524\PRE_RUN2_BASELINE_20260524_233000\MASTER_GATE_RING_3400_EXPANDED_ORDERED_CANDIDATE.md","177"
"PRIVATE_SEALED",".\HOUSE_WORK\PROJECT_COMMAND_CENTER_UI_LANE\HELPER_FILE_EXPOSURE_AND_33RD_PRIVATE_WORK_PROTOCOL_V0_1_20260606\SOURCE_RAW\HELPER_FILE_EXPOSURE_AND_33RD_PRIVATE_WORK_PROTOCOL_V0_1_RAW_20260606.md","172"
"PRIVATE_SEALED",".\Jxhnny_Kl33N_Seedz\HOUSE_WORK\GATE_RINGS\MASTER_EXPANDED_GATE_RING_20260524\MASTER_GATE_RING_3400_EXPANDED_ORDERED_CANDIDATE.csv","170"
"PRIVATE_SEALED",".\Jxhnny_Kl33N_Seedz\HOUSE_WORK\GATE_RINGS\MASTER_EXPANDED_GATE_RING_20260524\PRE_RUN2_BASELINE_20260524_233000\MASTER_GATE_RING_3400_EXPANDED_ORDERED_CANDIDATE.csv","170"
"PRIVATE_SEALED",".\_MISC_DRAWER\READ_REPORTS\DEEPER_HOUSE_RULES_ROOMS_TOOLS_RESOURCES_GAP_LEDGER_V2_20260528_010508.csv","116"
"PRIVATE_SEALED",".\HOUSE_WORK\PROJECT_COMMAND_CENTER_UI_LANE\DUAL_COMMAND_CENTER_L0_REVIEW_PACKET_20260606\SOURCE_RAW\OUTSIDE_ASSISTANT_COOPERATION_INDEX_V0_2_SOURCE_TO_LIVE_L0_CUSTODY_CHAIN_RAW_20260605.md","111"
"PRIVATE_SEALED",".\_MISC_DRAWER\READ_REPORTS\SOLUTION_TO_CONCEPT_PROPAGATION_LEDGER_V0.1_20260527_211808.csv","78"
"PRIVATE_SEALED",".\_LOCAL_CUSTODY_N_RECEIPTS\RECYCLE_BIN_RECOVERY_20260604_203541\RECOVERED_ITEMS\ITEM_0002__Teleporter137_\Teleporter137_\Jxhnny_Kl33N_Seedz\ACTIVE_GUIDES\CLEAN_SEED_ALIGNMENT_CHECK.txt","67"
"PRIVATE_SEALED",".\Jxhnny_Kl33N_Seedz\ACTIVE_GUIDES\CLEAN_SEED_ALIGNMENT_CHECK.txt","67"
"PRIVATE_SEALED",".\_LOCAL_CUSTODY_N_RECEIPTS\RECYCLE_BIN_RECOVERY_20260604_203541\RECOVERED_ITEMS\ITEM_0006__123\123\Jxhnny_Kl33N_Seedz\ACTIVE_GUIDES\CLEAN_SEED_ALIGNMENT_CHECK.txt","67"
"PRIVATE_SEALED",".\_LOCAL_CUSTODY_N_RECEIPTS\RECYCLE_BIN_RECOVERY_20260604_203541\RECOVERED_ITEMS\ITEM_0001__123\123\Jxhnny_Kl33N_Seedz\CORE_GUIDE_BACKUPS\CORE_GUIDES_BEFORE_GATE_EVIDENCE_HOW_FOUND_DOCTRINE_WASH_20260524_043525\CLEAN_SEED_ALIGNMENT_CHECK.txt","67"
"PRIVATE_SEALED",".\_LOCAL_CUSTODY_N_RECEIPTS\RECYCLE_BIN_RECOVERY_20260604_203541\RECOVERED_ITEMS\ITEM_0002__Teleporter137_\Teleporter137_\Jxhnny_Kl33N_Seedz\CORE_GUIDE_BACKUPS\CORE_GUIDES_BEFORE_GATE_EVIDENCE_HOW_FOUND_DOCTRINE_WASH_20260524_043525\CLEAN_SEED_ALIGNMENT_CHECK.txt","67"
"PRIVATE_SEALED",".\_LOCAL_CUSTODY_N_RECEIPTS\RECYCLE_BIN_RECOVERY_20260604_203541\RECOVERED_ITEMS\ITEM_0001__123\123\Jxhnny_Kl33N_Seedz\ACTIVE_GUIDES\CLEAN_SEED_ALIGNMENT_CHECK.txt","67"
"PRIVATE_SEALED",".\Jxhnny_Kl33N_Seedz\CORE_GUIDE_BACKUPS\CORE_GUIDES_BEFORE_GATE_EVIDENCE_HOW_FOUND_DOCTRINE_WASH_20260524_043525\CLEAN_SEED_ALIGNMENT_CHECK.txt","67"
"PRIVATE_SEALED",".\_LOCAL_CUSTODY_N_RECEIPTS\RECYCLE_BIN_RECOVERY_20260604_203541\RECOVERED_ITEMS\ITEM_0001__123\123\Jxhnny_Kl33N_Seedz\CleanSeedsBuild\PROOF_HISTORY\BACKUP_CLEAN_SEED_ALIGNMENT_CHECK_BEFORE_LOCAL_FILE_LANE_LEAD_INSTALL_20260511.txt","65"
"PRIVATE_SEALED",".\Jxhnny_Kl33N_Seedz\CleanSeedsBuild\PROOF_HISTORY\DESKTOP_DROP_FOLDER_INTAKE_ARCHIVE_20260511\Clean_Milk_FRESH_ASSESSMENT_DROP_20260511_004711\CLEAN_SEED_ALIGNMENT_CHECK.txt","65"
"PRIVATE_SEALED",".\Jxhnny_Kl33N_Seedz\PROOF_HISTORY\BACKUP_ACTIVE_GUIDES_BEFORE_CURRENT_IDEA_PLACEMENT_20260510\CLEAN_SEED_ALIGNMENT_CHECK.txt","65"
"PRIVATE_SEALED",".\_LOCAL_CUSTODY_N_RECEIPTS\RECYCLE_BIN_RECOVERY_20260604_203541\RECOVERED_ITEMS\ITEM_0006__123\123\Jxhnny_Kl33N_Seedz\CleanSeedsBuild\CleanSeed_Backups\CleanSeed_SourceTruth_Backup_20260509_233207\SOURCE_COPY\CLEAN_SEED_ALIGNMENT_CHECK.txt","65"
"PRIVATE_SEALED",".\_LOCAL_CUSTODY_N_RECEIPTS\RECYCLE_BIN_RECOVERY_20260604_203541\RECOVERED_ITEMS\ITEM_0001__123\123\Jxhnny_Kl33N_Seedz\CleanSeedsBuild\PROOF_HISTORY\BACKUP_CLEAN_SEED_ALIGNMENT_CHECK_BEFORE_TINY_INSTALL_PACKET_SCOPE_COMPLETION_20260511.txt","65"
"PRIVATE_SEALED",".\_LOCAL_CUSTODY_N_RECEIPTS\RECYCLE_BIN_RECOVERY_20260604_203541\RECOVERED_ITEMS\ITEM_0002__Teleporter137_\Teleporter137_\Jxhnny_Kl33N_Seedz\CleanSeedsBuild\PROOF_HISTORY\DESKTOP_DROP_FOLDER_INTAKE_ARCHIVE_20260511\Clean_Milk_FRESH_ASSESSMENT_DROP_20260511_004711\CLEAN_SEED_ALIGNMENT_CHECK.txt","65"
"PRIVATE_SEALED",".\_LOCAL_CUSTODY_N_RECEIPTS\RECYCLE_BIN_RECOVERY_20260604_203541\RECOVERED_ITEMS\ITEM_0006__123\123\Jxhnny_Kl33N_Seedz\CleanSeedsBuild\PROOF_HISTORY\BACKUP_CLEAN_SEED_ALIGNMENT_CHECK_BEFORE_TINY_INSTALL_PACKET_SCOPE_COMPLETION_20260511.txt","65"
"PRIVATE_SEALED",".\Jxhnny_Kl33N_Seedz\ACTIVE_GUIDES\CLEAN_SEED_WRAP_GUIDE.txt","65"
"PRIVATE_SEALED",".\Jxhnny_Kl33N_Seedz\CleanSeedsBuild\ACTIVE_GUIDES\CLEAN_SEED_ALIGNMENT_CHECK.txt","65"
"PRIVATE_SEALED",".\_LOCAL_CUSTODY_N_RECEIPTS\RECYCLE_BIN_RECOVERY_20260604_203541\RECOVERED_ITEMS\ITEM_0002__Teleporter137_\Teleporter137_\Jxhnny_Kl33N_Seedz\PROOF_HISTORY\BACKUP_ACTIVE_GUIDES_BEFORE_CURRENT_IDEA_PLACEMENT_20260510\CLEAN_SEED_ALIGNMENT_CHECK.txt","65"
"PRIVATE_SEALED",".\_LOCAL_CUSTODY_N_RECEIPTS\RECYCLE_BIN_RECOVERY_20260604_203541\RECOVERED_ITEMS\ITEM_0006__123\123\Jxhnny_Kl33N_Seedz\CleanSeedsBuild\ACTIVE_GUIDES\CLEAN_SEED_ALIGNMENT_CHECK.txt","65"
"PRIVATE_SEALED",".\_LOCAL_CUSTODY_N_RECEIPTS\RECYCLE_BIN_RECOVERY_20260604_203541\RECOVERED_ITEMS\ITEM_0001__123\123\Jxhnny_Kl33N_Seedz\CleanSeedsBuild\CleanSeed_Backups\CleanSeed_SourceTruth_Backup_20260509_233207\SOURCE_COPY\CLEAN_SEED_ALIGNMENT_CHECK.txt","65"
"PRIVATE_SEALED",".\_LOCAL_CUSTODY_N_RECEIPTS\RECYCLE_BIN_RECOVERY_20260604_203541\RECOVERED_ITEMS\ITEM_0001__123\123\Jxhnny_Kl33N_Seedz\PROOF_HISTORY\BACKUP_ACTIVE_GUIDES_BEFORE_CURRENT_IDEA_PLACEMENT_20260510\CLEAN_SEED_ALIGNMENT_CHECK.txt","65"
"PRIVATE_SEALED",".\Jxhnny_Kl33N_Seedz\CORE_GUIDE_BACKUPS\CORE_GUIDES_BEFORE_GATE_EVIDENCE_HOW_FOUND_DOCTRINE_WASH_20260524_043525\CLEAN_SEED_WRAP_GUIDE.txt","65"
"PRIVATE_SEALED",".\_LOCAL_CUSTODY_N_RECEIPTS\RECYCLE_BIN_RECOVERY_20260604_203541\RECOVERED_ITEMS\ITEM_0001__123\123\Jxhnny_Kl33N_Seedz\CleanSeedsBuild\PROOF_HISTORY\DESKTOP_DROP_FOLDER_INTAKE_ARCHIVE_20260511\Clean_Milk_FRESH_ASSESSMENT_DROP_20260511_004711\CLEAN_SEED_ALIGNMENT_CHECK.txt","65"
"PRIVATE_SEALED",".\_LOCAL_CUSTODY_N_RECEIPTS\RECYCLE_BIN_RECOVERY_20260604_203541\RECOVERED_ITEMS\ITEM_0001__123\123\Jxhnny_Kl33N_Seedz\CORE_GUIDE_BACKUPS\CORE_GUIDES_BEFORE_GATE_EVIDENCE_HOW_FOUND_DOCTRINE_WASH_20260524_043525\CLEAN_SEED_WRAP_GUIDE.txt","65"
"PRIVATE_SEALED",".\_LOCAL_CUSTODY_N_RECEIPTS\RECYCLE_BIN_RECOVERY_20260604_203541\RECOVERED_ITEMS\ITEM_0002__Teleporter137_\Teleporter137_\Jxhnny_Kl33N_Seedz\CORE_GUIDE_BACKUPS\CORE_GUIDES_BEFORE_GATE_EVIDENCE_HOW_FOUND_DOCTRINE_WASH_20260524_043525\CLEAN_SEED_WRAP_GUIDE.txt","65"
"PRIVATE_SEALED",".\_LOCAL_CUSTODY_N_RECEIPTS\RECYCLE_BIN_RECOVERY_20260604_203541\RECOVERED_ITEMS\ITEM_0002__Teleporter137_\Teleporter137_\Jxhnny_Kl33N_Seedz\ACTIVE_GUIDES\CLEAN_SEED_WRAP_GUIDE.txt","65"
"PRIVATE_SEALED",".\_LOCAL_CUSTODY_N_RECEIPTS\RECYCLE_BIN_RECOVERY_20260604_203541\RECOVERED_ITEMS\ITEM_0002__Teleporter137_\Teleporter137_\Jxhnny_Kl33N_Seedz\CleanSeedsBuild\ACTIVE_GUIDES\CLEAN_SEED_ALIGNMENT_CHECK.txt","65"
"PRIVATE_SEALED",".\_LOCAL_CUSTODY_N_RECEIPTS\RECYCLE_BIN_RECOVERY_20260604_203541\RECOVERED_ITEMS\ITEM_0002__Teleporter137_\Teleporter137_\Jxhnny_Kl33N_Seedz\PROOF_HISTORY\BACKUP_CLEAN_SEED_ALIGNMENT_CHECK_BEFORE_LOCAL_FILE_LANE_LEAD_INSTALL_20260511.txt","65"
"PRIVATE_SEALED",".\Jxhnny_Kl33N_Seedz\CleanSeedsBuild\PROOF_HISTORY\BACKUP_CLEAN_SEED_ALIGNMENT_CHECK_BEFORE_TINY_WORKING_PATH_INSTALL_20260511.txt","65"
"PRIVATE_SEALED",".\_LOCAL_CUSTODY_N_RECEIPTS\RECYCLE_BIN_RECOVERY_20260604_203541\RECOVERED_ITEMS\ITEM_0006__123\123\Jxhnny_Kl33N_Seedz\CleanSeedsBuild\PROOF_HISTORY\BACKUP_CLEAN_SEED_ALIGNMENT_CHECK_BEFORE_TINY_WORKING_PATH_INSTALL_20260511.txt","65"
"PRIVATE_SEALED",".\_LOCAL_CUSTODY_N_RECEIPTS\RECYCLE_BIN_RECOVERY_20260604_203541\RECOVERED_ITEMS\ITEM_0001__123\123\Jxhnny_Kl33N_Seedz\PROOF_HISTORY\DESKTOP_DROP_FOLDER_INTAKE_ARCHIVE_20260511\Clean_Milk_FRESH_ASSESSMENT_DROP_20260511_004711\CLEAN_SEED_ALIGNMENT_CHECK.txt","65"
"PRIVATE_SEALED",".\Jxhnny_Kl33N_Seedz\PROOF_HISTORY\BACKUP_CLEAN_SEED_ALIGNMENT_CHECK_BEFORE_LOCAL_FILE_LANE_LEAD_INSTALL_20260511.txt","65"
"PRIVATE_SEALED",".\Jxhnny_Kl33N_Seedz\PROOF_HISTORY\DESKTOP_DROP_FOLDER_INTAKE_ARCHIVE_20260511\Clean_Milk_FRESH_ASSESSMENT_DROP_20260511_004711\CLEAN_SEED_ALIGNMENT_CHECK.txt","65"
"PRIVATE_SEALED",".\Jxhnny_Kl33N_Seedz\CleanSeedsBuild\PROOF_HISTORY\BACKUP_CLEAN_SEED_ALIGNMENT_CHECK_BEFORE_LOCAL_FILE_LANE_LEAD_INSTALL_20260511.txt","65"
"PRIVATE_SEALED",".\_LOCAL_CUSTODY_N_RECEIPTS\RECYCLE_BIN_RECOVERY_20260604_203541\RECOVERED_ITEMS\ITEM_0001__123\123\Jxhnny_Kl33N_Seedz\PROOF_HISTORY\BACKUP_CLEAN_SEED_ALIGNMENT_CHECK_BEFORE_LOCAL_FILE_LANE_LEAD_INSTALL_20260511.txt","65"
"PRIVATE_SEALED",".\Jxhnny_Kl33N_Seedz\CleanSeedsBuild\CleanSeed_Backups\CleanSeed_SourceTruth_Backup_20260509_233207\SOURCE_COPY\CLEAN_SEED_ALIGNMENT_CHECK.txt","65"
"PRIVATE_SEALED",".\_LOCAL_CUSTODY_N_RECEIPTS\RECYCLE_BIN_RECOVERY_20260604_203541\RECOVERED_ITEMS\ITEM_0006__123\123\Jxhnny_Kl33N_Seedz\ACTIVE_GUIDES\CLEAN_SEED_WRAP_GUIDE.txt","65"
"PRIVATE_SEALED",".\_LOCAL_CUSTODY_N_RECEIPTS\RECYCLE_BIN_RECOVERY_20260604_203541\RECOVERED_ITEMS\ITEM_0002__Teleporter137_\Teleporter137_\Jxhnny_Kl33N_Seedz\PROOF_HISTORY\DESKTOP_DROP_FOLDER_INTAKE_ARCHIVE_20260511\Clean_Milk_FRESH_ASSESSMENT_DROP_20260511_004711\CLEAN_SEED_ALIGNMENT_CHECK.txt","65"
"PRIVATE_SEALED",".\_LOCAL_CUSTODY_N_RECEIPTS\RECYCLE_BIN_RECOVERY_20260604_203541\RECOVERED_ITEMS\ITEM_0002__Teleporter137_\Teleporter137_\Jxhnny_Kl33N_Seedz\CleanSeedsBuild\PROOF_HISTORY\BACKUP_CLEAN_SEED_ALIGNMENT_CHECK_BEFORE_LOCAL_FILE_LANE_LEAD_INSTALL_20260511.txt","65"
"PRIVATE_SEALED",".\_LOCAL_CUSTODY_N_RECEIPTS\RECYCLE_BIN_RECOVERY_20260604_203541\RECOVERED_ITEMS\ITEM_0001__123\123\Jxhnny_Kl33N_Seedz\CleanSeedsBuild\ACTIVE_GUIDES\CLEAN_SEED_ALIGNMENT_CHECK.txt","65"
"PRIVATE_SEALED",".\_LOCAL_CUSTODY_N_RECEIPTS\RECYCLE_BIN_RECOVERY_20260604_203541\RECOVERED_ITEMS\ITEM_0001__123\123\Jxhnny_Kl33N_Seedz\ACTIVE_GUIDES\CLEAN_SEED_WRAP_GUIDE.txt","65"
"PRIVATE_SEALED",".\_LOCAL_CUSTODY_N_RECEIPTS\RECYCLE_BIN_RECOVERY_20260604_203541\RECOVERED_ITEMS\ITEM_0001__123\123\Jxhnny_Kl33N_Seedz\CleanSeedsBuild\PROOF_HISTORY\BACKUP_CLEAN_SEED_ALIGNMENT_CHECK_BEFORE_TINY_WORKING_PATH_INSTALL_20260511.txt","65"
"PRIVATE_SEALED",".\_LOCAL_CUSTODY_N_RECEIPTS\RECYCLE_BIN_RECOVERY_20260604_203541\RECOVERED_ITEMS\ITEM_0002__Teleporter137_\Teleporter137_\Jxhnny_Kl33N_Seedz\CleanSeedsBuild\PROOF_HISTORY\BACKUP_CLEAN_SEED_ALIGNMENT_CHECK_BEFORE_TINY_INSTALL_PACKET_SCOPE_COMPLETION_20260511.txt","65"
"PRIVATE_SEALED",".\_LOCAL_CUSTODY_N_RECEIPTS\RECYCLE_BIN_RECOVERY_20260604_203541\RECOVERED_ITEMS\ITEM_0002__Teleporter137_\Teleporter137_\Jxhnny_Kl33N_Seedz\CleanSeedsBuild\CleanSeed_Backups\CleanSeed_SourceTruth_Backup_20260509_233207\SOURCE_COPY\CLEAN_SEED_ALIGNMENT_CHECK.txt","65"
"PRIVATE_SEALED",".\_LOCAL_CUSTODY_N_RECEIPTS\RECYCLE_BIN_RECOVERY_20260604_203541\RECOVERED_ITEMS\ITEM_0002__Teleporter137_\Teleporter137_\Jxhnny_Kl33N_Seedz\CleanSeedsBuild\PROOF_HISTORY\BACKUP_CLEAN_SEED_ALIGNMENT_CHECK_BEFORE_TINY_WORKING_PATH_INSTALL_20260511.txt","65"
"PRIVATE_SEALED",".\_LOCAL_CUSTODY_N_RECEIPTS\RECYCLE_BIN_RECOVERY_20260604_203541\RECOVERED_ITEMS\ITEM_0006__123\123\Jxhnny_Kl33N_Seedz\CleanSeedsBuild\PROOF_HISTORY\BACKUP_CLEAN_SEED_ALIGNMENT_CHECK_BEFORE_LOCAL_FILE_LANE_LEAD_INSTALL_20260511.txt","65"
"PRIVATE_SEALED",".\Jxhnny_Kl33N_Seedz\CleanSeedsBuild\PROOF_HISTORY\BACKUP_CLEAN_SEED_ALIGNMENT_CHECK_BEFORE_TINY_INSTALL_PACKET_SCOPE_COMPLETION_20260511.txt","65"
"PRIVATE_SEALED",".\Jxhnny_Kl33N_Seedz\CleanSeedsBuild\PROOF_HISTORY\BACKUP_CLEAN_SEED_WRAP_GUIDE_BEFORE_LOCAL_FILE_LANE_LEAD_INSTALL_20260511.txt","64"
"PRIVATE_SEALED",".\_LOCAL_CUSTODY_N_RECEIPTS\RECYCLE_BIN_RECOVERY_20260604_203541\RECOVERED_ITEMS\ITEM_0001__123\123\Jxhnny_Kl33N_Seedz\CleanSeedsBuild\PROOF_HISTORY\BACKUP_CLEAN_SEED_WRAP_GUIDE_BEFORE_TINY_WORKING_PATH_INSTALL_20260511.txt","64"
"PRIVATE_SEALED",".\_LOCAL_CUSTODY_N_RECEIPTS\RECYCLE_BIN_RECOVERY_20260604_203541\RECOVERED_ITEMS\ITEM_0002__Teleporter137_\Teleporter137_\Jxhnny_Kl33N_Seedz\CleanSeedsBuild\ACTIVE_GUIDES\CLEAN_SEED_WRAP_GUIDE.txt","64"
"PRIVATE_SEALED",".\Jxhnny_Kl33N_Seedz\CleanSeedsBuild\PROOF_HISTORY\DESKTOP_DROP_FOLDER_INTAKE_ARCHIVE_20260511\Clean_Milk_FRESH_ASSESSMENT_DROP_20260511_004711\CLEAN_SEED_WRAP_GUIDE.txt","64"
"PRIVATE_SEALED",".\Jxhnny_Kl33N_Seedz\CleanSeedsBuild\ACTIVE_GUIDES\CLEAN_SEED_WRAP_GUIDE.txt","64"
"PRIVATE_SEALED",".\_LOCAL_CUSTODY_N_RECEIPTS\RECYCLE_BIN_RECOVERY_20260604_203541\RECOVERED_ITEMS\ITEM_0001__123\123\Jxhnny_Kl33N_Seedz\CleanSeedsBuild\PROOF_HISTORY\DESKTOP_DROP_FOLDER_INTAKE_ARCHIVE_20260511\Clean_Milk_FRESH_ASSESSMENT_DROP_20260511_004711\CLEAN_SEED_WRAP_GUIDE.txt","64"
"PRIVATE_SEALED",".\_LOCAL_CUSTODY_N_RECEIPTS\RECYCLE_BIN_RECOVERY_20260604_203541\RECOVERED_ITEMS\ITEM_0006__123\123\Jxhnny_Kl33N_Seedz\CleanSeedsBuild\PROOF_HISTORY\BACKUP_CLEAN_SEED_WRAP_GUIDE_BEFORE_LOCAL_FILE_LANE_LEAD_INSTALL_20260511.txt","64"
"PRIVATE_SEALED",".\_LOCAL_CUSTODY_N_RECEIPTS\RECYCLE_BIN_RECOVERY_20260604_203541\RECOVERED_ITEMS\ITEM_0001__123\123\Jxhnny_Kl33N_Seedz\PROOF_HISTORY\DESKTOP_DROP_FOLDER_INTAKE_ARCHIVE_20260511\Clean_Milk_FRESH_ASSESSMENT_DROP_20260511_004711\CLEAN_SEED_WRAP_GUIDE.txt","64"
"PRIVATE_SEALED",".\_LOCAL_CUSTODY_N_RECEIPTS\RECYCLE_BIN_RECOVERY_20260604_203541\RECOVERED_ITEMS\ITEM_0002__Teleporter137_\Teleporter137_\Jxhnny_Kl33N_Seedz\CleanSeedsBuild\PROOF_HISTORY\BACKUP_CLEAN_SEED_WRAP_GUIDE_BEFORE_LOCAL_FILE_LANE_LEAD_INSTALL_20260511.txt","64"
"PRIVATE_SEALED",".\Jxhnny_Kl33N_Seedz\PROOF_HISTORY\DESKTOP_DROP_FOLDER_INTAKE_ARCHIVE_20260511\Clean_Milk_FRESH_ASSESSMENT_DROP_20260511_004711\CLEAN_SEED_WRAP_GUIDE.txt","64"
"PRIVATE_SEALED",".\_LOCAL_CUSTODY_N_RECEIPTS\RECYCLE_BIN_RECOVERY_20260604_203541\RECOVERED_ITEMS\ITEM_0006__123\123\Jxhnny_Kl33N_Seedz\CleanSeedsBuild\ACTIVE_GUIDES\CLEAN_SEED_WRAP_GUIDE.txt","64"
"PRIVATE_SEALED",".\_LOCAL_CUSTODY_N_RECEIPTS\RECYCLE_BIN_RECOVERY_20260604_203541\RECOVERED_ITEMS\ITEM_0006__123\123\Jxhnny_Kl33N_Seedz\CleanSeedsBuild\PROOF_HISTORY\BACKUP_CLEAN_SEED_WRAP_GUIDE_BEFORE_TINY_WORKING_PATH_INSTALL_20260511.txt","64"
"PRIVATE_SEALED",".\_LOCAL_CUSTODY_N_RECEIPTS\RECYCLE_BIN_RECOVERY_20260604_203541\RECOVERED_ITEMS\ITEM_0002__Teleporter137_\Teleporter137_\Jxhnny_Kl33N_Seedz\PROOF_HISTORY\DESKTOP_DROP_FOLDER_INTAKE_ARCHIVE_20260511\Clean_Milk_FRESH_ASSESSMENT_DROP_20260511_004711\CLEAN_SEED_WRAP_GUIDE.txt","64"
"PRIVATE_SEALED",".\_LOCAL_CUSTODY_N_RECEIPTS\RECYCLE_BIN_RECOVERY_20260604_203541\RECOVERED_ITEMS\ITEM_0006__123\123\Jxhnny_Kl33N_Seedz\CleanSeedsBuild\PROOF_HISTORY\BACKUP_CLEAN_SEED_WRAP_GUIDE_BEFORE_TINY_INSTALL_PACKET_SCOPE_COMPLETION_20260511.txt","64"
"PRIVATE_SEALED",".\_LOCAL_CUSTODY_N_RECEIPTS\RECYCLE_BIN_RECOVERY_20260604_203541\RECOVERED_ITEMS\ITEM_0002__Teleporter137_\Teleporter137_\Jxhnny_Kl33N_Seedz\CleanSeedsBuild\PROOF_HISTORY\BACKUP_CLEAN_SEED_WRAP_GUIDE_BEFORE_TINY_INSTALL_PACKET_SCOPE_COMPLETION_20260511.txt","64"
"PRIVATE_SEALED",".\_LOCAL_CUSTODY_N_RECEIPTS\RECYCLE_BIN_RECOVERY_20260604_203541\RECOVERED_ITEMS\ITEM_0002__Teleporter137_\Teleporter137_\Jxhnny_Kl33N_Seedz\CleanSeedsBuild\PROOF_HISTORY\BACKUP_CLEAN_SEED_WRAP_GUIDE_BEFORE_TINY_WORKING_PATH_INSTALL_20260511.txt","64"
"PRIVATE_SEALED",".\_LOCAL_CUSTODY_N_RECEIPTS\RECYCLE_BIN_RECOVERY_20260604_203541\RECOVERED_ITEMS\ITEM_0002__Teleporter137_\Teleporter137_\Jxhnny_Kl33N_Seedz\CleanSeedsBuild\PROOF_HISTORY\DESKTOP_DROP_FOLDER_INTAKE_ARCHIVE_20260511\Clean_Milk_FRESH_ASSESSMENT_DROP_20260511_004711\CLEAN_SEED_WRAP_GUIDE.txt","64"
"PRIVATE_SEALED",".\_LOCAL_CUSTODY_N_RECEIPTS\RECYCLE_BIN_RECOVERY_20260604_203541\RECOVERED_ITEMS\ITEM_0001__123\123\Jxhnny_Kl33N_Seedz\CleanSeedsBuild\ACTIVE_GUIDES\CLEAN_SEED_WRAP_GUIDE.txt","64"
"PRIVATE_SEALED",".\Jxhnny_Kl33N_Seedz\CleanSeedsBuild\PROOF_HISTORY\BACKUP_CLEAN_SEED_WRAP_GUIDE_BEFORE_TINY_INSTALL_PACKET_SCOPE_COMPLETION_20260511.txt","64"
"PRIVATE_SEALED",".\Jxhnny_Kl33N_Seedz\CleanSeedsBuild\PROOF_HISTORY\BACKUP_CLEAN_SEED_WRAP_GUIDE_BEFORE_TINY_WORKING_PATH_INSTALL_20260511.txt","64"
"PRIVATE_SEALED",".\_LOCAL_CUSTODY_N_RECEIPTS\RECYCLE_BIN_RECOVERY_20260604_203541\RECOVERED_ITEMS\ITEM_0001__123\123\Jxhnny_Kl33N_Seedz\CleanSeedsBuild\PROOF_HISTORY\BACKUP_CLEAN_SEED_WRAP_GUIDE_BEFORE_TINY_INSTALL_PACKET_SCOPE_COMPLETION_20260511.txt","64"
"PRIVATE_SEALED",".\_LOCAL_CUSTODY_N_RECEIPTS\RECYCLE_BIN_RECOVERY_20260604_203541\RECOVERED_ITEMS\ITEM_0001__123\123\Jxhnny_Kl33N_Seedz\CleanSeedsBuild\PROOF_HISTORY\BACKUP_CLEAN_SEED_WRAP_GUIDE_BEFORE_LOCAL_FILE_LANE_LEAD_INSTALL_20260511.txt","64"
"PRIVATE_SEALED",".\Jxhnny_Kl33N_Seedz\CleanSeedsBuild\CleanSeed_Backups\CleanSeed_SourceTruth_Backup_20260509_233207\SOURCE_COPY\CLEAN_SEED_WRAP_GUIDE.txt","63"
"PRIVATE_SEALED",".\Jxhnny_Kl33N_Seedz\PROOF_HISTORY\BACKUP_ACTIVE_GUIDES_BEFORE_CURRENT_IDEA_PLACEMENT_20260510\CLEAN_SEED_WRAP_GUIDE.txt","63"
"PRIVATE_SEALED",".\_LOCAL_CUSTODY_N_RECEIPTS\RECYCLE_BIN_RECOVERY_20260604_203541\RECOVERED_ITEMS\ITEM_0006__123\123\Jxhnny_Kl33N_Seedz\CleanSeedsBuild\CleanSeed_Backups\CleanSeed_SourceTruth_Backup_20260509_233207\SOURCE_COPY\CLEAN_SEED_WRAP_GUIDE.txt","63"
"PRIVATE_SEALED",".\_LOCAL_CUSTODY_N_RECEIPTS\RECYCLE_BIN_RECOVERY_20260604_203541\RECOVERED_ITEMS\ITEM_0002__Teleporter137_\Teleporter137_\Jxhnny_Kl33N_Seedz\CleanSeedsBuild\CleanSeed_Backups\CleanSeed_SourceTruth_Backup_20260509_233207\SOURCE_COPY\CLEAN_SEED_WRAP_GUIDE.txt","63"
"PRIVATE_SEALED",".\_LOCAL_CUSTODY_N_RECEIPTS\RECYCLE_BIN_RECOVERY_20260604_203541\RECOVERED_ITEMS\ITEM_0001__123\123\Jxhnny_Kl33N_Seedz\CleanSeedsBuild\CleanSeed_Backups\CleanSeed_SourceTruth_Backup_20260509_233207\SOURCE_COPY\CLEAN_SEED_WRAP_GUIDE.txt","63"
"PRIVATE_SEALED",".\_LOCAL_CUSTODY_N_RECEIPTS\RECYCLE_BIN_RECOVERY_20260604_203541\RECOVERED_ITEMS\ITEM_0002__Teleporter137_\Teleporter137_\Jxhnny_Kl33N_Seedz\PROOF_HISTORY\BACKUP_ACTIVE_GUIDES_BEFORE_CURRENT_IDEA_PLACEMENT_20260510\CLEAN_SEED_WRAP_GUIDE.txt","63"
"PRIVATE_SEALED",".\_LOCAL_CUSTODY_N_RECEIPTS\RECYCLE_BIN_RECOVERY_20260604_203541\RECOVERED_ITEMS\ITEM_0001__123\123\Jxhnny_Kl33N_Seedz\PROOF_HISTORY\BACKUP_ACTIVE_GUIDES_BEFORE_CURRENT_IDEA_PLACEMENT_20260510\CLEAN_SEED_WRAP_GUIDE.txt","63"
"PRIVATE_SEALED",".\_LOCAL_CUSTODY_N_RECEIPTS\RECYCLE_BIN_RECOVERY_20260604_203541\RECOVERED_ITEMS\ITEM_0002__Teleporter137_\Teleporter137_\Jxhnny_Kl33N_Seedz\SOURCE_TRANSFER\TEXT_INCOMING\CLEAN_SEED_ALIGNMENT_CHECK.txt","61"
"PRIVATE_SEALED",".\Jxhnny_Kl33N_Seedz\CleanSeedsBuild\CleanSeed_Backups\CleanSeed_SourceTruth_Backup_20260509_233207\SOURCE_COPY\PROOF_HISTORY\BACKUP_BEFORE_COMMAND_MAP_HOUSEKEEPING_LOCK_20260509_203930\CLEAN_SEED_ALIGNMENT_CHECK.txt","61"
"PRIVATE_SEALED",".\Jxhnny_Kl33N_Seedz\PROOF_HISTORY\RECYCLE_BIN_QUARANTINE_20260510\ITEM_0103__CLEAN_SEED_WRAP_GUIDE_(1).txt\CLEAN_SEED_WRAP_GUIDE (1).txt","61"
"PRIVATE_SEALED",".\_LOCAL_CUSTODY_N_RECEIPTS\RECYCLE_BIN_RECOVERY_20260604_203541\RECOVERED_ITEMS\ITEM_0001__123\123\Jxhnny_Kl33N_Seedz\SOURCE_TRANSFER\TEXT_INCOMING\CLEAN_SEED_WRAP_GUIDE.txt","61"
"PRIVATE_SEALED",".\_LOCAL_CUSTODY_N_RECEIPTS\RECYCLE_BIN_RECOVERY_20260604_203541\RECOVERED_ITEMS\ITEM_0002__Teleporter137_\Teleporter137_\Jxhnny_Kl33N_Seedz\PROOF_HISTORY\BACKUP_BEFORE_COMMAND_MAP_HOUSEKEEPING_LOCK_20260509_203930\CLEAN_SEED_ALIGNMENT_CHECK.txt","61"
"PRIVATE_SEALED",".\_LOCAL_CUSTODY_N_RECEIPTS\RECYCLE_BIN_RECOVERY_20260604_203541\RECOVERED_ITEMS\ITEM_0001__123\123\Jxhnny_Kl33N_Seedz\CleanSeedsBuild\CleanSeed_Backups\CleanSeed_SourceTruth_Backup_20260509_233207\SOURCE_COPY\PROOF_HISTORY\BACKUP_BEFORE_COMMAND_MAP_HOUSEKEEPING_LOCK_20260509_203930\ROOT_COPY_CLEAN_SEED_ALIGNMENT_CHECK.txt","61"
"PRIVATE_SEALED",".\_LOCAL_CUSTODY_N_RECEIPTS\RECYCLE_BIN_RECOVERY_20260604_203541\RECOVERED_ITEMS\ITEM_0006__123\123\Jxhnny_Kl33N_Seedz\CleanSeedsBuild\CleanSeed_Backups\CleanSeed_SourceTruth_Backup_20260509_233207\SOURCE_COPY\PROOF_HISTORY\BACKUP_BEFORE_COMMAND_MAP_HOUSEKEEPING_LOCK_20260509_203930\ROOT_COPY_CLEAN_SEED_WRAP_GUIDE.txt","61"
"PRIVATE_SEALED",".\_LOCAL_CUSTODY_N_RECEIPTS\RECYCLE_BIN_RECOVERY_20260604_203541\RECOVERED_ITEMS\ITEM_0002__Teleporter137_\Teleporter137_\Jxhnny_Kl33N_Seedz\PROOF_HISTORY\RECYCLE_BIN_QUARANTINE_20260510\ITEM_0056__CLEAN_SEED_ALIGNMENT_CHECK_(1).txt\CLEAN_SEED_ALIGNMENT_CHECK (1).txt","61"
"PRIVATE_SEALED",".\_LOCAL_CUSTODY_N_RECEIPTS\RECYCLE_BIN_RECOVERY_20260604_203541\RECOVERED_ITEMS\ITEM_0001__123\123\Jxhnny_Kl33N_Seedz\PROOF_HISTORY\BACKUP_BEFORE_COMMAND_MAP_HOUSEKEEPING_LOCK_20260509_203930\CLEAN_SEED_WRAP_GUIDE.txt","61"
"OUTSIDE_SOURCE",".\Jxhnny_Kl33N_Seedz\HOUSE_WORK\GATE_RINGS\HOUSE_GATE_WASH_RUN_20260524\NO_CONSOLIDATOR_WAVE_CONTRIBUTIONS_5X.csv","9000"
"OUTSIDE_SOURCE",".\Jxhnny_Kl33N_Seedz\HOUSE_WORK\GATE_RINGS\MASTER_EXPANDED_GATE_RING_RUN2_10200_20260524\MASTER_GATE_RING_10200_RUN2_ORDERED_CANDIDATE.csv","3013"
"OUTSIDE_SOURCE",".\_MISC_DRAWER\READ_REPORTS\FULL_HOUSE_GATE_WASH_SINGLE_COMMAND_SUPERVISOR_V3_FINDINGS_20260530_105416.csv","2966"
"OUTSIDE_SOURCE",".\_MISC_DRAWER\READ_REPORTS\FULL_HOUSE_GATE_WASH_SINGLE_COMMAND_SUPERVISOR_V3_FINDINGS_20260530_105329.csv","2966"
"OUTSIDE_SOURCE",".\Jxhnny_Kl33N_Seedz\HOUSE_WORK\GATE_RINGS\MASTER_EXPANDED_GATE_RING_RUN2_10200_20260524\MASTER_GATE_RING_10200_RUN2_ORDERED_CANDIDATE.md","2424"
"OUTSIDE_SOURCE",".\Jxhnny_Kl33N_Seedz\HOUSE_WORK\GATE_RINGS\MASTER_EXPANDED_GATE_RING_20260524\PRE_RUN2_BASELINE_20260524_233000\MASTER_GATE_RING_3400_EXPANDED_ORDERED_CANDIDATE.md","657"
"OUTSIDE_SOURCE",".\Jxhnny_Kl33N_Seedz\HOUSE_WORK\GATE_RINGS\MASTER_EXPANDED_GATE_RING_20260524\MASTER_GATE_RING_3400_EXPANDED_ORDERED_CANDIDATE.md","657"
"OUTSIDE_SOURCE",".\Jxhnny_Kl33N_Seedz\HOUSE_WORK\GATE_RINGS\MASTER_EXPANDED_GATE_RING_20260524\PRE_RUN2_BASELINE_20260524_233000\MASTER_GATE_RING_3400_EXPANDED_ORDERED_CANDIDATE.csv","652"
"OUTSIDE_SOURCE",".\Jxhnny_Kl33N_Seedz\HOUSE_WORK\GATE_RINGS\MASTER_EXPANDED_GATE_RING_20260524\MASTER_GATE_RING_3400_EXPANDED_ORDERED_CANDIDATE.csv","652"
"OUTSIDE_SOURCE",".\Jxhnny_Kl33N_Seedz\HOUSE_WORK\IDEA_CONCEPT_COLLECTION_ROOM\PAST_WEEK_20260524_20260531\RUN_20260531_141441\PAST_WEEK_IDEA_CONCEPT_CAPTURE_V1_20260531_CONCEPT_SIGNAL_LEDGER.csv","310"
"OUTSIDE_SOURCE",".\Jxhnny_Kl33N_Seedz\HOUSE_WORK\IDEA_CONCEPT_COLLECTION_ROOM\PAST_WEEK_20260524_20260531\RUN_20260531_141441\PAST_WEEK_IDEA_CONCEPT_SYNTHESIS_V1_20260531_UNIQUE_CONCEPTS_LEDGER.csv","207"
"OUTSIDE_SOURCE",".\_MISC_DRAWER\READ_REPORTS\DEEPER_HOUSE_RULES_ROOMS_TOOLS_RESOURCES_SIGNAL_LEDGER_V2_20260528_010508.csv","135"
"OUTSIDE_SOURCE",".\Jxhnny_Kl33N_Seedz\HOUSE_WORK\GATE_RINGS\MASTER_500_GATE_RING_20260524\MASTER_GATE_RING_510_ORDERED_CANDIDATE.md","99"
"OUTSIDE_SOURCE",".\Jxhnny_Kl33N_Seedz\HOUSE_WORK\GATE_RINGS\MASTER_500_GATE_RING_20260524\PRE_EXPANSION_BASELINE_20260524_225710\MASTER_GATE_RING_510_ORDERED_CANDIDATE.md","99"
"OUTSIDE_SOURCE",".\_LOCAL_CUSTODY_AND_RECEIPTS\ROOT_LOOSE_DOCS_20260531_033722\HELPER CAPABILITY SYSTEM_V2.3.txt","98"
"OUTSIDE_SOURCE",".\Jxhnny_Kl33N_Seedz\HOUSE_WORK\GATE_RINGS\MASTER_500_GATE_RING_20260524\PRE_EXPANSION_BASELINE_20260524_225710\MASTER_GATE_RING_510_ORDERED_CANDIDATE.csv","98"
"OUTSIDE_SOURCE",".\_LOCAL_CUSTODY_AND_RECEIPTS\ROOT_LEGACY_RESIDUE_PHASE2_20260603_234817\PARKED_PACKAGES_PENDING_REVIEW\HELPER_CAPABILITY_SYSTEM_V2_3_HOUSE_HARNESS_PACK_V0_2\01_SOURCE_DRAFT\HELPER_CAPABILITY_SYSTEM_V2_3_FULL_SOURCE_DRAFT.md","98"
"OUTSIDE_SOURCE",".\Jxhnny_Kl33N_Seedz\HOUSE_WORK\GATE_RINGS\MASTER_500_GATE_RING_20260524\MASTER_GATE_RING_510_ORDERED_CANDIDATE.csv","98"
"OUTSIDE_SOURCE",".\_LOCAL_CUSTODY_N_RECEIPTS\RECYCLE_BIN_RECOVERY_20260604_203541\RECOVERED_ITEMS\ITEM_0024__.petmpE1D55D\.petmpE1D55D\01_SOURCE_DRAFT\HELPER_CAPABILITY_SYSTEM_V2_3_FULL_SOURCE_DRAFT.md","98"
"OUTSIDE_SOURCE",".\_LOCAL_CUSTODY_AND_RECEIPTS\ROOT_LEGACY_RESIDUE_PHASE2_20260603_234817\PARKED_PACKAGES_PENDING_REVIEW\HELPER_CAPABILITY_SYSTEM_V2_3_HOUSE_HARNESS_PACK_V0_2\SOURCE_DRAFT_PACKAGE\01_SOURCE_DRAFT\HELPER_CAPABILITY_SYSTEM_V2_3_FULL_SOURCE_DRAFT.md","98"
"OUTSIDE_SOURCE",".\_LOCAL_CUSTODY_AND_RECEIPTS\ROOT_LEGACY_RESIDUE_PHASE2_20260603_234817\PARKED_PACKAGES_PENDING_REVIEW\LOWER_CAUSE_SEARCH_METHOD_LAB_20260601\RAW_WORK\RAW_CARD_COLLECTION.txt","93"
"OUTSIDE_SOURCE",".\_LOCAL_CUSTODY_N_RECEIPTS\RECYCLE_BIN_RECOVERY_20260604_203541\RECOVERED_ITEMS\ITEM_0014__RAW_CARD_COLLECTION.txt\RAW_CARD_COLLECTION.txt","93"
"OUTSIDE_SOURCE",".\_MISC_DRAWER\READ_REPORTS\DEEPER_HOUSE_RULES_ROOMS_TOOLS_RESOURCES_FILE_LEDGER_V2_20260528_010508.csv","89"
"OUTSIDE_SOURCE",".\_LOCAL_CUSTODY_N_RECEIPTS\LOSSLESS_CUSTODY_ACCOUNTING_FAMILY_AUDIT_20260604\LOSSLESS_CUSTODY_FOCUSED_RULE_CONCEPT_INDEX.csv","87"
"OUTSIDE_SOURCE",".\_SOURCE_RESEARCH_NOTES\ROOT_TEXT_DROPS_20260603\CONSUMED_BY_REPO_SAVE\nextmove.txt","85"
"OUTSIDE_SOURCE",".\_LOCAL_CUSTODY_AND_RECEIPTS\ROOT_LEGACY_RESIDUE_PHASE2_20260603_234817\PARKED_PACKAGES_PENDING_REVIEW\HOUSE_DOCK_CONTROL_ROOM_SAVE_PACKET_V1\98_SOURCE_RAW\FINAL_RAW_PROGRESS.txt","61"
"OUTSIDE_SOURCE",".\_MISC_DRAWER\READ_REPORTS\DEEPER_HOUSE_RULES_ROOMS_TOOLS_RESOURCES_GAP_LEDGER_V2_20260528_010508.csv","54"
"OUTSIDE_SOURCE",".\_LOCAL_CUSTODY_AND_RECEIPTS\ROOT_LOOSE_DOCS_20260531_033722\HELPER CAPABILITY BOUNDARIES_V1.8.2.txt","49"
"OUTSIDE_SOURCE",".\HOUSE_WORK\PROJECT_COMMAND_CENTER_UI_LANE\HELPER_FILE_EXPOSURE_AND_33RD_PRIVATE_WORK_PROTOCOL_V0_1_20260606\SOURCE_RAW\HELPER_FILE_EXPOSURE_AND_33RD_PRIVATE_WORK_PROTOCOL_V0_1_RAW_20260606.md","42"
"OUTSIDE_SOURCE",".\_LOCAL_CUSTODY_N_RECEIPTS\RECYCLE_BIN_RECOVERY_20260604_203541\RECOVERED_ITEMS\ITEM_0023__.petmp547236\.petmp547236\02_CHUNKS\CHUNK_06_FINAL_SEWN_OBJECT_EDWARD_FINAL_JUDGE.md","38"
"OUTSIDE_SOURCE",".\_LOCAL_CUSTODY_AND_RECEIPTS\ROOT_LEGACY_RESIDUE_PHASE2_20260603_234817\PARKED_PACKAGES_PENDING_REVIEW\HELPER_CAPABILITY_SYSTEM_V2_3_HOUSE_HARNESS_PACK_V0_2\CHUNK_06_FINAL_SEWN_OBJECT_EDWARD_FINAL_JUDGE_PACKAGE\02_CHUNKS\CHUNK_06_FINAL_SEWN_OBJECT_EDWARD_FINAL_JUDGE.md","38"
"OUTSIDE_SOURCE",".\_LOCAL_CUSTODY_AND_RECEIPTS\ROOT_LEGACY_RESIDUE_PHASE2_20260603_234817\PARKED_PACKAGES_PENDING_REVIEW\HELPER_CAPABILITY_SYSTEM_V2_3_HOUSE_HARNESS_PACK_V0_2\02_CHUNKS\CHUNK_06_FINAL_SEWN_OBJECT_EDWARD_FINAL_JUDGE.md","38"
"OUTSIDE_SOURCE",".\_LOCAL_CUSTODY_AND_RECEIPTS\ROOT_LEGACY_RESIDUE_PHASE2_20260603_234817\PARKED_PACKAGES_PENDING_REVIEW\HELPER_CAPABILITY_SYSTEM_V2_3_HOUSE_HARNESS_PACK_V0_2\ALL_10_CHUNKS_PACKAGE\02_CHUNKS\CHUNK_06_FINAL_SEWN_OBJECT_EDWARD_FINAL_JUDGE.md","38"
"OUTSIDE_SOURCE",".\_LOCAL_CUSTODY_AND_RECEIPTS\ROOT_LEGACY_RESIDUE_PHASE2_20260603_234817\PARKED_PACKAGES_PENDING_REVIEW\PARKING_GATE_CONTROL_SURFACE_V1\raw progress.txt","35"
"OUTSIDE_SOURCE",".\_LOCAL_CUSTODY_N_RECEIPTS\RECYCLE_BIN_RECOVERY_20260604_203541\RECOVERED_ITEMS\ITEM_0015__raw progress.txt\raw progress.txt","35"
"OUTSIDE_SOURCE",".\_SOURCE_RESEARCH_NOTES\ROOT_TEXT_DROPS_20260603\CONSUMED_BY_REPO_SAVE\mulenotes.txt","31"
"OUTSIDE_SOURCE",".\_LOCAL_CUSTODY_N_RECEIPTS\RECYCLE_BIN_RECOVERY_20260604_203541\RECOVERED_ITEMS\ITEM_0002__Teleporter137_\Teleporter137_\Jxhnny_Kl33N_Seedz\HOUSE_WORK\INDEXES\CURRENT_HOUSE_WORK_STATUS.md","30"
"OUTSIDE_SOURCE",".\_LOCAL_CUSTODY_N_RECEIPTS\RECYCLE_BIN_RECOVERY_20260604_203541\RECOVERED_ITEMS\ITEM_0027__Helper Capability_V1.txt\Helper Capability_V1.txt","30"
"OUTSIDE_SOURCE",".\_LOCAL_CUSTODY_N_RECEIPTS\RECYCLE_BIN_RECOVERY_20260604_203541\RECOVERED_ITEMS\ITEM_0001__123\123\Jxhnny_Kl33N_Seedz\HOUSE_WORK\INDEXES\CURRENT_HOUSE_WORK_STATUS.md","30"
"OUTSIDE_SOURCE",".\Jxhnny_Kl33N_Seedz\HOUSE_WORK\GATE_RINGS\MASTER_EXPANDED_GATE_RING_RUN2_10200_20260524\BUILD_MASTER_EXPANDED_GATE_RING_RUN2_20260524.ps1","29"
"OUTSIDE_SOURCE",".\_LOCAL_CUSTODY_AND_RECEIPTS\ROOT_LOOSE_DOCS_20260531_033722\ROAD_MAP_V1.txt","27"
"OUTSIDE_SOURCE",".\Jxhnny_Kl33N_Seedz\HOUSE_WORK\IDEA_CONCEPT_COLLECTION_ROOM\PAST_WEEK_20260524_20260531\RUN_20260531_141441\PAST_WEEK_IDEA_CONCEPT_CAPTURE_V1_20260531_LOCAL_RECENT_FILE_INVENTORY.csv","27"
"OUTSIDE_SOURCE",".\_LOCAL_CUSTODY_AND_RECEIPTS\ROOT_LOOSE_DOCS_20260530_200709\working ways ideas.txt","26"
"OUTSIDE_SOURCE",".\Jxhnny_Kl33N_Seedz\BRAIN_LEARNING\LIVING_INTAKE_PROTOCOL_STACK_V4_TRUE_PATHING_CANDIDATE_20260530.md","26"
"OUTSIDE_SOURCE",".\Jxhnny_Kl33N_Seedz\PUBLIC_NOTES\JOJI_88_UNIVERSAL_METHOD_TABLE_AND_MASTER_SEAT_DISCOVERY_DRAFT_20260516.txt","24"
"OUTSIDE_SOURCE",".\_LOCAL_CUSTODY_N_RECEIPTS\RECYCLE_BIN_RECOVERY_20260604_203541\RECOVERED_ITEMS\ITEM_0002__Teleporter137_\Teleporter137_\Jxhnny_Kl33N_Seedz\PUBLIC_NOTES\JOJI_88_UNIVERSAL_METHOD_TABLE_AND_MASTER_SEAT_DISCOVERY_DRAFT_20260516.txt","24"
"OUTSIDE_SOURCE",".\_LOCAL_CUSTODY_N_RECEIPTS\RECYCLE_BIN_RECOVERY_20260604_203541\RECOVERED_ITEMS\ITEM_0001__123\123\Jxhnny_Kl33N_Seedz\PUBLIC_NOTES\JOJI_88_UNIVERSAL_METHOD_TABLE_AND_MASTER_SEAT_DISCOVERY_DRAFT_20260516.txt","24"
"OUTSIDE_SOURCE",".\_LOCAL_CUSTODY_AND_RECEIPTS\ROOT_LEGACY_RESIDUE_PHASE2_20260603_234817\PARKED_PACKAGES_PENDING_REVIEW\HELPER_CONTEXT_AUTHORITY_PROOF_RESEARCH_PACK_20260531\01_CURRENT_ACCEPTED_BATCHES\BATCH_03_PROOF_PROVENANCE_AND_ARTIFACTS_V3_20260531.md","23"
"OUTSIDE_SOURCE",".\_LOCAL_CUSTODY_AND_RECEIPTS\ROOT_LOOSE_DOCS_20260531_033722\true pathing.txt","23"
"OUTSIDE_SOURCE",".\_LOCAL_CUSTODY_AND_RECEIPTS\ROOT_LOOSE_DOCS_20260530_200709\true pathing.txt","23"
"OUTSIDE_SOURCE",".\Jxhnny_Kl33N_Seedz\HOUSE_WORK\WORK_SHED\SOURCE_ORE\TRUE_PATHING_REPLY_SOURCE_COPY_20260530.txt","23"
"OUTSIDE_SOURCE",".\_LOCAL_CUSTODY_N_RECEIPTS\RECYCLE_BIN_RECOVERY_20260604_203541\RECOVERED_ITEMS\ITEM_0002__Teleporter137_\Teleporter137_\Jxhnny_Kl33N_Seedz\SOURCE_TRANSFER\MD_INCOMING\HOUSE_WALK_DEEP_REVISED_HELD_20260520.md","20"
"OUTSIDE_SOURCE",".\_LOCAL_CUSTODY_N_RECEIPTS\RECYCLE_BIN_RECOVERY_20260604_203541\RECOVERED_ITEMS\ITEM_0001__123\123\Jxhnny_Kl33N_Seedz\SOURCE_TRANSFER\MD_INCOMING\HOUSE_WALK_DEEP_REVISED_HELD_20260520.md","20"
"OUTSIDE_SOURCE",".\Jxhnny_Kl33N_Seedz\SOURCE_TRANSFER\MD_INCOMING\HOUSE_WALK_DEEP_REVISED_HELD_20260520.md","20"
"OUTSIDE_SOURCE",".\Jxhnny_Kl33N_Seedz\HOUSE_WORK\IDEA_CONCEPT_COLLECTION_ROOM\PAST_WEEK_20260524_20260531\RUN_20260531_141441\PAST_WEEK_IDEA_CONCEPT_SYNTHESIS_V1_20260531_WANT_LATER_LEDGER.csv","19"
"OUTSIDE_SOURCE",".\_LOCAL_CUSTODY_N_RECEIPTS\RECYCLE_BIN_RECOVERY_20260604_203541\RECOVERED_ITEMS\ITEM_0001__123\123\Jxhnny_Kl33N_Seedz\SOURCE_TRANSFER\MD_INCOMING\HOUSE_NERVOUS_SYSTEM_ALARM_DEBUGGER_MESH_RESEARCH_PACKET_20260520.md","18"
"OUTSIDE_SOURCE",".\_LOCAL_CUSTODY_AND_RECEIPTS\ROOT_LEGACY_RESIDUE_PHASE2_20260603_234817\PARKED_PACKAGES_PENDING_REVIEW\HELPER_CAPABILITY_SYSTEM_V2_3_HOUSE_HARNESS_PACK_V0_2\CHUNK_03_CORE_ARCHITECTURE_REBUILD_PACKAGE\02_CHUNKS\CHUNK_03_CORE_ARCHITECTURE_REBUILD.md","18"
"OUTSIDE_SOURCE",".\_LOCAL_CUSTODY_N_RECEIPTS\RECYCLE_BIN_RECOVERY_20260604_203541\RECOVERED_ITEMS\ITEM_0023__.petmp547236\.petmp547236\02_CHUNKS\CHUNK_03_CORE_ARCHITECTURE_REBUILD.md","18"
"OUTSIDE_SOURCE",".\HOUSE_WORK\PROJECT_COMMAND_CENTER_UI_LANE\HELPER_FILE_SURFACE_PREFLIGHT_20260606\MULE_WORKING_ORDER__HELPER_FILE_SURFACE_PREFLIGHT_AND_BOUNDED_OUTSIDE_SOURCE_RULE_20260606.md","18"
"OUTSIDE_SOURCE",".\_LOCAL_CUSTODY_AND_RECEIPTS\ROOT_LEGACY_RESIDUE_PHASE2_20260603_234817\PARKED_PACKAGES_PENDING_REVIEW\HELPER_CAPABILITY_SYSTEM_V2_3_HOUSE_HARNESS_PACK_V0_2\02_CHUNKS\CHUNK_03_CORE_ARCHITECTURE_REBUILD.md","18"
"OUTSIDE_SOURCE",".\_LOCAL_CUSTODY_AND_RECEIPTS\ROOT_LEGACY_RESIDUE_PHASE2_20260603_234817\PARKED_PACKAGES_PENDING_REVIEW\HELPER_CAPABILITY_SYSTEM_V2_3_HOUSE_HARNESS_PACK_V0_2\ALL_10_CHUNKS_PACKAGE\02_CHUNKS\CHUNK_03_CORE_ARCHITECTURE_REBUILD.md","18"
"OUTSIDE_SOURCE",".\_LOCAL_CUSTODY_N_RECEIPTS\RECYCLE_BIN_RECOVERY_20260604_203541\RECOVERED_ITEMS\ITEM_0030__Thinkin.txt\Thinkin.txt","18"
"OUTSIDE_SOURCE",".\Jxhnny_Kl33N_Seedz\SOURCE_TRANSFER\MD_INCOMING\HOUSE_NERVOUS_SYSTEM_ALARM_DEBUGGER_MESH_RESEARCH_PACKET_20260520.md","18"
"OUTSIDE_SOURCE",".\_LOCAL_CUSTODY_N_RECEIPTS\RECYCLE_BIN_RECOVERY_20260604_203541\RECOVERED_ITEMS\ITEM_0002__Teleporter137_\Teleporter137_\Jxhnny_Kl33N_Seedz\SOURCE_TRANSFER\MD_INCOMING\HOUSE_NERVOUS_SYSTEM_ALARM_DEBUGGER_MESH_RESEARCH_PACKET_20260520.md","18"
"OUTSIDE_SOURCE",".\HOUSE_WORK\PROJECT_COMMAND_CENTER_UI_LANE\HELPER_FILE_EXPOSURE_AND_33RD_PRIVATE_WORK_PROTOCOL_V0_1_20260606\HELPER_FILE_EXPOSURE_AND_33RD_PRIVATE_WORK_PROTOCOL_WORKING_ORDER_V0_1_20260606.md","17"
"OUTSIDE_SOURCE",".\_LOCAL_CUSTODY_AND_RECEIPTS\ROOT_LEGACY_RESIDUE_PHASE2_20260603_234817\PARKED_PACKAGES_PENDING_REVIEW\HELPER_CONTEXT_AUTHORITY_PROOF_RESEARCH_PACK_20260531\03_MATRICES\EXPANDED_RESEARCH_MATRIX_HELPER_CONTEXT_AUTHORITY_PROOF_V2_20260531.csv","17"
"OUTSIDE_SOURCE",".\_LOCAL_CUSTODY_AND_RECEIPTS\ROOT_LEGACY_RESIDUE_PHASE2_20260603_234817\PARKED_PACKAGES_PENDING_REVIEW\HELPER_CONTEXT_AUTHORITY_PROOF_RESEARCH_PACK_20260531\02_SOURCE_REPAIRS\MULE_RESEARCH_IDEA_MATRIX_HELPER_CONTEXT_CARRIER_V2_20260531.csv","17"
"OUTSIDE_SOURCE",".\_LOCAL_CUSTODY_N_RECEIPTS\RECYCLE_BIN_RECOVERY_20260604_203541\RECOVERED_ITEMS\ITEM_0046__HELPER CAPABILITY BOUNDARIES_V1.8.2.txt\HELPER CAPABILITY BOUNDARIES_V1.8.2.txt","15"
"OUTSIDE_SOURCE",".\_MISC_DRAWER\READ_REPORTS\DEEPER_HOUSE_RULES_ROOMS_TOOLS_RESOURCES_WALK_V2_20260528_010508.md","15"
"OUTSIDE_SOURCE",".\_SOURCE_RESEARCH_NOTES\FILES.txt","15"
"OUTSIDE_SOURCE",".\_LOCAL_CUSTODY_N_RECEIPTS\RECYCLE_BIN_RECOVERY_20260604_203541\RECOVERED_ITEMS\ITEM_0045__ff.txt\ff.txt","15"
"OUTSIDE_SOURCE",".\_LOCAL_CUSTODY_N_RECEIPTS\RECYCLE_BIN_RECOVERY_20260604_203541\RECOVERED_ITEMS\ITEM_0023__.petmp547236\.petmp547236\02_CHUNKS\CHUNK_01_SOURCE_WEB_OUTSIDE_PATTERN_HARVEST.md","14"
"OUTSIDE_SOURCE",".\Jxhnny_Kl33N_Seedz\SOURCE_ORE\BITSTRING_ABYSS_SECOND_PASS_DELTA_INTAKE_20260519\BITSTRING_ABYSS_SECOND_PASS_DELTA_REPORT_20260519.md","14"
"OUTSIDE_SOURCE",".\_LOCAL_CUSTODY_N_RECEIPTS\RECYCLE_BIN_RECOVERY_20260604_203541\RECOVERED_ITEMS\ITEM_0001__123\123\Jxhnny_Kl33N_Seedz\SOURCE_ORE\BITSTRING_ABYSS_SECOND_PASS_DELTA_INTAKE_20260519\BITSTRING_ABYSS_SECOND_PASS_DELTA_REPORT_20260519.md","14"
"OUTSIDE_SOURCE",".\_LOCAL_CUSTODY_AND_RECEIPTS\ROOT_LEGACY_RESIDUE_PHASE2_20260603_234817\PARKED_PACKAGES_PENDING_REVIEW\HELPER_CAPABILITY_SYSTEM_V2_3_HOUSE_HARNESS_PACK_V0_2\02_CHUNKS\CHUNK_01_SOURCE_WEB_OUTSIDE_PATTERN_HARVEST.md","14"
"OUTSIDE_SOURCE",".\_LOCAL_CUSTODY_AND_RECEIPTS\ROOT_LEGACY_RESIDUE_PHASE2_20260603_234817\PARKED_PACKAGES_PENDING_REVIEW\LOWER_CAUSE_SEARCH_METHOD_LAB_20260601\CARD_HARVEST_LEDGER_V0_1_LONG_LIST_20260601\CARD_HARVEST_LEDGER_V0_1_LONG_LIST_20260601.md","14"
"OUTSIDE_SOURCE",".\_LOCAL_CUSTODY_N_RECEIPTS\RECYCLE_BIN_RECOVERY_20260604_203541\RECOVERED_ITEMS\ITEM_0002__Teleporter137_\Teleporter137_\Jxhnny_Kl33N_Seedz\SOURCE_ORE\BITSTRING_ABYSS_SECOND_PASS_DELTA_INTAKE_20260519\BITSTRING_ABYSS_SECOND_PASS_DELTA_REPORT_20260519.md","14"
"OUTSIDE_SOURCE",".\_LOCAL_CUSTODY_AND_RECEIPTS\ROOT_LEGACY_RESIDUE_PHASE2_20260603_234817\PARKED_PACKAGES_PENDING_REVIEW\HELPER_CAPABILITY_SYSTEM_V2_3_HOUSE_HARNESS_PACK_V0_2\ALL_10_CHUNKS_PACKAGE\02_CHUNKS\CHUNK_01_SOURCE_WEB_OUTSIDE_PATTERN_HARVEST.md","14"
"OUTSIDE_SOURCE",".\_LOCAL_CUSTODY_AND_RECEIPTS\ROOT_LEGACY_RESIDUE_PHASE2_20260603_234817\PARKED_PACKAGES_PENDING_REVIEW\HELPER_CAPABILITY_SYSTEM_V2_3_HOUSE_HARNESS_PACK_V0_2\CHUNK_01_SOURCE_WEB_OUTSIDE_PATTERN_HARVEST_PACKAGE\02_CHUNKS\CHUNK_01_SOURCE_WEB_OUTSIDE_PATTERN_HARVEST.md","14"
"OUTSIDE_SOURCE",".\Jxhnny_Kl33N_Seedz\.git\logs\HEAD","13"
"OUTSIDE_SOURCE",".\Jxhnny_Kl33N_Seedz\.git\logs\refs\heads\main","13"
"OUTSIDE_SOURCE",".\_TOOLS_AND_SCRIPTS\SAVE_SCRIPTS\ROOT_CLEANOUT_SCRIPTS_20260530_200709\LOCK_SAVE_SHELL_OUTTAKE_WHIRLPOOL_WEB_FIT_REFINEMENT_V1.ps1","13"
"OUTSIDE_SOURCE",".\Jxhnny_Kl33N_Seedz\HOUSE_WORK\IDEA_CONCEPT_COLLECTION_ROOM\PAST_WEEK_20260524_20260531\RUN_20260531_141441\PAST_WEEK_IDEA_CONCEPT_SYNTHESIS_V1_20260531_USE_NOW_LEDGER.csv","13"
"OUTSIDE_SOURCE",".\Jxhnny_Kl33N_Seedz\SOURCE_ORE\USER_DROPS\ROOT_DROP_BIG_BOY_CHAT_20260525_031219\big_boy_chat.txt","12"
"OUTSIDE_SOURCE",".\_LOCAL_CUSTODY_AND_RECEIPTS\ROOT_LEGACY_RESIDUE_PHASE2_20260603_234817\PARKED_PACKAGES_PENDING_REVIEW\HELPER_CAPABILITY_SYSTEM_V2_3_HOUSE_HARNESS_PACK_V0_2\CHUNK_02_HOUSE_PRESSURE_MISSING_MACHINERY_PACKAGE\02_CHUNKS\CHUNK_02_HOUSE_PRESSURE_MISSING_MACHINERY.md","12"
"OUTSIDE_SOURCE",".\_LOCAL_CUSTODY_N_RECEIPTS\RECYCLE_BIN_RECOVERY_20260604_203541\RECOVERED_ITEMS\ITEM_0002__Teleporter137_\Teleporter137_\Jxhnny_Kl33N_Seedz\.git\logs\HEAD","12"
"OUTSIDE_SOURCE",".\Jxhnny_Kl33N_Seedz\SOURCE_ORE\USER_DROPS\ROOT_TRANSCRIPT_BACKLOG_20260526_003545\FIT DECISION.txt","12"
"OUTSIDE_SOURCE",".\_LOCAL_CUSTODY_AND_RECEIPTS\ROOT_LEGACY_RESIDUE_PHASE2_20260603_234817\PARKED_PACKAGES_PENDING_REVIEW\HELPER_CAPABILITY_SYSTEM_V2_3_HOUSE_HARNESS_PACK_V0_2\ALL_10_CHUNKS_PACKAGE\02_CHUNKS\CHUNK_02_HOUSE_PRESSURE_MISSING_MACHINERY.md","12"
"OUTSIDE_SOURCE",".\_LOCAL_CUSTODY_N_RECEIPTS\RECYCLE_BIN_RECOVERY_20260604_203541\RECOVERED_ITEMS\ITEM_0006__123\123\Jxhnny_Kl33N_Seedz\.git\logs\refs\heads\main","12"
"OUTSIDE_SOURCE",".\_LOCAL_CUSTODY_AND_RECEIPTS\ROOT_LEGACY_RESIDUE_PHASE2_20260603_234817\PARKED_PACKAGES_PENDING_REVIEW\HELPER_CAPABILITY_SYSTEM_V2_3_HOUSE_HARNESS_PACK_V0_2\02_CHUNKS\CHUNK_02_HOUSE_PRESSURE_MISSING_MACHINERY.md","12"
"OUTSIDE_SOURCE",".\_LOCAL_CUSTODY_N_RECEIPTS\RECYCLE_BIN_RECOVERY_20260604_203541\RECOVERED_ITEMS\ITEM_0001__123\123\Jxhnny_Kl33N_Seedz\.git\logs\HEAD","12"
"OUTSIDE_SOURCE",".\_LOCAL_CUSTODY_N_RECEIPTS\RECYCLE_BIN_RECOVERY_20260604_203541\RECOVERED_ITEMS\ITEM_0001__123\123\Jxhnny_Kl33N_Seedz\.git\logs\refs\heads\main","12"
"OUTSIDE_SOURCE",".\_LOCAL_CUSTODY_N_RECEIPTS\RECYCLE_BIN_RECOVERY_20260604_203541\RECOVERED_ITEMS\ITEM_0002__Teleporter137_\Teleporter137_\Jxhnny_Kl33N_Seedz\.git\logs\refs\heads\main","12"
"OUTSIDE_SOURCE",".\_LOCAL_CUSTODY_N_RECEIPTS\RECYCLE_BIN_RECOVERY_20260604_203541\RECOVERED_ITEMS\ITEM_0006__123\123\Jxhnny_Kl33N_Seedz\.git\logs\HEAD","12"
"OUTSIDE_SOURCE",".\Jxhnny_Kl33N_Seedz\SOURCE_ORE\USER_DROPS\ROOT_DOOR_CLEAR_BIG_BOY_SET_20260525_032347\big_boy_chat.txt","12"
"OUTSIDE_SOURCE",".\_LOCAL_CUSTODY_N_RECEIPTS\RECYCLE_BIN_RECOVERY_20260604_203541\RECOVERED_ITEMS\ITEM_0023__.petmp547236\.petmp547236\02_CHUNKS\CHUNK_02_HOUSE_PRESSURE_MISSING_MACHINERY.md","12"
"OUTSIDE_SOURCE",".\Jxhnny_Kl33N_Seedz\MULE_WORKSHOP\DEEP_RECURSIVE_FAILURE_AUDIT_20260523\EVIDENCE\git_log_last250.tsv","11"
"OUTSIDE_SOURCE",".\Jxhnny_Kl33N_Seedz\PROOF_HISTORY\ROOT_LEGACY_RESIDUE_PHASE2_MANIFEST_20260604_20260603_234817.csv","11"
"OUTSIDE_SOURCE",".\Jxhnny_Kl33N_Seedz\HOUSE_WORK\IDEA_CONCEPT_COLLECTION_ROOM\PAST_WEEK_20260524_20260531\RUN_20260531_141441\PAST_WEEK_IDEA_CONCEPT_SYNTHESIS_V1_20260531_NEXT_WORK_LEDGER.csv","11"
"OUTSIDE_SOURCE",".\_LOCAL_CUSTODY_N_RECEIPTS\RECYCLE_BIN_RECOVERY_20260604_203541\RECOVERED_ITEMS\ITEM_0002__Teleporter137_\Teleporter137_\Jxhnny_Kl33N_Seedz\MULE_WORKSHOP\DEEP_RECURSIVE_FAILURE_AUDIT_20260523\EVIDENCE\git_log_last250.tsv","11"
"SECRET_SURFACE",".\_MISC_DRAWER\READ_REPORTS\FULL_HOUSE_GATE_WASH_SINGLE_COMMAND_SUPERVISOR_V3_FINDINGS_20260530_105416.csv","632"
"SECRET_SURFACE",".\_MISC_DRAWER\READ_REPORTS\FULL_HOUSE_GATE_WASH_SINGLE_COMMAND_SUPERVISOR_V3_FINDINGS_20260530_105329.csv","632"
"SECRET_SURFACE",".\_MISC_DRAWER\READ_REPORTS\FULL_HOUSE_GATE_WASH_ONE_CAUSE_FAMILY_DECISION_V1_1_ROWS_20260530_105416.csv","584"
"SECRET_SURFACE",".\_MISC_DRAWER\READ_REPORTS\FULL_HOUSE_GATE_WASH_SINGLE_COMMAND_SUPERVISOR_V3_REVIEW_QUEUE_20260530_105329.csv","584"
"SECRET_SURFACE",".\_MISC_DRAWER\READ_REPORTS\FULL_HOUSE_GATE_WASH_ONE_CAUSE_FAMILY_DECISION_V1_SELECTED_ROWS_20260530_105416.csv","584"
"SECRET_SURFACE",".\_MISC_DRAWER\READ_REPORTS\FULL_HOUSE_GATE_WASH_SINGLE_COMMAND_SUPERVISOR_V3_REVIEW_QUEUE_20260530_105416.csv","584"
"SECRET_SURFACE",".\Jxhnny_Kl33N_Seedz\HOUSE_WORK\IDEA_CONCEPT_COLLECTION_ROOM\PAST_WEEK_20260524_20260531\RUN_20260531_141441\PAST_WEEK_IDEA_CONCEPT_CAPTURE_V1_20260531_CONCEPT_SIGNAL_LEDGER.csv","246"
"SECRET_SURFACE",".\_MISC_DRAWER\READ_REPORTS\FULL_HOUSE_GATE_WASH_CYCLE_V1_1_FINDINGS_20260530_095823.csv","214"
"SECRET_SURFACE",".\_MISC_DRAWER\READ_REPORTS\FULL_HOUSE_GATE_WASH_CYCLE_V1_1_FINDINGS_20260530_095730.csv","214"
"SECRET_SURFACE",".\Jxhnny_Kl33N_Seedz\HOUSE_WORK\IDEA_CONCEPT_COLLECTION_ROOM\PAST_WEEK_20260524_20260531\RUN_20260531_141441\PAST_WEEK_IDEA_CONCEPT_SYNTHESIS_V1_20260531_UNIQUE_CONCEPTS_LEDGER.csv","192"
"SECRET_SURFACE",".\_MISC_DRAWER\READ_REPORTS\LOWER_LEVEL_ERROR_POWERPLAY_HIGH_ROWS_REVIEW_V1_2_20260530_090307.md","153"
"SECRET_SURFACE",".\_MISC_DRAWER\READ_REPORTS\LOWER_LEVEL_ERROR_POWERPLAY_HIGH_ROWS_REVIEW_V1_2_20260530_090302.md","153"
"SECRET_SURFACE",".\_LOCAL_CUSTODY_N_RECEIPTS\RECYCLE_BIN_RECOVERY_20260604_203541\RECOVERED_ITEMS\ITEM_0027__Helper Capability_V1.txt\Helper Capability_V1.txt","152"
"SECRET_SURFACE",".\HOUSE_WORK\PROJECT_COMMAND_CENTER_UI_LANE\DUAL_COMMAND_CENTER_L0_REVIEW_PACKET_20260606\SOURCE_RAW\OUTSIDE_ASSISTANT_COOPERATION_INDEX_V0_2_SOURCE_TO_LIVE_L0_CUSTODY_CHAIN_RAW_20260605.md","125"
"SECRET_SURFACE",".\_LOCAL_CUSTODY_AND_RECEIPTS\ROOT_LOOSE_DOCS_20260531_033722\HELPER CAPABILITY SYSTEM_V2.3.txt","124"
"SECRET_SURFACE",".\_LOCAL_CUSTODY_AND_RECEIPTS\ROOT_LEGACY_RESIDUE_PHASE2_20260603_234817\PARKED_PACKAGES_PENDING_REVIEW\HELPER_CAPABILITY_SYSTEM_V2_3_HOUSE_HARNESS_PACK_V0_2\SOURCE_DRAFT_PACKAGE\01_SOURCE_DRAFT\HELPER_CAPABILITY_SYSTEM_V2_3_FULL_SOURCE_DRAFT.md","124"
"SECRET_SURFACE",".\_LOCAL_CUSTODY_N_RECEIPTS\RECYCLE_BIN_RECOVERY_20260604_203541\RECOVERED_ITEMS\ITEM_0024__.petmpE1D55D\.petmpE1D55D\01_SOURCE_DRAFT\HELPER_CAPABILITY_SYSTEM_V2_3_FULL_SOURCE_DRAFT.md","124"
"SECRET_SURFACE",".\_LOCAL_CUSTODY_AND_RECEIPTS\ROOT_LEGACY_RESIDUE_PHASE2_20260603_234817\PARKED_PACKAGES_PENDING_REVIEW\HELPER_CAPABILITY_SYSTEM_V2_3_HOUSE_HARNESS_PACK_V0_2\01_SOURCE_DRAFT\HELPER_CAPABILITY_SYSTEM_V2_3_FULL_SOURCE_DRAFT.md","124"
"SECRET_SURFACE",".\_MISC_DRAWER\READ_REPORTS\FULL_HOUSE_GATE_WASH_CYCLE_V1_1_20260530_095730.md","94"
"SECRET_SURFACE",".\_MISC_DRAWER\READ_REPORTS\FULL_HOUSE_GATE_WASH_CYCLE_V1_1_20260530_095823.md","94"
"SECRET_SURFACE",".\Jxhnny_Kl33N_Seedz\HOUSE_WORK\IDEA_CONCEPT_COLLECTION_ROOM\PAST_WEEK_20260524_20260531\RUN_20260531_141441\PAST_WEEK_IDEA_CONCEPT_SYNTHESIS_V1_20260531_USE_NOW_LEDGER.csv","92"
"SECRET_SURFACE",".\_MISC_DRAWER\READ_REPORTS\FULL_HOUSE_GATE_WASH_CHAIN_SUPERVISOR_V2_SELECTED_ROWS_20260530_095823.csv","90"
"SECRET_SURFACE",".\_MISC_DRAWER\READ_REPORTS\FULL_HOUSE_GATE_WASH_SELECTED_BLOCK_FAMILY_CLASSIFICATION_V1_ROWS_20260530_095823.csv","90"
"SECRET_SURFACE",".\_LOCAL_CUSTODY_AND_RECEIPTS\ROOT_LOOSE_DOCS_20260531_033722\HELPER CAPABILITY BOUNDARIES_V1.8.2.txt","83"
"SECRET_SURFACE",".\_MISC_DRAWER\READ_REPORTS\DEEPER_HOUSE_RULES_ROOMS_TOOLS_RESOURCES_SIGNAL_LEDGER_V2_20260528_010508.csv","77"
"SECRET_SURFACE",".\_SOURCE_RESEARCH_NOTES\Maxwell.txt","71"
"SECRET_SURFACE",".\_MISC_DRAWER\READ_REPORTS\DEEPER_HOUSE_RULES_ROOMS_TOOLS_RESOURCES_FILE_LEDGER_V2_20260528_010508.csv","52"
"SECRET_SURFACE",".\_MISC_DRAWER\READ_REPORTS\DEEPER_HOUSE_RULES_ROOMS_TOOLS_RESOURCES_GAP_LEDGER_V2_20260528_010508.csv","45"
"SECRET_SURFACE",".\_LOCAL_CUSTODY_N_RECEIPTS\RECYCLE_BIN_RECOVERY_20260604_203541\RECOVERED_ITEMS\ITEM_0023__.petmp547236\.petmp547236\02_CHUNKS\CHUNK_06_FINAL_SEWN_OBJECT_EDWARD_FINAL_JUDGE.md","41"
"SECRET_SURFACE",".\_LOCAL_CUSTODY_AND_RECEIPTS\ROOT_LEGACY_RESIDUE_PHASE2_20260603_234817\PARKED_PACKAGES_PENDING_REVIEW\HELPER_CAPABILITY_SYSTEM_V2_3_HOUSE_HARNESS_PACK_V0_2\CHUNK_06_FINAL_SEWN_OBJECT_EDWARD_FINAL_JUDGE_PACKAGE\02_CHUNKS\CHUNK_06_FINAL_SEWN_OBJECT_EDWARD_FINAL_JUDGE.md","41"
"SECRET_SURFACE",".\_LOCAL_CUSTODY_AND_RECEIPTS\ROOT_LEGACY_RESIDUE_PHASE2_20260603_234817\PARKED_PACKAGES_PENDING_REVIEW\HELPER_CAPABILITY_SYSTEM_V2_3_HOUSE_HARNESS_PACK_V0_2\ALL_10_CHUNKS_PACKAGE\02_CHUNKS\CHUNK_06_FINAL_SEWN_OBJECT_EDWARD_FINAL_JUDGE.md","41"
"SECRET_SURFACE",".\_LOCAL_CUSTODY_AND_RECEIPTS\ROOT_LEGACY_RESIDUE_PHASE2_20260603_234817\PARKED_PACKAGES_PENDING_REVIEW\HELPER_CAPABILITY_SYSTEM_V2_3_HOUSE_HARNESS_PACK_V0_2\02_CHUNKS\CHUNK_06_FINAL_SEWN_OBJECT_EDWARD_FINAL_JUDGE.md","41"
"SECRET_SURFACE",".\_LOCAL_CUSTODY_N_RECEIPTS\LOSSLESS_CUSTODY_ACCOUNTING_FAMILY_AUDIT_20260604\LOSSLESS_CUSTODY_FOCUSED_RULE_CONCEPT_INDEX.csv","33"
"SECRET_SURFACE",".\_LOCAL_CUSTODY_AND_RECEIPTS\ROOT_LEGACY_RESIDUE_PHASE2_20260603_234817\PARKED_PACKAGES_PENDING_REVIEW\HELPER_CAPABILITY_SYSTEM_V2_3_HOUSE_HARNESS_PACK_V0_2\ALL_10_CHUNKS_PACKAGE\02_CHUNKS\CHUNK_05_TESTS_INVARIANTS_STATE_MACHINE_HARNESS.md","32"
"SECRET_SURFACE",".\_LOCAL_CUSTODY_AND_RECEIPTS\ROOT_LEGACY_RESIDUE_PHASE2_20260603_234817\PARKED_PACKAGES_PENDING_REVIEW\HELPER_CAPABILITY_SYSTEM_V2_3_HOUSE_HARNESS_PACK_V0_2\02_CHUNKS\CHUNK_05_TESTS_INVARIANTS_STATE_MACHINE_HARNESS.md","32"
"SECRET_SURFACE",".\_LOCAL_CUSTODY_N_RECEIPTS\RECYCLE_BIN_RECOVERY_20260604_203541\RECOVERED_ITEMS\ITEM_0023__.petmp547236\.petmp547236\02_CHUNKS\CHUNK_05_TESTS_INVARIANTS_STATE_MACHINE_HARNESS.md","32"
"SECRET_SURFACE",".\_LOCAL_CUSTODY_AND_RECEIPTS\ROOT_LEGACY_RESIDUE_PHASE2_20260603_234817\PARKED_PACKAGES_PENDING_REVIEW\HELPER_CAPABILITY_SYSTEM_V2_3_HOUSE_HARNESS_PACK_V0_2\CHUNK_05_TESTS_INVARIANTS_STATE_MACHINE_HARNESS_PACKAGE\02_CHUNKS\CHUNK_05_TESTS_INVARIANTS_STATE_MACHINE_HARNESS.md","32"
"SECRET_SURFACE",".\_MISC_DRAWER\READ_REPORTS\POWERSHELL_CODE_GATE_RUNNER_REPORT_V1.3_20260531_054131_LOCK_SAVE_CODING_ROOM_PROOF_CHAIN_V1_UNIQUE_20260531_0705.ps1.md","31"
"SECRET_SURFACE",".\_MISC_DRAWER\READ_REPORTS\LOWER_LEVEL_ERROR_POWERPLAY_AUDIT_SEED_V1_3_20260530_084842.md","31"
"SECRET_SURFACE",".\_LOCAL_CUSTODY_N_RECEIPTS\RECYCLE_BIN_RECOVERY_20260604_203541\RECOVERED_ITEMS\ITEM_0045__ff.txt\ff.txt","31"
"SECRET_SURFACE",".\_LOCAL_CUSTODY_N_RECEIPTS\RECYCLE_BIN_RECOVERY_20260604_203541\RECOVERED_ITEMS\ITEM_0046__HELPER CAPABILITY BOUNDARIES_V1.8.2.txt\HELPER CAPABILITY BOUNDARIES_V1.8.2.txt","31"
"SECRET_SURFACE",".\_LOCAL_CUSTODY_AND_RECEIPTS\ROOT_LEGACY_RESIDUE_PHASE2_20260603_234817\PARKED_PACKAGES_PENDING_REVIEW\HELPER_CAPABILITY_SYSTEM_V2_3_HOUSE_HARNESS_PACK_V0_2\ALL_10_CHUNKS_PACKAGE\02_CHUNKS\CHUNK_04_CARDS_TEMPLATES_TABLES.md","28"
"SECRET_SURFACE",".\_LOCAL_CUSTODY_AND_RECEIPTS\ROOT_LEGACY_RESIDUE_PHASE2_20260603_234817\PARKED_PACKAGES_PENDING_REVIEW\HELPER_CAPABILITY_SYSTEM_V2_3_HOUSE_HARNESS_PACK_V0_2\02_CHUNKS\CHUNK_04_CARDS_TEMPLATES_TABLES.md","28"
"SECRET_SURFACE",".\_LOCAL_CUSTODY_N_RECEIPTS\RECYCLE_BIN_RECOVERY_20260604_203541\RECOVERED_ITEMS\ITEM_0023__.petmp547236\.petmp547236\02_CHUNKS\CHUNK_04_CARDS_TEMPLATES_TABLES.md","28"
"SECRET_SURFACE",".\_LOCAL_CUSTODY_AND_RECEIPTS\ROOT_LEGACY_RESIDUE_PHASE2_20260603_234817\PARKED_PACKAGES_PENDING_REVIEW\HELPER_CAPABILITY_SYSTEM_V2_3_HOUSE_HARNESS_PACK_V0_2\CHUNK_04_CARDS_TEMPLATES_TABLES_PACKAGE\02_CHUNKS\CHUNK_04_CARDS_TEMPLATES_TABLES.md","28"
"SECRET_SURFACE",".\_MISC_DRAWER\READ_REPORTS\FULL_HOUSE_GATE_WASH_SELECTED_BLOCK_FAMILY_CLASSIFICATION_V1_20260530_095823.md","26"
"SECRET_SURFACE",".\_LOCAL_CUSTODY_AND_RECEIPTS\ROOT_LOOSE_DOCS_20260531_033722\ROAD_MAP_V1.txt","21"
"SECRET_SURFACE",".\_MISC_DRAWER\READ_REPORTS\POWERSHELL_CODE_GATE_RUNNER_REPORT_V1.3_20260528_221412_MEASURE_HELPER_USAGE_SAVINGS_READ_REPORT_V1.ps1.md","20"
"SECRET_SURFACE",".\_LOCAL_CUSTODY_N_RECEIPTS\RECYCLE_BIN_RECOVERY_20260604_203541\RECOVERED_ITEMS\ITEM_0002__Teleporter137_\Teleporter137_\Jxhnny_Kl33N_Seedz\CleanSeedsBuild\Get-NeocitiesLiveFileListReceipt.ps1","18"
"SECRET_SURFACE",".\_LOCAL_CUSTODY_N_RECEIPTS\RECYCLE_BIN_RECOVERY_20260604_203541\RECOVERED_ITEMS\ITEM_0006__123\123\Jxhnny_Kl33N_Seedz\CleanSeedsBuild\Get-NeocitiesLiveFileListReceipt.ps1","18"
"SECRET_SURFACE",".\_LOCAL_CUSTODY_N_RECEIPTS\RECYCLE_BIN_RECOVERY_20260604_203541\RECOVERED_ITEMS\ITEM_0001__123\123\Jxhnny_Kl33N_Seedz\CleanSeedsBuild\Get-NeocitiesLiveFileListReceipt.ps1","18"
"SECRET_SURFACE",".\Jxhnny_Kl33N_Seedz\CleanSeedsBuild\Get-NeocitiesLiveFileListReceipt.ps1","18"
"SECRET_SURFACE",".\Jxhnny_Kl33N_Seedz\CleanSeedsBuild\NEOCITIES_CLEAN_SITE\style.css","17"
"SECRET_SURFACE",".\_LOCAL_CUSTODY_N_RECEIPTS\RECYCLE_BIN_RECOVERY_20260604_203541\RECOVERED_ITEMS\ITEM_0002__Teleporter137_\Teleporter137_\Jxhnny_Kl33N_Seedz\CleanSeedsBuild\NEOCITIES_CLEAN_SITE\style.css","17"
"SECRET_SURFACE",".\_LOCAL_CUSTODY_N_RECEIPTS\RECYCLE_BIN_RECOVERY_20260604_203541\RECOVERED_ITEMS\ITEM_0001__123\123\Jxhnny_Kl33N_Seedz\CleanSeedsBuild\NEOCITIES_CLEAN_SITE\style.css","17"
"SECRET_SURFACE",".\_LOCAL_CUSTODY_N_RECEIPTS\RECYCLE_BIN_RECOVERY_20260604_203541\RECOVERED_ITEMS\ITEM_0006__123\123\Jxhnny_Kl33N_Seedz\CleanSeedsBuild\NEOCITIES_CLEAN_SITE\style.css","17"
"SECRET_SURFACE",".\Jxhnny_Kl33N_Seedz\HOUSE_WORK\GATE_RINGS\MASTER_500_GATE_RING_20260524\MASTER_GATE_RING_510_ORDERED_CANDIDATE.csv","17"
"SECRET_SURFACE",".\Jxhnny_Kl33N_Seedz\HOUSE_WORK\GATE_RINGS\MASTER_500_GATE_RING_20260524\PRE_EXPANSION_BASELINE_20260524_225710\MASTER_GATE_RING_510_ORDERED_CANDIDATE.csv","17"
"SECRET_SURFACE",".\Jxhnny_Kl33N_Seedz\CleanSeedsBuild\NEOCITIES_LOCAL_BACKUPS\BACKUP_BEFORE_MOM_PORCH_LINK_FLOW_20260513_111820\style.css","16"
"SECRET_SURFACE",".\_MISC_DRAWER\READ_REPORTS\POWERSHELL_CODE_GATE_RUNNER_REPORT_V1.3_20260602_222037_WRITE_LOWER_CAUSE_GATE_FIXTURE_MINIMUM_PROOF_PLAN_V0_1.ps1.md","16"
"SECRET_SURFACE",".\Jxhnny_Kl33N_Seedz\CleanSeedsBuild\Upload-NeocitiesCleanSiteGuarded.ps1","16"
"SECRET_SURFACE",".\Jxhnny_Kl33N_Seedz\CleanSeedsBuild\Upload-NeocitiesCleanSiteGuarded_BACKUP_BEFORE_DOTNET_HASH_20260513_000818.ps1","16"
"SECRET_SURFACE",".\_LOCAL_CUSTODY_N_RECEIPTS\RECYCLE_BIN_RECOVERY_20260604_203541\RECOVERED_ITEMS\ITEM_0006__123\123\Jxhnny_Kl33N_Seedz\CleanSeedsBuild\Upload-NeocitiesCleanSiteGuarded.ps1","16"
"SECRET_SURFACE",".\_LOCAL_CUSTODY_N_RECEIPTS\RECYCLE_BIN_RECOVERY_20260604_203541\RECOVERED_ITEMS\ITEM_0001__123\123\Jxhnny_Kl33N_Seedz\CleanSeedsBuild\Upload-NeocitiesCleanSiteGuarded_BACKUP_BEFORE_LOGGING_20260513_000404.ps1","16"
"SECRET_SURFACE",".\_LOCAL_CUSTODY_N_RECEIPTS\RECYCLE_BIN_RECOVERY_20260604_203541\RECOVERED_ITEMS\ITEM_0001__123\123\Jxhnny_Kl33N_Seedz\CleanSeedsBuild\NEOCITIES_LOCAL_BACKUPS\BACKUP_BEFORE_MOM_PORCH_LINK_FLOW_20260513_111820\style.css","16"
"SECRET_SURFACE",".\_MISC_DRAWER\READ_REPORTS\POWERSHELL_CODE_GATE_RUNNER_REPORT_V1.3_20260602_222440_WRITE_LOWER_CAUSE_GATE_FIXTURE_MINIMUM_PROOF_PLAN_V0_1.ps1.md","16"
"SECRET_SURFACE",".\_LOCAL_CUSTODY_N_RECEIPTS\RECYCLE_BIN_RECOVERY_20260604_203541\RECOVERED_ITEMS\ITEM_0006__123\123\Jxhnny_Kl33N_Seedz\CleanSeedsBuild\Upload-NeocitiesCleanSiteGuarded_BACKUP_BEFORE_LOGGING_20260513_000404.ps1","16"
"SECRET_SURFACE",".\_LOCAL_CUSTODY_N_RECEIPTS\RECYCLE_BIN_RECOVERY_20260604_203541\RECOVERED_ITEMS\ITEM_0006__123\123\Jxhnny_Kl33N_Seedz\CleanSeedsBuild\Upload-NeocitiesCleanSiteGuarded_BACKUP_BEFORE_PUBLIC_READER_20260513_012114.ps1","16"
"SECRET_SURFACE",".\_LOCAL_CUSTODY_N_RECEIPTS\RECYCLE_BIN_RECOVERY_20260604_203541\RECOVERED_ITEMS\ITEM_0001__123\123\Jxhnny_Kl33N_Seedz\CleanSeedsBuild\Upload-NeocitiesCleanSiteGuarded_BACKUP_BEFORE_DOTNET_HASH_20260513_000818.ps1","16"
"SECRET_SURFACE",".\_LOCAL_CUSTODY_N_RECEIPTS\RECYCLE_BIN_RECOVERY_20260604_203541\RECOVERED_ITEMS\ITEM_0006__123\123\Jxhnny_Kl33N_Seedz\CleanSeedsBuild\NEOCITIES_LOCAL_BACKUPS\BACKUP_BEFORE_MOM_PORCH_LINK_FLOW_20260513_111820\style.css","16"
"SECRET_SURFACE",".\_LOCAL_CUSTODY_N_RECEIPTS\RECYCLE_BIN_RECOVERY_20260604_203541\RECOVERED_ITEMS\ITEM_0001__123\123\Jxhnny_Kl33N_Seedz\CleanSeedsBuild\Upload-NeocitiesCleanSiteGuarded_BACKUP_BEFORE_PUBLIC_READER_20260513_012114.ps1","16"
"SECRET_SURFACE",".\Jxhnny_Kl33N_Seedz\CleanSeedsBuild\Upload-NeocitiesCleanSiteGuarded_BACKUP_BEFORE_PUBLIC_READER_20260513_012114.ps1","16"
"SECRET_SURFACE",".\_LOCAL_CUSTODY_N_RECEIPTS\RECYCLE_BIN_RECOVERY_20260604_203541\RECOVERED_ITEMS\ITEM_0006__123\123\Jxhnny_Kl33N_Seedz\CleanSeedsBuild\Upload-NeocitiesCleanSiteGuarded_BACKUP_BEFORE_DOTNET_HASH_20260513_000818.ps1","16"
"SECRET_SURFACE",".\_LOCAL_CUSTODY_N_RECEIPTS\RECYCLE_BIN_RECOVERY_20260604_203541\RECOVERED_ITEMS\ITEM_0002__Teleporter137_\Teleporter137_\Jxhnny_Kl33N_Seedz\CleanSeedsBuild\Upload-NeocitiesCleanSiteGuarded_BACKUP_BEFORE_LOGGING_20260513_000404.ps1","16"
"SECRET_SURFACE",".\_LOCAL_CUSTODY_N_RECEIPTS\RECYCLE_BIN_RECOVERY_20260604_203541\RECOVERED_ITEMS\ITEM_0001__123\123\Jxhnny_Kl33N_Seedz\CleanSeedsBuild\Upload-NeocitiesCleanSiteGuarded.ps1","16"
"SECRET_SURFACE",".\Jxhnny_Kl33N_Seedz\CleanSeedsBuild\Upload-NeocitiesCleanSiteGuarded_BACKUP_BEFORE_LOGGING_20260513_000404.ps1","16"
"SECRET_SURFACE",".\_LOCAL_CUSTODY_N_RECEIPTS\RECYCLE_BIN_RECOVERY_20260604_203541\RECOVERED_ITEMS\ITEM_0002__Teleporter137_\Teleporter137_\Jxhnny_Kl33N_Seedz\CleanSeedsBuild\Upload-NeocitiesCleanSiteGuarded.ps1","16"
"SECRET_SURFACE",".\_LOCAL_CUSTODY_N_RECEIPTS\RECYCLE_BIN_RECOVERY_20260604_203541\RECOVERED_ITEMS\ITEM_0002__Teleporter137_\Teleporter137_\Jxhnny_Kl33N_Seedz\CleanSeedsBuild\Upload-NeocitiesCleanSiteGuarded_BACKUP_BEFORE_PUBLIC_READER_20260513_012114.ps1","16"
"SECRET_SURFACE",".\_LOCAL_CUSTODY_N_RECEIPTS\RECYCLE_BIN_RECOVERY_20260604_203541\RECOVERED_ITEMS\ITEM_0002__Teleporter137_\Teleporter137_\Jxhnny_Kl33N_Seedz\CleanSeedsBuild\Upload-NeocitiesCleanSiteGuarded_BACKUP_BEFORE_DOTNET_HASH_20260513_000818.ps1","16"
"SECRET_SURFACE",".\_LOCAL_CUSTODY_N_RECEIPTS\RECYCLE_BIN_RECOVERY_20260604_203541\RECOVERED_ITEMS\ITEM_0002__Teleporter137_\Teleporter137_\Jxhnny_Kl33N_Seedz\CleanSeedsBuild\NEOCITIES_LOCAL_BACKUPS\BACKUP_BEFORE_MOM_PORCH_LINK_FLOW_20260513_111820\style.css","16"
"SECRET_SURFACE",".\_LOCAL_CUSTODY_N_RECEIPTS\RECYCLE_BIN_RECOVERY_20260604_203541\RECOVERED_ITEMS\ITEM_0002__Teleporter137_\Teleporter137_\Jxhnny_Kl33N_Seedz\CleanSeedsBuild\Delete-NeocitiesRemoteDataFilesOnly.ps1","15"
"SECRET_SURFACE",".\_LOCAL_CUSTODY_N_RECEIPTS\RECYCLE_BIN_RECOVERY_20260604_203541\RECOVERED_ITEMS\ITEM_0001__123\123\Jxhnny_Kl33N_Seedz\CleanSeedsBuild\Delete-NeocitiesRemoteDataFilesOnly.ps1","15"
"SECRET_SURFACE",".\_LOCAL_CUSTODY_N_RECEIPTS\RECYCLE_BIN_RECOVERY_20260604_203541\RECOVERED_ITEMS\ITEM_0006__123\123\Jxhnny_Kl33N_Seedz\CleanSeedsBuild\Delete-NeocitiesRemoteDataFilesOnly.ps1","15"
"SECRET_SURFACE",".\Jxhnny_Kl33N_Seedz\CleanSeedsBuild\Delete-NeocitiesRemoteDataFilesOnly.ps1","15"
"SECRET_SURFACE",".\_MISC_DRAWER\READ_REPORTS\FULL_HOUSE_GATE_WASH_ONE_CAUSE_FAMILY_DECISION_V1_SAMPLE_ROWS_20260530_105416.csv","15"
"SECRET_SURFACE",".\_LOCAL_CUSTODY_N_RECEIPTS\RECYCLE_BIN_RECOVERY_20260604_203541\RECOVERED_ITEMS\ITEM_0002__Teleporter137_\Teleporter137_\Jxhnny_Kl33N_Seedz\COMMAND_CENTER\REMOTE_DOOR_RELAY_V2\BACKUPS_LOCAL_ONLY\V2F_PRE_EDIT_20260521_171010\SERVER\remote_door_v2_server.py","14"
"SECRET_SURFACE",".\_LOCAL_CUSTODY_N_RECEIPTS\RECYCLE_BIN_RECOVERY_20260604_203541\RECOVERED_ITEMS\ITEM_0001__123\123\Jxhnny_Kl33N_Seedz\COMMAND_CENTER\REMOTE_DOOR_RELAY_V2\BACKUPS_LOCAL_ONLY\V2F_PRE_EDIT_20260521_171010\SERVER\remote_door_v2_server.py","14"
"SECRET_SURFACE",".\_LOCAL_CUSTODY_N_RECEIPTS\RECYCLE_BIN_RECOVERY_20260604_203541\RECOVERED_ITEMS\ITEM_0002__Teleporter137_\Teleporter137_\Jxhnny_Kl33N_Seedz\COMMAND_CENTER\REMOTE_DOOR_RELAY_V2\SERVER\remote_door_v2_server.py","14"
"SECRET_SURFACE",".\Jxhnny_Kl33N_Seedz\COMMAND_CENTER\REMOTE_DOOR_RELAY_V2\BACKUPS_LOCAL_ONLY\V2F_PRE_EDIT_20260521_171010\SERVER\remote_door_v2_server.py","14"
"SECRET_SURFACE",".\Jxhnny_Kl33N_Seedz\COMMAND_CENTER\REMOTE_DOOR_RELAY_V2\SERVER\remote_door_v2_server.py","14"
"SECRET_SURFACE",".\_LOCAL_CUSTODY_N_RECEIPTS\RECYCLE_BIN_RECOVERY_20260604_203541\RECOVERED_ITEMS\ITEM_0001__123\123\Jxhnny_Kl33N_Seedz\COMMAND_CENTER\REMOTE_DOOR_RELAY_V2\SERVER\remote_door_v2_server.py","14"
"SECRET_SURFACE",".\Jxhnny_Kl33N_Seedz\.gitignore","12"
"SECRET_SURFACE",".\_LOCAL_CUSTODY_N_RECEIPTS\RECYCLE_BIN_RECOVERY_20260604_203541\RECOVERED_ITEMS\ITEM_0001__123\123\Jxhnny_Kl33N_Seedz\.gitignore","12"
"SECRET_SURFACE",".\_LOCAL_CUSTODY_N_RECEIPTS\RECYCLE_BIN_RECOVERY_20260604_203541\RECOVERED_ITEMS\ITEM_0002__Teleporter137_\Teleporter137_\Jxhnny_Kl33N_Seedz\.gitignore","12"
"SECRET_SURFACE",".\_LOCAL_CUSTODY_N_RECEIPTS\RECYCLE_BIN_RECOVERY_20260604_203541\RECOVERED_ITEMS\ITEM_0006__123\123\Jxhnny_Kl33N_Seedz\.gitignore","12"
"SECRET_SURFACE",".\_LOCAL_CUSTODY_N_RECEIPTS\RECYCLE_BIN_RECOVERY_20260604_203541\RECOVERED_ITEMS\ITEM_0001__123\123\Jxhnny_Kl33N_Seedz\TOOLS\PORCH_DROPPED_HELPER_SCRIPTS_20260523\AUDIT_NEW_HOME_AND_WRITE_MULE_SPEC_20260523.ps1","11"
"SECRET_SURFACE",".\Jxhnny_Kl33N_Seedz\TOOLS\PORCH_DROPPED_HELPER_SCRIPTS_20260523\AUDIT_NEW_HOME_AND_WRITE_MULE_SPEC_20260523.ps1","11"
"SECRET_SURFACE",".\_LOCAL_CUSTODY_N_RECEIPTS\RECYCLE_BIN_RECOVERY_20260604_203541\RECOVERED_ITEMS\ITEM_0002__Teleporter137_\Teleporter137_\Jxhnny_Kl33N_Seedz\TOOLS\PORCH_DROPPED_HELPER_SCRIPTS_20260523\AUDIT_NEW_HOME_AND_WRITE_MULE_SPEC_20260523.ps1","11"
"SECRET_SURFACE",".\_MISC_DRAWER\READ_REPORTS\POWERSHELL_CODE_GATE_RUNNER_REPORT_V1.3_20260527_214736_FIND_LEGACY_HELPER_PARTS_IN_SHEDS_V1.ps1.md","11"
"SECRET_SURFACE",".\_LOCAL_CUSTODY_AND_RECEIPTS\ROOT_LEGACY_RESIDUE_PHASE2_20260603_234817\PARKED_PACKAGES_PENDING_REVIEW\HELPER_CAPABILITY_SYSTEM_V2_3_HOUSE_HARNESS_PACK_V0_2\CHUNK_01_SOURCE_WEB_OUTSIDE_PATTERN_HARVEST_PACKAGE\02_CHUNKS\CHUNK_01_SOURCE_WEB_OUTSIDE_PATTERN_HARVEST.md","10"
