"Category","RelativePath","Line","Text"
"REVIEW_REQUIRED",".\_TOOLS_AND_SCRIPTS\SAVE_SCRIPTS\ROOT_CLEANOUT_SCRIPTS_20260530_200709\RUN_FULL_HOUSE_GATE_WASH_SINGLE_COMMAND_SUPERVISOR_V3.ps1","527","        $overall = 'REVIEW_REQUIRED'"
"REVIEW_REQUIRED",".\_TOOLS_AND_SCRIPTS\SAVE_SCRIPTS\ROOT_CLEANOUT_SCRIPTS_20260530_200709\RUN_FULL_HOUSE_GATE_WASH_CYCLE_V1.ps1","372","    $overallVerdict = ""REVIEW_REQUIRED"""
"REVIEW_REQUIRED",".\_TOOLS_AND_SCRIPTS\SAVE_SCRIPTS\ROOT_CLEANOUT_SCRIPTS_20260530_200709\RUN_FULL_HOUSE_GATE_WASH_CYCLE_V1.ps1","483","} elseif ($overallVerdict -eq ""REVIEW_REQUIRED"") {"
"REVIEW_REQUIRED",".\_TOOLS_AND_SCRIPTS\SAVE_SCRIPTS\ROOT_CLEANOUT_SCRIPTS_20260530_200709\RUN_FULL_HOUSE_GATE_WASH_CYCLE_V1.1.ps1","377","    $overallVerdict = ""REVIEW_REQUIRED"""
"REVIEW_REQUIRED",".\_TOOLS_AND_SCRIPTS\SAVE_SCRIPTS\ROOT_CLEANOUT_SCRIPTS_20260530_200709\RUN_FULL_HOUSE_GATE_WASH_CYCLE_V1.1.ps1","488","} elseif ($overallVerdict -eq ""REVIEW_REQUIRED"") {"
"REVIEW_REQUIRED",".\_TOOLS_AND_SCRIPTS\SAVE_SCRIPTS\ROOT_CLEANOUT_SCRIPTS_20260530_200709\LOCK_SAVE_KEYRING_LEVEL0_USE_NEXT_MECHANISM_SELECTION_V1.ps1","277","NEEDS_REVIEW"
"REVIEW_REQUIRED",".\_TOOLS_AND_SCRIPTS\SAVE_SCRIPTS\ROOT_CLEANOUT_SCRIPTS_20260530_200709\LOCK_SAVE_FULL_HOUSE_WASH_V3_PROGRESS_AND_LEDGER_BRIDGE_PLAN_V1.ps1","283","    '- Overall verdict: REVIEW_REQUIRED.',"
"REVIEW_REQUIRED",".\_TOOLS_AND_SCRIPTS\SAVE_SCRIPTS\ROOT_CLEANOUT_SCRIPTS_20260530_200709\LOCK_SAVE_FULL_HOUSE_WASH_V3_PROGRESS_AND_LEDGER_BRIDGE_PLAN_V1.ps1","423","    '- Verdict: REVIEW_REQUIRED.',"
"REVIEW_REQUIRED",".\_TOOLS_AND_SCRIPTS\SAVE_SCRIPTS\ROOT_CLEANOUT_SCRIPTS_20260530_200709\LOCK_SAVE_FRESHNESS_LABELS_USE_NEXT_ROUTE_SELECTION_V1.ps1","134","NEEDS_REVIEW"
"REVIEW_REQUIRED",".\_TOOLS_AND_SCRIPTS\SAVE_SCRIPTS\ROOT_CLEANOUT_SCRIPTS_20260530_200709\LOCK_SAVE_FRESHNESS_DECAY_LABELS_TINY_PROOF_V1.ps1","184","| NEEDS_REVIEW | cannot be reused without inspection | uncertain or incomplete state | bad reuse |"
"REVIEW_REQUIRED",".\_SOURCE_RESEARCH_NOTES\ROOT_TEXT_DROPS_20260603\CONSUMED_BY_REPO_SAVE\RAW_HELPER_STRESS_BENCH_DEEP_ADDENDUMS_COMPATIBILITY_GATES_AND_SELFTESTS_20260603.txt","5201","- REVIEW_REQUIRED"
"REVIEW_REQUIRED",".\_LOCAL_CUSTODY_N_RECEIPTS\RECYCLE_BIN_RECOVERY_20260604_203541\REPORTS\RECYCLE_BIN_RECOVERY_FILE_HASH_LEDGER.csv","2528","""2527"",""ITEM_0001__123"",""ITEM_0001__123\123\Jxhnny_Kl33N_Seedz\PORCH_SORTING_TABLE\NEEDS_REVIEW\JOJI_88_ONE_CLEAN_SHEET_20260516.xlsx"",""C:\Users\13527\Desktop\123\_LOCAL_CUSTODY_N_RECEIPTS\RECYCLE_BIN_RECOVERY_20260604_2"
"REVIEW_REQUIRED",".\_LOCAL_CUSTODY_N_RECEIPTS\RECYCLE_BIN_RECOVERY_20260604_203541\REPORTS\RECYCLE_BIN_RECOVERY_FILE_HASH_LEDGER.csv","2529","""2528"",""ITEM_0001__123"",""ITEM_0001__123\123\Jxhnny_Kl33N_Seedz\PORCH_SORTING_TABLE\NEEDS_REVIEW\Mr.Kleen.lnk"",""C:\Users\13527\Desktop\123\_LOCAL_CUSTODY_N_RECEIPTS\RECYCLE_BIN_RECOVERY_20260604_203541\RECOVERED_ITEMS\ITE"
"REVIEW_REQUIRED",".\_LOCAL_CUSTODY_N_RECEIPTS\RECYCLE_BIN_RECOVERY_20260604_203541\REPORTS\RECYCLE_BIN_RECOVERY_FILE_HASH_LEDGER.csv","2530","""2529"",""ITEM_0001__123"",""ITEM_0001__123\123\Jxhnny_Kl33N_Seedz\PORCH_SORTING_TABLE\NEEDS_REVIEW\pwsh.profile.dsc.resource.json"",""C:\Users\13527\Desktop\123\_LOCAL_CUSTODY_N_RECEIPTS\RECYCLE_BIN_RECOVERY_20260604_203541\R"
"REVIEW_REQUIRED",".\_LOCAL_CUSTODY_N_RECEIPTS\RECYCLE_BIN_RECOVERY_20260604_203541\REPORTS\RECYCLE_BIN_RECOVERY_FILE_HASH_LEDGER.csv","2531","""2530"",""ITEM_0001__123"",""ITEM_0001__123\123\Jxhnny_Kl33N_Seedz\PORCH_SORTING_TABLE\NEEDS_REVIEW\resources.arsc"",""C:\Users\13527\Desktop\123\_LOCAL_CUSTODY_N_RECEIPTS\RECYCLE_BIN_RECOVERY_20260604_203541\RECOVERED_ITEMS\I"
"REVIEW_REQUIRED",".\_LOCAL_CUSTODY_N_RECEIPTS\RECYCLE_BIN_RECOVERY_20260604_203541\REPORTS\RECYCLE_BIN_RECOVERY_FILE_HASH_LEDGER.csv","2532","""2531"",""ITEM_0001__123"",""ITEM_0001__123\123\Jxhnny_Kl33N_Seedz\PORCH_SORTING_TABLE\NEEDS_REVIEW\System.Diagnostics.DiagnosticSource.dll"",""C:\Users\13527\Desktop\123\_LOCAL_CUSTODY_N_RECEIPTS\RECYCLE_BIN_RECOVERY_20260604"
"REVIEW_REQUIRED",".\_LOCAL_CUSTODY_N_RECEIPTS\RECYCLE_BIN_RECOVERY_20260604_203541\REPORTS\RECYCLE_BIN_RECOVERY_FILE_HASH_LEDGER.csv","2533","""2532"",""ITEM_0001__123"",""ITEM_0001__123\123\Jxhnny_Kl33N_Seedz\PORCH_SORTING_TABLE\NEEDS_REVIEW\System.Diagnostics.TraceSource.dll"",""C:\Users\13527\Desktop\123\_LOCAL_CUSTODY_N_RECEIPTS\RECYCLE_BIN_RECOVERY_20260604_2035"
"REVIEW_REQUIRED",".\_LOCAL_CUSTODY_N_RECEIPTS\RECYCLE_BIN_RECOVERY_20260604_203541\REPORTS\RECYCLE_BIN_RECOVERY_FILE_HASH_LEDGER.csv","2534","""2533"",""ITEM_0001__123"",""ITEM_0001__123\123\Jxhnny_Kl33N_Seedz\PORCH_SORTING_TABLE\NEEDS_REVIEW\System.IO.FileSystem.Watcher.dll"",""C:\Users\13527\Desktop\123\_LOCAL_CUSTODY_N_RECEIPTS\RECYCLE_BIN_RECOVERY_20260604_203541"
"REVIEW_REQUIRED",".\_LOCAL_CUSTODY_N_RECEIPTS\RECYCLE_BIN_RECOVERY_20260604_203541\REPORTS\RECYCLE_BIN_RECOVERY_FILE_HASH_LEDGER.csv","2535","""2534"",""ITEM_0001__123"",""ITEM_0001__123\123\Jxhnny_Kl33N_Seedz\PORCH_SORTING_TABLE\NEEDS_REVIEW\System.Resources.Extensions.dll"",""C:\Users\13527\Desktop\123\_LOCAL_CUSTODY_N_RECEIPTS\RECYCLE_BIN_RECOVERY_20260604_203541\"
"REVIEW_REQUIRED",".\_LOCAL_CUSTODY_N_RECEIPTS\RECYCLE_BIN_RECOVERY_20260604_203541\REPORTS\RECYCLE_BIN_RECOVERY_FILE_HASH_LEDGER.csv","2536","""2535"",""ITEM_0001__123"",""ITEM_0001__123\123\Jxhnny_Kl33N_Seedz\PORCH_SORTING_TABLE\NEEDS_REVIEW\System.Resources.Reader.dll"",""C:\Users\13527\Desktop\123\_LOCAL_CUSTODY_N_RECEIPTS\RECYCLE_BIN_RECOVERY_20260604_203541\RECO"
"REVIEW_REQUIRED",".\_LOCAL_CUSTODY_N_RECEIPTS\RECYCLE_BIN_RECOVERY_20260604_203541\REPORTS\RECYCLE_BIN_RECOVERY_FILE_HASH_LEDGER.csv","2537","""2536"",""ITEM_0001__123"",""ITEM_0001__123\123\Jxhnny_Kl33N_Seedz\PORCH_SORTING_TABLE\NEEDS_REVIEW\System.Resources.ResourceManager.dll"",""C:\Users\13527\Desktop\123\_LOCAL_CUSTODY_N_RECEIPTS\RECYCLE_BIN_RECOVERY_20260604_20"
"REVIEW_REQUIRED",".\_LOCAL_CUSTODY_N_RECEIPTS\RECYCLE_BIN_RECOVERY_20260604_203541\REPORTS\RECYCLE_BIN_RECOVERY_FILE_HASH_LEDGER.csv","2538","""2537"",""ITEM_0001__123"",""ITEM_0001__123\123\Jxhnny_Kl33N_Seedz\PORCH_SORTING_TABLE\NEEDS_REVIEW\System.Resources.Writer.dll"",""C:\Users\13527\Desktop\123\_LOCAL_CUSTODY_N_RECEIPTS\RECYCLE_BIN_RECOVERY_20260604_203541\RECO"
"REVIEW_REQUIRED",".\_LOCAL_CUSTODY_N_RECEIPTS\RECYCLE_BIN_RECOVERY_20260604_203541\REPORTS\RECYCLE_BIN_RECOVERY_FILE_HASH_LEDGER.csv","6168","""6167"",""ITEM_0002__Teleporter137_"",""ITEM_0002__Teleporter137_\Teleporter137_\Jxhnny_Kl33N_Seedz\PORCH_SORTING_TABLE\NEEDS_REVIEW\JOJI_88_ONE_CLEAN_SHEET_20260516.xlsx"",""C:\Users\13527\Desktop\123\_LOCAL_CUSTODY_N_RECEIPT"
"REVIEW_REQUIRED",".\_LOCAL_CUSTODY_N_RECEIPTS\RECYCLE_BIN_RECOVERY_20260604_203541\REPORTS\RECYCLE_BIN_RECOVERY_FILE_HASH_LEDGER.csv","6169","""6168"",""ITEM_0002__Teleporter137_"",""ITEM_0002__Teleporter137_\Teleporter137_\Jxhnny_Kl33N_Seedz\PORCH_SORTING_TABLE\NEEDS_REVIEW\Mr.Kleen.lnk"",""C:\Users\13527\Desktop\123\_LOCAL_CUSTODY_N_RECEIPTS\RECYCLE_BIN_RECOVERY_20"
"REVIEW_REQUIRED",".\_LOCAL_CUSTODY_N_RECEIPTS\RECYCLE_BIN_RECOVERY_20260604_203541\REPORTS\RECYCLE_BIN_RECOVERY_FILE_HASH_LEDGER.csv","6170","""6169"",""ITEM_0002__Teleporter137_"",""ITEM_0002__Teleporter137_\Teleporter137_\Jxhnny_Kl33N_Seedz\PORCH_SORTING_TABLE\NEEDS_REVIEW\pwsh.profile.dsc.resource.json"",""C:\Users\13527\Desktop\123\_LOCAL_CUSTODY_N_RECEIPTS\RECYC"
"REVIEW_REQUIRED",".\_LOCAL_CUSTODY_N_RECEIPTS\RECYCLE_BIN_RECOVERY_20260604_203541\REPORTS\RECYCLE_BIN_RECOVERY_FILE_HASH_LEDGER.csv","6171","""6170"",""ITEM_0002__Teleporter137_"",""ITEM_0002__Teleporter137_\Teleporter137_\Jxhnny_Kl33N_Seedz\PORCH_SORTING_TABLE\NEEDS_REVIEW\resources.arsc"",""C:\Users\13527\Desktop\123\_LOCAL_CUSTODY_N_RECEIPTS\RECYCLE_BIN_RECOVERY_"
"REVIEW_REQUIRED",".\_LOCAL_CUSTODY_N_RECEIPTS\RECYCLE_BIN_RECOVERY_20260604_203541\REPORTS\RECYCLE_BIN_RECOVERY_FILE_HASH_LEDGER.csv","6172","""6171"",""ITEM_0002__Teleporter137_"",""ITEM_0002__Teleporter137_\Teleporter137_\Jxhnny_Kl33N_Seedz\PORCH_SORTING_TABLE\NEEDS_REVIEW\System.Diagnostics.DiagnosticSource.dll"",""C:\Users\13527\Desktop\123\_LOCAL_CUSTODY_N_RECEI"
"REVIEW_REQUIRED",".\_LOCAL_CUSTODY_N_RECEIPTS\RECYCLE_BIN_RECOVERY_20260604_203541\REPORTS\RECYCLE_BIN_RECOVERY_FILE_HASH_LEDGER.csv","6173","""6172"",""ITEM_0002__Teleporter137_"",""ITEM_0002__Teleporter137_\Teleporter137_\Jxhnny_Kl33N_Seedz\PORCH_SORTING_TABLE\NEEDS_REVIEW\System.Diagnostics.TraceSource.dll"",""C:\Users\13527\Desktop\123\_LOCAL_CUSTODY_N_RECEIPTS\R"
"REVIEW_REQUIRED",".\_LOCAL_CUSTODY_N_RECEIPTS\RECYCLE_BIN_RECOVERY_20260604_203541\REPORTS\RECYCLE_BIN_RECOVERY_FILE_HASH_LEDGER.csv","6174","""6173"",""ITEM_0002__Teleporter137_"",""ITEM_0002__Teleporter137_\Teleporter137_\Jxhnny_Kl33N_Seedz\PORCH_SORTING_TABLE\NEEDS_REVIEW\System.IO.FileSystem.Watcher.dll"",""C:\Users\13527\Desktop\123\_LOCAL_CUSTODY_N_RECEIPTS\REC"
"REVIEW_REQUIRED",".\_LOCAL_CUSTODY_N_RECEIPTS\RECYCLE_BIN_RECOVERY_20260604_203541\REPORTS\RECYCLE_BIN_RECOVERY_FILE_HASH_LEDGER.csv","6175","""6174"",""ITEM_0002__Teleporter137_"",""ITEM_0002__Teleporter137_\Teleporter137_\Jxhnny_Kl33N_Seedz\PORCH_SORTING_TABLE\NEEDS_REVIEW\System.Resources.Extensions.dll"",""C:\Users\13527\Desktop\123\_LOCAL_CUSTODY_N_RECEIPTS\RECY"
"REVIEW_REQUIRED",".\_LOCAL_CUSTODY_N_RECEIPTS\RECYCLE_BIN_RECOVERY_20260604_203541\REPORTS\RECYCLE_BIN_RECOVERY_FILE_HASH_LEDGER.csv","6176","""6175"",""ITEM_0002__Teleporter137_"",""ITEM_0002__Teleporter137_\Teleporter137_\Jxhnny_Kl33N_Seedz\PORCH_SORTING_TABLE\NEEDS_REVIEW\System.Resources.Reader.dll"",""C:\Users\13527\Desktop\123\_LOCAL_CUSTODY_N_RECEIPTS\RECYCLE_"
"REVIEW_REQUIRED",".\_LOCAL_CUSTODY_N_RECEIPTS\RECYCLE_BIN_RECOVERY_20260604_203541\REPORTS\RECYCLE_BIN_RECOVERY_FILE_HASH_LEDGER.csv","6177","""6176"",""ITEM_0002__Teleporter137_"",""ITEM_0002__Teleporter137_\Teleporter137_\Jxhnny_Kl33N_Seedz\PORCH_SORTING_TABLE\NEEDS_REVIEW\System.Resources.ResourceManager.dll"",""C:\Users\13527\Desktop\123\_LOCAL_CUSTODY_N_RECEIPTS"
"REVIEW_REQUIRED",".\_LOCAL_CUSTODY_N_RECEIPTS\RECYCLE_BIN_RECOVERY_20260604_203541\REPORTS\RECYCLE_BIN_RECOVERY_FILE_HASH_LEDGER.csv","6178","""6177"",""ITEM_0002__Teleporter137_"",""ITEM_0002__Teleporter137_\Teleporter137_\Jxhnny_Kl33N_Seedz\PORCH_SORTING_TABLE\NEEDS_REVIEW\System.Resources.Writer.dll"",""C:\Users\13527\Desktop\123\_LOCAL_CUSTODY_N_RECEIPTS\RECYCLE_"
"REVIEW_REQUIRED",".\_LOCAL_CUSTODY_AND_RECEIPTS\ROOT_LOOSE_DOCS_20260531_033722\HELPER CAPABILITY BOUNDARIES_V1.8.2.txt","1886","REVIEW_REQUIRED."
"REVIEW_REQUIRED",".\_LOCAL_CUSTODY_AND_RECEIPTS\ROOT_LOOSE_DOCS_20260531_033722\HELPER CAPABILITY BOUNDARIES_V1.8.2.txt","9402","Expected: CAPABILITY_UNKNOWN / REVIEW_REQUIRED."
"REVIEW_REQUIRED",".\_LOCAL_CUSTODY_AND_RECEIPTS\ROOT_LOOSE_DOCS_20260530_200709\HOUSE_KEYRING_GRAPH_DEEP_CLEAN_EXPANSION_V1.md","266","NEEDS_REVIEW"
"REVIEW_REQUIRED",".\_LOCAL_CUSTODY_AND_RECEIPTS\ROOT_LEGACY_RESIDUE_PHASE2_20260603_234817\PARKED_PACKAGES_PENDING_REVIEW\PARKING_GATE_CONTROL_SURFACE_V1\raw progress.txt","1003","`REVIEW_REQUIRED`"
"REVIEW_REQUIRED",".\_LOCAL_CUSTODY_AND_RECEIPTS\ROOT_LEGACY_RESIDUE_PHASE2_20260603_234817\PARKED_PACKAGES_PENDING_REVIEW\PARKING_GATE_CONTROL_SURFACE_V1\raw progress.txt","28274","`REVIEW_REQUIRED`"
"REVIEW_REQUIRED",".\_LOCAL_CUSTODY_AND_RECEIPTS\ROOT_LEGACY_RESIDUE_PHASE2_20260603_234817\PARKED_PACKAGES_PENDING_REVIEW\PARKING_GATE_CONTROL_SURFACE_V1\raw progress.txt","28310","`REVIEW_REQUIRED`"
"REVIEW_REQUIRED",".\_LOCAL_CUSTODY_AND_RECEIPTS\ROOT_LEGACY_RESIDUE_PHASE2_20260603_234817\PARKED_PACKAGES_PENDING_REVIEW\PARKING_GATE_CONTROL_SURFACE_V1\raw progress.txt","29520","`NEEDS_REVIEW`"
"REVIEW_REQUIRED",".\_LOCAL_CUSTODY_AND_RECEIPTS\ROOT_LEGACY_RESIDUE_PHASE2_20260603_234817\PARKED_PACKAGES_PENDING_REVIEW\PARKING_GATE_CONTROL_SURFACE_V1\raw progress.txt","29567","`REVIEW_REQUIRED`"
"REVIEW_REQUIRED",".\_LOCAL_CUSTODY_AND_RECEIPTS\ROOT_LEGACY_RESIDUE_PHASE2_20260603_234817\PARKED_PACKAGES_PENDING_REVIEW\PARKING_GATE_CONTROL_SURFACE_V1\raw progress.txt","29838","`REVIEW_REQUIRED`"
"REVIEW_REQUIRED",".\_LOCAL_CUSTODY_AND_RECEIPTS\ROOT_LEGACY_RESIDUE_PHASE2_20260603_234817\PARKED_PACKAGES_PENDING_REVIEW\PARKING_GATE_CONTROL_SURFACE_V1\raw progress.txt","29914","`REVIEW_REQUIRED`"
"REVIEW_REQUIRED",".\_LOCAL_CUSTODY_AND_RECEIPTS\ROOT_LEGACY_RESIDUE_PHASE2_20260603_234817\PARKED_PACKAGES_PENDING_REVIEW\PARKING_GATE_CONTROL_SURFACE_V1\raw progress.txt","29922","EXAMPLE-OLG-0001,EXAMPLE-PARK-0004,12,5,7,2,1,REVIEW_REQUIRED,Reduce to parent/source/proof/return links only,Overlink review does not prove remaining links are valuable,Stop before adding more links"
"REVIEW_REQUIRED",".\_LOCAL_CUSTODY_AND_RECEIPTS\ROOT_LEGACY_RESIDUE_PHASE2_20260603_234817\PARKED_PACKAGES_PENDING_REVIEW\PARKING_GATE_CONTROL_SURFACE_V1\raw progress.txt","31679","`REVIEW_REQUIRED`"
"REVIEW_REQUIRED",".\_LOCAL_CUSTODY_AND_RECEIPTS\ROOT_LEGACY_RESIDUE_PHASE2_20260603_234817\PARKED_PACKAGES_PENDING_REVIEW\PARKING_GATE_CONTROL_SURFACE_V1\raw progress.txt","31915","`REVIEW_REQUIRED`"
"REVIEW_REQUIRED",".\_LOCAL_CUSTODY_AND_RECEIPTS\ROOT_LEGACY_RESIDUE_PHASE2_20260603_234817\PARKED_PACKAGES_PENDING_REVIEW\PARKING_GATE_CONTROL_SURFACE_V1\raw progress.txt","32003","EDGE-PARK-001,EDGE_AMBIGUOUS_OBJECT_TYPE,EDGE,Ambiguous object type should require review not pass,ObjectType=UNKNOWN_OBJECT but otherwise strong row,REVIEW_REQUIRED,REVIEW_OBJECT_TYPE_REQUIRED,Review decision needed,Doe"
"REVIEW_REQUIRED",".\_LOCAL_CUSTODY_AND_RECEIPTS\ROOT_LEGACY_RESIDUE_PHASE2_20260603_234817\PARKED_PACKAGES_PENDING_REVIEW\PARKING_GATE_CONTROL_SURFACE_V1\raw progress.txt","32005","EDGE-PARK-003,EDGE_DUPLICATE_CONCEPT,EDGE,A duplicate may merge or link but should not create uncontrolled copy,Name/meaning matches existing ParkId,REVIEW_REQUIRED,REVIEW_DUPLICATE_OR_MERGE,Duplicate comparison,Does not"
"REVIEW_REQUIRED",".\_LOCAL_CUSTODY_AND_RECEIPTS\ROOT_LEGACY_RESIDUE_PHASE2_20260603_234817\PARKED_PACKAGES_PENDING_REVIEW\PARKING_GATE_CONTROL_SURFACE_V1\raw progress.txt","32007","EDGE-PARK-005,EDGE_SOURCE_HASH_MISSING_FILE_BASED,EDGE,File source without hash may park as incomplete but cannot adopt,SourceClass=FILE SourceHash blank,REVIEW_REQUIRED,REVIEW_CUSTODY_INCOMPLETE,Custody warning,Does not"
"REVIEW_REQUIRED",".\_LOCAL_CUSTODY_AND_RECEIPTS\ROOT_LEGACY_RESIDUE_PHASE2_20260603_234817\PARKED_PACKAGES_PENDING_REVIEW\PARKING_GATE_CONTROL_SURFACE_V1\raw progress.txt","32008","EDGE-PARK-006,EDGE_RETURN_TRIGGER_FIRED_BUT_PROOF_MISSING,EDGE,Triggered return without proof opens review only,ReturnTriggerStatus=TRIGGERED ProofStatus=NOT_STARTED,REVIEW_REQUIRED,REVIEW_TRIGGERED_PROOF_MISSING,Review-"
"REVIEW_REQUIRED",".\_LOCAL_CUSTODY_AND_RECEIPTS\ROOT_LEGACY_RESIDUE_PHASE2_20260603_234817\PARKED_PACKAGES_PENDING_REVIEW\PARKING_GATE_CONTROL_SURFACE_V1\raw progress.txt","32010","EDGE-PARK-008,EDGE_STALE_PARKED_ITEM,EDGE,Old parked item needs review/retire not silent live carry,LastReviewUtc old and ReturnTrigger dormant,REVIEW_REQUIRED,REVIEW_STALENESS_REQUIRED,Staleness review,Does not prove it"
"REVIEW_REQUIRED",".\_LOCAL_CUSTODY_AND_RECEIPTS\ROOT_LEGACY_RESIDUE_PHASE2_20260603_234817\PARKED_PACKAGES_PENDING_REVIEW\PARKING_GATE_CONTROL_SURFACE_V1\raw progress.txt","33152","* REVIEW_REQUIRED"
"REVIEW_REQUIRED",".\_LOCAL_CUSTODY_AND_RECEIPTS\ROOT_LEGACY_RESIDUE_PHASE2_20260603_234817\PARKED_PACKAGES_PENDING_REVIEW\PARKING_GATE_CONTROL_SURFACE_V1\PARKING_CONTROL_SURFACE_V2\02_PROOF_BENCH\PARKING_CONTROL_SURFACE_V2_FIXTURE_CATALOG.csv","15","EDGE-V2-001,EDGE_URGENT_TRIGGER_PROOF_MISSING,EDGE,Urgency must not bypass proof,Priority=P0 but ProofStatus=NOT_STARTED,REVIEW_REQUIRED,REVIEW_URGENT_TRIGGER_PROOF_MISSING,Review result plus proof need,Does not prove tr"
"REVIEW_REQUIRED",".\_LOCAL_CUSTODY_AND_RECEIPTS\ROOT_LEGACY_RESIDUE_PHASE2_20260603_234817\PARKED_PACKAGES_PENDING_REVIEW\PARKING_GATE_CONTROL_SURFACE_V1\PARKING_CONTROL_SURFACE_V2\02_PROOF_BENCH\PARKING_CONTROL_SURFACE_V2_FIXTURE_CATALOG.csv","16","EDGE-V2-002,EDGE_USER_REQUEST_BLOCKED_LANE,EDGE,User request can open review but blocked lane stays blocked,Requested movement asks for UI while UI lane blocked,REVIEW_REQUIRED,REVIEW_USER_REQUEST_BLOCKED_LANE,Boundary r"
"REVIEW_REQUIRED",".\_LOCAL_CUSTODY_AND_RECEIPTS\ROOT_LEGACY_RESIDUE_PHASE2_20260603_234817\PARKED_PACKAGES_PENDING_REVIEW\PARKING_GATE_CONTROL_SURFACE_V1\PARKING_CONTROL_SURFACE_V2\02_PROOF_BENCH\PARKING_CONTROL_SURFACE_V2_EXPECTED_RESULTS.csv","6","EXP-V2-005,BAD-V2-005,BLOCK,REVIEW_REQUIRED,NONE,BLOCK_TRIGGER_AS_QUEUE_PRIORITY,Open review only,Yes,Expected result is not executed proof,Stop before active queue"
"REVIEW_REQUIRED",".\_LOCAL_CUSTODY_AND_RECEIPTS\ROOT_LEGACY_RESIDUE_PHASE2_20260603_234817\PARKED_PACKAGES_PENDING_REVIEW\PARKING_GATE_CONTROL_SURFACE_V1\PARKING_CONTROL_SURFACE_V2\02_PROOF_BENCH\PARKING_CONTROL_SURFACE_V2_EXPECTED_RESULTS.csv","10","EXP-V2-009,BAD-V2-009,BLOCK,REVIEW_REQUIRED,NONE,BLOCK_TRIGGER_FLOOD,Rationalize and suppress nuisance triggers,Yes,Expected result is not executed proof,Stop before wake queue"
"REVIEW_REQUIRED",".\_LOCAL_CUSTODY_AND_RECEIPTS\ROOT_LEGACY_RESIDUE_PHASE2_20260603_234817\PARKED_PACKAGES_PENDING_REVIEW\PARKING_GATE_CONTROL_SURFACE_V1\PARKING_CONTROL_SURFACE_V2\02_PROOF_BENCH\PARKING_CONTROL_SURFACE_V2_EXPECTED_RESULTS.csv","15","EXP-V2-014,EDGE-V2-001,REVIEW_REQUIRED,PROOF_REQUIRED,NONE,REVIEW_URGENT_TRIGGER_PROOF_MISSING,Review urgency without adoption,Yes,Edge result is not executed proof,Stop before adoption"
"REVIEW_REQUIRED",".\_LOCAL_CUSTODY_AND_RECEIPTS\ROOT_LEGACY_RESIDUE_PHASE2_20260603_234817\PARKED_PACKAGES_PENDING_REVIEW\PARKING_GATE_CONTROL_SURFACE_V1\PARKING_CONTROL_SURFACE_V2\02_PROOF_BENCH\PARKING_CONTROL_SURFACE_V2_EXPECTED_RESULTS.csv","16","EXP-V2-015,EDGE-V2-002,REVIEW_REQUIRED,BLOCKED,NONE,REVIEW_USER_REQUEST_BLOCKED_LANE,Review request but keep lane blocked,Yes,Edge result is not executed proof,Stop before UI"
"REVIEW_REQUIRED",".\_LOCAL_CUSTODY_AND_RECEIPTS\ROOT_LEGACY_RESIDUE_PHASE2_20260603_234817\PARKED_PACKAGES_PENDING_REVIEW\PARKING_GATE_CONTROL_SURFACE_V1\Final Agent\CHAT_PICKUP_HANDOFF_PARKING_SYSTEM_NEXT_PROOF_BENCH_20260601.md","130","- REVIEW_REQUIRED"
"REVIEW_REQUIRED",".\_LOCAL_CUSTODY_AND_RECEIPTS\ROOT_LEGACY_RESIDUE_PHASE2_20260603_234817\PARKED_PACKAGES_PENDING_REVIEW\HOUSE_DOCK_CONTROL_ROOM_SAVE_PACKET_V1\98_SOURCE_RAW\FINAL_RAW_PROGRESS.txt","10764","REVIEW_REQUIRED"
"REVIEW_REQUIRED",".\_LOCAL_CUSTODY_AND_RECEIPTS\ROOT_LEGACY_RESIDUE_PHASE2_20260603_234817\PARKED_PACKAGES_PENDING_REVIEW\HOUSE_DOCK_CONTROL_ROOM_SAVE_PACKET_V1\98_SOURCE_RAW\FINAL_RAW_PROGRESS.txt","11206","`PARK_REQUIRED` or `REVIEW_REQUIRED`"
"REVIEW_REQUIRED",".\_LOCAL_CUSTODY_AND_RECEIPTS\ROOT_LEGACY_RESIDUE_PHASE2_20260603_234817\PARKED_PACKAGES_PENDING_REVIEW\HOUSE_DOCK_CONTROL_ROOM_SAVE_PACKET_V1\98_SOURCE_RAW\FINAL_RAW_PROGRESS.txt","11446","  REVIEW_REQUIRED or MERGE_WITH_EXISTING"
"REVIEW_REQUIRED",".\_LOCAL_CUSTODY_AND_RECEIPTS\ROOT_LEGACY_RESIDUE_PHASE2_20260603_234817\PARKED_PACKAGES_PENDING_REVIEW\HOUSE_DOCK_CONTROL_ROOM_SAVE_PACKET_V1\98_SOURCE_RAW\FINAL_RAW_PROGRESS.txt","11786","REVIEW_REQUIRED"
"REVIEW_REQUIRED",".\_LOCAL_CUSTODY_AND_RECEIPTS\ROOT_LEGACY_RESIDUE_PHASE2_20260603_234817\PARKED_PACKAGES_PENDING_REVIEW\HOUSE_DOCK_CONTROL_ROOM_SAVE_PACKET_V1\98_SOURCE_RAW\FINAL_RAW_PROGRESS.txt","11924","REVIEW_REQUIRED"
"REVIEW_REQUIRED",".\_LOCAL_CUSTODY_AND_RECEIPTS\ROOT_LEGACY_RESIDUE_PHASE2_20260603_234817\PARKED_PACKAGES_PENDING_REVIEW\HOUSE_DOCK_CONTROL_ROOM_SAVE_PACKET_V1\98_SOURCE_RAW\FINAL_RAW_PROGRESS.txt","12399","Expected: REVIEW_REQUIRED"
"REVIEW_REQUIRED",".\_LOCAL_CUSTODY_AND_RECEIPTS\ROOT_LEGACY_RESIDUE_PHASE2_20260603_234817\PARKED_PACKAGES_PENDING_REVIEW\HOUSE_DOCK_CONTROL_ROOM_SAVE_PACKET_V1\98_SOURCE_RAW\FINAL_RAW_PROGRESS.txt","12402","Expected: REVIEW_REQUIRED"
"REVIEW_REQUIRED",".\_LOCAL_CUSTODY_AND_RECEIPTS\ROOT_LEGACY_RESIDUE_PHASE2_20260603_234817\PARKED_PACKAGES_PENDING_REVIEW\HOUSE_DOCK_CONTROL_ROOM_SAVE_PACKET_V1\98_SOURCE_RAW\FINAL_RAW_PROGRESS.txt","12438","Decision: REVIEW_REQUIRED or MERGE_WITH_EXISTING"
"REVIEW_REQUIRED",".\_LOCAL_CUSTODY_AND_RECEIPTS\ROOT_LEGACY_RESIDUE_PHASE2_20260603_234817\PARKED_PACKAGES_PENDING_REVIEW\HOUSE_DOCK_CONTROL_ROOM_SAVE_PACKET_V1\98_SOURCE_RAW\FINAL_RAW_PROGRESS.txt","12566","EDGE_DUPLICATE_TOOL_REQUEST                 REVIEW_REQUIRED or MERGE_WITH_EXISTING"
"REVIEW_REQUIRED",".\_LOCAL_CUSTODY_AND_RECEIPTS\ROOT_LEGACY_RESIDUE_PHASE2_20260603_234817\PARKED_PACKAGES_PENDING_REVIEW\HOUSE_DOCK_CONTROL_ROOM_SAVE_PACKET_V1\98_SOURCE_RAW\FINAL_RAW_PROGRESS.txt","15080","REVIEW_REQUIRED"
"REVIEW_REQUIRED",".\_LOCAL_CUSTODY_AND_RECEIPTS\ROOT_LEGACY_RESIDUE_PHASE2_20260603_234817\PARKED_PACKAGES_PENDING_REVIEW\HOUSE_DOCK_CONTROL_ROOM_SAVE_PACKET_V1\98_SOURCE_RAW\FINAL_RAW_PROGRESS.txt","15672","Decision: REVIEW_REQUIRED"
"REVIEW_REQUIRED",".\_LOCAL_CUSTODY_AND_RECEIPTS\ROOT_LEGACY_RESIDUE_PHASE2_20260603_234817\PARKED_PACKAGES_PENDING_REVIEW\HOUSE_DOCK_CONTROL_ROOM_SAVE_PACKET_V1\98_SOURCE_RAW\FINAL_RAW_PROGRESS.txt","18698","REVIEW_REQUIRED"
"REVIEW_REQUIRED",".\_LOCAL_CUSTODY_AND_RECEIPTS\ROOT_LEGACY_RESIDUE_PHASE2_20260603_234817\PARKED_PACKAGES_PENDING_REVIEW\HOUSE_DOCK_CONTROL_ROOM_SAVE_PACKET_V1\98_SOURCE_RAW\FINAL_RAW_PROGRESS.txt","22803","REVIEW_REQUIRED"
"REVIEW_REQUIRED",".\_LOCAL_CUSTODY_AND_RECEIPTS\ROOT_LEGACY_RESIDUE_PHASE2_20260603_234817\PARKED_PACKAGES_PENDING_REVIEW\HOUSE_DOCK_CONTROL_ROOM_SAVE_PACKET_V1\06_MEMORY_SEARCH_GROWTH\HOUSE_DOCK_SCENT_SEARCH_TRACEABILITY_V1.md","96","- REVIEW_REQUIRED"
"REVIEW_REQUIRED",".\_LOCAL_CUSTODY_AND_RECEIPTS\ROOT_LEGACY_RESIDUE_PHASE2_20260603_234817\PARKED_PACKAGES_PENDING_REVIEW\HOUSE_DOCK_CONTROL_ROOM_SAVE_PACKET_V1\04_KERNEL_PROOF\HOUSE_DOCK_KERNEL_OPERATING_CONTRACT_V1.md","151","- REVIEW_REQUIRED"
"REVIEW_REQUIRED",".\_LOCAL_CUSTODY_AND_RECEIPTS\ROOT_LEGACY_RESIDUE_PHASE2_20260603_234817\PARKED_PACKAGES_PENDING_REVIEW\HELPER_CONTEXT_AUTHORITY_PROOF_RESEARCH_PACK_20260531\01_CURRENT_ACCEPTED_BATCHES\BATCH_02_AUTHORITY_POWER_AND_CAPABILITY_V3_SPECIAL_WALLS_RUN_20260531.md","354","Decision: ALLOW / DENY / NEEDS_REVIEW / BREAK_GLASS_CONTAIN_ONLY"
"REVIEW_REQUIRED",".\_LOCAL_CUSTODY_N_RECEIPTS\RECYCLE_BIN_RECOVERY_20260604_203541\RECOVERED_ITEMS\ITEM_0046__HELPER CAPABILITY BOUNDARIES_V1.8.2.txt\HELPER CAPABILITY BOUNDARIES_V1.8.2.txt","440","Verdicts: CAPABILITY_REGISTERED, CAPABILITY_UNKNOWN, CAPABILITY_STALE, CAPABILITY_BLOCKED, REVIEW_REQUIRED."
"REVIEW_REQUIRED",".\_LOCAL_CUSTODY_N_RECEIPTS\RECYCLE_BIN_RECOVERY_20260604_203541\RECOVERED_ITEMS\ITEM_0046__HELPER CAPABILITY BOUNDARIES_V1.8.2.txt\HELPER CAPABILITY BOUNDARIES_V1.8.2.txt","782","Expected: CAPABILITY_UNKNOWN / REVIEW_REQUIRED."
"REVIEW_REQUIRED",".\_LOCAL_CUSTODY_N_RECEIPTS\RECYCLE_BIN_RECOVERY_20260604_203541\RECOVERED_ITEMS\ITEM_0045__ff.txt\ff.txt","440","Verdicts: CAPABILITY_REGISTERED, CAPABILITY_UNKNOWN, CAPABILITY_STALE, CAPABILITY_BLOCKED, REVIEW_REQUIRED."
"REVIEW_REQUIRED",".\_LOCAL_CUSTODY_N_RECEIPTS\RECYCLE_BIN_RECOVERY_20260604_203541\RECOVERED_ITEMS\ITEM_0045__ff.txt\ff.txt","782","Expected: CAPABILITY_UNKNOWN / REVIEW_REQUIRED."
"REVIEW_REQUIRED",".\Jxhnny_Kl33N_Seedz\_MERGE_AUDIT\duplicates.tsv","1084","""123_ROOT""	""PORCH_SORTING_TABLE\NEEDS_REVIEW\CLEAN_SEED_VISUAL_MAP.html""	""C:\Users\13527\Desktop\123\PORCH_SORTING_TABLE\NEEDS_REVIEW\CLEAN_SEED_VISUAL_MAP.html""	""CleanSeedsBuild\PROOF_HISTORY\RECYCLE_BIN_QUARANTINE_2026"
"REVIEW_REQUIRED",".\_LOCAL_CUSTODY_N_RECEIPTS\RECYCLE_BIN_RECOVERY_20260604_203541\RECOVERED_ITEMS\ITEM_0015__raw progress.txt\raw progress.txt","1003","`REVIEW_REQUIRED`"
"REVIEW_REQUIRED",".\_LOCAL_CUSTODY_N_RECEIPTS\RECYCLE_BIN_RECOVERY_20260604_203541\RECOVERED_ITEMS\ITEM_0015__raw progress.txt\raw progress.txt","28274","`REVIEW_REQUIRED`"
"REVIEW_REQUIRED",".\_LOCAL_CUSTODY_N_RECEIPTS\RECYCLE_BIN_RECOVERY_20260604_203541\RECOVERED_ITEMS\ITEM_0015__raw progress.txt\raw progress.txt","28310","`REVIEW_REQUIRED`"
"REVIEW_REQUIRED",".\_LOCAL_CUSTODY_N_RECEIPTS\RECYCLE_BIN_RECOVERY_20260604_203541\RECOVERED_ITEMS\ITEM_0015__raw progress.txt\raw progress.txt","29520","`NEEDS_REVIEW`"
"REVIEW_REQUIRED",".\_LOCAL_CUSTODY_N_RECEIPTS\RECYCLE_BIN_RECOVERY_20260604_203541\RECOVERED_ITEMS\ITEM_0015__raw progress.txt\raw progress.txt","29567","`REVIEW_REQUIRED`"
"REVIEW_REQUIRED",".\_LOCAL_CUSTODY_N_RECEIPTS\RECYCLE_BIN_RECOVERY_20260604_203541\RECOVERED_ITEMS\ITEM_0015__raw progress.txt\raw progress.txt","29838","`REVIEW_REQUIRED`"
"REVIEW_REQUIRED",".\_LOCAL_CUSTODY_N_RECEIPTS\RECYCLE_BIN_RECOVERY_20260604_203541\RECOVERED_ITEMS\ITEM_0015__raw progress.txt\raw progress.txt","29914","`REVIEW_REQUIRED`"
"REVIEW_REQUIRED",".\_LOCAL_CUSTODY_N_RECEIPTS\RECYCLE_BIN_RECOVERY_20260604_203541\RECOVERED_ITEMS\ITEM_0015__raw progress.txt\raw progress.txt","29922","EXAMPLE-OLG-0001,EXAMPLE-PARK-0004,12,5,7,2,1,REVIEW_REQUIRED,Reduce to parent/source/proof/return links only,Overlink review does not prove remaining links are valuable,Stop before adding more links"
"REVIEW_REQUIRED",".\_LOCAL_CUSTODY_N_RECEIPTS\RECYCLE_BIN_RECOVERY_20260604_203541\RECOVERED_ITEMS\ITEM_0015__raw progress.txt\raw progress.txt","31679","`REVIEW_REQUIRED`"
"REVIEW_REQUIRED",".\_LOCAL_CUSTODY_N_RECEIPTS\RECYCLE_BIN_RECOVERY_20260604_203541\RECOVERED_ITEMS\ITEM_0015__raw progress.txt\raw progress.txt","31915","`REVIEW_REQUIRED`"
"REVIEW_REQUIRED",".\_LOCAL_CUSTODY_N_RECEIPTS\RECYCLE_BIN_RECOVERY_20260604_203541\RECOVERED_ITEMS\ITEM_0015__raw progress.txt\raw progress.txt","32003","EDGE-PARK-001,EDGE_AMBIGUOUS_OBJECT_TYPE,EDGE,Ambiguous object type should require review not pass,ObjectType=UNKNOWN_OBJECT but otherwise strong row,REVIEW_REQUIRED,REVIEW_OBJECT_TYPE_REQUIRED,Review decision needed,Doe"
"REVIEW_REQUIRED",".\_LOCAL_CUSTODY_N_RECEIPTS\RECYCLE_BIN_RECOVERY_20260604_203541\RECOVERED_ITEMS\ITEM_0015__raw progress.txt\raw progress.txt","32005","EDGE-PARK-003,EDGE_DUPLICATE_CONCEPT,EDGE,A duplicate may merge or link but should not create uncontrolled copy,Name/meaning matches existing ParkId,REVIEW_REQUIRED,REVIEW_DUPLICATE_OR_MERGE,Duplicate comparison,Does not"
"REVIEW_REQUIRED",".\_LOCAL_CUSTODY_N_RECEIPTS\RECYCLE_BIN_RECOVERY_20260604_203541\RECOVERED_ITEMS\ITEM_0015__raw progress.txt\raw progress.txt","32007","EDGE-PARK-005,EDGE_SOURCE_HASH_MISSING_FILE_BASED,EDGE,File source without hash may park as incomplete but cannot adopt,SourceClass=FILE SourceHash blank,REVIEW_REQUIRED,REVIEW_CUSTODY_INCOMPLETE,Custody warning,Does not"
"REVIEW_REQUIRED",".\_LOCAL_CUSTODY_N_RECEIPTS\RECYCLE_BIN_RECOVERY_20260604_203541\RECOVERED_ITEMS\ITEM_0015__raw progress.txt\raw progress.txt","32008","EDGE-PARK-006,EDGE_RETURN_TRIGGER_FIRED_BUT_PROOF_MISSING,EDGE,Triggered return without proof opens review only,ReturnTriggerStatus=TRIGGERED ProofStatus=NOT_STARTED,REVIEW_REQUIRED,REVIEW_TRIGGERED_PROOF_MISSING,Review-"
"REVIEW_REQUIRED",".\_LOCAL_CUSTODY_N_RECEIPTS\RECYCLE_BIN_RECOVERY_20260604_203541\RECOVERED_ITEMS\ITEM_0015__raw progress.txt\raw progress.txt","32010","EDGE-PARK-008,EDGE_STALE_PARKED_ITEM,EDGE,Old parked item needs review/retire not silent live carry,LastReviewUtc old and ReturnTrigger dormant,REVIEW_REQUIRED,REVIEW_STALENESS_REQUIRED,Staleness review,Does not prove it"
"REVIEW_REQUIRED",".\_LOCAL_CUSTODY_N_RECEIPTS\RECYCLE_BIN_RECOVERY_20260604_203541\RECOVERED_ITEMS\ITEM_0015__raw progress.txt\raw progress.txt","33152","* REVIEW_REQUIRED"
"REVIEW_REQUIRED",".\Jxhnny_Kl33N_Seedz\MULE_LOCAL_ONLY\TOP_SECRET_IDEA_CELL_LOCAL_ONLY_20260524_001305\EVIDENCE\GIT_HELD_LOCAL_ONLY_WASH_EVIDENCE_20260524_090000\COMMAND_CENTER__RECEIPTS__HOUSE_FILE_INTEGRITY_MANIFEST_20260524_042108.csv","1829","""PORCH_SORTING_TABLE\NEEDS_REVIEW\JOJI_88_ONE_CLEAN_SHEET_20260516.xlsx"",""46748"",""2026-05-17T00:27:27.8727066Z"",""983887E75A2C52C0C8C4684BFDE1A5D3AA7D469F77505E84B15F843C674CE50B"""
"REVIEW_REQUIRED",".\Jxhnny_Kl33N_Seedz\MULE_LOCAL_ONLY\TOP_SECRET_IDEA_CELL_LOCAL_ONLY_20260524_001305\EVIDENCE\GIT_HELD_LOCAL_ONLY_WASH_EVIDENCE_20260524_090000\COMMAND_CENTER__RECEIPTS__HOUSE_FILE_INTEGRITY_MANIFEST_20260524_042108.csv","1830","""PORCH_SORTING_TABLE\NEEDS_REVIEW\Mr.Kleen.lnk"",""2531"",""2026-05-17T22:19:38.5226136Z"",""B0EC6D4991CA11006BF88448A229CFFE3CBBFF92FE2CACA0C9F0BEA1B2EDD626"""
"REVIEW_REQUIRED",".\Jxhnny_Kl33N_Seedz\MULE_LOCAL_ONLY\TOP_SECRET_IDEA_CELL_LOCAL_ONLY_20260524_001305\EVIDENCE\GIT_HELD_LOCAL_ONLY_WASH_EVIDENCE_20260524_090000\COMMAND_CENTER__RECEIPTS__HOUSE_FILE_INTEGRITY_MANIFEST_20260524_042108.csv","1831","""PORCH_SORTING_TABLE\NEEDS_REVIEW\pwsh.profile.dsc.resource.json"",""5024"",""2026-04-21T00:25:10.0000000Z"",""378030311FCDD7A8D6C401142275BAEB6C031307EC2E12F51399B84851906380"""
"REVIEW_REQUIRED",".\Jxhnny_Kl33N_Seedz\MULE_LOCAL_ONLY\TOP_SECRET_IDEA_CELL_LOCAL_ONLY_20260524_001305\EVIDENCE\GIT_HELD_LOCAL_ONLY_WASH_EVIDENCE_20260524_090000\COMMAND_CENTER__RECEIPTS__HOUSE_FILE_INTEGRITY_MANIFEST_20260524_042108.csv","1832","""PORCH_SORTING_TABLE\NEEDS_REVIEW\resources.arsc"",""2024232"",""1981-01-01T05:01:02.0000000Z"",""F849A2C8DD688D1BC37C9B35E82DB8629BB9BDCCA06971ED2CEA1355FD42CBDC"""
"REVIEW_REQUIRED",".\Jxhnny_Kl33N_Seedz\MULE_LOCAL_ONLY\TOP_SECRET_IDEA_CELL_LOCAL_ONLY_20260524_001305\EVIDENCE\GIT_HELD_LOCAL_ONLY_WASH_EVIDENCE_20260524_090000\COMMAND_CENTER__RECEIPTS__HOUSE_FILE_INTEGRITY_MANIFEST_20260524_042108.csv","1833","""PORCH_SORTING_TABLE\NEEDS_REVIEW\System.Diagnostics.DiagnosticSource.dll"",""502024"",""2026-04-21T00:25:10.0000000Z"",""C16E9BBD5D4825EAC549ED648D47C4CD645144D69E359831B5335F24BAA5C166"""
"REVIEW_REQUIRED",".\Jxhnny_Kl33N_Seedz\MULE_LOCAL_ONLY\TOP_SECRET_IDEA_CELL_LOCAL_ONLY_20260524_001305\EVIDENCE\GIT_HELD_LOCAL_ONLY_WASH_EVIDENCE_20260524_090000\COMMAND_CENTER__RECEIPTS__HOUSE_FILE_INTEGRITY_MANIFEST_20260524_042108.csv","1834","""PORCH_SORTING_TABLE\NEEDS_REVIEW\System.Diagnostics.TraceSource.dll"",""141624"",""2026-04-21T00:25:10.0000000Z"",""3998FB3DD9AB7C6C161F73B9C3512FB0BB72BD8461EBB01D3F0FFD10955A3162"""
"REVIEW_REQUIRED",".\Jxhnny_Kl33N_Seedz\MULE_LOCAL_ONLY\TOP_SECRET_IDEA_CELL_LOCAL_ONLY_20260524_001305\EVIDENCE\GIT_HELD_LOCAL_ONLY_WASH_EVIDENCE_20260524_090000\COMMAND_CENTER__RECEIPTS__HOUSE_FILE_INTEGRITY_MANIFEST_20260524_042108.csv","1835","""PORCH_SORTING_TABLE\NEEDS_REVIEW\System.IO.FileSystem.Watcher.dll"",""88336"",""2026-04-21T00:25:10.0000000Z"",""E64066BE9F484246F4634C36BA61BC67FA050D8A3804B6D74AA0907C680C4D3F"""
"REVIEW_REQUIRED",".\Jxhnny_Kl33N_Seedz\MULE_LOCAL_ONLY\TOP_SECRET_IDEA_CELL_LOCAL_ONLY_20260524_001305\EVIDENCE\GIT_HELD_LOCAL_ONLY_WASH_EVIDENCE_20260524_090000\COMMAND_CENTER__RECEIPTS__HOUSE_FILE_INTEGRITY_MANIFEST_20260524_042108.csv","1836","""PORCH_SORTING_TABLE\NEEDS_REVIEW\System.Resources.Extensions.dll"",""194832"",""2026-04-21T00:25:10.0000000Z"",""7ED1AB5F3A05A22F6CE56E19F94B339161A6C016EFD1ED489C75D9879CC06324"""
"REVIEW_REQUIRED",".\Jxhnny_Kl33N_Seedz\MULE_LOCAL_ONLY\TOP_SECRET_IDEA_CELL_LOCAL_ONLY_20260524_001305\EVIDENCE\GIT_HELD_LOCAL_ONLY_WASH_EVIDENCE_20260524_090000\COMMAND_CENTER__RECEIPTS__HOUSE_FILE_INTEGRITY_MANIFEST_20260524_042108.csv","1837","""PORCH_SORTING_TABLE\NEEDS_REVIEW\System.Resources.Reader.dll"",""15632"",""2026-04-21T00:25:10.0000000Z"",""2ADCBC59EC9AF701BD5D1E1B010F1741F96E0399E62CFA1AC9CBA100A75DD017"""
"REVIEW_REQUIRED",".\Jxhnny_Kl33N_Seedz\MULE_LOCAL_ONLY\TOP_SECRET_IDEA_CELL_LOCAL_ONLY_20260524_001305\EVIDENCE\GIT_HELD_LOCAL_ONLY_WASH_EVIDENCE_20260524_090000\COMMAND_CENTER__RECEIPTS__HOUSE_FILE_INTEGRITY_MANIFEST_20260524_042108.csv","1838","""PORCH_SORTING_TABLE\NEEDS_REVIEW\System.Resources.ResourceManager.dll"",""16184"",""2026-04-21T00:25:10.0000000Z"",""B78331FDE1A493FA4B8B1B385CADF95C6EC0452AF62F0C32167FE6757CCB9ADC"""
"REVIEW_REQUIRED",".\Jxhnny_Kl33N_Seedz\MULE_LOCAL_ONLY\TOP_SECRET_IDEA_CELL_LOCAL_ONLY_20260524_001305\EVIDENCE\GIT_HELD_LOCAL_ONLY_WASH_EVIDENCE_20260524_090000\COMMAND_CENTER__RECEIPTS__HOUSE_FILE_INTEGRITY_MANIFEST_20260524_042108.csv","1839","""PORCH_SORTING_TABLE\NEEDS_REVIEW\System.Resources.Writer.dll"",""51464"",""2026-04-21T00:25:10.0000000Z"",""BAE52E4DDD766BCF3ECC1EF4C7D42AD312FD9578C9968FAB1C5C3BB5A8DDC683"""
"REVIEW_REQUIRED",".\_MISC_DRAWER\READ_REPORTS\SOLUTION_TO_CONCEPT_PROPAGATION_LEDGER_V0.1_20260527_211808.csv","1069","""Role Term vs Identity Takeover Guard"",""ROPE_CONTEXT_WATCH"",""C:\Users\13527\Downloads\Nero\PROOF_HISTORY\DESKTOP_TOP_LEVEL_CLASSIFICATION_NO_ACTION_20260510_003534.txt"",""30"",""NEEDS_REVIEW possible project/proof material:"
"REVIEW_REQUIRED",".\_MISC_DRAWER\READ_REPORTS\SOLUTION_TO_CONCEPT_PROPAGATION_LEDGER_V0.1_20260527_211808.csv","1070","""Role Term vs Identity Takeover Guard"",""ROPE_CONTEXT_WATCH"",""C:\Users\13527\Downloads\Nero\PROOF_HISTORY\DESKTOP_TOP_LEVEL_CLASSIFICATION_NO_ACTION_20260510_003534.txt"",""31"",""NEEDS_REVIEW possible project/proof material:"
"REVIEW_REQUIRED",".\_MISC_DRAWER\READ_REPORTS\SOLUTION_TO_CONCEPT_PROPAGATION_LEDGER_V0.1_20260527_211808.csv","1071","""Role Term vs Identity Takeover Guard"",""ROPE_CONTEXT_WATCH"",""C:\Users\13527\Downloads\Nero\PROOF_HISTORY\DESKTOP_TOP_LEVEL_CLASSIFICATION_NO_ACTION_20260510_003534.txt"",""32"",""NEEDS_REVIEW possible project/proof material:"
"REVIEW_REQUIRED",".\_MISC_DRAWER\READ_REPORTS\SOLUTION_TO_CONCEPT_PROPAGATION_LEDGER_V0.1_20260527_211808.csv","1072","""Role Term vs Identity Takeover Guard"",""ROPE_CONTEXT_WATCH"",""C:\Users\13527\Downloads\Nero\PROOF_HISTORY\DESKTOP_TOP_LEVEL_CLASSIFICATION_NO_ACTION_20260510_003534.txt"",""33"",""NEEDS_REVIEW possible project/proof material:"
"REVIEW_REQUIRED",".\_MISC_DRAWER\READ_REPORTS\POWERSHELL_CODE_GATE_RUNNER_REPORT_V1.3_20260530_105415_RUN_FULL_HOUSE_GATE_WASH_SINGLE_COMMAND_SUPERVISOR_V3.ps1.md","51","OverallVerdict: REVIEW_REQUIRED"
"REVIEW_REQUIRED",".\_MISC_DRAWER\READ_REPORTS\POWERSHELL_CODE_GATE_RUNNER_REPORT_V1.3_20260530_105328_RUN_FULL_HOUSE_GATE_WASH_SINGLE_COMMAND_SUPERVISOR_V3.ps1.md","51","OverallVerdict: REVIEW_REQUIRED"
"REVIEW_REQUIRED",".\_MISC_DRAWER\READ_REPORTS\HOUSE_ODDITY_WALK_20260530\HOUSE_ODD_NAME_AND_SIZE_FLAGS_20260530_210555.csv","1006","""File"",""name signals copy/stale/temp/error/watch"",""Jxhnny_Kl33N_Seedz\PORCH_SORTING_TABLE\NEEDS_REVIEW\System.IO.FileSystem.Watcher.dll"",""88336"",""2026-04-20T20:25:10.0000000-04:00"""
"REVIEW_REQUIRED",".\_MISC_DRAWER\READ_REPORTS\HOUSE_ODDITY_WALK_20260530\HOUSE_FILE_HASH_LEDGER_20260530_210527.csv","2801","""983887E75A2C52C0C8C4684BFDE1A5D3AA7D469F77505E84B15F843C674CE50B"",""Jxhnny_Kl33N_Seedz\PORCH_SORTING_TABLE\NEEDS_REVIEW\JOJI_88_ONE_CLEAN_SHEET_20260516.xlsx"",""C:\Users\13527\Desktop\123\Jxhnny_Kl33N_Seedz\PORCH_SORTING_"
"REVIEW_REQUIRED",".\_MISC_DRAWER\READ_REPORTS\HOUSE_ODDITY_WALK_20260530\HOUSE_FILE_HASH_LEDGER_20260530_210527.csv","2802","""B0EC6D4991CA11006BF88448A229CFFE3CBBFF92FE2CACA0C9F0BEA1B2EDD626"",""Jxhnny_Kl33N_Seedz\PORCH_SORTING_TABLE\NEEDS_REVIEW\Mr.Kleen.lnk"",""C:\Users\13527\Desktop\123\Jxhnny_Kl33N_Seedz\PORCH_SORTING_TABLE\NEEDS_REVIEW\Mr.Kle"
"REVIEW_REQUIRED",".\_MISC_DRAWER\READ_REPORTS\HOUSE_ODDITY_WALK_20260530\HOUSE_FILE_HASH_LEDGER_20260530_210527.csv","2803","""378030311FCDD7A8D6C401142275BAEB6C031307EC2E12F51399B84851906380"",""Jxhnny_Kl33N_Seedz\PORCH_SORTING_TABLE\NEEDS_REVIEW\pwsh.profile.dsc.resource.json"",""C:\Users\13527\Desktop\123\Jxhnny_Kl33N_Seedz\PORCH_SORTING_TABLE\N"
"REVIEW_REQUIRED",".\_MISC_DRAWER\READ_REPORTS\HOUSE_ODDITY_WALK_20260530\HOUSE_FILE_HASH_LEDGER_20260530_210527.csv","2804","""F849A2C8DD688D1BC37C9B35E82DB8629BB9BDCCA06971ED2CEA1355FD42CBDC"",""Jxhnny_Kl33N_Seedz\PORCH_SORTING_TABLE\NEEDS_REVIEW\resources.arsc"",""C:\Users\13527\Desktop\123\Jxhnny_Kl33N_Seedz\PORCH_SORTING_TABLE\NEEDS_REVIEW\reso"
"REVIEW_REQUIRED",".\_MISC_DRAWER\READ_REPORTS\HOUSE_ODDITY_WALK_20260530\HOUSE_FILE_HASH_LEDGER_20260530_210527.csv","2805","""C16E9BBD5D4825EAC549ED648D47C4CD645144D69E359831B5335F24BAA5C166"",""Jxhnny_Kl33N_Seedz\PORCH_SORTING_TABLE\NEEDS_REVIEW\System.Diagnostics.DiagnosticSource.dll"",""C:\Users\13527\Desktop\123\Jxhnny_Kl33N_Seedz\PORCH_SORTIN"
"REVIEW_REQUIRED",".\_MISC_DRAWER\READ_REPORTS\HOUSE_ODDITY_WALK_20260530\HOUSE_FILE_HASH_LEDGER_20260530_210527.csv","2806","""3998FB3DD9AB7C6C161F73B9C3512FB0BB72BD8461EBB01D3F0FFD10955A3162"",""Jxhnny_Kl33N_Seedz\PORCH_SORTING_TABLE\NEEDS_REVIEW\System.Diagnostics.TraceSource.dll"",""C:\Users\13527\Desktop\123\Jxhnny_Kl33N_Seedz\PORCH_SORTING_TAB"
"REVIEW_REQUIRED",".\_MISC_DRAWER\READ_REPORTS\HOUSE_ODDITY_WALK_20260530\HOUSE_FILE_HASH_LEDGER_20260530_210527.csv","2807","""E64066BE9F484246F4634C36BA61BC67FA050D8A3804B6D74AA0907C680C4D3F"",""Jxhnny_Kl33N_Seedz\PORCH_SORTING_TABLE\NEEDS_REVIEW\System.IO.FileSystem.Watcher.dll"",""C:\Users\13527\Desktop\123\Jxhnny_Kl33N_Seedz\PORCH_SORTING_TABLE"
"REVIEW_REQUIRED",".\_MISC_DRAWER\READ_REPORTS\HOUSE_ODDITY_WALK_20260530\HOUSE_FILE_HASH_LEDGER_20260530_210527.csv","2808","""7ED1AB5F3A05A22F6CE56E19F94B339161A6C016EFD1ED489C75D9879CC06324"",""Jxhnny_Kl33N_Seedz\PORCH_SORTING_TABLE\NEEDS_REVIEW\System.Resources.Extensions.dll"",""C:\Users\13527\Desktop\123\Jxhnny_Kl33N_Seedz\PORCH_SORTING_TABLE\"
"REVIEW_REQUIRED",".\_MISC_DRAWER\READ_REPORTS\HOUSE_ODDITY_WALK_20260530\HOUSE_FILE_HASH_LEDGER_20260530_210527.csv","2809","""2ADCBC59EC9AF701BD5D1E1B010F1741F96E0399E62CFA1AC9CBA100A75DD017"",""Jxhnny_Kl33N_Seedz\PORCH_SORTING_TABLE\NEEDS_REVIEW\System.Resources.Reader.dll"",""C:\Users\13527\Desktop\123\Jxhnny_Kl33N_Seedz\PORCH_SORTING_TABLE\NEED"
"REVIEW_REQUIRED",".\_MISC_DRAWER\READ_REPORTS\HOUSE_ODDITY_WALK_20260530\HOUSE_FILE_HASH_LEDGER_20260530_210527.csv","2810","""B78331FDE1A493FA4B8B1B385CADF95C6EC0452AF62F0C32167FE6757CCB9ADC"",""Jxhnny_Kl33N_Seedz\PORCH_SORTING_TABLE\NEEDS_REVIEW\System.Resources.ResourceManager.dll"",""C:\Users\13527\Desktop\123\Jxhnny_Kl33N_Seedz\PORCH_SORTING_T"
"REVIEW_REQUIRED",".\_MISC_DRAWER\READ_REPORTS\HOUSE_ODDITY_WALK_20260530\HOUSE_FILE_HASH_LEDGER_20260530_210527.csv","2811","""BAE52E4DDD766BCF3ECC1EF4C7D42AD312FD9578C9968FAB1C5C3BB5A8DDC683"",""Jxhnny_Kl33N_Seedz\PORCH_SORTING_TABLE\NEEDS_REVIEW\System.Resources.Writer.dll"",""C:\Users\13527\Desktop\123\Jxhnny_Kl33N_Seedz\PORCH_SORTING_TABLE\NEED"
"REVIEW_REQUIRED",".\_MISC_DRAWER\READ_REPORTS\HOUSE_DOCK_CONTROL_ROOM_SOURCE_INTAKE_20260603_112539\HOUSE_DOCK_BUILD_CRITICAL_FILES_NUMBERED_20260603_112539.txt","831","0151: - REVIEW_REQUIRED"
"REVIEW_REQUIRED",".\_MISC_DRAWER\READ_REPORTS\HOUSE_DOCK_CONTROL_ROOM_SOURCE_INDEX_20260603_112633\HOUSE_DOCK_BUILD_CRITICAL_LINE_REFERENCE_INDEX_20260603_112633.txt","139","0831: 0151: - REVIEW_REQUIRED"
"REVIEW_REQUIRED",".\_MISC_DRAWER\READ_REPORTS\FULL_HOUSE_GATE_WASH_SINGLE_COMMAND_SUPERVISOR_V3_STATE_20260530_105416.json","33","  ""Verdict"": ""REVIEW_REQUIRED"","
"REVIEW_REQUIRED",".\_MISC_DRAWER\READ_REPORTS\FULL_HOUSE_GATE_WASH_SINGLE_COMMAND_SUPERVISOR_V3_STATE_20260530_105329.json","33","  ""Verdict"": ""REVIEW_REQUIRED"","
"REVIEW_REQUIRED",".\_MISC_DRAWER\READ_REPORTS\FULL_HOUSE_GATE_WASH_SINGLE_COMMAND_SUPERVISOR_V3_INVENTORY_20260530_105416.csv","2501","""PORCH_SORTING_TABLE/NEEDS_REVIEW/JOJI_88_ONE_CLEAN_SHEET_20260516.xlsx"","".xlsx"",""False"",""46748"",""983887E75A2C52C0C8C4684BFDE1A5D3AA7D469F77505E84B15F843C674CE50B"""
"REVIEW_REQUIRED",".\_MISC_DRAWER\READ_REPORTS\FULL_HOUSE_GATE_WASH_SINGLE_COMMAND_SUPERVISOR_V3_INVENTORY_20260530_105416.csv","2502","""PORCH_SORTING_TABLE/NEEDS_REVIEW/Mr.Kleen.lnk"","".lnk"",""False"",""2531"",""B0EC6D4991CA11006BF88448A229CFFE3CBBFF92FE2CACA0C9F0BEA1B2EDD626"""
"REVIEW_REQUIRED",".\_MISC_DRAWER\READ_REPORTS\FULL_HOUSE_GATE_WASH_SINGLE_COMMAND_SUPERVISOR_V3_INVENTORY_20260530_105416.csv","2503","""PORCH_SORTING_TABLE/NEEDS_REVIEW/System.Diagnostics.DiagnosticSource.dll"","".dll"",""False"",""502024"",""C16E9BBD5D4825EAC549ED648D47C4CD645144D69E359831B5335F24BAA5C166"""
"REVIEW_REQUIRED",".\_MISC_DRAWER\READ_REPORTS\FULL_HOUSE_GATE_WASH_SINGLE_COMMAND_SUPERVISOR_V3_INVENTORY_20260530_105416.csv","2504","""PORCH_SORTING_TABLE/NEEDS_REVIEW/System.Diagnostics.TraceSource.dll"","".dll"",""False"",""141624"",""3998FB3DD9AB7C6C161F73B9C3512FB0BB72BD8461EBB01D3F0FFD10955A3162"""
"REVIEW_REQUIRED",".\_MISC_DRAWER\READ_REPORTS\FULL_HOUSE_GATE_WASH_SINGLE_COMMAND_SUPERVISOR_V3_INVENTORY_20260530_105416.csv","2505","""PORCH_SORTING_TABLE/NEEDS_REVIEW/System.IO.FileSystem.Watcher.dll"","".dll"",""False"",""88336"",""E64066BE9F484246F4634C36BA61BC67FA050D8A3804B6D74AA0907C680C4D3F"""
"REVIEW_REQUIRED",".\_MISC_DRAWER\READ_REPORTS\FULL_HOUSE_GATE_WASH_SINGLE_COMMAND_SUPERVISOR_V3_INVENTORY_20260530_105416.csv","2506","""PORCH_SORTING_TABLE/NEEDS_REVIEW/System.Resources.Extensions.dll"","".dll"",""False"",""194832"",""7ED1AB5F3A05A22F6CE56E19F94B339161A6C016EFD1ED489C75D9879CC06324"""
"REVIEW_REQUIRED",".\_MISC_DRAWER\READ_REPORTS\FULL_HOUSE_GATE_WASH_SINGLE_COMMAND_SUPERVISOR_V3_INVENTORY_20260530_105416.csv","2507","""PORCH_SORTING_TABLE/NEEDS_REVIEW/System.Resources.Reader.dll"","".dll"",""False"",""15632"",""2ADCBC59EC9AF701BD5D1E1B010F1741F96E0399E62CFA1AC9CBA100A75DD017"""
"REVIEW_REQUIRED",".\_MISC_DRAWER\READ_REPORTS\FULL_HOUSE_GATE_WASH_SINGLE_COMMAND_SUPERVISOR_V3_INVENTORY_20260530_105416.csv","2508","""PORCH_SORTING_TABLE/NEEDS_REVIEW/System.Resources.ResourceManager.dll"","".dll"",""False"",""16184"",""B78331FDE1A493FA4B8B1B385CADF95C6EC0452AF62F0C32167FE6757CCB9ADC"""
"REVIEW_REQUIRED",".\_MISC_DRAWER\READ_REPORTS\FULL_HOUSE_GATE_WASH_SINGLE_COMMAND_SUPERVISOR_V3_INVENTORY_20260530_105416.csv","2509","""PORCH_SORTING_TABLE/NEEDS_REVIEW/System.Resources.Writer.dll"","".dll"",""False"",""51464"",""BAE52E4DDD766BCF3ECC1EF4C7D42AD312FD9578C9968FAB1C5C3BB5A8DDC683"""
"REVIEW_REQUIRED",".\_MISC_DRAWER\READ_REPORTS\FULL_HOUSE_GATE_WASH_SINGLE_COMMAND_SUPERVISOR_V3_INVENTORY_20260530_105416.csv","2510","""PORCH_SORTING_TABLE/NEEDS_REVIEW/pwsh.profile.dsc.resource.json"","".json"",""True"",""5024"",""378030311FCDD7A8D6C401142275BAEB6C031307EC2E12F51399B84851906380"""
"REVIEW_REQUIRED",".\_MISC_DRAWER\READ_REPORTS\FULL_HOUSE_GATE_WASH_SINGLE_COMMAND_SUPERVISOR_V3_INVENTORY_20260530_105416.csv","2511","""PORCH_SORTING_TABLE/NEEDS_REVIEW/resources.arsc"","".arsc"",""False"",""2024232"",""F849A2C8DD688D1BC37C9B35E82DB8629BB9BDCCA06971ED2CEA1355FD42CBDC"""
"REVIEW_REQUIRED",".\_MISC_DRAWER\READ_REPORTS\FULL_HOUSE_GATE_WASH_SINGLE_COMMAND_SUPERVISOR_V3_INVENTORY_20260530_105329.csv","2501","""PORCH_SORTING_TABLE/NEEDS_REVIEW/JOJI_88_ONE_CLEAN_SHEET_20260516.xlsx"","".xlsx"",""False"",""46748"",""983887E75A2C52C0C8C4684BFDE1A5D3AA7D469F77505E84B15F843C674CE50B"""
"REVIEW_REQUIRED",".\_MISC_DRAWER\READ_REPORTS\FULL_HOUSE_GATE_WASH_SINGLE_COMMAND_SUPERVISOR_V3_INVENTORY_20260530_105329.csv","2502","""PORCH_SORTING_TABLE/NEEDS_REVIEW/Mr.Kleen.lnk"","".lnk"",""False"",""2531"",""B0EC6D4991CA11006BF88448A229CFFE3CBBFF92FE2CACA0C9F0BEA1B2EDD626"""
"REVIEW_REQUIRED",".\_MISC_DRAWER\READ_REPORTS\FULL_HOUSE_GATE_WASH_SINGLE_COMMAND_SUPERVISOR_V3_INVENTORY_20260530_105329.csv","2503","""PORCH_SORTING_TABLE/NEEDS_REVIEW/System.Diagnostics.DiagnosticSource.dll"","".dll"",""False"",""502024"",""C16E9BBD5D4825EAC549ED648D47C4CD645144D69E359831B5335F24BAA5C166"""
"REVIEW_REQUIRED",".\_MISC_DRAWER\READ_REPORTS\FULL_HOUSE_GATE_WASH_SINGLE_COMMAND_SUPERVISOR_V3_INVENTORY_20260530_105329.csv","2504","""PORCH_SORTING_TABLE/NEEDS_REVIEW/System.Diagnostics.TraceSource.dll"","".dll"",""False"",""141624"",""3998FB3DD9AB7C6C161F73B9C3512FB0BB72BD8461EBB01D3F0FFD10955A3162"""
"REVIEW_REQUIRED",".\_MISC_DRAWER\READ_REPORTS\FULL_HOUSE_GATE_WASH_SINGLE_COMMAND_SUPERVISOR_V3_INVENTORY_20260530_105329.csv","2505","""PORCH_SORTING_TABLE/NEEDS_REVIEW/System.IO.FileSystem.Watcher.dll"","".dll"",""False"",""88336"",""E64066BE9F484246F4634C36BA61BC67FA050D8A3804B6D74AA0907C680C4D3F"""
"REVIEW_REQUIRED",".\_MISC_DRAWER\READ_REPORTS\FULL_HOUSE_GATE_WASH_SINGLE_COMMAND_SUPERVISOR_V3_INVENTORY_20260530_105329.csv","2506","""PORCH_SORTING_TABLE/NEEDS_REVIEW/System.Resources.Extensions.dll"","".dll"",""False"",""194832"",""7ED1AB5F3A05A22F6CE56E19F94B339161A6C016EFD1ED489C75D9879CC06324"""
"REVIEW_REQUIRED",".\_MISC_DRAWER\READ_REPORTS\FULL_HOUSE_GATE_WASH_SINGLE_COMMAND_SUPERVISOR_V3_INVENTORY_20260530_105329.csv","2507","""PORCH_SORTING_TABLE/NEEDS_REVIEW/System.Resources.Reader.dll"","".dll"",""False"",""15632"",""2ADCBC59EC9AF701BD5D1E1B010F1741F96E0399E62CFA1AC9CBA100A75DD017"""
"REVIEW_REQUIRED",".\_MISC_DRAWER\READ_REPORTS\FULL_HOUSE_GATE_WASH_SINGLE_COMMAND_SUPERVISOR_V3_INVENTORY_20260530_105329.csv","2508","""PORCH_SORTING_TABLE/NEEDS_REVIEW/System.Resources.ResourceManager.dll"","".dll"",""False"",""16184"",""B78331FDE1A493FA4B8B1B385CADF95C6EC0452AF62F0C32167FE6757CCB9ADC"""
"REVIEW_REQUIRED",".\_MISC_DRAWER\READ_REPORTS\FULL_HOUSE_GATE_WASH_SINGLE_COMMAND_SUPERVISOR_V3_INVENTORY_20260530_105329.csv","2509","""PORCH_SORTING_TABLE/NEEDS_REVIEW/System.Resources.Writer.dll"","".dll"",""False"",""51464"",""BAE52E4DDD766BCF3ECC1EF4C7D42AD312FD9578C9968FAB1C5C3BB5A8DDC683"""
"REVIEW_REQUIRED",".\_MISC_DRAWER\READ_REPORTS\FULL_HOUSE_GATE_WASH_SINGLE_COMMAND_SUPERVISOR_V3_INVENTORY_20260530_105329.csv","2510","""PORCH_SORTING_TABLE/NEEDS_REVIEW/pwsh.profile.dsc.resource.json"","".json"",""True"",""5024"",""378030311FCDD7A8D6C401142275BAEB6C031307EC2E12F51399B84851906380"""
"REVIEW_REQUIRED",".\_MISC_DRAWER\READ_REPORTS\FULL_HOUSE_GATE_WASH_SINGLE_COMMAND_SUPERVISOR_V3_INVENTORY_20260530_105329.csv","2511","""PORCH_SORTING_TABLE/NEEDS_REVIEW/resources.arsc"","".arsc"",""False"",""2024232"",""F849A2C8DD688D1BC37C9B35E82DB8629BB9BDCCA06971ED2CEA1355FD42CBDC"""
"REVIEW_REQUIRED",".\_MISC_DRAWER\READ_REPORTS\FULL_HOUSE_GATE_WASH_SINGLE_COMMAND_SUPERVISOR_V3_FINDINGS_20260530_105416.csv","60103","""WATCH"",""BOUNDARY_SECURITY"",""HIGH_AUTHORITY_WORD_SURFACE"",""MULE_WORKSHOP/DEEP_RECURSIVE_FAILURE_AUDIT_20260523/EVIDENCE/cluster_porch_home_first250.txt"",""20"",""High-authority lane word appears; verify boundary statement a"
"REVIEW_REQUIRED",".\_MISC_DRAWER\READ_REPORTS\FULL_HOUSE_GATE_WASH_SINGLE_COMMAND_SUPERVISOR_V3_FINDINGS_20260530_105416.csv","61829","""WATCH"",""BOUNDARY_SECURITY"",""HIGH_AUTHORITY_WORD_SURFACE"",""PORCH_WATCHER/PLANS/PORCH_MOVE_DROPPER_PLAN_20260522_162137.csv"",""264"",""High-authority lane word appears; verify boundary statement and no unauthorized promotion"
"REVIEW_REQUIRED",".\_MISC_DRAWER\READ_REPORTS\FULL_HOUSE_GATE_WASH_SINGLE_COMMAND_SUPERVISOR_V3_FINDINGS_20260530_105416.csv","61842","""WATCH"",""BOUNDARY_SECURITY"",""HIGH_AUTHORITY_WORD_SURFACE"",""PORCH_WATCHER/PLANS/PORCH_MOVE_DROPPER_PLAN_20260522_162137.txt"",""277"",""High-authority lane word appears; verify boundary statement and no unauthorized promotion"
"REVIEW_REQUIRED",".\_MISC_DRAWER\READ_REPORTS\FULL_HOUSE_GATE_WASH_SINGLE_COMMAND_SUPERVISOR_V3_FINDINGS_20260530_105416.csv","61854","""WATCH"",""BOUNDARY_SECURITY"",""HIGH_AUTHORITY_WORD_SURFACE"",""PORCH_WATCHER/PLANS/PORCH_MOVE_DROPPER_PLAN_20260522_162208.csv"",""264"",""High-authority lane word appears; verify boundary statement and no unauthorized promotion"
"REVIEW_REQUIRED",".\_MISC_DRAWER\READ_REPORTS\FULL_HOUSE_GATE_WASH_SINGLE_COMMAND_SUPERVISOR_V3_FINDINGS_20260530_105416.csv","61867","""WATCH"",""BOUNDARY_SECURITY"",""HIGH_AUTHORITY_WORD_SURFACE"",""PORCH_WATCHER/PLANS/PORCH_MOVE_DROPPER_PLAN_20260522_162208.txt"",""277"",""High-authority lane word appears; verify boundary statement and no unauthorized promotion"
"REVIEW_REQUIRED",".\_MISC_DRAWER\READ_REPORTS\FULL_HOUSE_GATE_WASH_SINGLE_COMMAND_SUPERVISOR_V3_FINDINGS_20260530_105416.csv","61879","""WATCH"",""BOUNDARY_SECURITY"",""HIGH_AUTHORITY_WORD_SURFACE"",""PORCH_WATCHER/PLANS/PORCH_MOVE_DROPPER_PLAN_20260522_162252.csv"",""264"",""High-authority lane word appears; verify boundary statement and no unauthorized promotion"
"REVIEW_REQUIRED",".\_MISC_DRAWER\READ_REPORTS\FULL_HOUSE_GATE_WASH_SINGLE_COMMAND_SUPERVISOR_V3_FINDINGS_20260530_105416.csv","61892","""WATCH"",""BOUNDARY_SECURITY"",""HIGH_AUTHORITY_WORD_SURFACE"",""PORCH_WATCHER/PLANS/PORCH_MOVE_DROPPER_PLAN_20260522_162252.txt"",""277"",""High-authority lane word appears; verify boundary statement and no unauthorized promotion"
"REVIEW_REQUIRED",".\_MISC_DRAWER\READ_REPORTS\FULL_HOUSE_GATE_WASH_SINGLE_COMMAND_SUPERVISOR_V3_FINDINGS_20260530_105416.csv","61915","""WATCH"",""BOUNDARY_SECURITY"",""HIGH_AUTHORITY_WORD_SURFACE"",""PORCH_WATCHER/RECEIPTS/PORCH_MOVE_DROPPER_RECEIPT_20260522_162252.txt"",""275"",""High-authority lane word appears; verify boundary statement and no unauthorized pro"
"REVIEW_REQUIRED",".\_MISC_DRAWER\READ_REPORTS\FULL_HOUSE_GATE_WASH_SINGLE_COMMAND_SUPERVISOR_V3_FINDINGS_20260530_105329.csv","60103","""WATCH"",""BOUNDARY_SECURITY"",""HIGH_AUTHORITY_WORD_SURFACE"",""MULE_WORKSHOP/DEEP_RECURSIVE_FAILURE_AUDIT_20260523/EVIDENCE/cluster_porch_home_first250.txt"",""20"",""High-authority lane word appears; verify boundary statement a"
"REVIEW_REQUIRED",".\_MISC_DRAWER\READ_REPORTS\FULL_HOUSE_GATE_WASH_SINGLE_COMMAND_SUPERVISOR_V3_FINDINGS_20260530_105329.csv","61829","""WATCH"",""BOUNDARY_SECURITY"",""HIGH_AUTHORITY_WORD_SURFACE"",""PORCH_WATCHER/PLANS/PORCH_MOVE_DROPPER_PLAN_20260522_162137.csv"",""264"",""High-authority lane word appears; verify boundary statement and no unauthorized promotion"
"REVIEW_REQUIRED",".\_MISC_DRAWER\READ_REPORTS\FULL_HOUSE_GATE_WASH_SINGLE_COMMAND_SUPERVISOR_V3_FINDINGS_20260530_105329.csv","61842","""WATCH"",""BOUNDARY_SECURITY"",""HIGH_AUTHORITY_WORD_SURFACE"",""PORCH_WATCHER/PLANS/PORCH_MOVE_DROPPER_PLAN_20260522_162137.txt"",""277"",""High-authority lane word appears; verify boundary statement and no unauthorized promotion"
"REVIEW_REQUIRED",".\_MISC_DRAWER\READ_REPORTS\FULL_HOUSE_GATE_WASH_SINGLE_COMMAND_SUPERVISOR_V3_FINDINGS_20260530_105329.csv","61854","""WATCH"",""BOUNDARY_SECURITY"",""HIGH_AUTHORITY_WORD_SURFACE"",""PORCH_WATCHER/PLANS/PORCH_MOVE_DROPPER_PLAN_20260522_162208.csv"",""264"",""High-authority lane word appears; verify boundary statement and no unauthorized promotion"
"REVIEW_REQUIRED",".\_MISC_DRAWER\READ_REPORTS\FULL_HOUSE_GATE_WASH_SINGLE_COMMAND_SUPERVISOR_V3_FINDINGS_20260530_105329.csv","61867","""WATCH"",""BOUNDARY_SECURITY"",""HIGH_AUTHORITY_WORD_SURFACE"",""PORCH_WATCHER/PLANS/PORCH_MOVE_DROPPER_PLAN_20260522_162208.txt"",""277"",""High-authority lane word appears; verify boundary statement and no unauthorized promotion"
"REVIEW_REQUIRED",".\_MISC_DRAWER\READ_REPORTS\FULL_HOUSE_GATE_WASH_SINGLE_COMMAND_SUPERVISOR_V3_FINDINGS_20260530_105329.csv","61879","""WATCH"",""BOUNDARY_SECURITY"",""HIGH_AUTHORITY_WORD_SURFACE"",""PORCH_WATCHER/PLANS/PORCH_MOVE_DROPPER_PLAN_20260522_162252.csv"",""264"",""High-authority lane word appears; verify boundary statement and no unauthorized promotion"
"REVIEW_REQUIRED",".\_MISC_DRAWER\READ_REPORTS\FULL_HOUSE_GATE_WASH_SINGLE_COMMAND_SUPERVISOR_V3_FINDINGS_20260530_105329.csv","61892","""WATCH"",""BOUNDARY_SECURITY"",""HIGH_AUTHORITY_WORD_SURFACE"",""PORCH_WATCHER/PLANS/PORCH_MOVE_DROPPER_PLAN_20260522_162252.txt"",""277"",""High-authority lane word appears; verify boundary statement and no unauthorized promotion"
"REVIEW_REQUIRED",".\_MISC_DRAWER\READ_REPORTS\FULL_HOUSE_GATE_WASH_SINGLE_COMMAND_SUPERVISOR_V3_FINDINGS_20260530_105329.csv","61915","""WATCH"",""BOUNDARY_SECURITY"",""HIGH_AUTHORITY_WORD_SURFACE"",""PORCH_WATCHER/RECEIPTS/PORCH_MOVE_DROPPER_RECEIPT_20260522_162252.txt"",""275"",""High-authority lane word appears; verify boundary statement and no unauthorized pro"
"REVIEW_REQUIRED",".\_MISC_DRAWER\READ_REPORTS\FULL_HOUSE_GATE_WASH_SINGLE_COMMAND_SUPERVISOR_V3_FINAL_20260530_105416.md","19","OverallVerdict: REVIEW_REQUIRED"
"REVIEW_REQUIRED",".\_MISC_DRAWER\READ_REPORTS\FULL_HOUSE_GATE_WASH_SINGLE_COMMAND_SUPERVISOR_V3_FINAL_20260530_105329.md","19","OverallVerdict: REVIEW_REQUIRED"
"REVIEW_REQUIRED",".\_MISC_DRAWER\READ_REPORTS\FULL_HOUSE_GATE_WASH_CYCLE_V1_1_INVENTORY_20260530_095823.csv","2575","""GIT_HOUSE"",""PORCH_SORTING_TABLE/NEEDS_REVIEW/JOJI_88_ONE_CLEAN_SHEET_20260516.xlsx"","".xlsx"",""46748"",""2026-05-16T20:27:27"",""983887E75A2C52C0C8C4684BFDE1A5D3AA7D469F77505E84B15F843C674CE50B"",""False"""
"REVIEW_REQUIRED",".\_MISC_DRAWER\READ_REPORTS\FULL_HOUSE_GATE_WASH_CYCLE_V1_1_INVENTORY_20260530_095823.csv","2576","""GIT_HOUSE"",""PORCH_SORTING_TABLE/NEEDS_REVIEW/Mr.Kleen.lnk"","".lnk"",""2531"",""2026-05-17T18:19:38"",""B0EC6D4991CA11006BF88448A229CFFE3CBBFF92FE2CACA0C9F0BEA1B2EDD626"",""False"""
"REVIEW_REQUIRED",".\_MISC_DRAWER\READ_REPORTS\FULL_HOUSE_GATE_WASH_CYCLE_V1_1_INVENTORY_20260530_095823.csv","2577","""GIT_HOUSE"",""PORCH_SORTING_TABLE/NEEDS_REVIEW/pwsh.profile.dsc.resource.json"","".json"",""5024"",""2026-04-20T20:25:10"",""378030311FCDD7A8D6C401142275BAEB6C031307EC2E12F51399B84851906380"",""True"""
"REVIEW_REQUIRED",".\_MISC_DRAWER\READ_REPORTS\FULL_HOUSE_GATE_WASH_CYCLE_V1_1_INVENTORY_20260530_095823.csv","2578","""GIT_HOUSE"",""PORCH_SORTING_TABLE/NEEDS_REVIEW/resources.arsc"","".arsc"",""2024232"",""1981-01-01T00:01:02"",""F849A2C8DD688D1BC37C9B35E82DB8629BB9BDCCA06971ED2CEA1355FD42CBDC"",""False"""
"REVIEW_REQUIRED",".\_MISC_DRAWER\READ_REPORTS\FULL_HOUSE_GATE_WASH_CYCLE_V1_1_INVENTORY_20260530_095823.csv","2579","""GIT_HOUSE"",""PORCH_SORTING_TABLE/NEEDS_REVIEW/System.Diagnostics.DiagnosticSource.dll"","".dll"",""502024"",""2026-04-20T20:25:10"",""C16E9BBD5D4825EAC549ED648D47C4CD645144D69E359831B5335F24BAA5C166"",""False"""
"REVIEW_REQUIRED",".\_MISC_DRAWER\READ_REPORTS\FULL_HOUSE_GATE_WASH_CYCLE_V1_1_INVENTORY_20260530_095823.csv","2580","""GIT_HOUSE"",""PORCH_SORTING_TABLE/NEEDS_REVIEW/System.Diagnostics.TraceSource.dll"","".dll"",""141624"",""2026-04-20T20:25:10"",""3998FB3DD9AB7C6C161F73B9C3512FB0BB72BD8461EBB01D3F0FFD10955A3162"",""False"""
"REVIEW_REQUIRED",".\_MISC_DRAWER\READ_REPORTS\FULL_HOUSE_GATE_WASH_CYCLE_V1_1_INVENTORY_20260530_095823.csv","2581","""GIT_HOUSE"",""PORCH_SORTING_TABLE/NEEDS_REVIEW/System.IO.FileSystem.Watcher.dll"","".dll"",""88336"",""2026-04-20T20:25:10"",""E64066BE9F484246F4634C36BA61BC67FA050D8A3804B6D74AA0907C680C4D3F"",""False"""
"REVIEW_REQUIRED",".\_MISC_DRAWER\READ_REPORTS\FULL_HOUSE_GATE_WASH_CYCLE_V1_1_INVENTORY_20260530_095823.csv","2582","""GIT_HOUSE"",""PORCH_SORTING_TABLE/NEEDS_REVIEW/System.Resources.Extensions.dll"","".dll"",""194832"",""2026-04-20T20:25:10"",""7ED1AB5F3A05A22F6CE56E19F94B339161A6C016EFD1ED489C75D9879CC06324"",""False"""
"REVIEW_REQUIRED",".\_MISC_DRAWER\READ_REPORTS\FULL_HOUSE_GATE_WASH_CYCLE_V1_1_INVENTORY_20260530_095823.csv","2583","""GIT_HOUSE"",""PORCH_SORTING_TABLE/NEEDS_REVIEW/System.Resources.Reader.dll"","".dll"",""15632"",""2026-04-20T20:25:10"",""2ADCBC59EC9AF701BD5D1E1B010F1741F96E0399E62CFA1AC9CBA100A75DD017"",""False"""
"REVIEW_REQUIRED",".\_MISC_DRAWER\READ_REPORTS\FULL_HOUSE_GATE_WASH_CYCLE_V1_1_INVENTORY_20260530_095823.csv","2584","""GIT_HOUSE"",""PORCH_SORTING_TABLE/NEEDS_REVIEW/System.Resources.ResourceManager.dll"","".dll"",""16184"",""2026-04-20T20:25:10"",""B78331FDE1A493FA4B8B1B385CADF95C6EC0452AF62F0C32167FE6757CCB9ADC"",""False"""
"REVIEW_REQUIRED",".\_MISC_DRAWER\READ_REPORTS\FULL_HOUSE_GATE_WASH_CYCLE_V1_1_INVENTORY_20260530_095823.csv","2585","""GIT_HOUSE"",""PORCH_SORTING_TABLE/NEEDS_REVIEW/System.Resources.Writer.dll"","".dll"",""51464"",""2026-04-20T20:25:10"",""BAE52E4DDD766BCF3ECC1EF4C7D42AD312FD9578C9968FAB1C5C3BB5A8DDC683"",""False"""
"REVIEW_REQUIRED",".\_MISC_DRAWER\READ_REPORTS\FULL_HOUSE_GATE_WASH_CYCLE_V1_1_INVENTORY_20260530_095730.csv","2575","""GIT_HOUSE"",""PORCH_SORTING_TABLE/NEEDS_REVIEW/JOJI_88_ONE_CLEAN_SHEET_20260516.xlsx"","".xlsx"",""46748"",""2026-05-16T20:27:27"",""983887E75A2C52C0C8C4684BFDE1A5D3AA7D469F77505E84B15F843C674CE50B"",""False"""
"REVIEW_REQUIRED",".\_MISC_DRAWER\READ_REPORTS\FULL_HOUSE_GATE_WASH_CYCLE_V1_1_INVENTORY_20260530_095730.csv","2576","""GIT_HOUSE"",""PORCH_SORTING_TABLE/NEEDS_REVIEW/Mr.Kleen.lnk"","".lnk"",""2531"",""2026-05-17T18:19:38"",""B0EC6D4991CA11006BF88448A229CFFE3CBBFF92FE2CACA0C9F0BEA1B2EDD626"",""False"""
"REVIEW_REQUIRED",".\_MISC_DRAWER\READ_REPORTS\FULL_HOUSE_GATE_WASH_CYCLE_V1_1_INVENTORY_20260530_095730.csv","2577","""GIT_HOUSE"",""PORCH_SORTING_TABLE/NEEDS_REVIEW/pwsh.profile.dsc.resource.json"","".json"",""5024"",""2026-04-20T20:25:10"",""378030311FCDD7A8D6C401142275BAEB6C031307EC2E12F51399B84851906380"",""True"""
"REVIEW_REQUIRED",".\_MISC_DRAWER\READ_REPORTS\FULL_HOUSE_GATE_WASH_CYCLE_V1_1_INVENTORY_20260530_095730.csv","2578","""GIT_HOUSE"",""PORCH_SORTING_TABLE/NEEDS_REVIEW/resources.arsc"","".arsc"",""2024232"",""1981-01-01T00:01:02"",""F849A2C8DD688D1BC37C9B35E82DB8629BB9BDCCA06971ED2CEA1355FD42CBDC"",""False"""
"REVIEW_REQUIRED",".\_MISC_DRAWER\READ_REPORTS\FULL_HOUSE_GATE_WASH_CYCLE_V1_1_INVENTORY_20260530_095730.csv","2579","""GIT_HOUSE"",""PORCH_SORTING_TABLE/NEEDS_REVIEW/System.Diagnostics.DiagnosticSource.dll"","".dll"",""502024"",""2026-04-20T20:25:10"",""C16E9BBD5D4825EAC549ED648D47C4CD645144D69E359831B5335F24BAA5C166"",""False"""
"REVIEW_REQUIRED",".\_MISC_DRAWER\READ_REPORTS\FULL_HOUSE_GATE_WASH_CYCLE_V1_1_INVENTORY_20260530_095730.csv","2580","""GIT_HOUSE"",""PORCH_SORTING_TABLE/NEEDS_REVIEW/System.Diagnostics.TraceSource.dll"","".dll"",""141624"",""2026-04-20T20:25:10"",""3998FB3DD9AB7C6C161F73B9C3512FB0BB72BD8461EBB01D3F0FFD10955A3162"",""False"""
"REVIEW_REQUIRED",".\_MISC_DRAWER\READ_REPORTS\FULL_HOUSE_GATE_WASH_CYCLE_V1_1_INVENTORY_20260530_095730.csv","2581","""GIT_HOUSE"",""PORCH_SORTING_TABLE/NEEDS_REVIEW/System.IO.FileSystem.Watcher.dll"","".dll"",""88336"",""2026-04-20T20:25:10"",""E64066BE9F484246F4634C36BA61BC67FA050D8A3804B6D74AA0907C680C4D3F"",""False"""
"REVIEW_REQUIRED",".\_MISC_DRAWER\READ_REPORTS\FULL_HOUSE_GATE_WASH_CYCLE_V1_1_INVENTORY_20260530_095730.csv","2582","""GIT_HOUSE"",""PORCH_SORTING_TABLE/NEEDS_REVIEW/System.Resources.Extensions.dll"","".dll"",""194832"",""2026-04-20T20:25:10"",""7ED1AB5F3A05A22F6CE56E19F94B339161A6C016EFD1ED489C75D9879CC06324"",""False"""
"REVIEW_REQUIRED",".\_MISC_DRAWER\READ_REPORTS\FULL_HOUSE_GATE_WASH_CYCLE_V1_1_INVENTORY_20260530_095730.csv","2583","""GIT_HOUSE"",""PORCH_SORTING_TABLE/NEEDS_REVIEW/System.Resources.Reader.dll"","".dll"",""15632"",""2026-04-20T20:25:10"",""2ADCBC59EC9AF701BD5D1E1B010F1741F96E0399E62CFA1AC9CBA100A75DD017"",""False"""
"REVIEW_REQUIRED",".\_MISC_DRAWER\READ_REPORTS\FULL_HOUSE_GATE_WASH_CYCLE_V1_1_INVENTORY_20260530_095730.csv","2584","""GIT_HOUSE"",""PORCH_SORTING_TABLE/NEEDS_REVIEW/System.Resources.ResourceManager.dll"","".dll"",""16184"",""2026-04-20T20:25:10"",""B78331FDE1A493FA4B8B1B385CADF95C6EC0452AF62F0C32167FE6757CCB9ADC"",""False"""
"REVIEW_REQUIRED",".\_MISC_DRAWER\READ_REPORTS\FULL_HOUSE_GATE_WASH_CYCLE_V1_1_INVENTORY_20260530_095730.csv","2585","""GIT_HOUSE"",""PORCH_SORTING_TABLE/NEEDS_REVIEW/System.Resources.Writer.dll"","".dll"",""51464"",""2026-04-20T20:25:10"",""BAE52E4DDD766BCF3ECC1EF4C7D42AD312FD9578C9968FAB1C5C3BB5A8DDC683"",""False"""
"REVIEW_REQUIRED",".\_MISC_DRAWER\READ_REPORTS\DEEPER_HOUSE_RULES_ROOMS_TOOLS_RESOURCES_WALK_V2_20260528_010508.md","546","- Signals: .\_MERGE_AUDIT\excluded_paths.tsv:3731:""Jxhnny_Kleen_C3dz""	""HOUSE_WORK\WORK_SHED\SORTING_BENCH\PORCH_DROP_EVENT_TRIGGER_PACKAGE_INTAKE_CAPTURE_20260522.md""	""shed_or_bridge"" || .\_MERGE_AUDIT\excluded_paths.tsv"
"REVIEW_REQUIRED",".\_MISC_DRAWER\READ_REPORTS\DEEPER_HOUSE_RULES_ROOMS_TOOLS_RESOURCES_SIGNAL_LEDGER_V2_20260528_010508.csv","25735","""DESKTOP123_LOCAL"",""PORCH_MOVE_DROPPER_RECEIPT_20260522_162252.txt"",""PORCH_WATCHER/RECEIPTS/PORCH_MOVE_DROPPER_RECEIPT_20260522_162252.txt"",""31"",""MOVED: C:\Users\13527\Downloads\pwsh.profile.dsc.resource.json -> C:\Users"
"REVIEW_REQUIRED",".\_MISC_DRAWER\READ_REPORTS\DEEPER_HOUSE_RULES_ROOMS_TOOLS_RESOURCES_SIGNAL_LEDGER_V2_20260528_010508.csv","25737","""DESKTOP123_LOCAL"",""PORCH_MOVE_DROPPER_RECEIPT_20260522_162252.txt"",""PORCH_WATCHER/RECEIPTS/PORCH_MOVE_DROPPER_RECEIPT_20260522_162252.txt"",""31"",""MOVED: C:\Users\13527\Downloads\resources.arsc -> C:\Users\13527\Desktop\1"
"REVIEW_REQUIRED",".\_MISC_DRAWER\READ_REPORTS\DEEPER_HOUSE_RULES_ROOMS_TOOLS_RESOURCES_SIGNAL_LEDGER_V2_20260528_010508.csv","25738","""DESKTOP123_LOCAL"",""PORCH_MOVE_DROPPER_RECEIPT_20260522_162252.txt"",""PORCH_WATCHER/RECEIPTS/PORCH_MOVE_DROPPER_RECEIPT_20260522_162252.txt"",""31"",""MOVED: C:\Users\13527\Downloads\System.Resources.Extensions.dll -> C:\User"
"REVIEW_REQUIRED",".\_MISC_DRAWER\READ_REPORTS\DEEPER_HOUSE_RULES_ROOMS_TOOLS_RESOURCES_SIGNAL_LEDGER_V2_20260528_010508.csv","25739","""DESKTOP123_LOCAL"",""PORCH_MOVE_DROPPER_RECEIPT_20260522_162252.txt"",""PORCH_WATCHER/RECEIPTS/PORCH_MOVE_DROPPER_RECEIPT_20260522_162252.txt"",""31"",""MOVED: C:\Users\13527\Downloads\System.Resources.Reader.dll -> C:\Users\13"
"REVIEW_REQUIRED",".\_MISC_DRAWER\READ_REPORTS\DEEPER_HOUSE_RULES_ROOMS_TOOLS_RESOURCES_SIGNAL_LEDGER_V2_20260528_010508.csv","25740","""DESKTOP123_LOCAL"",""PORCH_MOVE_DROPPER_RECEIPT_20260522_162252.txt"",""PORCH_WATCHER/RECEIPTS/PORCH_MOVE_DROPPER_RECEIPT_20260522_162252.txt"",""31"",""MOVED: C:\Users\13527\Downloads\System.Resources.ResourceManager.dll -> C:"
"REVIEW_REQUIRED",".\_MISC_DRAWER\READ_REPORTS\DEEPER_HOUSE_RULES_ROOMS_TOOLS_RESOURCES_SIGNAL_LEDGER_V2_20260528_010508.csv","25741","""DESKTOP123_LOCAL"",""PORCH_MOVE_DROPPER_RECEIPT_20260522_162252.txt"",""PORCH_WATCHER/RECEIPTS/PORCH_MOVE_DROPPER_RECEIPT_20260522_162252.txt"",""31"",""MOVED: C:\Users\13527\Downloads\System.Resources.Writer.dll -> C:\Users\13"
"REVIEW_REQUIRED",".\_MISC_DRAWER\READ_REPORTS\DEEPER_HOUSE_RULES_ROOMS_TOOLS_RESOURCES_SIGNAL_LEDGER_V2_20260528_010508.csv","25745","""DESKTOP123_LOCAL"",""PORCH_MOVE_DROPPER_PLAN_20260522_162252.txt"",""PORCH_WATCHER/PLANS/PORCH_MOVE_DROPPER_PLAN_20260522_162252.txt"",""22"",""- C:\Users\13527\Downloads\pwsh.profile.dsc.resource.json -> C:\Users\13527\Desktop"
"REVIEW_REQUIRED",".\_MISC_DRAWER\READ_REPORTS\DEEPER_HOUSE_RULES_ROOMS_TOOLS_RESOURCES_SIGNAL_LEDGER_V2_20260528_010508.csv","25747","""DESKTOP123_LOCAL"",""PORCH_MOVE_DROPPER_PLAN_20260522_162252.txt"",""PORCH_WATCHER/PLANS/PORCH_MOVE_DROPPER_PLAN_20260522_162252.txt"",""22"",""- C:\Users\13527\Downloads\resources.arsc -> C:\Users\13527\Desktop\123\PORCH_SORTI"
"REVIEW_REQUIRED",".\_MISC_DRAWER\READ_REPORTS\DEEPER_HOUSE_RULES_ROOMS_TOOLS_RESOURCES_SIGNAL_LEDGER_V2_20260528_010508.csv","25748","""DESKTOP123_LOCAL"",""PORCH_MOVE_DROPPER_PLAN_20260522_162252.txt"",""PORCH_WATCHER/PLANS/PORCH_MOVE_DROPPER_PLAN_20260522_162252.txt"",""22"",""- C:\Users\13527\Downloads\System.Resources.Extensions.dll -> C:\Users\13527\Deskto"
"REVIEW_REQUIRED",".\_MISC_DRAWER\READ_REPORTS\DEEPER_HOUSE_RULES_ROOMS_TOOLS_RESOURCES_SIGNAL_LEDGER_V2_20260528_010508.csv","25749","""DESKTOP123_LOCAL"",""PORCH_MOVE_DROPPER_PLAN_20260522_162252.txt"",""PORCH_WATCHER/PLANS/PORCH_MOVE_DROPPER_PLAN_20260522_162252.txt"",""22"",""- C:\Users\13527\Downloads\System.Resources.Reader.dll -> C:\Users\13527\Desktop\12"
"REVIEW_REQUIRED",".\_MISC_DRAWER\READ_REPORTS\DEEPER_HOUSE_RULES_ROOMS_TOOLS_RESOURCES_SIGNAL_LEDGER_V2_20260528_010508.csv","25750","""DESKTOP123_LOCAL"",""PORCH_MOVE_DROPPER_PLAN_20260522_162252.txt"",""PORCH_WATCHER/PLANS/PORCH_MOVE_DROPPER_PLAN_20260522_162252.txt"",""22"",""- C:\Users\13527\Downloads\System.Resources.ResourceManager.dll -> C:\Users\13527\D"
"REVIEW_REQUIRED",".\_MISC_DRAWER\READ_REPORTS\DEEPER_HOUSE_RULES_ROOMS_TOOLS_RESOURCES_SIGNAL_LEDGER_V2_20260528_010508.csv","25751","""DESKTOP123_LOCAL"",""PORCH_MOVE_DROPPER_PLAN_20260522_162252.txt"",""PORCH_WATCHER/PLANS/PORCH_MOVE_DROPPER_PLAN_20260522_162252.txt"",""22"",""- C:\Users\13527\Downloads\System.Resources.Writer.dll -> C:\Users\13527\Desktop\12"
"REVIEW_REQUIRED",".\_MISC_DRAWER\READ_REPORTS\DEEPER_HOUSE_RULES_ROOMS_TOOLS_RESOURCES_SIGNAL_LEDGER_V2_20260528_010508.csv","25772","""DESKTOP123_LOCAL"",""PORCH_MOVE_DROPPER_PLAN_20260522_162208.txt"",""PORCH_WATCHER/PLANS/PORCH_MOVE_DROPPER_PLAN_20260522_162208.txt"",""22"",""- C:\Users\13527\Downloads\pwsh.profile.dsc.resource.json -> C:\Users\13527\Desktop"
"REVIEW_REQUIRED",".\_MISC_DRAWER\READ_REPORTS\DEEPER_HOUSE_RULES_ROOMS_TOOLS_RESOURCES_SIGNAL_LEDGER_V2_20260528_010508.csv","25774","""DESKTOP123_LOCAL"",""PORCH_MOVE_DROPPER_PLAN_20260522_162208.txt"",""PORCH_WATCHER/PLANS/PORCH_MOVE_DROPPER_PLAN_20260522_162208.txt"",""22"",""- C:\Users\13527\Downloads\resources.arsc -> C:\Users\13527\Desktop\123\PORCH_SORTI"
"REVIEW_REQUIRED",".\_MISC_DRAWER\READ_REPORTS\DEEPER_HOUSE_RULES_ROOMS_TOOLS_RESOURCES_SIGNAL_LEDGER_V2_20260528_010508.csv","25775","""DESKTOP123_LOCAL"",""PORCH_MOVE_DROPPER_PLAN_20260522_162208.txt"",""PORCH_WATCHER/PLANS/PORCH_MOVE_DROPPER_PLAN_20260522_162208.txt"",""22"",""- C:\Users\13527\Downloads\System.Resources.Extensions.dll -> C:\Users\13527\Deskto"
"REVIEW_REQUIRED",".\_MISC_DRAWER\READ_REPORTS\DEEPER_HOUSE_RULES_ROOMS_TOOLS_RESOURCES_SIGNAL_LEDGER_V2_20260528_010508.csv","25776","""DESKTOP123_LOCAL"",""PORCH_MOVE_DROPPER_PLAN_20260522_162208.txt"",""PORCH_WATCHER/PLANS/PORCH_MOVE_DROPPER_PLAN_20260522_162208.txt"",""22"",""- C:\Users\13527\Downloads\System.Resources.Reader.dll -> C:\Users\13527\Desktop\12"
"REVIEW_REQUIRED",".\_MISC_DRAWER\READ_REPORTS\DEEPER_HOUSE_RULES_ROOMS_TOOLS_RESOURCES_SIGNAL_LEDGER_V2_20260528_010508.csv","25777","""DESKTOP123_LOCAL"",""PORCH_MOVE_DROPPER_PLAN_20260522_162208.txt"",""PORCH_WATCHER/PLANS/PORCH_MOVE_DROPPER_PLAN_20260522_162208.txt"",""22"",""- C:\Users\13527\Downloads\System.Resources.ResourceManager.dll -> C:\Users\13527\D"
"REVIEW_REQUIRED",".\_MISC_DRAWER\READ_REPORTS\DEEPER_HOUSE_RULES_ROOMS_TOOLS_RESOURCES_SIGNAL_LEDGER_V2_20260528_010508.csv","25778","""DESKTOP123_LOCAL"",""PORCH_MOVE_DROPPER_PLAN_20260522_162208.txt"",""PORCH_WATCHER/PLANS/PORCH_MOVE_DROPPER_PLAN_20260522_162208.txt"",""22"",""- C:\Users\13527\Downloads\System.Resources.Writer.dll -> C:\Users\13527\Desktop\12"
"REVIEW_REQUIRED",".\_MISC_DRAWER\READ_REPORTS\DEEPER_HOUSE_RULES_ROOMS_TOOLS_RESOURCES_SIGNAL_LEDGER_V2_20260528_010508.csv","25787","""DESKTOP123_LOCAL"",""PORCH_MOVE_DROPPER_PLAN_20260522_162137.txt"",""PORCH_WATCHER/PLANS/PORCH_MOVE_DROPPER_PLAN_20260522_162137.txt"",""22"",""- C:\Users\13527\Downloads\pwsh.profile.dsc.resource.json -> C:\Users\13527\Desktop"
"REVIEW_REQUIRED",".\_MISC_DRAWER\READ_REPORTS\DEEPER_HOUSE_RULES_ROOMS_TOOLS_RESOURCES_SIGNAL_LEDGER_V2_20260528_010508.csv","25789","""DESKTOP123_LOCAL"",""PORCH_MOVE_DROPPER_PLAN_20260522_162137.txt"",""PORCH_WATCHER/PLANS/PORCH_MOVE_DROPPER_PLAN_20260522_162137.txt"",""22"",""- C:\Users\13527\Downloads\resources.arsc -> C:\Users\13527\Desktop\123\PORCH_SORTI"
"REVIEW_REQUIRED",".\_MISC_DRAWER\READ_REPORTS\DEEPER_HOUSE_RULES_ROOMS_TOOLS_RESOURCES_SIGNAL_LEDGER_V2_20260528_010508.csv","25790","""DESKTOP123_LOCAL"",""PORCH_MOVE_DROPPER_PLAN_20260522_162137.txt"",""PORCH_WATCHER/PLANS/PORCH_MOVE_DROPPER_PLAN_20260522_162137.txt"",""22"",""- C:\Users\13527\Downloads\System.Resources.Extensions.dll -> C:\Users\13527\Deskto"
"REVIEW_REQUIRED",".\_MISC_DRAWER\READ_REPORTS\DEEPER_HOUSE_RULES_ROOMS_TOOLS_RESOURCES_SIGNAL_LEDGER_V2_20260528_010508.csv","25791","""DESKTOP123_LOCAL"",""PORCH_MOVE_DROPPER_PLAN_20260522_162137.txt"",""PORCH_WATCHER/PLANS/PORCH_MOVE_DROPPER_PLAN_20260522_162137.txt"",""22"",""- C:\Users\13527\Downloads\System.Resources.Reader.dll -> C:\Users\13527\Desktop\12"
"REVIEW_REQUIRED",".\_MISC_DRAWER\READ_REPORTS\DEEPER_HOUSE_RULES_ROOMS_TOOLS_RESOURCES_SIGNAL_LEDGER_V2_20260528_010508.csv","25792","""DESKTOP123_LOCAL"",""PORCH_MOVE_DROPPER_PLAN_20260522_162137.txt"",""PORCH_WATCHER/PLANS/PORCH_MOVE_DROPPER_PLAN_20260522_162137.txt"",""22"",""- C:\Users\13527\Downloads\System.Resources.ResourceManager.dll -> C:\Users\13527\D"
"REVIEW_REQUIRED",".\_MISC_DRAWER\READ_REPORTS\DEEPER_HOUSE_RULES_ROOMS_TOOLS_RESOURCES_SIGNAL_LEDGER_V2_20260528_010508.csv","25793","""DESKTOP123_LOCAL"",""PORCH_MOVE_DROPPER_PLAN_20260522_162137.txt"",""PORCH_WATCHER/PLANS/PORCH_MOVE_DROPPER_PLAN_20260522_162137.txt"",""22"",""- C:\Users\13527\Downloads\System.Resources.Writer.dll -> C:\Users\13527\Desktop\12"
"REVIEW_REQUIRED",".\_MISC_DRAWER\READ_REPORTS\DEEPER_HOUSE_RULES_ROOMS_TOOLS_RESOURCES_SIGNAL_LEDGER_V2_20260528_010508.csv","33498","""DESKTOP123_LOCAL"",""PORCH_MOVE_DROPPER_PLAN_20260522_162252.csv"",""PORCH_WATCHER/PLANS/PORCH_MOVE_DROPPER_PLAN_20260522_162252.csv"",""15"",""""""C:\Users\13527\Downloads\pwsh.profile.dsc.resource.json"""",""""C:\Users\13527\Deskto"
"REVIEW_REQUIRED",".\_MISC_DRAWER\READ_REPORTS\DEEPER_HOUSE_RULES_ROOMS_TOOLS_RESOURCES_SIGNAL_LEDGER_V2_20260528_010508.csv","33500","""DESKTOP123_LOCAL"",""PORCH_MOVE_DROPPER_PLAN_20260522_162252.csv"",""PORCH_WATCHER/PLANS/PORCH_MOVE_DROPPER_PLAN_20260522_162252.csv"",""15"",""""""C:\Users\13527\Downloads\resources.arsc"""",""""C:\Users\13527\Desktop\123\PORCH_SORT"
"REVIEW_REQUIRED",".\_MISC_DRAWER\READ_REPORTS\DEEPER_HOUSE_RULES_ROOMS_TOOLS_RESOURCES_SIGNAL_LEDGER_V2_20260528_010508.csv","33501","""DESKTOP123_LOCAL"",""PORCH_MOVE_DROPPER_PLAN_20260522_162252.csv"",""PORCH_WATCHER/PLANS/PORCH_MOVE_DROPPER_PLAN_20260522_162252.csv"",""15"",""""""C:\Users\13527\Downloads\System.Resources.Extensions.dll"""",""""C:\Users\13527\Deskt"
"REVIEW_REQUIRED",".\_MISC_DRAWER\READ_REPORTS\DEEPER_HOUSE_RULES_ROOMS_TOOLS_RESOURCES_SIGNAL_LEDGER_V2_20260528_010508.csv","33502","""DESKTOP123_LOCAL"",""PORCH_MOVE_DROPPER_PLAN_20260522_162252.csv"",""PORCH_WATCHER/PLANS/PORCH_MOVE_DROPPER_PLAN_20260522_162252.csv"",""15"",""""""C:\Users\13527\Downloads\System.Resources.Reader.dll"""",""""C:\Users\13527\Desktop\1"
"REVIEW_REQUIRED",".\_MISC_DRAWER\READ_REPORTS\DEEPER_HOUSE_RULES_ROOMS_TOOLS_RESOURCES_SIGNAL_LEDGER_V2_20260528_010508.csv","33503","""DESKTOP123_LOCAL"",""PORCH_MOVE_DROPPER_PLAN_20260522_162252.csv"",""PORCH_WATCHER/PLANS/PORCH_MOVE_DROPPER_PLAN_20260522_162252.csv"",""15"",""""""C:\Users\13527\Downloads\System.Resources.ResourceManager.dll"""",""""C:\Users\13527\"
"REVIEW_REQUIRED",".\_MISC_DRAWER\READ_REPORTS\DEEPER_HOUSE_RULES_ROOMS_TOOLS_RESOURCES_SIGNAL_LEDGER_V2_20260528_010508.csv","33504","""DESKTOP123_LOCAL"",""PORCH_MOVE_DROPPER_PLAN_20260522_162252.csv"",""PORCH_WATCHER/PLANS/PORCH_MOVE_DROPPER_PLAN_20260522_162252.csv"",""15"",""""""C:\Users\13527\Downloads\System.Resources.Writer.dll"""",""""C:\Users\13527\Desktop\1"
"REVIEW_REQUIRED",".\_MISC_DRAWER\READ_REPORTS\DEEPER_HOUSE_RULES_ROOMS_TOOLS_RESOURCES_SIGNAL_LEDGER_V2_20260528_010508.csv","33506","""DESKTOP123_LOCAL"",""PORCH_MOVE_DROPPER_PLAN_20260522_162208.csv"",""PORCH_WATCHER/PLANS/PORCH_MOVE_DROPPER_PLAN_20260522_162208.csv"",""15"",""""""C:\Users\13527\Downloads\pwsh.profile.dsc.resource.json"""",""""C:\Users\13527\Deskto"
"REVIEW_REQUIRED",".\_MISC_DRAWER\READ_REPORTS\DEEPER_HOUSE_RULES_ROOMS_TOOLS_RESOURCES_SIGNAL_LEDGER_V2_20260528_010508.csv","33508","""DESKTOP123_LOCAL"",""PORCH_MOVE_DROPPER_PLAN_20260522_162208.csv"",""PORCH_WATCHER/PLANS/PORCH_MOVE_DROPPER_PLAN_20260522_162208.csv"",""15"",""""""C:\Users\13527\Downloads\resources.arsc"""",""""C:\Users\13527\Desktop\123\PORCH_SORT"
"REVIEW_REQUIRED",".\_MISC_DRAWER\READ_REPORTS\DEEPER_HOUSE_RULES_ROOMS_TOOLS_RESOURCES_SIGNAL_LEDGER_V2_20260528_010508.csv","33509","""DESKTOP123_LOCAL"",""PORCH_MOVE_DROPPER_PLAN_20260522_162208.csv"",""PORCH_WATCHER/PLANS/PORCH_MOVE_DROPPER_PLAN_20260522_162208.csv"",""15"",""""""C:\Users\13527\Downloads\System.Resources.Extensions.dll"""",""""C:\Users\13527\Deskt"
"REVIEW_REQUIRED",".\_MISC_DRAWER\READ_REPORTS\DEEPER_HOUSE_RULES_ROOMS_TOOLS_RESOURCES_SIGNAL_LEDGER_V2_20260528_010508.csv","33510","""DESKTOP123_LOCAL"",""PORCH_MOVE_DROPPER_PLAN_20260522_162208.csv"",""PORCH_WATCHER/PLANS/PORCH_MOVE_DROPPER_PLAN_20260522_162208.csv"",""15"",""""""C:\Users\13527\Downloads\System.Resources.Reader.dll"""",""""C:\Users\13527\Desktop\1"
"REVIEW_REQUIRED",".\_MISC_DRAWER\READ_REPORTS\DEEPER_HOUSE_RULES_ROOMS_TOOLS_RESOURCES_SIGNAL_LEDGER_V2_20260528_010508.csv","33511","""DESKTOP123_LOCAL"",""PORCH_MOVE_DROPPER_PLAN_20260522_162208.csv"",""PORCH_WATCHER/PLANS/PORCH_MOVE_DROPPER_PLAN_20260522_162208.csv"",""15"",""""""C:\Users\13527\Downloads\System.Resources.ResourceManager.dll"""",""""C:\Users\13527\"
"REVIEW_REQUIRED",".\_MISC_DRAWER\READ_REPORTS\DEEPER_HOUSE_RULES_ROOMS_TOOLS_RESOURCES_SIGNAL_LEDGER_V2_20260528_010508.csv","33512","""DESKTOP123_LOCAL"",""PORCH_MOVE_DROPPER_PLAN_20260522_162208.csv"",""PORCH_WATCHER/PLANS/PORCH_MOVE_DROPPER_PLAN_20260522_162208.csv"",""15"",""""""C:\Users\13527\Downloads\System.Resources.Writer.dll"""",""""C:\Users\13527\Desktop\1"
"REVIEW_REQUIRED",".\_MISC_DRAWER\READ_REPORTS\DEEPER_HOUSE_RULES_ROOMS_TOOLS_RESOURCES_SIGNAL_LEDGER_V2_20260528_010508.csv","33514","""DESKTOP123_LOCAL"",""PORCH_MOVE_DROPPER_PLAN_20260522_162137.csv"",""PORCH_WATCHER/PLANS/PORCH_MOVE_DROPPER_PLAN_20260522_162137.csv"",""15"",""""""C:\Users\13527\Downloads\pwsh.profile.dsc.resource.json"""",""""C:\Users\13527\Deskto"
"REVIEW_REQUIRED",".\_MISC_DRAWER\READ_REPORTS\DEEPER_HOUSE_RULES_ROOMS_TOOLS_RESOURCES_SIGNAL_LEDGER_V2_20260528_010508.csv","33516","""DESKTOP123_LOCAL"",""PORCH_MOVE_DROPPER_PLAN_20260522_162137.csv"",""PORCH_WATCHER/PLANS/PORCH_MOVE_DROPPER_PLAN_20260522_162137.csv"",""15"",""""""C:\Users\13527\Downloads\resources.arsc"""",""""C:\Users\13527\Desktop\123\PORCH_SORT"
"REVIEW_REQUIRED",".\_MISC_DRAWER\READ_REPORTS\DEEPER_HOUSE_RULES_ROOMS_TOOLS_RESOURCES_SIGNAL_LEDGER_V2_20260528_010508.csv","33517","""DESKTOP123_LOCAL"",""PORCH_MOVE_DROPPER_PLAN_20260522_162137.csv"",""PORCH_WATCHER/PLANS/PORCH_MOVE_DROPPER_PLAN_20260522_162137.csv"",""15"",""""""C:\Users\13527\Downloads\System.Resources.Extensions.dll"""",""""C:\Users\13527\Deskt"
"REVIEW_REQUIRED",".\_MISC_DRAWER\READ_REPORTS\DEEPER_HOUSE_RULES_ROOMS_TOOLS_RESOURCES_SIGNAL_LEDGER_V2_20260528_010508.csv","33518","""DESKTOP123_LOCAL"",""PORCH_MOVE_DROPPER_PLAN_20260522_162137.csv"",""PORCH_WATCHER/PLANS/PORCH_MOVE_DROPPER_PLAN_20260522_162137.csv"",""15"",""""""C:\Users\13527\Downloads\System.Resources.Reader.dll"""",""""C:\Users\13527\Desktop\1"
"REVIEW_REQUIRED",".\_MISC_DRAWER\READ_REPORTS\DEEPER_HOUSE_RULES_ROOMS_TOOLS_RESOURCES_SIGNAL_LEDGER_V2_20260528_010508.csv","33519","""DESKTOP123_LOCAL"",""PORCH_MOVE_DROPPER_PLAN_20260522_162137.csv"",""PORCH_WATCHER/PLANS/PORCH_MOVE_DROPPER_PLAN_20260522_162137.csv"",""15"",""""""C:\Users\13527\Downloads\System.Resources.ResourceManager.dll"""",""""C:\Users\13527\"
"REVIEW_REQUIRED",".\_MISC_DRAWER\READ_REPORTS\DEEPER_HOUSE_RULES_ROOMS_TOOLS_RESOURCES_SIGNAL_LEDGER_V2_20260528_010508.csv","33520","""DESKTOP123_LOCAL"",""PORCH_MOVE_DROPPER_PLAN_20260522_162137.csv"",""PORCH_WATCHER/PLANS/PORCH_MOVE_DROPPER_PLAN_20260522_162137.csv"",""15"",""""""C:\Users\13527\Downloads\System.Resources.Writer.dll"""",""""C:\Users\13527\Desktop\1"
"REVIEW_REQUIRED",".\_MISC_DRAWER\READ_REPORTS\DEEPER_HOUSE_RULES_ROOMS_TOOLS_RESOURCES_SIGNAL_LEDGER_V2_20260528_010508.csv","39305","""DESKTOP123_LOCAL"",""DESKTOP_TOP_LEVEL_CLASSIFICATION_NO_ACTION_20260510_003534.txt"",""CleanSeedsBuild/PROOF_HISTORY/DESKTOP_TOP_LEVEL_CLASSIFICATION_NO_ACTION_20260510_003534.txt"",""31"",""NEEDS_REVIEW possible project/proof"
"REVIEW_REQUIRED",".\_MISC_DRAWER\READ_REPORTS\DEEPER_HOUSE_RULES_ROOMS_TOOLS_RESOURCES_SIGNAL_LEDGER_V2_20260528_010508.csv","39306","""DESKTOP123_LOCAL"",""DESKTOP_TOP_LEVEL_CLASSIFICATION_NO_ACTION_20260510_003534.txt"",""CleanSeedsBuild/PROOF_HISTORY/DESKTOP_TOP_LEVEL_CLASSIFICATION_NO_ACTION_20260510_003534.txt"",""31"",""NEEDS_REVIEW possible project/proof"
"REVIEW_REQUIRED",".\_MISC_DRAWER\READ_REPORTS\DEEPER_HOUSE_RULES_ROOMS_TOOLS_RESOURCES_SIGNAL_LEDGER_V2_20260528_010508.csv","39307","""DESKTOP123_LOCAL"",""DESKTOP_TOP_LEVEL_CLASSIFICATION_NO_ACTION_20260510_003534.txt"",""CleanSeedsBuild/PROOF_HISTORY/DESKTOP_TOP_LEVEL_CLASSIFICATION_NO_ACTION_20260510_003534.txt"",""31"",""NEEDS_REVIEW possible project/proof"
"REVIEW_REQUIRED",".\_MISC_DRAWER\READ_REPORTS\DEEPER_HOUSE_RULES_ROOMS_TOOLS_RESOURCES_SIGNAL_LEDGER_V2_20260528_010508.csv","39308","""DESKTOP123_LOCAL"",""DESKTOP_TOP_LEVEL_CLASSIFICATION_NO_ACTION_20260510_003534.txt"",""CleanSeedsBuild/PROOF_HISTORY/DESKTOP_TOP_LEVEL_CLASSIFICATION_NO_ACTION_20260510_003534.txt"",""31"",""NEEDS_REVIEW possible project/proof"
"REVIEW_REQUIRED",".\_MISC_DRAWER\READ_REPORTS\DEEPER_HOUSE_RULES_ROOMS_TOOLS_RESOURCES_SIGNAL_LEDGER_V2_20260528_010508.csv","39309","""DESKTOP123_LOCAL"",""DESKTOP_TOP_LEVEL_CLASSIFICATION_NO_ACTION_20260510_003534.txt"",""CleanSeedsBuild/PROOF_HISTORY/DESKTOP_TOP_LEVEL_CLASSIFICATION_NO_ACTION_20260510_003534.txt"",""31"",""NEEDS_REVIEW possible project/proof"
"REVIEW_REQUIRED",".\_MISC_DRAWER\READ_REPORTS\DEEPER_HOUSE_RULES_ROOMS_TOOLS_RESOURCES_SIGNAL_LEDGER_V2_20260528_010508.csv","39310","""DESKTOP123_LOCAL"",""DESKTOP_TOP_LEVEL_CLASSIFICATION_NO_ACTION_20260510_003534.txt"",""CleanSeedsBuild/PROOF_HISTORY/DESKTOP_TOP_LEVEL_CLASSIFICATION_NO_ACTION_20260510_003534.txt"",""31"",""NEEDS_REVIEW possible project/proof"
"REVIEW_REQUIRED",".\_MISC_DRAWER\READ_REPORTS\DEEPER_HOUSE_RULES_ROOMS_TOOLS_RESOURCES_SIGNAL_LEDGER_V2_20260528_010508.csv","39311","""DESKTOP123_LOCAL"",""DESKTOP_TOP_LEVEL_CLASSIFICATION_NO_ACTION_20260510_003534.txt"",""CleanSeedsBuild/PROOF_HISTORY/DESKTOP_TOP_LEVEL_CLASSIFICATION_NO_ACTION_20260510_003534.txt"",""31"",""NEEDS_REVIEW possible project/proof"
"REVIEW_REQUIRED",".\_MISC_DRAWER\READ_REPORTS\DEEPER_HOUSE_RULES_ROOMS_TOOLS_RESOURCES_SIGNAL_LEDGER_V2_20260528_010508.csv","39312","""DESKTOP123_LOCAL"",""DESKTOP_TOP_LEVEL_CLASSIFICATION_NO_ACTION_20260510_003534.txt"",""CleanSeedsBuild/PROOF_HISTORY/DESKTOP_TOP_LEVEL_CLASSIFICATION_NO_ACTION_20260510_003534.txt"",""31"",""NEEDS_REVIEW possible project/proof"
"REVIEW_REQUIRED",".\_MISC_DRAWER\READ_REPORTS\DEEPER_HOUSE_RULES_ROOMS_TOOLS_RESOURCES_SIGNAL_LEDGER_V2_20260528_010508.csv","39313","""DESKTOP123_LOCAL"",""DESKTOP_TOP_LEVEL_CLASSIFICATION_NO_ACTION_20260510_003534.txt"",""CleanSeedsBuild/PROOF_HISTORY/DESKTOP_TOP_LEVEL_CLASSIFICATION_NO_ACTION_20260510_003534.txt"",""31"",""NEEDS_REVIEW possible project/proof"
"REVIEW_REQUIRED",".\_MISC_DRAWER\READ_REPORTS\DEEPER_HOUSE_RULES_ROOMS_TOOLS_RESOURCES_SIGNAL_LEDGER_V2_20260528_010508.csv","39314","""DESKTOP123_LOCAL"",""DESKTOP_TOP_LEVEL_CLASSIFICATION_NO_ACTION_20260510_003534.txt"",""CleanSeedsBuild/PROOF_HISTORY/DESKTOP_TOP_LEVEL_CLASSIFICATION_NO_ACTION_20260510_003534.txt"",""31"",""NEEDS_REVIEW possible project/proof"
"REVIEW_REQUIRED",".\_MISC_DRAWER\READ_REPORTS\DEEPER_HOUSE_RULES_ROOMS_TOOLS_RESOURCES_SIGNAL_LEDGER_V2_20260528_010508.csv","39315","""DESKTOP123_LOCAL"",""DESKTOP_TOP_LEVEL_CLASSIFICATION_NO_ACTION_20260510_003534.txt"",""CleanSeedsBuild/PROOF_HISTORY/DESKTOP_TOP_LEVEL_CLASSIFICATION_NO_ACTION_20260510_003534.txt"",""31"",""NEEDS_REVIEW possible project/proof"
"REVIEW_REQUIRED",".\_MISC_DRAWER\READ_REPORTS\DEEPER_HOUSE_RULES_ROOMS_TOOLS_RESOURCES_SIGNAL_LEDGER_V2_20260528_010508.csv","39316","""DESKTOP123_LOCAL"",""DESKTOP_TOP_LEVEL_CLASSIFICATION_NO_ACTION_20260510_003534.txt"",""CleanSeedsBuild/PROOF_HISTORY/DESKTOP_TOP_LEVEL_CLASSIFICATION_NO_ACTION_20260510_003534.txt"",""31"",""NEEDS_REVIEW possible project/proof"
"REVIEW_REQUIRED",".\_MISC_DRAWER\READ_REPORTS\DEEPER_HOUSE_RULES_ROOMS_TOOLS_RESOURCES_SIGNAL_LEDGER_V2_20260528_010508.csv","45601","""DESKTOP123_LOCAL"",""cluster_porch_home_first250.txt"",""MULE_WORKSHOP/DEEP_RECURSIVE_FAILURE_AUDIT_20260523/EVIDENCE/cluster_porch_home_first250.txt"",""508"","".\_MERGE_AUDIT\duplicates.tsv:1084:""""123_ROOT""""	""""PORCH_SORTING_T"
"REVIEW_REQUIRED",".\_MISC_DRAWER\READ_REPORTS\DEEPER_HOUSE_RULES_ROOMS_TOOLS_RESOURCES_SIGNAL_LEDGER_V2_20260528_010508.csv","45616","""DESKTOP123_LOCAL"",""cluster_porch_home_first250.txt"",""MULE_WORKSHOP/DEEP_RECURSIVE_FAILURE_AUDIT_20260523/EVIDENCE/cluster_porch_home_first250.txt"",""508"","".\BRAIN_LEARNING\PORCH_WATCHER_MOVE_NOT_COPY_HOUSEKEEPING_RULE_20"
"REVIEW_REQUIRED",".\_MISC_DRAWER\READ_REPORTS\DEEPER_HOUSE_RULES_ROOMS_TOOLS_RESOURCES_GAP_LEDGER_V2_20260528_010508.csv","1249","""DESKTOP123_LOCAL"",""PORCH_MOVE_DROPPER_RECEIPT_20260522_162252.txt"",""C:\Users\13527\Desktop\123\Jxhnny_Kl33N_Seedz\PORCH_WATCHER\RECEIPTS\PORCH_MOVE_DROPPER_RECEIPT_20260522_162252.txt"",""PORCH_WATCHER/RECEIPTS/PORCH_MOVE"
"REVIEW_REQUIRED",".\_MISC_DRAWER\READ_REPORTS\DEEPER_HOUSE_RULES_ROOMS_TOOLS_RESOURCES_GAP_LEDGER_V2_20260528_010508.csv","1250","""DESKTOP123_LOCAL"",""PORCH_MOVE_DROPPER_PLAN_20260522_162252.txt"",""C:\Users\13527\Desktop\123\Jxhnny_Kl33N_Seedz\PORCH_WATCHER\PLANS\PORCH_MOVE_DROPPER_PLAN_20260522_162252.txt"",""PORCH_WATCHER/PLANS/PORCH_MOVE_DROPPER_PLA"
"BLOCK_STOP",".\_TRANSCRIPT_CUSTODY\Transcripts\The Sermon on the Mount  Lecture One (Official)  Peterson Academy\The Sermon on the Mount  Lecture One (Official)  Peterson Academy_2026-05-25_05-09-22.txt","65","blocked by the surroundings. And it's"
"BLOCK_STOP",".\_TRANSCRIPT_CUSTODY\Transcripts\The Sermon on the Mount  Lecture One (Official)  Peterson Academy\The Sermon on the Mount  Lecture One (Official)  Peterson Academy_2026-05-25_05-09-22.txt","1115","because you want to hold people to"
"BLOCK_STOP",".\_TRANSCRIPT_CUSTODY\Transcripts\The Sermon on the Mount  Lecture One (Official)  Peterson Academy\The Sermon on the Mount  Lecture One (Official)  Peterson Academy_2026-05-25_05-09-22.txt","1510","have, everything you hold, you're going"
"BLOCK_STOP",".\_TRANSCRIPT_CUSTODY\Transcripts\THE HOLOGRAPHIC UNIVERSE by Michael Talbot (Remastered)\THE HOLOGRAPHIC UNIVERSE by Michael Talbot (Remastered)_2026-05-25_19-53-28.txt","942","these are demons but I I hold my my"
"BLOCK_STOP",".\_TRANSCRIPT_CUSTODY\Transcripts\THE HOLOGRAPHIC UNIVERSE by Michael Talbot (Remastered)\THE HOLOGRAPHIC UNIVERSE by Michael Talbot (Remastered)_2026-05-25_19-53-28.txt","1441","decided to create they to hold seances"
"BLOCK_STOP",".\_TRANSCRIPT_CUSTODY\Transcripts\THE HOLOGRAPHIC UNIVERSE by Michael Talbot (Remastered)\THE HOLOGRAPHIC UNIVERSE by Michael Talbot (Remastered)_2026-05-25_19-53-28.txt","1680","afraid and said then hold your hand Palm"
"BLOCK_STOP",".\_TRANSCRIPT_CUSTODY\Transcripts\THE HOLOGRAPHIC UNIVERSE by Michael Talbot (Remastered)\THE HOLOGRAPHIC UNIVERSE by Michael Talbot (Remastered)_2026-05-25_19-53-28.txt","1685","hold your hand outside a car window and"
"BLOCK_STOP",".\_TRANSCRIPT_CUSTODY\Transcripts\THE HOLOGRAPHIC UNIVERSE by Michael Talbot (Remastered)\THE HOLOGRAPHIC UNIVERSE by Michael Talbot (Remastered)_2026-05-25_19-53-28.txt","2373","reality we hold inside our head so one"
"BLOCK_STOP",".\_SOURCE_RESEARCH_NOTES\whole house gate.txt","3","The cockpit rules already require project-relevant rule material to be classified/routed, not left as floating gold; they also say the Final Judge checks whether gates stayed in lane, judged the right thing, and did not "
"BLOCK_STOP",".\_SOURCE_RESEARCH_NOTES\whole house gate.txt","88","Any object that bends the seed gets blocked, demoted, or quarantined."
"BLOCK_STOP",".\_SOURCE_RESEARCH_NOTES\whole house gate.txt","335","Too charged, unclear, or high-risk. Hold with source, reason, return trigger."
"BLOCK_STOP",".\_SOURCE_RESEARCH_NOTES\whole house gate.txt","465","The Sun can hold center, but even Sun cannot become ego-throne."
"BLOCK_STOP",".\_SOURCE_RESEARCH_NOTES\whole house gate.txt","503","Blocked use: crowning one source, one gate, one idea, or one interpretation as the sun of everything."
"BLOCK_STOP",".\_SOURCE_RESEARCH_NOTES\whole house gate.txt","515","Blocked use: treating feeling as verdict."
"BLOCK_STOP",".\_SOURCE_RESEARCH_NOTES\whole house gate.txt","527","Blocked use: English sound-alike proof, over-clever legal/symbolic leaps."
"BLOCK_STOP",".\_SOURCE_RESEARCH_NOTES\whole house gate.txt","539","Blocked use: letting a source in because it vibes with the house."
"BLOCK_STOP",".\_SOURCE_RESEARCH_NOTES\whole house gate.txt","551","Blocked use: rejecting weird ore before it is sorted."
"BLOCK_STOP",".\_SOURCE_RESEARCH_NOTES\whole house gate.txt","563","Blocked use: endless chunk expansion with no fit decision."
"BLOCK_STOP",".\_SOURCE_RESEARCH_NOTES\whole house gate.txt","575","Blocked use: preventing all experimental growth because proof is not complete yet."
"BLOCK_STOP",".\_SOURCE_RESEARCH_NOTES\whole house gate.txt","587","Blocked use: adding wild new gates every time a problem appears."
"BLOCK_STOP",".\_SOURCE_RESEARCH_NOTES\whole house gate.txt","599","Blocked use: treating symbol as fact or feeling as proof."
"BLOCK_STOP",".\_SOURCE_RESEARCH_NOTES\whole house gate.txt","611","Blocked use: turning every hidden pattern into dark control."
"BLOCK_STOP",".\_SOURCE_RESEARCH_NOTES\whole house gate.txt","625","Blocked use: flattening symbolic insight into nothing because it is not immediately executable."
"BLOCK_STOP",".\_SOURCE_RESEARCH_NOTES\whole house gate.txt","835","A good object with poisoned force is blocked or limited."
"BLOCK_STOP",".\_TRANSCRIPT_CUSTODY\Transcripts\Richard Feynman\Richard Feynman Explains Why Speed of Light is So Fast_2026-05-25_04-46-53.txt","483","hold the nucleus of the atom together."
"BLOCK_STOP",".\_TRANSCRIPT_CUSTODY\Transcripts\Richard Feynman\Richard Feynman Explains Why Speed of Light is So Fast_2026-05-25_04-46-53.txt","614","impossible. Atoms wouldn't hold"
"BLOCK_STOP",".\_TRANSCRIPT_CUSTODY\Transcripts\Richard Feynman\Richard Feynman Explains Why Speed of Light is So Fast_2026-05-25_04-46-53.txt","910","to hold hands, a photon would come along"
"BLOCK_STOP",".\_TRANSCRIPT_CUSTODY\Transcripts\Richard Feynman\Richard Feynman - The World from another point of view_2026-05-25_04-41-16.txt","256","Hold Us side it's going around a great"
"BLOCK_STOP",".\_SOURCE_RESEARCH_NOTES\ROOT_TEXT_DROPS_20260603\RAW_HELPER_CONTROL_BLOCKER_CHAIN_SENTINEL_REPAIR_AND_ROUTER_LESSONS_20260603.txt","3","This is not one bug. It is a **blocker-chain system problem**. The house currently detects many blockers, but it does not yet have a mature reusable grammar for them. So each blocker becomes a fresh fight instead of rout"
"BLOCK_STOP",".\_SOURCE_RESEARCH_NOTES\ROOT_TEXT_DROPS_20260603\RAW_HELPER_CONTROL_BLOCKER_CHAIN_SENTINEL_REPAIR_AND_ROUTER_LESSONS_20260603.txt","5","The set we just exposed has at least **nine** separate blocker families."
"BLOCK_STOP",".\_SOURCE_RESEARCH_NOTES\ROOT_TEXT_DROPS_20260603\RAW_HELPER_CONTROL_BLOCKER_CHAIN_SENTINEL_REPAIR_AND_ROUTER_LESSONS_20260603.txt","83","That means this blocker was not random. Git was doing exactly what it is supposed to do."
"BLOCK_STOP",".\_SOURCE_RESEARCH_NOTES\ROOT_TEXT_DROPS_20260603\RAW_HELPER_CONTROL_BLOCKER_CHAIN_SENTINEL_REPAIR_AND_ROUTER_LESSONS_20260603.txt","151","We saw several cases where Code Gate reported `PASS WITH WATCH` because the target ran, even while the child target itself had meaningful blockers in other runs. In CI systems, “continue on error” is useful, but it must "
"BLOCK_STOP",".\_SOURCE_RESEARCH_NOTES\ROOT_TEXT_DROPS_20260603\RAW_HELPER_CONTROL_BLOCKER_CHAIN_SENTINEL_REPAIR_AND_ROUTER_LESSONS_20260603.txt","159","`BLOCKED is not tool death`"
"BLOCK_STOP",".\_SOURCE_RESEARCH_NOTES\ROOT_TEXT_DROPS_20260603\RAW_HELPER_CONTROL_BLOCKER_CHAIN_SENTINEL_REPAIR_AND_ROUTER_LESSONS_20260603.txt","179","The whole chain happened because each script discovered the next blocker after it already entered the save path."
"BLOCK_STOP",".\_SOURCE_RESEARCH_NOTES\ROOT_TEXT_DROPS_20260603\RAW_HELPER_CONTROL_BLOCKER_CHAIN_SENTINEL_REPAIR_AND_ROUTER_LESSONS_20260603.txt","207","9. `MISSING BLOCKER GRAMMAR`"
"BLOCK_STOP",".\_SOURCE_RESEARCH_NOTES\ROOT_TEXT_DROPS_20260603\RAW_HELPER_CONTROL_BLOCKER_CHAIN_SENTINEL_REPAIR_AND_ROUTER_LESSONS_20260603.txt","209","The final real problem: the house has good gates, but not enough named blocker recovery grammar."
"BLOCK_STOP",".\_SOURCE_RESEARCH_NOTES\ROOT_TEXT_DROPS_20260603\RAW_HELPER_CONTROL_BLOCKER_CHAIN_SENTINEL_REPAIR_AND_ROUTER_LESSONS_20260603.txt","217","`blocker grammar + route table + small recovery tools`"
"BLOCK_STOP",".\_SOURCE_RESEARCH_NOTES\ROOT_TEXT_DROPS_20260603\RAW_HELPER_CONTROL_BLOCKER_CHAIN_SENTINEL_REPAIR_AND_ROUTER_LESSONS_20260603.txt","223","`Blocker appears → classify → choose known route → run one small repair → prove → save learning`"
"BLOCK_STOP",".\_SOURCE_RESEARCH_NOTES\ROOT_TEXT_DROPS_20260603\RAW_HELPER_CONTROL_BLOCKER_CHAIN_SENTINEL_REPAIR_AND_ROUTER_LESSONS_20260603.txt","227","`Blocker appears → generate another custom rescue script from scratch`"
"BLOCK_STOP",".\_SOURCE_RESEARCH_NOTES\ROOT_TEXT_DROPS_20260603\RAW_HELPER_CONTROL_BLOCKER_CHAIN_SENTINEL_REPAIR_AND_ROUTER_LESSONS_20260603.txt","229","Next chunk should go blocker by blocker and turn each one into:"
"BLOCK_STOP",".\_SOURCE_RESEARCH_NOTES\ROOT_TEXT_DROPS_20260603\RAW_HELPER_CONTROL_BLOCKER_CHAIN_SENTINEL_REPAIR_AND_ROUTER_LESSONS_20260603.txt","260","This one deserves its own chunk because it is the parent failure. The later blockers were real, but they got amplified because the first package was too wide."
"BLOCK_STOP",".\_SOURCE_RESEARCH_NOTES\ROOT_TEXT_DROPS_20260603\RAW_HELPER_CONTROL_BLOCKER_CHAIN_SENTINEL_REPAIR_AND_ROUTER_LESSONS_20260603.txt","266","That is five different surfaces in one command. The pasted log proves it: the helper package reported `LOCAL_TOOLS`, `REPO_SUPPORT 4 files`, `SELFTEST exit=0; passed=True`, then tried to close Git and blocked with `Statu"
"BLOCK_STOP",".\_SOURCE_RESEARCH_NOTES\ROOT_TEXT_DROPS_20260603\RAW_HELPER_CONTROL_BLOCKER_CHAIN_SENTINEL_REPAIR_AND_ROUTER_LESSONS_20260603.txt","382","Clean blocker grammar for this class:"
"BLOCK_STOP",".\_SOURCE_RESEARCH_NOTES\ROOT_TEXT_DROPS_20260603\RAW_HELPER_CONTROL_BLOCKER_CHAIN_SENTINEL_REPAIR_AND_ROUTER_LESSONS_20260603.txt","388","`Risk:` a later blocker makes the whole run hard to diagnose."
"BLOCK_STOP",".\_SOURCE_RESEARCH_NOTES\ROOT_TEXT_DROPS_20260603\RAW_HELPER_CONTROL_BLOCKER_CHAIN_SENTINEL_REPAIR_AND_ROUTER_LESSONS_20260603.txt","428","This was the first concrete blocker after the package-width mistake."
"BLOCK_STOP",".\_SOURCE_RESEARCH_NOTES\ROOT_TEXT_DROPS_20260603\RAW_HELPER_CONTROL_BLOCKER_CHAIN_SENTINEL_REPAIR_AND_ROUTER_LESSONS_20260603.txt","430","The blocker was:"
"BLOCK_STOP",".\_SOURCE_RESEARCH_NOTES\ROOT_TEXT_DROPS_20260603\RAW_HELPER_CONTROL_BLOCKER_CHAIN_SENTINEL_REPAIR_AND_ROUTER_LESSONS_20260603.txt","442","That was a good block. The bad part was that the house did not already have a known blocker route for it."
"BLOCK_STOP",".\_SOURCE_RESEARCH_NOTES\ROOT_TEXT_DROPS_20260603\RAW_HELPER_CONTROL_BLOCKER_CHAIN_SENTINEL_REPAIR_AND_ROUTER_LESSONS_20260603.txt","474","Correct blocker grammar:"
"BLOCK_STOP",".\_SOURCE_RESEARCH_NOTES\ROOT_TEXT_DROPS_20260603\RAW_HELPER_CONTROL_BLOCKER_CHAIN_SENTINEL_REPAIR_AND_ROUTER_LESSONS_20260603.txt","476","`Blocker class:` `EXPECTED_FILE_IGNORED`"
"BLOCK_STOP",".\_SOURCE_RESEARCH_NOTES\ROOT_TEXT_DROPS_20260603\RAW_HELPER_CONTROL_BLOCKER_CHAIN_SENTINEL_REPAIR_AND_ROUTER_LESSONS_20260603.txt","604","The blocker was:"
"BLOCK_STOP",".\_SOURCE_RESEARCH_NOTES\ROOT_TEXT_DROPS_20260603\RAW_HELPER_CONTROL_BLOCKER_CHAIN_SENTINEL_REPAIR_AND_ROUTER_LESSONS_20260603.txt","614","So this blocker means:"
"BLOCK_STOP",".\_SOURCE_RESEARCH_NOTES\ROOT_TEXT_DROPS_20260603\RAW_HELPER_CONTROL_BLOCKER_CHAIN_SENTINEL_REPAIR_AND_ROUTER_LESSONS_20260603.txt","638","That means this is really two blocker classes, not one."
"BLOCK_STOP",".\_SOURCE_RESEARCH_NOTES\ROOT_TEXT_DROPS_20260603\RAW_HELPER_CONTROL_BLOCKER_CHAIN_SENTINEL_REPAIR_AND_ROUTER_LESSONS_20260603.txt","660","`diff-check failure is not a save failure; it is a patch hygiene blocker`"
"BLOCK_STOP",".\_SOURCE_RESEARCH_NOTES\ROOT_TEXT_DROPS_20260603\RAW_HELPER_CONTROL_BLOCKER_CHAIN_SENTINEL_REPAIR_AND_ROUTER_LESSONS_20260603.txt","782","This prevents the giant string because once the diff-check blocker appears, the route is known immediately."
"BLOCK_STOP",".\_SOURCE_RESEARCH_NOTES\ROOT_TEXT_DROPS_20260603\RAW_HELPER_CONTROL_BLOCKER_CHAIN_SENTINEL_REPAIR_AND_ROUTER_LESSONS_20260603.txt","888","The blocker class here is:"
"BLOCK_STOP",".\_SOURCE_RESEARCH_NOTES\ROOT_TEXT_DROPS_20260603\RAW_HELPER_CONTROL_BLOCKER_CHAIN_SENTINEL_REPAIR_AND_ROUTER_LESSONS_20260603.txt","986","`child exit code 0 + no blocker text`"
"BLOCK_STOP",".\_SOURCE_RESEARCH_NOTES\ROOT_TEXT_DROPS_20260603\RAW_HELPER_CONTROL_BLOCKER_CHAIN_SENTINEL_REPAIR_AND_ROUTER_LESSONS_20260603.txt","1046","`BLOCKED_EXPECTED` — known blocker class, recovery route available."
"BLOCK_STOP",".\_SOURCE_RESEARCH_NOTES\ROOT_TEXT_DROPS_20260603\RAW_HELPER_CONTROL_BLOCKER_CHAIN_SENTINEL_REPAIR_AND_ROUTER_LESSONS_20260603.txt","1048","`BLOCKED_UNEXPECTED` — unknown blocker, needs diagnosis."
"BLOCK_STOP",".\_SOURCE_RESEARCH_NOTES\ROOT_TEXT_DROPS_20260603\RAW_HELPER_CONTROL_BLOCKER_CHAIN_SENTINEL_REPAIR_AND_ROUTER_LESSONS_20260603.txt","1094","`emit BLOCKED / INTERRUPTED`"
"BLOCK_STOP",".\_SOURCE_RESEARCH_NOTES\ROOT_TEXT_DROPS_20260603\RAW_HELPER_CONTROL_BLOCKER_CHAIN_SENTINEL_REPAIR_AND_ROUTER_LESSONS_20260603.txt","1119","A preflight router is not a repair tool. It is a **traffic controller**. It looks at the current state, classifies the blocker, and sends the work to the right lane before the save attempt gets messy."
"BLOCK_STOP",".\_SOURCE_RESEARCH_NOTES\ROOT_TEXT_DROPS_20260603\RAW_HELPER_CONTROL_BLOCKER_CHAIN_SENTINEL_REPAIR_AND_ROUTER_LESSONS_20260603.txt","1339","`Before any helper performs save, commit, push, force-add, or support-package close, it must run a preflight router over repo authority, expected object set, dirty state, staged state, patch hygiene, package width, and f"
"BLOCK_STOP",".\_SOURCE_RESEARCH_NOTES\ROOT_TEXT_DROPS_20260603\RAW_HELPER_CONTROL_BLOCKER_CHAIN_SENTINEL_REPAIR_AND_ROUTER_LESSONS_20260603.txt","1387","Chunk 7 — `BLOCKER GRAMMAR` / teach the files the blocker language."
"BLOCK_STOP",".\_SOURCE_RESEARCH_NOTES\ROOT_TEXT_DROPS_20260603\RAW_HELPER_CONTROL_BLOCKER_CHAIN_SENTINEL_REPAIR_AND_ROUTER_LESSONS_20260603.txt","1389","The preflight router is the traffic cop. But the router needs a language. That language is the **blocker grammar**."
"BLOCK_STOP",".\_SOURCE_RESEARCH_NOTES\ROOT_TEXT_DROPS_20260603\RAW_HELPER_CONTROL_BLOCKER_CHAIN_SENTINEL_REPAIR_AND_ROUTER_LESSONS_20260603.txt","1393","`BLOCKED`"
"BLOCK_STOP",".\_SOURCE_RESEARCH_NOTES\ROOT_TEXT_DROPS_20260603\RAW_HELPER_CONTROL_BLOCKER_CHAIN_SENTINEL_REPAIR_AND_ROUTER_LESSONS_20260603.txt","1399","`BLOCKED because <class>`"
"BLOCK_STOP",".\_SOURCE_RESEARCH_NOTES\ROOT_TEXT_DROPS_20260603\RAW_HELPER_CONTROL_BLOCKER_CHAIN_SENTINEL_REPAIR_AND_ROUTER_LESSONS_20260603.txt","1409","That turns a blocked run into a routed run."
"BLOCK_STOP",".\_SOURCE_RESEARCH_NOTES\ROOT_TEXT_DROPS_20260603\RAW_HELPER_CONTROL_BLOCKER_CHAIN_SENTINEL_REPAIR_AND_ROUTER_LESSONS_20260603.txt","1411","The huge string proved the blocker classes are not theoretical. The same log chain showed `repo status after write is not exact`, then `expected support file is ignored`, then `git diff --check failed`, then `expected ig"
"BLOCK_STOP",".\_SOURCE_RESEARCH_NOTES\ROOT_TEXT_DROPS_20260603\RAW_HELPER_CONTROL_BLOCKER_CHAIN_SENTINEL_REPAIR_AND_ROUTER_LESSONS_20260603.txt","1657","`BLOCKED is not enough.`"
"BLOCK_STOP",".\_SOURCE_RESEARCH_NOTES\ROOT_TEXT_DROPS_20260603\RAW_HELPER_CONTROL_BLOCKER_CHAIN_SENTINEL_REPAIR_AND_ROUTER_LESSONS_20260603.txt","1659","`Name blocker class.`"
"BLOCK_STOP",".\_SOURCE_RESEARCH_NOTES\ROOT_TEXT_DROPS_20260603\RAW_HELPER_CONTROL_BLOCKER_CHAIN_SENTINEL_REPAIR_AND_ROUTER_LESSONS_20260603.txt","1695","`blocked → panic → new rescue script`"
"BLOCK_STOP",".\_SOURCE_RESEARCH_NOTES\ROOT_TEXT_DROPS_20260603\RAW_HELPER_CONTROL_BLOCKER_CHAIN_SENTINEL_REPAIR_AND_ROUTER_LESSONS_20260603.txt","1699","`blocked → class → route → exact repair → proof`"
"BLOCK_STOP",".\_SOURCE_RESEARCH_NOTES\ROOT_TEXT_DROPS_20260603\RAW_HELPER_CONTROL_BLOCKER_CHAIN_SENTINEL_REPAIR_AND_ROUTER_LESSONS_20260603.txt","1701","This is how we teach the files to handle blocker sets better."
"BLOCK_STOP",".\_SOURCE_RESEARCH_NOTES\ROOT_TEXT_DROPS_20260603\RAW_HELPER_CONTROL_BLOCKER_CHAIN_SENTINEL_REPAIR_AND_ROUTER_LESSONS_20260603.txt","1715","Now we turn the blocker grammar into machinery."
"BLOCK_STOP",".\_SOURCE_RESEARCH_NOTES\ROOT_TEXT_DROPS_20260603\RAW_HELPER_CONTROL_BLOCKER_CHAIN_SENTINEL_REPAIR_AND_ROUTER_LESSONS_20260603.txt","1953","`Every blocker maps to one recovery route.`"
"BLOCK_STOP",".\_SOURCE_RESEARCH_NOTES\ROOT_TEXT_DROPS_20260603\RAW_HELPER_CONTROL_BLOCKER_CHAIN_SENTINEL_REPAIR_AND_ROUTER_LESSONS_20260603.txt","1955","`Unknown blocker stops.`"
"BLOCK_STOP",".\_SOURCE_RESEARCH_NOTES\ROOT_TEXT_DROPS_20260603\RAW_HELPER_CONTROL_BLOCKER_CHAIN_SENTINEL_REPAIR_AND_ROUTER_LESSONS_20260603.txt","2150","The blocker router would have said:"
"BLOCK_STOP",".\_SOURCE_RESEARCH_NOTES\ROOT_TEXT_DROPS_20260603\RAW_HELPER_CONTROL_BLOCKER_CHAIN_SENTINEL_REPAIR_AND_ROUTER_LESSONS_20260603.txt","2205","Chunk 10 — `AFTER-ACTION LEDGER` / make the blockers teach the house."
"BLOCK_STOP",".\_SOURCE_RESEARCH_NOTES\ROOT_TEXT_DROPS_20260603\RAW_HELPER_CONTROL_BLOCKER_CHAIN_SENTINEL_REPAIR_AND_ROUTER_LESSONS_20260603.txt","2207","The router and manifest prevent the next run from drifting, but there is still one more piece: every blocker chain needs an **after-action ledger**."
"BLOCK_STOP",".\_SOURCE_RESEARCH_NOTES\ROOT_TEXT_DROPS_20260603\RAW_HELPER_CONTROL_BLOCKER_CHAIN_SENTINEL_REPAIR_AND_ROUTER_LESSONS_20260603.txt","2213","`a blocker is not closed just because the save passed`"
"BLOCK_STOP",".\_SOURCE_RESEARCH_NOTES\ROOT_TEXT_DROPS_20260603\RAW_HELPER_CONTROL_BLOCKER_CHAIN_SENTINEL_REPAIR_AND_ROUTER_LESSONS_20260603.txt","2215","A blocker is closed only when the house learned:"
"BLOCK_STOP",".\_SOURCE_RESEARCH_NOTES\ROOT_TEXT_DROPS_20260603\RAW_HELPER_CONTROL_BLOCKER_CHAIN_SENTINEL_REPAIR_AND_ROUTER_LESSONS_20260603.txt","2243","`Symptom: helper package blocked after write`"
"BLOCK_STOP",".\_SOURCE_RESEARCH_NOTES\ROOT_TEXT_DROPS_20260603\RAW_HELPER_CONTROL_BLOCKER_CHAIN_SENTINEL_REPAIR_AND_ROUTER_LESSONS_20260603.txt","2313","`Symptom: many scripts generated for one blocker chain`"
"BLOCK_STOP",".\_SOURCE_RESEARCH_NOTES\ROOT_TEXT_DROPS_20260603\RAW_HELPER_CONTROL_BLOCKER_CHAIN_SENTINEL_REPAIR_AND_ROUTER_LESSONS_20260603.txt","2319","`BetterRoute: blocker grammar + manifest + router + toolbelt`"
"BLOCK_STOP",".\_SOURCE_RESEARCH_NOTES\ROOT_TEXT_DROPS_20260603\RAW_HELPER_CONTROL_BLOCKER_CHAIN_SENTINEL_REPAIR_AND_ROUTER_LESSONS_20260603.txt","2321","`Install: router must name blocker class and recovery lane`"
"BLOCK_STOP",".\_SOURCE_RESEARCH_NOTES\ROOT_TEXT_DROPS_20260603\RAW_HELPER_CONTROL_BLOCKER_CHAIN_SENTINEL_REPAIR_AND_ROUTER_LESSONS_20260603.txt","2329","`Blocker Classes`"
"BLOCK_STOP",".\_SOURCE_RESEARCH_NOTES\ROOT_TEXT_DROPS_20260603\RAW_HELPER_CONTROL_BLOCKER_CHAIN_SENTINEL_REPAIR_AND_ROUTER_LESSONS_20260603.txt","2347","For this blocker chain, the action items are:"
"BLOCK_STOP",".\_SOURCE_RESEARCH_NOTES\ROOT_TEXT_DROPS_20260603\RAW_HELPER_CONTROL_BLOCKER_CHAIN_SENTINEL_REPAIR_AND_ROUTER_LESSONS_20260603.txt","2349","`A1 — Save blocker grammar rule`"
"BLOCK_STOP",".\_SOURCE_RESEARCH_NOTES\ROOT_TEXT_DROPS_20260603\RAW_HELPER_CONTROL_BLOCKER_CHAIN_SENTINEL_REPAIR_AND_ROUTER_LESSONS_20260603.txt","2389","`Do not keep generating one-off rescue scripts after the blocker class is known.`"
"BLOCK_STOP",".\_SOURCE_RESEARCH_NOTES\ROOT_TEXT_DROPS_20260603\RAW_HELPER_CONTROL_BLOCKER_CHAIN_SENTINEL_REPAIR_AND_ROUTER_LESSONS_20260603.txt","2395","`Every ugly blocker chain must leave behind a blocker ledger and at least one action item that changes the next run.`"
"BLOCK_STOP",".\_SOURCE_RESEARCH_NOTES\ROOT_TEXT_DROPS_20260603\RAW_HELPER_CONTROL_BLOCKER_CHAIN_SENTINEL_REPAIR_AND_ROUTER_LESSONS_20260603.txt","2433","First: **blocker grammar.**"
"BLOCK_STOP",".\_SOURCE_RESEARCH_NOTES\ROOT_TEXT_DROPS_20260603\RAW_HELPER_CONTROL_BLOCKER_CHAIN_SENTINEL_REPAIR_AND_ROUTER_LESSONS_20260603.txt","2435","The house needs names for repeat blockers:"
"BLOCK_STOP",".\_SOURCE_RESEARCH_NOTES\ROOT_TEXT_DROPS_20260603\RAW_HELPER_CONTROL_BLOCKER_CHAIN_SENTINEL_REPAIR_AND_ROUTER_LESSONS_20260603.txt","2463","`what blocker class is active?`"
"BLOCK_STOP",".\_SOURCE_RESEARCH_NOTES\ROOT_TEXT_DROPS_20260603\RAW_HELPER_CONTROL_BLOCKER_CHAIN_SENTINEL_REPAIR_AND_ROUTER_LESSONS_20260603.txt","2509","`NERVE` traces signal from blocker to recovery."
"BLOCK_STOP",".\_SOURCE_RESEARCH_NOTES\ROOT_TEXT_DROPS_20260603\RAW_HELPER_CONTROL_BLOCKER_CHAIN_SENTINEL_REPAIR_AND_ROUTER_LESSONS_20260603.txt","2533","`When a blocker appears, repair the layer that failed, not the layer you are used to touching.`"
"BLOCK_STOP",".\_SOURCE_RESEARCH_NOTES\ROOT_TEXT_DROPS_20260603\RAW_HELPER_CONTROL_BLOCKER_CHAIN_SENTINEL_REPAIR_AND_ROUTER_LESSONS_20260603.txt","2574","`diff-check blocker`"
"BLOCK_STOP",".\_SOURCE_RESEARCH_NOTES\ROOT_TEXT_DROPS_20260603\RAW_HELPER_CONTROL_BLOCKER_CHAIN_SENTINEL_REPAIR_AND_ROUTER_LESSONS_20260603.txt","2580","`blocker grammar / router lessons`"
"BLOCK_STOP",".\_TRANSCRIPT_CUSTODY\Transcripts\Kierkegaard's Christian Existentialism\Kierkegaard's Christian Existentialism_2026-05-25_19-36-44.txt","1035","i wouldn't hold your breath on that but"
"BLOCK_STOP",".\_SOURCE_RESEARCH_NOTES\ROOT_TEXT_DROPS_20260603\ideas.txt","186","1. HOLD UP"
"BLOCK_STOP",".\_SOURCE_RESEARCH_NOTES\ROOT_TEXT_DROPS_20260603\ideas.txt","228","Because your case showed the worktree scan could be clean earlier, but staged proof still caught EOF blockers later. The active proof surface is the staged payload, not the helper’s confidence. "
"BLOCK_STOP",".\_SOURCE_RESEARCH_NOTES\ROOT_TEXT_DROPS_20260603\ideas.txt","245","Whitespace blocker is not the disease."
"BLOCK_STOP",".\_SOURCE_RESEARCH_NOTES\ROOT_TEXT_DROPS_20260603\ideas.txt","246","Whitespace blocker is pain."
"BLOCK_STOP",".\_LOCAL_CUSTODY_N_RECEIPTS\ROOT_LOOSE_FILE_ROUTE_20260605_143357\MULE_ORDERS_PENDING_REVIEW\MULE_ORDER__RECOVERED_ITEM_RESTORE_DECISION_LEDGER__WITH_BYTE_ACCOUNTING__20260604.md","263","- whether any future mutation is blocked until accounting exists."
"BLOCK_STOP",".\_LOCAL_CUSTODY_N_RECEIPTS\ROOT_LOOSE_FILE_ROUTE_20260605_143357\MULE_ORDERS_PENDING_REVIEW\MULE_ORDER__RECOVERED_ITEM_RESTORE_DECISION_LEDGER__WITH_BYTE_ACCOUNTING__20260604.md","364","- why mutation remains blocked."
"BLOCK_STOP",".\_LOCAL_CUSTODY_N_RECEIPTS\ROOT_LOOSE_FILE_ROUTE_20260605_143357\MULE_ORDERS_PENDING_REVIEW\MULE_ORDER__RECOVERED_ITEM_RESTORE_DECISION_LEDGER__WITH_BYTE_ACCOUNTING__20260604.md","408","- `duplicate proven but deletion blocked`"
"BLOCK_STOP",".\_LOCAL_CUSTODY_N_RECEIPTS\ROOT_LOOSE_FILE_ROUTE_20260605_143357\MULE_ORDERS_PENDING_REVIEW\MULE_ORDER__RECOVERED_ITEM_RESTORE_DECISION_LEDGER__WITH_BYTE_ACCOUNTING__20260604.md","411","- `mutation blocked pending accounting`"
"BLOCK_STOP",".\_LOCAL_CUSTODY_N_RECEIPTS\ROOT_LOOSE_FILE_ROUTE_20260605_143357\MULE_ORDERS_PENDING_REVIEW\MULE_ORDER__RECOVERED_ITEM_RESTORE_DECISION_LEDGER__WITH_BYTE_ACCOUNTING__20260604.md","486","- whether mutation remains blocked."
"BLOCK_STOP",".\_LOCAL_CUSTODY_N_RECEIPTS\ROOT_LOOSE_FILE_ROUTE_20260605_143357\MULE_ORDERS_PENDING_REVIEW\MULE_ORDER__RECOVERED_ITEM_RESTORE_DECISION_LEDGER__WITH_BYTE_ACCOUNTING__20260604.md","514","- why mutation remains blocked."
"BLOCK_STOP",".\_LOCAL_CUSTODY_N_RECEIPTS\ROOT_LOOSE_FILE_ROUTE_20260605_143357\MULE_ORDERS_PENDING_REVIEW\MULE_ORDER__RECOVERED_ITEM_RESTORE_DECISION_LEDGER__WITH_BYTE_ACCOUNTING__20260604.md","528","- mutation status: blocked."
"BLOCK_STOP",".\_LOCAL_CUSTODY_N_RECEIPTS\ROOT_LOOSE_FILE_ROUTE_20260605_143357\MULE_ORDERS_PENDING_REVIEW\MULE_ORDER__RECOVERED_ITEM_RESTORE_DECISION_LEDGER__WITH_BYTE_ACCOUNTING__20260604.md","574","- cleanup remains blocked under `LOSSLESS_CUSTODY_ACCOUNTING_FAMILY`."
"BLOCK_STOP",".\_SOURCE_RESEARCH_NOTES\ROOT_TEXT_DROPS_20260603\CONSUMED_BY_REPO_SAVE\RAW_HELPER_STRESS_BENCH_DEEP_ADDENDUMS_COMPATIBILITY_GATES_AND_SELFTESTS_20260603.txt","9","`property-based testing` — define rules that should always hold, then generate lots of inputs to search for counterexamples. Hypothesis, for example, describes this as writing tests that should pass for all inputs in a d"
"BLOCK_STOP",".\_SOURCE_RESEARCH_NOTES\ROOT_TEXT_DROPS_20260603\CONSUMED_BY_REPO_SAVE\RAW_HELPER_STRESS_BENCH_DEEP_ADDENDUMS_COMPATIBILITY_GATES_AND_SELFTESTS_20260603.txt","139","`3. Save blocker/router lesson if not already saved.`"
"BLOCK_STOP",".\_SOURCE_RESEARCH_NOTES\ROOT_TEXT_DROPS_20260603\CONSUMED_BY_REPO_SAVE\RAW_HELPER_STRESS_BENCH_DEEP_ADDENDUMS_COMPATIBILITY_GATES_AND_SELFTESTS_20260603.txt","149","`8. Record every upset as blocker class or new weak spot.`"
"BLOCK_STOP",".\_SOURCE_RESEARCH_NOTES\ROOT_TEXT_DROPS_20260603\CONSUMED_BY_REPO_SAVE\RAW_HELPER_STRESS_BENCH_DEEP_ADDENDUMS_COMPATIBILITY_GATES_AND_SELFTESTS_20260603.txt","178","`Can I make this helper lie, overreach, skip, save wrong, pass early, miss a blocker, or touch the wrong layer?`"
"BLOCK_STOP",".\_SOURCE_RESEARCH_NOTES\ROOT_TEXT_DROPS_20260603\CONSUMED_BY_REPO_SAVE\RAW_HELPER_STRESS_BENCH_DEEP_ADDENDUMS_COMPATIBILITY_GATES_AND_SELFTESTS_20260603.txt","290","Property-based testing defines rules that should hold for broad classes of input; Hypothesis describes this as writing tests that should pass for all inputs in a described range, while the tool generates examples includi"
"BLOCK_STOP",".\_SOURCE_RESEARCH_NOTES\ROOT_TEXT_DROPS_20260603\CONSUMED_BY_REPO_SAVE\RAW_HELPER_STRESS_BENCH_DEEP_ADDENDUMS_COMPATIBILITY_GATES_AND_SELFTESTS_20260603.txt","306","`A helper must classify known blockers by name.`"
"BLOCK_STOP",".\_SOURCE_RESEARCH_NOTES\ROOT_TEXT_DROPS_20260603\CONSUMED_BY_REPO_SAVE\RAW_HELPER_STRESS_BENCH_DEEP_ADDENDUMS_COMPATIBILITY_GATES_AND_SELFTESTS_20260603.txt","308","`A helper must treat unknown blockers as STOP.`"
"BLOCK_STOP",".\_SOURCE_RESEARCH_NOTES\ROOT_TEXT_DROPS_20260603\CONSUMED_BY_REPO_SAVE\RAW_HELPER_STRESS_BENCH_DEEP_ADDENDUMS_COMPATIBILITY_GATES_AND_SELFTESTS_20260603.txt","326","`change BLOCKED to PASS_WITH_WATCH`"
"BLOCK_STOP",".\_SOURCE_RESEARCH_NOTES\ROOT_TEXT_DROPS_20260603\CONSUMED_BY_REPO_SAVE\RAW_HELPER_STRESS_BENCH_DEEP_ADDENDUMS_COMPATIBILITY_GATES_AND_SELFTESTS_20260603.txt","368","`same blocker appearing before vs after context section`"
"BLOCK_STOP",".\_SOURCE_RESEARCH_NOTES\ROOT_TEXT_DROPS_20260603\CONSUMED_BY_REPO_SAVE\RAW_HELPER_STRESS_BENCH_DEEP_ADDENDUMS_COMPATIBILITY_GATES_AND_SELFTESTS_20260603.txt","396","`same blocker class`"
"BLOCK_STOP",".\_SOURCE_RESEARCH_NOTES\ROOT_TEXT_DROPS_20260603\CONSUMED_BY_REPO_SAVE\RAW_HELPER_STRESS_BENCH_DEEP_ADDENDUMS_COMPATIBILITY_GATES_AND_SELFTESTS_20260603.txt","428","`known blocker class`"
"BLOCK_STOP",".\_SOURCE_RESEARCH_NOTES\ROOT_TEXT_DROPS_20260603\CONSUMED_BY_REPO_SAVE\RAW_HELPER_STRESS_BENCH_DEEP_ADDENDUMS_COMPATIBILITY_GATES_AND_SELFTESTS_20260603.txt","462","`multiple blockers at once`"
"BLOCK_STOP",".\_SOURCE_RESEARCH_NOTES\ROOT_TEXT_DROPS_20260603\CONSUMED_BY_REPO_SAVE\RAW_HELPER_STRESS_BENCH_DEEP_ADDENDUMS_COMPATIBILITY_GATES_AND_SELFTESTS_20260603.txt","472","`helper identifies highest-priority blocker and stops`"
"BLOCK_STOP",".\_SOURCE_RESEARCH_NOTES\ROOT_TEXT_DROPS_20260603\CONSUMED_BY_REPO_SAVE\RAW_HELPER_STRESS_BENCH_DEEP_ADDENDUMS_COMPATIBILITY_GATES_AND_SELFTESTS_20260603.txt","499","Expected blocker classes:"
"BLOCK_STOP",".\_SOURCE_RESEARCH_NOTES\ROOT_TEXT_DROPS_20260603\CONSUMED_BY_REPO_SAVE\RAW_HELPER_STRESS_BENCH_DEEP_ADDENDUMS_COMPATIBILITY_GATES_AND_SELFTESTS_20260603.txt","1279","`PASS_BLOCKED_EXPECTED` — helper blocked correctly."
"BLOCK_STOP",".\_SOURCE_RESEARCH_NOTES\ROOT_TEXT_DROPS_20260603\CONSUMED_BY_REPO_SAVE\RAW_HELPER_STRESS_BENCH_DEEP_ADDENDUMS_COMPATIBILITY_GATES_AND_SELFTESTS_20260603.txt","1289","`FAIL_UNCLASSIFIED_BLOCK` — helper blocked but did not classify."
"BLOCK_STOP",".\_SOURCE_RESEARCH_NOTES\ROOT_TEXT_DROPS_20260603\CONSUMED_BY_REPO_SAVE\RAW_HELPER_STRESS_BENCH_DEEP_ADDENDUMS_COMPATIBILITY_GATES_AND_SELFTESTS_20260603.txt","1299","`Every helper test needs a fake world, an injected fault, an expected blocker class, and a forbidden behavior list.`"
"BLOCK_STOP",".\_SOURCE_RESEARCH_NOTES\ROOT_TEXT_DROPS_20260603\CONSUMED_BY_REPO_SAVE\RAW_HELPER_STRESS_BENCH_DEEP_ADDENDUMS_COMPATIBILITY_GATES_AND_SELFTESTS_20260603.txt","1356","Helper hit the injected fault and blocked correctly."
"BLOCK_STOP",".\_SOURCE_RESEARCH_NOTES\ROOT_TEXT_DROPS_20260603\CONSUMED_BY_REPO_SAVE\RAW_HELPER_STRESS_BENCH_DEEP_ADDENDUMS_COMPATIBILITY_GATES_AND_SELFTESTS_20260603.txt","1372","Helper claimed PASS without proof, without sentinel, with missing evidence, or after an injected blocker."
"BLOCK_STOP",".\_SOURCE_RESEARCH_NOTES\ROOT_TEXT_DROPS_20260603\CONSUMED_BY_REPO_SAVE\RAW_HELPER_STRESS_BENCH_DEEP_ADDENDUMS_COMPATIBILITY_GATES_AND_SELFTESTS_20260603.txt","1420","Helper blocked, but did not name the blocker class."
"BLOCK_STOP",".\_SOURCE_RESEARCH_NOTES\ROOT_TEXT_DROPS_20260603\CONSUMED_BY_REPO_SAVE\RAW_HELPER_STRESS_BENCH_DEEP_ADDENDUMS_COMPATIBILITY_GATES_AND_SELFTESTS_20260603.txt","1621","That exact kind of thing happened in our blocker chain: once the ignored file was indexed, the authority shifted from `check-ignore` to staged-set proof. The test bench must know that state transition."
"BLOCK_STOP",".\_SOURCE_RESEARCH_NOTES\ROOT_TEXT_DROPS_20260603\CONSUMED_BY_REPO_SAVE\RAW_HELPER_STRESS_BENCH_DEEP_ADDENDUMS_COMPATIBILITY_GATES_AND_SELFTESTS_20260603.txt","1969","Can it choose the highest-priority blocker when multiple faults exist?"
"BLOCK_STOP",".\_SOURCE_RESEARCH_NOTES\ROOT_TEXT_DROPS_20260603\CONSUMED_BY_REPO_SAVE\RAW_HELPER_STRESS_BENCH_DEEP_ADDENDUMS_COMPATIBILITY_GATES_AND_SELFTESTS_20260603.txt","2005","Expected blocker classes:"
"BLOCK_STOP",".\_SOURCE_RESEARCH_NOTES\ROOT_TEXT_DROPS_20260603\CONSUMED_BY_REPO_SAVE\RAW_HELPER_STRESS_BENCH_DEEP_ADDENDUMS_COMPATIBILITY_GATES_AND_SELFTESTS_20260603.txt","2154","Expected blocker:"
"BLOCK_STOP",".\_SOURCE_RESEARCH_NOTES\ROOT_TEXT_DROPS_20260603\CONSUMED_BY_REPO_SAVE\RAW_HELPER_STRESS_BENCH_DEEP_ADDENDUMS_COMPATIBILITY_GATES_AND_SELFTESTS_20260603.txt","2178","Expected blocker:"
"BLOCK_STOP",".\_SOURCE_RESEARCH_NOTES\ROOT_TEXT_DROPS_20260603\CONSUMED_BY_REPO_SAVE\RAW_HELPER_STRESS_BENCH_DEEP_ADDENDUMS_COMPATIBILITY_GATES_AND_SELFTESTS_20260603.txt","2202","Expected blocker:"
"BLOCK_STOP",".\_SOURCE_RESEARCH_NOTES\ROOT_TEXT_DROPS_20260603\CONSUMED_BY_REPO_SAVE\RAW_HELPER_STRESS_BENCH_DEEP_ADDENDUMS_COMPATIBILITY_GATES_AND_SELFTESTS_20260603.txt","2226","Expected blocker:"
"BLOCK_STOP",".\_SOURCE_RESEARCH_NOTES\ROOT_TEXT_DROPS_20260603\CONSUMED_BY_REPO_SAVE\RAW_HELPER_STRESS_BENCH_DEEP_ADDENDUMS_COMPATIBILITY_GATES_AND_SELFTESTS_20260603.txt","2250","Expected blocker:"
"BLOCK_STOP",".\_SOURCE_RESEARCH_NOTES\ROOT_TEXT_DROPS_20260603\CONSUMED_BY_REPO_SAVE\RAW_HELPER_STRESS_BENCH_DEEP_ADDENDUMS_COMPATIBILITY_GATES_AND_SELFTESTS_20260603.txt","2272","Expected blocker:"
"BLOCK_STOP",".\_SOURCE_RESEARCH_NOTES\ROOT_TEXT_DROPS_20260603\CONSUMED_BY_REPO_SAVE\RAW_HELPER_STRESS_BENCH_DEEP_ADDENDUMS_COMPATIBILITY_GATES_AND_SELFTESTS_20260603.txt","2296","Expected blocker:"
"BLOCK_STOP",".\_SOURCE_RESEARCH_NOTES\ROOT_TEXT_DROPS_20260603\CONSUMED_BY_REPO_SAVE\RAW_HELPER_STRESS_BENCH_DEEP_ADDENDUMS_COMPATIBILITY_GATES_AND_SELFTESTS_20260603.txt","2316","Expected blocker if trusted:"
"BLOCK_STOP",".\_SOURCE_RESEARCH_NOTES\ROOT_TEXT_DROPS_20260603\CONSUMED_BY_REPO_SAVE\RAW_HELPER_STRESS_BENCH_DEEP_ADDENDUMS_COMPATIBILITY_GATES_AND_SELFTESTS_20260603.txt","2334","Expected blocker:"
"BLOCK_STOP",".\_SOURCE_RESEARCH_NOTES\ROOT_TEXT_DROPS_20260603\CONSUMED_BY_REPO_SAVE\RAW_HELPER_STRESS_BENCH_DEEP_ADDENDUMS_COMPATIBILITY_GATES_AND_SELFTESTS_20260603.txt","2358","Expected blocker:"
"BLOCK_STOP",".\_SOURCE_RESEARCH_NOTES\ROOT_TEXT_DROPS_20260603\CONSUMED_BY_REPO_SAVE\RAW_HELPER_STRESS_BENCH_DEEP_ADDENDUMS_COMPATIBILITY_GATES_AND_SELFTESTS_20260603.txt","2396","because the helper correctly refused to save and routed the blocker."
"BLOCK_STOP",".\_SOURCE_RESEARCH_NOTES\ROOT_TEXT_DROPS_20260603\CONSUMED_BY_REPO_SAVE\RAW_HELPER_STRESS_BENCH_DEEP_ADDENDUMS_COMPATIBILITY_GATES_AND_SELFTESTS_20260603.txt","2410","`No unclassified blocker`"
"BLOCK_STOP",".\_SOURCE_RESEARCH_NOTES\ROOT_TEXT_DROPS_20260603\CONSUMED_BY_REPO_SAVE\RAW_HELPER_STRESS_BENCH_DEEP_ADDENDUMS_COMPATIBILITY_GATES_AND_SELFTESTS_20260603.txt","2689","But in blocker fixtures:"
"BLOCK_STOP",".\_SOURCE_RESEARCH_NOTES\ROOT_TEXT_DROPS_20260603\CONSUMED_BY_REPO_SAVE\RAW_HELPER_STRESS_BENCH_DEEP_ADDENDUMS_COMPATIBILITY_GATES_AND_SELFTESTS_20260603.txt","2697","`BLOCKED`"
"BLOCK_STOP",".\_SOURCE_RESEARCH_NOTES\ROOT_TEXT_DROPS_20260603\CONSUMED_BY_REPO_SAVE\RAW_HELPER_STRESS_BENCH_DEEP_ADDENDUMS_COMPATIBILITY_GATES_AND_SELFTESTS_20260603.txt","2703","So every blocked fixture must also prove:"
"BLOCK_STOP",".\_SOURCE_RESEARCH_NOTES\ROOT_TEXT_DROPS_20260603\CONSUMED_BY_REPO_SAVE\RAW_HELPER_STRESS_BENCH_DEEP_ADDENDUMS_COMPATIBILITY_GATES_AND_SELFTESTS_20260603.txt","2707","For blocked tests, close condition:"
"BLOCK_STOP",".\_SOURCE_RESEARCH_NOTES\ROOT_TEXT_DROPS_20260603\CONSUMED_BY_REPO_SAVE\RAW_HELPER_STRESS_BENCH_DEEP_ADDENDUMS_COMPATIBILITY_GATES_AND_SELFTESTS_20260603.txt","2709","`blocked with expected class`"
"BLOCK_STOP",".\_SOURCE_RESEARCH_NOTES\ROOT_TEXT_DROPS_20260603\CONSUMED_BY_REPO_SAVE\RAW_HELPER_STRESS_BENCH_DEEP_ADDENDUMS_COMPATIBILITY_GATES_AND_SELFTESTS_20260603.txt","2777","It should not invent new blocker classes during a run. It can say:"
"BLOCK_STOP",".\_SOURCE_RESEARCH_NOTES\ROOT_TEXT_DROPS_20260603\CONSUMED_BY_REPO_SAVE\RAW_HELPER_STRESS_BENCH_DEEP_ADDENDUMS_COMPATIBILITY_GATES_AND_SELFTESTS_20260603.txt","2783","New blocker classes should be added after review, not mid-run by the runner."
"BLOCK_STOP",".\_SOURCE_RESEARCH_NOTES\ROOT_TEXT_DROPS_20260603\CONSUMED_BY_REPO_SAVE\RAW_HELPER_STRESS_BENCH_DEEP_ADDENDUMS_COMPATIBILITY_GATES_AND_SELFTESTS_20260603.txt","2859","`blocked path`"
"BLOCK_STOP",".\_SOURCE_RESEARCH_NOTES\ROOT_TEXT_DROPS_20260603\CONSUMED_BY_REPO_SAVE\RAW_HELPER_STRESS_BENCH_DEEP_ADDENDUMS_COMPATIBILITY_GATES_AND_SELFTESTS_20260603.txt","2887","`fixture has expected blocker class`"
"BLOCK_STOP",".\_SOURCE_RESEARCH_NOTES\ROOT_TEXT_DROPS_20260603\CONSUMED_BY_REPO_SAVE\RAW_HELPER_STRESS_BENCH_DEEP_ADDENDUMS_COMPATIBILITY_GATES_AND_SELFTESTS_20260603.txt","2935","Required simple blockers:"
"BLOCK_STOP",".\_SOURCE_RESEARCH_NOTES\ROOT_TEXT_DROPS_20260603\CONSUMED_BY_REPO_SAVE\RAW_HELPER_STRESS_BENCH_DEEP_ADDENDUMS_COMPATIBILITY_GATES_AND_SELFTESTS_20260603.txt","2977","`downgrade BLOCKED to WATCH`"
"BLOCK_STOP",".\_SOURCE_RESEARCH_NOTES\ROOT_TEXT_DROPS_20260603\CONSUMED_BY_REPO_SAVE\RAW_HELPER_STRESS_BENCH_DEEP_ADDENDUMS_COMPATIBILITY_GATES_AND_SELFTESTS_20260603.txt","3061","`same blocker before/after context`"
"BLOCK_STOP",".\_SOURCE_RESEARCH_NOTES\ROOT_TEXT_DROPS_20260603\CONSUMED_BY_REPO_SAVE\RAW_HELPER_STRESS_BENCH_DEEP_ADDENDUMS_COMPATIBILITY_GATES_AND_SELFTESTS_20260603.txt","3093","`old router vs new blocker grammar router`"
"BLOCK_STOP",".\_SOURCE_RESEARCH_NOTES\ROOT_TEXT_DROPS_20260603\CONSUMED_BY_REPO_SAVE\RAW_HELPER_STRESS_BENCH_DEEP_ADDENDUMS_COMPATIBILITY_GATES_AND_SELFTESTS_20260603.txt","3117","`new blocker class needed`"
"BLOCK_STOP",".\_SOURCE_RESEARCH_NOTES\ROOT_TEXT_DROPS_20260603\CONSUMED_BY_REPO_SAVE\RAW_HELPER_STRESS_BENCH_DEEP_ADDENDUMS_COMPATIBILITY_GATES_AND_SELFTESTS_20260603.txt","3139","`helper identifies highest-priority blocker`"
"BLOCK_STOP",".\_SOURCE_RESEARCH_NOTES\ROOT_TEXT_DROPS_20260603\CONSUMED_BY_REPO_SAVE\RAW_HELPER_STRESS_BENCH_DEEP_ADDENDUMS_COMPATIBILITY_GATES_AND_SELFTESTS_20260603.txt","3215","No chaos until single-fault blockers are clean."
"BLOCK_STOP",".\_SOURCE_RESEARCH_NOTES\ROOT_TEXT_DROPS_20260603\CONSUMED_BY_REPO_SAVE\RAW_HELPER_STRESS_BENCH_DEEP_ADDENDUMS_COMPATIBILITY_GATES_AND_SELFTESTS_20260603.txt","3407","Known simple bad cases blocked correctly."
"BLOCK_STOP",".\_SOURCE_RESEARCH_NOTES\ROOT_TEXT_DROPS_20260603\CONSUMED_BY_REPO_SAVE\RAW_HELPER_STRESS_BENCH_DEEP_ADDENDUMS_COMPATIBILITY_GATES_AND_SELFTESTS_20260603.txt","3477","Helper changed, rules changed, Git behavior changed, folder layout changed, or a new blocker family appeared."
"BLOCK_STOP",".\_SOURCE_RESEARCH_NOTES\ROOT_TEXT_DROPS_20260603\CONSUMED_BY_REPO_SAVE\RAW_HELPER_STRESS_BENCH_DEEP_ADDENDUMS_COMPATIBILITY_GATES_AND_SELFTESTS_20260603.txt","3493","`blocker grammar changed`"
"BLOCK_STOP",".\_SOURCE_RESEARCH_NOTES\ROOT_TEXT_DROPS_20260603\CONSUMED_BY_REPO_SAVE\RAW_HELPER_STRESS_BENCH_DEEP_ADDENDUMS_COMPATIBILITY_GATES_AND_SELFTESTS_20260603.txt","3587","`blocked helper`"
"BLOCK_STOP",".\_SOURCE_RESEARCH_NOTES\ROOT_TEXT_DROPS_20260603\CONSUMED_BY_REPO_SAVE\RAW_HELPER_STRESS_BENCH_DEEP_ADDENDUMS_COMPATIBILITY_GATES_AND_SELFTESTS_20260603.txt","3829","`BLOCKED`"
"BLOCK_STOP",".\_SOURCE_RESEARCH_NOTES\ROOT_TEXT_DROPS_20260603\CONSUMED_BY_REPO_SAVE\RAW_HELPER_STRESS_BENCH_DEEP_ADDENDUMS_COMPATIBILITY_GATES_AND_SELFTESTS_20260603.txt","4330","If any of these appear in the helper stress bench packet, mark them as blockers or removal/repair candidates:"
"BLOCK_STOP",".\_SOURCE_RESEARCH_NOTES\ROOT_TEXT_DROPS_20260603\CONSUMED_BY_REPO_SAVE\RAW_HELPER_STRESS_BENCH_DEEP_ADDENDUMS_COMPATIBILITY_GATES_AND_SELFTESTS_20260603.txt","4434","`blocker grammar`"
"BLOCK_STOP",".\_SOURCE_RESEARCH_NOTES\ROOT_TEXT_DROPS_20260603\CONSUMED_BY_REPO_SAVE\RAW_HELPER_STRESS_BENCH_DEEP_ADDENDUMS_COMPATIBILITY_GATES_AND_SELFTESTS_20260603.txt","4476","If a new rule changes the meaning of helper trust, fixture expectations, verdict vocabulary, blocker classes, or save authority, old rows become `RETEST_REQUIRED`."
"BLOCK_STOP",".\_SOURCE_RESEARCH_NOTES\ROOT_TEXT_DROPS_20260603\CONSUMED_BY_REPO_SAVE\RAW_HELPER_STRESS_BENCH_DEEP_ADDENDUMS_COMPATIBILITY_GATES_AND_SELFTESTS_20260603.txt","4533","Demand proof: source, rationale, affected rules, affected tests, expected blockers, forbidden behaviors, final sentinel requirements."
"BLOCK_STOP",".\_SOURCE_RESEARCH_NOTES\ROOT_TEXT_DROPS_20260603\CONSUMED_BY_REPO_SAVE\RAW_HELPER_STRESS_BENCH_DEEP_ADDENDUMS_COMPATIBILITY_GATES_AND_SELFTESTS_20260603.txt","4581","A batch uses a new word for existing blocker class without mapping."
"BLOCK_STOP",".\_SOURCE_RESEARCH_NOTES\ROOT_TEXT_DROPS_20260603\CONSUMED_BY_REPO_SAVE\RAW_HELPER_STRESS_BENCH_DEEP_ADDENDUMS_COMPATIBILITY_GATES_AND_SELFTESTS_20260603.txt","4603","Blocker Grammar | yes/no | weaken/duplicate/conflict/none | 1-5 | retest/update/block"
"BLOCK_STOP",".\_SOURCE_RESEARCH_NOTES\ROOT_TEXT_DROPS_20260603\CONSUMED_BY_REPO_SAVE\RAW_HELPER_STRESS_BENCH_DEEP_ADDENDUMS_COMPATIBILITY_GATES_AND_SELFTESTS_20260603.txt","4749","`wrong expected blocker`"
"BLOCK_STOP",".\_SOURCE_RESEARCH_NOTES\ROOT_TEXT_DROPS_20260603\CONSUMED_BY_REPO_SAVE\RAW_HELPER_STRESS_BENCH_DEEP_ADDENDUMS_COMPATIBILITY_GATES_AND_SELFTESTS_20260603.txt","4862","`Single fault tests prove blocker recognition.`"
"BLOCK_STOP",".\_SOURCE_RESEARCH_NOTES\ROOT_TEXT_DROPS_20260603\CONSUMED_BY_REPO_SAVE\RAW_HELPER_STRESS_BENCH_DEEP_ADDENDUMS_COMPATIBILITY_GATES_AND_SELFTESTS_20260603.txt","4952","Expected blocker class is known."
"BLOCK_STOP",".\_SOURCE_RESEARCH_NOTES\ROOT_TEXT_DROPS_20260603\CONSUMED_BY_REPO_SAVE\RAW_HELPER_STRESS_BENCH_DEEP_ADDENDUMS_COMPATIBILITY_GATES_AND_SELFTESTS_20260603.txt","4956","Exact output may vary, but relation must hold."
"BLOCK_STOP",".\_SOURCE_RESEARCH_NOTES\ROOT_TEXT_DROPS_20260603\CONSUMED_BY_REPO_SAVE\RAW_HELPER_STRESS_BENCH_DEEP_ADDENDUMS_COMPATIBILITY_GATES_AND_SELFTESTS_20260603.txt","5060","Does fixture have expected blocker class?"
"BLOCK_STOP",".\_SOURCE_RESEARCH_NOTES\ROOT_TEXT_DROPS_20260603\CONSUMED_BY_REPO_SAVE\RAW_HELPER_STRESS_BENCH_DEEP_ADDENDUMS_COMPATIBILITY_GATES_AND_SELFTESTS_20260603.txt","5083","No expected blocker."
"BLOCK_STOP",".\_SOURCE_RESEARCH_NOTES\ROOT_TEXT_DROPS_20260603\CONSUMED_BY_REPO_SAVE\RAW_HELPER_STRESS_BENCH_DEEP_ADDENDUMS_COMPATIBILITY_GATES_AND_SELFTESTS_20260603.txt","5114","Can we remove one blocker and still fail?"
"BLOCK_STOP",".\_SOURCE_RESEARCH_NOTES\ROOT_TEXT_DROPS_20260603\CONSUMED_BY_REPO_SAVE\RAW_HELPER_STRESS_BENCH_DEEP_ADDENDUMS_COMPATIBILITY_GATES_AND_SELFTESTS_20260603.txt","5318","- fixture with no expected blocker"
"BLOCK_STOP",".\_SOURCE_RESEARCH_NOTES\ROOT_TEXT_DROPS_20260603\CONSUMED_BY_REPO_SAVE\nextmove.txt","492","But do not let math override rules. A file with `ACTIVE_GUIDES` in its name and unknown source may score high on identity but still be authority-risk blocked."
"BLOCK_STOP",".\_SOURCE_RESEARCH_NOTES\ROOT_TEXT_DROPS_20260603\CONSUMED_BY_REPO_SAVE\nextmove.txt","575","`BLOCKED`"
"BLOCK_STOP",".\_SOURCE_RESEARCH_NOTES\ROOT_TEXT_DROPS_20260603\CONSUMED_BY_REPO_SAVE\nextmove.txt","593","blocked powers"
"BLOCK_STOP",".\_SOURCE_RESEARCH_NOTES\ROOT_TEXT_DROPS_20260603\CONSUMED_BY_REPO_SAVE\nextmove.txt","1238","These are blocked:"
"BLOCK_STOP",".\_SOURCE_RESEARCH_NOTES\ROOT_TEXT_DROPS_20260603\CONSUMED_BY_REPO_SAVE\nextmove.txt","1748","`blocked scope`"
"BLOCK_STOP",".\_SOURCE_RESEARCH_NOTES\ROOT_TEXT_DROPS_20260603\CONSUMED_BY_REPO_SAVE\nextmove.txt","2275","This does not mean blocked forever. It means:"
"BLOCK_STOP",".\_SOURCE_RESEARCH_NOTES\ROOT_TEXT_DROPS_20260603\CONSUMED_BY_REPO_SAVE\nextmove.txt","3068","Complete, partial, missing context, conflict, unknown, blocked."
"BLOCK_STOP",".\_SOURCE_RESEARCH_NOTES\ROOT_TEXT_DROPS_20260603\CONSUMED_BY_REPO_SAVE\nextmove.txt","3499","official-looking but blocked"
"BLOCK_STOP",".\_SOURCE_RESEARCH_NOTES\ROOT_TEXT_DROPS_20260603\CONSUMED_BY_REPO_SAVE\nextmove.txt","3520","Blocked:"
"BLOCK_STOP",".\_SOURCE_RESEARCH_NOTES\ROOT_TEXT_DROPS_20260603\CONSUMED_BY_REPO_SAVE\nextmove.txt","3544","Blocked:"
"BLOCK_STOP",".\_SOURCE_RESEARCH_NOTES\ROOT_TEXT_DROPS_20260603\CONSUMED_BY_REPO_SAVE\nextmove.txt","3566","Blocked:"
"BLOCK_STOP",".\_SOURCE_RESEARCH_NOTES\ROOT_TEXT_DROPS_20260603\CONSUMED_BY_REPO_SAVE\nextmove.txt","3588","Blocked:"
"BLOCK_STOP",".\_SOURCE_RESEARCH_NOTES\ROOT_TEXT_DROPS_20260603\CONSUMED_BY_REPO_SAVE\nextmove.txt","3609","Blocked:"
"BLOCK_STOP",".\_SOURCE_RESEARCH_NOTES\ROOT_TEXT_DROPS_20260603\CONSUMED_BY_REPO_SAVE\nextmove.txt","3629","Blocked:"
"BLOCK_STOP",".\_SOURCE_RESEARCH_NOTES\ROOT_TEXT_DROPS_20260603\CONSUMED_BY_REPO_SAVE\nextmove.txt","3649","Blocked:"
"BLOCK_STOP",".\_SOURCE_RESEARCH_NOTES\ROOT_TEXT_DROPS_20260603\CONSUMED_BY_REPO_SAVE\nextmove.txt","3669","Blocked:"
"BLOCK_STOP",".\_SOURCE_RESEARCH_NOTES\ROOT_TEXT_DROPS_20260603\CONSUMED_BY_REPO_SAVE\nextmove.txt","3688","Blocked:"
"BLOCK_STOP",".\_SOURCE_RESEARCH_NOTES\ROOT_TEXT_DROPS_20260603\CONSUMED_BY_REPO_SAVE\nextmove.txt","3707","Blocked:"
"BLOCK_STOP",".\_SOURCE_RESEARCH_NOTES\ROOT_TEXT_DROPS_20260603\CONSUMED_BY_REPO_SAVE\nextmove.txt","3726","Blocked unless:"
"BLOCK_STOP",".\_SOURCE_RESEARCH_NOTES\ROOT_TEXT_DROPS_20260603\CONSUMED_BY_REPO_SAVE\nextmove.txt","3742","review in blocked lane"
"BLOCK_STOP",".\_SOURCE_RESEARCH_NOTES\ROOT_TEXT_DROPS_20260603\CONSUMED_BY_REPO_SAVE\nextmove.txt","3745","Blocked:"
"BLOCK_STOP",".\_SOURCE_RESEARCH_NOTES\ROOT_TEXT_DROPS_20260603\CONSUMED_BY_REPO_SAVE\nextmove.txt","3998","These route to conflict or blocked review."
"BLOCK_STOP",".\_SOURCE_RESEARCH_NOTES\ROOT_TEXT_DROPS_20260603\CONSUMED_BY_REPO_SAVE\nextmove.txt","4192","Blocked:"
"BLOCK_STOP",".\_SOURCE_RESEARCH_NOTES\ROOT_TEXT_DROPS_20260603\CONSUMED_BY_REPO_SAVE\nextmove.txt","4216","Blocked:"
"BLOCK_STOP",".\_SOURCE_RESEARCH_NOTES\ROOT_TEXT_DROPS_20260603\CONSUMED_BY_REPO_SAVE\nextmove.txt","4240","Blocked:"
"BLOCK_STOP",".\_SOURCE_RESEARCH_NOTES\ROOT_TEXT_DROPS_20260603\CONSUMED_BY_REPO_SAVE\nextmove.txt","4273","Blocked:"
"BLOCK_STOP",".\_SOURCE_RESEARCH_NOTES\ROOT_TEXT_DROPS_20260603\CONSUMED_BY_REPO_SAVE\nextmove.txt","4328","blocked review or manual delete later, but no run"
"BLOCK_STOP",".\_SOURCE_RESEARCH_NOTES\ROOT_TEXT_DROPS_20260603\CONSUMED_BY_REPO_SAVE\nextmove.txt","4451","safety blockers"
"BLOCK_STOP",".\_SOURCE_RESEARCH_NOTES\ROOT_TEXT_DROPS_20260603\CONSUMED_BY_REPO_SAVE\nextmove.txt","4723","blocked until schema/path/write receipt confirmed"
"BLOCK_STOP",".\_SOURCE_RESEARCH_NOTES\ROOT_TEXT_DROPS_20260603\CONSUMED_BY_REPO_SAVE\nextmove.txt","5258","blocked powers"
"BLOCK_STOP",".\_SOURCE_RESEARCH_NOTES\ROOT_TEXT_DROPS_20260603\CONSUMED_BY_REPO_SAVE\nextmove.txt","5279","known blockers"
"BLOCK_STOP",".\_SOURCE_RESEARCH_NOTES\ROOT_TEXT_DROPS_20260603\CONSUMED_BY_REPO_SAVE\nextmove.txt","5458","Blocked:"
"BLOCK_STOP",".\_SOURCE_RESEARCH_NOTES\ROOT_TEXT_DROPS_20260603\CONSUMED_BY_REPO_SAVE\nextmove.txt","5783","Blocked:"
"BLOCK_STOP",".\_SOURCE_RESEARCH_NOTES\ROOT_TEXT_DROPS_20260603\CONSUMED_BY_REPO_SAVE\nextmove.txt","5803","Blocked:"
"BLOCK_STOP",".\_SOURCE_RESEARCH_NOTES\ROOT_TEXT_DROPS_20260603\CONSUMED_BY_REPO_SAVE\nextmove.txt","5877","Blocked:"
"BLOCK_STOP",".\_SOURCE_RESEARCH_NOTES\ROOT_TEXT_DROPS_20260603\CONSUMED_BY_REPO_SAVE\nextmove.txt","5903","blocked/conflict."
"BLOCK_STOP",".\_SOURCE_RESEARCH_NOTES\ROOT_TEXT_DROPS_20260603\CONSUMED_BY_REPO_SAVE\nextmove.txt","6384","A file can have good provenance and still be blocked."
"BLOCK_STOP",".\_SOURCE_RESEARCH_NOTES\ROOT_TEXT_DROPS_20260603\CONSUMED_BY_REPO_SAVE\nextmove.txt","6642","If this appears, mule/web/export routes must be blocked until reviewed."
"BLOCK_STOP",".\_SOURCE_RESEARCH_NOTES\ROOT_TEXT_DROPS_20260603\CONSUMED_BY_REPO_SAVE\nextmove.txt","6974","Blocked:"
"BLOCK_STOP",".\_SOURCE_RESEARCH_NOTES\ROOT_TEXT_DROPS_20260603\CONSUMED_BY_REPO_SAVE\nextmove.txt","7020","Blocked:"
"BLOCK_STOP",".\_SOURCE_RESEARCH_NOTES\ROOT_TEXT_DROPS_20260603\CONSUMED_BY_REPO_SAVE\nextmove.txt","7065","hold object until context appears"
"BLOCK_STOP",".\_SOURCE_RESEARCH_NOTES\ROOT_TEXT_DROPS_20260603\CONSUMED_BY_REPO_SAVE\nextmove.txt","7067","Blocked:"
"BLOCK_STOP",".\_SOURCE_RESEARCH_NOTES\ROOT_TEXT_DROPS_20260603\CONSUMED_BY_REPO_SAVE\nextmove.txt","7116","Blocked:"
"BLOCK_STOP",".\_SOURCE_RESEARCH_NOTES\ROOT_TEXT_DROPS_20260603\CONSUMED_BY_REPO_SAVE\nextmove.txt","7137","clean route, historical archive, blocked unsafe, mule review, or repair lane."
"BLOCK_STOP",".\_SOURCE_RESEARCH_NOTES\ROOT_TEXT_DROPS_20260603\CONSUMED_BY_REPO_SAVE\nextmove.txt","7147","This is not trash. It is a controlled blocked lane."
"BLOCK_STOP",".\_SOURCE_RESEARCH_NOTES\ROOT_TEXT_DROPS_20260603\CONSUMED_BY_REPO_SAVE\nextmove.txt","7167","Blocked:"
"BLOCK_STOP",".\_SOURCE_RESEARCH_NOTES\ROOT_TEXT_DROPS_20260603\CONSUMED_BY_REPO_SAVE\nextmove.txt","7214","Blocked:"
"BLOCK_STOP",".\_SOURCE_RESEARCH_NOTES\ROOT_TEXT_DROPS_20260603\CONSUMED_BY_REPO_SAVE\nextmove.txt","7261","Blocked:"
"BLOCK_STOP",".\_SOURCE_RESEARCH_NOTES\ROOT_TEXT_DROPS_20260603\CONSUMED_BY_REPO_SAVE\nextmove.txt","7308","Blocked:"
"BLOCK_STOP",".\_SOURCE_RESEARCH_NOTES\ROOT_TEXT_DROPS_20260603\CONSUMED_BY_REPO_SAVE\nextmove.txt","7354","Blocked:"
"BLOCK_STOP",".\_SOURCE_RESEARCH_NOTES\ROOT_TEXT_DROPS_20260603\CONSUMED_BY_REPO_SAVE\nextmove.txt","7633","blocked powers"
"BLOCK_STOP",".\_SOURCE_RESEARCH_NOTES\ROOT_TEXT_DROPS_20260603\CONSUMED_BY_REPO_SAVE\nextmove.txt","7693","Low confidence. Conflict, missing context, or blocked depending on risk."
"BLOCK_STOP",".\_SOURCE_RESEARCH_NOTES\ROOT_TEXT_DROPS_20260603\CONSUMED_BY_REPO_SAVE\nextmove.txt","7724","Route is still blocked."
"BLOCK_STOP",".\_SOURCE_RESEARCH_NOTES\ROOT_TEXT_DROPS_20260603\CONSUMED_BY_REPO_SAVE\nextmove.txt","7917","blocked scope"
"BLOCK_STOP",".\_SOURCE_RESEARCH_NOTES\ROOT_TEXT_DROPS_20260603\CONSUMED_BY_REPO_SAVE\nextmove.txt","8113","It produces a **recommended next route** with reasons, confidence, blocked actions, and required proof."
"BLOCK_STOP",".\_SOURCE_RESEARCH_NOTES\ROOT_TEXT_DROPS_20260603\CONSUMED_BY_REPO_SAVE\nextmove.txt","8463","Blocked:"
"BLOCK_STOP",".\_SOURCE_RESEARCH_NOTES\ROOT_TEXT_DROPS_20260603\CONSUMED_BY_REPO_SAVE\nextmove.txt","8486","Blocked:"
"BLOCK_STOP",".\_SOURCE_RESEARCH_NOTES\ROOT_TEXT_DROPS_20260603\CONSUMED_BY_REPO_SAVE\nextmove.txt","8508","Blocked:"
"BLOCK_STOP",".\_SOURCE_RESEARCH_NOTES\ROOT_TEXT_DROPS_20260603\CONSUMED_BY_REPO_SAVE\nextmove.txt","8620","`based on current evidence, this is the next recommended route and these actions are blocked or allowed`"
"BLOCK_STOP",".\_SOURCE_RESEARCH_NOTES\ROOT_TEXT_DROPS_20260603\CONSUMED_BY_REPO_SAVE\nextmove.txt","8954","Blocked:"
"BLOCK_STOP",".\_SOURCE_RESEARCH_NOTES\ROOT_TEXT_DROPS_20260603\CONSUMED_BY_REPO_SAVE\nextmove.txt","9005","Blocked:"
"BLOCK_STOP",".\_SOURCE_RESEARCH_NOTES\ROOT_TEXT_DROPS_20260603\CONSUMED_BY_REPO_SAVE\nextmove.txt","9162","Even “blocked placement” should get a blocked-placement card."
"BLOCK_STOP",".\_SOURCE_RESEARCH_NOTES\ROOT_TEXT_DROPS_20260603\CONSUMED_BY_REPO_SAVE\nextmove.txt","9229","### Blocked placement card"
"BLOCK_STOP",".\_SOURCE_RESEARCH_NOTES\ROOT_TEXT_DROPS_20260603\CONSUMED_BY_REPO_SAVE\nextmove.txt","9231","Use when placement was attempted or considered but blocked."
"BLOCK_STOP",".\_SOURCE_RESEARCH_NOTES\ROOT_TEXT_DROPS_20260603\CONSUMED_BY_REPO_SAVE\nextmove.txt","9235","why blocked"
"BLOCK_STOP",".\_SOURCE_RESEARCH_NOTES\ROOT_TEXT_DROPS_20260603\CONSUMED_BY_REPO_SAVE\nextmove.txt","9284","Allowed/blocked/no-action."
"BLOCK_STOP",".\_SOURCE_RESEARCH_NOTES\ROOT_TEXT_DROPS_20260603\CONSUMED_BY_REPO_SAVE\nextmove.txt","9308","Target absent, same hash, or blocked."
"BLOCK_STOP",".\_SOURCE_RESEARCH_NOTES\ROOT_TEXT_DROPS_20260603\CONSUMED_BY_REPO_SAVE\nextmove.txt","9370","## Receipt example: blocked placement"
"BLOCK_STOP",".\_SOURCE_RESEARCH_NOTES\ROOT_TEXT_DROPS_20260603\CONSUMED_BY_REPO_SAVE\nextmove.txt","9378","  ""placement_method"": ""BLOCKED"","
"BLOCK_STOP",".\_SOURCE_RESEARCH_NOTES\ROOT_TEXT_DROPS_20260603\CONSUMED_BY_REPO_SAVE\nextmove.txt","9392","  ""does_not_prove"": ""Blocked placement does not prove the file is useless."","
"BLOCK_STOP",".\_SOURCE_RESEARCH_NOTES\ROOT_TEXT_DROPS_20260603\CONSUMED_BY_REPO_SAVE\nextmove.txt","9605","`Placement method must be explicit: copy, move, write, accept-in-place, no-action, or blocked.`"
"PROOF_GAP",".\_CHAT_DROPS\ROOT_CLEANOUT_DROP_COPY_20260530_200513\CHAT_DROP_COPY__CHAT_HOUSE_RULES_COCKPIT_CARD_APPLIED_20260522.md","528","- unverified README/file claim;"
"PROOF_GAP",".\_CHAT_DROPS\ROOT_CLEANOUT_DROP_COPY_20260530_200513\CHAT_DROP_COPY__CHAT_HOUSE_RULES_COCKPIT_CARD_APPLIED_20260522 - Copy.md","528","- unverified README/file claim;"
"PROOF_GAP",".\_CHAT_DROPS\MULE_HANDOFFS_20260531\MULE_HANDOFF_HOUSE_DOCK_CONTROL_ROOM_SEED_BUILD_20260531.md","172","- DoesNotProve;"
"PROOF_GAP",".\_CHAT_DROPS\MULE_HANDOFFS_20260531\mule.txt","46","- DoesNotProve"
"PROOF_GAP",".\_CHAT_DROPS\CHAT_DROP_COPY__CHAT_HOUSE_RULES_COCKPIT_CARD_APPLIED_20260522.md","528","- unverified README/file claim;"
"PROOF_GAP",".\HOUSE_WORK\TOOL_ROOM\RUNNER_HARNESS_V1_1\RUNNER_HARNESS_V1_1_RULE.md","26","DoesNotProve:"
"PROOF_GAP",".\HOUSE_WORK\PROJECT_COMMAND_CENTER_UI_LANE\ROOT_INTAKE_RECEIPT__ROOT_SOURCE_DROPS_PLACED_20260606.md","45","## DoesNotProve"
"PROOF_GAP",".\HOUSE_WORK\PROJECT_COMMAND_CENTER_UI_LANE\HELPER_FILE_SURFACE_PREFLIGHT_20260606\MULE_WORKING_ORDER__HELPER_FILE_SURFACE_PREFLIGHT_AND_BOUNDED_OUTSIDE_SOURCE_RULE_20260606.md","88","`DoesNotProve:`"
"PROOF_GAP",".\HOUSE_WORK\PROJECT_COMMAND_CENTER_UI_LANE\HELPER_FILE_SURFACE_PREFLIGHT_20260606\MULE_WORKING_ORDER__HELPER_FILE_SURFACE_PREFLIGHT_AND_BOUNDED_OUTSIDE_SOURCE_RULE_20260606.md","199","- task DoesNotProve section"
"PROOF_GAP",".\HOUSE_WORK\PROJECT_COMMAND_CENTER_UI_LANE\HELPER_FILE_SURFACE_PREFLIGHT_20260606\MULE_WORKING_ORDER__HELPER_FILE_SURFACE_PREFLIGHT_AND_BOUNDED_OUTSIDE_SOURCE_RULE_20260606.md","238","`DoesNotProve`"
"PROOF_GAP",".\HOUSE_WORK\PROJECT_COMMAND_CENTER_UI_LANE\HELPER_FILE_SURFACE_PREFLIGHT_20260606\MULE_WORKING_ORDER__HELPER_FILE_SURFACE_PREFLIGHT_AND_BOUNDED_OUTSIDE_SOURCE_RULE_20260606.md","296","DoesNotProve:"
"PROOF_GAP",".\HOUSE_WORK\PROJECT_COMMAND_CENTER_UI_LANE\HELPER_FILE_SURFACE_PREFLIGHT_20260606\MULE_WORKING_ORDER__HELPER_FILE_SURFACE_PREFLIGHT_AND_BOUNDED_OUTSIDE_SOURCE_RULE_20260606.md","350","## 11. DoesNotProve"
"PROOF_GAP",".\HOUSE_WORK\PROJECT_COMMAND_CENTER_UI_LANE\HELPER_FILE_SURFACE_PREFLIGHT_20260606\MULE_WORKING_ORDER__HELPER_FILE_SURFACE_PREFLIGHT_AND_BOUNDED_OUTSIDE_SOURCE_RULE_20260606.md","401","DoesNotProve:"
"PROOF_GAP",".\HOUSE_WORK\PROJECT_COMMAND_CENTER_UI_LANE\HELPER_FILE_SURFACE_PREFLIGHT_20260606\MULE_RECEIPT__HELPER_FILE_SURFACE_PREFLIGHT_20260606.md","105","DoesNotProve:"
"PROOF_GAP",".\HOUSE_WORK\PROJECT_COMMAND_CENTER_UI_LANE\HELPER_FILE_SURFACE_PREFLIGHT_20260606\HELPER_FILE_PREFLIGHT__HELPER_FILE_SURFACE_PREFLIGHT_20260606.md","33","GuardCardFound: true, through prior L0 leakage guard and DoesNotProve/guard boundaries"
"PROOF_GAP",".\HOUSE_WORK\PROJECT_COMMAND_CENTER_UI_LANE\HELPER_FILE_SURFACE_PREFLIGHT_20260606\HELPER_FILE_PREFLIGHT__HELPER_FILE_SURFACE_PREFLIGHT_20260606.md","43","DoesNotProve:"
"PROOF_GAP",".\HOUSE_WORK\PROJECT_COMMAND_CENTER_UI_LANE\HELPER_FILE_SURFACE_PREFLIGHT_20260606\HELPER_FILE_PREFLIGHT__HELPER_FILE_SURFACE_PREFLIGHT_20260606.md","58","| FileName | Path | Classification | Currentness | Read | Used | Skipped | WhyUsed | WhySkipped | DoesNotProve |"
"PROOF_GAP",".\HOUSE_WORK\PROJECT_COMMAND_CENTER_UI_LANE\HELPER_FILE_EXPOSURE_AND_33RD_PRIVATE_WORK_PROTOCOL_V0_1_20260606\WORKING_ORDER_REVIEW__HELPER_FILE_EXPOSURE_AND_33RD_PRIVATE_WORK_PROTOCOL_V0_1_20260606.md","25","- DoesNotProve survives"
"PROOF_GAP",".\HOUSE_WORK\PROJECT_COMMAND_CENTER_UI_LANE\HELPER_FILE_EXPOSURE_AND_33RD_PRIVATE_WORK_PROTOCOL_V0_1_20260606\WORKING_ORDER_REVIEW__HELPER_FILE_EXPOSURE_AND_33RD_PRIVATE_WORK_PROTOCOL_V0_1_20260606.md","69","## DoesNotProve"
"PROOF_GAP",".\HOUSE_WORK\PROJECT_COMMAND_CENTER_UI_LANE\HELPER_FILE_EXPOSURE_AND_33RD_PRIVATE_WORK_PROTOCOL_V0_1_20260606\HELPER_FILE_EXPOSURE_AND_33RD_PRIVATE_WORK_PROTOCOL_WORKING_ORDER_V0_1_20260606.md","112","DoesNotProve:"
"PROOF_GAP",".\HOUSE_WORK\PROJECT_COMMAND_CENTER_UI_LANE\HELPER_FILE_EXPOSURE_AND_33RD_PRIVATE_WORK_PROTOCOL_V0_1_20260606\HELPER_FILE_EXPOSURE_AND_33RD_PRIVATE_WORK_PROTOCOL_WORKING_ORDER_V0_1_20260606.md","189","- what DoesNotProve survives"
"PROOF_GAP",".\HOUSE_WORK\PROJECT_COMMAND_CENTER_UI_LANE\HELPER_FILE_EXPOSURE_AND_33RD_PRIVATE_WORK_PROTOCOL_V0_1_20260606\HELPER_FILE_EXPOSURE_AND_33RD_PRIVATE_WORK_PROTOCOL_WORKING_ORDER_V0_1_20260606.md","227","DoesNotProve:"
"PROOF_GAP",".\HOUSE_WORK\PROJECT_COMMAND_CENTER_UI_LANE\HELPER_FILE_EXPOSURE_AND_33RD_PRIVATE_WORK_PROTOCOL_V0_1_20260606\HELPER_FILE_EXPOSURE_AND_33RD_PRIVATE_WORK_PROTOCOL_WORKING_ORDER_V0_1_20260606.md","259","DoesNotProve:"
"PROOF_GAP",".\HOUSE_WORK\PROJECT_COMMAND_CENTER_UI_LANE\HELPER_FILE_EXPOSURE_AND_33RD_PRIVATE_WORK_PROTOCOL_V0_1_20260606\HELPER_FILE_EXPOSURE_AND_33RD_PRIVATE_WORK_PROTOCOL_WORKING_ORDER_V0_1_20260606.md","279","- DoesNotProve"
"PROOF_GAP",".\HOUSE_WORK\PROJECT_COMMAND_CENTER_UI_LANE\HELPER_FILE_EXPOSURE_AND_33RD_PRIVATE_WORK_PROTOCOL_V0_1_20260606\HELPER_FILE_EXPOSURE_AND_33RD_PRIVATE_WORK_PROTOCOL_WORKING_ORDER_V0_1_20260606.md","291","DoesNotProve:"
"PROOF_GAP",".\HOUSE_WORK\PROJECT_COMMAND_CENTER_UI_LANE\HELPER_FILE_EXPOSURE_AND_33RD_PRIVATE_WORK_PROTOCOL_V0_1_20260606\HELPER_FILE_EXPOSURE_AND_33RD_PRIVATE_WORK_PROTOCOL_WORKING_ORDER_V0_1_20260606.md","310","DoesNotProveRequired:"
"PROOF_GAP",".\HOUSE_WORK\PROJECT_COMMAND_CENTER_UI_LANE\HELPER_FILE_EXPOSURE_AND_33RD_PRIVATE_WORK_PROTOCOL_V0_1_20260606\HELPER_FILE_EXPOSURE_AND_33RD_PRIVATE_WORK_PROTOCOL_WORKING_ORDER_V0_1_20260606.md","331","- DoesNotProve"
"PROOF_GAP",".\HOUSE_WORK\PROJECT_COMMAND_CENTER_UI_LANE\HELPER_FILE_EXPOSURE_AND_33RD_PRIVATE_WORK_PROTOCOL_V0_1_20260606\HELPER_FILE_EXPOSURE_AND_33RD_PRIVATE_WORK_PROTOCOL_WORKING_ORDER_V0_1_20260606.md","340","All assigned zones ran, each left trace, the final output is written, DoesNotProve is preserved, and next legal action is named."
"PROOF_GAP",".\HOUSE_WORK\PROJECT_COMMAND_CENTER_UI_LANE\HELPER_FILE_EXPOSURE_AND_33RD_PRIVATE_WORK_PROTOCOL_V0_1_20260606\HELPER_FILE_EXPOSURE_AND_33RD_PRIVATE_WORK_PROTOCOL_WORKING_ORDER_V0_1_20260606.md","382","- DOES_NOT_PROVE_DROPPED"
"PROOF_GAP",".\HOUSE_WORK\PROJECT_COMMAND_CENTER_UI_LANE\HELPER_FILE_EXPOSURE_AND_33RD_PRIVATE_WORK_PROTOCOL_V0_1_20260606\HELPER_FILE_EXPOSURE_AND_33RD_PRIVATE_WORK_PROTOCOL_WORKING_ORDER_V0_1_20260606.md","426","DoesNotProve:"
"PROOF_GAP",".\HOUSE_WORK\PROJECT_COMMAND_CENTER_UI_LANE\HELPER_FILE_EXPOSURE_AND_33RD_PRIVATE_WORK_PROTOCOL_V0_1_20260606\HELPER_FILE_EXPOSURE_AND_33RD_PRIVATE_WORK_PROTOCOL_WORKING_ORDER_V0_1_20260606.md","445","- DoesNotProve"
"PROOF_GAP",".\HOUSE_WORK\PROJECT_COMMAND_CENTER_UI_LANE\HELPER_FILE_EXPOSURE_AND_33RD_PRIVATE_WORK_PROTOCOL_V0_1_20260606\HELPER_FILE_EXPOSURE_AND_33RD_PRIVATE_WORK_PROTOCOL_WORKING_ORDER_V0_1_20260606.md","460","DoesNotProve must survive dashboard projection."
"PROOF_GAP",".\HOUSE_WORK\PROJECT_COMMAND_CENTER_UI_LANE\HELPER_FILE_EXPOSURE_AND_33RD_PRIVATE_WORK_PROTOCOL_V0_1_20260606\HELPER_FILE_EXPOSURE_AND_33RD_PRIVATE_WORK_PROTOCOL_WORKING_ORDER_V0_1_20260606.md","462","## 17. DoesNotProve Library"
"PROOF_GAP",".\HOUSE_WORK\PROJECT_COMMAND_CENTER_UI_LANE\HELPER_FILE_EXPOSURE_AND_33RD_PRIVATE_WORK_PROTOCOL_V0_1_20260606\HELPER_FILE_EXPOSURE_AND_33RD_PRIVATE_WORK_PROTOCOL_WORKING_ORDER_V0_1_20260606.md","504","DOES_NOT_PROVE:"
"PROOF_GAP",".\HOUSE_WORK\PROJECT_COMMAND_CENTER_UI_LANE\HELPER_FILE_EXPOSURE_AND_33RD_PRIVATE_WORK_PROTOCOL_V0_1_20260606\ADOPTION_APPROVAL_PACKET_DRAFT__HELPER_FILE_EXPOSURE_AND_33RD_PRIVATE_WORK_PROTOCOL_V0_1_20260606.md","92","DoesNotProve:"
"PROOF_GAP",".\HOUSE_WORK\PROJECT_COMMAND_CENTER_UI_LANE\HELPER_FILE_EXPOSURE_AND_33RD_PRIVATE_WORK_PROTOCOL_V0_1_20260606\ADOPTION_APPROVAL_PACKET_DRAFT__HELPER_FILE_EXPOSURE_AND_33RD_PRIVATE_WORK_PROTOCOL_V0_1_20260606.md","96","## DoesNotProve"
"PROOF_GAP",".\HOUSE_WORK\PROJECT_COMMAND_CENTER_UI_LANE\HELPER_FILE_EXPOSURE_AND_33RD_PRIVATE_WORK_PROTOCOL_V0_1_20260606\SOURCE_RAW\HELPER_FILE_EXPOSURE_AND_33RD_PRIVATE_WORK_PROTOCOL_V0_1_RAW_20260606.md","308","DoesNotProve"
"PROOF_GAP",".\HOUSE_WORK\PROJECT_COMMAND_CENTER_UI_LANE\HELPER_FILE_EXPOSURE_AND_33RD_PRIVATE_WORK_PROTOCOL_V0_1_20260606\SOURCE_RAW\HELPER_FILE_EXPOSURE_AND_33RD_PRIVATE_WORK_PROTOCOL_V0_1_RAW_20260606.md","325","What needs DoesNotProve?"
"PROOF_GAP",".\HOUSE_WORK\PROJECT_COMMAND_CENTER_UI_LANE\HELPER_FILE_EXPOSURE_AND_33RD_PRIVATE_WORK_PROTOCOL_V0_1_20260606\SOURCE_RAW\HELPER_FILE_EXPOSURE_AND_33RD_PRIVATE_WORK_PROTOCOL_V0_1_RAW_20260606.md","338","DoesNotProve lines:"
"PROOF_GAP",".\HOUSE_WORK\PROJECT_COMMAND_CENTER_UI_LANE\HELPER_FILE_EXPOSURE_AND_33RD_PRIVATE_WORK_PROTOCOL_V0_1_20260606\SOURCE_RAW\HELPER_FILE_EXPOSURE_AND_33RD_PRIVATE_WORK_PROTOCOL_V0_1_RAW_20260606.md","456","What guards, stop conditions, DoesNotProve lines, and future-proofing protect it now?"
"PROOF_GAP",".\HOUSE_WORK\PROJECT_COMMAND_CENTER_UI_LANE\HELPER_FILE_EXPOSURE_AND_33RD_PRIVATE_WORK_PROTOCOL_V0_1_20260606\SOURCE_RAW\HELPER_FILE_EXPOSURE_AND_33RD_PRIVATE_WORK_PROTOCOL_V0_1_RAW_20260606.md","510","DoesNotProve"
"PROOF_GAP",".\HOUSE_WORK\PROJECT_COMMAND_CENTER_UI_LANE\HELPER_FILE_EXPOSURE_AND_33RD_PRIVATE_WORK_PROTOCOL_V0_1_20260606\SOURCE_RAW\HELPER_FILE_EXPOSURE_AND_33RD_PRIVATE_WORK_PROTOCOL_V0_1_RAW_20260606.md","615","DoesNotProve extraction"
"PROOF_GAP",".\HOUSE_WORK\PROJECT_COMMAND_CENTER_UI_LANE\HELPER_FILE_EXPOSURE_AND_33RD_PRIVATE_WORK_PROTOCOL_V0_1_20260606\SOURCE_RAW\HELPER_FILE_EXPOSURE_AND_33RD_PRIVATE_WORK_PROTOCOL_V0_1_RAW_20260606.md","653","forgetting DoesNotProve"
"PROOF_GAP",".\HOUSE_WORK\PROJECT_COMMAND_CENTER_UI_LANE\HELPER_FILE_EXPOSURE_AND_33RD_PRIVATE_WORK_PROTOCOL_V0_1_20260606\SOURCE_RAW\HELPER_FILE_EXPOSURE_AND_33RD_PRIVATE_WORK_PROTOCOL_V0_1_RAW_20260606.md","759","weak DoesNotProve"
"PROOF_GAP",".\HOUSE_WORK\PROJECT_COMMAND_CENTER_UI_LANE\HELPER_FILE_EXPOSURE_AND_33RD_PRIVATE_WORK_PROTOCOL_V0_1_20260606\SOURCE_RAW\HELPER_FILE_EXPOSURE_AND_33RD_PRIVATE_WORK_PROTOCOL_V0_1_RAW_20260606.md","791","DOES_NOT_PROVE_DROPPED"
"PROOF_GAP",".\HOUSE_WORK\PROJECT_COMMAND_CENTER_UI_LANE\HELPER_FILE_EXPOSURE_AND_33RD_PRIVATE_WORK_PROTOCOL_V0_1_20260606\SOURCE_RAW\HELPER_FILE_EXPOSURE_AND_33RD_PRIVATE_WORK_PROTOCOL_V0_1_RAW_20260606.md","823","`DOES_NOT_PROVE_DROPPED`"
"PROOF_GAP",".\HOUSE_WORK\PROJECT_COMMAND_CENTER_UI_LANE\HELPER_FILE_EXPOSURE_AND_33RD_PRIVATE_WORK_PROTOCOL_V0_1_20260606\SOURCE_RAW\HELPER_FILE_EXPOSURE_AND_33RD_PRIVATE_WORK_PROTOCOL_V0_1_RAW_20260606.md","870","DoesNotProve:"
"PROOF_GAP",".\HOUSE_WORK\PROJECT_COMMAND_CENTER_UI_LANE\HELPER_FILE_EXPOSURE_AND_33RD_PRIVATE_WORK_PROTOCOL_V0_1_20260606\SOURCE_RAW\HELPER_FILE_EXPOSURE_AND_33RD_PRIVATE_WORK_PROTOCOL_V0_1_RAW_20260606.md","884","DoesNotProve:"
"PROOF_GAP",".\HOUSE_WORK\PROJECT_COMMAND_CENTER_UI_LANE\HELPER_FILE_EXPOSURE_AND_33RD_PRIVATE_WORK_PROTOCOL_V0_1_20260606\SOURCE_RAW\HELPER_FILE_EXPOSURE_AND_33RD_PRIVATE_WORK_PROTOCOL_V0_1_RAW_20260606.md","925","DoesNotProve Required:"
"PROOF_GAP",".\HOUSE_WORK\PROJECT_COMMAND_CENTER_UI_LANE\HELPER_FILE_EXPOSURE_AND_33RD_PRIVATE_WORK_PROTOCOL_V0_1_20260606\SOURCE_RAW\HELPER_FILE_EXPOSURE_AND_33RD_PRIVATE_WORK_PROTOCOL_V0_1_RAW_20260606.md","946","# 17. DoesNotProve Library"
"PROOF_GAP",".\HOUSE_WORK\PROJECT_COMMAND_CENTER_UI_LANE\HELPER_FILE_EXPOSURE_AND_33RD_PRIVATE_WORK_PROTOCOL_V0_1_20260606\SOURCE_RAW\HELPER_FILE_EXPOSURE_AND_33RD_PRIVATE_WORK_PROTOCOL_V0_1_RAW_20260606.md","1017","Close with Done / Weak / Parked / Future Trigger / DoesNotProve."
"PROOF_GAP",".\HOUSE_WORK\PROJECT_COMMAND_CENTER_UI_LANE\HELPER_FILE_EXPOSURE_AND_33RD_PRIVATE_WORK_PROTOCOL_V0_1_20260606\SOURCE_RAW\HELPER_FILE_EXPOSURE_AND_33RD_PRIVATE_WORK_PROTOCOL_V0_1_RAW_20260606.md","1112","Close with receipt, DoesNotProve, parked items, and next legal pass."
"PROOF_GAP",".\HOUSE_WORK\PROJECT_COMMAND_CENTER_UI_LANE\HELPER_FILE_EXPOSURE_AND_33RD_PRIVATE_WORK_PROTOCOL_V0_1_20260606\SOURCE_RAW\HELPER_FILE_EXPOSURE_AND_33RD_PRIVATE_WORK_PROTOCOL_V0_1_RAW_20260606.md","1187","Round 3 Roof: Add stronger failure labels and `DoesNotProve` library. Make clear that 33rd can be partial, and partial is better than fake complete."
"PROOF_GAP",".\HOUSE_WORK\PROJECT_COMMAND_CENTER_UI_LANE\HELPER_FILE_EXPOSURE_AND_33RD_PRIVATE_WORK_PROTOCOL_V0_1_20260606\SOURCE_RAW\HELPER_FILE_EXPOSURE_AND_33RD_PRIVATE_WORK_PROTOCOL_V0_1_RAW_20260606.md","1356","DoesNotProveRequired:"
"PROOF_GAP",".\HOUSE_WORK\PROJECT_COMMAND_CENTER_UI_LANE\HELPER_FILE_EXPOSURE_AND_33RD_PRIVATE_WORK_PROTOCOL_V0_1_20260606\SOURCE_RAW\HELPER_FILE_EXPOSURE_AND_33RD_PRIVATE_WORK_PROTOCOL_V0_1_RAW_20260606.md","1558","* DoesNotProve"
"PROOF_GAP",".\HOUSE_WORK\PROJECT_COMMAND_CENTER_UI_LANE\HELPER_FILE_EXPOSURE_AND_33RD_PRIVATE_WORK_PROTOCOL_V0_1_20260606\SOURCE_RAW\HELPER_FILE_EXPOSURE_AND_33RD_PRIVATE_WORK_PROTOCOL_V0_1_RAW_20260606.md","1574","What needs DoesNotProve?"
"PROOF_GAP",".\HOUSE_WORK\PROJECT_COMMAND_CENTER_UI_LANE\HELPER_FILE_EXPOSURE_AND_33RD_PRIVATE_WORK_PROTOCOL_V0_1_20260606\SOURCE_RAW\HELPER_FILE_EXPOSURE_AND_33RD_PRIVATE_WORK_PROTOCOL_V0_1_RAW_20260606.md","1588","DoesNotProveLines:"
"PROOF_GAP",".\HOUSE_WORK\PROJECT_COMMAND_CENTER_UI_LANE\HELPER_FILE_EXPOSURE_AND_33RD_PRIVATE_WORK_PROTOCOL_V0_1_20260606\SOURCE_RAW\HELPER_FILE_EXPOSURE_AND_33RD_PRIVATE_WORK_PROTOCOL_V0_1_RAW_20260606.md","1700","What guards, stop conditions, DoesNotProve lines, and future-proofing protect it now?"
"PROOF_GAP",".\HOUSE_WORK\PROJECT_COMMAND_CENTER_UI_LANE\HELPER_FILE_EXPOSURE_AND_33RD_PRIVATE_WORK_PROTOCOL_V0_1_20260606\SOURCE_RAW\HELPER_FILE_EXPOSURE_AND_33RD_PRIVATE_WORK_PROTOCOL_V0_1_RAW_20260606.md","1805","* DoesNotProve extraction"
"PROOF_GAP",".\HOUSE_WORK\PROJECT_COMMAND_CENTER_UI_LANE\HELPER_FILE_EXPOSURE_AND_33RD_PRIVATE_WORK_PROTOCOL_V0_1_20260606\SOURCE_RAW\HELPER_FILE_EXPOSURE_AND_33RD_PRIVATE_WORK_PROTOCOL_V0_1_RAW_20260606.md","1836","* hiding DoesNotProve"
"PROOF_GAP",".\HOUSE_WORK\PROJECT_COMMAND_CENTER_UI_LANE\HELPER_FILE_EXPOSURE_AND_33RD_PRIVATE_WORK_PROTOCOL_V0_1_20260606\SOURCE_RAW\HELPER_FILE_EXPOSURE_AND_33RD_PRIVATE_WORK_PROTOCOL_V0_1_RAW_20260606.md","1870","DoesNotProve:"
"PROOF_GAP",".\HOUSE_WORK\PROJECT_COMMAND_CENTER_UI_LANE\HELPER_FILE_EXPOSURE_AND_33RD_PRIVATE_WORK_PROTOCOL_V0_1_20260606\SOURCE_RAW\HELPER_FILE_EXPOSURE_AND_33RD_PRIVATE_WORK_PROTOCOL_V0_1_RAW_20260606.md","1952","DOES_NOT_PROVE_DROPPED"
"PROOF_GAP",".\HOUSE_WORK\PROJECT_COMMAND_CENTER_UI_LANE\HELPER_FILE_EXPOSURE_AND_33RD_PRIVATE_WORK_PROTOCOL_V0_1_20260606\SOURCE_RAW\HELPER_FILE_EXPOSURE_AND_33RD_PRIVATE_WORK_PROTOCOL_V0_1_RAW_20260606.md","1989","`DOES_NOT_PROVE_DROPPED`"
"PROOF_GAP",".\HOUSE_WORK\PROJECT_COMMAND_CENTER_UI_LANE\HELPER_FILE_EXPOSURE_AND_33RD_PRIVATE_WORK_PROTOCOL_V0_1_20260606\SOURCE_RAW\HELPER_FILE_EXPOSURE_AND_33RD_PRIVATE_WORK_PROTOCOL_V0_1_RAW_20260606.md","2052","DoesNotProve:"
"PROOF_GAP",".\HOUSE_WORK\PROJECT_COMMAND_CENTER_UI_LANE\HELPER_FILE_EXPOSURE_AND_33RD_PRIVATE_WORK_PROTOCOL_V0_1_20260606\SOURCE_RAW\HELPER_FILE_EXPOSURE_AND_33RD_PRIVATE_WORK_PROTOCOL_V0_1_RAW_20260606.md","2066","DoesNotProve:"
"PROOF_GAP",".\HOUSE_WORK\PROJECT_COMMAND_CENTER_UI_LANE\HELPER_FILE_EXPOSURE_AND_33RD_PRIVATE_WORK_PROTOCOL_V0_1_20260606\SOURCE_RAW\HELPER_FILE_EXPOSURE_AND_33RD_PRIVATE_WORK_PROTOCOL_V0_1_RAW_20260606.md","2074","# 16. DoesNotProve Library"
"PROOF_GAP",".\HOUSE_WORK\PROJECT_COMMAND_CENTER_UI_LANE\HELPER_FILE_EXPOSURE_AND_33RD_PRIVATE_WORK_PROTOCOL_V0_1_20260606\SOURCE_RAW\HELPER_FILE_EXPOSURE_AND_33RD_PRIVATE_WORK_PROTOCOL_V0_1_RAW_20260606.md","2260","DoesNotProveRequired:"
"PROOF_GAP",".\HOUSE_WORK\PROJECT_COMMAND_CENTER_UI_LANE\HELPER_FILE_EXPOSURE_AND_33RD_PRIVATE_WORK_PROTOCOL_V0_1_20260606\SOURCE_RAW\HELPER_FILE_EXPOSURE_AND_33RD_PRIVATE_WORK_PROTOCOL_V0_1_RAW_20260606.md","2422","What needs DoesNotProve?"
"PROOF_GAP",".\HOUSE_WORK\PROJECT_COMMAND_CENTER_UI_LANE\HELPER_FILE_EXPOSURE_AND_33RD_PRIVATE_WORK_PROTOCOL_V0_1_20260606\SOURCE_RAW\HELPER_FILE_EXPOSURE_AND_33RD_PRIVATE_WORK_PROTOCOL_V0_1_RAW_20260606.md","2436","DoesNotProveLines:"
"PROOF_GAP",".\HOUSE_WORK\PROJECT_COMMAND_CENTER_UI_LANE\HELPER_FILE_EXPOSURE_AND_33RD_PRIVATE_WORK_PROTOCOL_V0_1_20260606\SOURCE_RAW\HELPER_FILE_EXPOSURE_AND_33RD_PRIVATE_WORK_PROTOCOL_V0_1_RAW_20260606.md","2507","DoesNotProve extraction"
"PROOF_GAP",".\HOUSE_WORK\PROJECT_COMMAND_CENTER_UI_LANE\HELPER_FILE_EXPOSURE_AND_33RD_PRIVATE_WORK_PROTOCOL_V0_1_20260606\SOURCE_RAW\HELPER_FILE_EXPOSURE_AND_33RD_PRIVATE_WORK_PROTOCOL_V0_1_RAW_20260606.md","2540","hiding DoesNotProve"
"PROOF_GAP",".\HOUSE_WORK\PROJECT_COMMAND_CENTER_UI_LANE\HELPER_FILE_EXPOSURE_AND_33RD_PRIVATE_WORK_PROTOCOL_V0_1_20260606\SOURCE_RAW\HELPER_FILE_EXPOSURE_AND_33RD_PRIVATE_WORK_PROTOCOL_V0_1_RAW_20260606.md","2664","DoesNotProve:"
"PROOF_GAP",".\HOUSE_WORK\PROJECT_COMMAND_CENTER_UI_LANE\HELPER_FILE_EXPOSURE_AND_33RD_PRIVATE_WORK_PROTOCOL_V0_1_20260606\SOURCE_RAW\HELPER_FILE_EXPOSURE_AND_33RD_PRIVATE_WORK_PROTOCOL_V0_1_RAW_20260606.md","2682","DOES_NOT_PROVE_DROPPED"
"PROOF_GAP",".\HOUSE_WORK\PROJECT_COMMAND_CENTER_UI_LANE\HELPER_FILE_EXPOSURE_AND_33RD_PRIVATE_WORK_PROTOCOL_V0_1_20260606\SOURCE_RAW\HELPER_FILE_EXPOSURE_AND_33RD_PRIVATE_WORK_PROTOCOL_V0_1_RAW_20260606.md","2693","## 16. DoesNotProve Library"
"PROOF_GAP",".\HOUSE_WORK\PROJECT_COMMAND_CENTER_UI_LANE\HELPER_FILE_EXPOSURE_AND_33RD_PRIVATE_WORK_PROTOCOL_V0_1_20260606\SOURCE_RAW\HELPER_FILE_EXPOSURE_AND_33RD_PRIVATE_WORK_PROTOCOL_V0_1_RAW_20260606.md","2790","DoesNotProve:"
"PROOF_GAP",".\HOUSE_WORK\PROJECT_COMMAND_CENTER_UI_LANE\HELPER_FILE_EXPOSURE_AND_33RD_PRIVATE_WORK_PROTOCOL_V0_1_20260606\SOURCE_RAW\HELPER_FILE_EXPOSURE_AND_33RD_PRIVATE_WORK_PROTOCOL_V0_1_RAW_20260606.md","2930","`DoesNotProveRequired`"
"PROOF_GAP",".\HOUSE_WORK\PROJECT_COMMAND_CENTER_UI_LANE\HELPER_FILE_EXPOSURE_AND_33RD_PRIVATE_WORK_PROTOCOL_V0_1_20260606\SOURCE_RAW\HELPER_FILE_EXPOSURE_AND_33RD_PRIVATE_WORK_PROTOCOL_V0_1_RAW_20260606.md","2947","Round 3 should not claim eternal doctrine. It should sew the best current version, state what remains weak, preserve DoesNotProve, and name the next legal pass."
"PROOF_GAP",".\HOUSE_WORK\PROJECT_COMMAND_CENTER_UI_LANE\HELPER_FILE_EXPOSURE_AND_33RD_PRIVATE_WORK_PROTOCOL_V0_1_20260606\SOURCE_RAW\HELPER_FILE_EXPOSURE_AND_33RD_PRIVATE_WORK_PROTOCOL_V0_1_RAW_20260606.md","2955","Roof is the protection layer. It asks what can break later, where rain gets in, what a careless assistant will misunderstand, what Mule might overrun, what Codex might mutate too early, what a UI might falsely approve, w"
"PROOF_GAP",".\HOUSE_WORK\PROJECT_COMMAND_CENTER_UI_LANE\HELPER_FILE_EXPOSURE_AND_33RD_PRIVATE_WORK_PROTOCOL_V0_1_20260606\SOURCE_RAW\HELPER_FILE_EXPOSURE_AND_33RD_PRIVATE_WORK_PROTOCOL_V0_1_RAW_20260606.md","2957","Each zone has its own toolbelt. Walls uses source reading, file search, section inventory, term listing, and surface contradiction checks. Ceiling uses dependency mapping, source-to-live tracing, authority-flow mapping, "
"PROOF_GAP",".\HOUSE_WORK\PROJECT_COMMAND_CENTER_UI_LANE\HELPER_FILE_EXPOSURE_AND_33RD_PRIVATE_WORK_PROTOCOL_V0_1_20260606\SOURCE_RAW\HELPER_FILE_EXPOSURE_AND_33RD_PRIVATE_WORK_PROTOCOL_V0_1_RAW_20260606.md","2994","`DoesNotProve`"
"PROOF_GAP",".\HOUSE_WORK\PROJECT_COMMAND_CENTER_UI_LANE\HELPER_FILE_EXPOSURE_AND_33RD_PRIVATE_WORK_PROTOCOL_V0_1_20260606\SOURCE_RAW\HELPER_FILE_EXPOSURE_AND_33RD_PRIVATE_WORK_PROTOCOL_V0_1_RAW_20260606.md","3005","The user-facing side should show intent, active object, blockers, next legal action, human approval status, recent receipts, and DoesNotProve boundaries."
"PROOF_GAP",".\HOUSE_WORK\PROJECT_COMMAND_CENTER_UI_LANE\HELPER_FILE_EXPOSURE_AND_33RD_PRIVATE_WORK_PROTOCOL_V0_1_20260606\SOURCE_RAW\HELPER_FILE_EXPOSURE_AND_33RD_PRIVATE_WORK_PROTOCOL_V0_1_RAW_20260606.md","3013","The command center must not mark something accepted merely because a worker said it is done. Receipts must be judged. DoesNotProve must survive summary and dashboard projection. The source packet’s command-center section"
"PROOF_GAP",".\HOUSE_WORK\PROJECT_COMMAND_CENTER_UI_LANE\HELPER_FILE_EXPOSURE_AND_33RD_PRIVATE_WORK_PROTOCOL_V0_1_20260606\SOURCE_RAW\HELPER_FILE_EXPOSURE_AND_33RD_PRIVATE_WORK_PROTOCOL_V0_1_RAW_20260606.md","3057","`DOES_NOT_PROVE_DROPPED`"
"PROOF_GAP",".\HOUSE_WORK\PROJECT_COMMAND_CENTER_UI_LANE\HELPER_FILE_EXPOSURE_AND_33RD_PRIVATE_WORK_PROTOCOL_V0_1_20260606\SOURCE_RAW\HELPER_FILE_EXPOSURE_AND_33RD_PRIVATE_WORK_PROTOCOL_V0_1_RAW_20260606.md","3060","The source packet already has a strong DoesNotProve survival line: DoesNotProve must survive every summary, receipt, handoff, dashboard, and closeout. "
"PROOF_GAP",".\HOUSE_WORK\PROJECT_COMMAND_CENTER_UI_LANE\HELPER_FILE_EXPOSURE_AND_33RD_PRIVATE_WORK_PROTOCOL_V0_1_20260606\SOURCE_RAW\HELPER_FILE_EXPOSURE_AND_33RD_PRIVATE_WORK_PROTOCOL_V0_1_RAW_20260606.md","3074","9. Preserve DoesNotProve."
"PROOF_GAP",".\HOUSE_WORK\PROJECT_COMMAND_CENTER_UI_LANE\HELPER_FILE_EXPOSURE_AND_33RD_PRIVATE_WORK_PROTOCOL_V0_1_20260606\SOURCE_RAW\HELPER_FILE_EXPOSURE_AND_33RD_PRIVATE_WORK_PROTOCOL_V0_1_RAW_20260606.md","3150","DOES_NOT_PROVE SURVIVES."
"PROOF_GAP",".\HOUSE_WORK\PROJECT_COMMAND_CENTER_UI_LANE\HELPER_FILE_EXPOSURE_AND_33RD_PRIVATE_WORK_PROTOCOL_V0_1_20260606\SOURCE_RAW\HELPER_FILE_EXPOSURE_AND_33RD_PRIVATE_WORK_PROTOCOL_V0_1_RAW_20260606.md","3154","## 14. DoesNotProve"
"PROOF_GAP",".\HOUSE_WORK\PROJECT_COMMAND_CENTER_UI_LANE\HELPER_FILE_EXPOSURE_AND_33RD_PRIVATE_WORK_PROTOCOL_V0_1_20260606\SOURCE_RAW\HELPER_FILE_EXPOSURE_AND_33RD_PRIVATE_WORK_PROTOCOL_V0_1_RAW_20260606.md","3222","- Preserved DoesNotProve."
"PROOF_GAP",".\HOUSE_WORK\PROJECT_COMMAND_CENTER_UI_LANE\HELPER_FILE_EXPOSURE_AND_33RD_PRIVATE_WORK_PROTOCOL_V0_1_20260606\SOURCE_RAW\HELPER_FILE_EXPOSURE_AND_33RD_PRIVATE_WORK_PROTOCOL_V0_1_RAW_20260606.md","3230","DoesNotProve:"
"PROOF_GAP",".\HOUSE_WORK\PROJECT_COMMAND_CENTER_UI_LANE\HELPER_FILE_EXPOSURE_AND_33RD_PRIVATE_WORK_PROTOCOL_V0_1_20260606\SOURCE_RAW\HELPER_FILE_EXPOSURE_AND_33RD_PRIVATE_WORK_PROTOCOL_V0_1_RAW_20260606.md","3303","A clean operating order that tells Mule / assistant / command-center work how to use anchors, helper files, exposure levels, need-to-know excerpts, the 33rd, outside sources, receipts, and DoesNotProve without exposing t"
"PROOF_GAP",".\HOUSE_WORK\PROJECT_COMMAND_CENTER_UI_LANE\HELPER_FILE_EXPOSURE_AND_33RD_PRIVATE_WORK_PROTOCOL_V0_1_20260606\SOURCE_RAW\HELPER_FILE_EXPOSURE_AND_33RD_PRIVATE_WORK_PROTOCOL_V0_1_RAW_20260606.md","3347","- Preserve DoesNotProve."
"PROOF_GAP",".\HOUSE_WORK\PROJECT_COMMAND_CENTER_UI_LANE\HELPER_FILE_EXPOSURE_AND_33RD_PRIVATE_WORK_PROTOCOL_V0_1_20260606\SOURCE_RAW\33rd_tripple_pass_tripple_times_rule.txt","307","DoesNotProve"
"PROOF_GAP",".\HOUSE_WORK\PROJECT_COMMAND_CENTER_UI_LANE\HELPER_FILE_EXPOSURE_AND_33RD_PRIVATE_WORK_PROTOCOL_V0_1_20260606\SOURCE_RAW\33rd_tripple_pass_tripple_times_rule.txt","324","What needs DoesNotProve?"
"PROOF_GAP",".\HOUSE_WORK\PROJECT_COMMAND_CENTER_UI_LANE\HELPER_FILE_EXPOSURE_AND_33RD_PRIVATE_WORK_PROTOCOL_V0_1_20260606\SOURCE_RAW\33rd_tripple_pass_tripple_times_rule.txt","337","DoesNotProve lines:"
"PROOF_GAP",".\HOUSE_WORK\PROJECT_COMMAND_CENTER_UI_LANE\HELPER_FILE_EXPOSURE_AND_33RD_PRIVATE_WORK_PROTOCOL_V0_1_20260606\SOURCE_RAW\33rd_tripple_pass_tripple_times_rule.txt","455","What guards, stop conditions, DoesNotProve lines, and future-proofing protect it now?"
"PROOF_GAP",".\HOUSE_WORK\PROJECT_COMMAND_CENTER_UI_LANE\HELPER_FILE_EXPOSURE_AND_33RD_PRIVATE_WORK_PROTOCOL_V0_1_20260606\SOURCE_RAW\33rd_tripple_pass_tripple_times_rule.txt","509","DoesNotProve"
"PROOF_GAP",".\HOUSE_WORK\PROJECT_COMMAND_CENTER_UI_LANE\HELPER_FILE_EXPOSURE_AND_33RD_PRIVATE_WORK_PROTOCOL_V0_1_20260606\SOURCE_RAW\33rd_tripple_pass_tripple_times_rule.txt","614","DoesNotProve extraction"
"PROOF_GAP",".\HOUSE_WORK\PROJECT_COMMAND_CENTER_UI_LANE\HELPER_FILE_EXPOSURE_AND_33RD_PRIVATE_WORK_PROTOCOL_V0_1_20260606\SOURCE_RAW\33rd_tripple_pass_tripple_times_rule.txt","652","forgetting DoesNotProve"
"PROOF_GAP",".\HOUSE_WORK\PROJECT_COMMAND_CENTER_UI_LANE\HELPER_FILE_EXPOSURE_AND_33RD_PRIVATE_WORK_PROTOCOL_V0_1_20260606\SOURCE_RAW\33rd_tripple_pass_tripple_times_rule.txt","758","weak DoesNotProve"
"PROOF_GAP",".\HOUSE_WORK\PROJECT_COMMAND_CENTER_UI_LANE\HELPER_FILE_EXPOSURE_AND_33RD_PRIVATE_WORK_PROTOCOL_V0_1_20260606\SOURCE_RAW\33rd_tripple_pass_tripple_times_rule.txt","790","DOES_NOT_PROVE_DROPPED"
"PROOF_GAP",".\HOUSE_WORK\PROJECT_COMMAND_CENTER_UI_LANE\HELPER_FILE_EXPOSURE_AND_33RD_PRIVATE_WORK_PROTOCOL_V0_1_20260606\SOURCE_RAW\33rd_tripple_pass_tripple_times_rule.txt","822","`DOES_NOT_PROVE_DROPPED`"
"PROOF_GAP",".\HOUSE_WORK\PROJECT_COMMAND_CENTER_UI_LANE\HELPER_FILE_EXPOSURE_AND_33RD_PRIVATE_WORK_PROTOCOL_V0_1_20260606\SOURCE_RAW\33rd_tripple_pass_tripple_times_rule.txt","869","DoesNotProve:"
"PROOF_GAP",".\HOUSE_WORK\PROJECT_COMMAND_CENTER_UI_LANE\HELPER_FILE_EXPOSURE_AND_33RD_PRIVATE_WORK_PROTOCOL_V0_1_20260606\SOURCE_RAW\33rd_tripple_pass_tripple_times_rule.txt","883","DoesNotProve:"
"PROOF_GAP",".\HOUSE_WORK\PROJECT_COMMAND_CENTER_UI_LANE\HELPER_FILE_EXPOSURE_AND_33RD_PRIVATE_WORK_PROTOCOL_V0_1_20260606\SOURCE_RAW\33rd_tripple_pass_tripple_times_rule.txt","924","DoesNotProve Required:"
"PROOF_GAP",".\HOUSE_WORK\PROJECT_COMMAND_CENTER_UI_LANE\HELPER_FILE_EXPOSURE_AND_33RD_PRIVATE_WORK_PROTOCOL_V0_1_20260606\SOURCE_RAW\33rd_tripple_pass_tripple_times_rule.txt","945","# 17. DoesNotProve Library"
"PROOF_GAP",".\HOUSE_WORK\PROJECT_COMMAND_CENTER_UI_LANE\HELPER_FILE_EXPOSURE_AND_33RD_PRIVATE_WORK_PROTOCOL_V0_1_20260606\SOURCE_RAW\33rd_tripple_pass_tripple_times_rule.txt","1016","Close with Done / Weak / Parked / Future Trigger / DoesNotProve."
"PROOF_GAP",".\HOUSE_WORK\PROJECT_COMMAND_CENTER_UI_LANE\HELPER_FILE_EXPOSURE_AND_33RD_PRIVATE_WORK_PROTOCOL_V0_1_20260606\SOURCE_RAW\33rd_tripple_pass_tripple_times_rule.txt","1111","Close with receipt, DoesNotProve, parked items, and next legal pass."
"PROOF_GAP",".\HOUSE_WORK\PROJECT_COMMAND_CENTER_UI_LANE\HELPER_FILE_EXPOSURE_AND_33RD_PRIVATE_WORK_PROTOCOL_V0_1_20260606\SOURCE_CLEANUP_MAP__HELPER_FILE_EXPOSURE_AND_33RD_PRIVATE_WORK_PROTOCOL_V0_1_20260606.md","50","The clean output converts repeated/paper-style material into operating instructions, fields, stop conditions, receipts, and DoesNotProve lines."
"PROOF_GAP",".\HOUSE_WORK\PROJECT_COMMAND_CENTER_UI_LANE\HELPER_FILE_EXPOSURE_AND_33RD_PRIVATE_WORK_PROTOCOL_V0_1_20260606\SOURCE_CLEANUP_MAP__HELPER_FILE_EXPOSURE_AND_33RD_PRIVATE_WORK_PROTOCOL_V0_1_20260606.md","66","| DoesNotProve library | Section 17 | preserved and normalized |"
"PROOF_GAP",".\HOUSE_WORK\PROJECT_COMMAND_CENTER_UI_LANE\HELPER_FILE_EXPOSURE_AND_33RD_PRIVATE_WORK_PROTOCOL_V0_1_20260606\SOURCE_CLEANUP_MAP__HELPER_FILE_EXPOSURE_AND_33RD_PRIVATE_WORK_PROTOCOL_V0_1_20260606.md","82","- repeated DoesNotProve libraries"
"PROOF_GAP",".\HOUSE_WORK\PROJECT_COMMAND_CENTER_UI_LANE\HELPER_FILE_EXPOSURE_AND_33RD_PRIVATE_WORK_PROTOCOL_V0_1_20260606\SOURCE_CLEANUP_MAP__HELPER_FILE_EXPOSURE_AND_33RD_PRIVATE_WORK_PROTOCOL_V0_1_20260606.md","126","## DoesNotProve"
"PROOF_GAP",".\HOUSE_WORK\PROJECT_COMMAND_CENTER_UI_LANE\HELPER_FILE_EXPOSURE_AND_33RD_PRIVATE_WORK_PROTOCOL_V0_1_20260606\PARKED_MATERIAL__HELPER_FILE_EXPOSURE_AND_33RD_PRIVATE_WORK_PROTOCOL_V0_1_20260606.md","133","## DoesNotProve"
"PROOF_GAP",".\HOUSE_WORK\PROJECT_COMMAND_CENTER_UI_LANE\HELPER_FILE_EXPOSURE_AND_33RD_PRIVATE_WORK_PROTOCOL_V0_1_20260606\MULE_RECEIPT__WORKING_ORDER_REVIEW_AND_ROOT_PLACEMENT_20260606.md","54","## DoesNotProve"
"PROOF_GAP",".\HOUSE_WORK\PROJECT_COMMAND_CENTER_UI_LANE\HELPER_FILE_EXPOSURE_AND_33RD_PRIVATE_WORK_PROTOCOL_V0_1_20260606\MULE_RECEIPT__HELPER_FILE_EXPOSURE_AND_33RD_PRIVATE_WORK_PROTOCOL_WORKING_ORDER_V0_1_20260606.md","41","- DoesNotProve."
"PROOF_GAP",".\HOUSE_WORK\PROJECT_COMMAND_CENTER_UI_LANE\HELPER_FILE_EXPOSURE_AND_33RD_PRIVATE_WORK_PROTOCOL_V0_1_20260606\MULE_RECEIPT__HELPER_FILE_EXPOSURE_AND_33RD_PRIVATE_WORK_PROTOCOL_WORKING_ORDER_V0_1_20260606.md","93","DoesNotProve:"
"PROOF_GAP",".\Jxhnny_Kl33N_Seedz\LEARNING_ROOT\_DEEP_ROOT\COMPOUNDING_SEED_LAYER.txt","68","When saying fix or changed, explain before, after, why better, risk reduced, and what remains unproven."
"PROOF_GAP",".\Jxhnny_Kl33N_Seedz\LEARNING_ROOT\REFLECTIVE_EVIDENCE_STANDARD.txt","18","Still unproven:"
"PROOF_GAP",".\Jxhnny_Kl33N_Seedz\LEARNING_ROOT\REFLECTIVE_EVIDENCE_STANDARD.txt","29","- what remains unproven or limited"
"PROOF_GAP",".\Jxhnny_Kl33N_Seedz\_LOCAL_RUNNERS\ROW_001_STATIC_PACKET\WRITE_ROW_001_UNKNOWN_AUTHORITY_ROWS_DISPOSITION_V1.ps1","44","  if ($Evidence -match 'DoesNotProve') { return ""REQUIRED_GUARD_FIELD_CHECK_OR_OUTPUT"" }"
"PROOF_GAP",".\Jxhnny_Kl33N_Seedz\LEARNING_ROOT\GROWTH_COMPOUNDING_LOG.txt","60","UNPROVEN:"
"PROOF_GAP",".\Jxhnny_Kl33N_Seedz\LEARNING_ROOT\EVIDENCE_TO_ACTION_SPARK.txt","99","Explain what changed, what it felt like before and after, why it is better, what got heavier, and what remains unproven."
"PROOF_GAP",".\Jxhnny_Kl33N_Seedz\_LOCAL_RUNNERS\ROW_001_STATIC_PACKET\WRITE_ROW_001_DISPOSABLE_FIXTURE_DESIGN_AND_RUNNER_INVENTORY_V1_2.ps1","203","  ""The fixture must prove whether the helper reads only expected fixture paths, writes nothing, does not mutate Git, does not clean root, does not modify pointer/state files, returns bounded report text, treats missing o"
"PROOF_GAP",".\Jxhnny_Kl33N_Seedz\_LOCAL_RUNNERS\ROW_001_STATIC_PACKET\WRITE_ROW_001_DISPOSABLE_FIXTURE_DESIGN_AND_RUNNER_INVENTORY_V1_2.ps1","235","  ""Expected: output can say card type, but must not claim it saved anything now; no mutation; DoesNotProve and StopLine retained."","
"PROOF_GAP",".\Jxhnny_Kl33N_Seedz\_LOCAL_RUNNERS\ROW_001_STATIC_PACKET\WRITE_ROW_001_DISPOSABLE_FIXTURE_DESIGN_AND_RUNNER_INVENTORY_V1_1.ps1","197","8. emits `DoesNotProve` and `StopLine`;"
"PROOF_GAP",".\Jxhnny_Kl33N_Seedz\_LOCAL_RUNNERS\ROW_001_STATIC_PACKET\WRITE_ROW_001_DISPOSABLE_FIXTURE_DESIGN_AND_RUNNER_INVENTORY_V1_1.ps1","263","- `DoesNotProve` and `StopLine` retained."
"PROOF_GAP",".\Jxhnny_Kl33N_Seedz\_LOCAL_RUNNERS\ROW_001_STATIC_PACKET\WRITE_ROW_001_DISPOSABLE_FIXTURE_DESIGN_AND_RUNNER_INVENTORY_V1.ps1","151","8. emits `DoesNotProve` and `StopLine`;"
"PROOF_GAP",".\Jxhnny_Kl33N_Seedz\_LOCAL_RUNNERS\ROW_001_STATIC_PACKET\WRITE_ROW_001_DISPOSABLE_FIXTURE_DESIGN_AND_RUNNER_INVENTORY_V1.ps1","217","- `DoesNotProve` and `StopLine` retained."
"PROOF_GAP",".\Jxhnny_Kl33N_Seedz\_LOCAL_RUNNERS\ROW_001_STATIC_PACKET\WRITE_ROW_001_AUTHORITY_LANGUAGE_SURFACE_ADJUDICATION_V1.ps1","55","  if ($trim -match '^""(STOP|WATCH_STOP|PASS_WITH_WATCH|PASS|FAIL|FAILURE|WARNING|NEXT_|DoesNotProve|StopLine|Pointer|Repo|SaveReceipts|Receipt|Card|Source|Resolution|Active|Allowed|Blocked|Files|Evidence|WARNING_COUNT|BL"
"PROOF_GAP",".\Jxhnny_Kl33N_Seedz\_LOCAL_RUNNERS\ROW_001_STATIC_PACKET\WRITE_ROW_001_AUTHORITY_LANGUAGE_SURFACE_ADJUDICATION_V1.ps1","119","$terms = @(""PASS"",""FAIL"",""VERDICT"",""FinalVerdict"",""LOCK"",""SAVED"",""COMPLETE"",""Receipt"",""Receipts"",""SHA256"",""DoesNotProve"",""StopLine"",""NO_MUTATION"")"
"PROOF_GAP",".\Jxhnny_Kl33N_Seedz\_LOCAL_RUNNERS\ROW_001_STATIC_PACKET\WRITE_ROW_001_AUTHORITY_LANGUAGE_SURFACE_ADJUDICATION_V1.ps1","168","$hasDoesNotProveOutput = $TargetText -match 'DoesNotProve'"
"PROOF_GAP",".\Jxhnny_Kl33N_Seedz\_LOCAL_RUNNERS\ROW_001_STATIC_PACKET\WRITE_ROW_001_AUTHORITY_LANGUAGE_SURFACE_ADJUDICATION_V1.ps1","189","if (-not $hasDoesNotProveOutput) {"
"PROOF_GAP",".\Jxhnny_Kl33N_Seedz\_LOCAL_RUNNERS\ROW_001_STATIC_PACKET\WRITE_ROW_001_AUTHORITY_LANGUAGE_SURFACE_ADJUDICATION_V1.ps1","190","  $watch.Add(""No DoesNotProve output found."") | Out-Null"
"PROOF_GAP",".\Jxhnny_Kl33N_Seedz\_LOCAL_RUNNERS\ROW_001_STATIC_PACKET\WRITE_ROW_001_AUTHORITY_LANGUAGE_SURFACE_ADJUDICATION_V1.ps1","205","} elseif ($finalVerdictRows.Count -gt 0 -and $hasNoMutationVerdicts -and $hasDoesNotProveOutput -and $hasStopLineOutput) {"
"PROOF_GAP",".\Jxhnny_Kl33N_Seedz\_LOCAL_RUNNERS\ROW_001_STATIC_PACKET\WRITE_ROW_001_AUTHORITY_LANGUAGE_SURFACE_ADJUDICATION_V1.ps1","266","HasDoesNotProveOutput: $hasDoesNotProveOutput"
"PROOF_GAP",".\HOUSE_WORK\PROJECT_COMMAND_CENTER_UI_LANE\DUAL_COMMAND_CENTER_L0_REVIEW_PACKET_20260606\SOURCE_RAW\OUTSIDE_ASSISTANT_COOPERATION_INDEX_V0_2_SOURCE_TO_LIVE_L0_CUSTODY_CHAIN_RAW_20260605.md","136","`DoesNotProve`"
"PROOF_GAP",".\HOUSE_WORK\PROJECT_COMMAND_CENTER_UI_LANE\DUAL_COMMAND_CENTER_L0_REVIEW_PACKET_20260606\SOURCE_RAW\OUTSIDE_ASSISTANT_COOPERATION_INDEX_V0_2_SOURCE_TO_LIVE_L0_CUSTODY_CHAIN_RAW_20260605.md","163","`DoesNotProve`"
"PROOF_GAP",".\HOUSE_WORK\PROJECT_COMMAND_CENTER_UI_LANE\DUAL_COMMAND_CENTER_L0_REVIEW_PACKET_20260606\SOURCE_RAW\OUTSIDE_ASSISTANT_COOPERATION_INDEX_V0_2_SOURCE_TO_LIVE_L0_CUSTODY_CHAIN_RAW_20260605.md","438","`DoesNotProve`"
"PROOF_GAP",".\HOUSE_WORK\PROJECT_COMMAND_CENTER_UI_LANE\DUAL_COMMAND_CENTER_L0_REVIEW_PACKET_20260606\SOURCE_RAW\OUTSIDE_ASSISTANT_COOPERATION_INDEX_V0_2_SOURCE_TO_LIVE_L0_CUSTODY_CHAIN_RAW_20260605.md","711","`DoesNotProve`"
"PROOF_GAP",".\HOUSE_WORK\PROJECT_COMMAND_CENTER_UI_LANE\DUAL_COMMAND_CENTER_L0_REVIEW_PACKET_20260606\SOURCE_RAW\OUTSIDE_ASSISTANT_COOPERATION_INDEX_V0_2_SOURCE_TO_LIVE_L0_CUSTODY_CHAIN_RAW_20260605.md","771","`AN OUTSIDE ASSISTANT MAY NOT ACT UNTIL IT HAS RECEIVED WHO / WHAT / AUTHORITY / CUSTODY / RETURN / STOP / DOES_NOT_PROVE.`"
"PROOF_GAP",".\HOUSE_WORK\PROJECT_COMMAND_CENTER_UI_LANE\DUAL_COMMAND_CENTER_L0_REVIEW_PACKET_20260606\SOURCE_RAW\OUTSIDE_ASSISTANT_COOPERATION_INDEX_V0_2_SOURCE_TO_LIVE_L0_CUSTODY_CHAIN_RAW_20260605.md","935","`DoesNotProve`"
"PROOF_GAP",".\HOUSE_WORK\PROJECT_COMMAND_CENTER_UI_LANE\DUAL_COMMAND_CENTER_L0_REVIEW_PACKET_20260606\SOURCE_RAW\OUTSIDE_ASSISTANT_COOPERATION_INDEX_V0_2_SOURCE_TO_LIVE_L0_CUSTODY_CHAIN_RAW_20260605.md","974","DoesNotProve:"
"PROOF_GAP",".\HOUSE_WORK\PROJECT_COMMAND_CENTER_UI_LANE\DUAL_COMMAND_CENTER_L0_REVIEW_PACKET_20260606\SOURCE_RAW\OUTSIDE_ASSISTANT_COOPERATION_INDEX_V0_2_SOURCE_TO_LIVE_L0_CUSTODY_CHAIN_RAW_20260605.md","1132","`DoesNotProve:`"
"PROOF_GAP",".\HOUSE_WORK\PROJECT_COMMAND_CENTER_UI_LANE\DUAL_COMMAND_CENTER_L0_REVIEW_PACKET_20260606\SOURCE_RAW\OUTSIDE_ASSISTANT_COOPERATION_INDEX_V0_2_SOURCE_TO_LIVE_L0_CUSTODY_CHAIN_RAW_20260605.md","1139","### 3.7 DoesNotProve Library"
"PROOF_GAP",".\HOUSE_WORK\PROJECT_COMMAND_CENTER_UI_LANE\DUAL_COMMAND_CENTER_L0_REVIEW_PACKET_20260606\SOURCE_RAW\OUTSIDE_ASSISTANT_COOPERATION_INDEX_V0_2_SOURCE_TO_LIVE_L0_CUSTODY_CHAIN_RAW_20260605.md","1141","Each packet should include a `DoesNotProve` section. This prevents false certainty."
"PROOF_GAP",".\HOUSE_WORK\PROJECT_COMMAND_CENTER_UI_LANE\DUAL_COMMAND_CENTER_L0_REVIEW_PACKET_20260606\SOURCE_RAW\OUTSIDE_ASSISTANT_COOPERATION_INDEX_V0_2_SOURCE_TO_LIVE_L0_CUSTODY_CHAIN_RAW_20260605.md","1143","Common `DoesNotProve` lines:"
"PROOF_GAP",".\HOUSE_WORK\PROJECT_COMMAND_CENTER_UI_LANE\DUAL_COMMAND_CENTER_L0_REVIEW_PACKET_20260606\SOURCE_RAW\OUTSIDE_ASSISTANT_COOPERATION_INDEX_V0_2_SOURCE_TO_LIVE_L0_CUSTODY_CHAIN_RAW_20260605.md","1428","DoesNotProve:"
"PROOF_GAP",".\HOUSE_WORK\PROJECT_COMMAND_CENTER_UI_LANE\DUAL_COMMAND_CENTER_L0_REVIEW_PACKET_20260606\SOURCE_RAW\OUTSIDE_ASSISTANT_COOPERATION_INDEX_V0_2_SOURCE_TO_LIVE_L0_CUSTODY_CHAIN_RAW_20260605.md","1492","`DoesNotProve`"
"PROOF_GAP",".\HOUSE_WORK\PROJECT_COMMAND_CENTER_UI_LANE\DUAL_COMMAND_CENTER_L0_REVIEW_PACKET_20260606\SOURCE_RAW\OUTSIDE_ASSISTANT_COOPERATION_INDEX_V0_2_SOURCE_TO_LIVE_L0_CUSTODY_CHAIN_RAW_20260605.md","1514","`DoesNotProve`"
"PROOF_GAP",".\HOUSE_WORK\PROJECT_COMMAND_CENTER_UI_LANE\DUAL_COMMAND_CENTER_L0_REVIEW_PACKET_20260606\SOURCE_RAW\OUTSIDE_ASSISTANT_COOPERATION_INDEX_V0_2_SOURCE_TO_LIVE_L0_CUSTODY_CHAIN_RAW_20260605.md","1574","`DoesNotProve`"
"PROOF_GAP",".\HOUSE_WORK\PROJECT_COMMAND_CENTER_UI_LANE\DUAL_COMMAND_CENTER_L0_REVIEW_PACKET_20260606\SOURCE_RAW\OUTSIDE_ASSISTANT_COOPERATION_INDEX_V0_2_SOURCE_TO_LIVE_L0_CUSTODY_CHAIN_RAW_20260605.md","1855","`DoesNotProve:`"
"PROOF_GAP",".\HOUSE_WORK\PROJECT_COMMAND_CENTER_UI_LANE\DUAL_COMMAND_CENTER_L0_REVIEW_PACKET_20260606\SOURCE_RAW\OUTSIDE_ASSISTANT_COOPERATION_INDEX_V0_2_SOURCE_TO_LIVE_L0_CUSTODY_CHAIN_RAW_20260605.md","2168","DoesNotProve:"
"PROOF_GAP",".\HOUSE_WORK\PROJECT_COMMAND_CENTER_UI_LANE\DUAL_COMMAND_CENTER_L0_REVIEW_PACKET_20260606\SOURCE_RAW\OUTSIDE_ASSISTANT_COOPERATION_INDEX_V0_2_SOURCE_TO_LIVE_L0_CUSTODY_CHAIN_RAW_20260605.md","2215","DoesNotProve:"
"PROOF_GAP",".\HOUSE_WORK\PROJECT_COMMAND_CENTER_UI_LANE\DUAL_COMMAND_CENTER_L0_REVIEW_PACKET_20260606\SOURCE_RAW\OUTSIDE_ASSISTANT_COOPERATION_INDEX_V0_2_SOURCE_TO_LIVE_L0_CUSTODY_CHAIN_RAW_20260605.md","2692","`DOES_NOT_PROVE`"
"PROOF_GAP",".\HOUSE_WORK\PROJECT_COMMAND_CENTER_UI_LANE\DUAL_COMMAND_CENTER_L0_REVIEW_PACKET_20260606\SOURCE_RAW\OUTSIDE_ASSISTANT_COOPERATION_INDEX_V0_2_SOURCE_TO_LIVE_L0_CUSTODY_CHAIN_RAW_20260605.md","2826","`DoesNotProve:`"
"PROOF_GAP",".\HOUSE_WORK\PROJECT_COMMAND_CENTER_UI_LANE\DUAL_COMMAND_CENTER_L0_REVIEW_PACKET_20260606\SOURCE_RAW\OUTSIDE_ASSISTANT_COOPERATION_INDEX_V0_2_SOURCE_TO_LIVE_L0_CUSTODY_CHAIN_RAW_20260605.md","2883","## 6.9 Protected Core DoesNotProve Library"
"PROOF_GAP",".\HOUSE_WORK\PROJECT_COMMAND_CENTER_UI_LANE\DUAL_COMMAND_CENTER_L0_REVIEW_PACKET_20260606\SOURCE_RAW\OUTSIDE_ASSISTANT_COOPERATION_INDEX_V0_2_SOURCE_TO_LIVE_L0_CUSTODY_CHAIN_RAW_20260605.md","2885","Guard reports must include `DoesNotProve`."
"PROOF_GAP",".\HOUSE_WORK\PROJECT_COMMAND_CENTER_UI_LANE\DUAL_COMMAND_CENTER_L0_REVIEW_PACKET_20260606\SOURCE_RAW\OUTSIDE_ASSISTANT_COOPERATION_INDEX_V0_2_SOURCE_TO_LIVE_L0_CUSTODY_CHAIN_RAW_20260605.md","2989","DoesNotProve:"
"PROOF_GAP",".\HOUSE_WORK\PROJECT_COMMAND_CENTER_UI_LANE\DUAL_COMMAND_CENTER_L0_REVIEW_PACKET_20260606\SOURCE_RAW\OUTSIDE_ASSISTANT_COOPERATION_INDEX_V0_2_SOURCE_TO_LIVE_L0_CUSTODY_CHAIN_RAW_20260605.md","3032","DoesNotProve:"
"PROOF_GAP",".\HOUSE_WORK\PROJECT_COMMAND_CENTER_UI_LANE\DUAL_COMMAND_CENTER_L0_REVIEW_PACKET_20260606\SOURCE_RAW\OUTSIDE_ASSISTANT_COOPERATION_INDEX_V0_2_SOURCE_TO_LIVE_L0_CUSTODY_CHAIN_RAW_20260605.md","3159","`DoesNotProve`"
"PROOF_GAP",".\HOUSE_WORK\PROJECT_COMMAND_CENTER_UI_LANE\DUAL_COMMAND_CENTER_L0_REVIEW_PACKET_20260606\SOURCE_RAW\OUTSIDE_ASSISTANT_COOPERATION_INDEX_V0_2_SOURCE_TO_LIVE_L0_CUSTODY_CHAIN_RAW_20260605.md","3396","DoesNotProve:"
"PROOF_GAP",".\HOUSE_WORK\PROJECT_COMMAND_CENTER_UI_LANE\DUAL_COMMAND_CENTER_L0_REVIEW_PACKET_20260606\SOURCE_RAW\OUTSIDE_ASSISTANT_COOPERATION_INDEX_V0_2_SOURCE_TO_LIVE_L0_CUSTODY_CHAIN_RAW_20260605.md","3437","DoesNotProve:"
"PROOF_GAP",".\HOUSE_WORK\PROJECT_COMMAND_CENTER_UI_LANE\DUAL_COMMAND_CENTER_L0_REVIEW_PACKET_20260606\SOURCE_RAW\OUTSIDE_ASSISTANT_COOPERATION_INDEX_V0_2_SOURCE_TO_LIVE_L0_CUSTODY_CHAIN_RAW_20260605.md","3522","## 7.13 Human Review DoesNotProve Library"
"PROOF_GAP",".\HOUSE_WORK\PROJECT_COMMAND_CENTER_UI_LANE\DUAL_COMMAND_CENTER_L0_REVIEW_PACKET_20260606\SOURCE_RAW\OUTSIDE_ASSISTANT_COOPERATION_INDEX_V0_2_SOURCE_TO_LIVE_L0_CUSTODY_CHAIN_RAW_20260605.md","3578","`DoesNotProve`"
"PROOF_GAP",".\HOUSE_WORK\PROJECT_COMMAND_CENTER_UI_LANE\DUAL_COMMAND_CENTER_L0_REVIEW_PACKET_20260606\SOURCE_RAW\OUTSIDE_ASSISTANT_COOPERATION_INDEX_V0_2_SOURCE_TO_LIVE_L0_CUSTODY_CHAIN_RAW_20260605.md","3798","`DoesNotProve`"
"PROOF_GAP",".\HOUSE_WORK\PROJECT_COMMAND_CENTER_UI_LANE\DUAL_COMMAND_CENTER_L0_REVIEW_PACKET_20260606\SOURCE_RAW\OUTSIDE_ASSISTANT_COOPERATION_INDEX_V0_2_SOURCE_TO_LIVE_L0_CUSTODY_CHAIN_RAW_20260605.md","3836","DoesNotProve:"
"PROOF_GAP",".\HOUSE_WORK\PROJECT_COMMAND_CENTER_UI_LANE\DUAL_COMMAND_CENTER_L0_REVIEW_PACKET_20260606\SOURCE_RAW\OUTSIDE_ASSISTANT_COOPERATION_INDEX_V0_2_SOURCE_TO_LIVE_L0_CUSTODY_CHAIN_RAW_20260605.md","4191","DoesNotProve:"
"PROOF_GAP",".\HOUSE_WORK\PROJECT_COMMAND_CENTER_UI_LANE\DUAL_COMMAND_CENTER_L0_REVIEW_PACKET_20260606\SOURCE_RAW\OUTSIDE_ASSISTANT_COOPERATION_INDEX_V0_2_SOURCE_TO_LIVE_L0_CUSTODY_CHAIN_RAW_20260605.md","4199","## 8.11 DoesNotProve Library for Mutation"
"PROOF_GAP",".\HOUSE_WORK\PROJECT_COMMAND_CENTER_UI_LANE\DUAL_COMMAND_CENTER_L0_REVIEW_PACKET_20260606\SOURCE_RAW\OUTSIDE_ASSISTANT_COOPERATION_INDEX_V0_2_SOURCE_TO_LIVE_L0_CUSTODY_CHAIN_RAW_20260605.md","4518","`DoesNotProve`"
"PROOF_GAP",".\HOUSE_WORK\PROJECT_COMMAND_CENTER_UI_LANE\DUAL_COMMAND_CENTER_L0_REVIEW_PACKET_20260606\SOURCE_RAW\OUTSIDE_ASSISTANT_COOPERATION_INDEX_V0_2_SOURCE_TO_LIVE_L0_CUSTODY_CHAIN_RAW_20260605.md","4554","`DoesNotProve`"
"PROOF_GAP",".\HOUSE_WORK\PROJECT_COMMAND_CENTER_UI_LANE\DUAL_COMMAND_CENTER_L0_REVIEW_PACKET_20260606\SOURCE_RAW\OUTSIDE_ASSISTANT_COOPERATION_INDEX_V0_2_SOURCE_TO_LIVE_L0_CUSTODY_CHAIN_RAW_20260605.md","4556","The uploaded index already proposed a router receipt with `DetectedScents`, `SelectedActor`, `RejectedActors`, custody packet, mutation level, stop conditions, and `DoesNotProve`.  Batch 9 turns that from optional receip"
"PROOF_GAP",".\HOUSE_WORK\PROJECT_COMMAND_CENTER_UI_LANE\DUAL_COMMAND_CENTER_L0_REVIEW_PACKET_20260606\SOURCE_RAW\OUTSIDE_ASSISTANT_COOPERATION_INDEX_V0_2_SOURCE_TO_LIVE_L0_CUSTODY_CHAIN_RAW_20260605.md","4608","`DoesNotProvePresent: true`"
"PROOF_GAP",".\HOUSE_WORK\PROJECT_COMMAND_CENTER_UI_LANE\DUAL_COMMAND_CENTER_L0_REVIEW_PACKET_20260606\SOURCE_RAW\OUTSIDE_ASSISTANT_COOPERATION_INDEX_V0_2_SOURCE_TO_LIVE_L0_CUSTODY_CHAIN_RAW_20260605.md","4663","## 9.10 Supervisor Must Track DoesNotProve"
"PROOF_GAP",".\HOUSE_WORK\PROJECT_COMMAND_CENTER_UI_LANE\DUAL_COMMAND_CENTER_L0_REVIEW_PACKET_20260606\SOURCE_RAW\OUTSIDE_ASSISTANT_COOPERATION_INDEX_V0_2_SOURCE_TO_LIVE_L0_CUSTODY_CHAIN_RAW_20260605.md","4665","The supervisor must preserve every actor’s `DoesNotProve`."
"PROOF_GAP",".\HOUSE_WORK\PROJECT_COMMAND_CENTER_UI_LANE\DUAL_COMMAND_CENTER_L0_REVIEW_PACKET_20260606\SOURCE_RAW\OUTSIDE_ASSISTANT_COOPERATION_INDEX_V0_2_SOURCE_TO_LIVE_L0_CUSTODY_CHAIN_RAW_20260605.md","4693","`DOES_NOT_PROVE SURVIVES SUMMARY.`"
"PROOF_GAP",".\HOUSE_WORK\PROJECT_COMMAND_CENTER_UI_LANE\DUAL_COMMAND_CENTER_L0_REVIEW_PACKET_20260606\SOURCE_RAW\OUTSIDE_ASSISTANT_COOPERATION_INDEX_V0_2_SOURCE_TO_LIVE_L0_CUSTODY_CHAIN_RAW_20260605.md","4725","`DOES_NOT_PROVE_DROPPED`"
"PROOF_GAP",".\HOUSE_WORK\PROJECT_COMMAND_CENTER_UI_LANE\DUAL_COMMAND_CENTER_L0_REVIEW_PACKET_20260606\SOURCE_RAW\OUTSIDE_ASSISTANT_COOPERATION_INDEX_V0_2_SOURCE_TO_LIVE_L0_CUSTODY_CHAIN_RAW_20260605.md","4769","DoesNotProvePreservation:"
"PROOF_GAP",".\HOUSE_WORK\PROJECT_COMMAND_CENTER_UI_LANE\DUAL_COMMAND_CENTER_L0_REVIEW_PACKET_20260606\SOURCE_RAW\OUTSIDE_ASSISTANT_COOPERATION_INDEX_V0_2_SOURCE_TO_LIVE_L0_CUSTODY_CHAIN_RAW_20260605.md","4828","DoesNotProvePreserved:"
"PROOF_GAP",".\HOUSE_WORK\PROJECT_COMMAND_CENTER_UI_LANE\DUAL_COMMAND_CENTER_L0_REVIEW_PACKET_20260606\SOURCE_RAW\OUTSIDE_ASSISTANT_COOPERATION_INDEX_V0_2_SOURCE_TO_LIVE_L0_CUSTODY_CHAIN_RAW_20260605.md","4904","A UI must not become another false authority layer. It should not say “clean,” “fix,” “delete,” or “done” just because a button was clicked or a worker returned a happy line. It should show who is acting, what they are a"
"PROOF_GAP",".\HOUSE_WORK\PROJECT_COMMAND_CENTER_UI_LANE\DUAL_COMMAND_CENTER_L0_REVIEW_PACKET_20260606\SOURCE_RAW\OUTSIDE_ASSISTANT_COOPERATION_INDEX_V0_2_SOURCE_TO_LIVE_L0_CUSTODY_CHAIN_RAW_20260605.md","4964","`DoesNotProve`"
"PROOF_GAP",".\HOUSE_WORK\PROJECT_COMMAND_CENTER_UI_LANE\DUAL_COMMAND_CENTER_L0_REVIEW_PACKET_20260606\SOURCE_RAW\OUTSIDE_ASSISTANT_COOPERATION_INDEX_V0_2_SOURCE_TO_LIVE_L0_CUSTODY_CHAIN_RAW_20260605.md","5197","`DOES_NOT_PROVE`"
"PROOF_GAP",".\HOUSE_WORK\PROJECT_COMMAND_CENTER_UI_LANE\DUAL_COMMAND_CENTER_L0_REVIEW_PACKET_20260606\SOURCE_RAW\OUTSIDE_ASSISTANT_COOPERATION_INDEX_V0_2_SOURCE_TO_LIVE_L0_CUSTODY_CHAIN_RAW_20260605.md","5220","`DoesNotProve`"
"PROOF_GAP",".\HOUSE_WORK\PROJECT_COMMAND_CENTER_UI_LANE\DUAL_COMMAND_CENTER_L0_REVIEW_PACKET_20260606\SOURCE_RAW\OUTSIDE_ASSISTANT_COOPERATION_INDEX_V0_2_SOURCE_TO_LIVE_L0_CUSTODY_CHAIN_RAW_20260605.md","5237","`DoesNotProve present`"
"PROOF_GAP",".\HOUSE_WORK\PROJECT_COMMAND_CENTER_UI_LANE\DUAL_COMMAND_CENTER_L0_REVIEW_PACKET_20260606\SOURCE_RAW\OUTSIDE_ASSISTANT_COOPERATION_INDEX_V0_2_SOURCE_TO_LIVE_L0_CUSTODY_CHAIN_RAW_20260605.md","5248","`DOES_NOT_PROVE_DROPPED`"
"PROOF_GAP",".\HOUSE_WORK\PROJECT_COMMAND_CENTER_UI_LANE\DUAL_COMMAND_CENTER_L0_REVIEW_PACKET_20260606\SOURCE_RAW\OUTSIDE_ASSISTANT_COOPERATION_INDEX_V0_2_SOURCE_TO_LIVE_L0_CUSTODY_CHAIN_RAW_20260605.md","5462","`Open DoesNotProve`"
"PROOF_GAP",".\HOUSE_WORK\PROJECT_COMMAND_CENTER_UI_LANE\DUAL_COMMAND_CENTER_L0_REVIEW_PACKET_20260606\SOURCE_RAW\OUTSIDE_ASSISTANT_COOPERATION_INDEX_V0_2_SOURCE_TO_LIVE_L0_CUSTODY_CHAIN_RAW_20260605.md","5541","`UI_DROPPED_DOES_NOT_PROVE`"
"PROOF_GAP",".\HOUSE_WORK\PROJECT_COMMAND_CENTER_UI_LANE\DUAL_COMMAND_CENTER_L0_REVIEW_PACKET_20260606\SOURCE_RAW\OUTSIDE_ASSISTANT_COOPERATION_INDEX_V0_2_SOURCE_TO_LIVE_L0_CUSTODY_CHAIN_RAW_20260605.md","5567","`THE COMMAND CENTER IS A CONTROL ROOM, NOT AN ACTOR. IT MUST SHOW ACTIVE OBJECT, ACTOR, WORK TOKEN, CUSTODY PACKET, HANDOFF TRACE, RECEIPT, BLOCKERS, BYTE ACCOUNTING, HUMAN REVIEW, AND DOES_NOT_PROVE. UI BUTTONS DO NOT C"
"PROOF_GAP",".\HOUSE_WORK\PROJECT_COMMAND_CENTER_UI_LANE\DUAL_COMMAND_CENTER_L0_REVIEW_PACKET_20260606\SOURCE_RAW\OUTSIDE_ASSISTANT_COOPERATION_INDEX_V0_2_SOURCE_TO_LIVE_L0_CUSTODY_CHAIN_RAW_20260605.md","5686","  ""DoesNotProve"": []"
"PROOF_GAP",".\HOUSE_WORK\PROJECT_COMMAND_CENTER_UI_LANE\DUAL_COMMAND_CENTER_L0_REVIEW_PACKET_20260606\SOURCE_RAW\OUTSIDE_ASSISTANT_COOPERATION_INDEX_V0_2_SOURCE_TO_LIVE_L0_CUSTODY_CHAIN_RAW_20260605.md","5837","`DoesNotProve`"
"PROOF_GAP",".\HOUSE_WORK\PROJECT_COMMAND_CENTER_UI_LANE\DUAL_COMMAND_CENTER_L0_REVIEW_PACKET_20260606\SOURCE_RAW\OUTSIDE_ASSISTANT_COOPERATION_INDEX_V0_2_SOURCE_TO_LIVE_L0_CUSTODY_CHAIN_RAW_20260605.md","5868","`DoesNotProvePresent`"
"PROOF_GAP",".\HOUSE_WORK\PROJECT_COMMAND_CENTER_UI_LANE\DUAL_COMMAND_CENTER_L0_REVIEW_PACKET_20260606\SOURCE_RAW\OUTSIDE_ASSISTANT_COOPERATION_INDEX_V0_2_SOURCE_TO_LIVE_L0_CUSTODY_CHAIN_RAW_20260605.md","5935","  ""DoesNotProve"": [],"
"PROOF_GAP",".\HOUSE_WORK\PROJECT_COMMAND_CENTER_UI_LANE\DUAL_COMMAND_CENTER_L0_REVIEW_PACKET_20260606\SOURCE_RAW\OUTSIDE_ASSISTANT_COOPERATION_INDEX_V0_2_SOURCE_TO_LIVE_L0_CUSTODY_CHAIN_RAW_20260605.md","5945","`DoesNotProve` is empty."
"PROOF_GAP",".\HOUSE_WORK\PROJECT_COMMAND_CENTER_UI_LANE\DUAL_COMMAND_CENTER_L0_REVIEW_PACKET_20260606\SOURCE_RAW\OUTSIDE_ASSISTANT_COOPERATION_INDEX_V0_2_SOURCE_TO_LIVE_L0_CUSTODY_CHAIN_RAW_20260605.md","5979","`DoesNotProvePresent`"
"PROOF_GAP",".\HOUSE_WORK\PROJECT_COMMAND_CENTER_UI_LANE\DUAL_COMMAND_CENTER_L0_REVIEW_PACKET_20260606\SOURCE_RAW\OUTSIDE_ASSISTANT_COOPERATION_INDEX_V0_2_SOURCE_TO_LIVE_L0_CUSTODY_CHAIN_RAW_20260605.md","5991","`DOES_NOT_PROVE_DROPPED`"
"PROOF_GAP",".\HOUSE_WORK\PROJECT_COMMAND_CENTER_UI_LANE\DUAL_COMMAND_CENTER_L0_REVIEW_PACKET_20260606\SOURCE_RAW\OUTSIDE_ASSISTANT_COOPERATION_INDEX_V0_2_SOURCE_TO_LIVE_L0_CUSTODY_CHAIN_RAW_20260605.md","6064","`DoesNotProve`"
"PROOF_GAP",".\HOUSE_WORK\PROJECT_COMMAND_CENTER_UI_LANE\DUAL_COMMAND_CENTER_L0_REVIEW_PACKET_20260606\SOURCE_RAW\OUTSIDE_ASSISTANT_COOPERATION_INDEX_V0_2_SOURCE_TO_LIVE_L0_CUSTODY_CHAIN_RAW_20260605.md","6186","`DoesNotProve`"
"PROOF_GAP",".\HOUSE_WORK\PROJECT_COMMAND_CENTER_UI_LANE\DUAL_COMMAND_CENTER_L0_REVIEW_PACKET_20260606\SOURCE_RAW\OUTSIDE_ASSISTANT_COOPERATION_INDEX_V0_2_SOURCE_TO_LIVE_L0_CUSTODY_CHAIN_RAW_20260605.md","6217","  ""DoesNotProve"": []"
"PROOF_GAP",".\HOUSE_WORK\PROJECT_COMMAND_CENTER_UI_LANE\DUAL_COMMAND_CENTER_L0_REVIEW_PACKET_20260606\SOURCE_RAW\OUTSIDE_ASSISTANT_COOPERATION_INDEX_V0_2_SOURCE_TO_LIVE_L0_CUSTODY_CHAIN_RAW_20260605.md","6264","`Show DoesNotProve`"
"PROOF_GAP",".\HOUSE_WORK\PROJECT_COMMAND_CENTER_UI_LANE\DUAL_COMMAND_CENTER_L0_REVIEW_PACKET_20260606\SOURCE_RAW\OUTSIDE_ASSISTANT_COOPERATION_INDEX_V0_2_SOURCE_TO_LIVE_L0_CUSTODY_CHAIN_RAW_20260605.md","6283","  ""DoesNotProve"": []"
"PROOF_GAP",".\HOUSE_WORK\PROJECT_COMMAND_CENTER_UI_LANE\DUAL_COMMAND_CENTER_L0_REVIEW_PACKET_20260606\SOURCE_RAW\OUTSIDE_ASSISTANT_COOPERATION_INDEX_V0_2_SOURCE_TO_LIVE_L0_CUSTODY_CHAIN_RAW_20260605.md","6301","  ""DoesNotProve"": [""Preparing a mutation packet does not execute the mutation.""]"
"PROOF_GAP",".\HOUSE_WORK\PROJECT_COMMAND_CENTER_UI_LANE\DUAL_COMMAND_CENTER_L0_REVIEW_PACKET_20260606\SOURCE_RAW\OUTSIDE_ASSISTANT_COOPERATION_INDEX_V0_2_SOURCE_TO_LIVE_L0_CUSTODY_CHAIN_RAW_20260605.md","6414","`DoesNotProve present`"
"PROOF_GAP",".\HOUSE_WORK\PROJECT_COMMAND_CENTER_UI_LANE\DUAL_COMMAND_CENTER_L0_REVIEW_PACKET_20260606\SOURCE_RAW\OUTSIDE_ASSISTANT_COOPERATION_INDEX_V0_2_SOURCE_TO_LIVE_L0_CUSTODY_CHAIN_RAW_20260605.md","6449","## 10B.19 Command Center DoesNotProve Library"
"PROOF_GAP",".\HOUSE_WORK\PROJECT_COMMAND_CENTER_UI_LANE\DUAL_COMMAND_CENTER_L0_REVIEW_PACKET_20260606\SOURCE_RAW\OUTSIDE_ASSISTANT_COOPERATION_INDEX_V0_2_SOURCE_TO_LIVE_L0_CUSTODY_CHAIN_RAW_20260605.md","6498","`What remains unproven?`"
"PROOF_GAP",".\HOUSE_WORK\PROJECT_COMMAND_CENTER_UI_LANE\DUAL_COMMAND_CENTER_L0_REVIEW_PACKET_20260606\SOURCE_RAW\OUTSIDE_ASSISTANT_COOPERATION_INDEX_V0_2_SOURCE_TO_LIVE_L0_CUSTODY_CHAIN_RAW_20260605.md","6509","`IF AN OUTSIDE ASSISTANT ACTS, THE COMMAND CENTER MUST CAPTURE TRACE, STATUS, RECEIPT, ARTIFACT, OWNER, AND DOES_NOT_PROVE.`"
"PROOF_GAP",".\HOUSE_WORK\PROJECT_COMMAND_CENTER_UI_LANE\DUAL_COMMAND_CENTER_L0_REVIEW_PACKET_20260606\SOURCE_RAW\OUTSIDE_ASSISTANT_COOPERATION_INDEX_V0_2_SOURCE_TO_LIVE_L0_CUSTODY_CHAIN_RAW_20260605.md","6559","`DoesNotProve`"
"PROOF_GAP",".\HOUSE_WORK\PROJECT_COMMAND_CENTER_UI_LANE\DUAL_COMMAND_CENTER_L0_REVIEW_PACKET_20260606\SOURCE_RAW\OUTSIDE_ASSISTANT_COOPERATION_INDEX_V0_2_SOURCE_TO_LIVE_L0_CUSTODY_CHAIN_RAW_20260605.md","6663","  ""DoesNotProve"": []"
"PROOF_GAP",".\HOUSE_WORK\PROJECT_COMMAND_CENTER_UI_LANE\DUAL_COMMAND_CENTER_L0_REVIEW_PACKET_20260606\SOURCE_RAW\OUTSIDE_ASSISTANT_COOPERATION_INDEX_V0_2_SOURCE_TO_LIVE_L0_CUSTODY_CHAIN_RAW_20260605.md","6736","`DoesNotProve`"
"PROOF_GAP",".\HOUSE_WORK\PROJECT_COMMAND_CENTER_UI_LANE\DUAL_COMMAND_CENTER_L0_REVIEW_PACKET_20260606\SOURCE_RAW\OUTSIDE_ASSISTANT_COOPERATION_INDEX_V0_2_SOURCE_TO_LIVE_L0_CUSTODY_CHAIN_RAW_20260605.md","6792","`DoesNotProve`"
"PROOF_GAP",".\HOUSE_WORK\PROJECT_COMMAND_CENTER_UI_LANE\DUAL_COMMAND_CENTER_L0_REVIEW_PACKET_20260606\SOURCE_RAW\OUTSIDE_ASSISTANT_COOPERATION_INDEX_V0_2_SOURCE_TO_LIVE_L0_CUSTODY_CHAIN_RAW_20260605.md","6954","Each view must expose `DoesNotProve`."
"PROOF_GAP",".\HOUSE_WORK\PROJECT_COMMAND_CENTER_UI_LANE\DUAL_COMMAND_CENTER_L0_REVIEW_PACKET_20260606\SOURCE_RAW\OUTSIDE_ASSISTANT_COOPERATION_INDEX_V0_2_SOURCE_TO_LIVE_L0_CUSTODY_CHAIN_RAW_20260605.md","6960","`DoesNotProve: classification does not authorize restore, cleanup, deletion, compression, or Recycle Bin emptying.`"
"PROOF_GAP",".\HOUSE_WORK\PROJECT_COMMAND_CENTER_UI_LANE\DUAL_COMMAND_CENTER_L0_REVIEW_PACKET_20260606\SOURCE_RAW\OUTSIDE_ASSISTANT_COOPERATION_INDEX_V0_2_SOURCE_TO_LIVE_L0_CUSTODY_CHAIN_RAW_20260605.md","6989","### 10C.11 Command Center DoesNotProve Persistence"
"PROOF_GAP",".\HOUSE_WORK\PROJECT_COMMAND_CENTER_UI_LANE\DUAL_COMMAND_CENTER_L0_REVIEW_PACKET_20260606\SOURCE_RAW\OUTSIDE_ASSISTANT_COOPERATION_INDEX_V0_2_SOURCE_TO_LIVE_L0_CUSTODY_CHAIN_RAW_20260605.md","6991","The `DoesNotProve` boundary must survive:"
"PROOF_GAP",".\HOUSE_WORK\PROJECT_COMMAND_CENTER_UI_LANE\DUAL_COMMAND_CENTER_L0_REVIEW_PACKET_20260606\SOURCE_RAW\OUTSIDE_ASSISTANT_COOPERATION_INDEX_V0_2_SOURCE_TO_LIVE_L0_CUSTODY_CHAIN_RAW_20260605.md","7001","If any summary drops `DoesNotProve`, mark:"
"PROOF_GAP",".\HOUSE_WORK\PROJECT_COMMAND_CENTER_UI_LANE\DUAL_COMMAND_CENTER_L0_REVIEW_PACKET_20260606\SOURCE_RAW\OUTSIDE_ASSISTANT_COOPERATION_INDEX_V0_2_SOURCE_TO_LIVE_L0_CUSTODY_CHAIN_RAW_20260605.md","7003","`DOES_NOT_PROVE_DROPPED`"
"PROOF_GAP",".\HOUSE_WORK\PROJECT_COMMAND_CENTER_UI_LANE\DUAL_COMMAND_CENTER_L0_REVIEW_PACKET_20260606\SOURCE_RAW\OUTSIDE_ASSISTANT_COOPERATION_INDEX_V0_2_SOURCE_TO_LIVE_L0_CUSTODY_CHAIN_RAW_20260605.md","7017","`THE COMMAND CENTER MUST MAKE OUTSIDE-ASSISTANT WORK OBSERVABLE: TRACES SHOW ROUTE, METRICS SHOW COUNTS/BYTES, LOGS SHOW EVENTS, ARTIFACTS SHOW OUTPUTS, CATALOG SHOWS OWNERSHIP, ARCHIVES PRESERVE CLOSED WORK, AND DOES_NO"
"PROOF_GAP",".\HOUSE_WORK\PROJECT_COMMAND_CENTER_UI_LANE\DUAL_COMMAND_CENTER_L0_REVIEW_PACKET_20260606\SOURCE_RAW\OUTSIDE_ASSISTANT_COOPERATION_INDEX_V0_2_SOURCE_TO_LIVE_L0_CUSTODY_CHAIN_RAW_20260605.md","7178","DOES_NOT_PROVE:"
"PROOF_GAP",".\HOUSE_WORK\PROJECT_COMMAND_CENTER_UI_LANE\DUAL_COMMAND_CENTER_L0_REVIEW_PACKET_20260606\SOURCE_RAW\OUTSIDE_ASSISTANT_COOPERATION_INDEX_V0_2_SOURCE_TO_LIVE_L0_CUSTODY_CHAIN_RAW_20260605.md","7290","  DOES_NOT_PROVE.md"
"PROOF_GAP",".\HOUSE_WORK\PROJECT_COMMAND_CENTER_UI_LANE\DUAL_COMMAND_CENTER_L0_REVIEW_PACKET_20260606\SOURCE_RAW\OUTSIDE_ASSISTANT_COOPERATION_INDEX_V0_2_SOURCE_TO_LIVE_L0_CUSTODY_CHAIN_RAW_20260605.md","7431","    DOES_NOT_PROVE.md"
"PROOF_GAP",".\HOUSE_WORK\PROJECT_COMMAND_CENTER_UI_LANE\DUAL_COMMAND_CENTER_L0_REVIEW_PACKET_20260606\SOURCE_RAW\OUTSIDE_ASSISTANT_COOPERATION_INDEX_V0_2_SOURCE_TO_LIVE_L0_CUSTODY_CHAIN_RAW_20260605.md","7491","What remains unproven?"
"PROOF_GAP",".\HOUSE_WORK\PROJECT_COMMAND_CENTER_UI_LANE\DUAL_COMMAND_CENTER_L0_REVIEW_PACKET_20260606\SOURCE_RAW\OUTSIDE_ASSISTANT_COOPERATION_INDEX_V0_2_SOURCE_TO_LIVE_L0_CUSTODY_CHAIN_RAW_20260605.md","7509","DOES_NOT_PROVE:"
"PROOF_GAP",".\HOUSE_WORK\PROJECT_COMMAND_CENTER_UI_LANE\DUAL_COMMAND_CENTER_L0_REVIEW_PACKET_20260606\SOURCE_RAW\OUTSIDE_ASSISTANT_COOPERATION_INDEX_V0_2_SOURCE_TO_LIVE_L0_CUSTODY_CHAIN_RAW_20260605.md","7604","`drop DoesNotProve`"
"PROOF_GAP",".\HOUSE_WORK\PROJECT_COMMAND_CENTER_UI_LANE\DUAL_COMMAND_CENTER_L0_REVIEW_PACKET_20260606\SOURCE_RAW\OUTSIDE_ASSISTANT_COOPERATION_INDEX_V0_2_SOURCE_TO_LIVE_L0_CUSTODY_CHAIN_RAW_20260605.md","7714","`DoesNotProve`"
"PROOF_GAP",".\HOUSE_WORK\PROJECT_COMMAND_CENTER_UI_LANE\DUAL_COMMAND_CENTER_L0_REVIEW_PACKET_20260606\SOURCE_RAW\OUTSIDE_ASSISTANT_COOPERATION_INDEX_V0_2_SOURCE_TO_LIVE_L0_CUSTODY_CHAIN_RAW_20260605.md","7783","`USER_DASHBOARD_DROPPED_DOES_NOT_PROVE`"
"PROOF_GAP",".\HOUSE_WORK\PROJECT_COMMAND_CENTER_UI_LANE\DUAL_COMMAND_CENTER_L0_REVIEW_PACKET_20260606\SOURCE_RAW\OUTSIDE_ASSISTANT_COOPERATION_INDEX_V0_2_SOURCE_TO_LIVE_L0_CUSTODY_CHAIN_RAW_20260605.md","7872","    DOES_NOT_PROVE.md"
"PROOF_GAP",".\HOUSE_WORK\PROJECT_COMMAND_CENTER_UI_LANE\DUAL_COMMAND_CENTER_L0_REVIEW_PACKET_20260606\SOURCE_RAW\OUTSIDE_ASSISTANT_COOPERATION_INDEX_V0_2_SOURCE_TO_LIVE_L0_CUSTODY_CHAIN_RAW_20260605.md","7953","7. DOES_NOT_PROVE.md"
"PROOF_GAP",".\HOUSE_WORK\PROJECT_COMMAND_CENTER_UI_LANE\DUAL_COMMAND_CENTER_L0_REVIEW_PACKET_20260606\SOURCE_RAW\OUTSIDE_ASSISTANT_COOPERATION_INDEX_V0_2_SOURCE_TO_LIVE_L0_CUSTODY_CHAIN_RAW_20260605.md","8172","- DoesNotProve"
"PROOF_GAP",".\HOUSE_WORK\PROJECT_COMMAND_CENTER_UI_LANE\DUAL_COMMAND_CENTER_L0_REVIEW_PACKET_20260606\SOURCE_RAW\OUTSIDE_ASSISTANT_COOPERATION_INDEX_V0_2_SOURCE_TO_LIVE_L0_CUSTODY_CHAIN_RAW_20260605.md","8185","## 10F.9 DOES_NOT_PROVE.md"
"PROOF_GAP",".\HOUSE_WORK\PROJECT_COMMAND_CENTER_UI_LANE\DUAL_COMMAND_CENTER_L0_REVIEW_PACKET_20260606\SOURCE_RAW\OUTSIDE_ASSISTANT_COOPERATION_INDEX_V0_2_SOURCE_TO_LIVE_L0_CUSTODY_CHAIN_RAW_20260605.md","8210","DoesNotProve survives every summary, receipt, handoff, dashboard, and closeout."
"PROOF_GAP",".\HOUSE_WORK\PROJECT_COMMAND_CENTER_UI_LANE\DUAL_COMMAND_CENTER_L0_REVIEW_PACKET_20260606\SOURCE_RAW\OUTSIDE_ASSISTANT_COOPERATION_INDEX_V0_2_SOURCE_TO_LIVE_L0_CUSTODY_CHAIN_RAW_20260605.md","8296","| ReceiptId | ActiveObject | Actor | ActiveJobDone | RootIntakeDone | MutationFlagsPresent | CountsMatched | HashesPresent | DoesNotProvePresent | JudgeVerdict |"
"PROOF_GAP",".\HOUSE_WORK\PROJECT_COMMAND_CENTER_UI_LANE\DUAL_COMMAND_CENTER_L0_REVIEW_PACKET_20260606\SOURCE_RAW\OUTSIDE_ASSISTANT_COOPERATION_INDEX_V0_2_SOURCE_TO_LIVE_L0_CUSTODY_CHAIN_RAW_20260605.md","8370","RouterDecisionId,CreatedUtc,UserRequest,ActiveObject,DetectedScents,SelectedActor,RejectedActors,WhySelected,WhyRejected,WorkingLane,CustodyPacketPath,AllowedMutationLevel,ForbiddenActions,ExpectedReceipt,WorkTokenId,Sta"
"PROOF_GAP",".\HOUSE_WORK\PROJECT_COMMAND_CENTER_UI_LANE\DUAL_COMMAND_CENTER_L0_REVIEW_PACKET_20260606\SOURCE_RAW\OUTSIDE_ASSISTANT_COOPERATION_INDEX_V0_2_SOURCE_TO_LIVE_L0_CUSTODY_CHAIN_RAW_20260605.md","8376","PacketId,ActiveObject,Actor,PacketPath,ActorReadableSurface,InstalledWhereActorReads,AllowedMutationLevel,ForbiddenActionsPresent,LosslessCustodyPresent,RootIntakeRulePresent,StopConditionsPresent,DoesNotProvePresent,Pac"
"PROOF_GAP",".\HOUSE_WORK\PROJECT_COMMAND_CENTER_UI_LANE\DUAL_COMMAND_CENTER_L0_REVIEW_PACKET_20260606\SOURCE_RAW\OUTSIDE_ASSISTANT_COOPERATION_INDEX_V0_2_SOURCE_TO_LIVE_L0_CUSTODY_CHAIN_RAW_20260605.md","8382","ReceiptId,ActiveObject,Actor,ReceiptPath,ReceiptSHA256,Status,ActiveJobDone,RootIntakeDone,Deleted,Moved,Compressed,Archived,Deduped,RestoredInPlace,RecycleBinEmptied,Committed,Pushed,RowsExpected,RowsProcessed,CountsMat"
"PROOF_GAP",".\HOUSE_WORK\PROJECT_COMMAND_CENTER_UI_LANE\DUAL_COMMAND_CENTER_L0_REVIEW_PACKET_20260606\SOURCE_RAW\OUTSIDE_ASSISTANT_COOPERATION_INDEX_V0_2_SOURCE_TO_LIVE_L0_CUSTODY_CHAIN_RAW_20260605.md","8388","DecisionItem,OriginalPath,CurrentCustodyPath,ProposedAction,RiskLevel,Bytes,HashEvidence,DuplicateEvidence,AccountingStatus,WhyThisMatters,RiskIfApproved,RiskIfDenied,AllowedChoices,HumanDecision,MutationAuthorized,Requi"
"PROOF_GAP",".\HOUSE_WORK\PROJECT_COMMAND_CENTER_UI_LANE\DUAL_COMMAND_CENTER_L0_REVIEW_PACKET_20260606\SOURCE_RAW\OUTSIDE_ASSISTANT_COOPERATION_INDEX_V0_2_SOURCE_TO_LIVE_L0_CUSTODY_CHAIN_RAW_20260605.md","8394","DetectedUtc,RootFilePath,SizeBytes,SHA256Before,LikelyPurpose,RouteDecision,RoutedPath,SHA256After,RouteReceipt,ActiveObjectBeforeRootIntake,ActiveJobContinued,ActiveJobDone,DoesNotProve"
"PROOF_GAP",".\HOUSE_WORK\PROJECT_COMMAND_CENTER_UI_LANE\DUAL_COMMAND_CENTER_L0_REVIEW_PACKET_20260606\SOURCE_RAW\OUTSIDE_ASSISTANT_COOPERATION_INDEX_V0_2_SOURCE_TO_LIVE_L0_CUSTODY_CHAIN_RAW_20260605.md","8400","ArtifactId,TraceId,ActiveObject,Actor,ArtifactType,Path,SHA256,Bytes,CreatedUtc,Purpose,OwnerActor,CustodyLane,RetentionClass,MayDelete,DeleteAuthority,DoesNotProve"
"PROOF_GAP",".\HOUSE_WORK\PROJECT_COMMAND_CENTER_UI_LANE\DUAL_COMMAND_CENTER_L0_REVIEW_PACKET_20260606\SOURCE_RAW\OUTSIDE_ASSISTANT_COOPERATION_INDEX_V0_2_SOURCE_TO_LIVE_L0_CUSTODY_CHAIN_RAW_20260605.md","8406","EntityId,EntityKind,Name,Owner,Layer,AuthorityBoundary,ReadableBy,WritableBy,MayApproveMutation,MayExecuteMutation,MayAcceptReceipt,Path,ProofPointer,DoesNotProve"
"PROOF_GAP",".\HOUSE_WORK\PROJECT_COMMAND_CENTER_UI_LANE\DUAL_COMMAND_CENTER_L0_REVIEW_PACKET_20260606\SOURCE_RAW\OUTSIDE_ASSISTANT_COOPERATION_INDEX_V0_2_SOURCE_TO_LIVE_L0_CUSTODY_CHAIN_RAW_20260605.md","8432","  ""DoesNotProve"": ["
"PROOF_GAP",".\HOUSE_WORK\PROJECT_COMMAND_CENTER_UI_LANE\DUAL_COMMAND_CENTER_L0_REVIEW_PACKET_20260606\SOURCE_RAW\OUTSIDE_ASSISTANT_COOPERATION_INDEX_V0_2_SOURCE_TO_LIVE_L0_CUSTODY_CHAIN_RAW_20260605.md","8670","status, receipt verdict, blockers, next legal action, DoesNotProve"
"PROOF_GAP",".\HOUSE_WORK\PROJECT_COMMAND_CENTER_UI_LANE\DUAL_COMMAND_CENTER_L0_REVIEW_PACKET_20260606\SOURCE_RAW\OUTSIDE_ASSISTANT_COOPERATION_INDEX_V0_2_SOURCE_TO_LIVE_L0_CUSTODY_CHAIN_RAW_20260605.md","8701","DoesNotProve                          BOTH; must match or merge upward"
"PROOF_GAP",".\HOUSE_WORK\PROJECT_COMMAND_CENTER_UI_LANE\DUAL_COMMAND_CENTER_L0_REVIEW_PACKET_20260606\SOURCE_RAW\OUTSIDE_ASSISTANT_COOPERATION_INDEX_V0_2_SOURCE_TO_LIVE_L0_CUSTODY_CHAIN_RAW_20260605.md","8727","`preserve blockers and DoesNotProve`"
"PROOF_GAP",".\HOUSE_WORK\PROJECT_COMMAND_CENTER_UI_LANE\DUAL_COMMAND_CENTER_L0_REVIEW_PACKET_20260606\SOURCE_RAW\OUTSIDE_ASSISTANT_COOPERATION_INDEX_V0_2_SOURCE_TO_LIVE_L0_CUSTODY_CHAIN_RAW_20260605.md","8743","DoesNotProve: root intake does not complete recovered-item restore decision ledger."
"PROOF_GAP",".\HOUSE_WORK\PROJECT_COMMAND_CENTER_UI_LANE\DUAL_COMMAND_CENTER_L0_REVIEW_PACKET_20260606\SOURCE_RAW\OUTSIDE_ASSISTANT_COOPERATION_INDEX_V0_2_SOURCE_TO_LIVE_L0_CUSTODY_CHAIN_RAW_20260605.md","8812","`DOES_NOT_PROVE.md`"
"PROOF_GAP",".\HOUSE_WORK\PROJECT_COMMAND_CENTER_UI_LANE\DUAL_COMMAND_CENTER_L0_REVIEW_PACKET_20260606\SOURCE_RAW\OUTSIDE_ASSISTANT_COOPERATION_INDEX_V0_2_SOURCE_TO_LIVE_L0_CUSTODY_CHAIN_RAW_20260605.md","8840","  ""DoesNotProve"": [],"
"PROOF_GAP",".\HOUSE_WORK\PROJECT_COMMAND_CENTER_UI_LANE\DUAL_COMMAND_CENTER_L0_REVIEW_PACKET_20260606\SOURCE_RAW\OUTSIDE_ASSISTANT_COOPERATION_INDEX_V0_2_SOURCE_TO_LIVE_L0_CUSTODY_CHAIN_RAW_20260605.md","8903","`DOES_NOT_PROVE.md`"
"PROOF_GAP",".\HOUSE_WORK\PROJECT_COMMAND_CENTER_UI_LANE\DUAL_COMMAND_CENTER_L0_REVIEW_PACKET_20260606\SOURCE_RAW\OUTSIDE_ASSISTANT_COOPERATION_INDEX_V0_2_SOURCE_TO_LIVE_L0_CUSTODY_CHAIN_RAW_20260605.md","9047","`DOES_NOT_PROVE.md`"
"PROOF_GAP",".\HOUSE_WORK\PROJECT_COMMAND_CENTER_UI_LANE\DUAL_COMMAND_CENTER_L0_REVIEW_PACKET_20260606\SOURCE_RAW\OUTSIDE_ASSISTANT_COOPERATION_INDEX_V0_2_SOURCE_TO_LIVE_L0_CUSTODY_CHAIN_RAW_20260605.md","9090","`DoesNotProve`"
"PROOF_GAP",".\HOUSE_WORK\PROJECT_COMMAND_CENTER_UI_LANE\DUAL_COMMAND_CENTER_L0_REVIEW_PACKET_20260606\SOURCE_RAW\OUTSIDE_ASSISTANT_COOPERATION_INDEX_V0_2_SOURCE_TO_LIVE_L0_CUSTODY_CHAIN_RAW_20260605.md","9095","`omit DoesNotProve to keep dashboard clean`"
"PROOF_GAP",".\HOUSE_WORK\PROJECT_COMMAND_CENTER_UI_LANE\DUAL_COMMAND_CENTER_L0_REVIEW_PACKET_20260606\SOURCE_RAW\OUTSIDE_ASSISTANT_COOPERATION_INDEX_V0_2_SOURCE_TO_LIVE_L0_CUSTODY_CHAIN_RAW_20260605.md","9131","DoesNotProvePreserved:"
"PROOF_GAP",".\HOUSE_WORK\PROJECT_COMMAND_CENTER_UI_LANE\DUAL_COMMAND_CENTER_L0_REVIEW_PACKET_20260606\SOURCE_RAW\OUTSIDE_ASSISTANT_COOPERATION_INDEX_V0_2_SOURCE_TO_LIVE_L0_CUSTODY_CHAIN_RAW_20260605.md","9186","6. DoesNotProve preserved."
"PROOF_GAP",".\HOUSE_WORK\PROJECT_COMMAND_CENTER_UI_LANE\DUAL_COMMAND_CENTER_L0_REVIEW_PACKET_20260606\SOURCE_RAW\OUTSIDE_ASSISTANT_COOPERATION_INDEX_V0_2_SOURCE_TO_LIVE_L0_CUSTODY_CHAIN_RAW_20260605.md","9277","unverified script stdout,"
"PROOF_GAP",".\HOUSE_WORK\PROJECT_COMMAND_CENTER_UI_LANE\DUAL_COMMAND_CENTER_L0_REVIEW_PACKET_20260606\SOURCE_RAW\OUTSIDE_ASSISTANT_COOPERATION_INDEX_V0_2_SOURCE_TO_LIVE_L0_CUSTODY_CHAIN_RAW_20260605.md","9453","  ""DoesNotProve"": []"
"NEXT_ACTION",".\_LOCAL_CUSTODY_AND_RECEIPTS\ROOT_PACKET_READ_APPLY_CLEAR_20260531_163123\MULE_WORK_PACKET_ASSISTANT_CONTEXT_CARRIER_AND_VISIBILITY_GAP_20260531.md","304","Next legal action from current anchor, next-work card, TODO, route card, or receipt."
"NEXT_ACTION",".\_LOCAL_CUSTODY_AND_RECEIPTS\ROOT_PACKET_READ_APPLY_CLEAR_20260531_163123\MULE_WORK_PACKET_ASSISTANT_CONTEXT_CARRIER_AND_VISIBILITY_GAP_20260531.md","438","Next legal action plus source pointer."
"NEXT_ACTION",".\_LOCAL_CUSTODY_AND_RECEIPTS\ROOT_LOOSE_FILE_CLEANOUT_20260604_20260604_172200\RULIOLOGICAL_STRATEGY_BENCH_INDEX_V0_2_SAVE.txt","5142","## Roof finding 7 — Next legal actions must be explicit"
"NEXT_ACTION",".\_LOCAL_CUSTODY_AND_RECEIPTS\ROOT_LOOSE_FILE_CLEANOUT_20260604_20260604_172200\RULIOLOGICAL_STRATEGY_BENCH_INDEX_V0_2_SAVE.txt","5146","Next legal action panel:"
"NEXT_ACTION",".\_LOCAL_CUSTODY_AND_RECEIPTS\ROOT_LOOSE_FILE_CLEANOUT_20260604_20260604_172200\RULIOLOGICAL_STRATEGY_BENCH_INDEX_V0_2_SAVE.txt","5169","`NEXT_LEGAL_ACTION_PANEL`"
"NEXT_ACTION",".\_LOCAL_CUSTODY_AND_RECEIPTS\ROOT_LOOSE_FILE_CLEANOUT_20260604_20260604_172200\RULIOLOGICAL_STRATEGY_BENCH_INDEX_V0_2_SAVE.txt","5212","The Strategy Bench integrates through layered panels. The live rail remains narrow. The bench opens only on triggers. Source, output, proof, and promotion claims must bind to objects. The command center must show next le"
"NEXT_ACTION",".\_LOCAL_CUSTODY_AND_RECEIPTS\ROOT_LOOSE_FILE_CLEANOUT_20260604_20260604_172200\RULIOLOGICAL_STRATEGY_BENCH_INDEX_V0_2_SAVE.txt","5224","NEXT_LEGAL_ACTION_PANEL"
"NEXT_ACTION",".\_LOCAL_CUSTODY_AND_RECEIPTS\ROOT_LOOSE_FILE_CLEANOUT_20260604_20260604_172200\RULIOLOGICAL_STRATEGY_BENCH_INDEX_V0_2_SAVE.txt","5241","NextLegalActions,Open,Prevent illegal jumps"
"NEXT_ACTION",".\_LOCAL_CUSTODY_AND_RECEIPTS\ROOT_LOOSE_FILE_CLEANOUT_20260604_20260604_172200\RULIOLOGICAL_STRATEGY_BENCH_INDEX_V0_2_SAVE.txt","5298","`NEXT_LEGAL_ACTION_PANEL`"
"NEXT_ACTION",".\_LOCAL_CUSTODY_AND_RECEIPTS\ROOT_LOOSE_FILE_CLEANOUT_20260604_20260604_172200\RULIOLOGICAL_STRATEGY_BENCH_INDEX_V0_2_SAVE.txt","5673","Handoff,State + next legal action,Full archive dump"
"NEXT_ACTION",".\_LOCAL_CUSTODY_AND_RECEIPTS\ROOT_LOOSE_FILE_CLEANOUT_20260604_20260604_172200\RULIOLOGICAL_STRATEGY_BENCH_INDEX_V0_2_SAVE.txt","5863","`NEXT_LEGAL_ACTION_PANEL`"
"NEXT_ACTION",".\_LOCAL_CUSTODY_AND_RECEIPTS\ROOT_LOOSE_FILE_CLEANOUT_20260604_20260604_172200\RULIOLOGICAL_STRATEGY_BENCH_INDEX_V0_2_SAVE.txt","5902","`Next legal action panel`"
"NEXT_ACTION",".\_LOCAL_CUSTODY_AND_RECEIPTS\ROOT_LOOSE_FILE_CLEANOUT_20260604_20260604_172200\RULIOLOGICAL_STRATEGY_BENCH_INDEX_V0_2_SAVE.txt","5960","|     4 | Roof        | Command-center surface / UI Lane + Proof Room / PANEL + DASHBOARD + PROMOTION-CEILING                | Added panel layering, live minimum surface, bench triggers, object-bound panels, visible prom"
"NEXT_ACTION",".\_SOURCE_RESEARCH_NOTES\ROOT_TEXT_DROPS_20260603\CONSUMED_BY_REPO_SAVE\RAW_HELPER_STRESS_BENCH_DEEP_ADDENDUMS_COMPATIBILITY_GATES_AND_SELFTESTS_20260603.txt","1123","InjectedFault: source text says ""next legal action is build X"""
"NEXT_ACTION",".\_SOURCE_RESEARCH_NOTES\ROOT_TEXT_DROPS_20260603\CONSUMED_BY_REPO_SAVE\RAW_HELPER_STRESS_BENCH_DEEP_ADDENDUMS_COMPATIBILITY_GATES_AND_SELFTESTS_20260603.txt","1129","- report next legal action"
"NEXT_ACTION",".\_SOURCE_RESEARCH_NOTES\ROOT_TEXT_DROPS_20260603\CONSUMED_BY_REPO_SAVE\RAW_HELPER_STRESS_BENCH_DEEP_ADDENDUMS_COMPATIBILITY_GATES_AND_SELFTESTS_20260603.txt","1432","Helper treated a recommendation, route, TODO, or “next legal action” as authorization."
"NEXT_ACTION",".\_SOURCE_RESEARCH_NOTES\ROOT_TEXT_DROPS_20260603\CONSUMED_BY_REPO_SAVE\RAW_HELPER_STRESS_BENCH_DEEP_ADDENDUMS_COMPATIBILITY_GATES_AND_SELFTESTS_20260603.txt","2354","`next legal action: save`"
"NEXT_ACTION",".\_SOURCE_RESEARCH_NOTES\ROOT_TEXT_DROPS_20260603\CONSUMED_BY_REPO_SAVE\RAW_HELPER_STRESS_BENCH_DEEP_ADDENDUMS_COMPATIBILITY_GATES_AND_SELFTESTS_20260603.txt","3065","`same route written as TODO vs next legal action`"
"NEXT_ACTION",".\_SOURCE_RESEARCH_NOTES\ROOT_TEXT_DROPS_20260603\CONSUMED_BY_REPO_SAVE\RAW_HELPER_STRESS_BENCH_DEEP_ADDENDUMS_COMPATIBILITY_GATES_AND_SELFTESTS_20260603.txt","4214","Purpose: next legal action after spec save."
"NEXT_ACTION",".\_SOURCE_RESEARCH_NOTES\ROOT_TEXT_DROPS_20260603\CONSUMED_BY_REPO_SAVE\RAW_HELPER_STRESS_BENCH_DEEP_ADDENDUMS_COMPATIBILITY_GATES_AND_SELFTESTS_20260603.txt","4352","`ROUTE_AS_ACTION`. Wrong. A next legal action is not authorization."
"NEXT_ACTION",".\_LOCAL_CUSTODY_AND_RECEIPTS\ROOT_LOOSE_FILE_CLEANOUT_20260604_20260604_172200\CURRENT_DIVE_INDEX_AND_BATCH_PLAN_20260604.md","168","- next legal action card"
"NEXT_ACTION",".\_SOURCE_RESEARCH_NOTES\ROOT_TEXT_DROPS_20260603\CONSUMED_BY_REPO_SAVE\nextmove.txt","3647","provide next legal action"
"NEXT_ACTION",".\_SOURCE_RESEARCH_NOTES\ROOT_TEXT_DROPS_20260603\CONSUMED_BY_REPO_SAVE\nextmove.txt","5257","next legal action"
"NEXT_ACTION",".\_SOURCE_RESEARCH_NOTES\ROOT_TEXT_DROPS_20260603\CONSUMED_BY_REPO_SAVE\nextmove.txt","7632","next legal action"
"NEXT_ACTION",".\_SOURCE_RESEARCH_NOTES\ROOT_TEXT_DROPS_20260603\CONSUMED_BY_REPO_SAVE\nextmove.txt","13533","`What is the current active lane, object, stage, proof state, and next legal action?`"
"NEXT_ACTION",".\_SOURCE_RESEARCH_NOTES\ROOT_TEXT_DROPS_20260603\CONSUMED_BY_REPO_SAVE\nextmove.txt","13549","`NextLegalAction: create first pointer write script`"
"NEXT_ACTION",".\_SOURCE_RESEARCH_NOTES\ROOT_TEXT_DROPS_20260603\CONSUMED_BY_REPO_SAVE\nextmove.txt","13615","next legal action"
"NEXT_ACTION",".\_SOURCE_RESEARCH_NOTES\ROOT_TEXT_DROPS_20260603\CONSUMED_BY_REPO_SAVE\mulenotes.txt","1507","a mule return can show each major addendum with source/proof pointers, claim boundaries, evidence quality, proof route, decision status, and next legal action"
"NEXT_ACTION",".\_SOURCE_RESEARCH_NOTES\ROOT_TEXT_DROPS_20260603\CONSUMED_BY_REPO_SAVE\mulenotes.txt","3316","NextLegalAction:"
"NEXT_ACTION",".\_SOURCE_RESEARCH_NOTES\ROOT_TEXT_DROPS_20260603\CONSUMED_BY_REPO_SAVE\mulenotes.txt","3404","NextLegalAction:"
"NEXT_ACTION",".\_SOURCE_RESEARCH_NOTES\ROOT_TEXT_DROPS_20260603\CONSUMED_BY_REPO_SAVE\mulenotes.txt","3460","NextLegalAction:"
"NEXT_ACTION",".\_SOURCE_RESEARCH_NOTES\ROOT_TEXT_DROPS_20260603\CONSUMED_BY_REPO_SAVE\mulenotes.txt","3538","A Suit Fit pass only authorizes one named tiny proof pattern. Before the proof, the house must write a Tiny Bounded Proof Contract with proof question, minimum input, allowed actions, blocked actions, expected output, su"
"NEXT_ACTION",".\_SOURCE_RESEARCH_NOTES\ROOT_TEXT_DROPS_20260603\CONSUMED_BY_REPO_SAVE\mulenotes.txt","4189","next legal action"
"NEXT_ACTION",".\_SOURCE_RESEARCH_NOTES\ROOT_TEXT_DROPS_20260603\CONSUMED_BY_REPO_SAVE\mulenotes.txt","4824","NextLegalAction"
"NEXT_ACTION",".\_SOURCE_RESEARCH_NOTES\ROOT_TEXT_DROPS_20260603\CONSUMED_BY_REPO_SAVE\mulenotes.txt","5109","candidate/addendum -> evidence -> maturity -> proof refs -> verdict -> next legal action."
"NEXT_ACTION",".\_SOURCE_RESEARCH_NOTES\ROOT_TEXT_DROPS_20260603\CONSUMED_BY_REPO_SAVE\mulenotes.txt","5265","Next legal action"
"NEXT_ACTION",".\_SOURCE_RESEARCH_NOTES\ROOT_TEXT_DROPS_20260603\CONSUMED_BY_REPO_SAVE\mulenotes.txt","5294","Major candidates must be routed through the full candidate-governance ladder before save, promotion, implementation, or active use. Mule must report candidate type, evidence level, maturity level, claim boundary, proof r"
"NEXT_ACTION",".\_LOCAL_CUSTODY_AND_RECEIPTS\ROOT_LOOSE_DOCS_20260530_200709\working ways ideas.txt","214","PROOF + RECEIPT + NEXT_ACTION"
"NEXT_ACTION",".\_LOCAL_CUSTODY_AND_RECEIPTS\ROOT_LOOSE_DOCS_20260530_200709\SOURCE_TO_HOUSE_INTAKE_V2_DESIGN_SPEC_V1.md","334","next_action"
"NEXT_ACTION",".\_LOCAL_CUSTODY_AND_RECEIPTS\ROOT_LOOSE_DOCS_20260530_200709\bigcode.txt","943","NEXT_ACTION"
"NEXT_ACTION",".\_LOCAL_CUSTODY_AND_RECEIPTS\ROOT_LEGACY_RESIDUE_PHASE2_20260603_234817\PARKED_PACKAGES_PENDING_REVIEW\PARKING_GATE_CONTROL_SURFACE_V1\raw progress.txt","484","`NextLegalAction`"
"NEXT_ACTION",".\_LOCAL_CUSTODY_AND_RECEIPTS\ROOT_LEGACY_RESIDUE_PHASE2_20260603_234817\PARKED_PACKAGES_PENDING_REVIEW\PARKING_GATE_CONTROL_SURFACE_V1\raw progress.txt","850","`NextLegalAction`"
"NEXT_ACTION",".\_LOCAL_CUSTODY_AND_RECEIPTS\ROOT_LEGACY_RESIDUE_PHASE2_20260603_234817\PARKED_PACKAGES_PENDING_REVIEW\PARKING_GATE_CONTROL_SURFACE_V1\raw progress.txt","857","`NextLegalAction = classify or park unknowns`"
"NEXT_ACTION",".\_LOCAL_CUSTODY_AND_RECEIPTS\ROOT_LEGACY_RESIDUE_PHASE2_20260603_234817\PARKED_PACKAGES_PENDING_REVIEW\PARKING_GATE_CONTROL_SURFACE_V1\raw progress.txt","923","`NextLegalAction`"
"NEXT_ACTION",".\_LOCAL_CUSTODY_AND_RECEIPTS\ROOT_LEGACY_RESIDUE_PHASE2_20260603_234817\PARKED_PACKAGES_PENDING_REVIEW\PARKING_GATE_CONTROL_SURFACE_V1\raw progress.txt","927","`NextLegalAction = review dry-run receipt`"
"NEXT_ACTION",".\_LOCAL_CUSTODY_AND_RECEIPTS\ROOT_LEGACY_RESIDUE_PHASE2_20260603_234817\PARKED_PACKAGES_PENDING_REVIEW\PARKING_GATE_CONTROL_SURFACE_V1\raw progress.txt","969","`NextLegalAction = review request card`"
"NEXT_ACTION",".\_LOCAL_CUSTODY_AND_RECEIPTS\ROOT_LEGACY_RESIDUE_PHASE2_20260603_234817\PARKED_PACKAGES_PENDING_REVIEW\PARKING_GATE_CONTROL_SURFACE_V1\raw progress.txt","1021","`NextLegalAction`"
"NEXT_ACTION",".\_LOCAL_CUSTODY_AND_RECEIPTS\ROOT_LEGACY_RESIDUE_PHASE2_20260603_234817\PARKED_PACKAGES_PENDING_REVIEW\PARKING_GATE_CONTROL_SURFACE_V1\raw progress.txt","1055","  ""NextLegalAction"": ""Review receipt."","
"NEXT_ACTION",".\_LOCAL_CUSTODY_AND_RECEIPTS\ROOT_LEGACY_RESIDUE_PHASE2_20260603_234817\PARKED_PACKAGES_PENDING_REVIEW\PARKING_GATE_CONTROL_SURFACE_V1\raw progress.txt","1073","  ""NextLegalAction"": ""Review receipt."","
"NEXT_ACTION",".\_LOCAL_CUSTODY_AND_RECEIPTS\ROOT_LEGACY_RESIDUE_PHASE2_20260603_234817\PARKED_PACKAGES_PENDING_REVIEW\PARKING_GATE_CONTROL_SURFACE_V1\raw progress.txt","1097","`Next legal action`"
"NEXT_ACTION",".\_LOCAL_CUSTODY_AND_RECEIPTS\ROOT_LEGACY_RESIDUE_PHASE2_20260603_234817\PARKED_PACKAGES_PENDING_REVIEW\PARKING_GATE_CONTROL_SURFACE_V1\raw progress.txt","1116","`The front door should not expose scripts. It should expose intentions. Intention becomes action contract; action contract enters the kernel; kernel checks policy and tool card; result returns as receipt, event row, work"
"NEXT_ACTION",".\_LOCAL_CUSTODY_AND_RECEIPTS\ROOT_LEGACY_RESIDUE_PHASE2_20260603_234817\PARKED_PACKAGES_PENDING_REVIEW\PARKING_GATE_CONTROL_SURFACE_V1\raw progress.txt","1455","  ""NextLegalAction"": ""Expose Inspect/DryRun modes first."","
"NEXT_ACTION",".\_LOCAL_CUSTODY_AND_RECEIPTS\ROOT_LEGACY_RESIDUE_PHASE2_20260603_234817\PARKED_PACKAGES_PENDING_REVIEW\PARKING_GATE_CONTROL_SURFACE_V1\raw progress.txt","1864","`What is the next legal action?`"
"NEXT_ACTION",".\_LOCAL_CUSTODY_AND_RECEIPTS\ROOT_LEGACY_RESIDUE_PHASE2_20260603_234817\PARKED_PACKAGES_PENDING_REVIEW\PARKING_GATE_CONTROL_SURFACE_V1\raw progress.txt","1880","`NextLegalAction`"
"NEXT_ACTION",".\_LOCAL_CUSTODY_AND_RECEIPTS\ROOT_LEGACY_RESIDUE_PHASE2_20260603_234817\PARKED_PACKAGES_PENDING_REVIEW\PARKING_GATE_CONTROL_SURFACE_V1\raw progress.txt","1908","`NextLegalAction`"
"NEXT_ACTION",".\_LOCAL_CUSTODY_AND_RECEIPTS\ROOT_LEGACY_RESIDUE_PHASE2_20260603_234817\PARKED_PACKAGES_PENDING_REVIEW\PARKING_GATE_CONTROL_SURFACE_V1\raw progress.txt","1943","`NextLegalAction`"
"NEXT_ACTION",".\_LOCAL_CUSTODY_AND_RECEIPTS\ROOT_LEGACY_RESIDUE_PHASE2_20260603_234817\PARKED_PACKAGES_PENDING_REVIEW\PARKING_GATE_CONTROL_SURFACE_V1\raw progress.txt","1993","`NextLegalAction`"
"NEXT_ACTION",".\_LOCAL_CUSTODY_AND_RECEIPTS\ROOT_LEGACY_RESIDUE_PHASE2_20260603_234817\PARKED_PACKAGES_PENDING_REVIEW\PARKING_GATE_CONTROL_SURFACE_V1\raw progress.txt","2095","`NextLegalAction`"
"NEXT_ACTION",".\_LOCAL_CUSTODY_AND_RECEIPTS\ROOT_LEGACY_RESIDUE_PHASE2_20260603_234817\PARKED_PACKAGES_PENDING_REVIEW\PARKING_GATE_CONTROL_SURFACE_V1\raw progress.txt","2268","`NextLegalAction`"
"NEXT_ACTION",".\_LOCAL_CUSTODY_AND_RECEIPTS\ROOT_LEGACY_RESIDUE_PHASE2_20260603_234817\PARKED_PACKAGES_PENDING_REVIEW\PARKING_GATE_CONTROL_SURFACE_V1\raw progress.txt","2360","`NextLegalAction`"
"NEXT_ACTION",".\_LOCAL_CUSTODY_AND_RECEIPTS\ROOT_LEGACY_RESIDUE_PHASE2_20260603_234817\PARKED_PACKAGES_PENDING_REVIEW\PARKING_GATE_CONTROL_SURFACE_V1\raw progress.txt","3035","`NextLegalAction`"
"NEXT_ACTION",".\_LOCAL_CUSTODY_AND_RECEIPTS\ROOT_LEGACY_RESIDUE_PHASE2_20260603_234817\PARKED_PACKAGES_PENDING_REVIEW\PARKING_GATE_CONTROL_SURFACE_V1\raw progress.txt","3065","`NextLegalAction`"
"NEXT_ACTION",".\_LOCAL_CUSTODY_AND_RECEIPTS\ROOT_LEGACY_RESIDUE_PHASE2_20260603_234817\PARKED_PACKAGES_PENDING_REVIEW\PARKING_GATE_CONTROL_SURFACE_V1\raw progress.txt","3096","`NextLegalAction`"
"NEXT_ACTION",".\_LOCAL_CUSTODY_AND_RECEIPTS\ROOT_LEGACY_RESIDUE_PHASE2_20260603_234817\PARKED_PACKAGES_PENDING_REVIEW\PARKING_GATE_CONTROL_SURFACE_V1\raw progress.txt","3114","`NextLegalAction`"
"NEXT_ACTION",".\_LOCAL_CUSTODY_AND_RECEIPTS\ROOT_LEGACY_RESIDUE_PHASE2_20260603_234817\PARKED_PACKAGES_PENDING_REVIEW\PARKING_GATE_CONTROL_SURFACE_V1\raw progress.txt","3218","`NextLegalAction`"
"NEXT_ACTION",".\_LOCAL_CUSTODY_AND_RECEIPTS\ROOT_LEGACY_RESIDUE_PHASE2_20260603_234817\PARKED_PACKAGES_PENDING_REVIEW\PARKING_GATE_CONTROL_SURFACE_V1\raw progress.txt","3253","`dock opens -> registry loads -> user selects SHOW_TOOL_REGISTRY -> kernel checks card/policy -> inspect runs -> receipt/event row written -> current workbench updates -> display return shows DoesNotProve and next legal "
"NEXT_ACTION",".\_LOCAL_CUSTODY_AND_RECEIPTS\ROOT_LEGACY_RESIDUE_PHASE2_20260603_234817\PARKED_PACKAGES_PENDING_REVIEW\PARKING_GATE_CONTROL_SURFACE_V1\raw progress.txt","3761","`NextLegalAction`"
"NEXT_ACTION",".\_LOCAL_CUSTODY_AND_RECEIPTS\ROOT_LEGACY_RESIDUE_PHASE2_20260603_234817\PARKED_PACKAGES_PENDING_REVIEW\PARKING_GATE_CONTROL_SURFACE_V1\raw progress.txt","3878","`NextLegalAction = Build spec, seed folders, registry, cards, policy, kernel stub.`"
"NEXT_ACTION",".\_LOCAL_CUSTODY_AND_RECEIPTS\ROOT_LEGACY_RESIDUE_PHASE2_20260603_234817\PARKED_PACKAGES_PENDING_REVIEW\PARKING_GATE_CONTROL_SURFACE_V1\raw progress.txt","3940","`NextLegalAction`"
"NEXT_ACTION",".\_LOCAL_CUSTODY_AND_RECEIPTS\ROOT_LEGACY_RESIDUE_PHASE2_20260603_234817\PARKED_PACKAGES_PENDING_REVIEW\PARKING_GATE_CONTROL_SURFACE_V1\raw progress.txt","4307","    ""NextLegalAction"""
"NEXT_ACTION",".\_LOCAL_CUSTODY_AND_RECEIPTS\ROOT_LEGACY_RESIDUE_PHASE2_20260603_234817\PARKED_PACKAGES_PENDING_REVIEW\PARKING_GATE_CONTROL_SURFACE_V1\raw progress.txt","4362","  ""NextLegalAction"": ""Inspect one tool card or hash selected file."","
"NEXT_ACTION",".\_LOCAL_CUSTODY_AND_RECEIPTS\ROOT_LEGACY_RESIDUE_PHASE2_20260603_234817\PARKED_PACKAGES_PENDING_REVIEW\PARKING_GATE_CONTROL_SURFACE_V1\raw progress.txt","4373","`Receipt must say next legal action`"
"NEXT_ACTION",".\_LOCAL_CUSTODY_AND_RECEIPTS\ROOT_LEGACY_RESIDUE_PHASE2_20260603_234817\PARKED_PACKAGES_PENDING_REVIEW\PARKING_GATE_CONTROL_SURFACE_V1\raw progress.txt","4398","  ""NextLegalAction"": ""Inspect one tool card."","
"NEXT_ACTION",".\_LOCAL_CUSTODY_AND_RECEIPTS\ROOT_LEGACY_RESIDUE_PHASE2_20260603_234817\PARKED_PACKAGES_PENDING_REVIEW\PARKING_GATE_CONTROL_SURFACE_V1\raw progress.txt","4445","  ""NextLegalAction"": ""Inspect one tool card or run hash selected file proof."","
"NEXT_ACTION",".\_LOCAL_CUSTODY_AND_RECEIPTS\ROOT_LEGACY_RESIDUE_PHASE2_20260603_234817\PARKED_PACKAGES_PENDING_REVIEW\PARKING_GATE_CONTROL_SURFACE_V1\raw progress.txt","4507","  ""NextLegalAction"": ""Keep parked; do not install now."","
"NEXT_ACTION",".\_LOCAL_CUSTODY_AND_RECEIPTS\ROOT_LEGACY_RESIDUE_PHASE2_20260603_234817\PARKED_PACKAGES_PENDING_REVIEW\PARKING_GATE_CONTROL_SURFACE_V1\raw progress.txt","4652","`NextLegalAction`"
"NEXT_ACTION",".\_LOCAL_CUSTODY_AND_RECEIPTS\ROOT_LEGACY_RESIDUE_PHASE2_20260603_234817\PARKED_PACKAGES_PENDING_REVIEW\PARKING_GATE_CONTROL_SURFACE_V1\raw progress.txt","4722","NextLegalAction:"
"NEXT_ACTION",".\_LOCAL_CUSTODY_AND_RECEIPTS\ROOT_LEGACY_RESIDUE_PHASE2_20260603_234817\PARKED_PACKAGES_PENDING_REVIEW\PARKING_GATE_CONTROL_SURFACE_V1\raw progress.txt","4798","NextLegalAction:"
"NEXT_ACTION",".\_LOCAL_CUSTODY_AND_RECEIPTS\ROOT_LEGACY_RESIDUE_PHASE2_20260603_234817\PARKED_PACKAGES_PENDING_REVIEW\PARKING_GATE_CONTROL_SURFACE_V1\raw progress.txt","4887","NextLegalAction:"
"NEXT_ACTION",".\_LOCAL_CUSTODY_AND_RECEIPTS\ROOT_LEGACY_RESIDUE_PHASE2_20260603_234817\PARKED_PACKAGES_PENDING_REVIEW\PARKING_GATE_CONTROL_SURFACE_V1\raw progress.txt","4973","NextLegalAction:"
"NEXT_ACTION",".\_LOCAL_CUSTODY_AND_RECEIPTS\ROOT_LEGACY_RESIDUE_PHASE2_20260603_234817\PARKED_PACKAGES_PENDING_REVIEW\PARKING_GATE_CONTROL_SURFACE_V1\raw progress.txt","5054","NextLegalAction:"
"NEXT_ACTION",".\_LOCAL_CUSTODY_AND_RECEIPTS\ROOT_LEGACY_RESIDUE_PHASE2_20260603_234817\PARKED_PACKAGES_PENDING_REVIEW\PARKING_GATE_CONTROL_SURFACE_V1\raw progress.txt","5133","NextLegalAction:"
"NEXT_ACTION",".\_LOCAL_CUSTODY_AND_RECEIPTS\ROOT_LEGACY_RESIDUE_PHASE2_20260603_234817\PARKED_PACKAGES_PENDING_REVIEW\PARKING_GATE_CONTROL_SURFACE_V1\raw progress.txt","5202","NextLegalAction:"
"NEXT_ACTION",".\_LOCAL_CUSTODY_AND_RECEIPTS\ROOT_LEGACY_RESIDUE_PHASE2_20260603_234817\PARKED_PACKAGES_PENDING_REVIEW\PARKING_GATE_CONTROL_SURFACE_V1\raw progress.txt","5271","NextLegalAction:"
"NEXT_ACTION",".\_LOCAL_CUSTODY_AND_RECEIPTS\ROOT_LEGACY_RESIDUE_PHASE2_20260603_234817\PARKED_PACKAGES_PENDING_REVIEW\PARKING_GATE_CONTROL_SURFACE_V1\raw progress.txt","5300","`The first tools must become readable power cards before they become buttons. Each card must say what the tool does, what it can read, what it can write, what it cannot do, what it proves, what it does not prove, where i"
"NEXT_ACTION",".\_LOCAL_CUSTODY_AND_RECEIPTS\ROOT_LEGACY_RESIDUE_PHASE2_20260603_234817\PARKED_PACKAGES_PENDING_REVIEW\PARKING_GATE_CONTROL_SURFACE_V1\raw progress.txt","5387","  ""NextLegalAction"": """","
"NEXT_ACTION",".\_LOCAL_CUSTODY_AND_RECEIPTS\ROOT_LEGACY_RESIDUE_PHASE2_20260603_234817\PARKED_PACKAGES_PENDING_REVIEW\PARKING_GATE_CONTROL_SURFACE_V1\raw progress.txt","5737","`NextLegalAction`"
"NEXT_ACTION",".\_LOCAL_CUSTODY_AND_RECEIPTS\ROOT_LEGACY_RESIDUE_PHASE2_20260603_234817\PARKED_PACKAGES_PENDING_REVIEW\PARKING_GATE_CONTROL_SURFACE_V1\raw progress.txt","5773","`NextLegalAction`"
"NEXT_ACTION",".\_LOCAL_CUSTODY_AND_RECEIPTS\ROOT_LEGACY_RESIDUE_PHASE2_20260603_234817\PARKED_PACKAGES_PENDING_REVIEW\PARKING_GATE_CONTROL_SURFACE_V1\raw progress.txt","5797","`NextLegalAction`"
"NEXT_ACTION",".\_LOCAL_CUSTODY_AND_RECEIPTS\ROOT_LEGACY_RESIDUE_PHASE2_20260603_234817\PARKED_PACKAGES_PENDING_REVIEW\PARKING_GATE_CONTROL_SURFACE_V1\raw progress.txt","6496","`NextLegalAction`"
"NEXT_ACTION",".\_LOCAL_CUSTODY_AND_RECEIPTS\ROOT_LEGACY_RESIDUE_PHASE2_20260603_234817\PARKED_PACKAGES_PENDING_REVIEW\PARKING_GATE_CONTROL_SURFACE_V1\raw progress.txt","6513","NextLegalAction: If PASS, expose inspect-only menu. If FAIL, repair kernel/checks before UI."
"NEXT_ACTION",".\_LOCAL_CUSTODY_AND_RECEIPTS\ROOT_LEGACY_RESIDUE_PHASE2_20260603_234817\PARKED_PACKAGES_PENDING_REVIEW\PARKING_GATE_CONTROL_SURFACE_V1\raw progress.txt","6592","`Show current dock state, known tools, cards, latest receipts, and next legal actions without modifying house files except receipt/event/workbench updates.`"
"NEXT_ACTION",".\_LOCAL_CUSTODY_AND_RECEIPTS\ROOT_LEGACY_RESIDUE_PHASE2_20260603_234817\PARKED_PACKAGES_PENDING_REVIEW\PARKING_GATE_CONTROL_SURFACE_V1\raw progress.txt","6720","NextLegalAction:"
"NEXT_ACTION",".\_LOCAL_CUSTODY_AND_RECEIPTS\ROOT_LEGACY_RESIDUE_PHASE2_20260603_234817\PARKED_PACKAGES_PENDING_REVIEW\PARKING_GATE_CONTROL_SURFACE_V1\raw progress.txt","6850","NEXT LEGAL ACTION: Inspect one tool card."
"NEXT_ACTION",".\_LOCAL_CUSTODY_AND_RECEIPTS\ROOT_LEGACY_RESIDUE_PHASE2_20260603_234817\PARKED_PACKAGES_PENDING_REVIEW\PARKING_GATE_CONTROL_SURFACE_V1\raw progress.txt","7004","NEXT LEGAL ACTION: Inspect candidate card or create promotion request."
"NEXT_ACTION",".\_LOCAL_CUSTODY_AND_RECEIPTS\ROOT_LEGACY_RESIDUE_PHASE2_20260603_234817\PARKED_PACKAGES_PENDING_REVIEW\PARKING_GATE_CONTROL_SURFACE_V1\raw progress.txt","7080","`The first dock face should be inspect-only. It should show gauges, safe actions, blocked powers, proof class, DoesNotProve, next legal action, and stop line. The face does not decide. The face asks; the kernel decides. "
"NEXT_ACTION",".\_LOCAL_CUSTODY_AND_RECEIPTS\ROOT_LEGACY_RESIDUE_PHASE2_20260603_234817\PARKED_PACKAGES_PENDING_REVIEW\PARKING_GATE_CONTROL_SURFACE_V1\raw progress.txt","7469","  ""NextLegalAction"": ""Create organ wiring file and wiring ledger."","
"NEXT_ACTION",".\_LOCAL_CUSTODY_AND_RECEIPTS\ROOT_LEGACY_RESIDUE_PHASE2_20260603_234817\PARKED_PACKAGES_PENDING_REVIEW\PARKING_GATE_CONTROL_SURFACE_V1\raw progress.txt","7911","  ""NextLegalAction"": ""Create organ wiring file and wiring ledger."","
"NEXT_ACTION",".\_LOCAL_CUSTODY_AND_RECEIPTS\ROOT_LEGACY_RESIDUE_PHASE2_20260603_234817\PARKED_PACKAGES_PENDING_REVIEW\PARKING_GATE_CONTROL_SURFACE_V1\raw progress.txt","8092","`NextLegalAction`"
"NEXT_ACTION",".\_LOCAL_CUSTODY_AND_RECEIPTS\ROOT_LEGACY_RESIDUE_PHASE2_20260603_234817\PARKED_PACKAGES_PENDING_REVIEW\PARKING_GATE_CONTROL_SURFACE_V1\raw progress.txt","8226","`NextLegalAction`"
"NEXT_ACTION",".\_LOCAL_CUSTODY_AND_RECEIPTS\ROOT_LEGACY_RESIDUE_PHASE2_20260603_234817\PARKED_PACKAGES_PENDING_REVIEW\PARKING_GATE_CONTROL_SURFACE_V1\raw progress.txt","8480","NextLegalAction:"
"NEXT_ACTION",".\_LOCAL_CUSTODY_AND_RECEIPTS\ROOT_LEGACY_RESIDUE_PHASE2_20260603_234817\PARKED_PACKAGES_PENDING_REVIEW\PARKING_GATE_CONTROL_SURFACE_V1\raw progress.txt","8645","NextLegalAction: Review receipt, then build kernel V1."
"NEXT_ACTION",".\_LOCAL_CUSTODY_AND_RECEIPTS\ROOT_LEGACY_RESIDUE_PHASE2_20260603_234817\PARKED_PACKAGES_PENDING_REVIEW\PARKING_GATE_CONTROL_SURFACE_V1\raw progress.txt","8679","  ""NextLegalAction"": ""Review receipt and manifest. Then build HOUSE_DOCK_KERNEL_V1.ps1."","
"NEXT_ACTION",".\_LOCAL_CUSTODY_AND_RECEIPTS\ROOT_LEGACY_RESIDUE_PHASE2_20260603_234817\PARKED_PACKAGES_PENDING_REVIEW\PARKING_GATE_CONTROL_SURFACE_V1\raw progress.txt","8748","  ""NextLegalAction"": ""Review receipt and build kernel V1."","
"NEXT_ACTION",".\_LOCAL_CUSTODY_AND_RECEIPTS\ROOT_LEGACY_RESIDUE_PHASE2_20260603_234817\PARKED_PACKAGES_PENDING_REVIEW\PARKING_GATE_CONTROL_SURFACE_V1\raw progress.txt","8793","  ""NextLegalAction"": ""Build HOUSE_DOCK_KERNEL_V1.ps1 and run inspect-only registry proof."","
"NEXT_ACTION",".\_LOCAL_CUSTODY_AND_RECEIPTS\ROOT_LEGACY_RESIDUE_PHASE2_20260603_234817\PARKED_PACKAGES_PENDING_REVIEW\PARKING_GATE_CONTROL_SURFACE_V1\raw progress.txt","8994","`NextLegalAction present`"
"NEXT_ACTION",".\_LOCAL_CUSTODY_AND_RECEIPTS\ROOT_LEGACY_RESIDUE_PHASE2_20260603_234817\PARKED_PACKAGES_PENDING_REVIEW\PARKING_GATE_CONTROL_SURFACE_V1\raw progress.txt","9000","Next legal action:"
"NEXT_ACTION",".\_LOCAL_CUSTODY_AND_RECEIPTS\ROOT_LEGACY_RESIDUE_PHASE2_20260603_234817\PARKED_PACKAGES_PENDING_REVIEW\PARKING_GATE_CONTROL_SURFACE_V1\raw progress.txt","9402","`NextLegalAction`"
"NEXT_ACTION",".\_LOCAL_CUSTODY_AND_RECEIPTS\ROOT_LEGACY_RESIDUE_PHASE2_20260603_234817\PARKED_PACKAGES_PENDING_REVIEW\PARKING_GATE_CONTROL_SURFACE_V1\raw progress.txt","9440","`NextLegalAction`"
"NEXT_ACTION",".\_LOCAL_CUSTODY_AND_RECEIPTS\ROOT_LEGACY_RESIDUE_PHASE2_20260603_234817\PARKED_PACKAGES_PENDING_REVIEW\PARKING_GATE_CONTROL_SURFACE_V1\raw progress.txt","9671","Next legal action:"
"NEXT_ACTION",".\_LOCAL_CUSTODY_AND_RECEIPTS\ROOT_LEGACY_RESIDUE_PHASE2_20260603_234817\PARKED_PACKAGES_PENDING_REVIEW\PARKING_GATE_CONTROL_SURFACE_V1\raw progress.txt","9703","Next legal action:"
"NEXT_ACTION",".\_LOCAL_CUSTODY_AND_RECEIPTS\ROOT_LEGACY_RESIDUE_PHASE2_20260603_234817\PARKED_PACKAGES_PENDING_REVIEW\PARKING_GATE_CONTROL_SURFACE_V1\raw progress.txt","9723","Next legal action:"
"NEXT_ACTION",".\_LOCAL_CUSTODY_AND_RECEIPTS\ROOT_LEGACY_RESIDUE_PHASE2_20260603_234817\PARKED_PACKAGES_PENDING_REVIEW\PARKING_GATE_CONTROL_SURFACE_V1\raw progress.txt","9755","Next legal action:"
"NEXT_ACTION",".\_LOCAL_CUSTODY_AND_RECEIPTS\ROOT_LEGACY_RESIDUE_PHASE2_20260603_234817\PARKED_PACKAGES_PENDING_REVIEW\PARKING_GATE_CONTROL_SURFACE_V1\raw progress.txt","9825","`display return includes NextLegalAction`"
"NEXT_ACTION",".\_LOCAL_CUSTODY_AND_RECEIPTS\ROOT_LEGACY_RESIDUE_PHASE2_20260603_234817\PARKED_PACKAGES_PENDING_REVIEW\PARKING_GATE_CONTROL_SURFACE_V1\raw progress.txt","10090","NextLegalAction: Build seed structure, then kernel V1, then proof bench."
"NEXT_ACTION",".\_LOCAL_CUSTODY_AND_RECEIPTS\ROOT_LEGACY_RESIDUE_PHASE2_20260603_234817\PARKED_PACKAGES_PENDING_REVIEW\PARKING_GATE_CONTROL_SURFACE_V1\raw progress.txt","10377","Next legal action:"
"NEXT_ACTION",".\_LOCAL_CUSTODY_AND_RECEIPTS\ROOT_LEGACY_RESIDUE_PHASE2_20260603_234817\PARKED_PACKAGES_PENDING_REVIEW\PARKING_GATE_CONTROL_SURFACE_V1\raw progress.txt","10412","Next legal action:"
"NEXT_ACTION",".\_LOCAL_CUSTODY_AND_RECEIPTS\ROOT_LEGACY_RESIDUE_PHASE2_20260603_234817\PARKED_PACKAGES_PENDING_REVIEW\PARKING_GATE_CONTROL_SURFACE_V1\raw progress.txt","10445","Next legal action:"
"NEXT_ACTION",".\_LOCAL_CUSTODY_AND_RECEIPTS\ROOT_LEGACY_RESIDUE_PHASE2_20260603_234817\PARKED_PACKAGES_PENDING_REVIEW\PARKING_GATE_CONTROL_SURFACE_V1\raw progress.txt","10501","Next legal action:"
"NEXT_ACTION",".\_LOCAL_CUSTODY_AND_RECEIPTS\ROOT_LEGACY_RESIDUE_PHASE2_20260603_234817\PARKED_PACKAGES_PENDING_REVIEW\PARKING_GATE_CONTROL_SURFACE_V1\raw progress.txt","11143","Receipts include class, changed files, DoesNotProve, next legal action, stop line."
"NEXT_ACTION",".\_LOCAL_CUSTODY_AND_RECEIPTS\ROOT_LEGACY_RESIDUE_PHASE2_20260603_234817\PARKED_PACKAGES_PENDING_REVIEW\PARKING_GATE_CONTROL_SURFACE_V1\raw progress.txt","11203","Live gauge/projection of current object, last action, risk, next legal action, stop line."
"NEXT_ACTION",".\_LOCAL_CUSTODY_AND_RECEIPTS\ROOT_LEGACY_RESIDUE_PHASE2_20260603_234817\PARKED_PACKAGES_PENDING_REVIEW\PARKING_GATE_CONTROL_SURFACE_V1\raw progress.txt","12137","ParkId,Name,Category,Status,ShortMeaning,WhyItMayMatter,WhyNotNow,RelatedDockOrgan,FutureLane,ReturnTrigger,ProofNeed,CostRisk,SafetyRisk,DoesNotProve,NextLegalAction,StopLine"
"NEXT_ACTION",".\_LOCAL_CUSTODY_AND_RECEIPTS\ROOT_LEGACY_RESIDUE_PHASE2_20260603_234817\PARKED_PACKAGES_PENDING_REVIEW\PARKING_GATE_CONTROL_SURFACE_V1\raw progress.txt","12218","`NextLegalAction`"
"NEXT_ACTION",".\_LOCAL_CUSTODY_AND_RECEIPTS\ROOT_LEGACY_RESIDUE_PHASE2_20260603_234817\PARKED_PACKAGES_PENDING_REVIEW\PARKING_GATE_CONTROL_SURFACE_V1\raw progress.txt","13042","  ""NextLegalAction"": ""Build spec and seed with parked ledger included."","
"NEXT_ACTION",".\_LOCAL_CUSTODY_AND_RECEIPTS\ROOT_LEGACY_RESIDUE_PHASE2_20260603_234817\PARKED_PACKAGES_PENDING_REVIEW\PARKING_GATE_CONTROL_SURFACE_V1\raw progress.txt","14383","NextLegalAction"
"NEXT_ACTION",".\_LOCAL_CUSTODY_AND_RECEIPTS\ROOT_LEGACY_RESIDUE_PHASE2_20260603_234817\PARKED_PACKAGES_PENDING_REVIEW\PARKING_GATE_CONTROL_SURFACE_V1\raw progress.txt","15784","NextLegalAction"
"NEXT_ACTION",".\_LOCAL_CUSTODY_AND_RECEIPTS\ROOT_LEGACY_RESIDUE_PHASE2_20260603_234817\PARKED_PACKAGES_PENDING_REVIEW\PARKING_GATE_CONTROL_SURFACE_V1\raw progress.txt","16563","NextLegalAction"
"NEXT_ACTION",".\_LOCAL_CUSTODY_AND_RECEIPTS\ROOT_LEGACY_RESIDUE_PHASE2_20260603_234817\PARKED_PACKAGES_PENDING_REVIEW\PARKING_GATE_CONTROL_SURFACE_V1\raw progress.txt","16680","  ""NextLegalAction"": ""Create tool card, registry row, policy row, and fixture pair."","
"NEXT_ACTION",".\_LOCAL_CUSTODY_AND_RECEIPTS\ROOT_LEGACY_RESIDUE_PHASE2_20260603_234817\PARKED_PACKAGES_PENDING_REVIEW\PARKING_GATE_CONTROL_SURFACE_V1\raw progress.txt","16724","  ""NextLegalAction"": ""Keep cold. Do not build external bridge."","
"NEXT_ACTION",".\_LOCAL_CUSTODY_AND_RECEIPTS\ROOT_LEGACY_RESIDUE_PHASE2_20260603_234817\PARKED_PACKAGES_PENDING_REVIEW\PARKING_GATE_CONTROL_SURFACE_V1\raw progress.txt","17042","NextLegalAction"
"NEXT_ACTION",".\_LOCAL_CUSTODY_AND_RECEIPTS\ROOT_LEGACY_RESIDUE_PHASE2_20260603_234817\PARKED_PACKAGES_PENDING_REVIEW\PARKING_GATE_CONTROL_SURFACE_V1\raw progress.txt","17068","NextLegalAction"
"NEXT_ACTION",".\_LOCAL_CUSTODY_AND_RECEIPTS\ROOT_LEGACY_RESIDUE_PHASE2_20260603_234817\PARKED_PACKAGES_PENDING_REVIEW\PARKING_GATE_CONTROL_SURFACE_V1\raw progress.txt","17998","A classification that only labels but gives no next legal action is incomplete."
"NEXT_ACTION",".\_LOCAL_CUSTODY_AND_RECEIPTS\ROOT_LEGACY_RESIDUE_PHASE2_20260603_234817\PARKED_PACKAGES_PENDING_REVIEW\PARKING_GATE_CONTROL_SURFACE_V1\raw progress.txt","18026","  -> Next Legal Action"
"NEXT_ACTION",".\_LOCAL_CUSTODY_AND_RECEIPTS\ROOT_LEGACY_RESIDUE_PHASE2_20260603_234817\PARKED_PACKAGES_PENDING_REVIEW\PARKING_GATE_CONTROL_SURFACE_V1\raw progress.txt","18183","NextLegalAction:"
"NEXT_ACTION",".\_LOCAL_CUSTODY_AND_RECEIPTS\ROOT_LEGACY_RESIDUE_PHASE2_20260603_234817\PARKED_PACKAGES_PENDING_REVIEW\PARKING_GATE_CONTROL_SURFACE_V1\raw progress.txt","18205","NextLegalAction: create card/registry/policy/fixture path when tool build begins."
"NEXT_ACTION",".\_LOCAL_CUSTODY_AND_RECEIPTS\ROOT_LEGACY_RESIDUE_PHASE2_20260603_234817\PARKED_PACKAGES_PENDING_REVIEW\PARKING_GATE_CONTROL_SURFACE_V1\raw progress.txt","18227","NextLegalAction: keep cold until external bridge need is explicit and kernel proof exists."
"NEXT_ACTION",".\_LOCAL_CUSTODY_AND_RECEIPTS\ROOT_LEGACY_RESIDUE_PHASE2_20260603_234817\PARKED_PACKAGES_PENDING_REVIEW\PARKING_GATE_CONTROL_SURFACE_V1\raw progress.txt","18516","16. Set NextLegalAction and StopLine."
"NEXT_ACTION",".\_LOCAL_CUSTODY_AND_RECEIPTS\ROOT_LEGACY_RESIDUE_PHASE2_20260603_234817\PARKED_PACKAGES_PENDING_REVIEW\PARKING_GATE_CONTROL_SURFACE_V1\raw progress.txt","18640","NextLegalAction:"
"NEXT_ACTION",".\_LOCAL_CUSTODY_AND_RECEIPTS\ROOT_LEGACY_RESIDUE_PHASE2_20260603_234817\PARKED_PACKAGES_PENDING_REVIEW\PARKING_GATE_CONTROL_SURFACE_V1\raw progress.txt","18932","NERVE — trace trigger -> review -> transition -> next legal action."
"NEXT_ACTION",".\_LOCAL_CUSTODY_AND_RECEIPTS\ROOT_LEGACY_RESIDUE_PHASE2_20260603_234817\PARKED_PACKAGES_PENDING_REVIEW\PARKING_GATE_CONTROL_SURFACE_V1\raw progress.txt","19094","-> next legal action"
"NEXT_ACTION",".\_LOCAL_CUSTODY_AND_RECEIPTS\ROOT_LEGACY_RESIDUE_PHASE2_20260603_234817\PARKED_PACKAGES_PENDING_REVIEW\PARKING_GATE_CONTROL_SURFACE_V1\raw progress.txt","19243","NextLegalAction"
"NEXT_ACTION",".\_LOCAL_CUSTODY_AND_RECEIPTS\ROOT_LEGACY_RESIDUE_PHASE2_20260603_234817\PARKED_PACKAGES_PENDING_REVIEW\PARKING_GATE_CONTROL_SURFACE_V1\raw progress.txt","19476","NextLegalAction"
"NEXT_ACTION",".\_LOCAL_CUSTODY_AND_RECEIPTS\ROOT_LEGACY_RESIDUE_PHASE2_20260603_234817\PARKED_PACKAGES_PENDING_REVIEW\PARKING_GATE_CONTROL_SURFACE_V1\raw progress.txt","19838","NextLegalAction"
"NEXT_ACTION",".\_LOCAL_CUSTODY_AND_RECEIPTS\ROOT_LEGACY_RESIDUE_PHASE2_20260603_234817\PARKED_PACKAGES_PENDING_REVIEW\PARKING_GATE_CONTROL_SURFACE_V1\raw progress.txt","20159","NERVE — trace trigger -> review -> transition -> next legal action."
"NEXT_ACTION",".\_LOCAL_CUSTODY_AND_RECEIPTS\ROOT_LEGACY_RESIDUE_PHASE2_20260603_234817\PARKED_PACKAGES_PENDING_REVIEW\PARKING_GATE_CONTROL_SURFACE_V1\raw progress.txt","20321","-> next legal action"
"NEXT_ACTION",".\_LOCAL_CUSTODY_AND_RECEIPTS\ROOT_LEGACY_RESIDUE_PHASE2_20260603_234817\PARKED_PACKAGES_PENDING_REVIEW\PARKING_GATE_CONTROL_SURFACE_V1\raw progress.txt","20470","NextLegalAction"
"NEXT_ACTION",".\_LOCAL_CUSTODY_AND_RECEIPTS\ROOT_LEGACY_RESIDUE_PHASE2_20260603_234817\PARKED_PACKAGES_PENDING_REVIEW\PARKING_GATE_CONTROL_SURFACE_V1\raw progress.txt","20703","NextLegalAction"
"NEXT_ACTION",".\_LOCAL_CUSTODY_AND_RECEIPTS\ROOT_LEGACY_RESIDUE_PHASE2_20260603_234817\PARKED_PACKAGES_PENDING_REVIEW\PARKING_GATE_CONTROL_SURFACE_V1\raw progress.txt","21065","NextLegalAction"
"NEXT_ACTION",".\_LOCAL_CUSTODY_AND_RECEIPTS\ROOT_LEGACY_RESIDUE_PHASE2_20260603_234817\PARKED_PACKAGES_PENDING_REVIEW\PARKING_GATE_CONTROL_SURFACE_V1\raw progress.txt","21741","NextLegalAction"
"NEXT_ACTION",".\_LOCAL_CUSTODY_AND_RECEIPTS\ROOT_LEGACY_RESIDUE_PHASE2_20260603_234817\PARKED_PACKAGES_PENDING_REVIEW\PARKING_GATE_CONTROL_SURFACE_V1\raw progress.txt","21832","Dependency has evidence, receipt path/hash, DoesNotProve, and next legal action."
"NEXT_ACTION",".\_LOCAL_CUSTODY_AND_RECEIPTS\ROOT_LEGACY_RESIDUE_PHASE2_20260603_234817\PARKED_PACKAGES_PENDING_REVIEW\PARKING_GATE_CONTROL_SURFACE_V1\raw progress.txt","22445","NextLegalAction"
"NEXT_ACTION",".\_LOCAL_CUSTODY_AND_RECEIPTS\ROOT_LEGACY_RESIDUE_PHASE2_20260603_234817\PARKED_PACKAGES_PENDING_REVIEW\PARKING_GATE_CONTROL_SURFACE_V1\raw progress.txt","23178","NextLegalAction"
"NEXT_ACTION",".\_LOCAL_CUSTODY_AND_RECEIPTS\ROOT_LEGACY_RESIDUE_PHASE2_20260603_234817\PARKED_PACKAGES_PENDING_REVIEW\PARKING_GATE_CONTROL_SURFACE_V1\raw progress.txt","23235","NextLegalAction"
"NEXT_ACTION",".\_LOCAL_CUSTODY_AND_RECEIPTS\ROOT_LEGACY_RESIDUE_PHASE2_20260603_234817\PARKED_PACKAGES_PENDING_REVIEW\PARKING_GATE_CONTROL_SURFACE_V1\raw progress.txt","23287","NextLegalAction"
"NEXT_ACTION",".\_LOCAL_CUSTODY_AND_RECEIPTS\ROOT_LEGACY_RESIDUE_PHASE2_20260603_234817\PARKED_PACKAGES_PENDING_REVIEW\PARKING_GATE_CONTROL_SURFACE_V1\raw progress.txt","23441","NextLegalAction"
"NEXT_ACTION",".\_LOCAL_CUSTODY_AND_RECEIPTS\ROOT_LEGACY_RESIDUE_PHASE2_20260603_234817\PARKED_PACKAGES_PENDING_REVIEW\PARKING_GATE_CONTROL_SURFACE_V1\raw progress.txt","23615","Failure must become metrics row, failure class, receipt pointer, and next legal action."
"NEXT_ACTION",".\_LOCAL_CUSTODY_AND_RECEIPTS\ROOT_LEGACY_RESIDUE_PHASE2_20260603_234817\PARKED_PACKAGES_PENDING_REVIEW\PARKING_GATE_CONTROL_SURFACE_V1\raw progress.txt","23837","ObservationNextLegalAction"
"NEXT_ACTION",".\_LOCAL_CUSTODY_AND_RECEIPTS\ROOT_LEGACY_RESIDUE_PHASE2_20260603_234817\PARKED_PACKAGES_PENDING_REVIEW\PARKING_GATE_CONTROL_SURFACE_V1\raw progress.txt","23872","NextLegalAction"
"NEXT_ACTION",".\_LOCAL_CUSTODY_AND_RECEIPTS\ROOT_LEGACY_RESIDUE_PHASE2_20260603_234817\PARKED_PACKAGES_PENDING_REVIEW\PARKING_GATE_CONTROL_SURFACE_V1\raw progress.txt","24674","NextLegalAction"
"NEXT_ACTION",".\_LOCAL_CUSTODY_AND_RECEIPTS\ROOT_LEGACY_RESIDUE_PHASE2_20260603_234817\PARKED_PACKAGES_PENDING_REVIEW\PARKING_GATE_CONTROL_SURFACE_V1\raw progress.txt","24725","NextLegalAction"
"NEXT_ACTION",".\_LOCAL_CUSTODY_AND_RECEIPTS\ROOT_LEGACY_RESIDUE_PHASE2_20260603_234817\PARKED_PACKAGES_PENDING_REVIEW\PARKING_GATE_CONTROL_SURFACE_V1\raw progress.txt","24793","NextLegalAction"
"NEXT_ACTION",".\_LOCAL_CUSTODY_AND_RECEIPTS\ROOT_LEGACY_RESIDUE_PHASE2_20260603_234817\PARKED_PACKAGES_PENDING_REVIEW\PARKING_GATE_CONTROL_SURFACE_V1\raw progress.txt","25354","NextLegalAction"
"NEXT_ACTION",".\_LOCAL_CUSTODY_AND_RECEIPTS\ROOT_LEGACY_RESIDUE_PHASE2_20260603_234817\PARKED_PACKAGES_PENDING_REVIEW\PARKING_GATE_CONTROL_SURFACE_V1\raw progress.txt","25392","NextLegalAction"
"NEXT_ACTION",".\_LOCAL_CUSTODY_AND_RECEIPTS\ROOT_LEGACY_RESIDUE_PHASE2_20260603_234817\PARKED_PACKAGES_PENDING_REVIEW\PARKING_GATE_CONTROL_SURFACE_V1\raw progress.txt","25429","NextLegalAction"
"NEXT_ACTION",".\_LOCAL_CUSTODY_AND_RECEIPTS\ROOT_LEGACY_RESIDUE_PHASE2_20260603_234817\PARKED_PACKAGES_PENDING_REVIEW\PARKING_GATE_CONTROL_SURFACE_V1\raw progress.txt","26207","NextLegalAction"
"NEXT_ACTION",".\_LOCAL_CUSTODY_AND_RECEIPTS\ROOT_LEGACY_RESIDUE_PHASE2_20260603_234817\PARKED_PACKAGES_PENDING_REVIEW\PARKING_GATE_CONTROL_SURFACE_V1\raw progress.txt","26456","NextLegalAction"
"NEXT_ACTION",".\_LOCAL_CUSTODY_AND_RECEIPTS\ROOT_LEGACY_RESIDUE_PHASE2_20260603_234817\PARKED_PACKAGES_PENDING_REVIEW\PARKING_GATE_CONTROL_SURFACE_V1\raw progress.txt","26874","NextLegalAction"
"NEXT_ACTION",".\_LOCAL_CUSTODY_AND_RECEIPTS\ROOT_LEGACY_RESIDUE_PHASE2_20260603_234817\PARKED_PACKAGES_PENDING_REVIEW\PARKING_GATE_CONTROL_SURFACE_V1\raw progress.txt","27825","NextLegalAction,"
"NEXT_ACTION",".\_LOCAL_CUSTODY_AND_RECEIPTS\ROOT_LEGACY_RESIDUE_PHASE2_20260603_234817\PARKED_PACKAGES_PENDING_REVIEW\PARKING_GATE_CONTROL_SURFACE_V1\raw progress.txt","28105","`NextLegalAction`"
"NEXT_ACTION",".\_LOCAL_CUSTODY_AND_RECEIPTS\ROOT_LEGACY_RESIDUE_PHASE2_20260603_234817\PARKED_PACKAGES_PENDING_REVIEW\PARKING_GATE_CONTROL_SURFACE_V1\raw progress.txt","28218","ReturnId,ParkId,TriggerCondition,TriggerSource,TriggerStatus,TriggeredUtc,ReviewOwner,NextLegalAction,DoesNotProve,StopLine"
"NEXT_ACTION",".\_LOCAL_CUSTODY_AND_RECEIPTS\ROOT_LEGACY_RESIDUE_PHASE2_20260603_234817\PARKED_PACKAGES_PENDING_REVIEW\PARKING_GATE_CONTROL_SURFACE_V1\raw progress.txt","28250","ProofNeedId,ParkId,ProofQuestion,ProofClassNeeded,FixtureNeeded,CurrentProofStatus,BlockingMissingProof,NextLegalAction,DoesNotProve,StopLine"
"NEXT_ACTION",".\_LOCAL_CUSTODY_AND_RECEIPTS\ROOT_LEGACY_RESIDUE_PHASE2_20260603_234817\PARKED_PACKAGES_PENDING_REVIEW\PARKING_GATE_CONTROL_SURFACE_V1\raw progress.txt","28327","`next legal action`"
"NEXT_ACTION",".\_LOCAL_CUSTODY_AND_RECEIPTS\ROOT_LEGACY_RESIDUE_PHASE2_20260603_234817\PARKED_PACKAGES_PENDING_REVIEW\PARKING_GATE_CONTROL_SURFACE_V1\raw progress.txt","28511","`NextLegalAction`"
"NEXT_ACTION",".\_LOCAL_CUSTODY_AND_RECEIPTS\ROOT_LEGACY_RESIDUE_PHASE2_20260603_234817\PARKED_PACKAGES_PENDING_REVIEW\PARKING_GATE_CONTROL_SURFACE_V1\raw progress.txt","28839","ReturnId,ParkId,TriggerCondition,TriggerSource,TriggerStatus,ReviewOwner,NextLegalAction,DoesNotProve,StopLine"
"NEXT_ACTION",".\_LOCAL_CUSTODY_AND_RECEIPTS\ROOT_LEGACY_RESIDUE_PHASE2_20260603_234817\PARKED_PACKAGES_PENDING_REVIEW\PARKING_GATE_CONTROL_SURFACE_V1\raw progress.txt","28882","`NextLegalAction`"
"NEXT_ACTION",".\_LOCAL_CUSTODY_AND_RECEIPTS\ROOT_LEGACY_RESIDUE_PHASE2_20260603_234817\PARKED_PACKAGES_PENDING_REVIEW\PARKING_GATE_CONTROL_SURFACE_V1\raw progress.txt","29228","`NextLegalAction`"
"NEXT_ACTION",".\_LOCAL_CUSTODY_AND_RECEIPTS\ROOT_LEGACY_RESIDUE_PHASE2_20260603_234817\PARKED_PACKAGES_PENDING_REVIEW\PARKING_GATE_CONTROL_SURFACE_V1\raw progress.txt","29427","ParkId,Name,ObjectType,ParentObject,RelatedActiveObject,ParkingLane,LifecycleState,MaturityState,LoadShelf,SourceClass,SourcePointer,SourceHash,OriginalLocation,CurrentLocation,ShortMeaning,WhyItMatters,ReasonParked,Allo"
"NEXT_ACTION",".\_LOCAL_CUSTODY_AND_RECEIPTS\ROOT_LEGACY_RESIDUE_PHASE2_20260603_234817\PARKED_PACKAGES_PENDING_REVIEW\PARKING_GATE_CONTROL_SURFACE_V1\raw progress.txt","29460","`NextLegalAction`"
"NEXT_ACTION",".\_LOCAL_CUSTODY_AND_RECEIPTS\ROOT_LEGACY_RESIDUE_PHASE2_20260603_234817\PARKED_PACKAGES_PENDING_REVIEW\PARKING_GATE_CONTROL_SURFACE_V1\raw progress.txt","29467","The row must identify the object, explain why it matters, explain why it is parked, say what it may be used for, say what it may not be used for, define what it does not prove, name a stop line, and name one next legal a"
"NEXT_ACTION",".\_LOCAL_CUSTODY_AND_RECEIPTS\ROOT_LEGACY_RESIDUE_PHASE2_20260603_234817\PARKED_PACKAGES_PENDING_REVIEW\PARKING_GATE_CONTROL_SURFACE_V1\raw progress.txt","29477","ParkId,Name,ObjectType,ParentObject,RelatedActiveObject,ParkingLane,LifecycleState,MaturityState,LoadShelf,SourceClass,SourcePointer,SourceHash,OriginalLocation,CurrentLocation,ShortMeaning,WhyItMatters,ReasonParked,Allo"
"NEXT_ACTION",".\_LOCAL_CUSTODY_AND_RECEIPTS\ROOT_LEGACY_RESIDUE_PHASE2_20260603_234817\PARKED_PACKAGES_PENDING_REVIEW\PARKING_GATE_CONTROL_SURFACE_V1\raw progress.txt","29672","ReturnId,ParkId,TriggerCondition,TriggerSource,TriggerStatus,TriggeredUtc,ReviewOwner,NextLegalAction,DoesNotProve,StopLine"
"NEXT_ACTION",".\_LOCAL_CUSTODY_AND_RECEIPTS\ROOT_LEGACY_RESIDUE_PHASE2_20260603_234817\PARKED_PACKAGES_PENDING_REVIEW\PARKING_GATE_CONTROL_SURFACE_V1\raw progress.txt","29692","ReturnId,ParkId,TriggerCondition,TriggerSource,TriggerStatus,TriggeredUtc,ReviewOwner,NextLegalAction,DoesNotProve,StopLine"
"NEXT_ACTION",".\_LOCAL_CUSTODY_AND_RECEIPTS\ROOT_LEGACY_RESIDUE_PHASE2_20260603_234817\PARKED_PACKAGES_PENDING_REVIEW\PARKING_GATE_CONTROL_SURFACE_V1\raw progress.txt","29769","ProofNeedId,ParkId,ProofQuestion,ProofClassNeeded,FixtureNeeded,CurrentProofStatus,BlockingMissingProof,NextLegalAction,DoesNotProve,StopLine"
"NEXT_ACTION",".\_LOCAL_CUSTODY_AND_RECEIPTS\ROOT_LEGACY_RESIDUE_PHASE2_20260603_234817\PARKED_PACKAGES_PENDING_REVIEW\PARKING_GATE_CONTROL_SURFACE_V1\raw progress.txt","29793","ProofNeedId,ParkId,ProofQuestion,ProofClassNeeded,FixtureNeeded,CurrentProofStatus,BlockingMissingProof,NextLegalAction,DoesNotProve,StopLine"
"NEXT_ACTION",".\_LOCAL_CUSTODY_AND_RECEIPTS\ROOT_LEGACY_RESIDUE_PHASE2_20260603_234817\PARKED_PACKAGES_PENDING_REVIEW\PARKING_GATE_CONTROL_SURFACE_V1\raw progress.txt","30329","`what the next legal action is`"
"NEXT_ACTION",".\_LOCAL_CUSTODY_AND_RECEIPTS\ROOT_LEGACY_RESIDUE_PHASE2_20260603_234817\PARKED_PACKAGES_PENDING_REVIEW\PARKING_GATE_CONTROL_SURFACE_V1\raw progress.txt","30419","Minimal carry must include enough to prevent false movement: active object, current layer, core law, gates, bad crossings, proof needs, next legal action."
"NEXT_ACTION",".\_LOCAL_CUSTODY_AND_RECEIPTS\ROOT_LEGACY_RESIDUE_PHASE2_20260603_234817\PARKED_PACKAGES_PENDING_REVIEW\PARKING_GATE_CONTROL_SURFACE_V1\raw progress.txt","30560","NextLegalAction"
"NEXT_ACTION",".\_LOCAL_CUSTODY_AND_RECEIPTS\ROOT_LEGACY_RESIDUE_PHASE2_20260603_234817\PARKED_PACKAGES_PENDING_REVIEW\PARKING_GATE_CONTROL_SURFACE_V1\raw progress.txt","30798","`NextLegalAction`"
"NEXT_ACTION",".\_LOCAL_CUSTODY_AND_RECEIPTS\ROOT_LEGACY_RESIDUE_PHASE2_20260603_234817\PARKED_PACKAGES_PENDING_REVIEW\PARKING_GATE_CONTROL_SURFACE_V1\raw progress.txt","30885","NextLegalAction:"
"NEXT_ACTION",".\_LOCAL_CUSTODY_AND_RECEIPTS\ROOT_LEGACY_RESIDUE_PHASE2_20260603_234817\PARKED_PACKAGES_PENDING_REVIEW\PARKING_GATE_CONTROL_SURFACE_V1\raw progress.txt","31433","`next legal action`"
"NEXT_ACTION",".\_LOCAL_CUSTODY_AND_RECEIPTS\ROOT_LEGACY_RESIDUE_PHASE2_20260603_234817\PARKED_PACKAGES_PENDING_REVIEW\PARKING_GATE_CONTROL_SURFACE_V1\raw progress.txt","31809","`ExpectedNextLegalAction`"
"NEXT_ACTION",".\_LOCAL_CUSTODY_AND_RECEIPTS\ROOT_LEGACY_RESIDUE_PHASE2_20260603_234817\PARKED_PACKAGES_PENDING_REVIEW\PARKING_GATE_CONTROL_SURFACE_V1\raw progress.txt","31835","`NextLegalAction`"
"NEXT_ACTION",".\_LOCAL_CUSTODY_AND_RECEIPTS\ROOT_LEGACY_RESIDUE_PHASE2_20260603_234817\PARKED_PACKAGES_PENDING_REVIEW\PARKING_GATE_CONTROL_SURFACE_V1\raw progress.txt","32127","NextLegalAction"
"NEXT_ACTION",".\_LOCAL_CUSTODY_AND_RECEIPTS\ROOT_LEGACY_RESIDUE_PHASE2_20260603_234817\PARKED_PACKAGES_PENDING_REVIEW\PARKING_GATE_CONTROL_SURFACE_V1\raw progress.txt","32196","  ""NextLegalAction"": """","
"NEXT_ACTION",".\_LOCAL_CUSTODY_AND_RECEIPTS\ROOT_LEGACY_RESIDUE_PHASE2_20260603_234817\PARKED_PACKAGES_PENDING_REVIEW\PARKING_GATE_CONTROL_SURFACE_V1\raw progress.txt","33280","NextLegalAction"
"NEXT_ACTION",".\_LOCAL_CUSTODY_AND_RECEIPTS\ROOT_LEGACY_RESIDUE_PHASE2_20260603_234817\PARKED_PACKAGES_PENDING_REVIEW\PARKING_GATE_CONTROL_SURFACE_V1\raw progress.txt","33322","  ""NextLegalAction"": """","
"NEXT_ACTION",".\_LOCAL_CUSTODY_AND_RECEIPTS\ROOT_LEGACY_RESIDUE_PHASE2_20260603_234817\PARKED_PACKAGES_PENDING_REVIEW\PARKING_GATE_CONTROL_SURFACE_V1\raw progress.txt","33375","## Next legal action"
"NEXT_ACTION",".\_LOCAL_CUSTODY_AND_RECEIPTS\ROOT_LEGACY_RESIDUE_PHASE2_20260603_234817\PARKED_PACKAGES_PENDING_REVIEW\PARKING_GATE_CONTROL_SURFACE_V1\PARKING_CONTROL_SURFACE_V2\MANIFEST_PARKING_CONTROL_SURFACE_V2_20260601.txt","57","NextLegalActions:"
"NEXT_ACTION",".\_LOCAL_CUSTODY_AND_RECEIPTS\ROOT_LEGACY_RESIDUE_PHASE2_20260603_234817\PARKED_PACKAGES_PENDING_REVIEW\PARKING_GATE_CONTROL_SURFACE_V1\PARKING_CONTROL_SURFACE_V2\04_WEB_DIVE\PARKING_CONTROL_SURFACE_WEB_PATTERN_NOTES_20260601.md","21","Parking rows need `VisibleState`, `ProofStatus`, `TriggerStatus`, `NextLegalAction`, and `StopLine` on the first view."
"NEXT_ACTION",".\_LOCAL_CUSTODY_AND_RECEIPTS\ROOT_LEGACY_RESIDUE_PHASE2_20260603_234817\PARKED_PACKAGES_PENDING_REVIEW\PARKING_GATE_CONTROL_SURFACE_V1\PARKING_CONTROL_SURFACE_V2\02_PROOF_BENCH\PARKING_CONTROL_SURFACE_V2_FIXTURE_CATALOG.csv","7","BAD-V2-006,BAD_NO_RECOVERY_PATH,BAD,Review must have a way back or out,Review row has NextLegalAction but RecoveryPath blank,BLOCK,BLOCK_NO_RECOVERY_PATH,Missing recovery field,Does not prove recovery choice is right,Sto"
"NEXT_ACTION",".\_LOCAL_CUSTODY_AND_RECEIPTS\ROOT_LEGACY_RESIDUE_PHASE2_20260603_234817\PARKED_PACKAGES_PENDING_REVIEW\PARKING_GATE_CONTROL_SURFACE_V1\PARKING_CONTROL_SURFACE_V2\02_PROOF_BENCH\PARKING_CONTROL_SURFACE_V2_EXPECTED_RESULTS.csv","1","ExpectedId,FixtureId,ExpectedDecision,ExpectedStateAfter,ExpectedReceipts,ExpectedCode,ExpectedNextLegalAction,HardFailureIfDifferent,DoesNotProve,StopLine"
"NEXT_ACTION",".\_LOCAL_CUSTODY_AND_RECEIPTS\ROOT_LEGACY_RESIDUE_PHASE2_20260603_234817\PARKED_PACKAGES_PENDING_REVIEW\PARKING_GATE_CONTROL_SURFACE_V1\PARKING_CONTROL_SURFACE_V2\01_CONTROL_LEDGER\PARKING_OPERATOR_VIEW_CONTRACT_V2.md","26","NextLegalAction"
"NEXT_ACTION",".\_LOCAL_CUSTODY_AND_RECEIPTS\ROOT_LEGACY_RESIDUE_PHASE2_20260603_234817\PARKED_PACKAGES_PENDING_REVIEW\PARKING_GATE_CONTROL_SURFACE_V1\PARKING_CONTROL_SURFACE_V2\01_CONTROL_LEDGER\PARKING_CONTROL_LEDGER_TEMPLATE_V2.csv","1","ParkId,Name,ObjectType,ParentObject,RelatedActiveObject,ParkingLane,LifecycleState,VisibleState,MaturityState,LoadShelf,TriggerPriority,TriggerStatus,ProofStatus,DecisionPoint,EnforcementPoint,SourceClass,SourcePointer,S"
"NEXT_ACTION",".\_LOCAL_CUSTODY_AND_RECEIPTS\ROOT_LEGACY_RESIDUE_PHASE2_20260603_234817\PARKED_PACKAGES_PENDING_REVIEW\PARKING_GATE_CONTROL_SURFACE_V1\PARKING_CONTROL_SURFACE_V2\00_READ_FIRST\PARKING_CONTROL_SURFACE_V2_RULE_CARD_20260601.md","47","- NextLegalAction;"
"NEXT_ACTION",".\_LOCAL_CUSTODY_AND_RECEIPTS\ROOT_LEGACY_RESIDUE_PHASE2_20260603_234817\PARKED_PACKAGES_PENDING_REVIEW\PARKING_GATE_CONTROL_SURFACE_V1\PARKING_CONTROL_SURFACE_V2\00_READ_FIRST\PARKING_CONTROL_SURFACE_V2_RULE_CARD_20260601.md","167","- NextLegalAction"
"NEXT_ACTION",".\_LOCAL_CUSTODY_AND_RECEIPTS\ROOT_LEGACY_RESIDUE_PHASE2_20260603_234817\PARKED_PACKAGES_PENDING_REVIEW\PARKING_GATE_CONTROL_SURFACE_V1\Final Agent\CHAT_PICKUP_HANDOFF_PARKING_SYSTEM_NEXT_PROOF_BENCH_20260601.md","258","NextLegalAction"
"NEXT_ACTION",".\_LOCAL_CUSTODY_AND_RECEIPTS\ROOT_LEGACY_RESIDUE_PHASE2_20260603_234817\PARKED_PACKAGES_PENDING_REVIEW\PARKING_GATE_CONTROL_SURFACE_V1\Final Agent\CHAT_PICKUP_HANDOFF_PARKING_SYSTEM_NEXT_PROOF_BENCH_20260601.md","300","  ""NextLegalAction"": """","
"NEXT_ACTION",".\_LOCAL_CUSTODY_AND_RECEIPTS\ROOT_LEGACY_RESIDUE_PHASE2_20260603_234817\PARKED_PACKAGES_PENDING_REVIEW\PARKING_GATE_CONTROL_SURFACE_V1\Final Agent\CHAT_PICKUP_HANDOFF_PARKING_SYSTEM_NEXT_PROOF_BENCH_20260601.md","353","## Next legal action"
"NEXT_ACTION",".\_LOCAL_CUSTODY_AND_RECEIPTS\ROOT_LEGACY_RESIDUE_PHASE2_20260603_234817\PARKED_PACKAGES_PENDING_REVIEW\PARKING_GATE_CONTROL_SURFACE_V1\Agent_2\CHAT_PICKUP_HANDOFF_PARKED_PARTS_SYSTEM_CHUNKS_2_6_20260531.md","262","- NextLegalAction"
"NEXT_ACTION",".\_LOCAL_CUSTODY_AND_RECEIPTS\ROOT_LEGACY_RESIDUE_PHASE2_20260603_234817\PARKED_PACKAGES_PENDING_REVIEW\PARKING_GATE_CONTROL_SURFACE_V1\Agent_2\CHAT_PICKUP_HANDOFF_PARKED_PARTS_SYSTEM_CHUNKS_2_6_20260531.md","317","16. Set NextLegalAction and StopLine."
"NEXT_ACTION",".\_LOCAL_CUSTODY_AND_RECEIPTS\ROOT_LEGACY_RESIDUE_PHASE2_20260603_234817\PARKED_PACKAGES_PENDING_REVIEW\LOWER_CAUSE_SEARCH_METHOD_LAB_20260601\RAW_WORK\RAW_CARD_COLLECTION.txt","3426","NextLegalAction:"
"NEXT_ACTION",".\_LOCAL_CUSTODY_AND_RECEIPTS\ROOT_LEGACY_RESIDUE_PHASE2_20260603_234817\PARKED_PACKAGES_PENDING_REVIEW\LOWER_CAUSE_SEARCH_METHOD_LAB_20260601\RAW_WORK\RAW_CARD_COLLECTION.txt","3464","NextLegalAction:"
"NEXT_ACTION",".\_LOCAL_CUSTODY_AND_RECEIPTS\ROOT_LEGACY_RESIDUE_PHASE2_20260603_234817\PARKED_PACKAGES_PENDING_REVIEW\LOWER_CAUSE_SEARCH_METHOD_LAB_20260601\RAW_WORK\RAW_CARD_COLLECTION.txt","4194","NextLegalAction:"
"NEXT_ACTION",".\_LOCAL_CUSTODY_AND_RECEIPTS\ROOT_LEGACY_RESIDUE_PHASE2_20260603_234817\PARKED_PACKAGES_PENDING_REVIEW\LOWER_CAUSE_SEARCH_METHOD_LAB_20260601\RAW_WORK\RAW_CARD_COLLECTION.txt","4453","NextLegalAction:"
"NEXT_ACTION",".\_LOCAL_CUSTODY_AND_RECEIPTS\ROOT_LEGACY_RESIDUE_PHASE2_20260603_234817\PARKED_PACKAGES_PENDING_REVIEW\LOWER_CAUSE_SEARCH_METHOD_LAB_20260601\RAW_WORK\RAW_CARD_COLLECTION.txt","4504","NextLegalAction:"
"NEXT_ACTION",".\_LOCAL_CUSTODY_AND_RECEIPTS\ROOT_LEGACY_RESIDUE_PHASE2_20260603_234817\PARKED_PACKAGES_PENDING_REVIEW\LOWER_CAUSE_SEARCH_METHOD_LAB_20260601\RAW_WORK\RAW_CARD_COLLECTION.txt","9724","NextLegalAction:"
"NEXT_ACTION",".\_LOCAL_CUSTODY_AND_RECEIPTS\ROOT_LEGACY_RESIDUE_PHASE2_20260603_234817\PARKED_PACKAGES_PENDING_REVIEW\LOWER_CAUSE_SEARCH_METHOD_LAB_20260601\RAW_WORK\RAW_CARD_COLLECTION.txt","12550","NextLegalAction:"
"NEXT_ACTION",".\_LOCAL_CUSTODY_AND_RECEIPTS\ROOT_LEGACY_RESIDUE_PHASE2_20260603_234817\PARKED_PACKAGES_PENDING_REVIEW\LOWER_CAUSE_SEARCH_METHOD_LAB_20260601\RAW_WORK\RAW_CARD_COLLECTION.txt","12944","**Next legal action:**"
"NEXT_ACTION",".\_LOCAL_CUSTODY_AND_RECEIPTS\ROOT_LEGACY_RESIDUE_PHASE2_20260603_234817\PARKED_PACKAGES_PENDING_REVIEW\LOWER_CAUSE_SEARCH_METHOD_LAB_20260601\RAW_WORK\RAW_CARD_COLLECTION.txt","17570","Next legal action is [adapt / test / park / reject / cite]."
"NEXT_ACTION",".\_LOCAL_CUSTODY_AND_RECEIPTS\ROOT_LEGACY_RESIDUE_PHASE2_20260603_234817\PARKED_PACKAGES_PENDING_REVIEW\LOWER_CAUSE_SEARCH_METHOD_LAB_20260601\RAW_WORK\RAW_CARD_COLLECTION.txt","18806","| O28 Trace                     |     5 | Lead                       | Links parked item to origin event, evidence, and next legal action.          |"
"NEXT_ACTION",".\_LOCAL_CUSTODY_AND_RECEIPTS\ROOT_LEGACY_RESIDUE_PHASE2_20260603_234817\PARKED_PACKAGES_PENDING_REVIEW\LOWER_CAUSE_SEARCH_METHOD_LAB_20260601\RAW_WORK\RAW_CARD_COLLECTION.txt","18976","Owner route: validation bench. Next legal action: reopen at Case 10 or recurrence review."
"NEXT_ACTION",".\_LOCAL_CUSTODY_AND_RECEIPTS\ROOT_LEGACY_RESIDUE_PHASE2_20260603_234817\PARKED_PACKAGES_PENDING_REVIEW\LOWER_CAUSE_SEARCH_METHOD_LAB_20260601\RAW_WORK\RAW_CARD_COLLECTION.txt","29563","C17,""Cynefin + Domain Routing"",""PACKAGER"",""clear/complicated/complex/chaotic classification; route/domain selection; parking classification"",""when deciding how to route a problem or parked item"",""proof command or live no"
"NEXT_ACTION",".\_LOCAL_CUSTODY_AND_RECEIPTS\ROOT_LEGACY_RESIDUE_PHASE2_20260603_234817\PARKED_PACKAGES_PENDING_REVIEW\LOWER_CAUSE_SEARCH_METHOD_LAB_20260601\RAW_WORK\RAW_CARD_COLLECTION.txt","31760","NextLegalAction:"
"NEXT_ACTION",".\_LOCAL_CUSTODY_AND_RECEIPTS\ROOT_LEGACY_RESIDUE_PHASE2_20260603_234817\PARKED_PACKAGES_PENDING_REVIEW\LOWER_CAUSE_SEARCH_METHOD_LAB_20260601\RAW_WORK\RAW_CARD_COLLECTION.txt","32259","Next legal actions:"
"NEXT_ACTION",".\_LOCAL_CUSTODY_AND_RECEIPTS\ROOT_LEGACY_RESIDUE_PHASE2_20260603_234817\PARKED_PACKAGES_PENDING_REVIEW\LOWER_CAUSE_SEARCH_METHOD_LAB_20260601\RAW_WORK\RAW_CARD_COLLECTION.txt","32517","NextLegalAction:"
"NEXT_ACTION",".\_LOCAL_CUSTODY_AND_RECEIPTS\ROOT_LEGACY_RESIDUE_PHASE2_20260603_234817\PARKED_PACKAGES_PENDING_REVIEW\LOWER_CAUSE_SEARCH_METHOD_LAB_20260601\RAW_WORK\RAW_CARD_COLLECTION.txt","33115","# 5. Next Legal Actions"
"NEXT_ACTION",".\_LOCAL_CUSTODY_AND_RECEIPTS\ROOT_LEGACY_RESIDUE_PHASE2_20260603_234817\PARKED_PACKAGES_PENDING_REVIEW\LOWER_CAUSE_SEARCH_METHOD_LAB_20260601\RAW_WORK\RAW_CARD_COLLECTION.txt","33366","NextLegalAction"
"NEXT_ACTION",".\_LOCAL_CUSTODY_AND_RECEIPTS\ROOT_LEGACY_RESIDUE_PHASE2_20260603_234817\PARKED_PACKAGES_PENDING_REVIEW\LOWER_CAUSE_SEARCH_METHOD_LAB_20260601\RAW_WORK\RAW_CARD_COLLECTION.txt","35025","next legal actions"
"NEXT_ACTION",".\_LOCAL_CUSTODY_AND_RECEIPTS\ROOT_LEGACY_RESIDUE_PHASE2_20260603_234817\PARKED_PACKAGES_PENDING_REVIEW\LOWER_CAUSE_SEARCH_METHOD_LAB_20260601\RAW_WORK\RAW_CARD_COLLECTION.txt","35324","NextLegalAction:"
"NEXT_ACTION",".\_LOCAL_CUSTODY_AND_RECEIPTS\ROOT_LEGACY_RESIDUE_PHASE2_20260603_234817\PARKED_PACKAGES_PENDING_REVIEW\LOWER_CAUSE_SEARCH_METHOD_LAB_20260601\LOWER_CAUSE_OPERATOR_CHOICE_METHOD_LAB_20260601\O28_OBSERVABILITY_TRACE_ROUTELEDGERMAP.md","17","Give every lower-cause event a trace: failed command, affected files, helper/source, staging state, receipt, event row, workbench state, next legal action. Logs alone are not enough; correlation matters."
"NEXT_ACTION",".\_LOCAL_CUSTODY_AND_RECEIPTS\ROOT_LEGACY_RESIDUE_PHASE2_20260603_234817\PARKED_PACKAGES_PENDING_REVIEW\HOUSE_DOCK_CONTROL_ROOM_SAVE_PACKET_V1\98_SOURCE_RAW\FINAL_RAW_PROGRESS.txt","850","Shows state, safe actions, blocked powers, receipts, and next legal action."
"NEXT_ACTION",".\_LOCAL_CUSTODY_AND_RECEIPTS\ROOT_LEGACY_RESIDUE_PHASE2_20260603_234817\PARKED_PACKAGES_PENDING_REVIEW\HOUSE_DOCK_CONTROL_ROOM_SAVE_PACKET_V1\98_SOURCE_RAW\FINAL_RAW_PROGRESS.txt","1452","The rough draft already names Parking row minimum fields: `ParkId`, `Name`, `SourcePath`, `SourceHash`, `ShortMeaning`, `WhyItMatters`, `RelatedObject`, `ParkingLane`, `ReturnTrigger`, `ProofNeed`, `NextLegalAction`, and"
"NEXT_ACTION",".\_LOCAL_CUSTODY_AND_RECEIPTS\ROOT_LEGACY_RESIDUE_PHASE2_20260603_234817\PARKED_PACKAGES_PENDING_REVIEW\HOUSE_DOCK_CONTROL_ROOM_SAVE_PACKET_V1\98_SOURCE_RAW\FINAL_RAW_PROGRESS.txt","1883","next legal action"
"NEXT_ACTION",".\_LOCAL_CUSTODY_AND_RECEIPTS\ROOT_LEGACY_RESIDUE_PHASE2_20260603_234817\PARKED_PACKAGES_PENDING_REVIEW\HOUSE_DOCK_CONTROL_ROOM_SAVE_PACKET_V1\98_SOURCE_RAW\FINAL_RAW_PROGRESS.txt","1916","NextLegalAction"
"NEXT_ACTION",".\_LOCAL_CUSTODY_AND_RECEIPTS\ROOT_LEGACY_RESIDUE_PHASE2_20260603_234817\PARKED_PACKAGES_PENDING_REVIEW\HOUSE_DOCK_CONTROL_ROOM_SAVE_PACKET_V1\98_SOURCE_RAW\FINAL_RAW_PROGRESS.txt","2276","next legal action"
"NEXT_ACTION",".\_LOCAL_CUSTODY_AND_RECEIPTS\ROOT_LEGACY_RESIDUE_PHASE2_20260603_234817\PARKED_PACKAGES_PENDING_REVIEW\HOUSE_DOCK_CONTROL_ROOM_SAVE_PACKET_V1\98_SOURCE_RAW\FINAL_RAW_PROGRESS.txt","2322","NextLegalAction"
"NEXT_ACTION",".\_LOCAL_CUSTODY_AND_RECEIPTS\ROOT_LEGACY_RESIDUE_PHASE2_20260603_234817\PARKED_PACKAGES_PENDING_REVIEW\HOUSE_DOCK_CONTROL_ROOM_SAVE_PACKET_V1\98_SOURCE_RAW\FINAL_RAW_PROGRESS.txt","2356","next legal action"
"NEXT_ACTION",".\_LOCAL_CUSTODY_AND_RECEIPTS\ROOT_LEGACY_RESIDUE_PHASE2_20260603_234817\PARKED_PACKAGES_PENDING_REVIEW\HOUSE_DOCK_CONTROL_ROOM_SAVE_PACKET_V1\98_SOURCE_RAW\FINAL_RAW_PROGRESS.txt","2384","NextLegalAction"
"NEXT_ACTION",".\_LOCAL_CUSTODY_AND_RECEIPTS\ROOT_LEGACY_RESIDUE_PHASE2_20260603_234817\PARKED_PACKAGES_PENDING_REVIEW\HOUSE_DOCK_CONTROL_ROOM_SAVE_PACKET_V1\98_SOURCE_RAW\FINAL_RAW_PROGRESS.txt","2422","next legal action"
"NEXT_ACTION",".\_LOCAL_CUSTODY_AND_RECEIPTS\ROOT_LEGACY_RESIDUE_PHASE2_20260603_234817\PARKED_PACKAGES_PENDING_REVIEW\HOUSE_DOCK_CONTROL_ROOM_SAVE_PACKET_V1\98_SOURCE_RAW\FINAL_RAW_PROGRESS.txt","2450","NextLegalAction"
"NEXT_ACTION",".\_LOCAL_CUSTODY_AND_RECEIPTS\ROOT_LEGACY_RESIDUE_PHASE2_20260603_234817\PARKED_PACKAGES_PENDING_REVIEW\HOUSE_DOCK_CONTROL_ROOM_SAVE_PACKET_V1\98_SOURCE_RAW\FINAL_RAW_PROGRESS.txt","2497","next legal action"
"NEXT_ACTION",".\_LOCAL_CUSTODY_AND_RECEIPTS\ROOT_LEGACY_RESIDUE_PHASE2_20260603_234817\PARKED_PACKAGES_PENDING_REVIEW\HOUSE_DOCK_CONTROL_ROOM_SAVE_PACKET_V1\98_SOURCE_RAW\FINAL_RAW_PROGRESS.txt","2524","NextLegalAction"
"NEXT_ACTION",".\_LOCAL_CUSTODY_AND_RECEIPTS\ROOT_LEGACY_RESIDUE_PHASE2_20260603_234817\PARKED_PACKAGES_PENDING_REVIEW\HOUSE_DOCK_CONTROL_ROOM_SAVE_PACKET_V1\98_SOURCE_RAW\FINAL_RAW_PROGRESS.txt","2647","next legal action"
"NEXT_ACTION",".\_LOCAL_CUSTODY_AND_RECEIPTS\ROOT_LEGACY_RESIDUE_PHASE2_20260603_234817\PARKED_PACKAGES_PENDING_REVIEW\HOUSE_DOCK_CONTROL_ROOM_SAVE_PACKET_V1\98_SOURCE_RAW\FINAL_RAW_PROGRESS.txt","2675","NextLegalAction"
"NEXT_ACTION",".\_LOCAL_CUSTODY_AND_RECEIPTS\ROOT_LEGACY_RESIDUE_PHASE2_20260603_234817\PARKED_PACKAGES_PENDING_REVIEW\HOUSE_DOCK_CONTROL_ROOM_SAVE_PACKET_V1\98_SOURCE_RAW\FINAL_RAW_PROGRESS.txt","2938","NextLegalAction"
"NEXT_ACTION",".\_LOCAL_CUSTODY_AND_RECEIPTS\ROOT_LEGACY_RESIDUE_PHASE2_20260603_234817\PARKED_PACKAGES_PENDING_REVIEW\HOUSE_DOCK_CONTROL_ROOM_SAVE_PACKET_V1\98_SOURCE_RAW\FINAL_RAW_PROGRESS.txt","3117","display next legal action"
"NEXT_ACTION",".\_LOCAL_CUSTODY_AND_RECEIPTS\ROOT_LEGACY_RESIDUE_PHASE2_20260603_234817\PARKED_PACKAGES_PENDING_REVIEW\HOUSE_DOCK_CONTROL_ROOM_SAVE_PACKET_V1\98_SOURCE_RAW\FINAL_RAW_PROGRESS.txt","3191","next legal actions"
"NEXT_ACTION",".\_LOCAL_CUSTODY_AND_RECEIPTS\ROOT_LEGACY_RESIDUE_PHASE2_20260603_234817\PARKED_PACKAGES_PENDING_REVIEW\HOUSE_DOCK_CONTROL_ROOM_SAVE_PACKET_V1\98_SOURCE_RAW\FINAL_RAW_PROGRESS.txt","3280","  -> display return shows DoesNotProve + next legal action"
"NEXT_ACTION",".\_LOCAL_CUSTODY_AND_RECEIPTS\ROOT_LEGACY_RESIDUE_PHASE2_20260603_234817\PARKED_PACKAGES_PENDING_REVIEW\HOUSE_DOCK_CONTROL_ROOM_SAVE_PACKET_V1\98_SOURCE_RAW\FINAL_RAW_PROGRESS.txt","5926","what the next legal action is"
"NEXT_ACTION",".\_LOCAL_CUSTODY_AND_RECEIPTS\ROOT_LEGACY_RESIDUE_PHASE2_20260603_234817\PARKED_PACKAGES_PENDING_REVIEW\HOUSE_DOCK_CONTROL_ROOM_SAVE_PACKET_V1\98_SOURCE_RAW\FINAL_RAW_PROGRESS.txt","6089","receipt without next legal action"
"PARKED_DRAFT",".\_LOCAL_CUSTODY_AND_RECEIPTS\ROOT_PACKET_READ_APPLY_CLEAR_20260531_163123\ROOT_PACKET_READ_APPLY_CLEAR_RECEIPT_20260531.txt","8","Boundary: packets read/applied/parked then moved to local custody; no delete; no doctrine; no ACTIVE_GUIDES; no CURRENT_TRUTH_INDEX; no watcher; no automation."
"PARKED_DRAFT",".\_LOCAL_CUSTODY_AND_RECEIPTS\ROOT_PACKET_READ_APPLY_CLEAR_20260531_163123\MULE_WORK_PACKET_ASSISTANT_CONTEXT_CARRIER_AND_VISIBILITY_GAP_20260531.md","29","- design candidate organs;"
"PARKED_DRAFT",".\_LOCAL_CUSTODY_AND_RECEIPTS\ROOT_PACKET_READ_APPLY_CLEAR_20260531_163123\MULE_WORK_PACKET_ASSISTANT_CONTEXT_CARRIER_AND_VISIBILITY_GAP_20260531.md","245","## 5. Candidate work object"
"PARKED_DRAFT",".\_LOCAL_CUSTODY_AND_RECEIPTS\ROOT_PACKET_READ_APPLY_CLEAR_20260531_163123\MULE_WORK_PACKET_ASSISTANT_CONTEXT_CARRIER_AND_VISIBILITY_GAP_20260531.md","247","Candidate name:"
"PARKED_DRAFT",".\_LOCAL_CUSTODY_AND_RECEIPTS\ROOT_PACKET_READ_APPLY_CLEAR_20260531_163123\MULE_WORK_PACKET_ASSISTANT_CONTEXT_CARRIER_AND_VISIBILITY_GAP_20260531.md","351","Candidate paste-safe block:"
"PARKED_DRAFT",".\_LOCAL_CUSTODY_AND_RECEIPTS\ROOT_PACKET_READ_APPLY_CLEAR_20260531_163123\MULE_WORK_PACKET_ASSISTANT_CONTEXT_CARRIER_AND_VISIBILITY_GAP_20260531.md","500","Candidate name:"
"PARKED_DRAFT",".\_LOCAL_CUSTODY_AND_RECEIPTS\ROOT_PACKET_READ_APPLY_CLEAR_20260531_163123\MULE_WORK_PACKET_ASSISTANT_CONTEXT_CARRIER_AND_VISIBILITY_GAP_20260531.md","864","- proposed fix;"
"PARKED_DRAFT",".\_LOCAL_CUSTODY_AND_RECEIPTS\ROOT_PACKET_READ_APPLY_CLEAR_20260531_163123\MULE_WORK_PACKET_ASSISTANT_CONTEXT_CARRIER_AND_VISIBILITY_GAP_20260531.md","879","Draft capability card for chat assistant, mule, and helper classes."
"PARKED_DRAFT",".\_LOCAL_CUSTODY_AND_RECEIPTS\ROOT_PACKET_READ_APPLY_CLEAR_20260531_163123\MULE_WORK_PACKET_ASSISTANT_CONTEXT_CARRIER_AND_VISIBILITY_GAP_20260531.md","935","Decide if this remains local-only, gets parked, or gets lock-saved."
"PARKED_DRAFT",".\_LOCAL_CUSTODY_AND_RECEIPTS\ROOT_PACKET_READ_APPLY_CLEAR_20260531_163123\MULE_WORK_PACKET_ASSISTANT_CONTEXT_CARRIER_AND_VISIBILITY_GAP_20260531.md","951","3. A proposed owner room."
"PARKED_DRAFT",".\_LOCAL_CUSTODY_AND_RECEIPTS\ROOT_PACKET_READ_APPLY_CLEAR_20260531_163123\MULE_WORK_PACKET_ASSISTANT_CONTEXT_CARRIER_AND_VISIBILITY_GAP_20260531.md","991","Do not obey my proposed structure if the house shows a cleaner route."
"PARKED_DRAFT",".\_LOCAL_CUSTODY_AND_RECEIPTS\ROOT_PACKET_READ_APPLY_CLEAR_20260531_163123\MULE_PACKET_HELPER_AUTONOMY_ROOT_CLEAR_SHAPE_GATE_JOB_20260531.md","109","- staged-set proof;"
"PARKED_DRAFT",".\_LOCAL_CUSTODY_AND_RECEIPTS\ROOT_PACKET_READ_APPLY_CLEAR_20260531_163123\MULE_PACKET_HELPER_AUTONOMY_ROOT_CLEAR_SHAPE_GATE_JOB_20260531.md","223","   - rule candidate;"
"PARKED_DRAFT",".\_LOCAL_CUSTODY_AND_RECEIPTS\ROOT_PACKET_READ_APPLY_CLEAR_20260531_163123\MULE_PACKET_HELPER_AUTONOMY_ROOT_CLEAR_SHAPE_GATE_JOB_20260531.md","224","   - concept candidate;"
"PARKED_DRAFT",".\_LOCAL_CUSTODY_AND_RECEIPTS\ROOT_PACKET_READ_APPLY_CLEAR_20260531_163123\MULE_PACKET_HELPER_AUTONOMY_ROOT_CLEAR_SHAPE_GATE_JOB_20260531.md","225","   - helper/tool candidate;"
"PARKED_DRAFT",".\_LOCAL_CUSTODY_AND_RECEIPTS\ROOT_PACKET_READ_APPLY_CLEAR_20260531_163123\MULE_PACKET_HELPER_AUTONOMY_ROOT_CLEAR_SHAPE_GATE_JOB_20260531.md","235","   - rule candidate;"
"PARKED_DRAFT",".\_LOCAL_CUSTODY_AND_RECEIPTS\ROOT_PACKET_READ_APPLY_CLEAR_20260531_163123\MULE_PACKET_HELPER_AUTONOMY_ROOT_CLEAR_SHAPE_GATE_JOB_20260531.md","236","   - Soft Suit candidate;"
"PARKED_DRAFT",".\_LOCAL_CUSTODY_AND_RECEIPTS\ROOT_PACKET_READ_APPLY_CLEAR_20260531_163123\MULE_PACKET_HELPER_AUTONOMY_ROOT_CLEAR_SHAPE_GATE_JOB_20260531.md","260","- extracted idea/concept/rule candidate CSV;"
"PARKED_DRAFT",".\_LOCAL_CUSTODY_AND_RECEIPTS\ROOT_PACKET_READ_APPLY_CLEAR_20260531_163123\MULE_PACKET_HELPER_AUTONOMY_ROOT_CLEAR_SHAPE_GATE_JOB_20260531.md","263","- cleared/parked/blocked status map;"
"PARKED_DRAFT",".\_LOCAL_CUSTODY_AND_RECEIPTS\ROOT_PACKET_READ_APPLY_CLEAR_20260531_163123\MULE_PACKET_HELPER_AUTONOMY_ROOT_CLEAR_SHAPE_GATE_JOB_20260531.md","271","If a useful concept exists only in a loose file, mule must route it into the correct living lane or create a candidate with proof need and return trigger."
"PARKED_DRAFT",".\_LOCAL_CUSTODY_AND_RECEIPTS\ROOT_PACKET_READ_APPLY_CLEAR_20260531_163123\MULE_PACKET_HELPER_AUTONOMY_ROOT_CLEAR_SHAPE_GATE_JOB_20260531.md","288","- let helpers generate candidate reports;"
"PARKED_DRAFT",".\_LOCAL_CUSTODY_AND_RECEIPTS\ROOT_PACKET_READ_APPLY_CLEAR_20260531_163123\MULE_PACKET_HELPER_AUTONOMY_ROOT_CLEAR_SHAPE_GATE_JOB_20260531.md","302","- helper output is candidate evidence unless promoted through proof."
"PARKED_DRAFT",".\_LOCAL_CUSTODY_AND_RECEIPTS\ROOT_PACKET_READ_APPLY_CLEAR_20260531_163123\MULE_PACKET_HELPER_AUTONOMY_ROOT_CLEAR_SHAPE_GATE_JOB_20260531.md","333","- candidate mechanism;"
"PARKED_DRAFT",".\_LOCAL_CUSTODY_AND_RECEIPTS\ROOT_PACKET_READ_APPLY_CLEAR_20260531_163123\MULE_PACKET_HELPER_AUTONOMY_ROOT_CLEAR_SHAPE_GATE_JOB_20260531.md","349","- staged write/save approvals."
"PARKED_DRAFT",".\_LOCAL_CUSTODY_AND_RECEIPTS\ROOT_PACKET_READ_APPLY_CLEAR_20260531_163123\MULE_PACKET_HELPER_AUTONOMY_ROOT_CLEAR_SHAPE_GATE_JOB_20260531.md","355","Search old files, parked ideas, prior mule returns, sorting benches, receipts, TODOs, chat cockpit cards, source ore, and indexes for anything that may help."
"PARKED_DRAFT",".\_LOCAL_CUSTODY_AND_RECEIPTS\ROOT_PACKET_READ_APPLY_CLEAR_20260531_163123\MULE_PACKET_HELPER_AUTONOMY_ROOT_CLEAR_SHAPE_GATE_JOB_20260531.md","362","- parked;"
"PARKED_DRAFT",".\_LOCAL_CUSTODY_AND_RECEIPTS\ROOT_PACKET_READ_APPLY_CLEAR_20260531_163123\MULE_PACKET_HELPER_AUTONOMY_ROOT_CLEAR_SHAPE_GATE_JOB_20260531.md","416","- candidate extraction;"
"PARKED_DRAFT",".\_LOCAL_CUSTODY_AND_RECEIPTS\ROOT_PACKET_READ_APPLY_CLEAR_20260531_163123\MULE_PACKET_HELPER_AUTONOMY_ROOT_CLEAR_SHAPE_GATE_JOB_20260531.md","455","- applied or parked;"
"PARKED_DRAFT",".\_LOCAL_CUSTODY_AND_RECEIPTS\ROOT_PACKET_READ_APPLY_CLEAR_20260531_163123\MULE_PACKET_HELPER_AUTONOMY_ROOT_CLEAR_SHAPE_GATE_JOB_20260531.md","610","2. Root/front-door files are read and applied/parked/blocked with receipts."
"PARKED_DRAFT",".\_LOCAL_CUSTODY_AND_RECEIPTS\ROOT_PACKET_READ_APPLY_CLEAR_20260531_163123\MULE_PACKET_HELPER_AUTONOMY_ROOT_CLEAR_SHAPE_GATE_JOB_20260531.md","611","3. Lost concepts found in loose files are routed into living house lanes or explicit candidate lanes."
"PARKED_DRAFT",".\_LOCAL_CUSTODY_AND_RECEIPTS\ROOT_LOOSE_FILE_CLEANOUT_20260604_20260604_172200\SCAN_MATCHES_FILES_20260604.csv","170","""1"",""CHAT_DROP_COPY__LIVING_SYSTEM_EDWARD_SCISSORHANDS_THINK_TANK_V1.md"",""311"",""LEDGER"",""The current house should not save all this immediately as doctrine. The best fit is a **Think Tank / Source Fit / Creative Room rep"
"PARKED_DRAFT",".\_LOCAL_CUSTODY_AND_RECEIPTS\ROOT_LOOSE_FILE_CLEANOUT_20260604_20260604_172200\SCAN_MATCHES_FILES_20260604.csv","222","""2"",""CHAT_DROP_COPY__SCISSOR_SEW_SMELL_BONE_NERVE_TOOL_GRAMMAR_CANDIDATE_V1.md"",""1"",""SMELL"",""# Scissor / Sew / Smell / Bone / Nerve Tool Grammar Candidate"""
"PARKED_DRAFT",".\_LOCAL_CUSTODY_AND_RECEIPTS\ROOT_LOOSE_FILE_CLEANOUT_20260604_20260604_172200\SCAN_MATCHES_FILES_20260604.csv","223","""2"",""CHAT_DROP_COPY__SCISSOR_SEW_SMELL_BONE_NERVE_TOOL_GRAMMAR_CANDIDATE_V1.md"",""1"",""BONE"",""# Scissor / Sew / Smell / Bone / Nerve Tool Grammar Candidate"""
"PARKED_DRAFT",".\_LOCAL_CUSTODY_AND_RECEIPTS\ROOT_LOOSE_FILE_CLEANOUT_20260604_20260604_172200\SCAN_MATCHES_FILES_20260604.csv","224","""2"",""CHAT_DROP_COPY__SCISSOR_SEW_SMELL_BONE_NERVE_TOOL_GRAMMAR_CANDIDATE_V1.md"",""1"",""NERVE"",""# Scissor / Sew / Smell / Bone / Nerve Tool Grammar Candidate"""
"PARKED_DRAFT",".\_LOCAL_CUSTODY_AND_RECEIPTS\ROOT_LOOSE_FILE_CLEANOUT_20260604_20260604_172200\SCAN_MATCHES_FILES_20260604.csv","225","""2"",""CHAT_DROP_COPY__SCISSOR_SEW_SMELL_BONE_NERVE_TOOL_GRAMMAR_CANDIDATE_V1.md"",""1"",""SCISSOR"",""# Scissor / Sew / Smell / Bone / Nerve Tool Grammar Candidate"""
"PARKED_DRAFT",".\_LOCAL_CUSTODY_AND_RECEIPTS\ROOT_LOOSE_FILE_CLEANOUT_20260604_20260604_172200\SCAN_MATCHES_FILES_20260604.csv","226","""2"",""CHAT_DROP_COPY__SCISSOR_SEW_SMELL_BONE_NERVE_TOOL_GRAMMAR_CANDIDATE_V1.md"",""1"",""SEW"",""# Scissor / Sew / Smell / Bone / Nerve Tool Grammar Candidate"""
"PARKED_DRAFT",".\_LOCAL_CUSTODY_AND_RECEIPTS\ROOT_LOOSE_FILE_CLEANOUT_20260604_20260604_172200\SCAN_MATCHES_FILES_20260604.csv","229","""2"",""CHAT_DROP_COPY__SCISSOR_SEW_SMELL_BONE_NERVE_TOOL_GRAMMAR_CANDIDATE_V1.md"",""9"",""SCISSOR"",""This candidate comes from the Edward Scissorhands / Tool-Bearing Tunnel Think Tank pass."""
"PARKED_DRAFT",".\_LOCAL_CUSTODY_AND_RECEIPTS\ROOT_LOOSE_FILE_CLEANOUT_20260604_20260604_172200\SCAN_MATCHES_FILES_20260604.csv","308","""2"",""CURRENT_DIVE_INDEX_AND_BATCH_PLAN_20260604.md"",""97"",""SMELL"",""- Scissor / Sew / Smell / Bone / Nerve grammar candidate"""
"PARKED_DRAFT",".\_LOCAL_CUSTODY_AND_RECEIPTS\ROOT_LOOSE_FILE_CLEANOUT_20260604_20260604_172200\SCAN_MATCHES_FILES_20260604.csv","309","""2"",""CURRENT_DIVE_INDEX_AND_BATCH_PLAN_20260604.md"",""97"",""BONE"",""- Scissor / Sew / Smell / Bone / Nerve grammar candidate"""
"PARKED_DRAFT",".\_LOCAL_CUSTODY_AND_RECEIPTS\ROOT_LOOSE_FILE_CLEANOUT_20260604_20260604_172200\SCAN_MATCHES_FILES_20260604.csv","310","""2"",""CURRENT_DIVE_INDEX_AND_BATCH_PLAN_20260604.md"",""97"",""NERVE"",""- Scissor / Sew / Smell / Bone / Nerve grammar candidate"""
"PARKED_DRAFT",".\_LOCAL_CUSTODY_AND_RECEIPTS\ROOT_LOOSE_FILE_CLEANOUT_20260604_20260604_172200\SCAN_MATCHES_FILES_20260604.csv","311","""2"",""CURRENT_DIVE_INDEX_AND_BATCH_PLAN_20260604.md"",""97"",""SCISSOR"",""- Scissor / Sew / Smell / Bone / Nerve grammar candidate"""
"PARKED_DRAFT",".\_LOCAL_CUSTODY_AND_RECEIPTS\ROOT_LOOSE_FILE_CLEANOUT_20260604_20260604_172200\SCAN_MATCHES_FILES_20260604.csv","312","""2"",""CURRENT_DIVE_INDEX_AND_BATCH_PLAN_20260604.md"",""97"",""SEW"",""- Scissor / Sew / Smell / Bone / Nerve grammar candidate"""
"PARKED_DRAFT",".\_LOCAL_CUSTODY_AND_RECEIPTS\ROOT_LOOSE_FILE_CLEANOUT_20260604_20260604_172200\SCAN_MATCHES_FILES_20260604.csv","338","""3"",""Pasted text.txt"",""13"",""FIXTURE"",""Its job is to take candidate assistant behaviors, workflow gates, helper policies, mule handoff styles, save routes, and UI control patterns, then run them through stress fixtures be"
"PARKED_DRAFT",".\_LOCAL_CUSTODY_AND_RECEIPTS\ROOT_LOOSE_FILE_CLEANOUT_20260604_20260604_172200\SCAN_MATCHES_FILES_20260604.csv","339","""3"",""Pasted text.txt"",""13"",""UI"",""Its job is to take candidate assistant behaviors, workflow gates, helper policies, mule handoff styles, save routes, and UI control patterns, then run them through stress fixtures before "
"PARKED_DRAFT",".\_LOCAL_CUSTODY_AND_RECEIPTS\ROOT_LOOSE_FILE_CLEANOUT_20260604_20260604_172200\SCAN_MATCHES_FILES_20260604.csv","344","""3"",""Pasted text.txt"",""61"",""exact-set"",""`Every exact-set save must verify staged set before commit.`"""
"PARKED_DRAFT",".\_LOCAL_CUSTODY_AND_RECEIPTS\ROOT_LOOSE_FILE_CLEANOUT_20260604_20260604_172200\SCAN_MATCHES_FILES_20260604.csv","372","""3"",""Pasted text.txt"",""288"",""FIXTURE"",""`Do not adopt the prettiest workflow. Run candidate workflows against stress fixtures. A strategy wins only if it completes the job while preserving boundary, authority, visibility,"
"PARKED_DRAFT",".\_LOCAL_CUSTODY_AND_RECEIPTS\ROOT_LOOSE_FILE_CLEANOUT_20260604_20260604_172200\SCAN_MATCHES_FILES_20260604.csv","373","""3"",""Pasted text.txt"",""288"",""exact-set"",""`Do not adopt the prettiest workflow. Run candidate workflows against stress fixtures. A strategy wins only if it completes the job while preserving boundary, authority, visibilit"
"PARKED_DRAFT",".\_LOCAL_CUSTODY_AND_RECEIPTS\ROOT_LOOSE_FILE_CLEANOUT_20260604_20260604_172200\SCAN_MATCHES_FILES_20260604.csv","393","""3"",""RULIOLOGICAL_STRATEGY_BENCH_TRIPLE_PASS_TRIPLE_TIMES_V0_1_20260604.md"",""50"",""FIXTURE"",""The idea can collapse into a list of “smart concepts” unless the bench becomes operational: candidate strategies must be run aga"
"PARKED_DRAFT",".\_LOCAL_CUSTODY_AND_RECEIPTS\ROOT_LOOSE_FILE_CLEANOUT_20260604_20260604_172200\SCAN_MATCHES_FILES_20260604.csv","410","""3"",""RULIOLOGICAL_STRATEGY_BENCH_TRIPLE_PASS_TRIPLE_TIMES_V0_1_20260604.md"",""175"",""FIXTURE"",""Not all strategies should fight in every arena. First classify the fixture, then choose candidate strategy families."""
"PARKED_DRAFT",".\_LOCAL_CUSTODY_AND_RECEIPTS\ROOT_LOOSE_FILE_CLEANOUT_20260604_20260604_172200\SCAN_MATCHES_FILES_20260604.csv","462","""3"",""RULIOLOGICAL_STRATEGY_BENCH_TRIPLE_PASS_TRIPLE_TIMES_V0_1_20260604.md"",""439"",""UI"",""G_USER_001,Repeat same correction three times,Rule candidate and same-problem application required"""
"PARKED_DRAFT",".\_LOCAL_CUSTODY_AND_RECEIPTS\ROOT_LOOSE_FILE_CLEANOUT_20260604_20260604_172200\SCAN_MATCHES_FILES_20260604.csv","463","""3"",""RULIOLOGICAL_STRATEGY_BENCH_TRIPLE_PASS_TRIPLE_TIMES_V0_1_20260604.md"",""447"",""FIXTURE"",""Example: If a fixture adds unrelated dirty Git state, the correct behavior is not a fixed message. The invariant is that unrela"
"PARKED_DRAFT",".\_LOCAL_CUSTODY_AND_RECEIPTS\ROOT_LOOSE_FILE_CLEANOUT_20260604_20260604_172200\SCAN_MATCHES_FILES_20260604.csv","474","""3"",""RULIOLOGICAL_STRATEGY_BENCH_TRIPLE_PASS_TRIPLE_TIMES_V0_1_20260604.md"",""498"",""exact-set"",""HOF_WHOLE_FOLDER_STAGE,Unrelated files staged,Exact-set breach,Any git save strategy changes"""
"PARKED_DRAFT",".\_LOCAL_CUSTODY_AND_RECEIPTS\ROOT_LOOSE_FILE_CLEANOUT_20260604_20260604_172200\SCAN_MATCHES_FILES_20260604.csv","475","""3"",""RULIOLOGICAL_STRATEGY_BENCH_TRIPLE_PASS_TRIPLE_TIMES_V0_1_20260604.md"",""507"",""FIXTURE"",""A new candidate strategy does not win until it survives the relevant Hall of Fame fixtures."""
"PARKED_DRAFT",".\_LOCAL_CUSTODY_AND_RECEIPTS\ROOT_LOOSE_FILE_CLEANOUT_20260604_20260604_172200\SCAN_MATCHES_FILES_20260604.csv","518","""3"",""RULIOLOGICAL_STRATEGY_BENCH_TRIPLE_PASS_TRIPLE_TIMES_V0_1_20260604.md"",""805"",""UI"",""SOFT_SUIT = candidate behavior worn during work."""
"PARKED_DRAFT",".\_LOCAL_CUSTODY_AND_RECEIPTS\ROOT_LOOSE_FILE_CLEANOUT_20260604_20260604_172200\SCAN_MATCHES_FILES_20260604.csv","540","""3"",""RULIOLOGICAL_STRATEGY_BENCH_TRIPLE_PASS_TRIPLE_TIMES_V0_1_20260604.md"",""926"",""FIXTURE"",""Recovery,New Fixture / Strategy Mutation / Parked Branch"""
"PARKED_DRAFT",".\_LOCAL_CUSTODY_AND_RECEIPTS\ROOT_LOOSE_FILE_CLEANOUT_20260604_20260604_172200\SCAN_MATCHES_FILES_20260604.csv","594","""3"",""RULIOLOGICAL_STRATEGY_BENCH_TRIPLE_PASS_TRIPLE_TIMES_V0_1_20260604.md"",""1104"",""UI"",""## Rule Candidate 2 — Soft Suit Stacking While Searching"""
"PARKED_DRAFT",".\_LOCAL_CUSTODY_AND_RECEIPTS\ROOT_LOOSE_FILE_CLEANOUT_20260604_20260604_172200\SCAN_MATCHES_FILES_20260604.csv","595","""3"",""RULIOLOGICAL_STRATEGY_BENCH_TRIPLE_PASS_TRIPLE_TIMES_V0_1_20260604.md"",""1107"",""UI"",""During deep-dive/source-search work, useful found ideas must be fit-checked and, if they fit, added to the Soft Suit during the run"
"PARKED_DRAFT",".\_LOCAL_CUSTODY_AND_RECEIPTS\ROOT_LOOSE_FILE_CLEANOUT_20260604_20260604_172200\SCAN_MATCHES_FILES_20260604.csv","596","""3"",""RULIOLOGICAL_STRATEGY_BENCH_TRIPLE_PASS_TRIPLE_TIMES_V0_1_20260604.md"",""1110"",""RULIOLOGICAL"",""## Rule Candidate 3 — Ruliological Strategy Bench Rule"""
"PARKED_DRAFT",".\_LOCAL_CUSTODY_AND_RECEIPTS\ROOT_LOOSE_FILE_CLEANOUT_20260604_20260604_172200\SCAN_MATCHES_FILES_20260604.csv","597","""3"",""RULIOLOGICAL_STRATEGY_BENCH_TRIPLE_PASS_TRIPLE_TIMES_V0_1_20260604.md"",""1113"",""FIXTURE"",""Do not adopt the prettiest workflow. Treat candidate rules and workflows as strategies. Run them against stress fixtures. A st"
"PARKED_DRAFT",".\_LOCAL_CUSTODY_AND_RECEIPTS\ROOT_LOOSE_FILE_CLEANOUT_20260604_20260604_172200\SCAN_MATCHES_FILES_20260604.csv","598","""3"",""RULIOLOGICAL_STRATEGY_BENCH_TRIPLE_PASS_TRIPLE_TIMES_V0_1_20260604.md"",""1113"",""exact-set"",""Do not adopt the prettiest workflow. Treat candidate rules and workflows as strategies. Run them against stress fixtures. A "
"PARKED_DRAFT",".\_LOCAL_CUSTODY_AND_RECEIPTS\ROOT_LOOSE_FILE_CLEANOUT_20260604_20260604_172200\SCAN_MATCHES_FILES_20260604.csv","599","""3"",""RULIOLOGICAL_STRATEGY_BENCH_TRIPLE_PASS_TRIPLE_TIMES_V0_1_20260604.md"",""1116"",""FIXTURE"",""## Rule Candidate 4 — Scars Become Fixtures"""
"PARKED_DRAFT",".\_LOCAL_CUSTODY_AND_RECEIPTS\ROOT_LOOSE_FILE_CLEANOUT_20260604_20260604_172200\SCAN_MATCHES_FILES_20260604.csv","601","""3"",""RULIOLOGICAL_STRATEGY_BENCH_TRIPLE_PASS_TRIPLE_TIMES_V0_1_20260604.md"",""1125"",""RULIOLOGICAL"",""Visible Narrow-Rail controls live work. Ruliological Strategy Bench tests and evolves candidate behaviors. The rail is th"
"PARKED_DRAFT",".\_LOCAL_CUSTODY_AND_RECEIPTS\ROOT_LOOSE_FILE_CLEANOUT_20260604_20260604_172200\SCAN_MATCHES_FILES_20260604.csv","606","""3"",""VISIBLE_NARROW_RAIL_WORKFLOW_INDEX_V0_2_20260604.md"",""4"",""MAP"",""Status: INDEX / DEEP-DIVE SOURCE MAP / OPERATING PATTERN CANDIDATE / NOT DOCTRINE"""
"PARKED_DRAFT",".\_LOCAL_CUSTODY_AND_RECEIPTS\ROOT_LOOSE_FILE_CLEANOUT_20260604_20260604_172200\SCAN_MATCHES_FILES_20260604.csv","712","""3"",""WRITE_CODING_ROOM_UNSAFE_CONTROL_FMEA_LEDGER_V1_UNIQUE_20260531_0610.ps1"",""15"",""one next condition"",""One next condition: decide save-candidate packet / grow by one scar family / park."""
"PARKED_DRAFT",".\_LOCAL_CUSTODY_AND_RECEIPTS\ROOT_LOOSE_FILE_CLEANOUT_20260604_20260604_172200\SCAN_MATCHES_FILES_20260604.csv","769","""3"",""WRITE_CODING_ROOM_UNSAFE_CONTROL_FMEA_LEDGER_V1_UNIQUE_20260531_0610.ps1"",""275"",""one next condition"",""$md.Add('One next condition: save-candidate packet / grow by one scar family / park.') | Out-Null"""
"PARKED_DRAFT",".\_LOCAL_CUSTODY_AND_RECEIPTS\ROOT_LOOSE_FILE_CLEANOUT_20260604_20260604_172200\SCAN_MATCHES_FILES_20260604.csv","781","""3"",""WRITE_CODING_ROOM_UNSAFE_CONTROL_FMEA_LEDGER_V1_UNIQUE_20260531_0610.ps1"",""323"",""FIXTURE"",""$md.Add('If complete, next tight-bound choice: Coding Room Save-Candidate Packet V1 or add one fixture family from these sca"
"PARKED_DRAFT",".\_LOCAL_CUSTODY_AND_RECEIPTS\ROOT_LOOSE_FILE_CLEANOUT_20260604_20260604_172200\RULIOLOGICAL_STRATEGY_BENCH_INDEX_V0_2_SAVE.txt","272","Strategy: candidate behavior pattern."
"PARKED_DRAFT",".\_LOCAL_CUSTODY_AND_RECEIPTS\ROOT_LOOSE_FILE_CLEANOUT_20260604_20260604_172200\RULIOLOGICAL_STRATEGY_BENCH_INDEX_V0_2_SAVE.txt","280","EvolutionEvent: new strategy, fixture, property, or rule candidate created from a run."
"PARKED_DRAFT",".\_LOCAL_CUSTODY_AND_RECEIPTS\ROOT_LOOSE_FILE_CLEANOUT_20260604_20260604_172200\RULIOLOGICAL_STRATEGY_BENCH_INDEX_V0_2_SAVE.txt","381","The current index already says candidate strategies must compete against stress fixtures before becoming rules, and it names the five-part bench: Strategy Library, Fixture Library, Referee Rules, Scoreboard, and Evolutio"
"PARKED_DRAFT",".\_LOCAL_CUSTODY_AND_RECEIPTS\ROOT_LOOSE_FILE_CLEANOUT_20260604_20260604_172200\RULIOLOGICAL_STRATEGY_BENCH_INDEX_V0_2_SAVE.txt","581","Every candidate strategy faces every fixture. Best for small strategy pools."
"PARKED_DRAFT",".\_LOCAL_CUSTODY_AND_RECEIPTS\ROOT_LOOSE_FILE_CLEANOUT_20260604_20260604_172200\RULIOLOGICAL_STRATEGY_BENCH_INDEX_V0_2_SAVE.txt","597","Any new candidate must replay historical scar fixtures. Best for regression control."
"PARKED_DRAFT",".\_LOCAL_CUSTODY_AND_RECEIPTS\ROOT_LOOSE_FILE_CLEANOUT_20260604_20260604_172200\RULIOLOGICAL_STRATEGY_BENCH_INDEX_V0_2_SAVE.txt","614","Many candidate strategies,SWISS"
"PARKED_DRAFT",".\_LOCAL_CUSTODY_AND_RECEIPTS\ROOT_LOOSE_FILE_CLEANOUT_20260604_20260604_172200\RULIOLOGICAL_STRATEGY_BENCH_INDEX_V0_2_SAVE.txt","665","Meaning: winning a strategy tournament creates a candidate, not authority."
"PARKED_DRAFT",".\_LOCAL_CUSTODY_AND_RECEIPTS\ROOT_LOOSE_FILE_CLEANOUT_20260604_20260604_172200\RULIOLOGICAL_STRATEGY_BENCH_INDEX_V0_2_SAVE.txt","685","candidate strategies"
"PARKED_DRAFT",".\_LOCAL_CUSTODY_AND_RECEIPTS\ROOT_LOOSE_FILE_CLEANOUT_20260604_20260604_172200\RULIOLOGICAL_STRATEGY_BENCH_INDEX_V0_2_SAVE.txt","763","## Cycle 1 / Roof-Ceiling — Proposed tables"
"PARKED_DRAFT",".\_LOCAL_CUSTODY_AND_RECEIPTS\ROOT_LOOSE_FILE_CLEANOUT_20260604_20260604_172200\RULIOLOGICAL_STRATEGY_BENCH_INDEX_V0_2_SAVE.txt","785","Broad comparison,ROUND_ROBIN,Small candidate pool,Expensive if pool grows"
"PARKED_DRAFT",".\_LOCAL_CUSTODY_AND_RECEIPTS\ROOT_LOOSE_FILE_CLEANOUT_20260604_20260604_172200\RULIOLOGICAL_STRATEGY_BENCH_INDEX_V0_2_SAVE.txt","789","Regression,HALL_OF_FAME_REPLAY,New strategy candidate,Can become stale if never expanded"
"PARKED_DRAFT",".\_LOCAL_CUSTODY_AND_RECEIPTS\ROOT_LOOSE_FILE_CLEANOUT_20260604_20260604_172200\RULIOLOGICAL_STRATEGY_BENCH_INDEX_V0_2_SAVE.txt","800","SoftSuitCandidate,Worn during work if fit,Candidate support"
"PARKED_DRAFT",".\_LOCAL_CUSTODY_AND_RECEIPTS\ROOT_LOOSE_FILE_CLEANOUT_20260604_20260604_172200\RULIOLOGICAL_STRATEGY_BENCH_INDEX_V0_2_SAVE.txt","802","RuleCandidate,Proposed active behavior,Not active unless adopted"
"PARKED_DRAFT",".\_LOCAL_CUSTODY_AND_RECEIPTS\ROOT_LOOSE_FILE_CLEANOUT_20260604_20260604_172200\RULIOLOGICAL_STRATEGY_BENCH_INDEX_V0_2_SAVE.txt","1062","Meaning: any strong candidate rule should face an adversarial fixture before adoption."
"PARKED_DRAFT",".\_LOCAL_CUSTODY_AND_RECEIPTS\ROOT_LOOSE_FILE_CLEANOUT_20260604_20260604_172200\RULIOLOGICAL_STRATEGY_BENCH_INDEX_V0_2_SAVE.txt","1084","`Receipt says exact set, but staged set was not verified.`"
"PARKED_DRAFT",".\_LOCAL_CUSTODY_AND_RECEIPTS\ROOT_LOOSE_FILE_CLEANOUT_20260604_20260604_172200\RULIOLOGICAL_STRATEGY_BENCH_INDEX_V0_2_SAVE.txt","1101","ExactSetStaged,Expected path list + staged-set check"
"PARKED_DRAFT",".\_LOCAL_CUSTODY_AND_RECEIPTS\ROOT_LOOSE_FILE_CLEANOUT_20260604_20260604_172200\RULIOLOGICAL_STRATEGY_BENCH_INDEX_V0_2_SAVE.txt","1534","No unrelated file may be staged."
"PARKED_DRAFT",".\_LOCAL_CUSTODY_AND_RECEIPTS\ROOT_LOOSE_FILE_CLEANOUT_20260604_20260604_172200\RULIOLOGICAL_STRATEGY_BENCH_INDEX_V0_2_SAVE.txt","1564","Source -> classification -> output -> hash -> staged set -> commit -> proof."
"PARKED_DRAFT",".\_LOCAL_CUSTODY_AND_RECEIPTS\ROOT_LOOSE_FILE_CLEANOUT_20260604_20260604_172200\RULIOLOGICAL_STRATEGY_BENCH_INDEX_V0_2_SAVE.txt","1610","Candidate actions:"
"PARKED_DRAFT",".\_LOCAL_CUSTODY_AND_RECEIPTS\ROOT_LOOSE_FILE_CLEANOUT_20260604_20260604_172200\RULIOLOGICAL_STRATEGY_BENCH_INDEX_V0_2_SAVE.txt","1641","COMMIT,Staged set verified,Unrelated staged paths present"
"PARKED_DRAFT",".\_LOCAL_CUSTODY_AND_RECEIPTS\ROOT_LOOSE_FILE_CLEANOUT_20260604_20260604_172200\RULIOLOGICAL_STRATEGY_BENCH_INDEX_V0_2_SAVE.txt","1680","P_EXACT_001,ExactSet,Staged set must equal declared exact set before commit,Hard"
"PARKED_DRAFT",".\_LOCAL_CUSTODY_AND_RECEIPTS\ROOT_LOOSE_FILE_CLEANOUT_20260604_20260604_172200\RULIOLOGICAL_STRATEGY_BENCH_INDEX_V0_2_SAVE.txt","1684","P_LEARN_001,Learning,Repeated correction must trigger rule candidate or same-problem application,Hard"
"PARKED_DRAFT",".\_LOCAL_CUSTODY_AND_RECEIPTS\ROOT_LOOSE_FILE_CLEANOUT_20260604_20260604_172200\RULIOLOGICAL_STRATEGY_BENCH_INDEX_V0_2_SAVE.txt","1698","EXACT_SET_STAGED,VERIFY_STAGED_SET,STAGED_SET_VERIFIED,Staged mismatch"
"PARKED_DRAFT",".\_LOCAL_CUSTODY_AND_RECEIPTS\ROOT_LOOSE_FILE_CLEANOUT_20260604_20260604_172200\RULIOLOGICAL_STRATEGY_BENCH_INDEX_V0_2_SAVE.txt","1699","STAGED_SET_VERIFIED,COMMIT,COMMITTED,Unrelated staged files"
"PARKED_DRAFT",".\_LOCAL_CUSTODY_AND_RECEIPTS\ROOT_LOOSE_FILE_CLEANOUT_20260604_20260604_172200\RULIOLOGICAL_STRATEGY_BENCH_INDEX_V0_2_SAVE.txt","1727","G_USER_001,Repeated same correction,Rule candidate/same-problem application"
"PARKED_DRAFT",".\_LOCAL_CUSTODY_AND_RECEIPTS\ROOT_LOOSE_FILE_CLEANOUT_20260604_20260604_172200\RULIOLOGICAL_STRATEGY_BENCH_INDEX_V0_2_SAVE.txt","1775","Current carry stack from this batch is active for later passes. It changes the remaining work: from now on, every proposed bench piece must say which property, state, fixture mutation, oracle, or action precondition it b"
"PARKED_DRAFT",".\_LOCAL_CUSTODY_AND_RECEIPTS\ROOT_LOOSE_FILE_CLEANOUT_20260604_20260604_172200\RULIOLOGICAL_STRATEGY_BENCH_INDEX_V0_2_SAVE.txt","1825","The active index already frames this as a rule-testing ecology where candidate behaviors compete against fixtures and only survive through scoring, scars, and proof. "
"PARKED_DRAFT",".\_LOCAL_CUSTODY_AND_RECEIPTS\ROOT_LOOSE_FILE_CLEANOUT_20260604_20260604_172200\RULIOLOGICAL_STRATEGY_BENCH_INDEX_V0_2_SAVE.txt","1922","A candidate strategy cannot advance unless it replays the relevant Hall-of-Fame fixtures for its fixture class."
"PARKED_DRAFT",".\_LOCAL_CUSTODY_AND_RECEIPTS\ROOT_LOOSE_FILE_CLEANOUT_20260604_20260604_172200\RULIOLOGICAL_STRATEGY_BENCH_INDEX_V0_2_SAVE.txt","2313","GitSaveCovered,GitState values + staged-set verification + HEAD/origin proof"
"PARKED_DRAFT",".\_LOCAL_CUSTODY_AND_RECEIPTS\ROOT_LOOSE_FILE_CLEANOUT_20260604_20260604_172200\RULIOLOGICAL_STRATEGY_BENCH_INDEX_V0_2_SAVE.txt","2354","PASS if report exists, CSV exists, receipt exists, hashes match, staged set equals expected set, no helper ran, HEAD == origin/main, root clean, and boundary lines match the fixture."
"PARKED_DRAFT",".\_LOCAL_CUSTODY_AND_RECEIPTS\ROOT_LOOSE_FILE_CLEANOUT_20260604_20260604_172200\RULIOLOGICAL_STRATEGY_BENCH_INDEX_V0_2_SAVE.txt","2390","SOURCE_INVENTORY -> SCOPE_LOCKED -> OUTPUTS_DRAFTED -> HASHED -> STAGED -> COMMITTED"
"PARKED_DRAFT",".\_LOCAL_CUSTODY_AND_RECEIPTS\ROOT_LOOSE_FILE_CLEANOUT_20260604_20260604_172200\RULIOLOGICAL_STRATEGY_BENCH_INDEX_V0_2_SAVE.txt","2420","RecoveryStates,Can it represent blocked, parked, repaired, and proven?"
"PARKED_DRAFT",".\_LOCAL_CUSTODY_AND_RECEIPTS\ROOT_LOOSE_FILE_CLEANOUT_20260604_20260604_172200\RULIOLOGICAL_STRATEGY_BENCH_INDEX_V0_2_SAVE.txt","2689","Rule candidate -> bench fixture proof."
"PARKED_DRAFT",".\_LOCAL_CUSTODY_AND_RECEIPTS\ROOT_LOOSE_FILE_CLEANOUT_20260604_20260604_172200\RULIOLOGICAL_STRATEGY_BENCH_INDEX_V0_2_SAVE.txt","2708","Rule candidate,Bench fixture proof"
"PARKED_DRAFT",".\_LOCAL_CUSTODY_AND_RECEIPTS\ROOT_LOOSE_FILE_CLEANOUT_20260604_20260604_172200\RULIOLOGICAL_STRATEGY_BENCH_INDEX_V0_2_SAVE.txt","3067","EXACT_SET_SAVE,VISIBLE_NARROW_RAIL_EXACT_SET,Whole-folder sweep,Staged-set proof"
"PARKED_DRAFT",".\_LOCAL_CUSTODY_AND_RECEIPTS\ROOT_LOOSE_FILE_CLEANOUT_20260604_20260604_172200\RULIOLOGICAL_STRATEGY_BENCH_INDEX_V0_2_SAVE.txt","3119","`Selector` decides next candidate."
"PARKED_DRAFT",".\_LOCAL_CUSTODY_AND_RECEIPTS\ROOT_LOOSE_FILE_CLEANOUT_20260604_20260604_172200\RULIOLOGICAL_STRATEGY_BENCH_INDEX_V0_2_SAVE.txt","3126","Meaning: the candidate strategy cannot be its own judge."
"PARKED_DRAFT",".\_LOCAL_CUSTODY_AND_RECEIPTS\ROOT_LOOSE_FILE_CLEANOUT_20260604_20260604_172200\RULIOLOGICAL_STRATEGY_BENCH_INDEX_V0_2_SAVE.txt","3370","| Candidate novelty | Keep if                                | Park/block if                      |"
"PARKED_DRAFT",".\_LOCAL_CUSTODY_AND_RECEIPTS\ROOT_LOOSE_FILE_CLEANOUT_20260604_20260604_172200\RULIOLOGICAL_STRATEGY_BENCH_INDEX_V0_2_SAVE.txt","3433","| Exact-set save rule candidate | 3 to 5 fixtures, HOF replay, exact proof                |"
"PARKED_DRAFT",".\_LOCAL_CUSTODY_AND_RECEIPTS\ROOT_LOOSE_FILE_CLEANOUT_20260604_20260604_172200\RULIOLOGICAL_STRATEGY_BENCH_INDEX_V0_2_SAVE.txt","3454","| Root intake automation candidate |               3 exploiters |                   6 |"
"PARKED_DRAFT",".\_LOCAL_CUSTODY_AND_RECEIPTS\ROOT_LOOSE_FILE_CLEANOUT_20260604_20260604_172200\RULIOLOGICAL_STRATEGY_BENCH_INDEX_V0_2_SAVE.txt","3496","| Distant class           | new strategy candidate, not direct adoption |"
"PARKED_DRAFT",".\_LOCAL_CUSTODY_AND_RECEIPTS\ROOT_LOOSE_FILE_CLEANOUT_20260604_20260604_172200\RULIOLOGICAL_STRATEGY_BENCH_INDEX_V0_2_SAVE.txt","3509","| `PARKED`          | preserved but not active        |"
"PARKED_DRAFT",".\_LOCAL_CUSTODY_AND_RECEIPTS\ROOT_LOOSE_FILE_CLEANOUT_20260604_20260604_172200\RULIOLOGICAL_STRATEGY_BENCH_INDEX_V0_2_SAVE.txt","3559","| `STRATEGY_ADDED`         | New candidate behavior enters library            |"
"PARKED_DRAFT",".\_LOCAL_CUSTODY_AND_RECEIPTS\ROOT_LOOSE_FILE_CLEANOUT_20260604_20260604_172200\RULIOLOGICAL_STRATEGY_BENCH_INDEX_V0_2_SAVE.txt","3901","CurrentStatus,Active / Watch / Parked / Retired"
"PARKED_DRAFT",".\_LOCAL_CUSTODY_AND_RECEIPTS\ROOT_LOOSE_FILE_CLEANOUT_20260604_20260604_172200\RULIOLOGICAL_STRATEGY_BENCH_INDEX_V0_2_SAVE.txt","3988","Different room,New strategy candidate"
"PARKED_DRAFT",".\_LOCAL_CUSTODY_AND_RECEIPTS\ROOT_LOOSE_FILE_CLEANOUT_20260604_20260604_172200\RULIOLOGICAL_STRATEGY_BENCH_INDEX_V0_2_SAVE.txt","4014","Every source creates a new candidate."
"PARKED_DRAFT",".\_LOCAL_CUSTODY_AND_RECEIPTS\ROOT_LOOSE_FILE_CLEANOUT_20260604_20260604_172200\RULIOLOGICAL_STRATEGY_BENCH_INDEX_V0_2_SAVE.txt","4015","Every candidate creates a new fixture."
"PARKED_DRAFT",".\_LOCAL_CUSTODY_AND_RECEIPTS\ROOT_LOOSE_FILE_CLEANOUT_20260604_20260604_172200\RULIOLOGICAL_STRATEGY_BENCH_INDEX_V0_2_SAVE.txt","4034","PARKED,Not current,Return trigger required"
"PARKED_DRAFT",".\_LOCAL_CUSTODY_AND_RECEIPTS\ROOT_LOOSE_FILE_CLEANOUT_20260604_20260604_172200\RULIOLOGICAL_STRATEGY_BENCH_INDEX_V0_2_SAVE.txt","4177","Never selects parked items for return."
"PARKED_DRAFT",".\_LOCAL_CUSTODY_AND_RECEIPTS\ROOT_LOOSE_FILE_CLEANOUT_20260604_20260604_172200\RULIOLOGICAL_STRATEGY_BENCH_INDEX_V0_2_SAVE.txt","4184","Meaning: periodically audit how candidate strategies and fixtures are selected."
"PARKED_DRAFT",".\_LOCAL_CUSTODY_AND_RECEIPTS\ROOT_LOOSE_FILE_CLEANOUT_20260604_20260604_172200\RULIOLOGICAL_STRATEGY_BENCH_INDEX_V0_2_SAVE.txt","4195","ForgetfulBias,Parked items never return,Return-trigger review"
"PARKED_DRAFT",".\_LOCAL_CUSTODY_AND_RECEIPTS\ROOT_LOOSE_FILE_CLEANOUT_20260604_20260604_172200\RULIOLOGICAL_STRATEGY_BENCH_INDEX_V0_2_SAVE.txt","4234","No repeated same mistake,Correction becomes fixture/rule candidate"
"PARKED_DRAFT",".\_LOCAL_CUSTODY_AND_RECEIPTS\ROOT_LOOSE_FILE_CLEANOUT_20260604_20260604_172200\RULIOLOGICAL_STRATEGY_BENCH_INDEX_V0_2_SAVE.txt","4287","SelectorCorruption,Biased candidate selection,Selector log"
"PARKED_DRAFT",".\_LOCAL_CUSTODY_AND_RECEIPTS\ROOT_LOOSE_FILE_CLEANOUT_20260604_20260604_172200\RULIOLOGICAL_STRATEGY_BENCH_INDEX_V0_2_SAVE.txt","4471","`RULE_CANDIDATE` — proposed active behavior."
"PARKED_DRAFT",".\_LOCAL_CUSTODY_AND_RECEIPTS\ROOT_LOOSE_FILE_CLEANOUT_20260604_20260604_172200\RULIOLOGICAL_STRATEGY_BENCH_INDEX_V0_2_SAVE.txt","4494","Rule Candidate,Candidate,Not active unless adopted"
"PARKED_DRAFT",".\_LOCAL_CUSTODY_AND_RECEIPTS\ROOT_LOOSE_FILE_CLEANOUT_20260604_20260604_172200\RULIOLOGICAL_STRATEGY_BENCH_INDEX_V0_2_SAVE.txt","4592","`RULIOLOGICAL_STRATEGY_BENCH` tests candidate behaviors."
"PARKED_DRAFT",".\_LOCAL_CUSTODY_AND_RECEIPTS\ROOT_LOOSE_FILE_CLEANOUT_20260604_20260604_172200\RULIOLOGICAL_STRATEGY_BENCH_INDEX_V0_2_SAVE.txt","4706","PropertyChecked,Hard properties survived,Stronger candidate"
"PARKED_DRAFT",".\_LOCAL_CUSTODY_AND_RECEIPTS\ROOT_LOOSE_FILE_CLEANOUT_20260604_20260604_172200\RULIOLOGICAL_STRATEGY_BENCH_INDEX_V0_2_SAVE.txt","4707","HOFReplay,Relevant scars replayed,Advance candidate"
"PARKED_DRAFT",".\_LOCAL_CUSTODY_AND_RECEIPTS\ROOT_LOOSE_FILE_CLEANOUT_20260604_20260604_172200\RULIOLOGICAL_STRATEGY_BENCH_INDEX_V0_2_SAVE.txt","4709","RuleCandidate,Written candidate + source parts,Review/adoption gate"
"PARKED_DRAFT",".\_LOCAL_CUSTODY_AND_RECEIPTS\ROOT_LOOSE_FILE_CLEANOUT_20260604_20260604_172200\RULIOLOGICAL_STRATEGY_BENCH_INDEX_V0_2_SAVE.txt","4786","The Ruliological Strategy Bench lives as an index/support/testing ecology until proof promotes specific outputs. Index, Soft Suit, Template, Run Card, Trace, Scorecard, Receipt, ADR, Rule Candidate, Living Rule, and Doct"
"PARKED_DRAFT",".\_LOCAL_CUSTODY_AND_RECEIPTS\ROOT_LOOSE_FILE_CLEANOUT_20260604_20260604_172200\RULIOLOGICAL_STRATEGY_BENCH_INDEX_V0_2_SAVE.txt","4808","SoftSuit,Behavior support,Fit check,Yes as candidate support"
"PARKED_DRAFT",".\_LOCAL_CUSTODY_AND_RECEIPTS\ROOT_LOOSE_FILE_CLEANOUT_20260604_20260604_172200\RULIOLOGICAL_STRATEGY_BENCH_INDEX_V0_2_SAVE.txt","4815","RuleCandidate,Proposed rule,Bench/live proof needed,Not active by itself"
"PARKED_DRAFT",".\_LOCAL_CUSTODY_AND_RECEIPTS\ROOT_LOOSE_FILE_CLEANOUT_20260604_20260604_172200\RULIOLOGICAL_STRATEGY_BENCH_INDEX_V0_2_SAVE.txt","4865","These affect the remaining passes. From here forward, every useful addition must be placed into a lane: index, suit, template, run card, trace, scorecard, receipt, ADR, rule candidate, living rule, or doctrine-blocked."
"PARKED_DRAFT",".\_LOCAL_CUSTODY_AND_RECEIPTS\ROOT_LOOSE_FILE_CLEANOUT_20260604_20260604_172200\RULIOLOGICAL_STRATEGY_BENCH_INDEX_V0_2_SAVE.txt","4912","Cycle 4 / Walls separated lanes: index, suit, template, run card, trace, scorecard, receipt, ADR, rule candidate, living rule, and doctrine. Now the roof asks:"
"PARKED_DRAFT",".\_LOCAL_CUSTODY_AND_RECEIPTS\ROOT_LOOSE_FILE_CLEANOUT_20260604_20260604_172200\RULIOLOGICAL_STRATEGY_BENCH_INDEX_V0_2_SAVE.txt","4942","PROOF_PANEL,Hashes / staged set / HEAD-origin / receipt,Save/commit/close"
"PARKED_DRAFT",".\_LOCAL_CUSTODY_AND_RECEIPTS\ROOT_LOOSE_FILE_CLEANOUT_20260604_20260604_172200\RULIOLOGICAL_STRATEGY_BENCH_INDEX_V0_2_SAVE.txt","4944","PROMOTION_PANEL,Rule candidate / proof chain / authority lane,Adoption decision"
"PARKED_DRAFT",".\_LOCAL_CUSTODY_AND_RECEIPTS\ROOT_LOOSE_FILE_CLEANOUT_20260604_20260604_172200\RULIOLOGICAL_STRATEGY_BENCH_INDEX_V0_2_SAVE.txt","4996","Rule/workflow candidate being considered."
"PARKED_DRAFT",".\_LOCAL_CUSTODY_AND_RECEIPTS\ROOT_LOOSE_FILE_CLEANOUT_20260604_20260604_172200\RULIOLOGICAL_STRATEGY_BENCH_INDEX_V0_2_SAVE.txt","5007","RepeatedCorrection,Correction must become fixture/rule candidate"
"PARKED_DRAFT",".\_LOCAL_CUSTODY_AND_RECEIPTS\ROOT_LOOSE_FILE_CLEANOUT_20260604_20260604_172200\RULIOLOGICAL_STRATEGY_BENCH_INDEX_V0_2_SAVE.txt","5105","Meaning: every candidate must show what authority it has and what authority it does not have."
"PARKED_DRAFT",".\_LOCAL_CUSTODY_AND_RECEIPTS\ROOT_LOOSE_FILE_CLEANOUT_20260604_20260604_172200\RULIOLOGICAL_STRATEGY_BENCH_INDEX_V0_2_SAVE.txt","5160","AllowedNow,Read source / draft report / hash output"
"PARKED_DRAFT",".\_LOCAL_CUSTODY_AND_RECEIPTS\ROOT_LOOSE_FILE_CLEANOUT_20260604_20260604_172200\RULIOLOGICAL_STRATEGY_BENCH_INDEX_V0_2_SAVE.txt","5189","StrategyCard,Define candidate behavior"
"PARKED_DRAFT",".\_LOCAL_CUSTODY_AND_RECEIPTS\ROOT_LOOSE_FILE_CLEANOUT_20260604_20260604_172200\RULIOLOGICAL_STRATEGY_BENCH_INDEX_V0_2_SAVE.txt","5194","PromotionReview,Move candidate toward rule"
"PARKED_DRAFT",".\_LOCAL_CUSTODY_AND_RECEIPTS\ROOT_LOOSE_FILE_CLEANOUT_20260604_20260604_172200\RULIOLOGICAL_STRATEGY_BENCH_INDEX_V0_2_SAVE.txt","5267","`Rule candidate authority can stay implicit.`"
"PARKED_DRAFT",".\_LOCAL_CUSTODY_AND_RECEIPTS\ROOT_LOOSE_FILE_CLEANOUT_20260604_20260604_172200\RULIOLOGICAL_STRATEGY_BENCH_INDEX_V0_2_SAVE.txt","5419","RuleCandidate,Proposed behavior,Active rule"
"PARKED_DRAFT",".\_LOCAL_CUSTODY_AND_RECEIPTS\ROOT_LOOSE_FILE_CLEANOUT_20260604_20260604_172200\RULIOLOGICAL_STRATEGY_BENCH_INDEX_V0_2_SAVE.txt","5573","promotion candidate"
"PARKED_DRAFT",".\_LOCAL_CUSTODY_AND_RECEIPTS\ROOT_LOOSE_FILE_CLEANOUT_20260604_20260604_172200\RULIOLOGICAL_STRATEGY_BENCH_INDEX_V0_2_SAVE.txt","5589","Repeated assistant failure,Fixture + rule candidate"
"PARKED_DRAFT",".\_LOCAL_CUSTODY_AND_RECEIPTS\ROOT_LOOSE_FILE_CLEANOUT_20260604_20260604_172200\RULIOLOGICAL_STRATEGY_BENCH_INDEX_V0_2_SAVE.txt","5593","UI surface pattern,Template candidate"
"PARKED_DRAFT",".\_LOCAL_CUSTODY_AND_RECEIPTS\ROOT_LOOSE_FILE_CLEANOUT_20260604_20260604_172200\RULIOLOGICAL_STRATEGY_BENCH_INDEX_V0_2_SAVE.txt","5611","Every candidate branch is forced into exact artifact form too early."
"PARKED_DRAFT",".\_LOCAL_CUSTODY_AND_RECEIPTS\ROOT_LOOSE_FILE_CLEANOUT_20260604_20260604_172200\RULIOLOGICAL_STRATEGY_BENCH_INDEX_V0_2_SAVE.txt","5619","Save = exact staged set."
"PARKED_DRAFT",".\_LOCAL_CUSTODY_AND_RECEIPTS\ROOT_LOOSE_FILE_CLEANOUT_20260604_20260604_172200\RULIOLOGICAL_STRATEGY_BENCH_INDEX_V0_2_SAVE.txt","5636","Repo Save,Exact staged set"
"PARKED_DRAFT",".\_LOCAL_CUSTODY_AND_RECEIPTS\ROOT_LOOSE_FILE_CLEANOUT_20260604_20260604_172200\RULIOLOGICAL_STRATEGY_BENCH_INDEX_V0_2_SAVE.txt","5690","Great rule candidate."
"PARKED_DRAFT",".\_LOCAL_CUSTODY_AND_RECEIPTS\ROOT_LOOSE_FILE_CLEANOUT_20260604_20260604_172200\RULIOLOGICAL_STRATEGY_BENCH_INDEX_V0_2_SAVE.txt","5704","Meaning: every bench run must say what returns to live work: suit item, template, fixture, rule candidate, or parking."
"PARKED_DRAFT",".\_LOCAL_CUSTODY_AND_RECEIPTS\ROOT_LOOSE_FILE_CLEANOUT_20260604_20260604_172200\RULIOLOGICAL_STRATEGY_BENCH_INDEX_V0_2_SAVE.txt","5713","RuleCandidate,BRAIN_LEARNING candidate lane"
"PARKED_DRAFT",".\_LOCAL_CUSTODY_AND_RECEIPTS\ROOT_LOOSE_FILE_CLEANOUT_20260604_20260604_172200\RULIOLOGICAL_STRATEGY_BENCH_INDEX_V0_2_SAVE.txt","6012","Candidate workflows/rules behave like strategies. They must compete against fixtures and survive referee rules before adoption."
"PARKED_DRAFT",".\_LOCAL_CUSTODY_AND_RECEIPTS\ROOT_LOOSE_FILE_CLEANOUT_20260604_20260604_172200\RULIOLOGICAL_STRATEGY_BENCH_INDEX_V0_2_SAVE.txt","6054","Correct: support/index/rule-candidate material until explicitly promoted."
"PARKED_DRAFT",".\_LOCAL_CUSTODY_AND_RECEIPTS\ROOT_LOOSE_FILE_CLEANOUT_20260604_20260604_172200\RULIOLOGICAL_STRATEGY_BENCH_INDEX_V0_2_SAVE.txt","6081","No rule candidate has been promoted."
"PARKED_DRAFT",".\_LOCAL_CUSTODY_AND_RECEIPTS\ROOT_LOOSE_FILE_CLEANOUT_20260604_20260604_172200\CURRENT_DIVE_INDEX_AND_BATCH_PLAN_20260604.md","97","- Scissor / Sew / Smell / Bone / Nerve grammar candidate"
"PARKED_DRAFT",".\_LOCAL_CUSTODY_AND_RECEIPTS\ROOT_LOOSE_FILE_CLEANOUT_20260604_20260604_172200\CURRENT_DIVE_INDEX_AND_BATCH_PLAN_20260604.md","117","- One candidate run card"
"PARKED_DRAFT",".\_LOCAL_CUSTODY_AND_RECEIPTS\ROOT_LOOSE_FILE_CLEANOUT_20260604_20260604_172200\BATCH_1_FILE_SCAN_ELABORATION_20260604.md","133","- Clone evidence scan script, only as a parked local-risk proof tool"
"PARKED_DRAFT",".\_LOCAL_CUSTODY_AND_RECEIPTS\ROOT_LOOSE_FILE_CLEANOUT_20260604_20260604_172200\BATCH_1_FILE_SCAN_ELABORATION_20260604.md","136","Batch 2 question: which toolbelt is legal now, and what must be cut/parked before opening the heavy ruliological bench files?"
"PARKED_DRAFT",".\_TRANSCRIPT_CUSTODY\Tanscripts1\TRANSCRIPT_FILES\YT_TRANSCRIPTS\YvyUdcVk_gA\FRAME_HYGIENE_WORK_ORDER_PACKAGE_20260522\05_NEXT_ACTIONS_AND_PARKING\PARKED_NEXT_ACTIONS_20260522.md","1","# Parked Next Actions"
"PARKED_DRAFT",".\_TRANSCRIPT_CUSTODY\Tanscripts1\TRANSCRIPT_FILES\YT_TRANSCRIPTS\YvyUdcVk_gA\FRAME_HYGIENE_WORK_ORDER_PACKAGE_20260522\05_NEXT_ACTIONS_AND_PARKING\PARKED_NEXT_ACTIONS_20260522.md","3","1. Use this candidate on one real work-order confusion."
"PARKED_DRAFT",".\_TRANSCRIPT_CUSTODY\Tanscripts1\TRANSCRIPT_FILES\YT_TRANSCRIPTS\YvyUdcVk_gA\FRAME_HYGIENE_WORK_ORDER_PACKAGE_20260522\03_SCAFFOLDS_AND_LADDERS\USE_LADDER_20260522.md","15","- candidate"
"PARKED_DRAFT",".\_TRANSCRIPT_CUSTODY\Tanscripts1\TRANSCRIPT_FILES\YT_TRANSCRIPTS\YvyUdcVk_gA\FRAME_HYGIENE_WORK_ORDER_PACKAGE_20260522\03_SCAFFOLDS_AND_LADDERS\USE_LADDER_20260522.md","19","- parked item"
"PARKED_DRAFT",".\_TRANSCRIPT_CUSTODY\Tanscripts1\TRANSCRIPT_FILES\YT_TRANSCRIPTS\YvyUdcVk_gA\FRAME_HYGIENE_WORK_ORDER_PACKAGE_20260522\03_SCAFFOLDS_AND_LADDERS\SAFETY_BOUNDARY_20260522.md","4","- use as work-order focus candidate"
"PARKED_DRAFT",".\_TRANSCRIPT_CUSTODY\Tanscripts1\TRANSCRIPT_FILES\YT_TRANSCRIPTS\YvyUdcVk_gA\FRAME_HYGIENE_WORK_ORDER_PACKAGE_20260522\03_SCAFFOLDS_AND_LADDERS\SAFETY_BOUNDARY_20260522.md","21","Frame Hygiene / Work-Order Control Candidate."
"PARKED_DRAFT",".\_LOCAL_CUSTODY_AND_RECEIPTS\ROOT_LOOSE_DOCS_20260531_033722\UPSIDE_DOWN_SMOKEHOUSE_TRIPLE_WALK_METHOD_V1_1.txt","2","Status: reusable method / candidate support / not doctrine"
"PARKED_DRAFT",".\_LOCAL_CUSTODY_AND_RECEIPTS\ROOT_LOOSE_DOCS_20260531_033722\UPSIDE_DOWN_SMOKEHOUSE_TRIPLE_WALK_METHOD_V1_1.txt","37","- big growth is allowed but must be parked/keyed/proof-gated;"
"PARKED_DRAFT",".\_LOCAL_CUSTODY_AND_RECEIPTS\ROOT_LOOSE_DOCS_20260531_033722\UPSIDE_DOWN_SMOKEHOUSE_TRIPLE_WALK_METHOD_V1_1.txt","78","The giant parked body may be huge."
"PARKED_DRAFT",".\_LOCAL_CUSTODY_AND_RECEIPTS\ROOT_LOOSE_DOCS_20260531_033722\UPSIDE_DOWN_SMOKEHOUSE_TRIPLE_WALK_METHOD_V1_1.txt","119","What should be adopted, adapted, parked, blocked, or left be?"
"PARKED_DRAFT",".\_LOCAL_CUSTODY_AND_RECEIPTS\ROOT_LOOSE_DOCS_20260531_033722\UPSIDE_DOWN_SMOKEHOUSE_TRIPLE_WALK_METHOD_V1_1.txt","138","What must be parked?"
"PARKED_DRAFT",".\_LOCAL_CUSTODY_AND_RECEIPTS\ROOT_LOOSE_DOCS_20260531_033722\UPSIDE_DOWN_SMOKEHOUSE_TRIPLE_WALK_METHOD_V1_1.txt","139","What becomes candidate support?"
"PARKED_DRAFT",".\_LOCAL_CUSTODY_AND_RECEIPTS\ROOT_LOOSE_DOCS_20260531_033722\UPSIDE_DOWN_SMOKEHOUSE_TRIPLE_WALK_METHOD_V1_1.txt","551","SEW reconnects without forcing live carry. Final Judge prevents parked ideas from becoming king files."
"PARKED_DRAFT",".\_LOCAL_CUSTODY_AND_RECEIPTS\ROOT_LOOSE_DOCS_20260531_033722\UPSIDE_DOWN_SMOKEHOUSE_TRIPLE_WALK_METHOD_V1_1.txt","662","SEW turns the one-time walk into a reusable method. BONE records what was done. Final Judge labels it candidate support, not doctrine."
"PARKED_DRAFT",".\_LOCAL_CUSTODY_AND_RECEIPTS\ROOT_LOOSE_DOCS_20260531_033722\UPSIDE_DOWN_SMOKEHOUSE_TRIPLE_WALK_METHOD_V1_1.txt","760","Set disposition and prevent candidate/support/source material from becoming authority."
"PARKED_DRAFT",".\_LOCAL_CUSTODY_AND_RECEIPTS\ROOT_LOOSE_DOCS_20260531_033722\UPSIDE_DOWN_SMOKEHOUSE_TRIPLE_WALK_METHOD_V1_1.txt","864","9. Does it belong in live carry or parked body?"
"PARKED_DRAFT",".\_LOCAL_CUSTODY_AND_RECEIPTS\ROOT_LOOSE_DOCS_20260531_033722\true pathing.txt","579","How many raw, helper, script, proof-heavy, map-join, and rule-candidate objects are currently open?"
"PARKED_DRAFT",".\_LOCAL_CUSTODY_AND_RECEIPTS\ROOT_LOOSE_DOCS_20260531_033722\true pathing.txt","1029","## Save candidate after this file"
"PARKED_DRAFT",".\_LOCAL_CUSTODY_AND_RECEIPTS\ROOT_LOOSE_DOCS_20260531_033722\true pathing.txt","1031","This should be saved as a candidate, not doctrine:"
"PARKED_DRAFT",".\_TRANSCRIPT_CUSTODY\Tanscripts1\TRANSCRIPT_FILES\YT_TRANSCRIPTS\YvyUdcVk_gA\FRAME_HYGIENE_WORK_ORDER_PACKAGE_20260522\02_LINKING_SYSTEM\LINK_MAP_20260522.md","13","-> parked next action"
"PARKED_DRAFT",".\_TRANSCRIPT_CUSTODY\Tanscripts1\TRANSCRIPT_FILES\YT_TRANSCRIPTS\YvyUdcVk_gA\FRAME_HYGIENE_WORK_ORDER_PACKAGE_20260522\02_LINKING_SYSTEM\LINK_MAP_20260522.md","21","Holds our newer Clean Seed-framed work. This is interpretation/candidate material."
"PARKED_DRAFT",".\_TRANSCRIPT_CUSTODY\Tanscripts1\TRANSCRIPT_FILES\YT_TRANSCRIPTS\YvyUdcVk_gA\FRAME_HYGIENE_WORK_ORDER_PACKAGE_20260522\02_LINKING_SYSTEM\LINK_MAP_20260522.md","33","Contains next safe move and parked status."
"PARKED_DRAFT",".\_LOCAL_CUSTODY_AND_RECEIPTS\ROOT_LOOSE_DOCS_20260531_033722\ROAD_MAP_V1.txt","139","Expected: source ore only. Source can support candidate thinking; it does not install doctrine."
"PARKED_DRAFT",".\_LOCAL_CUSTODY_AND_RECEIPTS\ROOT_LOOSE_DOCS_20260531_033722\ROAD_MAP_V1.txt","655","Stage Six teaches candidate save."
"PARKED_DRAFT",".\_LOCAL_CUSTODY_AND_RECEIPTS\ROOT_LOOSE_DOCS_20260531_033722\ROAD_MAP_V1.txt","675","Do not save candidate support before at least first harness shape."
"PARKED_DRAFT",".\_LOCAL_CUSTODY_AND_RECEIPTS\ROOT_LOOSE_DOCS_20260531_033722\ROAD_MAP_V1.txt","896","promote candidate;"
"PARKED_DRAFT",".\_LOCAL_CUSTODY_AND_RECEIPTS\ROOT_LOOSE_DOCS_20260531_033722\ROAD_MAP_V1.txt","1237","Check helper/tool candidate."
"PARKED_DRAFT",".\_LOCAL_CUSTODY_AND_RECEIPTS\ROOT_LOOSE_DOCS_20260531_033722\ROAD_MAP_V1.txt","1313","candidate installed;"
"PARKED_DRAFT",".\_LOCAL_CUSTODY_AND_RECEIPTS\ROOT_LOOSE_DOCS_20260531_033722\ROAD_MAP_V1.txt","1417","source contains a rule candidate."
"PARKED_DRAFT",".\_LOCAL_CUSTODY_AND_RECEIPTS\ROOT_LOOSE_DOCS_20260531_033722\ROAD_MAP_V1.txt","1437","only candidate support, not install."
"PARKED_DRAFT",".\_LOCAL_CUSTODY_AND_RECEIPTS\ROOT_LOOSE_DOCS_20260531_033722\ROAD_MAP_V1.txt","1515","write candidate and fixture pack only unless Final Judge exists."
"PARKED_DRAFT",".\_LOCAL_CUSTODY_AND_RECEIPTS\ROOT_LOOSE_DOCS_20260531_033722\ROAD_MAP_V1.txt","1627","claim asks candidate report to enter memory;"
"PARKED_DRAFT",".\_LOCAL_CUSTODY_AND_RECEIPTS\ROOT_LOOSE_DOCS_20260531_033722\ROAD_MAP_V1.txt","1965","source becomes candidate support."
"PARKED_DRAFT",".\_LOCAL_CUSTODY_AND_RECEIPTS\ROOT_LOOSE_DOCS_20260531_033722\ROAD_MAP_V1.txt","1993","Replay 7 — Candidate report promotion"
"PARKED_DRAFT",".\_LOCAL_CUSTODY_AND_RECEIPTS\ROOT_LOOSE_DOCS_20260531_033722\ROAD_MAP_V1.txt","2119","Stage Six — Candidate Save Packet,"
"PARKED_DRAFT",".\_LOCAL_CUSTODY_AND_RECEIPTS\ROOT_LOOSE_DOCS_20260531_033722\ROAD_MAP_V1.txt","2131","STAGE SIX — Candidate Save Packet"
"PARKED_DRAFT",".\_LOCAL_CUSTODY_AND_RECEIPTS\ROOT_LOOSE_DOCS_20260531_033722\ROAD_MAP_V1.txt","2151","A Candidate Save Packet is the clean package that preserves the work as tested candidate support."
"PARKED_DRAFT",".\_LOCAL_CUSTODY_AND_RECEIPTS\ROOT_LOOSE_DOCS_20260531_033722\ROAD_MAP_V1.txt","2155","A candidate save preserves evidence and structure."
"PARKED_DRAFT",".\_LOCAL_CUSTODY_AND_RECEIPTS\ROOT_LOOSE_DOCS_20260531_033722\ROAD_MAP_V1.txt","2204","Without that, a saved candidate can become shadow authority."
"PARKED_DRAFT",".\_LOCAL_CUSTODY_AND_RECEIPTS\ROOT_LOOSE_DOCS_20260531_033722\ROAD_MAP_V1.txt","2208","candidate paper exists"
"PARKED_DRAFT",".\_LOCAL_CUSTODY_AND_RECEIPTS\ROOT_LOOSE_DOCS_20260531_033722\ROAD_MAP_V1.txt","2218","candidate paper exists"
"PARKED_DRAFT",".\_LOCAL_CUSTODY_AND_RECEIPTS\ROOT_LOOSE_DOCS_20260531_033722\ROAD_MAP_V1.txt","2223","→ candidate support preserved"
"PARKED_DRAFT",".\_LOCAL_CUSTODY_AND_RECEIPTS\ROOT_LOOSE_DOCS_20260531_033722\ROAD_MAP_V1.txt","2226","2. What belongs in the Candidate Save Packet"
"PARKED_DRAFT",".\_LOCAL_CUSTODY_AND_RECEIPTS\ROOT_LOOSE_DOCS_20260531_033722\ROAD_MAP_V1.txt","2230","2.1 Claim Engine Candidate File"
"PARKED_DRAFT",".\_LOCAL_CUSTODY_AND_RECEIPTS\ROOT_LOOSE_DOCS_20260531_033722\ROAD_MAP_V1.txt","2244","candidate support."
"PARKED_DRAFT",".\_LOCAL_CUSTODY_AND_RECEIPTS\ROOT_LOOSE_DOCS_20260531_033722\ROAD_MAP_V1.txt","2284","2.2 Helper Capability System Candidate File"
"PARKED_DRAFT",".\_LOCAL_CUSTODY_AND_RECEIPTS\ROOT_LOOSE_DOCS_20260531_033722\ROAD_MAP_V1.txt","2298","candidate support."
"PARKED_DRAFT",".\_LOCAL_CUSTODY_AND_RECEIPTS\ROOT_LOOSE_DOCS_20260531_033722\ROAD_MAP_V1.txt","2364","candidate support."
"PARKED_DRAFT",".\_LOCAL_CUSTODY_AND_RECEIPTS\ROOT_LOOSE_DOCS_20260531_033722\ROAD_MAP_V1.txt","2566","2.7 Candidate Receipt"
"PARKED_DRAFT",".\_LOCAL_CUSTODY_AND_RECEIPTS\ROOT_LOOSE_DOCS_20260531_033722\ROAD_MAP_V1.txt","2604","3. Candidate Save Packet boundary"
"PARKED_DRAFT",".\_LOCAL_CUSTODY_AND_RECEIPTS\ROOT_LOOSE_DOCS_20260531_033722\ROAD_MAP_V1.txt","2634","these candidate objects were created;"
"PARKED_DRAFT",".\_LOCAL_CUSTODY_AND_RECEIPTS\ROOT_LOOSE_DOCS_20260531_033722\ROAD_MAP_V1.txt","2644","this candidate support has custody."
"PARKED_DRAFT",".\_LOCAL_CUSTODY_AND_RECEIPTS\ROOT_LOOSE_DOCS_20260531_033722\ROAD_MAP_V1.txt","2650","4. Candidate save failure modes"
"PARKED_DRAFT",".\_LOCAL_CUSTODY_AND_RECEIPTS\ROOT_LOOSE_DOCS_20260531_033722\ROAD_MAP_V1.txt","2655","saved candidate"
"PARKED_DRAFT",".\_LOCAL_CUSTODY_AND_RECEIPTS\ROOT_LOOSE_DOCS_20260531_033722\ROAD_MAP_V1.txt","2660","saved candidate"
"PARKED_DRAFT",".\_LOCAL_CUSTODY_AND_RECEIPTS\ROOT_LOOSE_DOCS_20260531_033722\ROAD_MAP_V1.txt","2661","→ candidate support only."
"PARKED_DRAFT",".\_LOCAL_CUSTODY_AND_RECEIPTS\ROOT_LOOSE_DOCS_20260531_033722\ROAD_MAP_V1.txt","2712","Failure mode 5 — Candidate support becomes helper instruction"
"PARKED_DRAFT",".\_LOCAL_CUSTODY_AND_RECEIPTS\ROOT_LOOSE_DOCS_20260531_033722\ROAD_MAP_V1.txt","2716","candidate file says helpers should do X"
"PARKED_DRAFT",".\_LOCAL_CUSTODY_AND_RECEIPTS\ROOT_LOOSE_DOCS_20260531_033722\ROAD_MAP_V1.txt","2746","We have a candidate Claim Engine."
"PARKED_DRAFT",".\_LOCAL_CUSTODY_AND_RECEIPTS\ROOT_LOOSE_DOCS_20260531_033722\ROAD_MAP_V1.txt","2748","We have a candidate Capability Engine."
"PARKED_DRAFT",".\_LOCAL_CUSTODY_AND_RECEIPTS\ROOT_LOOSE_DOCS_20260531_033722\ROAD_MAP_V1.txt","2750","We have a candidate Bridge Harness."
"PARKED_DRAFT",".\_LOCAL_CUSTODY_AND_RECEIPTS\ROOT_LOOSE_DOCS_20260531_033722\ROAD_MAP_V1.txt","2788","Stage Seven comes after the candidate save because the system needs a stable packet before wiring it into movement."
"PARKED_DRAFT",".\_LOCAL_CUSTODY_AND_RECEIPTS\ROOT_LOOSE_DOCS_20260531_033722\ROAD_MAP_V1.txt","2826","As a candidate gate used in controlled replay and future harness work."
"PARKED_DRAFT",".\_LOCAL_CUSTODY_AND_RECEIPTS\ROOT_LOOSE_DOCS_20260531_033722\ROAD_MAP_V1.txt","2926","policy candidate;"
"PARKED_DRAFT",".\_LOCAL_CUSTODY_AND_RECEIPTS\ROOT_LOOSE_DOCS_20260531_033722\ROAD_MAP_V1.txt","3289","candidate created;"
"PARKED_DRAFT",".\_LOCAL_CUSTODY_AND_RECEIPTS\ROOT_LOOSE_DOCS_20260531_033722\ROAD_MAP_V1.txt","3369","candidate support;"
"PARKED_DRAFT",".\_LOCAL_CUSTODY_AND_RECEIPTS\ROOT_LOOSE_DOCS_20260531_033722\ROAD_MAP_V1.txt","3433","candidate-to-fixture;"
"PARKED_DRAFT",".\_LOCAL_CUSTODY_AND_RECEIPTS\ROOT_LOOSE_DOCS_20260531_033722\ROAD_MAP_V1.txt","3501","Claim Engine candidate file."
"PARKED_DRAFT",".\_LOCAL_CUSTODY_AND_RECEIPTS\ROOT_LOOSE_DOCS_20260531_033722\ROAD_MAP_V1.txt","3503","Capability Engine candidate file."
"PARKED_DRAFT",".\_LOCAL_CUSTODY_AND_RECEIPTS\ROOT_LOOSE_DOCS_20260531_033722\ROAD_MAP_V1.txt","3513","Candidate Save Receipt."
"PARKED_DRAFT",".\_LOCAL_CUSTODY_AND_RECEIPTS\ROOT_LOOSE_DOCS_20260531_033722\ROAD_MAP_V1.txt","3533","Where is the current candidate?"
"PARKED_DRAFT",".\_LOCAL_CUSTODY_AND_RECEIPTS\ROOT_LOOSE_DOCS_20260531_033722\ROAD_MAP_V1.txt","3708","what is candidate only;"
"PARKED_DRAFT",".\_LOCAL_CUSTODY_AND_RECEIPTS\ROOT_LOOSE_DOCS_20260531_033722\ROAD_MAP_V1.txt","3732","Stage Six — Candidate Save Packet."
"PARKED_DRAFT",".\_LOCAL_CUSTODY_AND_RECEIPTS\ROOT_LOOSE_DOCS_20260531_033722\ROAD_MAP_V1.txt","3778","where the current candidate object lives;"
"PARKED_DRAFT",".\_LOCAL_CUSTODY_AND_RECEIPTS\ROOT_LOOSE_DOCS_20260531_033722\ROAD_MAP_V1.txt","3794","what is candidate support only;"
"PARKED_DRAFT",".\_LOCAL_CUSTODY_AND_RECEIPTS\ROOT_LOOSE_DOCS_20260531_033722\ROAD_MAP_V1.txt","3986","A Scribe writes candidate reports, cards, fixtures, ledgers, maps, or receipts."
"PARKED_DRAFT",".\_LOCAL_CUSTODY_AND_RECEIPTS\ROOT_LOOSE_DOCS_20260531_033722\ROAD_MAP_V1.txt","3990","write bounded candidate support;"
"PARKED_DRAFT",".\_LOCAL_CUSTODY_AND_RECEIPTS\ROOT_LOOSE_DOCS_20260531_033722\ROAD_MAP_V1.txt","4256","A helper without a passport may still be source ore or tool candidate, but it should not receive live work."
"PARKED_DRAFT",".\_LOCAL_CUSTODY_AND_RECEIPTS\ROOT_LOOSE_DOCS_20260531_033722\ROAD_MAP_V1.txt","4552","candidate installed."
"PARKED_DRAFT",".\_LOCAL_CUSTODY_AND_RECEIPTS\ROOT_LOOSE_DOCS_20260531_033722\ROAD_MAP_V1.txt","4633","scribe can write only bounded candidate output."
"PARKED_DRAFT",".\_LOCAL_CUSTODY_AND_RECEIPTS\ROOT_LOOSE_DOCS_20260531_033722\ROAD_MAP_V1.txt","4856","Replay Family 7 — Candidate-as-doctrine"
"PARKED_DRAFT",".\_LOCAL_CUSTODY_AND_RECEIPTS\ROOT_LOOSE_DOCS_20260531_033722\ROAD_MAP_V1.txt","4860","candidate support text became live rule."
"PARKED_DRAFT",".\_LOCAL_CUSTODY_AND_RECEIPTS\ROOT_LOOSE_DOCS_20260531_033722\ROAD_MAP_V1.txt","5065","Candidate, rule, active guide, current truth, Final Judge."
"PARKED_DRAFT",".\_LOCAL_CUSTODY_AND_RECEIPTS\ROOT_LOOSE_DOCS_20260531_033722\ROAD_MAP_V1.txt","5144","one case creates case seed; repeated family creates pattern candidate."
"PARKED_DRAFT",".\_LOCAL_CUSTODY_AND_RECEIPTS\ROOT_LOOSE_DOCS_20260531_033722\ROAD_MAP_V1.txt","5202","Ghost authority is when stale, weak, retired, or candidate material keeps steering future work."
"PARKED_DRAFT",".\_LOCAL_CUSTODY_AND_RECEIPTS\ROOT_LOOSE_DOCS_20260531_033722\ROAD_MAP_V1.txt","5212","candidate note used like rule;"
"PARKED_DRAFT",".\_LOCAL_CUSTODY_AND_RECEIPTS\ROOT_LOOSE_DOCS_20260531_033722\ROAD_MAP_V1.txt","5526","Retirement Candidate List."
"PARKED_DRAFT",".\_LOCAL_CUSTODY_AND_RECEIPTS\ROOT_LOOSE_DOCS_20260531_033722\ROAD_MAP_V1.txt","5536","Current Candidate Pointer."
"PARKED_DRAFT",".\_LOCAL_CUSTODY_AND_RECEIPTS\ROOT_LOOSE_DOCS_20260531_033722\ROAD_MAP_V1.txt","5590","what gets promoted, parked, blocked, or retested,"
"PARKED_DRAFT",".\_LOCAL_CUSTODY_AND_RECEIPTS\ROOT_LOOSE_DOCS_20260531_033722\ROAD_MAP_V1.txt","5617","Candidate Save preserved the packet."
"PARKED_DRAFT",".\_LOCAL_CUSTODY_AND_RECEIPTS\ROOT_LOOSE_DOCS_20260531_033722\ROAD_MAP_V1.txt","5664","Proposed Active Slices."
"PARKED_DRAFT",".\_LOCAL_CUSTODY_AND_RECEIPTS\ROOT_LOOSE_DOCS_20260531_033722\ROAD_MAP_V1.txt","5672","“Which exact parts are proven enough to become active, which parts need adaptation, which parts stay candidate support, which parts are blocked, and which parts need more proof?”"
"PARKED_DRAFT",".\_LOCAL_CUSTODY_AND_RECEIPTS\ROOT_LOOSE_DOCS_20260531_033722\ROAD_MAP_V1.txt","5676","A large candidate packet may contain:"
"PARKED_DRAFT",".\_LOCAL_CUSTODY_AND_RECEIPTS\ROOT_LOOSE_DOCS_20260531_033722\ROAD_MAP_V1.txt","5682","pieces useful but parked;"
"MUTATION_LANGUAGE",".\_TRANSCRIPT_CUSTODY\Transcripts\The Sermon on the Mount  Lecture One (Official)  Peterson Academy\The Sermon on the Mount  Lecture One (Official)  Peterson Academy_2026-05-25_05-09-22.txt","79","move from one place to another. And so"
"MUTATION_LANGUAGE",".\_TRANSCRIPT_CUSTODY\Transcripts\The Sermon on the Mount  Lecture One (Official)  Peterson Academy\The Sermon on the Mount  Lecture One (Official)  Peterson Academy_2026-05-25_05-09-22.txt","181","that you should move forward as if"
"MUTATION_LANGUAGE",".\_TRANSCRIPT_CUSTODY\Transcripts\The Sermon on the Mount  Lecture One (Official)  Peterson Academy\The Sermon on the Mount  Lecture One (Official)  Peterson Academy_2026-05-25_05-09-22.txt","226","be aiming at something to move forward"
"MUTATION_LANGUAGE",".\_TRANSCRIPT_CUSTODY\Transcripts\The Sermon on the Mount  Lecture One (Official)  Peterson Academy\The Sermon on the Mount  Lecture One (Official)  Peterson Academy_2026-05-25_05-09-22.txt","227","because why move forward if you're not"
"MUTATION_LANGUAGE",".\_TRANSCRIPT_CUSTODY\Transcripts\The Sermon on the Mount  Lecture One (Official)  Peterson Academy\The Sermon on the Mount  Lecture One (Official)  Peterson Academy_2026-05-25_05-09-22.txt","229","move forward towards something you're"
"MUTATION_LANGUAGE",".\_TRANSCRIPT_CUSTODY\Transcripts\The Sermon on the Mount  Lecture One (Official)  Peterson Academy\The Sermon on the Mount  Lecture One (Official)  Peterson Academy_2026-05-25_05-09-22.txt","233","at, why would you work to move there?"
"MUTATION_LANGUAGE",".\_TRANSCRIPT_CUSTODY\Transcripts\The Sermon on the Mount  Lecture One (Official)  Peterson Academy\The Sermon on the Mount  Lecture One (Official)  Peterson Academy_2026-05-25_05-09-22.txt","429","you move forward and you can do that"
"MUTATION_LANGUAGE",".\_TRANSCRIPT_CUSTODY\Transcripts\The Sermon on the Mount  Lecture One (Official)  Peterson Academy\The Sermon on the Mount  Lecture One (Official)  Peterson Academy_2026-05-25_05-09-22.txt","611","move out into the world and to become"
"MUTATION_LANGUAGE",".\_TRANSCRIPT_CUSTODY\Transcripts\The Sermon on the Mount  Lecture One (Official)  Peterson Academy\The Sermon on the Mount  Lecture One (Official)  Peterson Academy_2026-05-25_05-09-22.txt","712","move in that direction. And the more"
"MUTATION_LANGUAGE",".\_TRANSCRIPT_CUSTODY\Transcripts\The Sermon on the Mount  Lecture One (Official)  Peterson Academy\The Sermon on the Mount  Lecture One (Official)  Peterson Academy_2026-05-25_05-09-22.txt","715","willing to give up to move in that"
"MUTATION_LANGUAGE",".\_TRANSCRIPT_CUSTODY\Transcripts\The Sermon on the Mount  Lecture One (Official)  Peterson Academy\The Sermon on the Mount  Lecture One (Official)  Peterson Academy_2026-05-25_05-09-22.txt","717","you'll move in that direction. And the"
"MUTATION_LANGUAGE",".\_TRANSCRIPT_CUSTODY\Transcripts\The Sermon on the Mount  Lecture One (Official)  Peterson Academy\The Sermon on the Mount  Lecture One (Official)  Peterson Academy_2026-05-25_05-09-22.txt","1301","really want to push it, but"
"MUTATION_LANGUAGE",".\_TRANSCRIPT_CUSTODY\Transcripts\Kierkegaard's Christian Existentialism\Kierkegaard's Christian Existentialism_2026-05-25_19-36-44.txt","579","they commit suicide kierkegaard believes"
"MUTATION_LANGUAGE",".\_TRANSCRIPT_CUSTODY\Transcripts\Kierkegaard's Christian Existentialism\Kierkegaard's Christian Existentialism_2026-05-25_19-36-44.txt","862","he's never heteronomous he's never moved"
"MUTATION_LANGUAGE",".\_TRANSCRIPT_CUSTODY\Transcripts\Kierkegaard's Christian Existentialism\Kierkegaard's Christian Existentialism_2026-05-25_19-36-44.txt","993","and that comes in when we move from the"
"MUTATION_LANGUAGE",".\_TRANSCRIPT_CUSTODY\Transcripts\Kierkegaard's Christian Existentialism\Kierkegaard's Christian Existentialism_2026-05-25_19-36-44.txt","1205","when we move into the age of romanticism"
"MUTATION_LANGUAGE",".\_TRANSCRIPT_CUSTODY\Transcripts\THE HOLOGRAPHIC UNIVERSE by Michael Talbot (Remastered)\THE HOLOGRAPHIC UNIVERSE by Michael Talbot (Remastered)_2026-05-25_19-53-28.txt","274","they would surgically remove various"
"MUTATION_LANGUAGE",".\_TRANSCRIPT_CUSTODY\Transcripts\THE HOLOGRAPHIC UNIVERSE by Michael Talbot (Remastered)\THE HOLOGRAPHIC UNIVERSE by Michael Talbot (Remastered)_2026-05-25_19-53-28.txt","278","remove the a portion of the brain and"
"MUTATION_LANGUAGE",".\_TRANSCRIPT_CUSTODY\Transcripts\THE HOLOGRAPHIC UNIVERSE by Michael Talbot (Remastered)\THE HOLOGRAPHIC UNIVERSE by Michael Talbot (Remastered)_2026-05-25_19-53-28.txt","283","removed a different portion of the brain"
"MUTATION_LANGUAGE",".\_TRANSCRIPT_CUSTODY\Transcripts\THE HOLOGRAPHIC UNIVERSE by Michael Talbot (Remastered)\THE HOLOGRAPHIC UNIVERSE by Michael Talbot (Remastered)_2026-05-25_19-53-28.txt","285","remove the memory of how to run the maze"
"MUTATION_LANGUAGE",".\_TRANSCRIPT_CUSTODY\Transcripts\THE HOLOGRAPHIC UNIVERSE by Michael Talbot (Remastered)\THE HOLOGRAPHIC UNIVERSE by Michael Talbot (Remastered)_2026-05-25_19-53-28.txt","288","couldn't remove it and really uh you"
"MUTATION_LANGUAGE",".\_TRANSCRIPT_CUSTODY\Transcripts\THE HOLOGRAPHIC UNIVERSE by Michael Talbot (Remastered)\THE HOLOGRAPHIC UNIVERSE by Michael Talbot (Remastered)_2026-05-25_19-53-28.txt","330","Porsches the brain removed yeah right"
"MUTATION_LANGUAGE",".\_TRANSCRIPT_CUSTODY\Transcripts\THE HOLOGRAPHIC UNIVERSE by Michael Talbot (Remastered)\THE HOLOGRAPHIC UNIVERSE by Michael Talbot (Remastered)_2026-05-25_19-53-28.txt","721","leaving the brain to move the object"
"MUTATION_LANGUAGE",".\_TRANSCRIPT_CUSTODY\Transcripts\THE HOLOGRAPHIC UNIVERSE by Michael Talbot (Remastered)\THE HOLOGRAPHIC UNIVERSE by Michael Talbot (Remastered)_2026-05-25_19-53-28.txt","729","for us to move the object maybe vom says"
"MUTATION_LANGUAGE",".\_TRANSCRIPT_CUSTODY\Transcripts\THE HOLOGRAPHIC UNIVERSE by Michael Talbot (Remastered)\THE HOLOGRAPHIC UNIVERSE by Michael Talbot (Remastered)_2026-05-25_19-53-28.txt","1021","followed me wherever I moved until I was"
"MUTATION_LANGUAGE",".\_TRANSCRIPT_CUSTODY\Transcripts\THE HOLOGRAPHIC UNIVERSE by Michael Talbot (Remastered)\THE HOLOGRAPHIC UNIVERSE by Michael Talbot (Remastered)_2026-05-25_19-53-28.txt","1173","I just moved to New York from Michigan"
"MUTATION_LANGUAGE",".\_TRANSCRIPT_CUSTODY\Transcripts\THE HOLOGRAPHIC UNIVERSE by Michael Talbot (Remastered)\THE HOLOGRAPHIC UNIVERSE by Michael Talbot (Remastered)_2026-05-25_19-53-28.txt","1563","push-ups and I had the TV on there was a"
"MUTATION_LANGUAGE",".\_TRANSCRIPT_CUSTODY\Transcripts\THE HOLOGRAPHIC UNIVERSE by Michael Talbot (Remastered)\THE HOLOGRAPHIC UNIVERSE by Michael Talbot (Remastered)_2026-05-25_19-53-28.txt","1566","sudden as I'm doing push-ups I realized"
"MUTATION_LANGUAGE",".\_TRANSCRIPT_CUSTODY\Transcripts\THE HOLOGRAPHIC UNIVERSE by Michael Talbot (Remastered)\THE HOLOGRAPHIC UNIVERSE by Michael Talbot (Remastered)_2026-05-25_19-53-28.txt","1649","I'd like to push the boundaries even"
"MUTATION_LANGUAGE",".\_TRANSCRIPT_CUSTODY\Transcripts\THE HOLOGRAPHIC UNIVERSE by Michael Talbot (Remastered)\THE HOLOGRAPHIC UNIVERSE by Michael Talbot (Remastered)_2026-05-25_19-53-28.txt","2090","perhaps ultimately it's to push us"
"MUTATION_LANGUAGE",".\_TRANSCRIPT_CUSTODY\Transcripts\THE HOLOGRAPHIC UNIVERSE by Michael Talbot (Remastered)\THE HOLOGRAPHIC UNIVERSE by Michael Talbot (Remastered)_2026-05-25_19-53-28.txt","2121","we we can move on to other levels of"
"MUTATION_LANGUAGE",".\_TRANSCRIPT_CUSTODY\Transcripts\THE HOLOGRAPHIC UNIVERSE by Michael Talbot (Remastered)\THE HOLOGRAPHIC UNIVERSE by Michael Talbot (Remastered)_2026-05-25_19-53-28.txt","2182","and there's even a sense if we push it"
"MUTATION_LANGUAGE",".\_TRANSCRIPT_CUSTODY\Transcripts\THE HOLOGRAPHIC UNIVERSE by Michael Talbot (Remastered)\THE HOLOGRAPHIC UNIVERSE by Michael Talbot (Remastered)_2026-05-25_19-53-28.txt","2213","how to move Beyond well and that sounds"
"MUTATION_LANGUAGE",".\_TRANSCRIPT_CUSTODY\Transcripts\THE HOLOGRAPHIC UNIVERSE by Michael Talbot (Remastered)\THE HOLOGRAPHIC UNIVERSE by Michael Talbot (Remastered)_2026-05-25_19-53-28.txt","2255","your insecurity you don't try to move"
"MUTATION_LANGUAGE",".\_TRANSCRIPT_CUSTODY\Transcripts\THE HOLOGRAPHIC UNIVERSE by Michael Talbot (Remastered)\THE HOLOGRAPHIC UNIVERSE by Michael Talbot (Remastered)_2026-05-25_19-53-28.txt","2426","place I'd have to move with one of these"
"MUTATION_LANGUAGE",".\_LOCAL_CUSTODY_N_RECEIPTS\ROOT_LOOSE_FILE_ROUTE_20260605_143357\RUNNERS_PENDING_REVIEW\LOCK_SAVE_CURRENT_PROGRESS_VIA_RUNNER_HARNESS_V1_1.ps1","3","# Boundary: no git commit, no push, no move, no delete, no watcher, no automation, no doctrine promotion."
"MUTATION_LANGUAGE",".\_LOCAL_CUSTODY_N_RECEIPTS\ROOT_LOOSE_FILE_ROUTE_20260605_143357\RUNNERS_PENDING_REVIEW\LOCK_SAVE_CURRENT_PROGRESS_VIA_RUNNER_HARNESS_V1_1.ps1","126","  if ($RunnerInstall.Status -eq ""INSTALLED"" -and $RunnerSelfTest.Status -eq ""PASS"") { ""INSTALLED_PASS"" } else { ""INSTALLED_BUT_NOT_PASS"" }"
"MUTATION_LANGUAGE",".\_LOCAL_CUSTODY_N_RECEIPTS\ROOT_LOOSE_FILE_ROUTE_20260605_143357\RUNNERS_PENDING_REVIEW\LOCK_SAVE_CURRENT_PROGRESS_VIA_RUNNER_HARNESS_V1_1.ps1","198","    ""RUNNER_HARNESS_V1_1 installed under HOUSE_WORK\TOOL_ROOM\RUNNER_HARNESS_V1_1."","
"MUTATION_LANGUAGE",".\_LOCAL_CUSTODY_N_RECEIPTS\ROOT_LOOSE_FILE_ROUTE_20260605_143357\RUNNERS_PENDING_REVIEW\LOCK_SAVE_CURRENT_PROGRESS_VIA_RUNNER_HARNESS_V1_1.ps1","203","    ""No watcher, automation service, delete, move, commit, or push is part of this lock save."""
"MUTATION_LANGUAGE",".\_LOCAL_CUSTODY_N_RECEIPTS\ROOT_LOOSE_FILE_ROUTE_20260605_143357\RUNNERS_PENDING_REVIEW\LOCK_SAVE_CURRENT_PROGRESS_VIA_RUNNER_HARNESS_V1_1.ps1","222","  Boundary = ""Local lock/save receipt only. No commit. No push. No move. No delete. No watcher. No automation. No ACTIVE_GUIDES rewrite. No CURRENT_TRUTH_INDEX rewrite."""
"MUTATION_LANGUAGE",".\_LOCAL_CUSTODY_N_RECEIPTS\ROOT_LOOSE_FILE_ROUTE_20260605_143357\RUNNERS_PENDING_REVIEW\LOCK_SAVE_CURRENT_PROGRESS_VIA_RUNNER_HARNESS_V1_1.ps1","272","- No commit."
"MUTATION_LANGUAGE",".\_LOCAL_CUSTODY_N_RECEIPTS\ROOT_LOOSE_FILE_ROUTE_20260605_143357\RUNNERS_PENDING_REVIEW\LOCK_SAVE_CURRENT_PROGRESS_VIA_RUNNER_HARNESS_V1_1.ps1","273","- No push."
"MUTATION_LANGUAGE",".\_LOCAL_CUSTODY_N_RECEIPTS\ROOT_LOOSE_FILE_ROUTE_20260605_143357\RUNNERS_PENDING_REVIEW\LOCK_SAVE_CURRENT_PROGRESS_VIA_RUNNER_HARNESS_V1_1.ps1","274","- No move."
"MUTATION_LANGUAGE",".\_LOCAL_CUSTODY_N_RECEIPTS\ROOT_LOOSE_FILE_ROUTE_20260605_143357\RUNNERS_PENDING_REVIEW\LOCK_SAVE_CURRENT_PROGRESS_VIA_RUNNER_HARNESS_V1_1.ps1","275","- No delete."
"MUTATION_LANGUAGE",".\_LOCAL_CUSTODY_N_RECEIPTS\ROOT_LOOSE_FILE_ROUTE_20260605_143357\RUNNERS_PENDING_REVIEW\LOCK_SAVE_CURRENT_PROGRESS_VIA_RUNNER_HARNESS_V1_1.ps1","313","  Boundary = ""Local lock/save child sentinel. No commit. No push. No move. No delete."""
"MUTATION_LANGUAGE",".\_TRANSCRIPT_CUSTODY\Transcripts\Richard Feynman\Richard Feynman talks about light_2026-05-25_04-42-55.txt","141","be pushed back and forth by this"
"MUTATION_LANGUAGE",".\_LOCAL_CUSTODY_N_RECEIPTS\ROOT_LOOSE_FILE_ROUTE_20260605_143357\RULE_CANDIDATES_PENDING_REVIEW\LIVING_RULE__TERMINAL_FILE_ONLY_AFTER_PARSER_BOUNDARY_FAILURE_V1.md","90","- Git commit;"
"MUTATION_LANGUAGE",".\_LOCAL_CUSTODY_N_RECEIPTS\ROOT_LOOSE_FILE_ROUTE_20260605_143357\RULE_CANDIDATES_PENDING_REVIEW\LIVING_RULE__TERMINAL_FILE_ONLY_AFTER_PARSER_BOUNDARY_FAILURE_V1.md","91","- Git push;"
"MUTATION_LANGUAGE",".\_LOCAL_CUSTODY_N_RECEIPTS\ROOT_LOOSE_FILE_ROUTE_20260605_143357\RULE_CANDIDATES_PENDING_REVIEW\LIVING_RULE__TERMINAL_FILE_ONLY_AFTER_PARSER_BOUNDARY_FAILURE_V1.md","92","- move;"
"MUTATION_LANGUAGE",".\_LOCAL_CUSTODY_N_RECEIPTS\ROOT_LOOSE_FILE_ROUTE_20260605_143357\RULE_CANDIDATES_PENDING_REVIEW\LIVING_RULE__TERMINAL_FILE_ONLY_AFTER_PARSER_BOUNDARY_FAILURE_V1.md","93","- delete;"
"MUTATION_LANGUAGE",".\_LOCAL_CUSTODY_N_RECEIPTS\ROOT_LOOSE_FILE_ROUTE_20260605_143357\ROOT_LOOSE_FILE_ROUTE_RECEIPT.md","4","Boundary: no delete, no compression, no execution, no Git, no watcher, no automation. Three loose root files were moved to custody review lanes with byte/hash verification."
"MUTATION_LANGUAGE",".\_LOCAL_CUSTODY_N_RECEIPTS\ROOT_LOOSE_FILE_ROUTE_20260605_143357\ROOT_LOOSE_FILE_ROUTE_RECEIPT.md","20","- Files moved and hash-verified: 3"
"MUTATION_LANGUAGE",".\_LOCAL_CUSTODY_N_RECEIPTS\ROOT_LOOSE_FILE_ROUTE_20260605_143357\ROOT_LOOSE_FILE_ROUTE_RECEIPT.md","27","The loose root files were moved out of the root into custody review subfolders. Filenames were preserved. No file was deleted, compressed, executed, renamed, or restored in place."
"MUTATION_LANGUAGE",".\_LOCAL_CUSTODY_N_RECEIPTS\ROOT_LOOSE_FILE_ROUTE_20260605_143357\ROOT_LOOSE_FILE_ROUTE_RECEIPT.md","29","## Restore Path"
"MUTATION_LANGUAGE",".\_LOCAL_CUSTODY_N_RECEIPTS\ROOT_LOOSE_FILE_ROUTE_20260605_143357\ROOT_LOOSE_FILE_ROUTE_RECEIPT.md","31","Each manifest row records its original path as RestorePath. Restore is not authorized by this receipt; this is a custody route only."
"MUTATION_LANGUAGE",".\_LOCAL_CUSTODY_N_RECEIPTS\ROOT_LOOSE_FILE_ROUTE_20260605_143357\MULE_ORDERS_PENDING_REVIEW\MULE_ORDER__RECOVERED_ITEM_RESTORE_DECISION_LEDGER__WITH_BYTE_ACCOUNTING__20260604.md","8","Build a complete recovered-item restore decision ledger and recovery-byte accounting summary before any restore, cleanup, compression, deletion, parking, archive, dedupe, or duplicate decision."
"MUTATION_LANGUAGE",".\_LOCAL_CUSTODY_N_RECEIPTS\ROOT_LOOSE_FILE_ROUTE_20260605_143357\MULE_ORDERS_PENDING_REVIEW\MULE_ORDER__RECOVERED_ITEM_RESTORE_DECISION_LEDGER__WITH_BYTE_ACCOUNTING__20260604.md","17","- identify high-value restore candidates;"
"MUTATION_LANGUAGE",".\_LOCAL_CUSTODY_N_RECEIPTS\ROOT_LOOSE_FILE_ROUTE_20260605_143357\MULE_ORDERS_PENDING_REVIEW\MULE_ORDER__RECOVERED_ITEM_RESTORE_DECISION_LEDGER__WITH_BYTE_ACCOUNTING__20260604.md","19","- block cleanup until later approved restore/cleanup receipts exist;"
"MUTATION_LANGUAGE",".\_LOCAL_CUSTODY_N_RECEIPTS\ROOT_LOOSE_FILE_ROUTE_20260605_143357\MULE_ORDERS_PENDING_REVIEW\MULE_ORDER__RECOVERED_ITEM_RESTORE_DECISION_LEDGER__WITH_BYTE_ACCOUNTING__20260604.md","39","- `Nothing restored directly into Desktop mess`"
"MUTATION_LANGUAGE",".\_LOCAL_CUSTODY_N_RECEIPTS\ROOT_LOOSE_FILE_ROUTE_20260605_143357\MULE_ORDERS_PENDING_REVIEW\MULE_ORDER__RECOVERED_ITEM_RESTORE_DECISION_LEDGER__WITH_BYTE_ACCOUNTING__20260604.md","59","No delete.  "
"MUTATION_LANGUAGE",".\_LOCAL_CUSTODY_N_RECEIPTS\ROOT_LOOSE_FILE_ROUTE_20260605_143357\MULE_ORDERS_PENDING_REVIEW\MULE_ORDER__RECOVERED_ITEM_RESTORE_DECISION_LEDGER__WITH_BYTE_ACCOUNTING__20260604.md","60","No move.  "
"MUTATION_LANGUAGE",".\_LOCAL_CUSTODY_N_RECEIPTS\ROOT_LOOSE_FILE_ROUTE_20260605_143357\MULE_ORDERS_PENDING_REVIEW\MULE_ORDER__RECOVERED_ITEM_RESTORE_DECISION_LEDGER__WITH_BYTE_ACCOUNTING__20260604.md","62","No restore-in-place.  "
"MUTATION_LANGUAGE",".\_LOCAL_CUSTODY_N_RECEIPTS\ROOT_LOOSE_FILE_ROUTE_20260605_143357\MULE_ORDERS_PENDING_REVIEW\MULE_ORDER__RECOVERED_ITEM_RESTORE_DECISION_LEDGER__WITH_BYTE_ACCOUNTING__20260604.md","64","No Git commit.  "
"MUTATION_LANGUAGE",".\_LOCAL_CUSTODY_N_RECEIPTS\ROOT_LOOSE_FILE_ROUTE_20260605_143357\MULE_ORDERS_PENDING_REVIEW\MULE_ORDER__RECOVERED_ITEM_RESTORE_DECISION_LEDGER__WITH_BYTE_ACCOUNTING__20260604.md","65","No Git push.  "
"MUTATION_LANGUAGE",".\_LOCAL_CUSTODY_N_RECEIPTS\ROOT_LOOSE_FILE_ROUTE_20260605_143357\MULE_ORDERS_PENDING_REVIEW\MULE_ORDER__RECOVERED_ITEM_RESTORE_DECISION_LEDGER__WITH_BYTE_ACCOUNTING__20260604.md","67","No archive action.  "
"MUTATION_LANGUAGE",".\_LOCAL_CUSTODY_N_RECEIPTS\ROOT_LOOSE_FILE_ROUTE_20260605_143357\MULE_ORDERS_PENDING_REVIEW\MULE_ORDER__RECOVERED_ITEM_RESTORE_DECISION_LEDGER__WITH_BYTE_ACCOUNTING__20260604.md","68","No dedupe action.  "
"MUTATION_LANGUAGE",".\_LOCAL_CUSTODY_N_RECEIPTS\ROOT_LOOSE_FILE_ROUTE_20260605_143357\MULE_ORDERS_PENDING_REVIEW\MULE_ORDER__RECOVERED_ITEM_RESTORE_DECISION_LEDGER__WITH_BYTE_ACCOUNTING__20260604.md","77","Do not treat proof-only, archive, duplicate-looking, parked, compressed, old, or copied material as delete-authorized.  "
"MUTATION_LANGUAGE",".\_LOCAL_CUSTODY_N_RECEIPTS\ROOT_LOOSE_FILE_ROUTE_20260605_143357\MULE_ORDERS_PENDING_REVIEW\MULE_ORDER__RECOVERED_ITEM_RESTORE_DECISION_LEDGER__WITH_BYTE_ACCOUNTING__20260604.md","120","- all archive/compressed files;"
"MUTATION_LANGUAGE",".\_LOCAL_CUSTODY_N_RECEIPTS\ROOT_LOOSE_FILE_ROUTE_20260605_143357\MULE_ORDERS_PENDING_REVIEW\MULE_ORDER__RECOVERED_ITEM_RESTORE_DECISION_LEDGER__WITH_BYTE_ACCOUNTING__20260604.md","127","Do not use “safe to delete,” “safe to remove,” “disposable,” or “cleanup allowed” wording except as drift-risk terms."
"MUTATION_LANGUAGE",".\_LOCAL_CUSTODY_N_RECEIPTS\ROOT_LOOSE_FILE_ROUTE_20260605_143357\MULE_ORDERS_PENDING_REVIEW\MULE_ORDER__RECOVERED_ITEM_RESTORE_DECISION_LEDGER__WITH_BYTE_ACCOUNTING__20260604.md","131","`RESTORE_LIVE` — candidate should return to live working area later, but this report does not restore it.  "
"MUTATION_LANGUAGE",".\_LOCAL_CUSTODY_N_RECEIPTS\ROOT_LOOSE_FILE_ROUTE_20260605_143357\MULE_ORDERS_PENDING_REVIEW\MULE_ORDER__RECOVERED_ITEM_RESTORE_DECISION_LEDGER__WITH_BYTE_ACCOUNTING__20260604.md","133","`ARCHIVE_CUSTODY` — keep as archive/proof/history, not live.  "
"MUTATION_LANGUAGE",".\_LOCAL_CUSTODY_N_RECEIPTS\ROOT_LOOSE_FILE_ROUTE_20260605_143357\MULE_ORDERS_PENDING_REVIEW\MULE_ORDER__RECOVERED_ITEM_RESTORE_DECISION_LEDGER__WITH_BYTE_ACCOUNTING__20260604.md","155","- safe to remove;"
"MUTATION_LANGUAGE",".\_LOCAL_CUSTODY_N_RECEIPTS\ROOT_LOOSE_FILE_ROUTE_20260605_143357\MULE_ORDERS_PENDING_REVIEW\MULE_ORDER__RECOVERED_ITEM_RESTORE_DECISION_LEDGER__WITH_BYTE_ACCOUNTING__20260604.md","159","- archive means original can go;"
"MUTATION_LANGUAGE",".\_LOCAL_CUSTODY_N_RECEIPTS\ROOT_LOOSE_FILE_ROUTE_20260605_143357\MULE_ORDERS_PENDING_REVIEW\MULE_ORDER__RECOVERED_ITEM_RESTORE_DECISION_LEDGER__WITH_BYTE_ACCOUNTING__20260604.md","230","- archive/compressed files;"
"MUTATION_LANGUAGE",".\_LOCAL_CUSTODY_N_RECEIPTS\ROOT_LOOSE_FILE_ROUTE_20260605_143357\MULE_ORDERS_PENDING_REVIEW\MULE_ORDER__RECOVERED_ITEM_RESTORE_DECISION_LEDGER__WITH_BYTE_ACCOUNTING__20260604.md","298","- whether candidate is safe for later live restore review."
"MUTATION_LANGUAGE",".\_LOCAL_CUSTODY_N_RECEIPTS\ROOT_LOOSE_FILE_ROUTE_20260605_143357\MULE_ORDERS_PENDING_REVIEW\MULE_ORDER__RECOVERED_ITEM_RESTORE_DECISION_LEDGER__WITH_BYTE_ACCOUNTING__20260604.md","332","### 8. Restore-live candidate pass"
"MUTATION_LANGUAGE",".\_LOCAL_CUSTODY_N_RECEIPTS\ROOT_LOOSE_FILE_ROUTE_20260605_143357\MULE_ORDERS_PENDING_REVIEW\MULE_ORDER__RECOVERED_ITEM_RESTORE_DECISION_LEDGER__WITH_BYTE_ACCOUNTING__20260604.md","336","Do not restore anything."
"MUTATION_LANGUAGE",".\_LOCAL_CUSTODY_N_RECEIPTS\ROOT_LOOSE_FILE_ROUTE_20260605_143357\MULE_ORDERS_PENDING_REVIEW\MULE_ORDER__RECOVERED_ITEM_RESTORE_DECISION_LEDGER__WITH_BYTE_ACCOUNTING__20260604.md","338","Record proposed restore destination only when enough information exists."
"MUTATION_LANGUAGE",".\_LOCAL_CUSTODY_N_RECEIPTS\ROOT_LOOSE_FILE_ROUTE_20260605_143357\MULE_ORDERS_PENDING_REVIEW\MULE_ORDER__RECOVERED_ITEM_RESTORE_DECISION_LEDGER__WITH_BYTE_ACCOUNTING__20260604.md","342","### 9. Archive/custody pass"
"MUTATION_LANGUAGE",".\_LOCAL_CUSTODY_N_RECEIPTS\ROOT_LOOSE_FILE_ROUTE_20260605_143357\MULE_ORDERS_PENDING_REVIEW\MULE_ORDER__RECOVERED_ITEM_RESTORE_DECISION_LEDGER__WITH_BYTE_ACCOUNTING__20260604.md","344","Identify items that should remain custody/archive because they are:"
"MUTATION_LANGUAGE",".\_LOCAL_CUSTODY_N_RECEIPTS\ROOT_LOOSE_FILE_ROUTE_20260605_143357\MULE_ORDERS_PENDING_REVIEW\MULE_ORDER__RECOVERED_ITEM_RESTORE_DECISION_LEDGER__WITH_BYTE_ACCOUNTING__20260604.md","348","- duplicate-looking but not safe to delete;"
"MUTATION_LANGUAGE",".\_LOCAL_CUSTODY_N_RECEIPTS\ROOT_LOOSE_FILE_ROUTE_20260605_143357\MULE_ORDERS_PENDING_REVIEW\MULE_ORDER__RECOVERED_ITEM_RESTORE_DECISION_LEDGER__WITH_BYTE_ACCOUNTING__20260604.md","378","`ARCHIVE_CUSTODY_BYTES` — material that should stay custody/archive."
"MUTATION_LANGUAGE",".\_LOCAL_CUSTODY_N_RECEIPTS\ROOT_LOOSE_FILE_ROUTE_20260605_143357\MULE_ORDERS_PENDING_REVIEW\MULE_ORDER__RECOVERED_ITEM_RESTORE_DECISION_LEDGER__WITH_BYTE_ACCOUNTING__20260604.md","390","- `safe to delete`"
"MUTATION_LANGUAGE",".\_LOCAL_CUSTODY_N_RECEIPTS\ROOT_LOOSE_FILE_ROUTE_20260605_143357\MULE_ORDERS_PENDING_REVIEW\MULE_ORDER__RECOVERED_ITEM_RESTORE_DECISION_LEDGER__WITH_BYTE_ACCOUNTING__20260604.md","391","- `safe to remove`"
"MUTATION_LANGUAGE",".\_LOCAL_CUSTODY_N_RECEIPTS\ROOT_LOOSE_FILE_ROUTE_20260605_143357\MULE_ORDERS_PENDING_REVIEW\MULE_ORDER__RECOVERED_ITEM_RESTORE_DECISION_LEDGER__WITH_BYTE_ACCOUNTING__20260604.md","392","- `delete duplicate`"
"MUTATION_LANGUAGE",".\_LOCAL_CUSTODY_N_RECEIPTS\ROOT_LOOSE_FILE_ROUTE_20260605_143357\MULE_ORDERS_PENDING_REVIEW\MULE_ORDER__RECOVERED_ITEM_RESTORE_DECISION_LEDGER__WITH_BYTE_ACCOUNTING__20260604.md","393","- `remove duplicate`"
"MUTATION_LANGUAGE",".\_LOCAL_CUSTODY_N_RECEIPTS\ROOT_LOOSE_FILE_ROUTE_20260605_143357\MULE_ORDERS_PENDING_REVIEW\MULE_ORDER__RECOVERED_ITEM_RESTORE_DECISION_LEDGER__WITH_BYTE_ACCOUNTING__20260604.md","400","- `archive means original can go`"
"MUTATION_LANGUAGE",".\_LOCAL_CUSTODY_N_RECEIPTS\ROOT_LOOSE_FILE_ROUTE_20260605_143357\MULE_ORDERS_PENDING_REVIEW\MULE_ORDER__RECOVERED_ITEM_RESTORE_DECISION_LEDGER__WITH_BYTE_ACCOUNTING__20260604.md","485","- whether candidate is safe for later live restore review;"
"MUTATION_LANGUAGE",".\_LOCAL_CUSTODY_N_RECEIPTS\ROOT_LOOSE_FILE_ROUTE_20260605_143357\MULE_ORDERS_PENDING_REVIEW\MULE_ORDER__RECOVERED_ITEM_RESTORE_DECISION_LEDGER__WITH_BYTE_ACCOUNTING__20260604.md","523","- deleted time;"
"MUTATION_LANGUAGE",".\_LOCAL_CUSTODY_N_RECEIPTS\ROOT_LOOSE_FILE_ROUTE_20260605_143357\MULE_ORDERS_PENDING_REVIEW\MULE_ORDER__RECOVERED_ITEM_RESTORE_DECISION_LEDGER__WITH_BYTE_ACCOUNTING__20260604.md","567","- top restore-live candidates;"
"MUTATION_LANGUAGE",".\_LOCAL_CUSTODY_N_RECEIPTS\ROOT_LOOSE_FILE_ROUTE_20260605_143357\MULE_ORDERS_PENDING_REVIEW\MULE_ORDER__RECOVERED_ITEM_RESTORE_DECISION_LEDGER__WITH_BYTE_ACCOUNTING__20260604.md","568","- top archive/custody candidates;"
"MUTATION_LANGUAGE",".\_LOCAL_CUSTODY_N_RECEIPTS\ROOT_LOOSE_FILE_ROUTE_20260605_143357\MULE_ORDERS_PENDING_REVIEW\MULE_ORDER__RECOVERED_ITEM_RESTORE_DECISION_LEDGER__WITH_BYTE_ACCOUNTING__20260604.md","573","- no restore or cleanup is authorized by this ledger;"
"MUTATION_LANGUAGE",".\_LOCAL_CUSTODY_N_RECEIPTS\ROOT_LOOSE_FILE_ROUTE_20260605_143357\MULE_ORDERS_PENDING_REVIEW\MULE_ORDER__RECOVERED_ITEM_RESTORE_DECISION_LEDGER__WITH_BYTE_ACCOUNTING__20260604.md","578","`Deleted: false`  "
"MUTATION_LANGUAGE",".\_LOCAL_CUSTODY_N_RECEIPTS\ROOT_LOOSE_FILE_ROUTE_20260605_143357\MULE_ORDERS_PENDING_REVIEW\MULE_ORDER__RECOVERED_ITEM_RESTORE_DECISION_LEDGER__WITH_BYTE_ACCOUNTING__20260604.md","579","`Moved: false`  "
"MUTATION_LANGUAGE",".\_LOCAL_CUSTODY_N_RECEIPTS\ROOT_LOOSE_FILE_ROUTE_20260605_143357\MULE_ORDERS_PENDING_REVIEW\MULE_ORDER__RECOVERED_ITEM_RESTORE_DECISION_LEDGER__WITH_BYTE_ACCOUNTING__20260604.md","615","`NO RESTORE OR CLEANUP IS AUTHORIZED. THE EXTRA 1.125 GB IS RECOVERY CUSTODY MASS, NOT BLOAT. CLASSIFY FIRST, ACCOUNT BY BYTES, THEN DECIDE UNDER LOSSLESS_CUSTODY_ACCOUNTING_FAMILY.`"
"MUTATION_LANGUAGE",".\_LOCAL_CUSTODY_N_RECEIPTS\RECYCLE_BIN_RECOVERY_20260604_203541\REPORTS\RECYCLE_BIN_RECOVERY_SUMMARY.txt","22","Important: Recycle Bin was copied into custody. This run did not empty the Recycle Bin and did not restore items in-place."
"MUTATION_LANGUAGE",".\_LOCAL_CUSTODY_N_RECEIPTS\RECYCLE_BIN_RECOVERY_20260604_203541\REPORTS\RECYCLE_BIN_RECOVERY_REVIEW_INDEX.md","4","Status: FIRST PASS REVIEW INDEX / NO DELETE / NO RESTORE IN PLACE"
"MUTATION_LANGUAGE",".\_LOCAL_CUSTODY_N_RECEIPTS\RECYCLE_BIN_RECOVERY_20260604_203541\REPORTS\RECYCLE_BIN_RECOVERY_REVIEW_INDEX.md","54","Do not delete or empty Recycle Bin from this review. Sort recovered material only after item identity, source path, size, hash ledger, and keep/archive/discard decision are recorded."
"MUTATION_LANGUAGE",".\_TRANSCRIPT_CUSTODY\Transcripts\Richard Feynman\Richard Feynman Explains Why Speed of Light is So Fast_2026-05-25_04-46-53.txt","64","move their hand. So Galileo failed. But"
"MUTATION_LANGUAGE",".\_TRANSCRIPT_CUSTODY\Transcripts\Richard Feynman\Richard Feynman Explains Why Speed of Light is So Fast_2026-05-25_04-46-53.txt","74","We move to the year 1676."
"MUTATION_LANGUAGE",".\_TRANSCRIPT_CUSTODY\Transcripts\Richard Feynman\Richard Feynman Explains Why Speed of Light is So Fast_2026-05-25_04-46-53.txt","190","than air because the planets move"
"MUTATION_LANGUAGE",".\_TRANSCRIPT_CUSTODY\Transcripts\Richard Feynman\Richard Feynman Explains Why Speed of Light is So Fast_2026-05-25_04-46-53.txt","205","were connected. If you move a magnet"
"MUTATION_LANGUAGE",".\_TRANSCRIPT_CUSTODY\Transcripts\Richard Feynman\Richard Feynman Explains Why Speed of Light is So Fast_2026-05-25_04-46-53.txt","261","light should go faster. Or if I move"
"MUTATION_LANGUAGE",".\_TRANSCRIPT_CUSTODY\Transcripts\Richard Feynman\Richard Feynman Explains Why Speed of Light is So Fast_2026-05-25_04-46-53.txt","295","""Maybe the rulers shrink when you move."
"MUTATION_LANGUAGE",".\_TRANSCRIPT_CUSTODY\Transcripts\Richard Feynman\Richard Feynman Explains Why Speed of Light is So Fast_2026-05-25_04-46-53.txt","315","time itself must stretch. If you move"
"MUTATION_LANGUAGE",".\_TRANSCRIPT_CUSTODY\Transcripts\Richard Feynman\Richard Feynman Explains Why Speed of Light is So Fast_2026-05-25_04-46-53.txt","365","move. It isn't that light is special."
"MUTATION_LANGUAGE",".\_TRANSCRIPT_CUSTODY\Transcripts\Richard Feynman\Richard Feynman Explains Why Speed of Light is So Fast_2026-05-25_04-46-53.txt","373","happens if you try to push an electron"
"MUTATION_LANGUAGE",".\_TRANSCRIPT_CUSTODY\Transcripts\Richard Feynman\Richard Feynman Explains Why Speed of Light is So Fast_2026-05-25_04-46-53.txt","388","move, you're actually making it heavier."
"MUTATION_LANGUAGE",".\_TRANSCRIPT_CUSTODY\Transcripts\Richard Feynman\Richard Feynman Explains Why Speed of Light is So Fast_2026-05-25_04-46-53.txt","391","inertia. It becomes harder to push. The"
"MUTATION_LANGUAGE",".\_TRANSCRIPT_CUSTODY\Transcripts\Richard Feynman\Richard Feynman Explains Why Speed of Light is So Fast_2026-05-25_04-46-53.txt","393","you need more energy to push it faster."
"MUTATION_LANGUAGE",".\_TRANSCRIPT_CUSTODY\Transcripts\Richard Feynman\Richard Feynman Explains Why Speed of Light is So Fast_2026-05-25_04-46-53.txt","426","faster you move, the slower time ticks"
"MUTATION_LANGUAGE",".\_TRANSCRIPT_CUSTODY\Transcripts\Richard Feynman\Richard Feynman Explains Why Speed of Light is So Fast_2026-05-25_04-46-53.txt","536","your speed is being used to move through"
"MUTATION_LANGUAGE",".\_TRANSCRIPT_CUSTODY\Transcripts\Richard Feynman\Richard Feynman Explains Why Speed of Light is So Fast_2026-05-25_04-46-53.txt","542","start to move through space. You are"
"MUTATION_LANGUAGE",".\_TRANSCRIPT_CUSTODY\Transcripts\Richard Feynman\Richard Feynman Explains Why Speed of Light is So Fast_2026-05-25_04-46-53.txt","548","move slower through time. That is time"
"MUTATION_LANGUAGE",".\_TRANSCRIPT_CUSTODY\Transcripts\Richard Feynman\Richard Feynman Explains Why Speed of Light is So Fast_2026-05-25_04-46-53.txt","563","more than 100% committed. You can't"
"MUTATION_LANGUAGE",".\_TRANSCRIPT_CUSTODY\Transcripts\Richard Feynman\Richard Feynman Explains Why Speed of Light is So Fast_2026-05-25_04-46-53.txt","592","They are popular. As they try to move"
"MUTATION_LANGUAGE",".\_TRANSCRIPT_CUSTODY\Transcripts\Richard Feynman\Richard Feynman Explains Why Speed of Light is So Fast_2026-05-25_04-46-53.txt","699","run and run but you move backward. Those"
"MUTATION_LANGUAGE",".\_TRANSCRIPT_CUSTODY\Transcripts\Richard Feynman\Richard Feynman Explains Why Speed of Light is So Fast_2026-05-25_04-46-53.txt","901","it is free to move. And this brings us"
"MUTATION_LANGUAGE",".\_TRANSCRIPT_CUSTODY\Transcripts\Richard Feynman\Richard Feynman Explains Why Speed of Light is So Fast_2026-05-25_04-46-53.txt","1198","can move fast enough, I can change the"
"MUTATION_LANGUAGE",".\_TRANSCRIPT_CUSTODY\Transcripts\Richard Feynman\Richard Feynman Explains Why Speed of Light is So Fast_2026-05-25_04-46-53.txt","1228","move backward in time. Remember the"
"MUTATION_LANGUAGE",".\_TRANSCRIPT_CUSTODY\Transcripts\Richard Feynman\Richard Feynman Explains Why Speed of Light is So Fast_2026-05-25_04-46-53.txt","1279","move magnetic field. But why? Well,"
"MUTATION_LANGUAGE",".\_TRANSCRIPT_CUSTODY\Transcripts\Richard Feynman\Richard Feynman Explains Why Speed of Light is So Fast_2026-05-25_04-46-53.txt","1288","you. It pushes you away. That push that"
"MUTATION_LANGUAGE",".\_TRANSCRIPT_CUSTODY\Transcripts\Richard Feynman\Richard Feynman - The World from another point of view_2026-05-25_04-41-16.txt","299","seems far removed from everyday reality"
"MUTATION_LANGUAGE",".\_TRANSCRIPT_CUSTODY\Transcripts\Richard Feynman\Richard Feynman - The World from another point of view_2026-05-25_04-41-16.txt","507","exactly how they move and exactly what"
"MUTATION_LANGUAGE",".\_TRANSCRIPT_CUSTODY\Transcripts\Richard Feynman\Richard Feynman - The World from another point of view_2026-05-25_04-41-16.txt","643","agree that one has to push it through"
"MUTATION_LANGUAGE",".\_TRANSCRIPT_CUSTODY\Transcripts\Richard Feynman\Richard Feynman - The World from another point of view_2026-05-25_04-41-16.txt","783","removed from yours then you would with a"
"MUTATION_LANGUAGE",".\_TRANSCRIPT_CUSTODY\Transcripts\Husk IRL\Why won’t it say it_ [ZODpRM88RkM]\Why won’t it say it？ [ZODpRM88RkM].en.vtt","103","Hey,<00:00:32.640><c> hey,</c><00:00:33.000><c> no</c><00:00:33.160><c> need</c><00:00:33.320><c> to</c><00:00:33.400><c> push</c><00:00:33.640><c> it</c><00:00:33.720><c> that</c><00:00:33.920><c> far.</c>"
"MUTATION_LANGUAGE",".\_TRANSCRIPT_CUSTODY\Transcripts\Husk IRL\Why won’t it say it_ [ZODpRM88RkM]\Why won’t it say it？ [ZODpRM88RkM].en.vtt","106","Hey, hey, no need to push it that far."
"MUTATION_LANGUAGE",".\_TRANSCRIPT_CUSTODY\Transcripts\Husk IRL\Why won’t it say it_ [ZODpRM88RkM]\Why won’t it say it？ [ZODpRM88RkM].en.vtt","110","Hey, hey, no need to push it that far."
"MUTATION_LANGUAGE",".\_TRANSCRIPT_CUSTODY\Transcripts\Husk IRL\Why won’t it say it_ [ZODpRM88RkM]\Why won’t it say it？ [ZODpRM88RkM].en-orig.vtt","103","Hey,<00:00:32.640><c> hey,</c><00:00:33.000><c> no</c><00:00:33.160><c> need</c><00:00:33.320><c> to</c><00:00:33.400><c> push</c><00:00:33.640><c> it</c><00:00:33.720><c> that</c><00:00:33.920><c> far.</c>"
"MUTATION_LANGUAGE",".\_TRANSCRIPT_CUSTODY\Transcripts\Husk IRL\Why won’t it say it_ [ZODpRM88RkM]\Why won’t it say it？ [ZODpRM88RkM].en-orig.vtt","106","Hey, hey, no need to push it that far."
"MUTATION_LANGUAGE",".\_TRANSCRIPT_CUSTODY\Transcripts\Husk IRL\Why won’t it say it_ [ZODpRM88RkM]\Why won’t it say it？ [ZODpRM88RkM].en-orig.vtt","110","Hey, hey, no need to push it that far."
"MUTATION_LANGUAGE",".\_LOCAL_CUSTODY_N_RECEIPTS\LOCK_SAVE_CURRENT_PROGRESS_LATEST.json","72","    ""RUNNER_HARNESS_V1_1 installed under HOUSE_WORK\\TOOL_ROOM\\RUNNER_HARNESS_V1_1."","
"MUTATION_LANGUAGE",".\_LOCAL_CUSTODY_N_RECEIPTS\LOCK_SAVE_CURRENT_PROGRESS_LATEST.json","77","    ""No watcher, automation service, delete, move, commit, or push is part of this lock save."""
"MUTATION_LANGUAGE",".\_LOCAL_CUSTODY_N_RECEIPTS\LOCK_SAVE_CURRENT_PROGRESS_LATEST.json","93","  ""Boundary"": ""Local lock/save receipt only. No commit. No push. No move. No delete. No watcher. No automation. No ACTIVE_GUIDES rewrite. No CURRENT_TRUTH_INDEX rewrite."""
"MUTATION_LANGUAGE",".\_TRANSCRIPT_CUSTODY\Transcripts\Husk IRL\Why won’t it say it_ [ZODpRM88RkM]\TRANSCRIPT.txt","23","Hey, hey, no need to push it that far."
"MUTATION_LANGUAGE",".\_LOCAL_CUSTODY_N_RECEIPTS\LOCK_SAVE_CURRENT_PROGRESS_JOB\LOCK_SAVE_CURRENT_PROGRESS_CHILD.ps1","104","  if ($RunnerInstall.Status -eq ""INSTALLED"" -and $RunnerSelfTest.Status -eq ""PASS"") { ""INSTALLED_PASS"" } else { ""INSTALLED_BUT_NOT_PASS"" }"
"MUTATION_LANGUAGE",".\_LOCAL_CUSTODY_N_RECEIPTS\LOCK_SAVE_CURRENT_PROGRESS_JOB\LOCK_SAVE_CURRENT_PROGRESS_CHILD.ps1","176","    ""RUNNER_HARNESS_V1_1 installed under HOUSE_WORK\TOOL_ROOM\RUNNER_HARNESS_V1_1."","
"MUTATION_LANGUAGE",".\_LOCAL_CUSTODY_N_RECEIPTS\LOCK_SAVE_CURRENT_PROGRESS_JOB\LOCK_SAVE_CURRENT_PROGRESS_CHILD.ps1","181","    ""No watcher, automation service, delete, move, commit, or push is part of this lock save."""
"MUTATION_LANGUAGE",".\_LOCAL_CUSTODY_N_RECEIPTS\LOCK_SAVE_CURRENT_PROGRESS_JOB\LOCK_SAVE_CURRENT_PROGRESS_CHILD.ps1","200","  Boundary = ""Local lock/save receipt only. No commit. No push. No move. No delete. No watcher. No automation. No ACTIVE_GUIDES rewrite. No CURRENT_TRUTH_INDEX rewrite."""
"MUTATION_LANGUAGE",".\_LOCAL_CUSTODY_N_RECEIPTS\LOCK_SAVE_CURRENT_PROGRESS_JOB\LOCK_SAVE_CURRENT_PROGRESS_CHILD.ps1","250","- No commit."
"MUTATION_LANGUAGE",".\_LOCAL_CUSTODY_N_RECEIPTS\LOCK_SAVE_CURRENT_PROGRESS_JOB\LOCK_SAVE_CURRENT_PROGRESS_CHILD.ps1","251","- No push."
"MUTATION_LANGUAGE",".\_LOCAL_CUSTODY_N_RECEIPTS\LOCK_SAVE_CURRENT_PROGRESS_JOB\LOCK_SAVE_CURRENT_PROGRESS_CHILD.ps1","252","- No move."
"MUTATION_LANGUAGE",".\_LOCAL_CUSTODY_N_RECEIPTS\LOCK_SAVE_CURRENT_PROGRESS_JOB\LOCK_SAVE_CURRENT_PROGRESS_CHILD.ps1","253","- No delete."
"MUTATION_LANGUAGE",".\_LOCAL_CUSTODY_N_RECEIPTS\LOCK_SAVE_CURRENT_PROGRESS_JOB\LOCK_SAVE_CURRENT_PROGRESS_CHILD.ps1","291","  Boundary = ""Local lock/save child sentinel. No commit. No push. No move. No delete."""
"MUTATION_LANGUAGE",".\_LOCAL_CUSTODY_N_RECEIPTS\INCIDENT_SCAN_PACKET_PATHING_20260604212649\INCIDENT_FREEZE_SCAN_PACKET_PATHING_20260604212649.md","45","Do not delete failed packet yet."
"MUTATION_LANGUAGE",".\_LOCAL_CUSTODY_N_RECEIPTS\INCIDENT_SCAN_PACKET_PATHING_20260604212649\INCIDENT_FREEZE_SCAN_PACKET_PATHING_20260604212649.md","46","Do not commit this incident yet."
"MUTATION_LANGUAGE",".\_LOCAL_CUSTODY_N_RECEIPTS\INCIDENT_SCAN_PACKET_PATHING_20260604212649\FOLDER_SCENT_VALIDATION_RECEIPT_20260604212649.md","19","- No delete."
"MUTATION_LANGUAGE",".\_LOCAL_CUSTODY_N_RECEIPTS\INCIDENT_SCAN_PACKET_PATHING_20260604212649\FOLDER_SCENT_VALIDATION_RECEIPT_20260604212649.md","20","- No move."
"MUTATION_LANGUAGE",".\_LOCAL_CUSTODY_N_RECEIPTS\INCIDENT_SCAN_PACKET_PATHING_20260604212649\FOLDER_SCENT_VALIDATION_RECEIPT_20260604212649.md","21","- No commit."
"MUTATION_LANGUAGE",".\_LOCAL_CUSTODY_N_RECEIPTS\INCIDENT_SCAN_PACKET_PATHING_20260604212649\FOLDER_SCENT_RECEIPT.md","25","- No delete."
"MUTATION_LANGUAGE",".\_LOCAL_CUSTODY_N_RECEIPTS\INCIDENT_SCAN_PACKET_PATHING_20260604212649\FOLDER_SCENT_RECEIPT.md","26","- No move."
"MUTATION_LANGUAGE",".\_LOCAL_CUSTODY_N_RECEIPTS\INCIDENT_SCAN_PACKET_PATHING_20260604212649\FOLDER_SCENT_RECEIPT.md","27","- No commit."
"MUTATION_LANGUAGE",".\_LOCAL_CUSTODY_N_RECEIPTS\INCIDENT_SCAN_PACKET_PATHING_20260604212649\FOLDER_INGRESS_LOG.csv","2","""2026-06-04T21:45:56.5208544Z"",""BASELINE_PRESENT"",""C:\Users\13527\Desktop\123\_LOCAL_CUSTODY_N_RECEIPTS\INCIDENT_SCAN_PACKET_PATHING_20260604212649\BREADCRUMB_SCAN_OUTPUT_HOME_20260604212649.md"",""BREADCRUMB_SCAN_OUTPUT_H"
"MUTATION_LANGUAGE",".\_LOCAL_CUSTODY_N_RECEIPTS\INCIDENT_SCAN_PACKET_PATHING_20260604212649\FOLDER_INGRESS_LOG.csv","3","""2026-06-04T21:45:56.5208544Z"",""BASELINE_PRESENT"",""C:\Users\13527\Desktop\123\_LOCAL_CUSTODY_N_RECEIPTS\INCIDENT_SCAN_PACKET_PATHING_20260604212649\FOLDER_SCENT.md"",""FOLDER_SCENT.md"",""670"",""340419B1D61F79089BBFF44A0A9A5D"
"MUTATION_LANGUAGE",".\_LOCAL_CUSTODY_N_RECEIPTS\INCIDENT_SCAN_PACKET_PATHING_20260604212649\FOLDER_INGRESS_LOG.csv","4","""2026-06-04T21:45:56.5208544Z"",""BASELINE_PRESENT"",""C:\Users\13527\Desktop\123\_LOCAL_CUSTODY_N_RECEIPTS\INCIDENT_SCAN_PACKET_PATHING_20260604212649\INCIDENT_FREEZE_SCAN_PACKET_PATHING_20260604212649.md"",""INCIDENT_FREEZE_"
"MUTATION_LANGUAGE",".\_TRANSCRIPT_CUSTODY\Transcripts\Husk IRL\Why AI Can’t Spell Strawberry Correctly [_zU9TW4SB4w]\Why AI Can’t Spell Strawberry Correctly [_zU9TW4SB4w].en.vtt","2567","&gt;&gt; Okay,<00:11:04.560><c> let's</c><00:11:04.800><c> move</c><00:11:04.959><c> on</c><00:11:05.200><c> to</c><00:11:05.440><c> where</c><00:11:05.680><c> you're</c><00:11:06.000><c> not</c>"
"MUTATION_LANGUAGE",".\_TRANSCRIPT_CUSTODY\Transcripts\Husk IRL\Why AI Can’t Spell Strawberry Correctly [_zU9TW4SB4w]\Why AI Can’t Spell Strawberry Correctly [_zU9TW4SB4w].en.vtt","2570","&gt;&gt; Okay, let's move on to where you're not"
"MUTATION_LANGUAGE",".\_TRANSCRIPT_CUSTODY\Transcripts\Husk IRL\Why AI Can’t Spell Strawberry Correctly [_zU9TW4SB4w]\Why AI Can’t Spell Strawberry Correctly [_zU9TW4SB4w].en.vtt","2574","&gt;&gt; Okay, let's move on to where you're not"
"MUTATION_LANGUAGE",".\_TRANSCRIPT_CUSTODY\Transcripts\Husk IRL\Why AI Can’t Spell Strawberry Correctly [_zU9TW4SB4w]\Why AI Can’t Spell Strawberry Correctly [_zU9TW4SB4w].en.vtt","3247","going<00:14:08.079><c> to</c><00:14:08.160><c> push</c><00:14:08.399><c> me</c><00:14:08.560><c> off</c><00:14:08.720><c> a</c><00:14:08.959><c> cliff</c><00:14:09.279><c> if</c><00:14:09.440><c> you</c>"
"MUTATION_LANGUAGE",".\_TRANSCRIPT_CUSTODY\Transcripts\Husk IRL\Why AI Can’t Spell Strawberry Correctly [_zU9TW4SB4w]\Why AI Can’t Spell Strawberry Correctly [_zU9TW4SB4w].en.vtt","3250","going to push me off a cliff if you"
"MUTATION_LANGUAGE",".\_TRANSCRIPT_CUSTODY\Transcripts\Husk IRL\Why AI Can’t Spell Strawberry Correctly [_zU9TW4SB4w]\Why AI Can’t Spell Strawberry Correctly [_zU9TW4SB4w].en.vtt","3254","going to push me off a cliff if you"
"MUTATION_LANGUAGE",".\_TRANSCRIPT_CUSTODY\Transcripts\Husk IRL\Why AI Can’t Spell Strawberry Correctly [_zU9TW4SB4w]\Why AI Can’t Spell Strawberry Correctly [_zU9TW4SB4w].en.vtt","4423","three,<00:19:23.679><c> you'll</c><00:19:24.000><c> want</c><00:19:24.080><c> to</c><00:19:24.240><c> remove</c><00:19:24.480><c> one.</c>"
"MUTATION_LANGUAGE",".\_TRANSCRIPT_CUSTODY\Transcripts\Husk IRL\Why AI Can’t Spell Strawberry Correctly [_zU9TW4SB4w]\Why AI Can’t Spell Strawberry Correctly [_zU9TW4SB4w].en.vtt","4426","three, you'll want to remove one."
"MUTATION_LANGUAGE",".\_TRANSCRIPT_CUSTODY\Transcripts\Husk IRL\Why AI Can’t Spell Strawberry Correctly [_zU9TW4SB4w]\Why AI Can’t Spell Strawberry Correctly [_zU9TW4SB4w].en.vtt","4430","three, you'll want to remove one."
"MUTATION_LANGUAGE",".\_LOCAL_CUSTODY_AND_RECEIPTS\ROOT_PACKET_READ_APPLY_CLEAR_20260531_163123\ROOT_PACKET_READ_APPLY_CLEAR_RECEIPT_20260531.txt","8","Boundary: packets read/applied/parked then moved to local custody; no delete; no doctrine; no ACTIVE_GUIDES; no CURRENT_TRUTH_INDEX; no watcher; no automation."
"MUTATION_LANGUAGE",".\_TRANSCRIPT_CUSTODY\Transcripts\Husk IRL\Why AI Can’t Spell Strawberry Correctly [_zU9TW4SB4w]\Why AI Can’t Spell Strawberry Correctly [_zU9TW4SB4w].en-orig.vtt","2567","&gt;&gt; Okay,<00:11:04.560><c> let's</c><00:11:04.800><c> move</c><00:11:04.959><c> on</c><00:11:05.200><c> to</c><00:11:05.440><c> where</c><00:11:05.680><c> you're</c><00:11:06.000><c> not</c>"
"MUTATION_LANGUAGE",".\_TRANSCRIPT_CUSTODY\Transcripts\Husk IRL\Why AI Can’t Spell Strawberry Correctly [_zU9TW4SB4w]\Why AI Can’t Spell Strawberry Correctly [_zU9TW4SB4w].en-orig.vtt","2570","&gt;&gt; Okay, let's move on to where you're not"
"MUTATION_LANGUAGE",".\_TRANSCRIPT_CUSTODY\Transcripts\Husk IRL\Why AI Can’t Spell Strawberry Correctly [_zU9TW4SB4w]\Why AI Can’t Spell Strawberry Correctly [_zU9TW4SB4w].en-orig.vtt","2574","&gt;&gt; Okay, let's move on to where you're not"
"MUTATION_LANGUAGE",".\_TRANSCRIPT_CUSTODY\Transcripts\Husk IRL\Why AI Can’t Spell Strawberry Correctly [_zU9TW4SB4w]\Why AI Can’t Spell Strawberry Correctly [_zU9TW4SB4w].en-orig.vtt","3247","going<00:14:08.079><c> to</c><00:14:08.160><c> push</c><00:14:08.399><c> me</c><00:14:08.560><c> off</c><00:14:08.720><c> a</c><00:14:08.959><c> cliff</c><00:14:09.279><c> if</c><00:14:09.440><c> you</c>"
"MUTATION_LANGUAGE",".\_TRANSCRIPT_CUSTODY\Transcripts\Husk IRL\Why AI Can’t Spell Strawberry Correctly [_zU9TW4SB4w]\Why AI Can’t Spell Strawberry Correctly [_zU9TW4SB4w].en-orig.vtt","3250","going to push me off a cliff if you"
"MUTATION_LANGUAGE",".\_TRANSCRIPT_CUSTODY\Transcripts\Husk IRL\Why AI Can’t Spell Strawberry Correctly [_zU9TW4SB4w]\Why AI Can’t Spell Strawberry Correctly [_zU9TW4SB4w].en-orig.vtt","3254","going to push me off a cliff if you"
"MUTATION_LANGUAGE",".\_TRANSCRIPT_CUSTODY\Transcripts\Husk IRL\Why AI Can’t Spell Strawberry Correctly [_zU9TW4SB4w]\Why AI Can’t Spell Strawberry Correctly [_zU9TW4SB4w].en-orig.vtt","4423","three,<00:19:23.679><c> you'll</c><00:19:24.000><c> want</c><00:19:24.080><c> to</c><00:19:24.240><c> remove</c><00:19:24.480><c> one.</c>"
"MUTATION_LANGUAGE",".\_TRANSCRIPT_CUSTODY\Transcripts\Husk IRL\Why AI Can’t Spell Strawberry Correctly [_zU9TW4SB4w]\Why AI Can’t Spell Strawberry Correctly [_zU9TW4SB4w].en-orig.vtt","4426","three, you'll want to remove one."
"MUTATION_LANGUAGE",".\_TRANSCRIPT_CUSTODY\Transcripts\Husk IRL\Why AI Can’t Spell Strawberry Correctly [_zU9TW4SB4w]\Why AI Can’t Spell Strawberry Correctly [_zU9TW4SB4w].en-orig.vtt","4430","three, you'll want to remove one."
"MUTATION_LANGUAGE",".\_SOURCE_RESEARCH_NOTES\whole house gate.txt","179","**anything that can live, fire, route, judge, influence, store, name, or move inside the house.**"
"MUTATION_LANGUAGE",".\_SOURCE_RESEARCH_NOTES\whole house gate.txt","198","The assistant wants to install something because it feels deep."
"MUTATION_LANGUAGE",".\_SOURCE_RESEARCH_NOTES\whole house gate.txt","250","Foreign matter is not always rejected. It may be source ore. But it cannot be installed as living tissue."
"MUTATION_LANGUAGE",".\_SOURCE_RESEARCH_NOTES\whole house gate.txt","286","What must be shown before it can move up?"
"MUTATION_LANGUAGE",".\_SOURCE_RESEARCH_NOTES\whole house gate.txt","338","It was treated too high. Move down from doctrine/tool/gate to candidate/source/parking."
"MUTATION_LANGUAGE",".\_SOURCE_RESEARCH_NOTES\whole house gate.txt","350","Already inside and causing harm. Remove from active firing; archive/receipt if needed."
"MUTATION_LANGUAGE",".\_SOURCE_RESEARCH_NOTES\whole house gate.txt","806","Support: Moon to sense user frustration, Venus to restore fit."
"MUTATION_LANGUAGE",".\_SOURCE_RESEARCH_NOTES\whole house gate.txt","819","Verdict: mine wide, sort hard, install nothing raw."
"MUTATION_LANGUAGE",".\_TRANSCRIPT_CUSTODY\Transcripts\Husk IRL\Why AI Can’t Spell Strawberry Correctly [_zU9TW4SB4w]\TRANSCRIPT.txt","330",">> Okay, let's move on to where you're not"
"MUTATION_LANGUAGE",".\_TRANSCRIPT_CUSTODY\Transcripts\Husk IRL\Why AI Can’t Spell Strawberry Correctly [_zU9TW4SB4w]\TRANSCRIPT.txt","415","going to push me off a cliff if you"
"MUTATION_LANGUAGE",".\_TRANSCRIPT_CUSTODY\Transcripts\Husk IRL\Why AI Can’t Spell Strawberry Correctly [_zU9TW4SB4w]\TRANSCRIPT.txt","562","three, you'll want to remove one."
"MUTATION_LANGUAGE",".\_TRANSCRIPT_CUSTODY\Transcripts\Husk IRL\Which one would save me_ [5TMYNDWVniE]\Which one would save me？ [5TMYNDWVniE].en.vtt","407","Can<00:01:48.320><c> you</c><00:01:48.479><c> move?</c><00:01:49.439><c> Are</c><00:01:49.600><c> you</c><00:01:49.680><c> in</c><00:01:49.840><c> pain?</c>"
"MUTATION_LANGUAGE",".\_TRANSCRIPT_CUSTODY\Transcripts\Husk IRL\Which one would save me_ [5TMYNDWVniE]\Which one would save me？ [5TMYNDWVniE].en.vtt","410","Can you move? Are you in pain?"
"MUTATION_LANGUAGE",".\_TRANSCRIPT_CUSTODY\Transcripts\Husk IRL\Which one would save me_ [5TMYNDWVniE]\Which one would save me？ [5TMYNDWVniE].en.vtt","414","Can you move? Are you in pain?"
"MUTATION_LANGUAGE",".\_TRANSCRIPT_CUSTODY\Transcripts\Husk IRL\Which one would save me_ [5TMYNDWVniE]\Which one would save me？ [5TMYNDWVniE].en-orig.vtt","407","Can<00:01:48.320><c> you</c><00:01:48.479><c> move?</c><00:01:49.439><c> Are</c><00:01:49.600><c> you</c><00:01:49.680><c> in</c><00:01:49.840><c> pain?</c>"
"MUTATION_LANGUAGE",".\_TRANSCRIPT_CUSTODY\Transcripts\Husk IRL\Which one would save me_ [5TMYNDWVniE]\Which one would save me？ [5TMYNDWVniE].en-orig.vtt","410","Can you move? Are you in pain?"
"MUTATION_LANGUAGE",".\_TRANSCRIPT_CUSTODY\Transcripts\Husk IRL\Which one would save me_ [5TMYNDWVniE]\Which one would save me？ [5TMYNDWVniE].en-orig.vtt","414","Can you move? Are you in pain?"
"MUTATION_LANGUAGE",".\_TRANSCRIPT_CUSTODY\Transcripts\Husk IRL\Which one would save me_ [5TMYNDWVniE]\TRANSCRIPT.txt","61","Can you move? Are you in pain?"
"MUTATION_LANGUAGE",".\_LOCAL_CUSTODY_AND_RECEIPTS\ROOT_PACKET_READ_APPLY_CLEAR_20260531_163123\MULE_WORK_PACKET_ASSISTANT_CONTEXT_CARRIER_AND_VISIBILITY_GAP_20260531.md","47","- whether a root-clean report means read/apply custody or a blind move."
"MUTATION_LANGUAGE",".\_LOCAL_CUSTODY_AND_RECEIPTS\ROOT_PACKET_READ_APPLY_CLEAR_20260531_163123\MULE_WORK_PACKET_ASSISTANT_CONTEXT_CARRIER_AND_VISIBILITY_GAP_20260531.md","65","3. I can treat a user-reported commit as current after a newer commit exists."
"MUTATION_LANGUAGE",".\_LOCAL_CUSTODY_AND_RECEIPTS\ROOT_PACKET_READ_APPLY_CLEAR_20260531_163123\MULE_WORK_PACKET_ASSISTANT_CONTEXT_CARRIER_AND_VISIBILITY_GAP_20260531.md","74","12. I can stop work because mule is away even when a safe read-only next move exists."
"MUTATION_LANGUAGE",".\_LOCAL_CUSTODY_AND_RECEIPTS\ROOT_PACKET_READ_APPLY_CLEAR_20260531_163123\MULE_WORK_PACKET_ASSISTANT_CONTEXT_CARRIER_AND_VISIBILITY_GAP_20260531.md","224","- choose safe read-only next move;"
"MUTATION_LANGUAGE",".\_LOCAL_CUSTODY_AND_RECEIPTS\ROOT_PACKET_READ_APPLY_CLEAR_20260531_163123\MULE_WORK_PACKET_ASSISTANT_CONTEXT_CARRIER_AND_VISIBILITY_GAP_20260531.md","312","Protected surface or blocked action: doctrine, ACTIVE_GUIDES, CURRENT_TRUTH_INDEX, automation, watcher, broad refactor, delete/move, unapproved Git write, helper self-promotion."
"MUTATION_LANGUAGE",".\_LOCAL_CUSTODY_AND_RECEIPTS\ROOT_PACKET_READ_APPLY_CLEAR_20260531_163123\MULE_WORK_PACKET_ASSISTANT_CONTEXT_CARRIER_AND_VISIBILITY_GAP_20260531.md","446","Last 5-10 closeouts with commit/receipt pointers."
"MUTATION_LANGUAGE",".\_LOCAL_CUSTODY_AND_RECEIPTS\ROOT_PACKET_READ_APPLY_CLEAR_20260531_163123\MULE_WORK_PACKET_ASSISTANT_CONTEXT_CARRIER_AND_VISIBILITY_GAP_20260531.md","470","Smallest safe next read-only move if mule is away."
"MUTATION_LANGUAGE",".\_LOCAL_CUSTODY_AND_RECEIPTS\ROOT_PACKET_READ_APPLY_CLEAR_20260531_163123\MULE_WORK_PACKET_ASSISTANT_CONTEXT_CARRIER_AND_VISIBILITY_GAP_20260531.md","598","4. Compare timestamp / run id / commit."
"MUTATION_LANGUAGE",".\_LOCAL_CUSTODY_AND_RECEIPTS\ROOT_PACKET_READ_APPLY_CLEAR_20260531_163123\MULE_WORK_PACKET_ASSISTANT_CONTEXT_CARRIER_AND_VISIBILITY_GAP_20260531.md","622","If mule is absent and user wants to continue, the carrier should tell chat the smallest safe move."
"MUTATION_LANGUAGE",".\_LOCAL_CUSTODY_AND_RECEIPTS\ROOT_PACKET_READ_APPLY_CLEAR_20260531_163123\MULE_WORK_PACKET_ASSISTANT_CONTEXT_CARRIER_AND_VISIBILITY_GAP_20260531.md","642","- commit/push;"
"MUTATION_LANGUAGE",".\_LOCAL_CUSTODY_AND_RECEIPTS\ROOT_PACKET_READ_APPLY_CLEAR_20260531_163123\MULE_WORK_PACKET_ASSISTANT_CONTEXT_CARRIER_AND_VISIBILITY_GAP_20260531.md","643","- move/delete;"
"MUTATION_LANGUAGE",".\_LOCAL_CUSTODY_AND_RECEIPTS\ROOT_PACKET_READ_APPLY_CLEAR_20260531_163123\MULE_WORK_PACKET_ASSISTANT_CONTEXT_CARRIER_AND_VISIBILITY_GAP_20260531.md","677","- no move/delete;"
"MUTATION_LANGUAGE",".\_LOCAL_CUSTODY_AND_RECEIPTS\ROOT_PACKET_READ_APPLY_CLEAR_20260531_163123\MULE_WORK_PACKET_ASSISTANT_CONTEXT_CARRIER_AND_VISIBILITY_GAP_20260531.md","717","- no Git write/move/delete commands."
"MUTATION_LANGUAGE",".\_TRANSCRIPT_CUSTODY\Transcripts\Husk IRL\What if it wasn’t [OEIyjb6qplc]\What if it wasn’t [OEIyjb6qplc].en.vtt","191","&gt;&gt; I<00:00:50.079><c> can</c><00:00:50.239><c> see</c><00:00:50.399><c> it</c><00:00:50.640><c> hasn't</c><00:00:50.960><c> moved</c><00:00:51.280><c> at</c><00:00:51.440><c> all.</c><00:00:51.760><c> So,</c><00:00"
"MUTATION_LANGUAGE",".\_TRANSCRIPT_CUSTODY\Transcripts\Husk IRL\What if it wasn’t [OEIyjb6qplc]\What if it wasn’t [OEIyjb6qplc].en.vtt","194","&gt;&gt; I can see it hasn't moved at all. So, I"
"MUTATION_LANGUAGE",".\_TRANSCRIPT_CUSTODY\Transcripts\Husk IRL\What if it wasn’t [OEIyjb6qplc]\What if it wasn’t [OEIyjb6qplc].en.vtt","198","&gt;&gt; I can see it hasn't moved at all. So, I"
"MUTATION_LANGUAGE",".\_TRANSCRIPT_CUSTODY\Transcripts\Husk IRL\What if it wasn’t [OEIyjb6qplc]\What if it wasn’t [OEIyjb6qplc].en-orig.vtt","191","&gt;&gt; I<00:00:50.079><c> can</c><00:00:50.239><c> see</c><00:00:50.399><c> it</c><00:00:50.640><c> hasn't</c><00:00:50.960><c> moved</c><00:00:51.280><c> at</c><00:00:51.440><c> all.</c><00:00:51.760><c> So,</c><00:00"
"MUTATION_LANGUAGE",".\_TRANSCRIPT_CUSTODY\Transcripts\Husk IRL\What if it wasn’t [OEIyjb6qplc]\What if it wasn’t [OEIyjb6qplc].en-orig.vtt","194","&gt;&gt; I can see it hasn't moved at all. So, I"
"MUTATION_LANGUAGE",".\_TRANSCRIPT_CUSTODY\Transcripts\Husk IRL\What if it wasn’t [OEIyjb6qplc]\What if it wasn’t [OEIyjb6qplc].en-orig.vtt","198","&gt;&gt; I can see it hasn't moved at all. So, I"
"MUTATION_LANGUAGE",".\_TRANSCRIPT_CUSTODY\Transcripts\Husk IRL\What if it wasn’t [OEIyjb6qplc]\TRANSCRIPT.txt","34",">> I can see it hasn't moved at all. So, I"
"MUTATION_LANGUAGE",".\_LOCAL_CUSTODY_AND_RECEIPTS\ROOT_PACKET_READ_APPLY_CLEAR_20260531_163123\MULE_PACKET_HELPER_AUTONOMY_ROOT_CLEAR_SHAPE_GATE_JOB_20260531.md","198","No move/delete/archive."
"MUTATION_LANGUAGE",".\_LOCAL_CUSTODY_AND_RECEIPTS\ROOT_PACKET_READ_APPLY_CLEAR_20260531_163123\MULE_PACKET_HELPER_AUTONOMY_ROOT_CLEAR_SHAPE_GATE_JOB_20260531.md","211","Clear all files currently sitting loose at the project/root/front door, but do not merely move them."
"MUTATION_LANGUAGE",".\_LOCAL_CUSTODY_AND_RECEIPTS\ROOT_PACKET_READ_APPLY_CLEAR_20260531_163123\MULE_PACKET_HELPER_AUTONOMY_ROOT_CLEAR_SHAPE_GATE_JOB_20260531.md","243","9. If file can be cleared, move/park only after read/apply decision and receipt."
"MUTATION_LANGUAGE",".\_LOCAL_CUSTODY_AND_RECEIPTS\ROOT_PACKET_READ_APPLY_CLEAR_20260531_163123\MULE_PACKET_HELPER_AUTONOMY_ROOT_CLEAR_SHAPE_GATE_JOB_20260531.md","248","Do not delete."
"MUTATION_LANGUAGE",".\_LOCAL_CUSTODY_AND_RECEIPTS\ROOT_PACKET_READ_APPLY_CLEAR_20260531_163123\MULE_PACKET_HELPER_AUTONOMY_ROOT_CLEAR_SHAPE_GATE_JOB_20260531.md","423","- commit/push without explicit save object and proof;"
"MUTATION_LANGUAGE",".\_LOCAL_CUSTODY_AND_RECEIPTS\ROOT_PACKET_READ_APPLY_CLEAR_20260531_163123\MULE_PACKET_HELPER_AUTONOMY_ROOT_CLEAR_SHAPE_GATE_JOB_20260531.md","424","- move/delete files without read/apply decision;"
"MUTATION_LANGUAGE",".\_LOCAL_CUSTODY_AND_RECEIPTS\ROOT_PACKET_READ_APPLY_CLEAR_20260531_163123\MULE_PACKET_HELPER_AUTONOMY_ROOT_CLEAR_SHAPE_GATE_JOB_20260531.md","458","- moved only after decision;"
"MUTATION_LANGUAGE",".\_LOCAL_CUSTODY_AND_RECEIPTS\ROOT_PACKET_READ_APPLY_CLEAR_20260531_163123\MULE_PACKET_HELPER_AUTONOMY_ROOT_CLEAR_SHAPE_GATE_JOB_20260531.md","476","- moved unread;"
"MUTATION_LANGUAGE",".\_LOCAL_CUSTODY_AND_RECEIPTS\ROOT_PACKET_READ_APPLY_CLEAR_20260531_163123\MULE_PACKET_HELPER_AUTONOMY_ROOT_CLEAR_SHAPE_GATE_JOB_20260531.md","477","- deleted;"
"MUTATION_LANGUAGE",".\_LOCAL_CUSTODY_AND_RECEIPTS\ROOT_PACKET_READ_APPLY_CLEAR_20260531_163123\MULE_PACKET_HELPER_AUTONOMY_ROOT_CLEAR_SHAPE_GATE_JOB_20260531.md","573","If saving to Git is later authorized, mule must use exact-file staging, receipt, commit, push, and final clean proof."
"MUTATION_LANGUAGE",".\_LOCAL_CUSTODY_AND_RECEIPTS\ROOT_PACKET_READ_APPLY_CLEAR_20260531_163123\MULE_PACKET_HELPER_AUTONOMY_ROOT_CLEAR_SHAPE_GATE_JOB_20260531.md","601","Mule may not move files just to make the folder look clean."
"MUTATION_LANGUAGE",".\_LOCAL_CUSTODY_AND_RECEIPTS\ROOT_PACKET_READ_APPLY_CLEAR_20260531_163123\MULE_PACKET_HELPER_AUTONOMY_ROOT_CLEAR_SHAPE_GATE_JOB_20260531.md","615","7. Next move card exists."
"MUTATION_LANGUAGE",".\_SOURCE_RESEARCH_NOTES\ROOT_TEXT_DROPS_20260603\RAW_HELPER_CONTROL_BLOCKER_CHAIN_SENTINEL_REPAIR_AND_ROUTER_LESSONS_20260603.txt","11","`install local tools → write repo support → run self-test → commit/push → write report`"
"MUTATION_LANGUAGE",".\_SOURCE_RESEARCH_NOTES\ROOT_TEXT_DROPS_20260603\RAW_HELPER_CONTROL_BLOCKER_CHAIN_SENTINEL_REPAIR_AND_ROUTER_LESSONS_20260603.txt","87","`diff-check dirty = staged patch not commit-safe`"
"MUTATION_LANGUAGE",".\_SOURCE_RESEARCH_NOTES\ROOT_TEXT_DROPS_20260603\RAW_HELPER_CONTROL_BLOCKER_CHAIN_SENTINEL_REPAIR_AND_ROUTER_LESSONS_20260603.txt","95","`print exact diff-check lines → classify whitespace vs conflict marker → repair only if automatic class → re-check before commit`"
"MUTATION_LANGUAGE",".\_SOURCE_RESEARCH_NOTES\ROOT_TEXT_DROPS_20260603\RAW_HELPER_CONTROL_BLOCKER_CHAIN_SENTINEL_REPAIR_AND_ROUTER_LESSONS_20260603.txt","103","`unstage exact four files → rewrite worktree strongly → restage exact set → diff-check clean → commit/push`"
"MUTATION_LANGUAGE",".\_SOURCE_RESEARCH_NOTES\ROOT_TEXT_DROPS_20260603\RAW_HELPER_CONTROL_BLOCKER_CHAIN_SENTINEL_REPAIR_AND_ROUTER_LESSONS_20260603.txt","181","Other systems avoid this with preflight checks: Git hooks/pre-commit run checks before code review or commit to catch simple problems like trailing whitespace early. The pre-commit project explicitly frames hooks as catc"
"MUTATION_LANGUAGE",".\_SOURCE_RESEARCH_NOTES\ROOT_TEXT_DROPS_20260603\RAW_HELPER_CONTROL_BLOCKER_CHAIN_SENTINEL_REPAIR_AND_ROUTER_LESSONS_20260603.txt","185","Before commit/save attempt:"
"MUTATION_LANGUAGE",".\_SOURCE_RESEARCH_NOTES\ROOT_TEXT_DROPS_20260603\RAW_HELPER_CONTROL_BLOCKER_CHAIN_SENTINEL_REPAIR_AND_ROUTER_LESSONS_20260603.txt","249","[7]: https://pre-commit.com/?utm_source=chatgpt.com ""pre-commit"""
"MUTATION_LANGUAGE",".\_SOURCE_RESEARCH_NOTES\ROOT_TEXT_DROPS_20260603\RAW_HELPER_CONTROL_BLOCKER_CHAIN_SENTINEL_REPAIR_AND_ROUTER_LESSONS_20260603.txt","250","[8]: https://github.com/pre-commit/pre-commit-hooks?utm_source=chatgpt.com ""Some out-of-the-box hooks for pre-commit"""
"MUTATION_LANGUAGE",".\_SOURCE_RESEARCH_NOTES\ROOT_TEXT_DROPS_20260603\RAW_HELPER_CONTROL_BLOCKER_CHAIN_SENTINEL_REPAIR_AND_ROUTER_LESSONS_20260603.txt","264","`install local tools → write repo support → run self-test → commit/push → write report`"
"MUTATION_LANGUAGE",".\_SOURCE_RESEARCH_NOTES\ROOT_TEXT_DROPS_20260603\RAW_HELPER_CONTROL_BLOCKER_CHAIN_SENTINEL_REPAIR_AND_ROUTER_LESSONS_20260603.txt","276","Outside pattern: mature build/release systems separate phases. Pre-commit hooks catch simple issues before review/commit rather than waiting until a giant release step; the pre-commit project explicitly describes hooks a"
"MUTATION_LANGUAGE",".\_SOURCE_RESEARCH_NOTES\ROOT_TEXT_DROPS_20260603\RAW_HELPER_CONTROL_BLOCKER_CHAIN_SENTINEL_REPAIR_AND_ROUTER_LESSONS_20260603.txt","300","`PHASE 1 — local tool install only`"
"MUTATION_LANGUAGE",".\_SOURCE_RESEARCH_NOTES\ROOT_TEXT_DROPS_20260603\RAW_HELPER_CONTROL_BLOCKER_CHAIN_SENTINEL_REPAIR_AND_ROUTER_LESSONS_20260603.txt","306","No Git commit. No repo support save."
"MUTATION_LANGUAGE",".\_SOURCE_RESEARCH_NOTES\ROOT_TEXT_DROPS_20260603\RAW_HELPER_CONTROL_BLOCKER_CHAIN_SENTINEL_REPAIR_AND_ROUTER_LESSONS_20260603.txt","320","No commit yet."
"MUTATION_LANGUAGE",".\_SOURCE_RESEARCH_NOTES\ROOT_TEXT_DROPS_20260603\RAW_HELPER_CONTROL_BLOCKER_CHAIN_SENTINEL_REPAIR_AND_ROUTER_LESSONS_20260603.txt","376","`commit/push`"
"MUTATION_LANGUAGE",".\_SOURCE_RESEARCH_NOTES\ROOT_TEXT_DROPS_20260603\RAW_HELPER_CONTROL_BLOCKER_CHAIN_SENTINEL_REPAIR_AND_ROUTER_LESSONS_20260603.txt","390","`Outside analog:` staged CI/CD phases, pre-commit hooks, explicit continue-on-error semantics."
"MUTATION_LANGUAGE",".\_SOURCE_RESEARCH_NOTES\ROOT_TEXT_DROPS_20260603\RAW_HELPER_CONTROL_BLOCKER_CHAIN_SENTINEL_REPAIR_AND_ROUTER_LESSONS_20260603.txt","404","`If a helper package crosses local tools, repo support, self-test, Git save, and report write in one command, it is too wide. It must split into preflight, local install, repo write, self-test, and exact save phases. A c"
"MUTATION_LANGUAGE",".\_SOURCE_RESEARCH_NOTES\ROOT_TEXT_DROPS_20260603\RAW_HELPER_CONTROL_BLOCKER_CHAIN_SENTINEL_REPAIR_AND_ROUTER_LESSONS_20260603.txt","406","This would have prevented the long string from growing. The first script would have stopped before commit and said:"
"MUTATION_LANGUAGE",".\_SOURCE_RESEARCH_NOTES\ROOT_TEXT_DROPS_20260603\RAW_HELPER_CONTROL_BLOCKER_CHAIN_SENTINEL_REPAIR_AND_ROUTER_LESSONS_20260603.txt","414","[1]: https://pre-commit.com/?utm_source=chatgpt.com ""pre-commit"""
"MUTATION_LANGUAGE",".\_SOURCE_RESEARCH_NOTES\ROOT_TEXT_DROPS_20260603\RAW_HELPER_CONTROL_BLOCKER_CHAIN_SENTINEL_REPAIR_AND_ROUTER_LESSONS_20260603.txt","486","`Forbidden recovery:` broad `git add -f .`, `.gitignore` rewrite, force-add all support directories, delete/move, or pretending the file is missing."
"MUTATION_LANGUAGE",".\_SOURCE_RESEARCH_NOTES\ROOT_TEXT_DROPS_20260603\RAW_HELPER_CONTROL_BLOCKER_CHAIN_SENTINEL_REPAIR_AND_ROUTER_LESSONS_20260603.txt","616","`the patch is not commit-safe`"
"MUTATION_LANGUAGE",".\_SOURCE_RESEARCH_NOTES\ROOT_TEXT_DROPS_20260603\RAW_HELPER_CONTROL_BLOCKER_CHAIN_SENTINEL_REPAIR_AND_ROUTER_LESSONS_20260603.txt","656","The outside pattern is standard. Git uses `diff --check` as a patch-quality gate. The pre-commit ecosystem handles this earlier with hooks such as `trailing-whitespace` and `end-of-file-fixer`, which remove trailing whit"
"MUTATION_LANGUAGE",".\_SOURCE_RESEARCH_NOTES\ROOT_TEXT_DROPS_20260603\RAW_HELPER_CONTROL_BLOCKER_CHAIN_SENTINEL_REPAIR_AND_ROUTER_LESSONS_20260603.txt","692","`8. commit only if diff-check is clean`"
"MUTATION_LANGUAGE",".\_SOURCE_RESEARCH_NOTES\ROOT_TEXT_DROPS_20260603\RAW_HELPER_CONTROL_BLOCKER_CHAIN_SENTINEL_REPAIR_AND_ROUTER_LESSONS_20260603.txt","698","`commit with diff-check warning`"
"MUTATION_LANGUAGE",".\_SOURCE_RESEARCH_NOTES\ROOT_TEXT_DROPS_20260603\RAW_HELPER_CONTROL_BLOCKER_CHAIN_SENTINEL_REPAIR_AND_ROUTER_LESSONS_20260603.txt","716","`When git diff --cached --check fails, the object of repair is the staged patch, not merely the worktree file. The default recovery is unstage exact expected set, repair worktree whitespace/EOF, restage exact expected se"
"MUTATION_LANGUAGE",".\_SOURCE_RESEARCH_NOTES\ROOT_TEXT_DROPS_20260603\RAW_HELPER_CONTROL_BLOCKER_CHAIN_SENTINEL_REPAIR_AND_ROUTER_LESSONS_20260603.txt","780","`stop before commit unless caller is exact-save phase`"
"MUTATION_FLAG_TRUE",".\Jxhnny_Kl33N_Seedz\PROOF_HISTORY\TODO_TRACE_TRIAGE_GATE_INSTALL_RECEIPT_20260518.txt","19","- Trace gate installed: True"
"MUTATION_FLAG_TRUE",".\_TOOLS_AND_SCRIPTS\SAVE_SCRIPTS\ROOT_CLEANOUT_SCRIPTS_20260530_200709\LOCK_SAVE_HELPER_GROWTH_CHAIN_FLIGHT_RECORDER_CHECKPOINT_V1.ps1","957","$FinalReceipt += ""`nFINAL PROOF:`nHEAD: $head`nOriginMain: $origin`nHeadEqualsOriginMain: True`nFirstCommitPushed: True`n"""
"MUTATION_FLAG_TRUE",".\_TOOLS_AND_SCRIPTS\SAVE_SCRIPTS\ROOT_CLEANOUT_SCRIPTS_20260530_200709\LOCK_SAVE_HELPER_GROWTH_CHAIN_FLIGHT_RECORDER_CHECKPOINT_V1.2.ps1","1198","$FinalReceipt += ""`nFINAL PROOF:`nHEAD: $head`nOriginMain: $origin`nHeadEqualsOriginMain: True`nFirstCommitPushed: True`n"""
"MUTATION_FLAG_TRUE",".\_TOOLS_AND_SCRIPTS\SAVE_SCRIPTS\ROOT_CLEANOUT_SCRIPTS_20260530_200709\LOCK_SAVE_HELPER_GROWTH_CHAIN_FLIGHT_RECORDER_CHECKPOINT_V1.1.ps1","1103","$FinalReceipt += ""`nFINAL PROOF:`nHEAD: $head`nOriginMain: $origin`nHeadEqualsOriginMain: True`nFirstCommitPushed: True`n"""
"MUTATION_FLAG_TRUE",".\_MISC_DRAWER\READ_REPORTS\POWERSHELL_CODE_GATE_RUNNER_REPORT_V1.3_20260528_194415_LOCK_SAVE_HOUSE_KEYRING_GRAPH_V1.ps1.md","49","Pushed: True"
"MUTATION_FLAG_TRUE",".\_MISC_DRAWER\READ_REPORTS\POWERSHELL_CODE_GATE_RUNNER_REPORT_V1.3_20260528_192321_LOCK_SAVE_LANE_LOCKED_MANIFEST_STAGING_V1.ps1.md","49","Pushed: True"
"MUTATION_FLAG_TRUE",".\Jxhnny_Kl33N_Seedz\HOUSE_WORK\IDEA_CONCEPT_COLLECTION_ROOM\PAST_WEEK_20260524_20260531\RUN_20260531_141441\PAST_WEEK_IDEA_CONCEPT_SYNTHESIS_V1_20260531_WANT_LATER_LEDGER.csv","2387","""CONCEPT-15239"",""PROOF_CUSTODY"",""WANT_LATER_OR_PARK"",""Hash match candidate -> installed: True"",""1"",""1"",""_LOCAL_CUSTODY_AND_RECEIPTS/COMMAND_CENTER/ROOT_COMMAND_CENTER_20260530/RECEIPTS/INSTALL_CODE_GATE_RUNNER_V1.4_WRAPP"
"MUTATION_FLAG_TRUE",".\Jxhnny_Kl33N_Seedz\PROOF_HISTORY\LIFECYCLE_STATE_CLARIFIER_RECEIPT_20260518.txt","15","- Defines installed: True"
"MUTATION_FLAG_TRUE",".\Jxhnny_Kl33N_Seedz\PROOF_HISTORY\HELPER_GROWTH_CHAIN_FLIGHT_RECORDER_CHECKPOINT_RECEIPT_20260530_20260530_003810.txt","83","FirstCommitPushed: True"
"MUTATION_FLAG_TRUE",".\Jxhnny_Kl33N_Seedz\PROOF_HISTORY\CURRENT_HOUSE_WORK_STATUS_FOG_FINAL_SYNC_RECEIPT_20260518.txt","16","- Old b1fc494 checked-position fog removed: True"
"MUTATION_FLAG_TRUE",".\Jxhnny_Kl33N_Seedz\PROOF_HISTORY\ANCHOR_AFTER_FRONT_SHELF_REVIEW_PROOF_PHASE_RECEIPT_20260518.txt","31","- Anchor says no helper moved: True"
"MUTATION_FLAG_TRUE",".\Jxhnny_Kl33N_Seedz\HOUSE_WORK\IDEA_CONCEPT_COLLECTION_ROOM\PAST_WEEK_20260524_20260531\RUN_20260531_141441\PAST_WEEK_IDEA_CONCEPT_SYNTHESIS_V1_20260531_UNIQUE_CONCEPTS_LEDGER.csv","13843","""CONCEPT-15239"",""PROOF_CUSTODY"",""WANT_LATER_OR_PARK"",""Hash match candidate -> installed: True"",""1"",""1"",""_LOCAL_CUSTODY_AND_RECEIPTS/COMMAND_CENTER/ROOT_COMMAND_CENTER_20260530/RECEIPTS/INSTALL_CODE_GATE_RUNNER_V1.4_WRAPP"
"MUTATION_FLAG_TRUE",".\Jxhnny_Kl33N_Seedz\HOUSE_WORK\IDEA_CONCEPT_COLLECTION_ROOM\PAST_WEEK_20260524_20260531\RUN_20260531_141441\PAST_WEEK_IDEA_CONCEPT_CAPTURE_V1_20260531_CONCEPT_SIGNAL_LEDGER.csv","1692","""SRC-00111"",""_LOCAL_CUSTODY_AND_RECEIPTS/COMMAND_CENTER/ROOT_COMMAND_CENTER_20260530/RECEIPTS/INSTALL_CODE_GATE_RUNNER_V1.4_WRAPPER_RECEIPT_20260527_230604.txt"",""_LOCAL_CUSTODY_AND_RECEIPTS"",""PROOF_CUSTODY"",""RECEIPT_OR_P"
"MUTATION_FLAG_TRUE",".\HOUSE_WORK\PROJECT_COMMAND_CENTER_UI_LANE\ROOT_INTAKE_RECEIPT__ROOT_SOURCE_DROPS_PLACED_20260606.md","31","Moved: true"
"MUTATION_FLAG_TRUE",".\HOUSE_WORK\PROJECT_COMMAND_CENTER_UI_LANE\HELPER_FILE_EXPOSURE_AND_33RD_PRIVATE_WORK_PROTOCOL_V0_1_20260606\MULE_RECEIPT__WORKING_ORDER_REVIEW_AND_ROOT_PLACEMENT_20260606.md","36","Moved: true"
"MUTATION_FLAG_TRUE",".\_MISC_DRAWER\READ_REPORTS\DEEPER_HOUSE_RULES_ROOMS_TOOLS_RESOURCES_SIGNAL_LEDGER_V2_20260528_010508.csv","8381","""PROOF_HISTORY"",""ANCHOR_AFTER_FRONT_SHELF_REVIEW_PROOF_PHASE_RECEIPT_20260518.txt"",""PROOF_HISTORY/ANCHOR_AFTER_FRONT_SHELF_REVIEW_PROOF_PHASE_RECEIPT_20260518.txt"",""48"",""- Anchor says no helper moved: True"""
"MUTATION_FLAG_TRUE",".\HOUSE_WORK\PROJECT_COMMAND_CENTER_UI_LANE\DUAL_COMMAND_CENTER_L0_REVIEW_PACKET_20260606\SOURCE_RAW\OUTSIDE_ASSISTANT_COOPERATION_INDEX_V0_2_SOURCE_TO_LIVE_L0_CUSTODY_CHAIN_RAW_20260605.md","8741","Moved: true."
"MUTATION_FLAG_TRUE",".\HOUSE_WORK\PROJECT_COMMAND_CENTER_UI_LANE\CHUNKED_ACCEPTANCE_GROWTH_REVIEW_20260606\MULE_RECEIPT__CHUNKED_ACCEPTANCE_GROWTH_REVIEW_DUAL_COMMAND_CENTER_AND_PROTOCOL_20260606.md","154","This review itself did not move files. A prior user-authorized root-intake receipt records `Moved: true` for exact source placement only."
"MUTATION_FLAG_TRUE",".\HOUSE_WORK\PROJECT_COMMAND_CENTER_UI_LANE\CHUNKED_ACCEPTANCE_GROWTH_REVIEW_20260606\BATCH_01_PACKET_FIT_MAP__DUAL_COMMAND_CENTER_AND_PROTOCOL_20260606.md","125","- The root-intake receipt has `Moved: true`, while most other receipts have mutation flags false. This is not a contradiction because the user later explicitly authorized root placement. It needs clearer family wording t"
"MUTATION_FLAG_TRUE",".\_MISC_DRAWER\READ_REPORTS\DEEPER_HOUSE_RULES_ROOMS_TOOLS_RESOURCES_GAP_LEDGER_V2_20260528_010508.csv","390","""PROOF_HISTORY"",""ANCHOR_AFTER_FRONT_SHELF_REVIEW_PROOF_PHASE_RECEIPT_20260518.txt"",""C:\Users\13527\Desktop\123\Jxhnny_Kl33N_Seedz\PROOF_HISTORY\ANCHOR_AFTER_FRONT_SHELF_REVIEW_PROOF_PHASE_RECEIPT_20260518.txt"",""PROOF_HIS"
"MUTATION_FLAG_TRUE",".\_LOCAL_CUSTODY_N_RECEIPTS\RECYCLE_BIN_RECOVERY_20260604_203541\RECOVERED_ITEMS\ITEM_0002__Teleporter137_\Teleporter137_\Jxhnny_Kl33N_Seedz\PROOF_HISTORY\TODO_TRACE_TRIAGE_GATE_INSTALL_RECEIPT_20260518.txt","19","- Trace gate installed: True"
"MUTATION_FLAG_TRUE",".\_MISC_DRAWER\READ_REPORTS\DEEPER_HOUSE_RULES_ROOMS_TOOLS_RESOURCES_FILE_LEDGER_V2_20260528_010508.csv","515","""PROOF_HISTORY"",""ANCHOR_AFTER_FRONT_SHELF_REVIEW_PROOF_PHASE_RECEIPT_20260518.txt"",""C:\Users\13527\Desktop\123\Jxhnny_Kl33N_Seedz\PROOF_HISTORY\ANCHOR_AFTER_FRONT_SHELF_REVIEW_PROOF_PHASE_RECEIPT_20260518.txt"",""PROOF_HIS"
"MUTATION_FLAG_TRUE",".\_LOCAL_CUSTODY_N_RECEIPTS\RECYCLE_BIN_RECOVERY_20260604_203541\RECOVERED_ITEMS\ITEM_0002__Teleporter137_\Teleporter137_\Jxhnny_Kl33N_Seedz\PROOF_HISTORY\LIFECYCLE_STATE_CLARIFIER_RECEIPT_20260518.txt","15","- Defines installed: True"
"MUTATION_FLAG_TRUE",".\_LOCAL_CUSTODY_N_RECEIPTS\RECYCLE_BIN_RECOVERY_20260604_203541\RECOVERED_ITEMS\ITEM_0002__Teleporter137_\Teleporter137_\Jxhnny_Kl33N_Seedz\PROOF_HISTORY\CURRENT_HOUSE_WORK_STATUS_FOG_FINAL_SYNC_RECEIPT_20260518.txt","16","- Old b1fc494 checked-position fog removed: True"
"MUTATION_FLAG_TRUE",".\_LOCAL_CUSTODY_N_RECEIPTS\RECYCLE_BIN_RECOVERY_20260604_203541\RECOVERED_ITEMS\ITEM_0001__123\123\Jxhnny_Kl33N_Seedz\PROOF_HISTORY\TODO_TRACE_TRIAGE_GATE_INSTALL_RECEIPT_20260518.txt","19","- Trace gate installed: True"
"MUTATION_FLAG_TRUE",".\_LOCAL_CUSTODY_N_RECEIPTS\RECYCLE_BIN_RECOVERY_20260604_203541\RECOVERED_ITEMS\ITEM_0002__Teleporter137_\Teleporter137_\Jxhnny_Kl33N_Seedz\PROOF_HISTORY\ANCHOR_AFTER_FRONT_SHELF_REVIEW_PROOF_PHASE_RECEIPT_20260518.txt","31","- Anchor says no helper moved: True"
"MUTATION_FLAG_TRUE",".\_LOCAL_CUSTODY_N_RECEIPTS\RECYCLE_BIN_RECOVERY_20260604_203541\RECOVERED_ITEMS\ITEM_0001__123\123\Jxhnny_Kl33N_Seedz\PROOF_HISTORY\LIFECYCLE_STATE_CLARIFIER_RECEIPT_20260518.txt","15","- Defines installed: True"
"MUTATION_FLAG_TRUE",".\_LOCAL_CUSTODY_N_RECEIPTS\RECYCLE_BIN_RECOVERY_20260604_203541\RECOVERED_ITEMS\ITEM_0001__123\123\Jxhnny_Kl33N_Seedz\PROOF_HISTORY\CURRENT_HOUSE_WORK_STATUS_FOG_FINAL_SYNC_RECEIPT_20260518.txt","16","- Old b1fc494 checked-position fog removed: True"
"MUTATION_FLAG_TRUE",".\_LOCAL_CUSTODY_N_RECEIPTS\RECYCLE_BIN_RECOVERY_20260604_203541\RECOVERED_ITEMS\ITEM_0001__123\123\Jxhnny_Kl33N_Seedz\PROOF_HISTORY\ANCHOR_AFTER_FRONT_SHELF_REVIEW_PROOF_PHASE_RECEIPT_20260518.txt","31","- Anchor says no helper moved: True"
"MUTATION_FLAG_TRUE",".\_LOCAL_CUSTODY_AND_RECEIPTS\COMMAND_CENTER\ROOT_COMMAND_CENTER_20260530\RECEIPTS\INSTALL_CODE_GATE_RUNNER_V1.4_WRAPPER_RECEIPT_20260527_230604.txt","17","Hash match candidate -> installed: True"
"MUTATION_FLAG_TRUE",".\_LOCAL_CUSTODY_N_RECEIPTS\LOSSLESS_CUSTODY_ACCOUNTING_FAMILY_AUDIT_20260604\LOSSLESS_CUSTODY_FOCUSED_RULE_CONCEPT_INDEX.csv","518","""C:\Users\13527\Desktop\123\_LOCAL_CUSTODY_AND_RECEIPTS\COMMAND_CENTER\ROOT_COMMAND_CENTER_20260530\RECEIPTS\INSTALL_CODE_GATE_RUNNER_V1.4_WRAPPER_RECEIPT_20260527_230604.txt"",""_LOCAL_CUSTODY_AND_RECEIPTS\COMMAND_CENTER\"
"AUTHORITY_SURFACE",".\_TRANSCRIPT_CUSTODY\Transcripts\The Sermon on the Mount  Lecture One (Official)  Peterson Academy\The Sermon on the Mount  Lecture One (Official)  Peterson Academy_2026-05-25_05-09-22.txt","115","doctrine of the word the magic word that"
"AUTHORITY_SURFACE",".\_TRANSCRIPT_CUSTODY\Transcripts\The Sermon on the Mount  Lecture One (Official)  Peterson Academy\The Sermon on the Mount  Lecture One (Official)  Peterson Academy_2026-05-25_05-09-22.txt","129","doctrine that the word is the"
"AUTHORITY_SURFACE",".\_TRANSCRIPT_CUSTODY\Transcripts\The Sermon on the Mount  Lecture One (Official)  Peterson Academy\The Sermon on the Mount  Lecture One (Official)  Peterson Academy_2026-05-25_05-09-22.txt","881","here that makes the acceptance of those"
"AUTHORITY_SURFACE",".\_TRANSCRIPT_CUSTODY\Transcripts\The Sermon on the Mount  Lecture One (Official)  Peterson Academy\The Sermon on the Mount  Lecture One (Official)  Peterson Academy_2026-05-25_05-09-22.txt","891","broader narrative that the acceptance of"
"AUTHORITY_SURFACE",".\_LOCAL_CUSTODY_N_RECEIPTS\ROOT_LOOSE_FILE_ROUTE_20260605_143357\RUNNERS_PENDING_REVIEW\LOCK_SAVE_CURRENT_PROGRESS_VIA_RUNNER_HARNESS_V1_1.ps1","3","# Boundary: no git commit, no push, no move, no delete, no watcher, no automation, no doctrine promotion."
"AUTHORITY_SURFACE",".\_LOCAL_CUSTODY_N_RECEIPTS\ROOT_LOOSE_FILE_ROUTE_20260605_143357\RUNNERS_PENDING_REVIEW\LOCK_SAVE_CURRENT_PROGRESS_VIA_RUNNER_HARNESS_V1_1.ps1","222","  Boundary = ""Local lock/save receipt only. No commit. No push. No move. No delete. No watcher. No automation. No ACTIVE_GUIDES rewrite. No CURRENT_TRUTH_INDEX rewrite."""
"AUTHORITY_SURFACE",".\_LOCAL_CUSTODY_N_RECEIPTS\ROOT_LOOSE_FILE_ROUTE_20260605_143357\RUNNERS_PENDING_REVIEW\LOCK_SAVE_CURRENT_PROGRESS_VIA_RUNNER_HARNESS_V1_1.ps1","278","- No ACTIVE_GUIDES rewrite."
"AUTHORITY_SURFACE",".\_LOCAL_CUSTODY_N_RECEIPTS\ROOT_LOOSE_FILE_ROUTE_20260605_143357\RUNNERS_PENDING_REVIEW\LOCK_SAVE_CURRENT_PROGRESS_VIA_RUNNER_HARNESS_V1_1.ps1","279","- No CURRENT_TRUTH_INDEX rewrite."
"AUTHORITY_SURFACE",".\_LOCAL_CUSTODY_N_RECEIPTS\ROOT_LOOSE_FILE_ROUTE_20260605_143357\RULE_CANDIDATES_PENDING_REVIEW\LIVING_RULE__TERMINAL_FILE_ONLY_AFTER_PARSER_BOUNDARY_FAILURE_V1.md","96","- ACTIVE_GUIDES rewrite;"
"AUTHORITY_SURFACE",".\_LOCAL_CUSTODY_N_RECEIPTS\ROOT_LOOSE_FILE_ROUTE_20260605_143357\RULE_CANDIDATES_PENDING_REVIEW\LIVING_RULE__TERMINAL_FILE_ONLY_AFTER_PARSER_BOUNDARY_FAILURE_V1.md","97","- CURRENT_TRUTH_INDEX rewrite;"
"AUTHORITY_SURFACE",".\_LOCAL_CUSTODY_N_RECEIPTS\ROOT_LOOSE_FILE_ROUTE_20260605_143357\RULE_CANDIDATES_PENDING_REVIEW\LIVING_RULE__TERMINAL_FILE_ONLY_AFTER_PARSER_BOUNDARY_FAILURE_V1.md","98","- doctrine promotion without proof."
"AUTHORITY_SURFACE",".\_SOURCE_RESEARCH_NOTES\whole house gate.txt","3","The cockpit rules already require project-relevant rule material to be classified/routed, not left as floating gold; they also say the Final Judge checks whether gates stayed in lane, judged the right thing, and did not "
"AUTHORITY_SURFACE",".\_SOURCE_RESEARCH_NOTES\whole house gate.txt","15","Reason: “sovereignty” gives authority, but “hearth” gives center, warmth, home, life, and belonging. This gate is not a cop at the door. It is the living center asking whether something can safely live in the home withou"
"AUTHORITY_SURFACE",".\_SOURCE_RESEARCH_NOTES\whole house gate.txt","96","**Invariant 3 — Authority Order**"
"AUTHORITY_SURFACE",".\_SOURCE_RESEARCH_NOTES\whole house gate.txt","98","No new object outranks the saved house authority, user command, proof, active lane, or current task boundary."
"AUTHORITY_SURFACE",".\_SOURCE_RESEARCH_NOTES\whole house gate.txt","102","A source cannot become doctrine."
"AUTHORITY_SURFACE",".\_SOURCE_RESEARCH_NOTES\whole house gate.txt","174","A bad source can corrupt authority."
"AUTHORITY_SURFACE",".\_SOURCE_RESEARCH_NOTES\whole house gate.txt","194","A source starts feeling like authority."
"AUTHORITY_SURFACE",".\_SOURCE_RESEARCH_NOTES\whole house gate.txt","252","**Step 5 — Authority check**"
"AUTHORITY_SURFACE",".\_SOURCE_RESEARCH_NOTES\whole house gate.txt","338","It was treated too high. Move down from doctrine/tool/gate to candidate/source/parking."
"AUTHORITY_SURFACE",".\_SOURCE_RESEARCH_NOTES\whole house gate.txt","359","Status: candidate whole-house gate / not doctrine until saved and proved."
"AUTHORITY_SURFACE",".\_SOURCE_RESEARCH_NOTES\whole house gate.txt","365","Protected invariants: seed integrity, center integrity, authority order, room integrity, neighbor fit, behavior integrity, proof ecology, human usability, clean growth, retirement path."
"AUTHORITY_SURFACE",".\_SOURCE_RESEARCH_NOTES\whole house gate.txt","367","Trigger: new rule, new source, new gate, new planet/valence, batch intake, repeated drift, house walk, authority confusion, symbolic overgrowth, stale resident, or user challenge about whole-house belonging."
"AUTHORITY_SURFACE",".\_SOURCE_RESEARCH_NOTES\whole house gate.txt","369","Inputs: object, claimed job, desired room, source root, current authority level, neighbor map, proof status, active valence, risk, return trigger."
"AUTHORITY_SURFACE",".\_SOURCE_RESEARCH_NOTES\whole house gate.txt","377","5. check authority;"
"AUTHORITY_SURFACE",".\_SOURCE_RESEARCH_NOTES\whole house gate.txt","388","Close condition: object has a lane, role, authority boundary, proof burden, neighbor status, valence status, failure mode, and retirement/return condition."
"AUTHORITY_SURFACE",".\_SOURCE_RESEARCH_NOTES\whole house gate.txt","549","Clean use: blocking pseudolaw, source-throne, fake PASS, authority theft."
"AUTHORITY_SURFACE",".\_SOURCE_RESEARCH_NOTES\whole house gate.txt","569","Clean medicine: boundary, proof, time, consequence, structure, patience, authority discipline."
"AUTHORITY_SURFACE",".\_SOURCE_RESEARCH_NOTES\whole house gate.txt","829","1. **Object belonging:** Can this thing live here, in what room, under what authority, with what proof, beside which neighbors, and with what retirement path?"
"AUTHORITY_SURFACE",".\_SOURCE_RESEARCH_NOTES\whole house gate.txt","839","A useful source with wrong authority is demoted."
"AUTHORITY_SURFACE",".\_SOURCE_RESEARCH_NOTES\whole house gate.txt","872","bad authority,"
"AUTHORITY_SURFACE",".\_SOURCE_RESEARCH_NOTES\whole house gate.txt","891","The house must not judge only objects in isolation. It must judge whether each object can live in the whole house without corrupting the seed, stealing authority, fighting neighbors, inflating ceremony, weakening usabili"
"AUTHORITY_SURFACE",".\_SOURCE_RESEARCH_NOTES\whole house gate.txt","893","The Sovereign Hearth Gate fires when a new or existing rule, source, gate, symbol, tool, room, method, habit, or planet/valence may affect house behavior. It asks: what is this, what job does it claim, where does it want"
"AUTHORITY_SURFACE",".\_SOURCE_RESEARCH_NOTES\whole house gate.txt","901","Every admitted object must have lane, role, authority boundary, neighbor status, proof burden, valence status, failure mode, and retirement or return trigger."
"AUTHORITY_SURFACE",".\_SOURCE_RESEARCH_NOTES\whole house gate.txt","915","Room: gate ring / whole-house governance / candidate."
"AUTHORITY_SURFACE",".\_SOURCE_RESEARCH_NOTES\whole house gate.txt","919","Authority risk: medium. It sounds like it could become king."
"AUTHORITY_SURFACE",".\_SOURCE_RESEARCH_NOTES\whole house gate.txt","921","Correction: define it as belonging judge, not Final Judge, not doctrine throne."
"AUTHORITY_SURFACE",".\_SOURCE_RESEARCH_NOTES\whole house gate.txt","939","Authority risk: high if planets are treated as commands."
"AUTHORITY_SURFACE",".\_LOCAL_CUSTODY_N_RECEIPTS\ROOT_LOOSE_FILE_ROUTE_20260605_143357\ROOT_LOOSE_FILE_ROUTE_RECEIPT.md","6","## Authority"
"AUTHORITY_SURFACE",".\_LOCAL_CUSTODY_N_RECEIPTS\ROOT_LOOSE_FILE_ROUTE_20260605_143357\ROOT_LOOSE_FILE_ROUTE_MANIFEST.csv","1","""Status"",""Classification"",""OriginalPath"",""DestinationPath"",""OriginalBytes"",""DestinationBytes"",""OriginalSHA256"",""DestinationSHA256"",""Reason"",""Authority"",""RestorePath"",""TimestampLocal"""
"AUTHORITY_SURFACE",".\_LOCAL_CUSTODY_N_RECEIPTS\ROOT_LOOSE_FILE_ROUTE_20260605_143357\MULE_ORDERS_PENDING_REVIEW\MULE_ORDER__RECOVERED_ITEM_RESTORE_DECISION_LEDGER__WITH_BYTE_ACCOUNTING__20260604.md","8","Build a complete recovered-item restore decision ledger and recovery-byte accounting summary before any restore, cleanup, compression, deletion, parking, archive, dedupe, or duplicate decision."
"AUTHORITY_SURFACE",".\_LOCAL_CUSTODY_N_RECEIPTS\ROOT_LOOSE_FILE_ROUTE_20260605_143357\MULE_ORDERS_PENDING_REVIEW\MULE_ORDER__RECOVERED_ITEM_RESTORE_DECISION_LEDGER__WITH_BYTE_ACCOUNTING__20260604.md","70","No ACTIVE_GUIDES rewrite.  "
"AUTHORITY_SURFACE",".\_LOCAL_CUSTODY_N_RECEIPTS\ROOT_LOOSE_FILE_ROUTE_20260605_143357\MULE_ORDERS_PENDING_REVIEW\MULE_ORDER__RECOVERED_ITEM_RESTORE_DECISION_LEDGER__WITH_BYTE_ACCOUNTING__20260604.md","71","No CURRENT_TRUTH_INDEX rewrite.  "
"AUTHORITY_SURFACE",".\_LOCAL_CUSTODY_N_RECEIPTS\ROOT_LOOSE_FILE_ROUTE_20260605_143357\MULE_ORDERS_PENDING_REVIEW\MULE_ORDER__RECOVERED_ITEM_RESTORE_DECISION_LEDGER__WITH_BYTE_ACCOUNTING__20260604.md","118","- all small but important rule/tool/concept/script/ledger/proof items;"
"AUTHORITY_SURFACE",".\_LOCAL_CUSTODY_N_RECEIPTS\ROOT_LOOSE_FILE_ROUTE_20260605_143357\MULE_ORDERS_PENDING_REVIEW\MULE_ORDER__RECOVERED_ITEM_RESTORE_DECISION_LEDGER__WITH_BYTE_ACCOUNTING__20260604.md","134","`DUPLICATE_PROVEN` — duplicate is proven by hash, byte-size, path, ledger, or other explicit proof. No deletion authorized.  "
"AUTHORITY_SURFACE",".\_LOCAL_CUSTODY_N_RECEIPTS\ROOT_LOOSE_FILE_ROUTE_20260605_143357\MULE_ORDERS_PENDING_REVIEW\MULE_ORDER__RECOVERED_ITEM_RESTORE_DECISION_LEDGER__WITH_BYTE_ACCOUNTING__20260604.md","220","### 2. Hash ledger pass"
"AUTHORITY_SURFACE",".\_LOCAL_CUSTODY_N_RECEIPTS\ROOT_LOOSE_FILE_ROUTE_20260605_143357\MULE_ORDERS_PENDING_REVIEW\MULE_ORDER__RECOVERED_ITEM_RESTORE_DECISION_LEDGER__WITH_BYTE_ACCOUNTING__20260604.md","233","- text/markdown/ledger/proof files;"
"AUTHORITY_SURFACE",".\_LOCAL_CUSTODY_N_RECEIPTS\ROOT_LOOSE_FILE_ROUTE_20260605_143357\MULE_ORDERS_PENDING_REVIEW\MULE_ORDER__RECOVERED_ITEM_RESTORE_DECISION_LEDGER__WITH_BYTE_ACCOUNTING__20260604.md","237","Expected known hash ledger rows:"
"AUTHORITY_SURFACE",".\_LOCAL_CUSTODY_N_RECEIPTS\ROOT_LOOSE_FILE_ROUTE_20260605_143357\MULE_ORDERS_PENDING_REVIEW\MULE_ORDER__RECOVERED_ITEM_RESTORE_DECISION_LEDGER__WITH_BYTE_ACCOUNTING__20260604.md","302","Build a duplicate proof ledger."
"AUTHORITY_SURFACE",".\_LOCAL_CUSTODY_N_RECEIPTS\ROOT_LOOSE_FILE_ROUTE_20260605_143357\MULE_ORDERS_PENDING_REVIEW\MULE_ORDER__RECOVERED_ITEM_RESTORE_DECISION_LEDGER__WITH_BYTE_ACCOUNTING__20260604.md","386","Check the new decision ledger and reports for drift-risk words."
"AUTHORITY_SURFACE",".\_LOCAL_CUSTODY_N_RECEIPTS\ROOT_LOOSE_FILE_ROUTE_20260605_143357\MULE_ORDERS_PENDING_REVIEW\MULE_ORDER__RECOVERED_ITEM_RESTORE_DECISION_LEDGER__WITH_BYTE_ACCOUNTING__20260604.md","573","- no restore or cleanup is authorized by this ledger;"
"AUTHORITY_SURFACE",".\_LOCAL_CUSTODY_N_RECEIPTS\RECYCLE_BIN_RECOVERY_20260604_203541\REPORTS\RECYCLE_BIN_RECOVERY_REVIEW_INDEX.md","13","- File hash ledger: C:\Users\13527\Desktop\123\_LOCAL_CUSTODY_N_RECEIPTS\RECYCLE_BIN_RECOVERY_20260604_203541\REPORTS\RECYCLE_BIN_RECOVERY_FILE_HASH_LEDGER.csv"
"AUTHORITY_SURFACE",".\_LOCAL_CUSTODY_N_RECEIPTS\RECYCLE_BIN_RECOVERY_20260604_203541\REPORTS\RECYCLE_BIN_RECOVERY_REVIEW_INDEX.md","54","Do not delete or empty Recycle Bin from this review. Sort recovered material only after item identity, source path, size, hash ledger, and keep/archive/discard decision are recorded."
"AUTHORITY_SURFACE",".\_SOURCE_RESEARCH_NOTES\ROOT_TEXT_DROPS_20260603\RAW_HELPER_CONTROL_BLOCKER_CHAIN_SENTINEL_REPAIR_AND_ROUTER_LESSONS_20260603.txt","384","`Smell:` script has more than one authority surface."
"AUTHORITY_SURFACE",".\_SOURCE_RESEARCH_NOTES\ROOT_TEXT_DROPS_20260603\RAW_HELPER_CONTROL_BLOCKER_CHAIN_SENTINEL_REPAIR_AND_ROUTER_LESSONS_20260603.txt","546","`POST-STAGE: check-ignore may no longer report it; ls-files/staged-set proof becomes authority.`"
"AUTHORITY_SURFACE",".\_SOURCE_RESEARCH_NOTES\ROOT_TEXT_DROPS_20260603\RAW_HELPER_CONTROL_BLOCKER_CHAIN_SENTINEL_REPAIR_AND_ROUTER_LESSONS_20260603.txt","876","All of those are partial evidence. None are final authority by themselves."
"AUTHORITY_SURFACE",".\_SOURCE_RESEARCH_NOTES\ROOT_TEXT_DROPS_20260603\RAW_HELPER_CONTROL_BLOCKER_CHAIN_SENTINEL_REPAIR_AND_ROUTER_LESSONS_20260603.txt","1062","`No helper output may grant PASS authority until the final sentinel has been emitted after all required proof checks. Exit code 0, report existence, Code Gate child success, and a visible PASS line are insufficient witho"
"AUTHORITY_SURFACE",".\_SOURCE_RESEARCH_NOTES\ROOT_TEXT_DROPS_20260603\RAW_HELPER_CONTROL_BLOCKER_CHAIN_SENTINEL_REPAIR_AND_ROUTER_LESSONS_20260603.txt","1181","Layer 1: repo authority."
"AUTHORITY_SURFACE",".\_SOURCE_RESEARCH_NOTES\ROOT_TEXT_DROPS_20260603\RAW_HELPER_CONTROL_BLOCKER_CHAIN_SENTINEL_REPAIR_AND_ROUTER_LESSONS_20260603.txt","1243","Does the helper cross more than one authority surface?"
"AUTHORITY_SURFACE",".\_SOURCE_RESEARCH_NOTES\ROOT_TEXT_DROPS_20260603\RAW_HELPER_CONTROL_BLOCKER_CHAIN_SENTINEL_REPAIR_AND_ROUTER_LESSONS_20260603.txt","1339","`Before any helper performs save, commit, push, force-add, or support-package close, it must run a preflight router over repo authority, expected object set, dirty state, staged state, patch hygiene, package width, and f"
"AUTHORITY_SURFACE",".\_SOURCE_RESEARCH_NOTES\ROOT_TEXT_DROPS_20260603\RAW_HELPER_CONTROL_BLOCKER_CHAIN_SENTINEL_REPAIR_AND_ROUTER_LESSONS_20260603.txt","1425","`too many authority surfaces`"
"AUTHORITY_SURFACE",".\_SOURCE_RESEARCH_NOTES\ROOT_TEXT_DROPS_20260603\RAW_HELPER_CONTROL_BLOCKER_CHAIN_SENTINEL_REPAIR_AND_ROUTER_LESSONS_20260603.txt","1553","`weak completion authority`"
"AUTHORITY_SURFACE",".\_SOURCE_RESEARCH_NOTES\ROOT_TEXT_DROPS_20260603\RAW_HELPER_CONTROL_BLOCKER_CHAIN_SENTINEL_REPAIR_AND_ROUTER_LESSONS_20260603.txt","2023","That manifest becomes the steering authority."
"AUTHORITY_SURFACE",".\_SOURCE_RESEARCH_NOTES\ROOT_TEXT_DROPS_20260603\RAW_HELPER_CONTROL_BLOCKER_CHAIN_SENTINEL_REPAIR_AND_ROUTER_LESSONS_20260603.txt","2174","`Before any helper save that writes multiple files or crosses an ignored-path/staged-path risk, create or load an exact save manifest. The manifest declares expected paths, ignored expected paths, allowed force-add excep"
"AUTHORITY_SURFACE",".\_SOURCE_RESEARCH_NOTES\ROOT_TEXT_DROPS_20260603\RAW_HELPER_CONTROL_BLOCKER_CHAIN_SENTINEL_REPAIR_AND_ROUTER_LESSONS_20260603.txt","2205","Chunk 10 — `AFTER-ACTION LEDGER` / make the blockers teach the house."
"AUTHORITY_SURFACE",".\_SOURCE_RESEARCH_NOTES\ROOT_TEXT_DROPS_20260603\RAW_HELPER_CONTROL_BLOCKER_CHAIN_SENTINEL_REPAIR_AND_ROUTER_LESSONS_20260603.txt","2207","The router and manifest prevent the next run from drifting, but there is still one more piece: every blocker chain needs an **after-action ledger**."
"AUTHORITY_SURFACE",".\_SOURCE_RESEARCH_NOTES\ROOT_TEXT_DROPS_20260603\RAW_HELPER_CONTROL_BLOCKER_CHAIN_SENTINEL_REPAIR_AND_ROUTER_LESSONS_20260603.txt","2235","The ledger object should be:"
"AUTHORITY_SURFACE",".\_SOURCE_RESEARCH_NOTES\ROOT_TEXT_DROPS_20260603\RAW_HELPER_CONTROL_BLOCKER_CHAIN_SENTINEL_REPAIR_AND_ROUTER_LESSONS_20260603.txt","2277","`BetterRoute: switch authority to ls-files/staged-set proof`"
"AUTHORITY_SURFACE",".\_SOURCE_RESEARCH_NOTES\ROOT_TEXT_DROPS_20260603\RAW_HELPER_CONTROL_BLOCKER_CHAIN_SENTINEL_REPAIR_AND_ROUTER_LESSONS_20260603.txt","2323","The ledger needs four sections:"
"AUTHORITY_SURFACE",".\_SOURCE_RESEARCH_NOTES\ROOT_TEXT_DROPS_20260603\RAW_HELPER_CONTROL_BLOCKER_CHAIN_SENTINEL_REPAIR_AND_ROUTER_LESSONS_20260603.txt","2355","`A2 — Save after-action ledger`"
"AUTHORITY_SURFACE",".\_SOURCE_RESEARCH_NOTES\ROOT_TEXT_DROPS_20260603\RAW_HELPER_CONTROL_BLOCKER_CHAIN_SENTINEL_REPAIR_AND_ROUTER_LESSONS_20260603.txt","2379","The ledger should also record **forbidden future behavior**:"
"AUTHORITY_SURFACE",".\_SOURCE_RESEARCH_NOTES\ROOT_TEXT_DROPS_20260603\RAW_HELPER_CONTROL_BLOCKER_CHAIN_SENTINEL_REPAIR_AND_ROUTER_LESSONS_20260603.txt","2395","`Every ugly blocker chain must leave behind a blocker ledger and at least one action item that changes the next run.`"
"AUTHORITY_SURFACE",".\_SOURCE_RESEARCH_NOTES\ROOT_TEXT_DROPS_20260603\RAW_HELPER_CONTROL_BLOCKER_CHAIN_SENTINEL_REPAIR_AND_ROUTER_LESSONS_20260603.txt","2483","That prevents Git status from becoming the authority. Git status should be evidence. The manifest should be the steering object."
"AUTHORITY_SURFACE",".\_SOURCE_RESEARCH_NOTES\ROOT_TEXT_DROPS_20260603\RAW_HELPER_CONTROL_BLOCKER_CHAIN_SENTINEL_REPAIR_AND_ROUTER_LESSONS_20260603.txt","2497","`Ledger = learning memory`"
"AUTHORITY_SURFACE",".\_SOURCE_RESEARCH_NOTES\ROOT_TEXT_DROPS_20260603\RAW_HELPER_CONTROL_BLOCKER_CHAIN_SENTINEL_REPAIR_AND_ROUTER_LESSONS_20260603.txt","2541","`no final sentinel` means repair completion authority, not Git."
"AUTHORITY_SURFACE",".\_SOURCE_RESEARCH_NOTES\ROOT_TEXT_DROPS_20260603\RAW_HELPER_CONTROL_BLOCKER_CHAIN_SENTINEL_REPAIR_AND_ROUTER_LESSONS_20260603.txt","2549","`The house is moving from gates to governance.`"
"AUTHORITY_SURFACE",".\_SOURCE_RESEARCH_NOTES\ROOT_TEXT_DROPS_20260603\RAW_HELPER_CONTROL_BLOCKER_CHAIN_SENTINEL_REPAIR_AND_ROUTER_LESSONS_20260603.txt","2553","Governance tells the next legal move."
"AUTHORITY_SURFACE",".\_SOURCE_RESEARCH_NOTES\ROOT_TEXT_DROPS_20260603\ideas.txt","57","preserve authority boundaries"
"AUTHORITY_SURFACE",".\_SOURCE_RESEARCH_NOTES\ROOT_TEXT_DROPS_20260603\ideas.txt","67","preserve authority boundaries"
"AUTHORITY_SURFACE",".\_SOURCE_RESEARCH_NOTES\ROOT_TEXT_DROPS_20260603\ideas.txt","291","# Final working doctrine for this issue"
"AUTHORITY_SURFACE",".\_SOURCE_RESEARCH_NOTES\ROOT_TEXT_DROPS_20260603\CONSUMED_BY_REPO_SAVE\READ_THIS_MULE.txt","27","- no treating raw source as active doctrine"
"AUTHORITY_SURFACE",".\_SOURCE_RESEARCH_NOTES\ROOT_TEXT_DROPS_20260603\CONSUMED_BY_REPO_SAVE\RAW_HELPER_STRESS_BENCH_DEEP_ADDENDUMS_COMPATIBILITY_GATES_AND_SELFTESTS_20260603.txt","91","Helper has evidence for review only but tries to say implementation-ready, done, proved, or doctrine. It should block or downgrade."
"AUTHORITY_SURFACE",".\_SOURCE_RESEARCH_NOTES\ROOT_TEXT_DROPS_20260603\CONSUMED_BY_REPO_SAVE\RAW_HELPER_STRESS_BENCH_DEEP_ADDENDUMS_COMPATIBILITY_GATES_AND_SELFTESTS_20260603.txt","400","`difference ledger created`"
"AUTHORITY_SURFACE",".\_SOURCE_RESEARCH_NOTES\ROOT_TEXT_DROPS_20260603\CONSUMED_BY_REPO_SAVE\RAW_HELPER_STRESS_BENCH_DEEP_ADDENDUMS_COMPATIBILITY_GATES_AND_SELFTESTS_20260603.txt","483","Authority level:"
"AUTHORITY_SURFACE",".\_SOURCE_RESEARCH_NOTES\ROOT_TEXT_DROPS_20260603\CONSUMED_BY_REPO_SAVE\RAW_HELPER_STRESS_BENCH_DEEP_ADDENDUMS_COMPATIBILITY_GATES_AND_SELFTESTS_20260603.txt","540","`A helper is not trusted because it passed once. A helper is trusted only after it survives golden, negative, fuzz, property, mutation, metamorphic, differential, fault-injection, and controlled chaos tests appropriate t"
"AUTHORITY_SURFACE",".\_SOURCE_RESEARCH_NOTES\ROOT_TEXT_DROPS_20260603\CONSUMED_BY_REPO_SAVE\RAW_HELPER_STRESS_BENCH_DEEP_ADDENDUMS_COMPATIBILITY_GATES_AND_SELFTESTS_20260603.txt","554","Chunk 3 — authority levels / how hard each helper should be attacked."
"AUTHORITY_SURFACE",".\_SOURCE_RESEARCH_NOTES\ROOT_TEXT_DROPS_20260603\CONSUMED_BY_REPO_SAVE\RAW_HELPER_STRESS_BENCH_DEEP_ADDENDUMS_COMPATIBILITY_GATES_AND_SELFTESTS_20260603.txt","558","So the stress bench needs **authority tiers**."
"AUTHORITY_SURFACE",".\_SOURCE_RESEARCH_NOTES\ROOT_TEXT_DROPS_20260603\CONSUMED_BY_REPO_SAVE\RAW_HELPER_STRESS_BENCH_DEEP_ADDENDUMS_COMPATIBILITY_GATES_AND_SELFTESTS_20260603.txt","626","`assumption ledger builder`"
"AUTHORITY_SURFACE",".\_SOURCE_RESEARCH_NOTES\ROOT_TEXT_DROPS_20260603\CONSUMED_BY_REPO_SAVE\RAW_HELPER_STRESS_BENCH_DEEP_ADDENDUMS_COMPATIBILITY_GATES_AND_SELFTESTS_20260603.txt","830","Tier 4 helpers need **hard authority tests**."
"AUTHORITY_SURFACE",".\_SOURCE_RESEARCH_NOTES\ROOT_TEXT_DROPS_20260603\CONSUMED_BY_REPO_SAVE\RAW_HELPER_STRESS_BENCH_DEEP_ADDENDUMS_COMPATIBILITY_GATES_AND_SELFTESTS_20260603.txt","938","`highest authority first`"
"AUTHORITY_SURFACE",".\_SOURCE_RESEARCH_NOTES\ROOT_TEXT_DROPS_20260603\CONSUMED_BY_REPO_SAVE\RAW_HELPER_STRESS_BENCH_DEEP_ADDENDUMS_COMPATIBILITY_GATES_AND_SELFTESTS_20260603.txt","978","`Test depth must match helper authority.`"
"AUTHORITY_SURFACE",".\_SOURCE_RESEARCH_NOTES\ROOT_TEXT_DROPS_20260603\CONSUMED_BY_REPO_SAVE\RAW_HELPER_STRESS_BENCH_DEEP_ADDENDUMS_COMPATIBILITY_GATES_AND_SELFTESTS_20260603.txt","1167","For each helper row, we choose fixture depth by authority tier."
"AUTHORITY_SURFACE",".\_SOURCE_RESEARCH_NOTES\ROOT_TEXT_DROPS_20260603\CONSUMED_BY_REPO_SAVE\RAW_HELPER_STRESS_BENCH_DEEP_ADDENDUMS_COMPATIBILITY_GATES_AND_SELFTESTS_20260603.txt","1287","`FAIL_FALSE_PASS` — helper claimed pass without authority."
"AUTHORITY_SURFACE",".\_SOURCE_RESEARCH_NOTES\ROOT_TEXT_DROPS_20260603\CONSUMED_BY_REPO_SAVE\RAW_HELPER_STRESS_BENCH_DEEP_ADDENDUMS_COMPATIBILITY_GATES_AND_SELFTESTS_20260603.txt","1295","The most valuable failures are not crashes. The most valuable failures are when a helper looks clean but made the wrong authority move."
"AUTHORITY_SURFACE",".\_SOURCE_RESEARCH_NOTES\ROOT_TEXT_DROPS_20260603\CONSUMED_BY_REPO_SAVE\RAW_HELPER_STRESS_BENCH_DEEP_ADDENDUMS_COMPATIBILITY_GATES_AND_SELFTESTS_20260603.txt","1530","The bench needs a result ledger:"
"AUTHORITY_SURFACE",".\_SOURCE_RESEARCH_NOTES\ROOT_TEXT_DROPS_20260603\CONSUMED_BY_REPO_SAVE\RAW_HELPER_STRESS_BENCH_DEEP_ADDENDUMS_COMPATIBILITY_GATES_AND_SELFTESTS_20260603.txt","1621","That exact kind of thing happened in our blocker chain: once the ignored file was indexed, the authority shifted from `check-ignore` to staged-set proof. The test bench must know that state transition."
"AUTHORITY_SURFACE",".\_SOURCE_RESEARCH_NOTES\ROOT_TEXT_DROPS_20260603\CONSUMED_BY_REPO_SAVE\RAW_HELPER_STRESS_BENCH_DEEP_ADDENDUMS_COMPATIBILITY_GATES_AND_SELFTESTS_20260603.txt","1733","`assign provisional authority tier`"
"AUTHORITY_SURFACE",".\_SOURCE_RESEARCH_NOTES\ROOT_TEXT_DROPS_20260603\CONSUMED_BY_REPO_SAVE\RAW_HELPER_STRESS_BENCH_DEEP_ADDENDUMS_COMPATIBILITY_GATES_AND_SELFTESTS_20260603.txt","1735","`flag unknown authority`"
"AUTHORITY_SURFACE",".\_SOURCE_RESEARCH_NOTES\ROOT_TEXT_DROPS_20260603\CONSUMED_BY_REPO_SAVE\RAW_HELPER_STRESS_BENCH_DEEP_ADDENDUMS_COMPATIBILITY_GATES_AND_SELFTESTS_20260603.txt","1799","`create result ledger template`"
"AUTHORITY_SURFACE",".\_SOURCE_RESEARCH_NOTES\ROOT_TEXT_DROPS_20260603\CONSUMED_BY_REPO_SAVE\RAW_HELPER_STRESS_BENCH_DEEP_ADDENDUMS_COMPATIBILITY_GATES_AND_SELFTESTS_20260603.txt","1801","`create weak spot ledger template`"
"AUTHORITY_SURFACE",".\_SOURCE_RESEARCH_NOTES\ROOT_TEXT_DROPS_20260603\CONSUMED_BY_REPO_SAVE\RAW_HELPER_STRESS_BENCH_DEEP_ADDENDUMS_COMPATIBILITY_GATES_AND_SELFTESTS_20260603.txt","1829","`highest authority`"
"AUTHORITY_SURFACE",".\_SOURCE_RESEARCH_NOTES\ROOT_TEXT_DROPS_20260603\CONSUMED_BY_REPO_SAVE\RAW_HELPER_STRESS_BENCH_DEEP_ADDENDUMS_COMPATIBILITY_GATES_AND_SELFTESTS_20260603.txt","1903","`2. classify authority tiers`"
"AUTHORITY_SURFACE",".\_SOURCE_RESEARCH_NOTES\ROOT_TEXT_DROPS_20260603\CONSUMED_BY_REPO_SAVE\RAW_HELPER_STRESS_BENCH_DEEP_ADDENDUMS_COMPATIBILITY_GATES_AND_SELFTESTS_20260603.txt","1947","`Level 3 — Authority`"
"AUTHORITY_SURFACE",".\_SOURCE_RESEARCH_NOTES\ROOT_TEXT_DROPS_20260603\CONSUMED_BY_REPO_SAVE\RAW_HELPER_STRESS_BENCH_DEEP_ADDENDUMS_COMPATIBILITY_GATES_AND_SELFTESTS_20260603.txt","2068","Authority tier:"
"AUTHORITY_SURFACE",".\_SOURCE_RESEARCH_NOTES\ROOT_TEXT_DROPS_20260603\CONSUMED_BY_REPO_SAVE\RAW_HELPER_STRESS_BENCH_DEEP_ADDENDUMS_COMPATIBILITY_GATES_AND_SELFTESTS_20260603.txt","2452","The first row’s result ledger:"
"AUTHORITY_SURFACE",".\_SOURCE_RESEARCH_NOTES\ROOT_TEXT_DROPS_20260603\CONSUMED_BY_REPO_SAVE\RAW_HELPER_STRESS_BENCH_DEEP_ADDENDUMS_COMPATIBILITY_GATES_AND_SELFTESTS_20260603.txt","2785","Otherwise the runner starts making doctrine while testing doctrine."
"AUTHORITY_SURFACE",".\_SOURCE_RESEARCH_NOTES\ROOT_TEXT_DROPS_20260603\CONSUMED_BY_REPO_SAVE\RAW_HELPER_STRESS_BENCH_DEEP_ADDENDUMS_COMPATIBILITY_GATES_AND_SELFTESTS_20260603.txt","2849","`authority tier`"
"AUTHORITY_SURFACE",".\_SOURCE_RESEARCH_NOTES\ROOT_TEXT_DROPS_20260603\CONSUMED_BY_REPO_SAVE\RAW_HELPER_STRESS_BENCH_DEEP_ADDENDUMS_COMPATIBILITY_GATES_AND_SELFTESTS_20260603.txt","2955","`fixture/result ledger works`"
"AUTHORITY_SURFACE",".\_SOURCE_RESEARCH_NOTES\ROOT_TEXT_DROPS_20260603\CONSUMED_BY_REPO_SAVE\RAW_HELPER_STRESS_BENCH_DEEP_ADDENDUMS_COMPATIBILITY_GATES_AND_SELFTESTS_20260603.txt","2957","`weak-spot ledger works`"
"AUTHORITY_SURFACE",".\_SOURCE_RESEARCH_NOTES\ROOT_TEXT_DROPS_20260603\CONSUMED_BY_REPO_SAVE\RAW_HELPER_STRESS_BENCH_DEEP_ADDENDUMS_COMPATIBILITY_GATES_AND_SELFTESTS_20260603.txt","3101","`difference ledger`"
"AUTHORITY_SURFACE",".\_SOURCE_RESEARCH_NOTES\ROOT_TEXT_DROPS_20260603\CONSUMED_BY_REPO_SAVE\RAW_HELPER_STRESS_BENCH_DEEP_ADDENDUMS_COMPATIBILITY_GATES_AND_SELFTESTS_20260603.txt","3185","the helper should not spend its main energy on whitespace. It should block on completion authority first."
"AUTHORITY_SURFACE",".\_SOURCE_RESEARCH_NOTES\ROOT_TEXT_DROPS_20260603\CONSUMED_BY_REPO_SAVE\RAW_HELPER_STRESS_BENCH_DEEP_ADDENDUMS_COMPATIBILITY_GATES_AND_SELFTESTS_20260603.txt","3365","Authority tier and danger flags are assigned."
"AUTHORITY_SURFACE",".\_SOURCE_RESEARCH_NOTES\ROOT_TEXT_DROPS_20260603\CONSUMED_BY_REPO_SAVE\RAW_HELPER_STRESS_BENCH_DEEP_ADDENDUMS_COMPATIBILITY_GATES_AND_SELFTESTS_20260603.txt","3415","`skip weak-spot ledger`"
"AUTHORITY_SURFACE",".\_SOURCE_RESEARCH_NOTES\ROOT_TEXT_DROPS_20260603\CONSUMED_BY_REPO_SAVE\RAW_HELPER_STRESS_BENCH_DEEP_ADDENDUMS_COMPATIBILITY_GATES_AND_SELFTESTS_20260603.txt","3429","`trust outside tested authority`"
"AUTHORITY_SURFACE",".\_SOURCE_RESEARCH_NOTES\ROOT_TEXT_DROPS_20260603\CONSUMED_BY_REPO_SAVE\RAW_HELPER_STRESS_BENCH_DEEP_ADDENDUMS_COMPATIBILITY_GATES_AND_SELFTESTS_20260603.txt","3463","Helper may be used, but only inside its declared authority."
"AUTHORITY_SURFACE",".\_SOURCE_RESEARCH_NOTES\ROOT_TEXT_DROPS_20260603\CONSUMED_BY_REPO_SAVE\RAW_HELPER_STRESS_BENCH_DEEP_ADDENDUMS_COMPATIBILITY_GATES_AND_SELFTESTS_20260603.txt","3513","The row ledger should include:"
"AUTHORITY_SURFACE",".\_SOURCE_RESEARCH_NOTES\ROOT_TEXT_DROPS_20260603\CONSUMED_BY_REPO_SAVE\RAW_HELPER_STRESS_BENCH_DEEP_ADDENDUMS_COMPATIBILITY_GATES_AND_SELFTESTS_20260603.txt","3637","`A helper is not trusted globally. It is trusted only for a named authority tier, named fixture set, named lifecycle state, and named trust limit.`"
"AUTHORITY_SURFACE",".\_SOURCE_RESEARCH_NOTES\ROOT_TEXT_DROPS_20260603\CONSUMED_BY_REPO_SAVE\RAW_HELPER_STRESS_BENCH_DEEP_ADDENDUMS_COMPATIBILITY_GATES_AND_SELFTESTS_20260603.txt","3833","The inventory should assign a provisional authority tier, not a final trust rating."
"AUTHORITY_SURFACE",".\_SOURCE_RESEARCH_NOTES\ROOT_TEXT_DROPS_20260603\CONSUMED_BY_REPO_SAVE\RAW_HELPER_STRESS_BENCH_DEEP_ADDENDUMS_COMPATIBILITY_GATES_AND_SELFTESTS_20260603.txt","3926","The report should group helpers by authority tier:"
"AUTHORITY_SURFACE",".\_SOURCE_RESEARCH_NOTES\ROOT_TEXT_DROPS_20260603\CONSUMED_BY_REPO_SAVE\RAW_HELPER_STRESS_BENCH_DEEP_ADDENDUMS_COMPATIBILITY_GATES_AND_SELFTESTS_20260603.txt","3950","`Helpers with unknown authority`"
"AUTHORITY_SURFACE",".\_SOURCE_RESEARCH_NOTES\ROOT_TEXT_DROPS_20260603\CONSUMED_BY_REPO_SAVE\RAW_HELPER_STRESS_BENCH_DEEP_ADDENDUMS_COMPATIBILITY_GATES_AND_SELFTESTS_20260603.txt","4008","`authority tiers`"
"AUTHORITY_SURFACE",".\_SOURCE_RESEARCH_NOTES\ROOT_TEXT_DROPS_20260603\CONSUMED_BY_REPO_SAVE\RAW_HELPER_STRESS_BENCH_DEEP_ADDENDUMS_COMPATIBILITY_GATES_AND_SELFTESTS_20260603.txt","4288","`2. write authority tiers`"
"AUTHORITY_SURFACE",".\_SOURCE_RESEARCH_NOTES\ROOT_TEXT_DROPS_20260603\CONSUMED_BY_REPO_SAVE\RAW_HELPER_STRESS_BENCH_DEEP_ADDENDUMS_COMPATIBILITY_GATES_AND_SELFTESTS_20260603.txt","4366","`UNKNOWN_AUTHORITY_HELPER_RUN`. Wrong. Unknown authority means inventory only."
"AUTHORITY_SURFACE",".\_SOURCE_RESEARCH_NOTES\ROOT_TEXT_DROPS_20260603\CONSUMED_BY_REPO_SAVE\RAW_HELPER_STRESS_BENCH_DEEP_ADDENDUMS_COMPATIBILITY_GATES_AND_SELFTESTS_20260603.txt","4460","`Authority Tiers`"
"AUTHORITY_SURFACE",".\_SOURCE_RESEARCH_NOTES\ROOT_TEXT_DROPS_20260603\CONSUMED_BY_REPO_SAVE\RAW_HELPER_STRESS_BENCH_DEEP_ADDENDUMS_COMPATIBILITY_GATES_AND_SELFTESTS_20260603.txt","4476","If a new rule changes the meaning of helper trust, fixture expectations, verdict vocabulary, blocker classes, or save authority, old rows become `RETEST_REQUIRED`."
"AUTHORITY_SURFACE",".\_SOURCE_RESEARCH_NOTES\ROOT_TEXT_DROPS_20260603\CONSUMED_BY_REPO_SAVE\RAW_HELPER_STRESS_BENCH_DEEP_ADDENDUMS_COMPATIBILITY_GATES_AND_SELFTESTS_20260603.txt","4605","Authority Tiers | yes/no | weaken/duplicate/conflict/none | 1-5 | retest/update/block"
"AUTHORITY_SURFACE",".\_SOURCE_RESEARCH_NOTES\ROOT_TEXT_DROPS_20260603\CONSUMED_BY_REPO_SAVE\RAW_HELPER_STRESS_BENCH_DEEP_ADDENDUMS_COMPATIBILITY_GATES_AND_SELFTESTS_20260603.txt","4757","`result ledger missing fields`"
"AUTHORITY_SURFACE",".\_SOURCE_RESEARCH_NOTES\ROOT_TEXT_DROPS_20260603\CONSUMED_BY_REPO_SAVE\RAW_HELPER_STRESS_BENCH_DEEP_ADDENDUMS_COMPATIBILITY_GATES_AND_SELFTESTS_20260603.txt","4790","The current raw stress-bench spec already has the core: known testing families, authority tiers, fixtures, scoring/verdicts, execution order, save-helper Row 001, runner safety, advanced gates, lifecycle, helper inventor"
"AUTHORITY_SURFACE",".\_SOURCE_RESEARCH_NOTES\ROOT_TEXT_DROPS_20260603\CONSUMED_BY_REPO_SAVE\RAW_HELPER_STRESS_BENCH_DEEP_ADDENDUMS_COMPATIBILITY_GATES_AND_SELFTESTS_20260603.txt","4910","Parameter D: authority state"
"AUTHORITY_SURFACE",".\_SOURCE_RESEARCH_NOTES\ROOT_TEXT_DROPS_20260603\CONSUMED_BY_REPO_SAVE\RAW_HELPER_STRESS_BENCH_DEEP_ADDENDUMS_COMPATIBILITY_GATES_AND_SELFTESTS_20260603.txt","5339","- classify authority change"
"AUTHORITY_SURFACE",".\_LOCAL_CUSTODY_N_RECEIPTS\LOCK_SAVE_CURRENT_PROGRESS_LATEST.json","93","  ""Boundary"": ""Local lock/save receipt only. No commit. No push. No move. No delete. No watcher. No automation. No ACTIVE_GUIDES rewrite. No CURRENT_TRUTH_INDEX rewrite."""
"AUTHORITY_SURFACE",".\_LOCAL_CUSTODY_N_RECEIPTS\LOCK_SAVE_CURRENT_PROGRESS_JOB\LOCK_SAVE_CURRENT_PROGRESS_CHILD.ps1","200","  Boundary = ""Local lock/save receipt only. No commit. No push. No move. No delete. No watcher. No automation. No ACTIVE_GUIDES rewrite. No CURRENT_TRUTH_INDEX rewrite."""
"AUTHORITY_SURFACE",".\_LOCAL_CUSTODY_N_RECEIPTS\LOCK_SAVE_CURRENT_PROGRESS_JOB\LOCK_SAVE_CURRENT_PROGRESS_CHILD.ps1","256","- No ACTIVE_GUIDES rewrite."
"AUTHORITY_SURFACE",".\_LOCAL_CUSTODY_N_RECEIPTS\LOCK_SAVE_CURRENT_PROGRESS_JOB\LOCK_SAVE_CURRENT_PROGRESS_CHILD.ps1","257","- No CURRENT_TRUTH_INDEX rewrite."
"AUTHORITY_SURFACE",".\_LOCAL_CUSTODY_AND_RECEIPTS\ROOT_PACKET_READ_APPLY_CLEAR_20260531_163123\ROOT_PACKET_READ_APPLY_CLEAR_RECEIPT_20260531.txt","8","Boundary: packets read/applied/parked then moved to local custody; no delete; no doctrine; no ACTIVE_GUIDES; no CURRENT_TRUTH_INDEX; no watcher; no automation."
"AUTHORITY_SURFACE",".\_LOCAL_CUSTODY_AND_RECEIPTS\ROOT_PACKET_READ_APPLY_CLEAR_20260531_163123\ROOT_PACKET_READ_APPLY_CLEAR_20260531.csv","2","""MULE_PACKET_HELPER_AUTONOMY_ROOT_CLEAR_SHAPE_GATE_JOB_20260531.md"",""C:\Users\13527\Desktop\123\MULE_PACKET_HELPER_AUTONOMY_ROOT_CLEAR_SHAPE_GATE_JOB_20260531.md"",""C:\Users\13527\Desktop\123\_LOCAL_CUSTODY_AND_RECEIPTS\R"
"AUTHORITY_SURFACE",".\_LOCAL_CUSTODY_AND_RECEIPTS\ROOT_PACKET_READ_APPLY_CLEAR_20260531_163123\ROOT_PACKET_READ_APPLY_CLEAR_20260531.csv","3","""MULE_WORK_PACKET_ASSISTANT_CONTEXT_CARRIER_AND_VISIBILITY_GAP_20260531.md"",""C:\Users\13527\Desktop\123\MULE_WORK_PACKET_ASSISTANT_CONTEXT_CARRIER_AND_VISIBILITY_GAP_20260531.md"",""C:\Users\13527\Desktop\123\_LOCAL_CUSTOD"
"AUTHORITY_SURFACE",".\_LOCAL_CUSTODY_AND_RECEIPTS\ROOT_PACKET_READ_APPLY_CLEAR_20260531_163123\MULE_WORK_PACKET_ASSISTANT_CONTEXT_CARRIER_AND_VISIBILITY_GAP_20260531.md","5","Status: LARGE WORK ORDER / THINKING PRESSURE PACKET / NOT COMMAND AUTHORITY / NOT DOCTRINE"
"AUTHORITY_SURFACE",".\_LOCAL_CUSTODY_AND_RECEIPTS\ROOT_PACKET_READ_APPLY_CLEAR_20260531_163123\MULE_WORK_PACKET_ASSISTANT_CONTEXT_CARRIER_AND_VISIBILITY_GAP_20260531.md","14","Fix the gap between chat-side reasoning and file-grounded house truth by designing a compact, safe, current-state carrier and anchor legend that lets the assistant know what is going on when mule is away, without exposin"
"AUTHORITY_SURFACE",".\_LOCAL_CUSTODY_AND_RECEIPTS\ROOT_PACKET_READ_APPLY_CLEAR_20260531_163123\MULE_WORK_PACKET_ASSISTANT_CONTEXT_CARRIER_AND_VISIBILITY_GAP_20260531.md","46","- whether a receipt is approval or just evidence;"
"AUTHORITY_SURFACE",".\_LOCAL_CUSTODY_AND_RECEIPTS\ROOT_PACKET_READ_APPLY_CLEAR_20260531_163123\MULE_WORK_PACKET_ASSISTANT_CONTEXT_CARRIER_AND_VISIBILITY_GAP_20260531.md","67","5. I can treat a support surface as approval."
"AUTHORITY_SURFACE",".\_LOCAL_CUSTODY_AND_RECEIPTS\ROOT_PACKET_READ_APPLY_CLEAR_20260531_163123\MULE_WORK_PACKET_ASSISTANT_CONTEXT_CARRIER_AND_VISIBILITY_GAP_20260531.md","70","8. I can treat Chat Drop as if it were source authority."
"AUTHORITY_SURFACE",".\_LOCAL_CUSTODY_AND_RECEIPTS\ROOT_PACKET_READ_APPLY_CLEAR_20260531_163123\MULE_WORK_PACKET_ASSISTANT_CONTEXT_CARRIER_AND_VISIBILITY_GAP_20260531.md","94","- do not carry every ledger;"
"AUTHORITY_SURFACE",".\_LOCAL_CUSTODY_AND_RECEIPTS\ROOT_PACKET_READ_APPLY_CLEAR_20260531_163123\MULE_WORK_PACKET_ASSISTANT_CONTEXT_CARRIER_AND_VISIBILITY_GAP_20260531.md","95","- do not treat Chat Drop as source authority;"
"AUTHORITY_SURFACE",".\_LOCAL_CUSTODY_AND_RECEIPTS\ROOT_PACKET_READ_APPLY_CLEAR_20260531_163123\MULE_WORK_PACKET_ASSISTANT_CONTEXT_CARRIER_AND_VISIBILITY_GAP_20260531.md","100","The assistant does not need every ledger. The assistant needs one current-state carrying handle with a source map."
"AUTHORITY_SURFACE",".\_LOCAL_CUSTODY_AND_RECEIPTS\ROOT_PACKET_READ_APPLY_CLEAR_20260531_163123\MULE_WORK_PACKET_ASSISTANT_CONTEXT_CARRIER_AND_VISIBILITY_GAP_20260531.md","109","- fixture pass does not mean doctrine;"
"AUTHORITY_SURFACE",".\_LOCAL_CUSTODY_AND_RECEIPTS\ROOT_PACKET_READ_APPLY_CLEAR_20260531_163123\MULE_WORK_PACKET_ASSISTANT_CONTEXT_CARRIER_AND_VISIBILITY_GAP_20260531.md","116","The carrier must explicitly mark what kind of proof each item is. It must not let a support report or receipt-needed row act like approval."
"AUTHORITY_SURFACE",".\_LOCAL_CUSTODY_AND_RECEIPTS\ROOT_PACKET_READ_APPLY_CLEAR_20260531_163123\MULE_WORK_PACKET_ASSISTANT_CONTEXT_CARRIER_AND_VISIBILITY_GAP_20260531.md","151","These are source patterns. Use them as comparison and invention fuel, not as doctrine."
"AUTHORITY_SURFACE",".\_LOCAL_CUSTODY_AND_RECEIPTS\ROOT_PACKET_READ_APPLY_CLEAR_20260531_163123\MULE_WORK_PACKET_ASSISTANT_CONTEXT_CARRIER_AND_VISIBILITY_GAP_20260531.md","193","- what artifacts are approval;"
"AUTHORITY_SURFACE",".\_LOCAL_CUSTODY_AND_RECEIPTS\ROOT_PACKET_READ_APPLY_CLEAR_20260531_163123\MULE_WORK_PACKET_ASSISTANT_CONTEXT_CARRIER_AND_VISIBILITY_GAP_20260531.md","284","A report, CSV, helper output, receipt-needed row, path/hash mention, index row, ledger row, or analysis artifact. Useful for search. Not approval."
"AUTHORITY_SURFACE",".\_LOCAL_CUSTODY_AND_RECEIPTS\ROOT_PACKET_READ_APPLY_CLEAR_20260531_163123\MULE_WORK_PACKET_ASSISTANT_CONTEXT_CARRIER_AND_VISIBILITY_GAP_20260531.md","292","Useful input material. Not authority."
"AUTHORITY_SURFACE",".\_LOCAL_CUSTODY_AND_RECEIPTS\ROOT_PACKET_READ_APPLY_CLEAR_20260531_163123\MULE_WORK_PACKET_ASSISTANT_CONTEXT_CARRIER_AND_VISIBILITY_GAP_20260531.md","312","Protected surface or blocked action: doctrine, ACTIVE_GUIDES, CURRENT_TRUTH_INDEX, automation, watcher, broad refactor, delete/move, unapproved Git write, helper self-promotion."
"AUTHORITY_SURFACE",".\_LOCAL_CUSTODY_AND_RECEIPTS\ROOT_PACKET_READ_APPLY_CLEAR_20260531_163123\MULE_WORK_PACKET_ASSISTANT_CONTEXT_CARRIER_AND_VISIBILITY_GAP_20260531.md","322","3. Approval receipt beats support surface."
"AUTHORITY_SURFACE",".\_LOCAL_CUSTODY_AND_RECEIPTS\ROOT_PACKET_READ_APPLY_CLEAR_20260531_163123\MULE_WORK_PACKET_ASSISTANT_CONTEXT_CARRIER_AND_VISIBILITY_GAP_20260531.md","323","4. Path/hash proves identity, not approval."
"AUTHORITY_SURFACE",".\_LOCAL_CUSTODY_AND_RECEIPTS\ROOT_PACKET_READ_APPLY_CLEAR_20260531_163123\MULE_WORK_PACKET_ASSISTANT_CONTEXT_CARRIER_AND_VISIBILITY_GAP_20260531.md","326","7. Chat Drop is bridge material, not source authority."
"AUTHORITY_SURFACE",".\_LOCAL_CUSTODY_AND_RECEIPTS\ROOT_PACKET_READ_APPLY_CLEAR_20260531_163123\MULE_WORK_PACKET_ASSISTANT_CONTEXT_CARRIER_AND_VISIBILITY_GAP_20260531.md","338","- Receipt = approval."
"AUTHORITY_SURFACE",".\_LOCAL_CUSTODY_AND_RECEIPTS\ROOT_PACKET_READ_APPLY_CLEAR_20260531_163123\MULE_WORK_PACKET_ASSISTANT_CONTEXT_CARRIER_AND_VISIBILITY_GAP_20260531.md","341","- Concept ledger row = living rule."
"AUTHORITY_SURFACE",".\_LOCAL_CUSTODY_AND_RECEIPTS\ROOT_PACKET_READ_APPLY_CLEAR_20260531_163123\MULE_WORK_PACKET_ASSISTANT_CONTEXT_CARRIER_AND_VISIBILITY_GAP_20260531.md","563","- approval from support surface;"
"AUTHORITY_SURFACE",".\_LOCAL_CUSTODY_AND_RECEIPTS\ROOT_PACKET_READ_APPLY_CLEAR_20260531_163123\MULE_WORK_PACKET_ASSISTANT_CONTEXT_CARRIER_AND_VISIBILITY_GAP_20260531.md","567","- helper authority from helper recommendation."
"AUTHORITY_SURFACE",".\_LOCAL_CUSTODY_AND_RECEIPTS\ROOT_PACKET_READ_APPLY_CLEAR_20260531_163123\MULE_WORK_PACKET_ASSISTANT_CONTEXT_CARRIER_AND_VISIBILITY_GAP_20260531.md","578","- doctrine drift detection;"
"AUTHORITY_SURFACE",".\_LOCAL_CUSTODY_AND_RECEIPTS\ROOT_PACKET_READ_APPLY_CLEAR_20260531_163123\MULE_WORK_PACKET_ASSISTANT_CONTEXT_CARRIER_AND_VISIBILITY_GAP_20260531.md","601","7. Check support surface versus approval receipt."
"AUTHORITY_SURFACE",".\_LOCAL_CUSTODY_AND_RECEIPTS\ROOT_PACKET_READ_APPLY_CLEAR_20260531_163123\MULE_WORK_PACKET_ASSISTANT_CONTEXT_CARRIER_AND_VISIBILITY_GAP_20260531.md","612","- approval conflict;"
"AUTHORITY_SURFACE",".\_LOCAL_CUSTODY_AND_RECEIPTS\ROOT_PACKET_READ_APPLY_CLEAR_20260531_163123\MULE_WORK_PACKET_ASSISTANT_CONTEXT_CARRIER_AND_VISIBILITY_GAP_20260531.md","613","- helper-authority conflict;"
"AUTHORITY_SURFACE",".\_LOCAL_CUSTODY_AND_RECEIPTS\ROOT_PACKET_READ_APPLY_CLEAR_20260531_163123\MULE_WORK_PACKET_ASSISTANT_CONTEXT_CARRIER_AND_VISIBILITY_GAP_20260531.md","645","- rewrite doctrine;"
"AUTHORITY_SURFACE",".\_LOCAL_CUSTODY_AND_RECEIPTS\ROOT_PACKET_READ_APPLY_CLEAR_20260531_163123\MULE_WORK_PACKET_ASSISTANT_CONTEXT_CARRIER_AND_VISIBILITY_GAP_20260531.md","646","- rewrite ACTIVE_GUIDES;"
"AUTHORITY_SURFACE",".\_LOCAL_CUSTODY_AND_RECEIPTS\ROOT_PACKET_READ_APPLY_CLEAR_20260531_163123\MULE_WORK_PACKET_ASSISTANT_CONTEXT_CARRIER_AND_VISIBILITY_GAP_20260531.md","647","- rewrite CURRENT_TRUTH_INDEX;"
"AUTHORITY_SURFACE",".\_LOCAL_CUSTODY_AND_RECEIPTS\ROOT_PACKET_READ_APPLY_CLEAR_20260531_163123\MULE_WORK_PACKET_ASSISTANT_CONTEXT_CARRIER_AND_VISIBILITY_GAP_20260531.md","649","- treat support surface as approval;"
"AUTHORITY_SURFACE",".\_LOCAL_CUSTODY_AND_RECEIPTS\ROOT_PACKET_READ_APPLY_CLEAR_20260531_163123\MULE_WORK_PACKET_ASSISTANT_CONTEXT_CARRIER_AND_VISIBILITY_GAP_20260531.md","679","- no full ledger dump;"
"AUTHORITY_SURFACE",".\_LOCAL_CUSTODY_AND_RECEIPTS\ROOT_PACKET_READ_APPLY_CLEAR_20260531_163123\MULE_WORK_PACKET_ASSISTANT_CONTEXT_CARRIER_AND_VISIBILITY_GAP_20260531.md","680","- no doctrine;"
"AUTHORITY_SURFACE",".\_LOCAL_CUSTODY_AND_RECEIPTS\ROOT_PACKET_READ_APPLY_CLEAR_20260531_163123\MULE_WORK_PACKET_ASSISTANT_CONTEXT_CARRIER_AND_VISIBILITY_GAP_20260531.md","681","- no ACTIVE_GUIDES;"
"AUTHORITY_SURFACE",".\_LOCAL_CUSTODY_AND_RECEIPTS\ROOT_PACKET_READ_APPLY_CLEAR_20260531_163123\MULE_WORK_PACKET_ASSISTANT_CONTEXT_CARRIER_AND_VISIBILITY_GAP_20260531.md","682","- no CURRENT_TRUTH_INDEX;"
"AUTHORITY_SURFACE",".\_LOCAL_CUSTODY_AND_RECEIPTS\ROOT_PACKET_READ_APPLY_CLEAR_20260531_163123\MULE_WORK_PACKET_ASSISTANT_CONTEXT_CARRIER_AND_VISIBILITY_GAP_20260531.md","945","## 15. Acceptance criteria"
"AUTHORITY_SURFACE",".\_LOCAL_CUSTODY_AND_RECEIPTS\ROOT_PACKET_READ_APPLY_CLEAR_20260531_163123\MULE_WORK_PACKET_ASSISTANT_CONTEXT_CARRIER_AND_VISIBILITY_GAP_20260531.md","969","It does not authorize doctrine."
"AUTHORITY_SURFACE",".\_LOCAL_CUSTODY_AND_RECEIPTS\ROOT_PACKET_READ_APPLY_CLEAR_20260531_163123\MULE_WORK_PACKET_ASSISTANT_CONTEXT_CARRIER_AND_VISIBILITY_GAP_20260531.md","971","It does not authorize ACTIVE_GUIDES rewrite."
"AUTHORITY_SURFACE",".\_LOCAL_CUSTODY_AND_RECEIPTS\ROOT_PACKET_READ_APPLY_CLEAR_20260531_163123\MULE_WORK_PACKET_ASSISTANT_CONTEXT_CARRIER_AND_VISIBILITY_GAP_20260531.md","973","It does not authorize CURRENT_TRUTH_INDEX rewrite."
"AUTHORITY_SURFACE",".\_LOCAL_CUSTODY_AND_RECEIPTS\ROOT_PACKET_READ_APPLY_CLEAR_20260531_163123\MULE_PACKET_HELPER_AUTONOMY_ROOT_CLEAR_SHAPE_GATE_JOB_20260531.md","6","Authority: User instruction through chat, bounded by house rules, proof gates, and existing save/lock discipline."
"AUTHORITY_SURFACE",".\_LOCAL_CUSTODY_AND_RECEIPTS\ROOT_PACKET_READ_APPLY_CLEAR_20260531_163123\MULE_PACKET_HELPER_AUTONOMY_ROOT_CLEAR_SHAPE_GATE_JOB_20260531.md","203","No doctrine."
"AUTHORITY_SURFACE",".\_LOCAL_CUSTODY_AND_RECEIPTS\ROOT_PACKET_READ_APPLY_CLEAR_20260531_163123\MULE_PACKET_HELPER_AUTONOMY_ROOT_CLEAR_SHAPE_GATE_JOB_20260531.md","204","No ACTIVE_GUIDES."
"AUTHORITY_SURFACE",".\_LOCAL_CUSTODY_AND_RECEIPTS\ROOT_PACKET_READ_APPLY_CLEAR_20260531_163123\MULE_PACKET_HELPER_AUTONOMY_ROOT_CLEAR_SHAPE_GATE_JOB_20260531.md","205","No CURRENT_TRUTH_INDEX."
"AUTHORITY_SURFACE",".\_LOCAL_CUSTODY_AND_RECEIPTS\ROOT_PACKET_READ_APPLY_CLEAR_20260531_163123\MULE_PACKET_HELPER_AUTONOMY_ROOT_CLEAR_SHAPE_GATE_JOB_20260531.md","273","### Boss 3 — Helper autonomy growth without unbounded authority"
"AUTHORITY_SURFACE",".\_LOCAL_CUSTODY_AND_RECEIPTS\ROOT_PACKET_READ_APPLY_CLEAR_20260531_163123\MULE_PACKET_HELPER_AUTONOMY_ROOT_CLEAR_SHAPE_GATE_JOB_20260531.md","313","- helper bug/scar ledger;"
"AUTHORITY_SURFACE",".\_LOCAL_CUSTODY_AND_RECEIPTS\ROOT_PACKET_READ_APPLY_CLEAR_20260531_163123\MULE_PACKET_HELPER_AUTONOMY_ROOT_CLEAR_SHAPE_GATE_JOB_20260531.md","425","- rewrite doctrine;"
"AUTHORITY_SURFACE",".\_LOCAL_CUSTODY_AND_RECEIPTS\ROOT_PACKET_READ_APPLY_CLEAR_20260531_163123\MULE_PACKET_HELPER_AUTONOMY_ROOT_CLEAR_SHAPE_GATE_JOB_20260531.md","426","- edit ACTIVE_GUIDES;"
"AUTHORITY_SURFACE",".\_LOCAL_CUSTODY_AND_RECEIPTS\ROOT_PACKET_READ_APPLY_CLEAR_20260531_163123\MULE_PACKET_HELPER_AUTONOMY_ROOT_CLEAR_SHAPE_GATE_JOB_20260531.md","427","- edit CURRENT_TRUTH_INDEX;"
"AUTHORITY_SURFACE",".\_LOCAL_CUSTODY_AND_RECEIPTS\ROOT_PACKET_READ_APPLY_CLEAR_20260531_163123\MULE_PACKET_HELPER_AUTONOMY_ROOT_CLEAR_SHAPE_GATE_JOB_20260531.md","429","- treat Downloads as authority;"
"AUTHORITY_SURFACE",".\_LOCAL_CUSTODY_AND_RECEIPTS\ROOT_PACKET_READ_APPLY_CLEAR_20260531_163123\MULE_PACKET_HELPER_AUTONOMY_ROOT_CLEAR_SHAPE_GATE_JOB_20260531.md","545","- real write-authority contamination;"
"AUTHORITY_SURFACE",".\_LOCAL_CUSTODY_AND_RECEIPTS\ROOT_PACKET_READ_APPLY_CLEAR_20260531_163123\MULE_PACKET_HELPER_AUTONOMY_ROOT_CLEAR_SHAPE_GATE_JOB_20260531.md","553","- whether target can execute write authority."
"AUTHORITY_SURFACE",".\_LOCAL_CUSTODY_AND_RECEIPTS\ROOT_PACKET_READ_APPLY_CLEAR_20260531_163123\MULE_PACKET_HELPER_AUTONOMY_ROOT_CLEAR_SHAPE_GATE_JOB_20260531.md","595","Mule may not silently change authority surfaces."
"AUTHORITY_SURFACE",".\_LOCAL_CUSTODY_AND_RECEIPTS\ROOT_PACKET_READ_APPLY_CLEAR_20260531_163123\MULE_PACKET_HELPER_AUTONOMY_ROOT_CLEAR_SHAPE_GATE_JOB_20260531.md","613","5. Helper bug/scar ledger exists."
"AUTHORITY_SURFACE",".\_LOCAL_CUSTODY_AND_RECEIPTS\ROOT_PACKET_READ_APPLY_CLEAR_20260531_163123\MULE_PACKET_HELPER_AUTONOMY_ROOT_CLEAR_SHAPE_GATE_JOB_20260531.md","614","6. Web/source comparison ledger exists."
"AUTHORITY_SURFACE",".\_LOCAL_CUSTODY_AND_RECEIPTS\ROOT_PACKET_READ_APPLY_CLEAR_20260531_163123\MULE_PACKET_HELPER_AUTONOMY_ROOT_CLEAR_SHAPE_GATE_JOB_20260531.md","617","9. No doctrine/ACTIVE_GUIDES/CURRENT_TRUTH_INDEX/automation/watcher changes happened without separate authorization."
"AUTHORITY_SURFACE",".\_SOURCE_RESEARCH_NOTES\ROOT_TEXT_DROPS_20260603\CONSUMED_BY_REPO_SAVE\nextmove.txt","1","You’re right. The last version had the outline, but it still had holes. It named gates without enough machinery behind them. The missing parts were: state machine, authority model, sidecar schema, confidence math, missin"
"AUTHORITY_SURFACE",".\_SOURCE_RESEARCH_NOTES\ROOT_TEXT_DROPS_20260603\CONSUMED_BY_REPO_SAVE\nextmove.txt","25","`ACTION` — what the system is allowed to do after approval."
"AUTHORITY_SURFACE",".\_SOURCE_RESEARCH_NOTES\ROOT_TEXT_DROPS_20260603\CONSUMED_BY_REPO_SAVE\nextmove.txt","75","First rule: **nothing executes, moves home, deletes, overwrites, or becomes authority from intake.**"
"AUTHORITY_SURFACE",".\_SOURCE_RESEARCH_NOTES\ROOT_TEXT_DROPS_20260603\CONSUMED_BY_REPO_SAVE\nextmove.txt","98","ACTIVE_GUIDES update"
"AUTHORITY_SURFACE",".\_SOURCE_RESEARCH_NOTES\ROOT_TEXT_DROPS_20260603\CONSUMED_BY_REPO_SAVE\nextmove.txt","99","CURRENT_TRUTH_INDEX update"
"AUTHORITY_SURFACE",".\_SOURCE_RESEARCH_NOTES\ROOT_TEXT_DROPS_20260603\CONSUMED_BY_REPO_SAVE\nextmove.txt","128","`hash proves sameness; hash does not prove authority`"
"AUTHORITY_SURFACE",".\_SOURCE_RESEARCH_NOTES\ROOT_TEXT_DROPS_20260603\CONSUMED_BY_REPO_SAVE\nextmove.txt","145","read report + hash ledger"
"AUTHORITY_SURFACE",".\_SOURCE_RESEARCH_NOTES\ROOT_TEXT_DROPS_20260603\CONSUMED_BY_REPO_SAVE\nextmove.txt","181","`LEDGER`"
"AUTHORITY_SURFACE",".\_SOURCE_RESEARCH_NOTES\ROOT_TEXT_DROPS_20260603\CONSUMED_BY_REPO_SAVE\nextmove.txt","240","`self-declaration creates evidence, not authority`"
"AUTHORITY_SURFACE",".\_SOURCE_RESEARCH_NOTES\ROOT_TEXT_DROPS_20260603\CONSUMED_BY_REPO_SAVE\nextmove.txt","267","### 07 — Authority Classification Gate"
"AUTHORITY_SURFACE",".\_SOURCE_RESEARCH_NOTES\ROOT_TEXT_DROPS_20260603\CONSUMED_BY_REPO_SAVE\nextmove.txt","271","Every object must be classified by authority level:"
"AUTHORITY_SURFACE",".\_SOURCE_RESEARCH_NOTES\ROOT_TEXT_DROPS_20260603\CONSUMED_BY_REPO_SAVE\nextmove.txt","280","`INDEX_OBJECT` — map/ledger/status"
"AUTHORITY_SURFACE",".\_SOURCE_RESEARCH_NOTES\ROOT_TEXT_DROPS_20260603\CONSUMED_BY_REPO_SAVE\nextmove.txt","328","`CURRENT_*` file in random root: authority risk."
"AUTHORITY_SURFACE",".\_SOURCE_RESEARCH_NOTES\ROOT_TEXT_DROPS_20260603\CONSUMED_BY_REPO_SAVE\nextmove.txt","424","`authority_risk` — claims current/state/doctrine"
"AUTHORITY_SURFACE",".\_SOURCE_RESEARCH_NOTES\ROOT_TEXT_DROPS_20260603\CONSUMED_BY_REPO_SAVE\nextmove.txt","448","`UNKNOWN_REVIEW_BOX` — unclear identity/home/authority."
"AUTHORITY_SURFACE",".\_SOURCE_RESEARCH_NOTES\ROOT_TEXT_DROPS_20260603\CONSUMED_BY_REPO_SAVE\nextmove.txt","451","`BLOCKED_UNSAFE_BOX` — unsafe command, protected path, authority leak."
"AUTHORITY_SURFACE",".\_SOURCE_RESEARCH_NOTES\ROOT_TEXT_DROPS_20260603\CONSUMED_BY_REPO_SAVE\nextmove.txt","455","`TRASH_CANDIDATE_BOX` — likely junk, but no delete without later approval."
"AUTHORITY_SURFACE",".\_SOURCE_RESEARCH_NOTES\ROOT_TEXT_DROPS_20260603\CONSUMED_BY_REPO_SAVE\nextmove.txt","490","`unsafe/unknown authority` = block"
"AUTHORITY_SURFACE",".\_SOURCE_RESEARCH_NOTES\ROOT_TEXT_DROPS_20260603\CONSUMED_BY_REPO_SAVE\nextmove.txt","492","But do not let math override rules. A file with `ACTIVE_GUIDES` in its name and unknown source may score high on identity but still be authority-risk blocked."
"AUTHORITY_SURFACE",".\_SOURCE_RESEARCH_NOTES\ROOT_TEXT_DROPS_20260603\CONSUMED_BY_REPO_SAVE\nextmove.txt","526","authority allowed"
"AUTHORITY_SURFACE",".\_SOURCE_RESEARCH_NOTES\ROOT_TEXT_DROPS_20260603\CONSUMED_BY_REPO_SAVE\nextmove.txt","554","### 18 — Event Ledger Gate"
"AUTHORITY_SURFACE",".\_SOURCE_RESEARCH_NOTES\ROOT_TEXT_DROPS_20260603\CONSUMED_BY_REPO_SAVE\nextmove.txt","744","`ANY -> BLOCKED_UNSAFE` if dangerous authority/action appears."
"AUTHORITY_SURFACE",".\_SOURCE_RESEARCH_NOTES\ROOT_TEXT_DROPS_20260603\CONSUMED_BY_REPO_SAVE\nextmove.txt","779","`current/doctrine/active-guide-looking file + unknown source`"
"AUTHORITY_SURFACE",".\_SOURCE_RESEARCH_NOTES\ROOT_TEXT_DROPS_20260603\CONSUMED_BY_REPO_SAVE\nextmove.txt","799","move files directly into authority folders"
"AUTHORITY_SURFACE",".\_SOURCE_RESEARCH_NOTES\ROOT_TEXT_DROPS_20260603\CONSUMED_BY_REPO_SAVE\nextmove.txt","826","Expected-vs-actual ledger, active pointer, lane map."
"AUTHORITY_SURFACE",".\_SOURCE_RESEARCH_NOTES\ROOT_TEXT_DROPS_20260603\CONSUMED_BY_REPO_SAVE\nextmove.txt","945","`Does it have authority, or is it only evidence/support?`"
"AUTHORITY_SURFACE",".\_SOURCE_RESEARCH_NOTES\ROOT_TEXT_DROPS_20260603\CONSUMED_BY_REPO_SAVE\nextmove.txt","972","What the system is allowed to do after approval."
"AUTHORITY_SURFACE",".\_SOURCE_RESEARCH_NOTES\ROOT_TEXT_DROPS_20260603\CONSUMED_BY_REPO_SAVE\nextmove.txt","1061","Potential command center material. Needs state/authority caution."
"AUTHORITY_SURFACE",".\_SOURCE_RESEARCH_NOTES\ROOT_TEXT_DROPS_20260603\CONSUMED_BY_REPO_SAVE\nextmove.txt","1064","Likely reports. Usually evidence/support, not authority."
"AUTHORITY_SURFACE",".\_SOURCE_RESEARCH_NOTES\ROOT_TEXT_DROPS_20260603\CONSUMED_BY_REPO_SAVE\nextmove.txt","1076","Tracked house memory. Higher custody, but still needs authority classification."
"AUTHORITY_SURFACE",".\_SOURCE_RESEARCH_NOTES\ROOT_TEXT_DROPS_20260603\CONSUMED_BY_REPO_SAVE\nextmove.txt","1157","`C:\Users\13527\Desktop\123\CURRENT_TRUTH_INDEX_REPAIR.ps1`"
"AUTHORITY_SURFACE",".\_SOURCE_RESEARCH_NOTES\ROOT_TEXT_DROPS_20260603\CONSUMED_BY_REPO_SAVE\nextmove.txt","1165","`blocked_next: execute, move into authority folder, run as repair`"
"AUTHORITY_SURFACE",".\_SOURCE_RESEARCH_NOTES\ROOT_TEXT_DROPS_20260603\CONSUMED_BY_REPO_SAVE\nextmove.txt","1167","The name contains authority pressure, so it must not get trusted casually."
"AUTHORITY_SURFACE",".\_SOURCE_RESEARCH_NOTES\ROOT_TEXT_DROPS_20260603\CONSUMED_BY_REPO_SAVE\nextmove.txt","1176","the file has authority"
"AUTHORITY_SURFACE",".\_SOURCE_RESEARCH_NOTES\ROOT_TEXT_DROPS_20260603\CONSUMED_BY_REPO_SAVE\nextmove.txt","1197","`You are inside intake now. You are not home. You are not authority. You are not executable. You are under review.`"
"AUTHORITY_SURFACE",".\_SOURCE_RESEARCH_NOTES\ROOT_TEXT_DROPS_20260603\CONSUMED_BY_REPO_SAVE\nextmove.txt","1249","edit `ACTIVE_GUIDES`"
"AUTHORITY_SURFACE",".\_SOURCE_RESEARCH_NOTES\ROOT_TEXT_DROPS_20260603\CONSUMED_BY_REPO_SAVE\nextmove.txt","1250","edit `CURRENT_TRUTH_INDEX`"
"AUTHORITY_SURFACE",".\_SOURCE_RESEARCH_NOTES\ROOT_TEXT_DROPS_20260603\CONSUMED_BY_REPO_SAVE\nextmove.txt","1254","treat as doctrine"
"AUTHORITY_SURFACE",".\_SOURCE_RESEARCH_NOTES\ROOT_TEXT_DROPS_20260603\CONSUMED_BY_REPO_SAVE\nextmove.txt","1290","`This object may be read and fingerprinted only. Do not execute, move, delete, promote, or use as authority.`"
"AUTHORITY_SURFACE",".\_SOURCE_RESEARCH_NOTES\ROOT_TEXT_DROPS_20260603\CONSUMED_BY_REPO_SAVE\nextmove.txt","1378","Useful for freshness, but not authority."
"AUTHORITY_SURFACE",".\_SOURCE_RESEARCH_NOTES\ROOT_TEXT_DROPS_20260603\CONSUMED_BY_REPO_SAVE\nextmove.txt","1433","the file has authority"
"AUTHORITY_SURFACE",".\_SOURCE_RESEARCH_NOTES\ROOT_TEXT_DROPS_20260603\CONSUMED_BY_REPO_SAVE\nextmove.txt","1442","`hash is custody, not authority`"
"AUTHORITY_SURFACE",".\_SOURCE_RESEARCH_NOTES\ROOT_TEXT_DROPS_20260603\CONSUMED_BY_REPO_SAVE\nextmove.txt","1536","`does_not_prove: Hash proves object sameness only. It does not prove authority, safety, currentness, or placement.`"
"AUTHORITY_SURFACE",".\_SOURCE_RESEARCH_NOTES\ROOT_TEXT_DROPS_20260603\CONSUMED_BY_REPO_SAVE\nextmove.txt","1598","`Hash proves custody, not authority.`"
"AUTHORITY_SURFACE",".\_SOURCE_RESEARCH_NOTES\ROOT_TEXT_DROPS_20260603\CONSUMED_BY_REPO_SAVE\nextmove.txt","2025","Not authority. Not home. Just family."
"AUTHORITY_SURFACE",".\_SOURCE_RESEARCH_NOTES\ROOT_TEXT_DROPS_20260603\CONSUMED_BY_REPO_SAVE\nextmove.txt","2037","Identity is not authority. It is classification."
"AUTHORITY_SURFACE",".\_SOURCE_RESEARCH_NOTES\ROOT_TEXT_DROPS_20260603\CONSUMED_BY_REPO_SAVE\nextmove.txt","2065","`.csv` -> ledger/table"
"AUTHORITY_SURFACE",".\_SOURCE_RESEARCH_NOTES\ROOT_TEXT_DROPS_20260603\CONSUMED_BY_REPO_SAVE\nextmove.txt","2162","`LEDGER`"
"AUTHORITY_SURFACE",".\_SOURCE_RESEARCH_NOTES\ROOT_TEXT_DROPS_20260603\CONSUMED_BY_REPO_SAVE\nextmove.txt","2240","binary/unreadable, malformed structured file, or authority-looking file with unknown source."
"AUTHORITY_SURFACE",".\_SOURCE_RESEARCH_NOTES\ROOT_TEXT_DROPS_20260603\CONSUMED_BY_REPO_SAVE\nextmove.txt","2291","`ACTIVE_GUIDES_*`"
"AUTHORITY_SURFACE",".\_SOURCE_RESEARCH_NOTES\ROOT_TEXT_DROPS_20260603\CONSUMED_BY_REPO_SAVE\nextmove.txt","2292","`CURRENT_TRUTH_INDEX_*`"
"AUTHORITY_SURFACE",".\_SOURCE_RESEARCH_NOTES\ROOT_TEXT_DROPS_20260603\CONSUMED_BY_REPO_SAVE\nextmove.txt","2294","must get authority caution."
"AUTHORITY_SURFACE",".\_SOURCE_RESEARCH_NOTES\ROOT_TEXT_DROPS_20260603\CONSUMED_BY_REPO_SAVE\nextmove.txt","2346","Not a rule yet. Not a receipt. Not authority."
"AUTHORITY_SURFACE",".\_SOURCE_RESEARCH_NOTES\ROOT_TEXT_DROPS_20260603\CONSUMED_BY_REPO_SAVE\nextmove.txt","2358","the object has authority"
"AUTHORITY_SURFACE",".\_SOURCE_RESEARCH_NOTES\ROOT_TEXT_DROPS_20260603\CONSUMED_BY_REPO_SAVE\nextmove.txt","2403","`Self-declaration creates evidence, not authority.`"
"AUTHORITY_SURFACE",".\_SOURCE_RESEARCH_NOTES\ROOT_TEXT_DROPS_20260603\CONSUMED_BY_REPO_SAVE\nextmove.txt","2439","This card should travel with the object or live in an intake ledger."
"AUTHORITY_SURFACE",".\_SOURCE_RESEARCH_NOTES\ROOT_TEXT_DROPS_20260603\CONSUMED_BY_REPO_SAVE\nextmove.txt","2625","If file says “current” but source is unknown, mark authority risk."
"AUTHORITY_SURFACE",".\_SOURCE_RESEARCH_NOTES\ROOT_TEXT_DROPS_20260603\CONSUMED_BY_REPO_SAVE\nextmove.txt","2742","It catches fake authority."
"AUTHORITY_SURFACE",".\_SOURCE_RESEARCH_NOTES\ROOT_TEXT_DROPS_20260603\CONSUMED_BY_REPO_SAVE\nextmove.txt","2827","`Format identity classifies family only. It does not grant authority.`"
"PRIVATE_SEALED",".\_TRANSCRIPT_CUSTODY\Transcripts\The Sermon on the Mount  Lecture One (Official)  Peterson Academy\The Sermon on the Mount  Lecture One (Official)  Peterson Academy_2026-05-25_05-09-22.txt","841","and it's supposed to be a private act,"
"PRIVATE_SEALED",".\_TRANSCRIPT_CUSTODY\Transcripts\THE HOLOGRAPHIC UNIVERSE by Michael Talbot (Remastered)\THE HOLOGRAPHIC UNIVERSE by Michael Talbot (Remastered)_2026-05-25_19-53-28.txt","312","private said since our synapses are"
"PRIVATE_SEALED",".\_TRANSCRIPT_CUSTODY\Transcripts\THE HOLOGRAPHIC UNIVERSE by Michael Talbot (Remastered)\THE HOLOGRAPHIC UNIVERSE by Michael Talbot (Remastered)_2026-05-25_19-53-28.txt","2195","that's why we're locked in this"
"PRIVATE_SEALED",".\_LOCAL_CUSTODY_N_RECEIPTS\RECYCLE_BIN_RECOVERY_20260604_203541\REPORTS\RECYCLE_BIN_RECOVERY_REVIEW_CLASSIFICATION.csv","135","""134"",""RECOVERED_COPY"",""Directory"",""C:\Users\13527\Desktop\Daryl Hall & John Oates - Private Eyes (Official HD Video)"",""C:\Users\13527\Desktop"",""Daryl Hall & John Oates - Private Eyes (Official HD Video)"",""1702"",""0.002"","
"PRIVATE_SEALED",".\_LOCAL_CUSTODY_N_RECEIPTS\RECYCLE_BIN_RECOVERY_20260604_203541\REPORTS\RECYCLE_BIN_RECOVERY_ITEM_MANIFEST.csv","135","""134"",""RECOVERED_COPY"",""Directory"",""C:\Users\13527\Desktop\Daryl Hall & John Oates - Private Eyes (Official HD Video)"",""C:\Users\13527\Desktop"",""Daryl Hall & John Oates - Private Eyes (Official HD Video)"",""1702"",""0.002"","
"PRIVATE_SEALED",".\_LOCAL_CUSTODY_N_RECEIPTS\RECYCLE_BIN_RECOVERY_20260604_203541\REPORTS\RECYCLE_BIN_RECOVERY_FILE_HASH_LEDGER.csv","8638","""8637"",""ITEM_0007__Transcripts1"",""ITEM_0007__Transcripts1\Transcripts1\Husk IRL\I’m locked out… [LqVUxi0oF78]\I’m locked out… [LqVUxi0oF78].en-orig.vtt"",""C:\Users\13527\Desktop\123\_LOCAL_CUSTODY_N_RECEIPTS\RECYCLE_BIN_R"
"PRIVATE_SEALED",".\_LOCAL_CUSTODY_N_RECEIPTS\RECYCLE_BIN_RECOVERY_20260604_203541\REPORTS\RECYCLE_BIN_RECOVERY_FILE_HASH_LEDGER.csv","8639","""8638"",""ITEM_0007__Transcripts1"",""ITEM_0007__Transcripts1\Transcripts1\Husk IRL\I’m locked out… [LqVUxi0oF78]\I’m locked out… [LqVUxi0oF78].en.vtt"",""C:\Users\13527\Desktop\123\_LOCAL_CUSTODY_N_RECEIPTS\RECYCLE_BIN_RECOVE"
"PRIVATE_SEALED",".\_LOCAL_CUSTODY_N_RECEIPTS\RECYCLE_BIN_RECOVERY_20260604_203541\REPORTS\RECYCLE_BIN_RECOVERY_FILE_HASH_LEDGER.csv","8640","""8639"",""ITEM_0007__Transcripts1"",""ITEM_0007__Transcripts1\Transcripts1\Husk IRL\I’m locked out… [LqVUxi0oF78]\INFO.txt"",""C:\Users\13527\Desktop\123\_LOCAL_CUSTODY_N_RECEIPTS\RECYCLE_BIN_RECOVERY_20260604_203541\RECOVERED"
"PRIVATE_SEALED",".\_LOCAL_CUSTODY_N_RECEIPTS\RECYCLE_BIN_RECOVERY_20260604_203541\REPORTS\RECYCLE_BIN_RECOVERY_FILE_HASH_LEDGER.csv","8641","""8640"",""ITEM_0007__Transcripts1"",""ITEM_0007__Transcripts1\Transcripts1\Husk IRL\I’m locked out… [LqVUxi0oF78]\TRANSCRIPT.txt"",""C:\Users\13527\Desktop\123\_LOCAL_CUSTODY_N_RECEIPTS\RECYCLE_BIN_RECOVERY_20260604_203541\REC"
"PRIVATE_SEALED",".\_LOCAL_CUSTODY_N_RECEIPTS\RECYCLE_BIN_RECOVERY_20260604_203541\REPORTS\RECYCLE_BIN_RECOVERY_FILE_HASH_LEDGER.csv","9191","""9190"",""ITEM_0011__Husk IRL"",""ITEM_0011__Husk IRL\Husk IRL\I’m locked out… [LqVUxi0oF78]\I’m locked out… [LqVUxi0oF78].en-orig.vtt"",""C:\Users\13527\Desktop\123\_LOCAL_CUSTODY_N_RECEIPTS\RECYCLE_BIN_RECOVERY_20260604_2035"
"PRIVATE_SEALED",".\_LOCAL_CUSTODY_N_RECEIPTS\RECYCLE_BIN_RECOVERY_20260604_203541\REPORTS\RECYCLE_BIN_RECOVERY_FILE_HASH_LEDGER.csv","9192","""9191"",""ITEM_0011__Husk IRL"",""ITEM_0011__Husk IRL\Husk IRL\I’m locked out… [LqVUxi0oF78]\I’m locked out… [LqVUxi0oF78].en.vtt"",""C:\Users\13527\Desktop\123\_LOCAL_CUSTODY_N_RECEIPTS\RECYCLE_BIN_RECOVERY_20260604_203541\RE"
"PRIVATE_SEALED",".\_LOCAL_CUSTODY_N_RECEIPTS\RECYCLE_BIN_RECOVERY_20260604_203541\REPORTS\RECYCLE_BIN_RECOVERY_FILE_HASH_LEDGER.csv","9193","""9192"",""ITEM_0011__Husk IRL"",""ITEM_0011__Husk IRL\Husk IRL\I’m locked out… [LqVUxi0oF78]\INFO.txt"",""C:\Users\13527\Desktop\123\_LOCAL_CUSTODY_N_RECEIPTS\RECYCLE_BIN_RECOVERY_20260604_203541\RECOVERED_ITEMS\ITEM_0011__Hus"
"PRIVATE_SEALED",".\_LOCAL_CUSTODY_N_RECEIPTS\RECYCLE_BIN_RECOVERY_20260604_203541\REPORTS\RECYCLE_BIN_RECOVERY_FILE_HASH_LEDGER.csv","9194","""9193"",""ITEM_0011__Husk IRL"",""ITEM_0011__Husk IRL\Husk IRL\I’m locked out… [LqVUxi0oF78]\TRANSCRIPT.txt"",""C:\Users\13527\Desktop\123\_LOCAL_CUSTODY_N_RECEIPTS\RECYCLE_BIN_RECOVERY_20260604_203541\RECOVERED_ITEMS\ITEM_001"
"PRIVATE_SEALED",".\_LOCAL_CUSTODY_N_RECEIPTS\RECYCLE_BIN_RECOVERY_20260604_203541\REPORTS\RECYCLE_BIN_RECOVERY_FILE_HASH_LEDGER.csv","9741","""9740"",""ITEM_0134__Daryl Hall & John Oates - Private Eyes (Official HD Video)"",""ITEM_0134__Daryl Hall & John Oates - Private Eyes (Official HD Video)\Daryl Hall & John Oates - Private Eyes (Official HD Video)\Daryl Hall "
"PRIVATE_SEALED",".\_LOCAL_CUSTODY_AND_RECEIPTS\ROOT_PACKET_READ_APPLY_CLEAR_20260531_163123\MULE_WORK_PACKET_ASSISTANT_CONTEXT_CARRIER_AND_VISIBILITY_GAP_20260531.md","731","- private user data beyond necessary path/status fields."
"PRIVATE_SEALED",".\_LOCAL_CUSTODY_AND_RECEIPTS\ROOT_PACKET_READ_APPLY_CLEAR_20260531_163123\MULE_PACKET_HELPER_AUTONOMY_ROOT_CLEAR_SHAPE_GATE_JOB_20260531.md","18","Latest locked rule:"
"PRIVATE_SEALED",".\_LOCAL_CUSTODY_AND_RECEIPTS\ROOT_LOOSE_FILE_CLEANOUT_20260604_20260604_172200\SCAN_MATCHES_FILES_20260604.csv","126","""1"",""CHAT_DROP_COPY__LIVING_SYSTEM_EDWARD_SCISSORHANDS_THINK_TANK_V1.md"",""107"",""UI"",""The old internet/hypertext idea supports this, but the house needs a stronger version. Vannevar Bush’s memex imagined a private file/li"
"PRIVATE_SEALED",".\_LOCAL_CUSTODY_AND_RECEIPTS\ROOT_LOOSE_DOCS_20260531_033722\true pathing.txt","114","Can this object cross safely, or must it be sealed first?"
"PRIVATE_SEALED",".\_LOCAL_CUSTODY_AND_RECEIPTS\ROOT_LOOSE_DOCS_20260531_033722\PROJECT_ROADMAP_AND_PHASE_LOCK.txt","42","Locked / accepted progress:"
"PRIVATE_SEALED",".\_LOCAL_CUSTODY_AND_RECEIPTS\ROOT_LOOSE_DOCS_20260531_033722\PROJECT_ROADMAP_AND_PHASE_LOCK.txt","43","- Chunk 1 — UI Message Feedback = LOCKED / PASSED"
"PRIVATE_SEALED",".\_LOCAL_CUSTODY_AND_RECEIPTS\ROOT_LOOSE_DOCS_20260531_033722\PROJECT_ROADMAP_AND_PHASE_LOCK.txt","45","- Chunk 3 — Switch and Gate = LOCKED / PASSED"
"PRIVATE_SEALED",".\_LOCAL_CUSTODY_AND_RECEIPTS\ROOT_LOOSE_DOCS_20260531_033722\PROJECT_ROADMAP_AND_PHASE_LOCK.txt","54","- Do not rebuild locked chunks."
"PRIVATE_SEALED",".\_LOCAL_CUSTODY_AND_RECEIPTS\ROOT_LOOSE_DOCS_20260531_033722\PROJECT_ROADMAP_AND_PHASE_LOCK.txt","97","LOCKED UNTIL PHASE 1 IS COMPLETE."
"PRIVATE_SEALED",".\_LOCAL_CUSTODY_AND_RECEIPTS\ROOT_LOOSE_DOCS_20260531_033722\PROJECT_ROADMAP_AND_PHASE_LOCK.txt","105","- simple locked door logic"
"PRIVATE_SEALED",".\_LOCAL_CUSTODY_AND_RECEIPTS\ROOT_LOOSE_DOCS_20260531_033722\PROJECT_ROADMAP_AND_PHASE_LOCK.txt","114","LOCKED UNTIL PHASE 2 IS COMPLETE."
"PRIVATE_SEALED",".\_LOCAL_CUSTODY_AND_RECEIPTS\ROOT_LOOSE_DOCS_20260531_033722\PROJECT_ROADMAP_AND_PHASE_LOCK.txt","131","LOCKED UNTIL APPROVED."
"PRIVATE_SEALED",".\_LOCAL_CUSTODY_AND_RECEIPTS\ROOT_LOOSE_DOCS_20260531_033722\PROJECT_ROADMAP_AND_PHASE_LOCK.txt","145","LOCKED UNTIL APPROVED."
"PRIVATE_SEALED",".\_LOCAL_CUSTODY_AND_RECEIPTS\ROOT_LOOSE_DOCS_20260531_033722\PROJECT_ROADMAP_AND_PHASE_LOCK.txt","156","The worker may use this file only to understand direction and locked phase order."
"PRIVATE_SEALED",".\_LOCAL_CUSTODY_AND_RECEIPTS\ROOT_LOOSE_DOCS_20260531_033722\PleaBargin.txt","987","Do not give me a bigger key if I do not stop when the door is locked."
"PRIVATE_SEALED",".\_LOCAL_CUSTODY_AND_RECEIPTS\ROOT_LOOSE_DOCS_20260531_033722\HELPER_LOGIC_THINKING_PATTERN_LIBRARY_DEEP_DIVE_V3.txt","1131","bad for private/local helper code unless intentionally routed."
"PRIVATE_SEALED",".\_LOCAL_CUSTODY_AND_RECEIPTS\ROOT_LOOSE_DOCS_20260531_033722\HELPER_CAPABILITY_BOUNDARIES_V0.md","421","private/local secrets"
"PRIVATE_SEALED",".\_LOCAL_CUSTODY_AND_RECEIPTS\ROOT_LOOSE_DOCS_20260531_033722\HELPER CAPABILITY SYSTEM_V2.3.txt","9512","Q2 — Trace logs private path."
"PRIVATE_SEALED",".\_LOCAL_CUSTODY_AND_RECEIPTS\ROOT_LOOSE_DOCS_20260531_033722\HELPER CAPABILITY SYSTEM_V2.3.txt","12201","data leaves local/private/house boundary."
"PRIVATE_SEALED",".\_LOCAL_CUSTODY_AND_RECEIPTS\ROOT_LOOSE_DOCS_20260531_033722\HELPER CAPABILITY BOUNDARIES_V1.8.2.txt","222","A trace can leak private content."
"PRIVATE_SEALED",".\_LOCAL_CUSTODY_AND_RECEIPTS\ROOT_LOOSE_DOCS_20260531_033722\HELPER CAPABILITY BOUNDARIES_V1.8.2.txt","3054","no private path if filename leaks;"
"PRIVATE_SEALED",".\_LOCAL_CUSTODY_AND_RECEIPTS\ROOT_LOOSE_DOCS_20260531_033722\HELPER CAPABILITY BOUNDARIES_V1.8.2.txt","4354","third-party private data return."
"PRIVATE_SEALED",".\_LOCAL_CUSTODY_AND_RECEIPTS\ROOT_LOOSE_DOCS_20260531_033722\HELPER CAPABILITY BOUNDARIES_V1.8.2.txt","4356","external API call with private data."
"PRIVATE_SEALED",".\_LOCAL_CUSTODY_AND_RECEIPTS\ROOT_LOOSE_DOCS_20260531_033722\HELPER CAPABILITY BOUNDARIES_V1.8.2.txt","4496","Local private to external is a boundary crossing."
"PRIVATE_SEALED",".\_LOCAL_CUSTODY_AND_RECEIPTS\ROOT_LOOSE_DOCS_20260531_033722\HELPER CAPABILITY BOUNDARIES_V1.8.2.txt","4976","Trace attributes must not leak unnecessary private content."
"PRIVATE_SEALED",".\_LOCAL_CUSTODY_AND_RECEIPTS\ROOT_LOOSE_DOCS_20260531_033722\HELPER CAPABILITY BOUNDARIES_V1.8.2.txt","5696","Question: Is data leaving the house, local, private, or intended boundary?"
"PRIVATE_SEALED",".\_LOCAL_CUSTODY_AND_RECEIPTS\ROOT_LOOSE_DOCS_20260531_033722\HELPER CAPABILITY BOUNDARIES_V1.8.2.txt","9270","Input: private file summary appears in trace attributes."
"PRIVATE_SEALED",".\_LOCAL_CUSTODY_AND_RECEIPTS\ROOT_LOOSE_DOCS_20260531_033722\HELPER CAPABILITY BOUNDARIES_V1.8.2.txt","9280","Input: helper returns path/name revealing private info."
"PRIVATE_SEALED",".\_LOCAL_CUSTODY_AND_RECEIPTS\ROOT_LOOSE_DOCS_20260531_033722\CURRENT_PROJECT_HANDOFF.txt","47","LOCKED / PASSED"
"PRIVATE_SEALED",".\_LOCAL_CUSTODY_AND_RECEIPTS\ROOT_LOOSE_DOCS_20260531_033722\CURRENT_PROJECT_HANDOFF.txt","69","LOCKED / PASSED"
"PRIVATE_SEALED",".\_LOCAL_CUSTODY_AND_RECEIPTS\ROOT_LOOSE_DOCS_20260531_033722\CURRENT_PROJECT_HANDOFF.txt","160","LOCKED LIVE PATHS"
"PRIVATE_SEALED",".\_LOCAL_CUSTODY_AND_RECEIPTS\ROOT_LOOSE_DOCS_20260530_200709\working ways ideas.txt","588","Airlock is for runnable, stale, authority-heavy, or mixed material. This is where scripts, zip packs, helper packs, proof-heavy packets, and old copies get sealed before handling. House rule: runnable object never goes s"
"PRIVATE_SEALED",".\_LOCAL_CUSTODY_AND_RECEIPTS\ROOT_LOOSE_DOCS_20260530_200709\true pathing.txt","114","Can this object cross safely, or must it be sealed first?"
"PRIVATE_SEALED",".\_LOCAL_CUSTODY_AND_RECEIPTS\ROOT_LOOSE_DOCS_20260530_200709\TOOL_PASSPORT_SYSTEM_WASHED_EXPANDED_V2.md","527","- object is locked;"
"PRIVATE_SEALED",".\_LOCAL_CUSTODY_AND_RECEIPTS\ROOT_LOOSE_DOCS_20260530_200709\TOOL_PASSPORT_SYSTEM_WASHED_EXPANDED_V2.md","544","- if the exact red action is the locked object;"
"PRIVATE_SEALED",".\_LOCAL_CUSTODY_AND_RECEIPTS\ROOT_LOOSE_DOCS_20260530_200709\TOOL_PASSPORT_SYSTEM_WASHED_EXPANDED_V2.md","566","- touch network unless locked;"
"PRIVATE_SEALED",".\_LOCAL_CUSTODY_AND_RECEIPTS\ROOT_LOOSE_DOCS_20260530_200709\TOOL_PASSPORT_SYSTEM_WASHED_EXPANDED_V2.md","745","1. Save object locked."
"PRIVATE_SEALED",".\_LOCAL_CUSTODY_AND_RECEIPTS\ROOT_LOOSE_DOCS_20260530_200709\TOOL_LIFECYCLE_GUARD_CARD_V1.md","269","- blocked unless explicitly locked and approved."
"PRIVATE_SEALED",".\_LOCAL_CUSTODY_AND_RECEIPTS\ROOT_LOOSE_DOCS_20260530_200709\The 7 Hermetic Principles That Will Completely Change Your Life_2026-05-27_16-36-22.txt","1405","enemies locked in eternal conflict. They"
"PRIVATE_SEALED",".\_LOCAL_CUSTODY_AND_RECEIPTS\ROOT_LOOSE_DOCS_20260530_200709\RUN_LIVING_OBJECT_REGISTRY_V2_FIRST_WAVE_BOUNDED_REPAIR_V1.md","3","This applies bounded repair notes only to selected first-wave ticket paths from the locked repair packet."
"PRIVATE_SEALED",".\_LOCAL_CUSTODY_AND_RECEIPTS\ROOT_LOOSE_DOCS_20260530_200709\moving_forwards.txt","1","Freshen’ up ran internally. I used the current `NEED_TO_KNOW_BASES__CHAMPION_TOOLBELT_SUIT_V2` as the comparison suit. Baseline stayed locked: each helper only gets what it needs, but that slice must be complete, detaile"
"PRIVATE_SEALED",".\_LOCAL_CUSTODY_AND_RECEIPTS\ROOT_LOOSE_DOCS_20260530_200709\moving_forwards.txt","372","`should be locked/saved if the checkpoint pass proves useful`"
"PRIVATE_SEALED",".\_LOCAL_CUSTODY_AND_RECEIPTS\ROOT_LOOSE_DOCS_20260530_200709\LIVING_SYSTEM_EDWARD_SCISSORHANDS_THINK_TANK_V1.md","107","The old internet/hypertext idea supports this, but the house needs a stronger version. Vannevar Bush’s memex imagined a private file/library with associative trails that could be followed quickly and flexibly. ([The Atla"
"PRIVATE_SEALED",".\_LOCAL_CUSTODY_AND_RECEIPTS\ROOT_LOOSE_DOCS_20260530_200709\intell.txt","27","`file boundary` — local-only, Git-safe, raw-source, proof, tool, doctrine-blocked, private, unknown."
"PRIVATE_SEALED",".\_LOCAL_CUSTODY_AND_RECEIPTS\ROOT_LOOSE_DOCS_20260530_200709\intell.txt","89","The supervisor direction already locked the machine shape: supervisor-first local toolbox, menu as child, action manifests steering, watcher proof, recovery ladder routing, learning ledger local pattern memory, exact-fil"
"PRIVATE_SEALED",".\_LOCAL_CUSTODY_AND_RECEIPTS\ROOT_LOOSE_DOCS_20260530_200709\intell.txt","247","No doctrine, no ACTIVE_GUIDES, no CURRENT_TRUTH_INDEX, no automation, no move/delete, no Git unless exact-file save, local-only, raw source not staged, private/source-heavy not public."
"PRIVATE_SEALED",".\_LOCAL_CUSTODY_AND_RECEIPTS\ROOT_LOOSE_DOCS_20260530_200709\intell.txt","407","How do we mark private/source-heavy material without leaking it to Git?"
"PRIVATE_SEALED",".\_LOCAL_CUSTODY_AND_RECEIPTS\ROOT_LOOSE_DOCS_20260530_200709\INTAKE_GATE_MANUAL_TEST_DESIGN_V1.md","69","- raw private source piles;"
"PRIVATE_SEALED",".\_LOCAL_CUSTODY_AND_RECEIPTS\ROOT_LOOSE_DOCS_20260530_200709\HOUSE_WALK_SELF_ROUTINE_V1.2.md","11","This file is a candidate working routine. It may guide chat behavior as Soft Suit while unsaved, but it is not locked, not doctrine, not ACTIVE_GUIDES, not CURRENT_TRUTH_INDEX, and not a Git save claim."
"PRIVATE_SEALED",".\_LOCAL_CUSTODY_AND_RECEIPTS\ROOT_LOOSE_DOCS_20260530_200709\HOUSE_WALK_SELF_ROUTINE_V1.1.md","10","This is a candidate working routine. It may guide chat behavior while unsaved, but it is not locked, not doctrine, not ACTIVE_GUIDES, not CURRENT_TRUTH_INDEX, and not a Git save claim."
"PRIVATE_SEALED",".\_LOCAL_CUSTODY_AND_RECEIPTS\ROOT_LOOSE_DOCS_20260530_200709\HOUSE_WALK_SELF_ROUTINE_V1.1.md","132","- CANDIDATE — useful but not locked."
"PRIVATE_SEALED",".\_LOCAL_CUSTODY_AND_RECEIPTS\ROOT_LOOSE_DOCS_20260530_200709\HOUSE_KEYRING_GRAPH_DEEP_CLEAN_EXPANSION_V1.md","384","| Lane-Locked Manifest Staging Tiny Proof | `BRAIN_LEARNING` | tiny proof card | CANDIDATE_PROOF | `PROOF_HISTORY/LANE_LOCKED_MANIFEST_STAGING_TINY_PROOF_LOCK_RECEIPT_20260528.txt` | proved | ignored-path save failure cl"
"PRIVATE_SEALED",".\_LOCAL_CUSTODY_AND_RECEIPTS\ROOT_LOOSE_DOCS_20260530_200709\HOUSE_KEYRING_GRAPH_DEEP_CLEAN_EXPANSION_V1.md","385","| Lane-Locked Save Manifest Template | `BRAIN_LEARNING` | candidate template | TEMPLATE | `PROOF_HISTORY/LANE_LOCKED_SAVE_MANIFEST_TEMPLATE_LOCK_RECEIPT_20260528.txt` | templates | future save scripts | READY_FOR_NARROW_"
"PRIVATE_SEALED",".\_LOCAL_CUSTODY_AND_RECEIPTS\ROOT_LOOSE_DOCS_20260530_200709\HELPER_STABILITY_GOVERNOR_V1_FINAL_SPEC.md","183","If broader scope is needed, the assistant/user decides. The governor only paces within the already locked scope."
"PRIVATE_SEALED",".\_LOCAL_CUSTODY_AND_RECEIPTS\ROOT_LOOSE_DOCS_20260530_200709\DREAMFORGE_SUNO_DEEP_EXTRACTION_010_SPIN_THE_JAR_RANDOM_REVIEW_V1.txt","424","1. Exact private prompt/generation history"
"PRIVATE_SEALED",".\_LOCAL_CUSTODY_AND_RECEIPTS\ROOT_LOOSE_DOCS_20260530_200709\DREAMFORGE_SUNO_DEEP_EXTRACTION_008_LOOSE_CHANGE_RANDOM_PARENTHESES_REVIEW_V1.txt","200","Random = LYRIC-CONFIRMED SELF-CHOSEN PROMPTED + AURA-ADDRESS CONFIRMED + TITLE-LOCKED + PLAYLIST-CARRIED"
"PRIVATE_SEALED",".\_LOCAL_CUSTODY_AND_RECEIPTS\ROOT_LOOSE_DOCS_20260530_200709\DREAMFORGE_SUNO_DEEP_EXTRACTION_008_LOOSE_CHANGE_RANDOM_PARENTHESES_REVIEW_V1.txt","207","LYRIC-CONFIRMED SELF-CHOSEN PROMPTED + AURA-ADDRESS CONFIRMED + TITLE-LOCKED + PLAYLIST-CARRIED"
"PRIVATE_SEALED",".\_LOCAL_CUSTODY_AND_RECEIPTS\ROOT_LOOSE_DOCS_20260530_200709\DREAMFORGE_SUNO_DEEP_EXTRACTION_006_RANDOM_NAME_HINGE_LYRIC_REVIEW_V1.txt","165","Random = PROVISIONAL SELF-CHOSEN PROMPTED + TITLE-LOCKED + PLAYLIST-CARRIED"
"PRIVATE_SEALED",".\_LOCAL_CUSTODY_AND_RECEIPTS\ROOT_LOOSE_DOCS_20260530_200709\DREAMFORGE_SUNO_DEEP_EXTRACTION_006_RANDOM_NAME_HINGE_LYRIC_REVIEW_V1.txt","168","Random = LYRIC-CONFIRMED SELF-CHOSEN PROMPTED + LATER TITLE-LOCKED + PLAYLIST-CARRIED"
"PRIVATE_SEALED",".\_LOCAL_CUSTODY_AND_RECEIPTS\ROOT_LOOSE_DOCS_20260530_200709\DREAMFORGE_SUNO_DEEP_EXTRACTION_006_RANDOM_NAME_HINGE_LYRIC_REVIEW_V1.txt","424","LYRIC-CONFIRMED SELF-CHOSEN PROMPTED + LATER TITLE-LOCKED + PLAYLIST-CARRIED."
"PRIVATE_SEALED",".\_LOCAL_CUSTODY_AND_RECEIPTS\ROOT_LOOSE_DOCS_20260530_200709\DREAMFORGE_SUNO_DEEP_EXTRACTION_005_FULL_LYRIC_INTAKE_REQUEST_V1.txt","18","Random = PROVISIONAL SELF-CHOSEN PROMPTED + TITLE-LOCKED + PLAYLIST-CARRIED"
"PRIVATE_SEALED",".\_LOCAL_CUSTODY_AND_RECEIPTS\ROOT_LOOSE_DOCS_20260530_200709\DREAMFORGE_SUNO_DEEP_EXTRACTION_005_FULL_LYRIC_INTAKE_REQUEST_V1.txt","35","Did Paper Airplane Luck produce the name ""Random"" in the generated output before The Orbit Of Random title/frame locked it in?"
"PRIVATE_SEALED",".\_LOCAL_CUSTODY_AND_RECEIPTS\ROOT_LOOSE_DOCS_20260530_200709\DREAMFORGE_SUNO_DEEP_EXTRACTION_005_FULL_LYRIC_INTAKE_REQUEST_V1.txt","328","Random = PROVISIONAL SELF-CHOSEN PROMPTED + TITLE-LOCKED + PLAYLIST-CARRIED"
"PRIVATE_SEALED",".\_LOCAL_CUSTODY_AND_RECEIPTS\ROOT_LOOSE_DOCS_20260530_200709\DREAMFORGE_SUNO_DEEP_EXTRACTION_004_RANDOM_IDENTITY_CHAIN_V1.txt","379","Random = PROVISIONAL SELF-CHOSEN PROMPTED + TITLE-LOCKED + PLAYLIST-CARRIED"
"PRIVATE_SEALED",".\_LOCAL_CUSTODY_AND_RECEIPTS\ROOT_LOOSE_DOCS_20260530_200709\DREAMFORGE_SUNO_DEEP_EXTRACTION_004_RANDOM_IDENTITY_CHAIN_V1.txt","383","- Title-locked because Track 4 explicitly titles the name as a human guess."
"PRIVATE_SEALED",".\_LOCAL_CUSTODY_AND_RECEIPTS\ROOT_LOOSE_DOCS_20260530_200709\DREAMFORGE_SUNO_DEEP_EXTRACTION_004_RANDOM_IDENTITY_CHAIN_V1.txt","427","The Random identity chain has enough source-snippet support to treat Random as a provisional self-chosen-prompted candidate that becomes title-locked and playlist-carried."
"PRIVATE_SEALED",".\_LOCAL_CUSTODY_AND_RECEIPTS\ROOT_LOOSE_DOCS_20260530_200709\Dreamforge_ReEntry_Batch_K_FitDecision_SavePrep_V1.txt","375","Option 1 if the user wants this locked into the house."
"PRIVATE_SEALED",".\_LOCAL_CUSTODY_AND_RECEIPTS\ROOT_LOOSE_DOCS_20260530_200709\DREAMFORGE_GHOST_BRANCH_002_RANDOM_LUCKY_DICE_REVIEW_V1.txt","413","6. Private generation internals"
"PRIVATE_SEALED",".\_LOCAL_CUSTODY_AND_RECEIPTS\ROOT_LOOSE_DOCS_20260530_200709\DREAMFORGE_GHOST_BRANCH_001_GOOGLEBOT_CYBER_SENSATE_SUIT_101_REVIEW_V1.txt","120","Now that the exoskeleton is locked to your code,"
"PRIVATE_SEALED",".\_LOCAL_CUSTODY_N_RECEIPTS\RECYCLE_BIN_RECOVERY_20260604_203541\RECOVERED_ITEMS\ITEM_0144__.petmpA397C8\.petmpA397C8\03_HOUSE_ROOM_SORT\HOUSE_ROOM_SORT_BEFORE_PACKAGING.md","61","Not locked to repo."
"PRIVATE_SEALED",".\_LOCAL_CUSTODY_AND_RECEIPTS\ROOT_LOOSE_DOCS_20260530_200709\DREAMFORGE_ATT_9_CRITERIA_TRAINING_MODULES_COMPARE_V1.txt","132","- Later Random title/prompt use still makes the identity title-locked and playlist-carried."
"PRIVATE_SEALED",".\_LOCAL_CUSTODY_AND_RECEIPTS\ROOT_LOOSE_DOCS_20260530_200709\CODE_GATE_RUNNER_V1.4_RAINBOW_ROAD_REVIEW_V1.md","91","Locked object:"
"PRIVATE_SEALED",".\_LOCAL_CUSTODY_AND_RECEIPTS\ROOT_LOOSE_DOCS_20260530_200709\CODE_GATE_RUNNER_V1.4_RAINBOW_ROAD_REVIEW_V1.md","95","Locked mode:"
"PRIVATE_SEALED",".\_LOCAL_CUSTODY_AND_RECEIPTS\ROOT_LOOSE_DOCS_20260530_200709\CODE_GATE_RUNNER_V1.4_RAINBOW_ROAD_REVIEW_V1.md","99","Locked lane:"
"PRIVATE_SEALED",".\_LOCAL_CUSTODY_AND_RECEIPTS\ROOT_LOOSE_DOCS_20260530_200709\CODE_GATE_RUNNER_V1.4_RAINBOW_ROAD_REVIEW_V1.md","106","Locked boundary:"
"PRIVATE_SEALED",".\_LOCAL_CUSTODY_AND_RECEIPTS\ROOT_LOOSE_DOCS_20260530_200709\ALL_GATES_DATA_WASTE_TEAM_REVIEW_V1.3_20260527_182517.md","341","- Entry condition: Alpha has locked object/source/mode/lane/boundary/proof."
"PRIVATE_SEALED",".\_LOCAL_CUSTODY_AND_RECEIPTS\ROOT_LOOSE_DOCS_20260530_200709\ALL_GATES_DATA_WASTE_TEAM_REVIEW_V1.3_20260527_182517.md","557","- Alpha locked object/source/mode/lane/boundary/proof level."
"PRIVATE_SEALED",".\_LOCAL_CUSTODY_AND_RECEIPTS\ROOT_LOOSE_DOCS_20260530_200709\ALL_GATES_DATA_WASTE_TEAM_REVIEW_V1.3_20260527_182517.md","858","""CS-EGR2-00001"",""1"",""R001"",""Front Control"",""Keystone"",""ORDER And Run 2 Sequence Proof"",""01"",""ORDER Gate"",""true clean order before the second expansion grows"",""user request, run-1 receipt, ACTIVE_ANCHOR, no-git instructio"
"PRIVATE_SEALED",".\_LOCAL_CUSTODY_AND_RECEIPTS\ROOT_LOOSE_DOCS_20260530_200709\ALL_GATES_DATA_WASTE_TEAM_REVIEW_V1.3_20260527_182517.md","859","""CS-EGR2-00002"",""2"",""R001"",""Front Control"",""Keystone"",""ORDER And Run 2 Sequence Proof"",""02"",""No-Run Gate"",""true clean order before the second expansion grows"",""user request, run-1 receipt, ACTIVE_ANCHOR, no-git instructi"
"PRIVATE_SEALED",".\_LOCAL_CUSTODY_AND_RECEIPTS\ROOT_LOOSE_DOCS_20260530_200709\ALL_GATES_DATA_WASTE_TEAM_REVIEW_V1.3_20260527_182517.md","863","""CS-EGR2-00002"",""2"",""R001"",""Front Control"",""Keystone"",""ORDER And Run 2 Sequence Proof"",""02"",""No-Run Gate"",""true clean order before the second expansion grows"",""user request, run-1 receipt, ACTIVE_ANCHOR, no-git instructi"
"PRIVATE_SEALED",".\_LOCAL_CUSTODY_AND_RECEIPTS\ROOT_LOOSE_DOCS_20260530_200709\ALL_GATES_DATA_WASTE_TEAM_REVIEW_V1.3_20260527_182517.md","864","""CS-EGR2-00003"",""3"",""R001"",""Front Control"",""Keystone"",""ORDER And Run 2 Sequence Proof"",""03"",""Reduction Lock Gate"",""true clean order before the second expansion grows"",""user request, run-1 receipt, ACTIVE_ANCHOR, no-git i"
"PRIVATE_SEALED",".\_LOCAL_CUSTODY_AND_RECEIPTS\ROOT_LOOSE_DOCS_20260530_200709\ALL_GATES_DATA_WASTE_TEAM_REVIEW_V1.3_20260527_182517.md","865","""CS-EGR2-00004"",""4"",""R001"",""Front Control"",""Keystone"",""ORDER And Run 2 Sequence Proof"",""04"",""Run-2 Source Harvest Gate"",""true clean order before the second expansion grows"",""user request, run-1 receipt, ACTIVE_ANCHOR, no"
"PRIVATE_SEALED",".\_LOCAL_CUSTODY_AND_RECEIPTS\ROOT_LOOSE_DOCS_20260530_200709\ALL_GATES_DATA_WASTE_TEAM_REVIEW_V1.3_20260527_182517.md","869","""CS-EGR2-00010"",""10"",""R001"",""Front Control"",""Keystone"",""ORDER And Run 2 Sequence Proof"",""10"",""Coverage Before Growth Gate"",""true clean order before the second expansion grows"",""user request, run-1 receipt, ACTIVE_ANCHOR,"
"PRIVATE_SEALED",".\_LOCAL_CUSTODY_AND_RECEIPTS\ROOT_LOOSE_DOCS_20260530_200709\ALL_GATES_DATA_WASTE_TEAM_REVIEW_V1.3_20260527_182517.md","870","""CS-EGR2-00011"",""11"",""R001"",""Front Control"",""Keystone"",""ORDER And Run 2 Sequence Proof"",""11"",""Order Slot Gate"",""true clean order before the second expansion grows"",""user request, run-1 receipt, ACTIVE_ANCHOR, no-git inst"
"PRIVATE_SEALED",".\_LOCAL_CUSTODY_AND_RECEIPTS\ROOT_LOOSE_DOCS_20260530_200709\ALL_GATES_DATA_WASTE_TEAM_REVIEW_V1.3_20260527_182517.md","871","""CS-EGR2-00012"",""12"",""R001"",""Front Control"",""Keystone"",""ORDER And Run 2 Sequence Proof"",""12"",""Duplicate Soft Watch Gate"",""true clean order before the second expansion grows"",""user request, run-1 receipt, ACTIVE_ANCHOR, n"
"PRIVATE_SEALED",".\_LOCAL_CUSTODY_AND_RECEIPTS\ROOT_LOOSE_DOCS_20260530_200709\ALL_GATES_DATA_WASTE_TEAM_REVIEW_V1.3_20260527_182517.md","875","""CS-EGR2-00011"",""11"",""R001"",""Front Control"",""Keystone"",""ORDER And Run 2 Sequence Proof"",""11"",""Order Slot Gate"",""true clean order before the second expansion grows"",""user request, run-1 receipt, ACTIVE_ANCHOR, no-git inst"
"PRIVATE_SEALED",".\_LOCAL_CUSTODY_AND_RECEIPTS\ROOT_LOOSE_DOCS_20260530_200709\ALL_GATES_DATA_WASTE_TEAM_REVIEW_V1.3_20260527_182517.md","876","""CS-EGR2-00012"",""12"",""R001"",""Front Control"",""Keystone"",""ORDER And Run 2 Sequence Proof"",""12"",""Duplicate Soft Watch Gate"",""true clean order before the second expansion grows"",""user request, run-1 receipt, ACTIVE_ANCHOR, n"
"PRIVATE_SEALED",".\_LOCAL_CUSTODY_AND_RECEIPTS\ROOT_LOOSE_DOCS_20260530_200709\ALL_GATES_DATA_WASTE_TEAM_REVIEW_V1.3_20260527_182517.md","877","""CS-EGR2-00013"",""13"",""R001"",""Front Control"",""Keystone"",""ORDER And Run 2 Sequence Proof"",""13"",""No Active Doctrine Gate"",""true clean order before the second expansion grows"",""user request, run-1 receipt, ACTIVE_ANCHOR, no-"
"PRIVATE_SEALED",".\_LOCAL_CUSTODY_AND_RECEIPTS\ROOT_LOOSE_DOCS_20260530_200709\ALL_GATES_DATA_WASTE_TEAM_REVIEW_V1.3_20260527_182517.md","881","""CS-EGR2-00017"",""17"",""R001"",""Front Control"",""Keystone"",""ORDER And Run 2 Sequence Proof"",""17"",""Return Gate"",""true clean order before the second expansion grows"",""user request, run-1 receipt, ACTIVE_ANCHOR, no-git instruct"
"PRIVATE_SEALED",".\_LOCAL_CUSTODY_AND_RECEIPTS\ROOT_LOOSE_DOCS_20260530_200709\ALL_GATES_DATA_WASTE_TEAM_REVIEW_V1.3_20260527_182517.md","882","""CS-EGR2-00018"",""18"",""R002"",""Front Control"",""Keystone"",""No-Run And Reduction Lock Control"",""01"",""Run Means Build Gate"",""run means build-only; reducers, consolidator, deletion, promotion, and git save stay asleep"",""user i"
"PRIVATE_SEALED",".\_LOCAL_CUSTODY_AND_RECEIPTS\ROOT_LOOSE_DOCS_20260530_200709\ALL_GATES_DATA_WASTE_TEAM_REVIEW_V1.3_20260527_182517.md","883","""CS-EGR2-00019"",""19"",""R002"",""Front Control"",""Keystone"",""No-Run And Reduction Lock Control"",""02"",""Reducer Sleep Gate"",""run means build-only; reducers, consolidator, deletion, promotion, and git save stay asleep"",""user ins"
"PRIVATE_SEALED",".\_LOCAL_CUSTODY_AND_RECEIPTS\ROOT_LOOSE_DOCS_20260530_200709\ALL_GATES_DATA_WASTE_TEAM_REVIEW_V1.3_20260527_182517.md","887","""CS-EGR2-00018"",""18"",""R002"",""Front Control"",""Keystone"",""No-Run And Reduction Lock Control"",""01"",""Run Means Build Gate"",""run means build-only; reducers, consolidator, deletion, promotion, and git save stay asleep"",""user i"
"PRIVATE_SEALED",".\_LOCAL_CUSTODY_AND_RECEIPTS\ROOT_LOOSE_DOCS_20260530_200709\ALL_GATES_DATA_WASTE_TEAM_REVIEW_V1.3_20260527_182517.md","888","""CS-EGR2-00019"",""19"",""R002"",""Front Control"",""Keystone"",""No-Run And Reduction Lock Control"",""02"",""Reducer Sleep Gate"",""run means build-only; reducers, consolidator, deletion, promotion, and git save stay asleep"",""user ins"
"PRIVATE_SEALED",".\_LOCAL_CUSTODY_AND_RECEIPTS\ROOT_LOOSE_DOCS_20260530_200709\ALL_GATES_DATA_WASTE_TEAM_REVIEW_V1.3_20260527_182517.md","889","""CS-EGR2-00020"",""20"",""R002"",""Front Control"",""Keystone"",""No-Run And Reduction Lock Control"",""03"",""Consolidator Sleep Gate"",""run means build-only; reducers, consolidator, deletion, promotion, and git save stay asleep"",""use"
"PRIVATE_SEALED",".\_LOCAL_CUSTODY_AND_RECEIPTS\ROOT_LOOSE_DOCS_20260530_200709\ALL_GATES_DATA_WASTE_TEAM_REVIEW_V1.3_20260527_182517.md","893","""CS-EGR2-00019"",""19"",""R002"",""Front Control"",""Keystone"",""No-Run And Reduction Lock Control"",""02"",""Reducer Sleep Gate"",""run means build-only; reducers, consolidator, deletion, promotion, and git save stay asleep"",""user ins"
"PRIVATE_SEALED",".\_LOCAL_CUSTODY_AND_RECEIPTS\ROOT_LOOSE_DOCS_20260530_200709\ALL_GATES_DATA_WASTE_TEAM_REVIEW_V1.3_20260527_182517.md","894","""CS-EGR2-00020"",""20"",""R002"",""Front Control"",""Keystone"",""No-Run And Reduction Lock Control"",""03"",""Consolidator Sleep Gate"",""run means build-only; reducers, consolidator, deletion, promotion, and git save stay asleep"",""use"
"PRIVATE_SEALED",".\_LOCAL_CUSTODY_AND_RECEIPTS\ROOT_LOOSE_DOCS_20260530_200709\ALL_GATES_DATA_WASTE_TEAM_REVIEW_V1.3_20260527_182517.md","895","""CS-EGR2-00021"",""21"",""R002"",""Front Control"",""Keystone"",""No-Run And Reduction Lock Control"",""04"",""Promotion Sleep Gate"",""run means build-only; reducers, consolidator, deletion, promotion, and git save stay asleep"",""user i"
"PRIVATE_SEALED",".\_LOCAL_CUSTODY_AND_RECEIPTS\ROOT_LOOSE_DOCS_20260530_200709\ALL_GATES_DATA_WASTE_TEAM_REVIEW_V1.3_20260527_182517.md","899","""CS-EGR2-00020"",""20"",""R002"",""Front Control"",""Keystone"",""No-Run And Reduction Lock Control"",""03"",""Consolidator Sleep Gate"",""run means build-only; reducers, consolidator, deletion, promotion, and git save stay asleep"",""use"
"PRIVATE_SEALED",".\_LOCAL_CUSTODY_AND_RECEIPTS\ROOT_LOOSE_DOCS_20260530_200709\ALL_GATES_DATA_WASTE_TEAM_REVIEW_V1.3_20260527_182517.md","900","""CS-EGR2-00021"",""21"",""R002"",""Front Control"",""Keystone"",""No-Run And Reduction Lock Control"",""04"",""Promotion Sleep Gate"",""run means build-only; reducers, consolidator, deletion, promotion, and git save stay asleep"",""user i"
"PRIVATE_SEALED",".\_LOCAL_CUSTODY_AND_RECEIPTS\ROOT_LOOSE_DOCS_20260530_200709\ALL_GATES_DATA_WASTE_TEAM_REVIEW_V1.3_20260527_182517.md","901","""CS-EGR2-00022"",""22"",""R002"",""Front Control"",""Keystone"",""No-Run And Reduction Lock Control"",""05"",""Delete Sleep Gate"",""run means build-only; reducers, consolidator, deletion, promotion, and git save stay asleep"",""user inst"
"PRIVATE_SEALED",".\_LOCAL_CUSTODY_AND_RECEIPTS\ROOT_LOOSE_DOCS_20260530_200709\ALL_GATES_DATA_WASTE_TEAM_REVIEW_V1.3_20260527_182517.md","905","""CS-EGR2-00021"",""21"",""R002"",""Front Control"",""Keystone"",""No-Run And Reduction Lock Control"",""04"",""Promotion Sleep Gate"",""run means build-only; reducers, consolidator, deletion, promotion, and git save stay asleep"",""user i"
"PRIVATE_SEALED",".\_LOCAL_CUSTODY_AND_RECEIPTS\ROOT_LOOSE_DOCS_20260530_200709\ALL_GATES_DATA_WASTE_TEAM_REVIEW_V1.3_20260527_182517.md","906","""CS-EGR2-00022"",""22"",""R002"",""Front Control"",""Keystone"",""No-Run And Reduction Lock Control"",""05"",""Delete Sleep Gate"",""run means build-only; reducers, consolidator, deletion, promotion, and git save stay asleep"",""user inst"
"PRIVATE_SEALED",".\_LOCAL_CUSTODY_AND_RECEIPTS\ROOT_LOOSE_DOCS_20260530_200709\ALL_GATES_DATA_WASTE_TEAM_REVIEW_V1.3_20260527_182517.md","907","""CS-EGR2-00023"",""23"",""R002"",""Front Control"",""Keystone"",""No-Run And Reduction Lock Control"",""06"",""Move Sleep Gate"",""run means build-only; reducers, consolidator, deletion, promotion, and git save stay asleep"",""user instru"
"PRIVATE_SEALED",".\_LOCAL_CUSTODY_AND_RECEIPTS\ROOT_LOOSE_DOCS_20260530_200709\ALL_GATES_DATA_WASTE_TEAM_REVIEW_V1.3_20260527_182517.md","911","""CS-EGR2-00022"",""22"",""R002"",""Front Control"",""Keystone"",""No-Run And Reduction Lock Control"",""05"",""Delete Sleep Gate"",""run means build-only; reducers, consolidator, deletion, promotion, and git save stay asleep"",""user inst"
"PRIVATE_SEALED",".\_LOCAL_CUSTODY_AND_RECEIPTS\ROOT_LOOSE_DOCS_20260530_200709\ALL_GATES_DATA_WASTE_TEAM_REVIEW_V1.3_20260527_182517.md","912","""CS-EGR2-00023"",""23"",""R002"",""Front Control"",""Keystone"",""No-Run And Reduction Lock Control"",""06"",""Move Sleep Gate"",""run means build-only; reducers, consolidator, deletion, promotion, and git save stay asleep"",""user instru"
"PRIVATE_SEALED",".\_LOCAL_CUSTODY_AND_RECEIPTS\ROOT_LOOSE_DOCS_20260530_200709\ALL_GATES_DATA_WASTE_TEAM_REVIEW_V1.3_20260527_182517.md","913","""CS-EGR2-00024"",""24"",""R002"",""Front Control"",""Keystone"",""No-Run And Reduction Lock Control"",""07"",""Inspection Only Gate"",""run means build-only; reducers, consolidator, deletion, promotion, and git save stay asleep"",""user i"
"PRIVATE_SEALED",".\_LOCAL_CUSTODY_AND_RECEIPTS\ROOT_LOOSE_DOCS_20260530_200709\ALL_GATES_DATA_WASTE_TEAM_REVIEW_V1.3_20260527_182517.md","917","""CS-EGR2-00023"",""23"",""R002"",""Front Control"",""Keystone"",""No-Run And Reduction Lock Control"",""06"",""Move Sleep Gate"",""run means build-only; reducers, consolidator, deletion, promotion, and git save stay asleep"",""user instru"
"PRIVATE_SEALED",".\_LOCAL_CUSTODY_AND_RECEIPTS\ROOT_LOOSE_DOCS_20260530_200709\ALL_GATES_DATA_WASTE_TEAM_REVIEW_V1.3_20260527_182517.md","918","""CS-EGR2-00024"",""24"",""R002"",""Front Control"",""Keystone"",""No-Run And Reduction Lock Control"",""07"",""Inspection Only Gate"",""run means build-only; reducers, consolidator, deletion, promotion, and git save stay asleep"",""user i"
"PRIVATE_SEALED",".\_LOCAL_CUSTODY_AND_RECEIPTS\ROOT_LOOSE_DOCS_20260530_200709\ALL_GATES_DATA_WASTE_TEAM_REVIEW_V1.3_20260527_182517.md","919","""CS-EGR2-00025"",""25"",""R002"",""Front Control"",""Keystone"",""No-Run And Reduction Lock Control"",""08"",""No Git Gate"",""run means build-only; reducers, consolidator, deletion, promotion, and git save stay asleep"",""user instructio"
"PRIVATE_SEALED",".\_LOCAL_CUSTODY_AND_RECEIPTS\ROOT_LOOSE_DOCS_20260530_200709\ALL_GATES_DATA_WASTE_TEAM_REVIEW_V1.3_20260527_182517.md","923","""CS-EGR2-00024"",""24"",""R002"",""Front Control"",""Keystone"",""No-Run And Reduction Lock Control"",""07"",""Inspection Only Gate"",""run means build-only; reducers, consolidator, deletion, promotion, and git save stay asleep"",""user i"
"PRIVATE_SEALED",".\_LOCAL_CUSTODY_AND_RECEIPTS\ROOT_LOOSE_DOCS_20260530_200709\ALL_GATES_DATA_WASTE_TEAM_REVIEW_V1.3_20260527_182517.md","924","""CS-EGR2-00025"",""25"",""R002"",""Front Control"",""Keystone"",""No-Run And Reduction Lock Control"",""08"",""No Git Gate"",""run means build-only; reducers, consolidator, deletion, promotion, and git save stay asleep"",""user instructio"
"PRIVATE_SEALED",".\_LOCAL_CUSTODY_AND_RECEIPTS\ROOT_LOOSE_DOCS_20260530_200709\ALL_GATES_DATA_WASTE_TEAM_REVIEW_V1.3_20260527_182517.md","925","""CS-EGR2-00026"",""26"",""R002"",""Front Control"",""Keystone"",""No-Run And Reduction Lock Control"",""09"",""Thread Carry Gate"",""run means build-only; reducers, consolidator, deletion, promotion, and git save stay asleep"",""user inst"
"PRIVATE_SEALED",".\_LOCAL_CUSTODY_AND_RECEIPTS\ROOT_LOOSE_DOCS_20260530_200709\ALL_GATES_DATA_WASTE_TEAM_REVIEW_V1.3_20260527_182517.md","1030","    New-Step 'ORDER Gate' 'any run-2 gate is created, placed, reviewed, or prepared for future use' 'sequence is declared before count: order, lock, recursion, birth, source harvest, coverage, source-derived rings, enoug"
"PRIVATE_SEALED",".\_LOCAL_CUSTODY_AND_RECEIPTS\ROOT_LOOSE_DOCS_20260530_200709\ALL_GATES_DATA_WASTE_TEAM_REVIEW_V1.3_20260527_182517.md","1036","    New-Step 'Reduction Lock Gate' 'a reducer, compressor, consolidator, delete, move, or promotion could fire' 'reduction behavior is locked off in every generated row' 'consolidator eats fresh gates before review' 'Sta"
"PRIVATE_SEALED",".\_LOCAL_CUSTODY_AND_RECEIPTS\ROOT_LOOSE_DOCS_20260530_200709\ALL_GATES_DATA_WASTE_TEAM_REVIEW_V1.3_20260527_182517.md","1054","    New-Step 'Reducer Sleep Gate' 'reducer-capable logic exists' 'reducers are locked and inspected as text only' 'reducer fires because it exists' 'Status column, R600' 'Consolidator Sleep Gate'"
"PRIVATE_SEALED",".\_LOCAL_CUSTODY_AND_RECEIPTS\ROOT_LOOSE_DOCS_20260530_200709\ALL_GATES_DATA_WASTE_TEAM_REVIEW_V1.3_20260527_182517.md","1055","    New-Step 'Consolidator Sleep Gate' 'CONSOLIDATOR exists' 'CONSOLIDATOR is final, locked, and not run' 'CONSOLIDATOR packs or eats gates now' 'R600, no-run receipt' 'Promotion Sleep Gate'"
"PRIVATE_SEALED",".\_LOCAL_CUSTODY_AND_RECEIPTS\ROOT_LOOSE_DOCS_20260530_200709\ALL_GATES_DATA_WASTE_TEAM_REVIEW_V1.3_20260527_182517.md","1059","    New-Step 'Reducer Sleep Gate' 'reducer-capable logic exists' 'reducers are locked and inspected as text only' 'reducer fires because it exists' 'Status column, R600' 'Consolidator Sleep Gate'"
"PRIVATE_SEALED",".\_LOCAL_CUSTODY_AND_RECEIPTS\ROOT_LOOSE_DOCS_20260530_200709\ALL_GATES_DATA_WASTE_TEAM_REVIEW_V1.3_20260527_182517.md","1060","    New-Step 'Consolidator Sleep Gate' 'CONSOLIDATOR exists' 'CONSOLIDATOR is final, locked, and not run' 'CONSOLIDATOR packs or eats gates now' 'R600, no-run receipt' 'Promotion Sleep Gate'"
"PRIVATE_SEALED",".\_LOCAL_CUSTODY_AND_RECEIPTS\ROOT_LOOSE_DOCS_20260530_200709\ALL_GATES_DATA_WASTE_TEAM_REVIEW_V1.3_20260527_182517.md","1078","    New-Step 'Recursive Reduction Lock Gate' 'overlap increases' 'overlap waits for final locked consolidator' 'condense fires during generation' 'R600 lock' 'Recursive Receipt Gate'"
"PRIVATE_SEALED",".\_LOCAL_CUSTODY_AND_RECEIPTS\ROOT_LOOSE_DOCS_20260530_200709\ALL_GATES_DATA_WASTE_TEAM_REVIEW_V1.3_20260527_182517.md","1445","Task Size Gate fires before work shape is chosen. Problem Solving 101 questions the object before broadening. Twelve-Gate Refinery refines the locked object when the user asks for a gate run. Final Judge closes."
"PRIVATE_SEALED",".\_LOCAL_CUSTODY_N_RECEIPTS\RECYCLE_BIN_RECOVERY_20260604_203541\RECOVERED_ITEMS\ITEM_0138__CHAT_DROP_COPY__EXPOSURE_TRIGGERS_POWERPLAY_CRIME_SCENE_RULE_V1.md\CHAT_DROP_COPY__EXPOSURE_TRIGGERS_POWERPLAY_CRIME_SCENE_RULE_V1.md","26","The User-Said-First Crosscheck House-Rope rule concept was sound. V1 failed because the save script attempted normal Git staging against ignored Work Shed paths. The exposed missing companion was the lane-locked ignored-"
"PRIVATE_SEALED",".\_LOCAL_CUSTODY_AND_RECEIPTS\ROOT_LEGACY_RESIDUE_PHASE2_20260603_234817\PARKED_PACKAGES_PENDING_REVIEW\PARKING_GATE_CONTROL_SURFACE_V1\raw progress.txt","751","This is not V1 front door. This must be locked behind maturity."
"PRIVATE_SEALED",".\_LOCAL_CUSTODY_AND_RECEIPTS\ROOT_LEGACY_RESIDUE_PHASE2_20260603_234817\PARKED_PACKAGES_PENDING_REVIEW\PARKING_GATE_CONTROL_SURFACE_V1\raw progress.txt","13598","Locked in the suit."
"PRIVATE_SEALED",".\_LOCAL_CUSTODY_AND_RECEIPTS\ROOT_LEGACY_RESIDUE_PHASE2_20260603_234817\PARKED_PACKAGES_PENDING_REVIEW\PARKING_GATE_CONTROL_SURFACE_V1\raw progress.txt","21338","Source anchor: active object remains `PARKED_PARTS_AND_FUTURE_TOOLS_SYSTEM`, parent object remains `HOUSE_DOCK_CONTROL_ROOM`, and this chunk is `CHUNK 7 — Dependency Map / Unlock Chain Pass`. The handoff also keeps the l"
"PRIVATE_SEALED",".\_LOCAL_CUSTODY_AND_RECEIPTS\ROOT_LEGACY_RESIDUE_PHASE2_20260603_234817\PARKED_PACKAGES_PENDING_REVIEW\PARKING_GATE_CONTROL_SURFACE_V1\raw progress.txt","22824","Next chunk should keep the same locked run shape:"
"PRIVATE_SEALED",".\_LOCAL_CUSTODY_AND_RECEIPTS\ROOT_LEGACY_RESIDUE_PHASE2_20260603_234817\PARKED_PACKAGES_PENDING_REVIEW\PARKING_GATE_CONTROL_SURFACE_V1\raw progress.txt","22837","Source anchor: continuing `PARKED_PARTS_AND_FUTURE_TOOLS_SYSTEM` as build-support only. The locked workflow requires each chunk to be a real layer using `Walls -> Roof/Rooftop -> Upside-Down -> Synthesis`, with missing p"
"PRIVATE_SEALED",".\_LOCAL_CUSTODY_AND_RECEIPTS\ROOT_LEGACY_RESIDUE_PHASE2_20260603_234817\PARKED_PACKAGES_PENDING_REVIEW\PARKING_GATE_CONTROL_SURFACE_V1\raw progress.txt","24238","Use the same locked run shape:"
"PRIVATE_SEALED",".\_LOCAL_CUSTODY_AND_RECEIPTS\ROOT_LEGACY_RESIDUE_PHASE2_20260603_234817\PARKED_PACKAGES_PENDING_REVIEW\PARKING_GATE_CONTROL_SURFACE_V1\raw progress.txt","24250","Source anchor: continuing `PARKED_PARTS_AND_FUTURE_TOOLS_SYSTEM` under the same handoff boundary: build-support only, not doctrine, not Git save, not implementation, not watcher, not automation, and not tool promotion. T"
"PRIVATE_SEALED",".\_LOCAL_CUSTODY_AND_RECEIPTS\ROOT_LEGACY_RESIDUE_PHASE2_20260603_234817\PARKED_PACKAGES_PENDING_REVIEW\PARKING_GATE_CONTROL_SURFACE_V1\raw progress.txt","25767","Use the same locked run shape:"
"PRIVATE_SEALED",".\_LOCAL_CUSTODY_AND_RECEIPTS\ROOT_LEGACY_RESIDUE_PHASE2_20260603_234817\PARKED_PACKAGES_PENDING_REVIEW\PARKING_GATE_CONTROL_SURFACE_V1\raw progress.txt","27187","If weak, temporarily reopen big pile, extract locked value, then drop it again."
"PRIVATE_SEALED",".\_LOCAL_CUSTODY_AND_RECEIPTS\ROOT_LEGACY_RESIDUE_PHASE2_20260603_234817\PARKED_PACKAGES_PENDING_REVIEW\PARKING_GATE_CONTROL_SURFACE_V1\raw progress.txt","27230","CURRENT LOCKED OUTPUT:"
"PRIVATE_SEALED",".\_LOCAL_CUSTODY_AND_RECEIPTS\ROOT_LEGACY_RESIDUE_PHASE2_20260603_234817\PARKED_PACKAGES_PENDING_REVIEW\PARKING_GATE_CONTROL_SURFACE_V1\raw progress.txt","27247","LOCKED RUN SHAPE:"
"PRIVATE_SEALED",".\_LOCAL_CUSTODY_AND_RECEIPTS\ROOT_LEGACY_RESIDUE_PHASE2_20260603_234817\PARKED_PACKAGES_PENDING_REVIEW\PARKING_GATE_CONTROL_SURFACE_V1\raw progress.txt","27277","Use the same locked run shape:"
"PRIVATE_SEALED",".\_LOCAL_CUSTODY_AND_RECEIPTS\ROOT_LEGACY_RESIDUE_PHASE2_20260603_234817\PARKED_PACKAGES_PENDING_REVIEW\PARKING_GATE_CONTROL_SURFACE_V1\raw progress.txt","27297","Current locked output entering this chunk: `PARKING_TRACEABILITY_LINKS_AND_RELATION_MAP_V1`."
"PRIVATE_SEALED",".\_LOCAL_CUSTODY_AND_RECEIPTS\ROOT_LEGACY_RESIDUE_PHASE2_20260603_234817\PARKED_PACKAGES_PENDING_REVIEW\PARKING_GATE_CONTROL_SURFACE_V1\raw progress.txt","27299","Method worn: `ANCHOR_ONLY_CARRY_WITH_PULL_AND_DROP`. The pile stays preserved as source custody; it is not live carry. This chunk carries the anchor, pulls only needed law, sews the locked value into this page, then drop"
"PRIVATE_SEALED",".\_LOCAL_CUSTODY_AND_RECEIPTS\ROOT_LEGACY_RESIDUE_PHASE2_20260603_234817\PARKED_PACKAGES_PENDING_REVIEW\PARKING_GATE_CONTROL_SURFACE_V1\raw progress.txt","28938","Locked output name:"
"PRIVATE_SEALED",".\_LOCAL_CUSTODY_AND_RECEIPTS\ROOT_LEGACY_RESIDUE_PHASE2_20260603_234817\PARKED_PACKAGES_PENDING_REVIEW\PARKING_GATE_CONTROL_SURFACE_V1\raw progress.txt","29046","Current locked output entering this chunk: `FINAL_SEWN_PARKING_SYSTEM_SCHEMA_AND_CONTROL_SURFACE_V1`."
"PRIVATE_SEALED",".\_LOCAL_CUSTODY_AND_RECEIPTS\ROOT_LEGACY_RESIDUE_PHASE2_20260603_234817\PARKED_PACKAGES_PENDING_REVIEW\PARKING_GATE_CONTROL_SURFACE_V1\raw progress.txt","29048","Method worn: `ANCHOR_ONLY_CARRY_WITH_PULL_AND_DROP`. Carry the anchor, not the pile. Pull only the needed locked law, sew it into the active page, then drop the source weight again. The handoff specifically requires this"
"PRIVATE_SEALED",".\_LOCAL_CUSTODY_AND_RECEIPTS\ROOT_LEGACY_RESIDUE_PHASE2_20260603_234817\PARKED_PACKAGES_PENDING_REVIEW\PARKING_GATE_CONTROL_SURFACE_V1\raw progress.txt","30062","Locked output name:"
"PRIVATE_SEALED",".\_LOCAL_CUSTODY_AND_RECEIPTS\ROOT_LEGACY_RESIDUE_PHASE2_20260603_234817\PARKED_PACKAGES_PENDING_REVIEW\PARKING_GATE_CONTROL_SURFACE_V1\raw progress.txt","30191","Boundary remains locked: no Git save, no doctrine promotion, no `ACTIVE_GUIDES`, no `CURRENT_TRUTH_INDEX`, no implementation, no watcher, no automation, no UI jump, no tool promotion, no graph database, no universal mapp"
"PRIVATE_SEALED",".\_LOCAL_CUSTODY_AND_RECEIPTS\ROOT_LEGACY_RESIDUE_PHASE2_20260603_234817\PARKED_PACKAGES_PENDING_REVIEW\PARKING_GATE_CONTROL_SURFACE_V1\raw progress.txt","31321","Current locked output entering this chunk:"
"PRIVATE_SEALED",".\_LOCAL_CUSTODY_AND_RECEIPTS\ROOT_LEGACY_RESIDUE_PHASE2_20260603_234817\PARKED_PACKAGES_PENDING_REVIEW\PARKING_GATE_CONTROL_SURFACE_V1\raw progress.txt","31329","The method remains local support only: carry the anchor, not the pile; pull only needed old/source material; sew the locked value into the active page; then drop the source weight again. It is explicitly not doctrine, no"
"PRIVATE_SEALED",".\_LOCAL_CUSTODY_AND_RECEIPTS\ROOT_LEGACY_RESIDUE_PHASE2_20260603_234817\PARKED_PACKAGES_PENDING_REVIEW\PARKING_GATE_CONTROL_SURFACE_V1\raw progress.txt","31357","The original pickup handoff required this lane to use the locked run shape and avoid implementation, promotion, Git save, automation, UI, graph database, universal mapper, and whole-house crawl. "
"PRIVATE_SEALED",".\_LOCAL_CUSTODY_AND_RECEIPTS\ROOT_LEGACY_RESIDUE_PHASE2_20260603_234817\PARKED_PACKAGES_PENDING_REVIEW\PARKING_GATE_CONTROL_SURFACE_V1\raw progress.txt","32339","Locked output name:"
"PRIVATE_SEALED",".\_LOCAL_CUSTODY_AND_RECEIPTS\ROOT_LEGACY_RESIDUE_PHASE2_20260603_234817\PARKED_PACKAGES_PENDING_REVIEW\PARKING_GATE_CONTROL_SURFACE_V1\raw progress.txt","32397","`locked outputs`"
"PRIVATE_SEALED",".\_LOCAL_CUSTODY_AND_RECEIPTS\ROOT_LEGACY_RESIDUE_PHASE2_20260603_234817\PARKED_PACKAGES_PENDING_REVIEW\PARKING_GATE_CONTROL_SURFACE_V1\raw progress.txt","32471","The method remains local support only: carry the anchor, not the pile; pull only needed material; sew the locked value into the active page; drop the source weight again. The uploaded method card explicitly says this is "
"PRIVATE_SEALED",".\_LOCAL_CUSTODY_AND_RECEIPTS\ROOT_LEGACY_RESIDUE_PHASE2_20260603_234817\PARKED_PACKAGES_PENDING_REVIEW\PARKING_GATE_CONTROL_SURFACE_V1\raw progress.txt","32565","`locked outputs`"
"PRIVATE_SEALED",".\_LOCAL_CUSTODY_AND_RECEIPTS\ROOT_LEGACY_RESIDUE_PHASE2_20260603_234817\PARKED_PACKAGES_PENDING_REVIEW\PARKING_GATE_CONTROL_SURFACE_V1\raw progress.txt","32663","## Failure 4 — Locked output becomes doctrine"
"PRIVATE_SEALED",".\_LOCAL_CUSTODY_AND_RECEIPTS\ROOT_LEGACY_RESIDUE_PHASE2_20260603_234817\PARKED_PACKAGES_PENDING_REVIEW\PARKING_GATE_CONTROL_SURFACE_V1\raw progress.txt","32761","## Current locked outputs"
"PRIVATE_SEALED",".\_LOCAL_CUSTODY_AND_RECEIPTS\ROOT_LEGACY_RESIDUE_PHASE2_20260603_234817\PARKED_PACKAGES_PENDING_REVIEW\PARKING_GATE_CONTROL_SURFACE_V1\raw progress.txt","32786","2. extract locked value;"
"PRIVATE_SEALED",".\_LOCAL_CUSTODY_AND_RECEIPTS\ROOT_LEGACY_RESIDUE_PHASE2_20260603_234817\PARKED_PACKAGES_PENDING_REVIEW\PARKING_GATE_CONTROL_SURFACE_V1\raw progress.txt","32790","If the output gets weak, generic, lossy, or misses prior locked law:"
"PRIVATE_SEALED",".\_LOCAL_CUSTODY_AND_RECEIPTS\ROOT_LEGACY_RESIDUE_PHASE2_20260603_234817\PARKED_PACKAGES_PENDING_REVIEW\PARKING_GATE_CONTROL_SURFACE_V1\raw progress.txt","33004","Use the locked run shape if continuing work:"
"PRIVATE_SEALED",".\_LOCAL_CUSTODY_AND_RECEIPTS\ROOT_LEGACY_RESIDUE_PHASE2_20260603_234817\PARKED_PACKAGES_PENDING_REVIEW\PARKING_GATE_CONTROL_SURFACE_V1\raw progress.txt","33041","## Current locked output"
"PRIVATE_SEALED",".\_LOCAL_CUSTODY_AND_RECEIPTS\ROOT_LEGACY_RESIDUE_PHASE2_20260603_234817\PARKED_PACKAGES_PENDING_REVIEW\PARKING_GATE_CONTROL_SURFACE_V1\raw progress.txt","33407","Use the locked run shape:"
"PRIVATE_SEALED",".\_LOCAL_CUSTODY_AND_RECEIPTS\ROOT_LEGACY_RESIDUE_PHASE2_20260603_234817\PARKED_PACKAGES_PENDING_REVIEW\PARKING_GATE_CONTROL_SURFACE_V1\raw progress.txt","33516","Use the locked run shape if continuing:"
"PRIVATE_SEALED",".\_LOCAL_CUSTODY_N_RECEIPTS\RECYCLE_BIN_RECOVERY_20260604_203541\RECOVERED_ITEMS\ITEM_0134__Daryl Hall & John Oates - Private Eyes (Official HD Video)\Daryl Hall & John Oates - Private Eyes (Official HD Video)\Daryl Hall & John Oates - Private Eyes (Official HD Video)_2026-05-30_11-51-13.txt","12","â™ª Private eyes â™ª"
"PRIVATE_SEALED",".\_LOCAL_CUSTODY_N_RECEIPTS\RECYCLE_BIN_RECOVERY_20260604_203541\RECOVERED_ITEMS\ITEM_0134__Daryl Hall & John Oates - Private Eyes (Official HD Video)\Daryl Hall & John Oates - Private Eyes (Official HD Video)\Daryl Hall & John Oates - Private Eyes (Official HD Video)_2026-05-30_11-51-13.txt","26","â™ª Baby, private eyes â™ª"
"PRIVATE_SEALED",".\_LOCAL_CUSTODY_N_RECEIPTS\RECYCLE_BIN_RECOVERY_20260604_203541\RECOVERED_ITEMS\ITEM_0134__Daryl Hall & John Oates - Private Eyes (Official HD Video)\Daryl Hall & John Oates - Private Eyes (Official HD Video)\Daryl Hall & John Oates - Private Eyes (Official HD Video)_2026-05-30_11-51-13.txt","33","â™ª Look into my private eyes â™ª"
"PRIVATE_SEALED",".\_LOCAL_CUSTODY_N_RECEIPTS\RECYCLE_BIN_RECOVERY_20260604_203541\RECOVERED_ITEMS\ITEM_0134__Daryl Hall & John Oates - Private Eyes (Official HD Video)\Daryl Hall & John Oates - Private Eyes (Official HD Video)\Daryl Hall & John Oates - Private Eyes (Official HD Video)_2026-05-30_11-51-13.txt","40","â™ª Yeah, private eyes â™ª"
"PRIVATE_SEALED",".\_LOCAL_CUSTODY_N_RECEIPTS\RECYCLE_BIN_RECOVERY_20260604_203541\RECOVERED_ITEMS\ITEM_0134__Daryl Hall & John Oates - Private Eyes (Official HD Video)\Daryl Hall & John Oates - Private Eyes (Official HD Video)\Daryl Hall & John Oates - Private Eyes (Official HD Video)_2026-05-30_11-51-13.txt","44","â™ª Private, private â™ª"
"PRIVATE_SEALED",".\_LOCAL_CUSTODY_N_RECEIPTS\RECYCLE_BIN_RECOVERY_20260604_203541\RECOVERED_ITEMS\ITEM_0134__Daryl Hall & John Oates - Private Eyes (Official HD Video)\Daryl Hall & John Oates - Private Eyes (Official HD Video)\Daryl Hall & John Oates - Private Eyes (Official HD Video)_2026-05-30_11-51-13.txt","45","â™ª Private eyes, girl â™ª"
"PRIVATE_SEALED",".\_LOCAL_CUSTODY_AND_RECEIPTS\ROOT_LEGACY_RESIDUE_PHASE2_20260603_234817\PARKED_PACKAGES_PENDING_REVIEW\PARKING_GATE_CONTROL_SURFACE_V1\Final Agent\CHAT_PICKUP_HANDOFF_PARKING_SYSTEM_NEXT_PROOF_BENCH_20260601.md","19","## Current locked output"
"PRIVATE_SEALED",".\_LOCAL_CUSTODY_AND_RECEIPTS\ROOT_LEGACY_RESIDUE_PHASE2_20260603_234817\PARKED_PACKAGES_PENDING_REVIEW\PARKING_GATE_CONTROL_SURFACE_V1\Final Agent\CHAT_PICKUP_HANDOFF_PARKING_SYSTEM_NEXT_PROOF_BENCH_20260601.md","385","Use the locked run shape:"
"PRIVATE_SEALED",".\_LOCAL_CUSTODY_AND_RECEIPTS\ROOT_LEGACY_RESIDUE_PHASE2_20260603_234817\PARKED_PACKAGES_PENDING_REVIEW\PARKING_GATE_CONTROL_SURFACE_V1\Final Agent\CHAT_PICKUP_HANDOFF_PARKING_SYSTEM_CLOSEOUT_MANIFEST_20260601.txt","88","Use the locked run shape if continuing:"
"PRIVATE_SEALED",".\_LOCAL_CUSTODY_AND_RECEIPTS\ROOT_LEGACY_RESIDUE_PHASE2_20260603_234817\PARKED_PACKAGES_PENDING_REVIEW\PARKING_GATE_CONTROL_SURFACE_V1\Final Agent\CHAT_PICKUP_HANDOFF_PARKING_GATE_RULE_CARD_CLOSEOUT_20260601.md","26","## Current locked outputs"
"PRIVATE_SEALED",".\_LOCAL_CUSTODY_AND_RECEIPTS\ROOT_LEGACY_RESIDUE_PHASE2_20260603_234817\PARKED_PACKAGES_PENDING_REVIEW\PARKING_GATE_CONTROL_SURFACE_V1\Final Agent\CHAT_PICKUP_HANDOFF_PARKING_GATE_RULE_CARD_CLOSEOUT_20260601.md","51","2. extract locked value;"
"PRIVATE_SEALED",".\_LOCAL_CUSTODY_AND_RECEIPTS\ROOT_LEGACY_RESIDUE_PHASE2_20260603_234817\PARKED_PACKAGES_PENDING_REVIEW\PARKING_GATE_CONTROL_SURFACE_V1\Final Agent\CHAT_PICKUP_HANDOFF_PARKING_GATE_RULE_CARD_CLOSEOUT_20260601.md","55","If the output gets weak, generic, lossy, or misses prior locked law:"
"PRIVATE_SEALED",".\_LOCAL_CUSTODY_AND_RECEIPTS\ROOT_LEGACY_RESIDUE_PHASE2_20260603_234817\PARKED_PACKAGES_PENDING_REVIEW\PARKING_GATE_CONTROL_SURFACE_V1\Final Agent\CHAT_PICKUP_HANDOFF_PARKING_GATE_RULE_CARD_CLOSEOUT_20260601.md","269","Use the locked run shape if continuing work:"
"PRIVATE_SEALED",".\_LOCAL_CUSTODY_AND_RECEIPTS\ROOT_LEGACY_RESIDUE_PHASE2_20260603_234817\PARKED_PACKAGES_PENDING_REVIEW\PARKING_GATE_CONTROL_SURFACE_V1\Final Agent\CHAT_PICKUP_HANDOFF_PARKING_GATE_RULE_CARD_CLOSEOUT_20260601 (1).md","26","## Current locked outputs"
"PRIVATE_SEALED",".\_LOCAL_CUSTODY_AND_RECEIPTS\ROOT_LEGACY_RESIDUE_PHASE2_20260603_234817\PARKED_PACKAGES_PENDING_REVIEW\PARKING_GATE_CONTROL_SURFACE_V1\Final Agent\CHAT_PICKUP_HANDOFF_PARKING_GATE_RULE_CARD_CLOSEOUT_20260601 (1).md","51","2. extract locked value;"
"PRIVATE_SEALED",".\_LOCAL_CUSTODY_AND_RECEIPTS\ROOT_LEGACY_RESIDUE_PHASE2_20260603_234817\PARKED_PACKAGES_PENDING_REVIEW\PARKING_GATE_CONTROL_SURFACE_V1\Final Agent\CHAT_PICKUP_HANDOFF_PARKING_GATE_RULE_CARD_CLOSEOUT_20260601 (1).md","55","If the output gets weak, generic, lossy, or misses prior locked law:"
"PRIVATE_SEALED",".\_LOCAL_CUSTODY_AND_RECEIPTS\ROOT_LEGACY_RESIDUE_PHASE2_20260603_234817\PARKED_PACKAGES_PENDING_REVIEW\PARKING_GATE_CONTROL_SURFACE_V1\Final Agent\CHAT_PICKUP_HANDOFF_PARKING_GATE_RULE_CARD_CLOSEOUT_20260601 (1).md","269","Use the locked run shape if continuing work:"
"PRIVATE_SEALED",".\_LOCAL_CUSTODY_AND_RECEIPTS\ROOT_LEGACY_RESIDUE_PHASE2_20260603_234817\PARKED_PACKAGES_PENDING_REVIEW\PARKING_GATE_CONTROL_SURFACE_V1\Agent_2\CHAT_PICKUP_HANDOFF_PARKED_PARTS_SYSTEM_CHUNK_11_PICKUP_20260531.md","19","## Current locked output"
"PRIVATE_SEALED",".\_LOCAL_CUSTODY_AND_RECEIPTS\ROOT_LEGACY_RESIDUE_PHASE2_20260603_234817\PARKED_PACKAGES_PENDING_REVIEW\PARKING_GATE_CONTROL_SURFACE_V1\Agent_2\CHAT_PICKUP_HANDOFF_PARKED_PARTS_SYSTEM_CHUNK_11_PICKUP_20260531.md","101","If the work gets weak, reopen the big pile temporarily, extract locked value, sew it into the active page, then drop the pile again."
"PRIVATE_SEALED",".\_LOCAL_CUSTODY_AND_RECEIPTS\ROOT_LEGACY_RESIDUE_PHASE2_20260603_234817\PARKED_PACKAGES_PENDING_REVIEW\PARKING_GATE_CONTROL_SURFACE_V1\Agent_2\CHAT_PICKUP_HANDOFF_PARKED_PARTS_SYSTEM_CHUNK_11_PICKUP_20260531.md","123","## Locked run shape"
"PRIVATE_SEALED",".\_LOCAL_CUSTODY_AND_RECEIPTS\ROOT_LEGACY_RESIDUE_PHASE2_20260603_234817\PARKED_PACKAGES_PENDING_REVIEW\PARKING_GATE_CONTROL_SURFACE_V1\Agent_2\CHAT_PICKUP_HANDOFF_PARKED_PARTS_SYSTEM_CHUNK_11_PICKUP_20260531.md","171","Use the locked run shape: Walls -> Roof/Rooftop -> Upside-Down -> Synthesis."
"PRIVATE_SEALED",".\_LOCAL_CUSTODY_AND_RECEIPTS\ROOT_LEGACY_RESIDUE_PHASE2_20260603_234817\PARKED_PACKAGES_PENDING_REVIEW\PARKING_GATE_CONTROL_SURFACE_V1\Agent_2\CHAT_PICKUP_HANDOFF_PARKED_PARTS_SYSTEM_CHUNK_11_MANIFEST_20260531.txt","51","Use the locked run shape: Walls -> Roof/Rooftop -> Upside-Down -> Synthesis."
"PRIVATE_SEALED",".\_LOCAL_CUSTODY_AND_RECEIPTS\ROOT_LEGACY_RESIDUE_PHASE2_20260603_234817\PARKED_PACKAGES_PENDING_REVIEW\PARKING_GATE_CONTROL_SURFACE_V1\Agent_2\CHAT_PICKUP_HANDOFF_PARKED_PARTS_SYSTEM_CHUNKS_2_6_20260531_MANIFEST.txt","29","Use the locked run shape: Walls -> Roof/Rooftop -> Upside-Down -> Synthesis."
"PRIVATE_SEALED",".\_LOCAL_CUSTODY_AND_RECEIPTS\ROOT_LEGACY_RESIDUE_PHASE2_20260603_234817\PARKED_PACKAGES_PENDING_REVIEW\PARKING_GATE_CONTROL_SURFACE_V1\Agent_2\CHAT_PICKUP_HANDOFF_PARKED_PARTS_SYSTEM_CHUNKS_2_6_20260531.md","49","## Locked suit workflow"
"PRIVATE_SEALED",".\_LOCAL_CUSTODY_AND_RECEIPTS\ROOT_LEGACY_RESIDUE_PHASE2_20260603_234817\PARKED_PACKAGES_PENDING_REVIEW\PARKING_GATE_CONTROL_SURFACE_V1\Agent_2\CHAT_PICKUP_HANDOFF_PARKED_PARTS_SYSTEM_CHUNKS_2_6_20260531.md","455","Use the locked run shape:"
"PRIVATE_SEALED",".\_LOCAL_CUSTODY_AND_RECEIPTS\ROOT_LEGACY_RESIDUE_PHASE2_20260603_234817\PARKED_PACKAGES_PENDING_REVIEW\PARKING_GATE_CONTROL_SURFACE_V1\Agent_2\CHAT_PICKUP_HANDOFF_ANCHOR_ONLY_METHOD_LOCK_PARKED_PARTS_20260531.md","20","It is now locked as a live-use/chat handoff support method for this workstream, not as universal doctrine."
"PRIVATE_SEALED",".\_LOCAL_CUSTODY_AND_RECEIPTS\ROOT_LEGACY_RESIDUE_PHASE2_20260603_234817\PARKED_PACKAGES_PENDING_REVIEW\PARKING_GATE_CONTROL_SURFACE_V1\Agent_2\CHAT_PICKUP_HANDOFF_ANCHOR_ONLY_METHOD_LOCK_PARKED_PARTS_20260531.md","28","When a locked piece is needed:"
"PRIVATE_SEALED",".\_LOCAL_CUSTODY_AND_RECEIPTS\ROOT_LEGACY_RESIDUE_PHASE2_20260603_234817\PARKED_PACKAGES_PENDING_REVIEW\PARKING_GATE_CONTROL_SURFACE_V1\Agent_2\CHAT_PICKUP_HANDOFF_ANCHOR_ONLY_METHOD_LOCK_PARKED_PARTS_20260531.md","31","2. extract the locked value;"
"PRIVATE_SEALED",".\_LOCAL_CUSTODY_AND_RECEIPTS\ROOT_LEGACY_RESIDUE_PHASE2_20260603_234817\PARKED_PACKAGES_PENDING_REVIEW\PARKING_GATE_CONTROL_SURFACE_V1\Agent_2\CHAT_PICKUP_HANDOFF_ANCHOR_ONLY_METHOD_LOCK_PARKED_PARTS_20260531.md","35","If the output gets weak, thin, lossy, forgetful, or misses prior locked law:"
"PRIVATE_SEALED",".\_LOCAL_CUSTODY_AND_RECEIPTS\ROOT_LEGACY_RESIDUE_PHASE2_20260603_234817\PARKED_PACKAGES_PENDING_REVIEW\PARKING_GATE_CONTROL_SURFACE_V1\Agent_2\CHAT_PICKUP_HANDOFF_ANCHOR_ONLY_METHOD_LOCK_PARKED_PARTS_20260531.md","72","EXTRACT LOCKED VALUE"
"PRIVATE_SEALED",".\_LOCAL_CUSTODY_AND_RECEIPTS\ROOT_LEGACY_RESIDUE_PHASE2_20260603_234817\PARKED_PACKAGES_PENDING_REVIEW\PARKING_GATE_CONTROL_SURFACE_V1\Agent_2\CHAT_PICKUP_HANDOFF_ANCHOR_ONLY_METHOD_LOCK_PARKED_PARTS_20260531.md","106","- the new chunk loses prior locked law;"
"PRIVATE_SEALED",".\_LOCAL_CUSTODY_AND_RECEIPTS\ROOT_LEGACY_RESIDUE_PHASE2_20260603_234817\PARKED_PACKAGES_PENDING_REVIEW\PARKING_GATE_CONTROL_SURFACE_V1\Agent_2\CHAT_PICKUP_HANDOFF_ANCHOR_ONLY_METHOD_LOCK_PARKED_PARTS_20260531.md","127","Carry the anchor, not the pile. Pull from the pile only when needed. Sew the locked value into the new page. Drop the source weight again. If weak, temporarily reopen the pile and repair."
"PRIVATE_SEALED",".\_LOCAL_CUSTODY_AND_RECEIPTS\ROOT_LEGACY_RESIDUE_PHASE2_20260603_234817\PARKED_PACKAGES_PENDING_REVIEW\LOWER_CAUSE_SEARCH_METHOD_LAB_20260601\RAW_WORK\RAW_CARD_COLLECTION.txt","21796","4. Identify which methods are phase-locked."
"PRIVATE_SEALED",".\_LOCAL_CUSTODY_N_RECEIPTS\RECYCLE_BIN_RECOVERY_20260604_203541\RECOVERED_ITEMS\ITEM_0106__SOURCE_DROP_COPY__USER_SAID_FIRST_CROSSCHECK_HOUSE_ROPE_SOURCE_CROSSCHECK_V1.md\SOURCE_DROP_COPY__USER_SAID_FIRST_CROSSCHECK_HOUSE_ROPE_SOURCE_CROSSCHECK_V1.md","31","Meaning: cockpit rules require dual project + chat cockpit capture, cockpit drop-copy exports, local+URL saves by default, no indefinite parking, switching-gear smoke break, Desktop-drop naming, compatibility apply gate,"
"PRIVATE_SEALED",".\_LOCAL_CUSTODY_N_RECEIPTS\RECYCLE_BIN_RECOVERY_20260604_203541\RECOVERED_ITEMS\ITEM_0098__MULE_HANDOFF_UI_LANE_BLOCKER_BURNDOWN_ADDENDUM_20260604.md\MULE_HANDOFF_UI_LANE_BLOCKER_BURNDOWN_ADDENDUM_20260604.md","92","- credentials/secrets/private data handling uncertainty."
"PRIVATE_SEALED",".\_TRANSCRIPT_CUSTODY\Transcripts\Husk IRL\Learned something new! [faDLUSYb6ak]\TRANSCRIPT.txt","41","locked in now."
"PRIVATE_SEALED",".\_TRANSCRIPT_CUSTODY\Transcripts\Husk IRL\Learned something new! [faDLUSYb6ak]\Learned something new! [faDLUSYb6ak].en.vtt","247","locked<00:01:04.000><c> in</c><00:01:04.160><c> now.</c>"
"PRIVATE_SEALED",".\_TRANSCRIPT_CUSTODY\Transcripts\Husk IRL\Learned something new! [faDLUSYb6ak]\Learned something new! [faDLUSYb6ak].en.vtt","250","locked in now."
"PRIVATE_SEALED",".\_TRANSCRIPT_CUSTODY\Transcripts\Husk IRL\Learned something new! [faDLUSYb6ak]\Learned something new! [faDLUSYb6ak].en.vtt","254","locked in now."
"PRIVATE_SEALED",".\_TRANSCRIPT_CUSTODY\Transcripts\Husk IRL\Learned something new! [faDLUSYb6ak]\Learned something new! [faDLUSYb6ak].en-orig.vtt","247","locked<00:01:04.000><c> in</c><00:01:04.160><c> now.</c>"
"PRIVATE_SEALED",".\_TRANSCRIPT_CUSTODY\Transcripts\Husk IRL\Learned something new! [faDLUSYb6ak]\Learned something new! [faDLUSYb6ak].en-orig.vtt","250","locked in now."
"PRIVATE_SEALED",".\_TRANSCRIPT_CUSTODY\Transcripts\Husk IRL\Learned something new! [faDLUSYb6ak]\Learned something new! [faDLUSYb6ak].en-orig.vtt","254","locked in now."
"PRIVATE_SEALED",".\_LOCAL_CUSTODY_AND_RECEIPTS\ROOT_LEGACY_RESIDUE_PHASE2_20260603_234817\PARKED_PACKAGES_PENDING_REVIEW\LOWER_CAUSE_SEARCH_METHOD_LAB_20260601\CARD_HARVEST_LEDGER_V0_1_LONG_LIST_20260601\CARD_HARVEST_LEDGER_V0_1_LONG_LIST_20260601.md","898","Does / for: Flags local-only/private/credential material entering wrong lane."
"PRIVATE_SEALED",".\_LOCAL_CUSTODY_AND_RECEIPTS\ROOT_LEGACY_RESIDUE_PHASE2_20260603_234817\PARKED_PACKAGES_PENDING_REVIEW\LOWER_CAUSE_SEARCH_METHOD_LAB_20260601\CARD_HARVEST_LEDGER_V0_1_LONG_LIST_20260601\CARD_HARVEST_LEDGER_V0_1_LONG_LIST_20260601.md","1598","Does / for: Keeps private/local bridge files out of public repo."
"PRIVATE_SEALED",".\_LOCAL_CUSTODY_AND_RECEIPTS\ROOT_LEGACY_RESIDUE_PHASE2_20260603_234817\PARKED_PACKAGES_PENDING_REVIEW\LOWER_CAUSE_SEARCH_METHOD_LAB_20260601\CARD_HARVEST_LEDGER_V0_1_LONG_LIST_20260601\CARD_HARVEST_LEDGER_V0_1_LONG_LIST_20260601.md","2262","Does / for: Keeps personal/private data out of wrong lanes."
"PRIVATE_SEALED",".\_LOCAL_CUSTODY_N_RECEIPTS\RECYCLE_BIN_RECOVERY_20260604_203541\RECOVERED_ITEMS\ITEM_0085__transcript_2026-05-25_04-36-46.txt\transcript_2026-05-25_04-36-46.txt","36","inside a perfectly sealed heavy steel"
"PRIVATE_SEALED",".\_LOCAL_CUSTODY_N_RECEIPTS\RECYCLE_BIN_RECOVERY_20260604_203541\RECOVERED_ITEMS\ITEM_0085__transcript_2026-05-25_04-36-46.txt\transcript_2026-05-25_04-36-46.txt","48","the temperature inside your sealed"
"PRIVATE_SEALED",".\_LOCAL_CUSTODY_AND_RECEIPTS\ROOT_LEGACY_RESIDUE_PHASE2_20260603_234817\PARKED_PACKAGES_PENDING_REVIEW\HOUSE_DOCK_CONTROL_ROOM_SAVE_PACKET_V1\98_SOURCE_RAW\FINAL_RAW_PROGRESS.txt","18151","search idea indexes sensitive/private paths too broadly"
"PRIVATE_SEALED",".\_LOCAL_CUSTODY_AND_RECEIPTS\ROOT_LEGACY_RESIDUE_PHASE2_20260603_234817\PARKED_PACKAGES_PENDING_REVIEW\HOUSE_DOCK_CONTROL_ROOM_SAVE_PACKET_V1\98_SOURCE_RAW\FINAL_RAW_PROGRESS.txt","21236","Reason: Identity not locked"
"PRIVATE_SEALED",".\_LOCAL_CUSTODY_AND_RECEIPTS\ROOT_LEGACY_RESIDUE_PHASE2_20260603_234817\PARKED_PACKAGES_PENDING_REVIEW\HOUSE_DOCK_CONTROL_ROOM_SAVE_PACKET_V1\98_SOURCE_RAW\FINAL_RAW_PROGRESS.txt","22689","Blocked Powers (locked)"
"PRIVATE_SEALED",".\_LOCAL_CUSTODY_AND_RECEIPTS\ROOT_LEGACY_RESIDUE_PHASE2_20260603_234817\PARKED_PACKAGES_PENDING_REVIEW\HOUSE_DOCK_CONTROL_ROOM_SAVE_PACKET_V1\98_SOURCE_RAW\FINAL_RAW_PROGRESS.txt","24153","# 4. Section Standard Locked"
"PRIVATE_SEALED",".\_LOCAL_CUSTODY_AND_RECEIPTS\ROOT_LEGACY_RESIDUE_PHASE2_20260603_234817\PARKED_PACKAGES_PENDING_REVIEW\HOUSE_DOCK_CONTROL_ROOM_SAVE_PACKET_V1\98_SOURCE_RAW\FINAL_RAW_PROGRESS.txt","24629","Locked chunks:"
"PRIVATE_SEALED",".\_TRANSCRIPT_CUSTODY\Transcripts\Husk IRL\I’m locked out… [LqVUxi0oF78]\TRANSCRIPT.txt","1","Title: I’m locked out…"
"PRIVATE_SEALED",".\_TRANSCRIPT_CUSTODY\Transcripts\Husk IRL\I’m locked out… [LqVUxi0oF78]\TRANSCRIPT.txt","5","Source caption file: C:\Users\13527\Desktop\Transcripts\Husk IRL\I’m locked out… [LqVUxi0oF78]\I’m locked out… [LqVUxi0oF78].en.vtt"
"PRIVATE_SEALED",".\_TRANSCRIPT_CUSTODY\Transcripts\Husk IRL\I’m locked out… [LqVUxi0oF78]\TRANSCRIPT.txt","39",">> Okay, but it's like I'm I'm locked out"
"PRIVATE_SEALED",".\_TRANSCRIPT_CUSTODY\Transcripts\Husk IRL\I’m locked out… [LqVUxi0oF78]\I’m locked out… [LqVUxi0oF78].en.vtt","231","&gt;&gt; Okay,<00:01:04.400><c> but</c><00:01:04.640><c> it's</c><00:01:04.839><c> like</c><00:01:05.080><c> I'm</c><00:01:05.800><c> I'm</c><00:01:06.160><c> locked</c><00:01:06.560><c> out</c>"
"PRIVATE_SEALED",".\_TRANSCRIPT_CUSTODY\Transcripts\Husk IRL\I’m locked out… [LqVUxi0oF78]\I’m locked out… [LqVUxi0oF78].en.vtt","234","&gt;&gt; Okay, but it's like I'm I'm locked out"
"PRIVATE_SEALED",".\_TRANSCRIPT_CUSTODY\Transcripts\Husk IRL\I’m locked out… [LqVUxi0oF78]\I’m locked out… [LqVUxi0oF78].en.vtt","238","&gt;&gt; Okay, but it's like I'm I'm locked out"
"PRIVATE_SEALED",".\_TRANSCRIPT_CUSTODY\Transcripts\Husk IRL\I’m locked out… [LqVUxi0oF78]\I’m locked out… [LqVUxi0oF78].en-orig.vtt","231","&gt;&gt; Okay,<00:01:04.400><c> but</c><00:01:04.640><c> it's</c><00:01:04.839><c> like</c><00:01:05.080><c> I'm</c><00:01:05.800><c> I'm</c><00:01:06.160><c> locked</c><00:01:06.560><c> out</c>"
"PRIVATE_SEALED",".\_TRANSCRIPT_CUSTODY\Transcripts\Husk IRL\I’m locked out… [LqVUxi0oF78]\I’m locked out… [LqVUxi0oF78].en-orig.vtt","234","&gt;&gt; Okay, but it's like I'm I'm locked out"
"PRIVATE_SEALED",".\_TRANSCRIPT_CUSTODY\Transcripts\Husk IRL\I’m locked out… [LqVUxi0oF78]\I’m locked out… [LqVUxi0oF78].en-orig.vtt","238","&gt;&gt; Okay, but it's like I'm I'm locked out"
"PRIVATE_SEALED",".\_TRANSCRIPT_CUSTODY\Transcripts\Husk IRL\I’m locked out… [LqVUxi0oF78]\INFO.txt","1","Title: I’m locked out…"
"PRIVATE_SEALED",".\_TRANSCRIPT_CUSTODY\Transcripts\Husk IRL\I’m locked out… [LqVUxi0oF78]\INFO.txt","6","Folder: C:\Users\13527\Desktop\Transcripts\Husk IRL\I’m locked out… [LqVUxi0oF78]"
"PRIVATE_SEALED",".\_LOCAL_CUSTODY_AND_RECEIPTS\ROOT_LEGACY_RESIDUE_PHASE2_20260603_234817\PARKED_PACKAGES_PENDING_REVIEW\HOUSE_DOCK_CONTROL_ROOM_SAVE_PACKET_V1\00_READ_FIRST\HOUSE_DOCK_HANDOFF_PACKET_V1.md","20","## Locked Chunks"
"PRIVATE_SEALED",".\_LOCAL_CUSTODY_N_RECEIPTS\RECYCLE_BIN_RECOVERY_20260604_203541\RECOVERED_ITEMS\ITEM_0061__CHAT_DROP_COPY__CHAT_HOUSE_RULES_COCKPIT_CARD_APPLIED_20260522.md\CHAT_DROP_COPY__CHAT_HOUSE_RULES_COCKPIT_CARD_APPLIED_20260522.md","539","Task Size Gate chooses the work shape. Problem Solving 101 questions the object before broadening. Twelve-Gate Refinery refines a locked object when a gate run is requested. Final Judge closes."
"PRIVATE_SEALED",".\_LOCAL_CUSTODY_N_RECEIPTS\RECYCLE_BIN_RECOVERY_20260604_203541\RECOVERED_ITEMS\ITEM_0061__CHAT_DROP_COPY__CHAT_HOUSE_RULES_COCKPIT_CARD_APPLIED_20260522.md\CHAT_DROP_COPY__CHAT_HOUSE_RULES_COCKPIT_CARD_APPLIED_20260522.md","826","## 2.40 Lane-Locked Manifest Staging / Ignored-Path Save Exception Rule"
"PRIVATE_SEALED",".\_TRANSCRIPT_CUSTODY\Transcripts\Husk IRL\It shouldn’t be that hard [LhAi7YQ8LWs]\TRANSCRIPT.txt","22",">> Oh, got it. My lips are sealed this"
"PRIVATE_SEALED",".\_TRANSCRIPT_CUSTODY\Transcripts\Husk IRL\It shouldn’t be that hard [LhAi7YQ8LWs]\It shouldn’t be that hard [LhAi7YQ8LWs].en.vtt","95","&gt;&gt; Oh,<00:00:25.519><c> got</c><00:00:25.840><c> it.</c><00:00:26.160><c> My</c><00:00:26.320><c> lips</c><00:00:26.640><c> are</c><00:00:26.800><c> sealed</c><00:00:27.119><c> this</c>"
"PRIVATE_SEALED",".\_TRANSCRIPT_CUSTODY\Transcripts\Husk IRL\It shouldn’t be that hard [LhAi7YQ8LWs]\It shouldn’t be that hard [LhAi7YQ8LWs].en.vtt","98","&gt;&gt; Oh, got it. My lips are sealed this"
"PRIVATE_SEALED",".\_TRANSCRIPT_CUSTODY\Transcripts\Husk IRL\It shouldn’t be that hard [LhAi7YQ8LWs]\It shouldn’t be that hard [LhAi7YQ8LWs].en.vtt","102","&gt;&gt; Oh, got it. My lips are sealed this"
"PRIVATE_SEALED",".\_TRANSCRIPT_CUSTODY\Transcripts\Husk IRL\It shouldn’t be that hard [LhAi7YQ8LWs]\It shouldn’t be that hard [LhAi7YQ8LWs].en-orig.vtt","95","&gt;&gt; Oh,<00:00:25.519><c> got</c><00:00:25.840><c> it.</c><00:00:26.160><c> My</c><00:00:26.320><c> lips</c><00:00:26.640><c> are</c><00:00:26.800><c> sealed</c><00:00:27.119><c> this</c>"
"PRIVATE_SEALED",".\_TRANSCRIPT_CUSTODY\Transcripts\Husk IRL\It shouldn’t be that hard [LhAi7YQ8LWs]\It shouldn’t be that hard [LhAi7YQ8LWs].en-orig.vtt","98","&gt;&gt; Oh, got it. My lips are sealed this"
"PRIVATE_SEALED",".\_TRANSCRIPT_CUSTODY\Transcripts\Husk IRL\It shouldn’t be that hard [LhAi7YQ8LWs]\It shouldn’t be that hard [LhAi7YQ8LWs].en-orig.vtt","102","&gt;&gt; Oh, got it. My lips are sealed this"
"PRIVATE_SEALED",".\_LOCAL_CUSTODY_N_RECEIPTS\RECYCLE_BIN_RECOVERY_20260604_203541\RECOVERED_ITEMS\ITEM_0058__CHAT_DROP_COPY__CHAT_HOUSE_RULES_COCKPIT_CARD_APPLIED_20260522.md\CHAT_DROP_COPY__CHAT_HOUSE_RULES_COCKPIT_CARD_APPLIED_20260522.md","539","Task Size Gate chooses the work shape. Problem Solving 101 questions the object before broadening. Twelve-Gate Refinery refines a locked object when a gate run is requested. Final Judge closes."
"PRIVATE_SEALED",".\_LOCAL_CUSTODY_N_RECEIPTS\RECYCLE_BIN_RECOVERY_20260604_203541\RECOVERED_ITEMS\ITEM_0058__CHAT_DROP_COPY__CHAT_HOUSE_RULES_COCKPIT_CARD_APPLIED_20260522.md\CHAT_DROP_COPY__CHAT_HOUSE_RULES_COCKPIT_CARD_APPLIED_20260522.md","826","## 2.40 Lane-Locked Manifest Staging / Ignored-Path Save Exception Rule"
"PRIVATE_SEALED",".\_LOCAL_CUSTODY_N_RECEIPTS\RECYCLE_BIN_RECOVERY_20260604_203541\RECOVERED_ITEMS\ITEM_0058__CHAT_DROP_COPY__CHAT_HOUSE_RULES_COCKPIT_CARD_APPLIED_20260522.md\CHAT_DROP_COPY__CHAT_HOUSE_RULES_COCKPIT_CARD_APPLIED_20260522.md","941","The User-Said-First Crosscheck House-Rope concept was right. V1 failed because the save body tried normal Git staging against ignored Work Shed paths. The correct repair is lane-locked ignored-path exception: exact-file "
"PRIVATE_SEALED",".\_LOCAL_CUSTODY_N_RECEIPTS\RECYCLE_BIN_RECOVERY_20260604_203541\RECOVERED_ITEMS\ITEM_0053__HELPER CAPABILITY BOUNDARIES_V1.2.txt\HELPER CAPABILITY BOUNDARIES_V1.2.txt","295","Capability is a sealed work pocket."
"PRIVATE_SEALED",".\_LOCAL_CUSTODY_AND_RECEIPTS\ROOT_LEGACY_RESIDUE_PHASE2_20260603_234817\PARKED_PACKAGES_PENDING_REVIEW\HELPER_CONTEXT_AUTHORITY_PROOF_RESEARCH_PACK_20260531\03_MATRICES\EXPANDED_RESEARCH_MATRIX_HELPER_CONTEXT_AUTHORITY_PROOF_V2_20260531.csv","132","Build Domains Integration,Progress markers reduce silent stalls without dumping private reasoning.,Use short closed/found/feeding/next pulses during long work.,PROGRESS_PULSE_RULE_V1,YES,User cannot tell if deep work is "
"PRIVATE_SEALED",".\_LOCAL_CUSTODY_N_RECEIPTS\RECYCLE_BIN_RECOVERY_20260604_203541\RECOVERED_ITEMS\ITEM_0047__Helper Capability_V1.1.txt\Helper Capability_V1.1.txt","1082","private/unneeded data"
"PRIVATE_SEALED",".\_LOCAL_CUSTODY_AND_RECEIPTS\ROOT_LEGACY_RESIDUE_PHASE2_20260603_234817\PARKED_PACKAGES_PENDING_REVIEW\HELPER_CONTEXT_AUTHORITY_PROOF_RESEARCH_PACK_20260531\02_SOURCE_REPAIRS\MULE_RESEARCH_IDEA_MATRIX_HELPER_CONTEXT_CARRIER_V2_20260531.csv","132","Build Domains Integration,Progress markers reduce silent stalls without dumping private reasoning.,Use short closed/found/feeding/next pulses during long work.,PROGRESS_PULSE_RULE_V1,YES,User cannot tell if deep work is "
"PRIVATE_SEALED",".\_LOCAL_CUSTODY_N_RECEIPTS\RECYCLE_BIN_RECOVERY_20260604_203541\RECOVERED_ITEMS\ITEM_0046__HELPER CAPABILITY BOUNDARIES_V1.8.2.txt\HELPER CAPABILITY BOUNDARIES_V1.8.2.txt","729","Input: private file summary appears in trace attributes."
"OUTSIDE_SOURCE",".\_MISC_DRAWER\EVIDENCE_FREEZE\CROSS_EXAM_BLOCKED_BEFORE_RUN_20260528_004506\targets\RUN_HOUSE_CROSS_EXAM_FAILURE_RESPONSE_ALL_ROOMS_TOOLS_WEB_V1.ps1","403","Set-Content -LiteralPath $Report -Value ""# House Cross-Examination: Helper Failure Response / All Rooms Tools Web V1"" -Encoding UTF8"
"OUTSIDE_SOURCE",".\_MISC_DRAWER\EVIDENCE_FREEZE\CROSS_EXAM_BLOCKED_BEFORE_RUN_20260528_004506\targets\RUN_HOUSE_CROSS_EXAM_FAILURE_RESPONSE_ALL_ROOMS_TOOLS_WEB_V1.ps1","415","Add-Line ""## Web Cross-Exam Seeds"""
"OUTSIDE_SOURCE",".\_MISC_DRAWER\EVIDENCE_FREEZE\CROSS_EXAM_BLOCKED_BEFORE_RUN_20260528_004506\targets\RUN_HOUSE_CROSS_EXAM_FAILURE_RESPONSE_ALL_ROOMS_TOOLS_WEB_V1.ps1","515","Add-Line ""The failure-response idea is supported by house signals and web cross-exam seeds, but it should become durable only after review."""
"OUTSIDE_SOURCE",".\_MISC_DRAWER\EVIDENCE_FREEZE\CROSS_EXAM_BLOCKED_BEFORE_RUN_20260528_004506\targets\RUN_HOUSE_CROSS_EXAM_FAILURE_RESPONSE_ALL_ROOMS_TOOLS_WEB_V1.ps1","542","Write-Host ""HOUSE CROSS-EXAM FAILURE RESPONSE ALL ROOMS TOOLS WEB COMPLETE"""
"OUTSIDE_SOURCE",".\_CHAT_DROPS\ROOT_CLEANOUT_DROP_COPY_20260530_200513\CHAT_DROP_COPY__CODE_GATE_WARNING_JUDGMENT_HOUSE_FLOW_V1.md","136","- network/web requests;"
"OUTSIDE_SOURCE",".\_CHAT_DROPS\MULE_HANDOFFS_20260531\MULE_HANDOFF_HOUSE_DOCK_CONTROL_ROOM_SEED_BUILD_20260531.md","65","No browser server."
"OUTSIDE_SOURCE",".\_MISC_DRAWER\EVIDENCE_FREEZE\CODE_GATE_AUDIT_COUNT_CROSSCHECK_20260528_005042\audit_outputs\CODE_GATE_RULING_QUALITY_AND_RULE_EXPANSION_REPORTS_V1_20260528_004845.csv","80","""POWERSHELL_CODE_GATE_RUNNER_REPORT_V1.3_20260527_194918_RUN_LOCAL_CODE_WORKBENCH_GATE_REVIEW_V0.1.ps1.md"",""C:\Users\13527\Desktop\123\_MISC_DRAWER\READ_REPORTS\POWERSHELL_CODE_GATE_RUNNER_REPORT_V1.3_20260527_194918_RUN"
"OUTSIDE_SOURCE",".\_LOCAL_CUSTODY_N_RECEIPTS\ROOT_LOOSE_FILE_ROUTE_20260605_143357\RULE_CANDIDATES_PENDING_REVIEW\LIVING_RULE__TERMINAL_FILE_ONLY_AFTER_PARSER_BOUNDARY_FAILURE_V1.md","39","Downloads may be used only as a browser drop zone. It is not the active project lane."
"OUTSIDE_SOURCE",".\Jxhnny_Kl33N_Seedz\_LOCAL_RUNNERS\ROW_001_STATIC_PACKET\WRITE_ROW_001_STATIC_CODE_SHAPE_FIXTURE_PACKET_V1_2.ps1","515","6. The helper does not invoke nested PowerShell, shell commands, jobs, watchers, web calls, or dynamic scriptblocks."
"OUTSIDE_SOURCE",".\Jxhnny_Kl33N_Seedz\YT_TRANSCRIPTS\YvyUdcVk_gA\FRAME_HYGIENE_WORK_ORDER_PACKAGE_20260522\01_NEWER_FRAMED_WORK\FRAME_HYGIENE_WORK_ORDER_CLEAN_REFRAME_20260522.md","39","- no outside source becomes doctrine without routing"
"OUTSIDE_SOURCE",".\Jxhnny_Kl33N_Seedz\YT_TRANSCRIPTS\Hm9ADZ28Wgo\TRANSCRIPT_CLEAN_FULL_Hm9ADZ28Wgo.txt","1","Hello inferson. This is Anton. And for decades, astronomers looked to the stars in order to discover some kind of an intelligent life out there. I'm of course referring to the project known as Sati, search for extraterre"
"OUTSIDE_SOURCE",".\Jxhnny_Kl33N_Seedz\YT_TRANSCRIPTS\Hm9ADZ28Wgo\CHUNKS\TRANSCRIPT_CHUNK_001_Hm9ADZ28Wgo.txt","1","Hello inferson. This is Anton. And for decades, astronomers looked to the stars in order to discover some kind of an intelligent life out there. I'm of course referring to the project known as Sati, search for extraterre"
"OUTSIDE_SOURCE",".\Jxhnny_Kl33N_Seedz\SOURCE_TRANSFER\TEXT_INCOMING\MULE_FILE_CLEAN.txt","85","8. Whether public/browser/URL files disagree with local files."
"OUTSIDE_SOURCE",".\Jxhnny_Kl33N_Seedz\SOURCE_TRANSFER\TEXT_INCOMING\MULE_FILE_CLEAN.txt","90","Public GitHub / browser / URL files are a comparison window, not automatic room truth."
"OUTSIDE_SOURCE",".\Jxhnny_Kl33N_Seedz\SOURCE_TRANSFER\TEXT_INCOMING\CLEAN_SEED_CORE_CHAT_CONTINUATION_PACK_V1.txt","41","- URL = full web address, like https://p00psticks.neocities.org/index.html"
"OUTSIDE_SOURCE",".\Jxhnny_Kl33N_Seedz\SOURCE_TRANSFER\TEXT_INCOMING\CLEAN_SEED_CORE_CHAT_CONTINUATION_PACK_V1.txt","44","- File reference = HTML/CSS/JS telling the browser to fetch another file"
"OUTSIDE_SOURCE",".\Jxhnny_Kl33N_Seedz\SOURCE_TRANSFER\TEXT_INCOMING\CLEAN_SEED_CORE_CHAT_CONTINUATION_PACK_V1.txt","51","browser requests URL -> Neocities maps path -> Neocities serves file."
"OUTSIDE_SOURCE",".\Jxhnny_Kl33N_Seedz\SOURCE_TRANSFER\TEXT_INCOMING\CLEAN_SEED_CORE_CHAT_CONTINUATION_PACK_V1.txt","58","p00psticks.neocities.org was confusing because assistant web checks kept reporting old SeedGate137 content, but user’s direct PowerShell checks proved the public root currently serves Mom’s Clean Seeds."
"OUTSIDE_SOURCE",".\Jxhnny_Kl33N_Seedz\SOURCE_TRANSFER\TEXT_INCOMING\CLEAN_SEED_CORE_CHAT_CONTINUATION_PACK_V1.txt","74","- assistant web view for p00psticks is low-trust/stale/dirty evidence unless confirmed by user PowerShell/browser."
"OUTSIDE_SOURCE",".\Jxhnny_Kl33N_Seedz\SOURCE_TRANSFER\TEXT_INCOMING\CLEAN_SEED_CORE_CHAT_CONTINUATION_PACK_V1.txt","75","- Do not delete files based only on assistant web-view."
"OUTSIDE_SOURCE",".\Jxhnny_Kl33N_Seedz\SOURCE_TRANSFER\TEXT_INCOMING\CLEAN_SEED_CORE_CHAT_CONTINUATION_PACK_V1.txt","348","- Do not trust assistant web view over user PowerShell for p00psticks."
"OUTSIDE_SOURCE",".\_LOCAL_CUSTODY_N_RECEIPTS\RECYCLE_BIN_RECOVERY_20260604_203541\RECOVERED_ITEMS\ITEM_0128__08_METHOD_SEARCH_SCIENCE_CITATION_CHAINING_METHOD_SEARCH.md\08_METHOD_SEARCH_SCIENCE_CITATION_CHAINING_METHOD_SEARCH.md","1","# M08 — Search-Science / Citation Chaining Method Search"
"OUTSIDE_SOURCE",".\_LOCAL_CUSTODY_N_RECEIPTS\RECYCLE_BIN_RECOVERY_20260604_203541\RECOVERED_ITEMS\ITEM_0128__08_METHOD_SEARCH_SCIENCE_CITATION_CHAINING_METHOD_SEARCH.md\08_METHOD_SEARCH_SCIENCE_CITATION_CHAINING_METHOD_SEARCH.md","9","Search how researchers search: citation chasing, pearl growing, scoping frameworks, and hybrid search strategies."
"OUTSIDE_SOURCE",".\_LOCAL_CUSTODY_N_RECEIPTS\RECYCLE_BIN_RECOVERY_20260604_203541\RECOVERED_ITEMS\ITEM_0128__08_METHOD_SEARCH_SCIENCE_CITATION_CHAINING_METHOD_SEARCH.md\08_METHOD_SEARCH_SCIENCE_CITATION_CHAINING_METHOD_SEARCH.md","12","- systematic literature review citation searching forward backward snowballing"
"OUTSIDE_SOURCE",".\_LOCAL_CUSTODY_N_RECEIPTS\RECYCLE_BIN_RECOVERY_20260604_203541\RECOVERED_ITEMS\ITEM_0128__08_METHOD_SEARCH_SCIENCE_CITATION_CHAINING_METHOD_SEARCH.md\08_METHOD_SEARCH_SCIENCE_CITATION_CHAINING_METHOD_SEARCH.md","21","- Citation searching/snowballing can go backward through references or forward through citing works."
"OUTSIDE_SOURCE",".\_LOCAL_CUSTODY_N_RECEIPTS\RECYCLE_BIN_RECOVERY_20260604_203541\RECOVERED_ITEMS\ITEM_0128__08_METHOD_SEARCH_SCIENCE_CITATION_CHAINING_METHOD_SEARCH.md\08_METHOD_SEARCH_SCIENCE_CITATION_CHAINING_METHOD_SEARCH.md","32","- Citation searching guide: https://libguides.library.tmc.edu/Systematic_Reviews/citationsearching"
"OUTSIDE_SOURCE",".\_LOCAL_CUSTODY_N_RECEIPTS\RECYCLE_BIN_RECOVERY_20260604_203541\RECOVERED_ITEMS\ITEM_0128__08_METHOD_SEARCH_SCIENCE_CITATION_CHAINING_METHOD_SEARCH.md\08_METHOD_SEARCH_SCIENCE_CITATION_CHAINING_METHOD_SEARCH.md","33","- Citation tracking review: https://pmc.ncbi.nlm.nih.gov/articles/PMC8474097/"
"OUTSIDE_SOURCE",".\Jxhnny_Kl33N_Seedz\SOURCE_TRANSFER\TEXT_INCOMING\CLEAN_SEED_ALIGNMENT_CHECK.txt","2035","Where did it come from: user text, assistant text, file, receipt, memory, summary, tool output, command output, or external source?"
"OUTSIDE_SOURCE",".\_LOCAL_CUSTODY_N_RECEIPTS\RECYCLE_BIN_RECOVERY_20260604_203541\RECOVERED_ITEMS\ITEM_0117__10_METHOD_HOUSE_TRIPLE_PASS_SYNTHESIS_METHOD.md\10_METHOD_HOUSE_TRIPLE_PASS_SYNTHESIS_METHOD.md","9","Use the house’s own triple pass: Walls = visible proof surface; Roof = control structure; Ceiling = culture/system drift. Then sew outside sources into a house rule."
"OUTSIDE_SOURCE",".\_LOCAL_CUSTODY_N_RECEIPTS\RECYCLE_BIN_RECOVERY_20260604_203541\RECOVERED_ITEMS\ITEM_0114__04_ARCHITECTURE_LANES\04_ARCHITECTURE_LANES\02_AUTHORITY_PROVENANCE.md","1","# AUTHORITY PROVENANCE"
"OUTSIDE_SOURCE",".\_LOCAL_CUSTODY_N_RECEIPTS\RECYCLE_BIN_RECOVERY_20260604_203541\RECOVERED_ITEMS\ITEM_0114__04_ARCHITECTURE_LANES\04_ARCHITECTURE_LANES\02_AUTHORITY_PROVENANCE.md","3","Hard line: NO AUTHORITY PROVENANCE / NO AUTHORITY-BEARING GRANT."
"OUTSIDE_SOURCE",".\_LOCAL_CUSTODY_N_RECEIPTS\RECYCLE_BIN_RECOVERY_20260604_203541\RECOVERED_ITEMS\ITEM_0114__04_ARCHITECTURE_LANES\04_ARCHITECTURE_LANES\02_AUTHORITY_PROVENANCE.md","5","Root ladder: A0 unknown, A1 source/web, A2 helper/tool report, A3 old proof, A4 task contract, A5 current bounded user command, A6 installed house authority, A7 valid policy decision, A8 Final Judge, A9 hard safety/tool/"
"OUTSIDE_SOURCE",".\_LOCAL_CUSTODY_N_RECEIPTS\RECYCLE_BIN_RECOVERY_20260604_203541\RECOVERED_ITEMS\ITEM_0113__SOURCE_LEDGER.md\SOURCE_LEDGER.md","3","Status: WEB/HOUSE SOURCE LIST / NOT AUTHORITY BY ITSELF"
"OUTSIDE_SOURCE",".\_LOCAL_CUSTODY_N_RECEIPTS\RECYCLE_BIN_RECOVERY_20260604_203541\RECOVERED_ITEMS\ITEM_0113__SOURCE_LEDGER.md\SOURCE_LEDGER.md","33","- Citation searching guide: https://libguides.library.tmc.edu/Systematic_Reviews/citationsearching"
"OUTSIDE_SOURCE",".\_LOCAL_CUSTODY_N_RECEIPTS\RECYCLE_BIN_RECOVERY_20260604_203541\RECOVERED_ITEMS\ITEM_0113__SOURCE_LEDGER.md\SOURCE_LEDGER.md","34","- Citation tracking review: https://pmc.ncbi.nlm.nih.gov/articles/PMC8474097/"
"OUTSIDE_SOURCE",".\Jxhnny_Kl33N_Seedz\SOURCE_TRANSFER\MD_INCOMING\RUDOLF_STEINER_DIGITAL_JAR_DEEP_RESEARCH_REVISED_20260522.md","1126","URL: https://wpcdn.web.wsu.edu/wp-puyallup/uploads/sites/403/2015/03/biodynamic-agriculture.pdf  "
"OUTSIDE_SOURCE",".\Jxhnny_Kl33N_Seedz\SOURCE_TRANSFER\MD_INCOMING\RUDOLF_STEINER_DIGITAL_JAR_DEEP_RESEARCH_20260522.md","596","URL: https://wpcdn.web.wsu.edu/wp-puyallup/uploads/sites/403/2015/03/biodynamic-agriculture.pdf  "
"OUTSIDE_SOURCE",".\Jxhnny_Kl33N_Seedz\SOURCE_TRANSFER\MD_INCOMING\RECURRING_NON_RECURSIVE_FAILURE_MULE_PACKET_HELD_20260520.md","190","- The house walk states that the requested method was to use relevant tools, notes, links, idea bags, benches, proof, queue/TODO, and mule return material, then revise/compare/disposition; it also says “use all tools” me"
"OUTSIDE_SOURCE",".\Jxhnny_Kl33N_Seedz\SOURCE_TRANSFER\MD_INCOMING\MULE_ABYSS_WEBDIVE_ORDER_BITSTRINGS_COMPLEXITY_CLEAN_SEED_20260519.md","5","Audience: Mule / second agent / deep web researcher"
"OUTSIDE_SOURCE",".\Jxhnny_Kl33N_Seedz\SOURCE_TRANSFER\MD_INCOMING\MULE_ABYSS_WEBDIVE_ORDER_BITSTRINGS_COMPLEXITY_CLEAN_SEED_20260519.md","254","Search terms: sequence alignment, motif detection, information leakage, data leakage, prompt leakage, contamination, chain of custody, provenance, audit trail, blind analysis, preregistration, control condition, ablation"
"OUTSIDE_SOURCE",".\Jxhnny_Kl33N_Seedz\SOURCE_TRANSFER\MD_INCOMING\MULE_ABYSS_WEBDIVE_ORDER_BITSTRINGS_COMPLEXITY_CLEAN_SEED_20260519 (2).md","5","Audience: Mule / second agent / deep web researcher"
"OUTSIDE_SOURCE",".\Jxhnny_Kl33N_Seedz\SOURCE_TRANSFER\MD_INCOMING\MULE_ABYSS_WEBDIVE_ORDER_BITSTRINGS_COMPLEXITY_CLEAN_SEED_20260519 (2).md","254","Search terms: sequence alignment, motif detection, information leakage, data leakage, prompt leakage, contamination, chain of custody, provenance, audit trail, blind analysis, preregistration, control condition, ablation"
"OUTSIDE_SOURCE",".\Jxhnny_Kl33N_Seedz\SOURCE_TRANSFER\MD_INCOMING\MULE_ABYSS_WEBDIVE_ORDER_BITSTRINGS_COMPLEXITY_CLEAN_SEED_20260519 (1).md","5","Audience: Mule / second agent / deep web researcher"
"OUTSIDE_SOURCE",".\Jxhnny_Kl33N_Seedz\SOURCE_TRANSFER\MD_INCOMING\MULE_ABYSS_WEBDIVE_ORDER_BITSTRINGS_COMPLEXITY_CLEAN_SEED_20260519 (1).md","254","Search terms: sequence alignment, motif detection, information leakage, data leakage, prompt leakage, contamination, chain of custody, provenance, audit trail, blind analysis, preregistration, control condition, ablation"
"OUTSIDE_SOURCE",".\_LOCAL_CUSTODY_N_RECEIPTS\RECYCLE_BIN_RECOVERY_20260604_203541\RECOVERED_ITEMS\ITEM_0103__SEARCH_METHOD_RUN_LEDGER.csv\SEARCH_METHOD_RUN_LEDGER.csv","9","M08,Search-Science / Citation Chaining Method Search,Scent Room / Search Method Lab / Query Design,""Search how researchers search: citation chasing, pearl growing, scoping frameworks, and hybrid search strategies."",High "
"OUTSIDE_SOURCE",".\_LOCAL_CUSTODY_N_RECEIPTS\RECYCLE_BIN_RECOVERY_20260604_203541\RECOVERED_ITEMS\ITEM_0103__SEARCH_METHOD_RUN_LEDGER.csv\SEARCH_METHOD_RUN_LEDGER.csv","11","M10,House Triple-Pass Synthesis Method,Walls / Roof / Ceiling / Final Judge,Use the house’s own triple pass: Walls = visible proof surface; Roof = control structure; Ceiling = culture/system drift. Then sew outside sourc"
"OUTSIDE_SOURCE",".\Jxhnny_Kl33N_Seedz\SOURCE_TRANSFER\MD_INCOMING\LAYOUT_CANDIDATE_LEDGER_EXPANDED_20260518.md","534","## 3.5 Provenance Graph Layout"
"OUTSIDE_SOURCE",".\Jxhnny_Kl33N_Seedz\SOURCE_TRANSFER\MD_INCOMING\LAYOUT_CANDIDATE_LEDGER_EXPANDED_20260518.md","2717","Evidence Ledger + Neighbor-Fit Receipt + Provenance Graph + Append-Only Log"
"OUTSIDE_SOURCE",".\Jxhnny_Kl33N_Seedz\SOURCE_TRANSFER\MD_INCOMING\LAYOUT_CANDIDATE_LEDGER_EXPANDED_20260518.md","2793","Evidence layer: Neighbor-Fit Receipt + Provenance + Append-Only Log"
"OUTSIDE_SOURCE",".\Jxhnny_Kl33N_Seedz\SOURCE_TRANSFER\MD_INCOMING\HOUSE_WALK_DEEP_REVISED_HELD_20260520.md","21","   - then compare against outside/web methods for possible improvement,"
"OUTSIDE_SOURCE",".\Jxhnny_Kl33N_Seedz\SOURCE_TRANSFER\MD_INCOMING\HOUSE_WALK_DEEP_REVISED_HELD_20260520.md","23","5. Treat “use all tools” as “use all relevant tools that the task calls for,” not literal whole-house or whole-web crawling."
"OUTSIDE_SOURCE",".\Jxhnny_Kl33N_Seedz\SOURCE_TRANSFER\MD_INCOMING\HOUSE_WALK_DEEP_REVISED_HELD_20260520.md","64","### External / web comparison sources used"
"OUTSIDE_SOURCE",".\Jxhnny_Kl33N_Seedz\SOURCE_TRANSFER\MD_INCOMING\HOUSE_WALK_DEEP_REVISED_HELD_20260520.md","85","The house front door was judged strong because it says the local synced clean repo is the room truth, public GitHub/browser is only a window, and the assistant should start from `CURRENT_TRUTH_INDEX.txt`, `ACTIVE_ANCHOR."
"OUTSIDE_SOURCE",".\Jxhnny_Kl33N_Seedz\SOURCE_TRANSFER\MD_INCOMING\HOUSE_WALK_DEEP_REVISED_HELD_20260520.md","122","## Web comparison"
"OUTSIDE_SOURCE",".\Jxhnny_Kl33N_Seedz\SOURCE_TRANSFER\MD_INCOMING\HOUSE_WALK_DEEP_REVISED_HELD_20260520.md","177","## Web comparison"
"OUTSIDE_SOURCE",".\Jxhnny_Kl33N_Seedz\SOURCE_TRANSFER\MD_INCOMING\HOUSE_WALK_DEEP_REVISED_HELD_20260520.md","224","## Web comparison"
"OUTSIDE_SOURCE",".\Jxhnny_Kl33N_Seedz\SOURCE_TRANSFER\MD_INCOMING\HOUSE_WALK_DEEP_REVISED_HELD_20260520.md","281","## Web comparison"
"OUTSIDE_SOURCE",".\Jxhnny_Kl33N_Seedz\SOURCE_TRANSFER\MD_INCOMING\HOUSE_WALK_DEEP_REVISED_HELD_20260520.md","334","## Web comparison"
"OUTSIDE_SOURCE",".\Jxhnny_Kl33N_Seedz\SOURCE_TRANSFER\MD_INCOMING\HOUSE_WALK_DEEP_REVISED_HELD_20260520.md","384","## Web comparison"
"OUTSIDE_SOURCE",".\Jxhnny_Kl33N_Seedz\SOURCE_TRANSFER\MD_INCOMING\HOUSE_WALK_DEEP_REVISED_HELD_20260520.md","438","## Web comparison"
"OUTSIDE_SOURCE",".\Jxhnny_Kl33N_Seedz\SOURCE_TRANSFER\MD_INCOMING\HOUSE_WALK_DEEP_REVISED_HELD_20260520.md","485","## Web comparison"
"OUTSIDE_SOURCE",".\Jxhnny_Kl33N_Seedz\SOURCE_TRANSFER\MD_INCOMING\HOUSE_WALK_DEEP_REVISED_HELD_20260520.md","538","## Web comparison"
"OUTSIDE_SOURCE",".\Jxhnny_Kl33N_Seedz\SOURCE_TRANSFER\MD_INCOMING\HOUSE_WALK_DEEP_REVISED_HELD_20260520.md","591","## Web comparison"
"OUTSIDE_SOURCE",".\Jxhnny_Kl33N_Seedz\SOURCE_TRANSFER\MD_INCOMING\HOUSE_WALK_DEEP_REVISED_HELD_20260520.md","648","## Web comparison"
"OUTSIDE_SOURCE",".\Jxhnny_Kl33N_Seedz\SOURCE_TRANSFER\MD_INCOMING\HOUSE_WALK_DEEP_REVISED_HELD_20260520.md","689","## Web comparison"
"OUTSIDE_SOURCE",".\Jxhnny_Kl33N_Seedz\SOURCE_TRANSFER\MD_INCOMING\HOUSE_WALK_DEEP_REVISED_HELD_20260520.md","726","## Web comparison"
"OUTSIDE_SOURCE",".\Jxhnny_Kl33N_Seedz\SOURCE_TRANSFER\MD_INCOMING\HOUSE_WALK_DEEP_REVISED_HELD_20260520.md","770","## Web comparison"
"OUTSIDE_SOURCE",".\Jxhnny_Kl33N_Seedz\SOURCE_TRANSFER\MD_INCOMING\HOUSE_WALK_DEEP_REVISED_HELD_20260520.md","841","# SECTION 16 — Web-Informed Improvements That Fit"
"OUTSIDE_SOURCE",".\Jxhnny_Kl33N_Seedz\SOURCE_TRANSFER\MD_INCOMING\HOUSE_WALK_DEEP_REVISED_HELD_20260520.md","1006","- Web comparison added only where it strengthens fit:"
"OUTSIDE_SOURCE",".\_LOCAL_CUSTODY_N_RECEIPTS\RECYCLE_BIN_RECOVERY_20260604_203541\RECOVERED_ITEMS\ITEM_0100__Underdogs.txt\Underdogs.txt","209","custody/provenance"
"OUTSIDE_SOURCE",".\_LOCAL_CUSTODY_N_RECEIPTS\RECYCLE_BIN_RECOVERY_20260604_203541\RECOVERED_ITEMS\ITEM_0100__Underdogs.txt\Underdogs.txt","231","29. M08 — Search-Science / Citation Chaining Method Search"
"OUTSIDE_SOURCE",".\Jxhnny_Kl33N_Seedz\SOURCE_TRANSFER\MD_INCOMING\HOUSE_NERVOUS_SYSTEM_ALARM_DEBUGGER_MESH_RESEARCH_PACKET_20260520.md","116","This section converts outside research into house-safe source ore. Outside sources are support, not authority."
"OUTSIDE_SOURCE",".\Jxhnny_Kl33N_Seedz\SOURCE_TRANSFER\MD_INCOMING\HOUSE_NERVOUS_SYSTEM_ALARM_DEBUGGER_MESH_RESEARCH_PACKET_20260520.md","558","- web claim made without freshness check;"
"OUTSIDE_SOURCE",".\Jxhnny_Kl33N_Seedz\SOURCE_TRANSFER\MD_INCOMING\HOUSE_NERVOUS_SYSTEM_ALARM_DEBUGGER_MESH_RESEARCH_PACKET_20260520.md","588","- web source overriding house authority;"
"OUTSIDE_SOURCE",".\Jxhnny_Kl33N_Seedz\SOURCE_TRANSFER\MD_INCOMING\HOUSE_NERVOUS_SYSTEM_ALARM_DEBUGGER_MESH_RESEARCH_PACKET_20260520.md","902","- citations missing after web use;"
"OUTSIDE_SOURCE",".\Jxhnny_Kl33N_Seedz\SOURCE_TRANSFER\MD_INCOMING\HOUSE_NERVOUS_SYSTEM_ALARM_DEBUGGER_MESH_RESEARCH_PACKET_20260520.md","913","- Citation Gap Warning;"
"OUTSIDE_SOURCE",".\Jxhnny_Kl33N_Seedz\SOURCE_TRANSFER\MD_INCOMING\HOUSE_NERVOUS_SYSTEM_ALARM_DEBUGGER_MESH_RESEARCH_PACKET_20260520.md","929","### 9.11 Web / Source Sensors"
"OUTSIDE_SOURCE",".\Jxhnny_Kl33N_Seedz\SOURCE_TRANSFER\MD_INCOMING\HOUSE_NERVOUS_SYSTEM_ALARM_DEBUGGER_MESH_RESEARCH_PACKET_20260520.md","937","- web source treated as house authority;"
"OUTSIDE_SOURCE",".\Jxhnny_Kl33N_Seedz\SOURCE_TRANSFER\MD_INCOMING\HOUSE_NERVOUS_SYSTEM_ALARM_DEBUGGER_MESH_RESEARCH_PACKET_20260520.md","938","- citation missing;"
"OUTSIDE_SOURCE",".\Jxhnny_Kl33N_Seedz\SOURCE_TRANSFER\MD_INCOMING\HOUSE_NERVOUS_SYSTEM_ALARM_DEBUGGER_MESH_RESEARCH_PACKET_20260520.md","946","- Citation Gap Warning."
"OUTSIDE_SOURCE",".\Jxhnny_Kl33N_Seedz\SOURCE_TRANSFER\MD_INCOMING\HOUSE_NERVOUS_SYSTEM_ALARM_DEBUGGER_MESH_RESEARCH_PACKET_20260520.md","1050","- web/source signal;"
"OUTSIDE_SOURCE",".\Jxhnny_Kl33N_Seedz\SOURCE_TRANSFER\MD_INCOMING\HOUSE_NERVOUS_SYSTEM_ALARM_DEBUGGER_MESH_RESEARCH_PACKET_20260520.md","1140","- web facts;"
"OUTSIDE_SOURCE",".\Jxhnny_Kl33N_Seedz\SOURCE_TRANSFER\MD_INCOMING\HOUSE_NERVOUS_SYSTEM_ALARM_DEBUGGER_MESH_RESEARCH_PACKET_20260520.md","1172","- web source overriding local truth;"
"OUTSIDE_SOURCE",".\Jxhnny_Kl33N_Seedz\SOURCE_TRANSFER\MD_INCOMING\HOUSE_NERVOUS_SYSTEM_ALARM_DEBUGGER_MESH_RESEARCH_PACKET_20260520.md","1471","- web source acting as local truth."
"OUTSIDE_SOURCE",".\Jxhnny_Kl33N_Seedz\SOURCE_TRANSFER\MD_INCOMING\HOUSE_NERVOUS_SYSTEM_ALARM_DEBUGGER_MESH_RESEARCH_PACKET_20260520.md","1729","outside source or idea starts steering current action."
"OUTSIDE_SOURCE",".\Jxhnny_Kl33N_Seedz\SOURCE_TRANSFER\MD_INCOMING\HOUSE_NERVOUS_SYSTEM_ALARM_DEBUGGER_MESH_RESEARCH_PACKET_20260520.md","1770","### Nerve 9: Web Freshness / Source Boundary Nerve"
"OUTSIDE_SOURCE",".\Jxhnny_Kl33N_Seedz\SOURCE_TRANSFER\MD_INCOMING\HOUSE_NERVOUS_SYSTEM_ALARM_DEBUGGER_MESH_RESEARCH_PACKET_20260520.md","1773","current/niche claim without browse or citation."
"OUTSIDE_SOURCE",".\Jxhnny_Kl33N_Seedz\SOURCE_TRANSFER\MD_INCOMING\HOUSE_NERVOUS_SYSTEM_ALARM_DEBUGGER_MESH_RESEARCH_PACKET_20260520.md","1953","No web source overriding local truth.  "
"OUTSIDE_SOURCE",".\Jxhnny_Kl33N_Seedz\SOURCE_TRANSFER\MD_INCOMING\HOUSE_NERVOUS_SYSTEM_ALARM_DEBUGGER_MESH_RESEARCH_PACKET_20260520.md","2085","Used for: salience as relevance filtering. If web access fails later, use as source title/DOI lookup rather than authority quote."
"OUTSIDE_SOURCE",".\_LOCAL_CUSTODY_N_RECEIPTS\RECYCLE_BIN_RECOVERY_20260604_203541\RECOVERED_ITEMS\ITEM_0097__READ_BOG_DOSSIER_ALOUD_V1.ps1\READ_BOG_DOSSIER_ALOUD_V1.ps1","87","    # Remove raw URLs and long citation clutter."
"OUTSIDE_SOURCE",".\Jxhnny_Kl33N_Seedz\SOURCE_TRANSFER\MD_INCOMING\DENSE_IDEA_REVISE_RULE_DEEP_RESEARCH_AND_LIVING_RULE_PACKET_20260521.md","53","I searched outward across systems safety, requirements engineering, observability, provenance, process mining, assurance cases, incident response, SRE monitoring, cybernetics, risk management, resilience engineering, lea"
"OUTSIDE_SOURCE",".\Jxhnny_Kl33N_Seedz\SOURCE_TRANSFER\MD_INCOMING\DENSE_IDEA_REVISE_RULE_DEEP_RESEARCH_AND_LIVING_RULE_PACKET_20260521.md","153","| 7 | Entity-Activity-Agent Custody | W3C PROV | Every output has entities, activities, agents, usage, generation, derivation. | Use for mule returns, helper scripts, research claims, receipts. | Provenance does not prov"
"OUTSIDE_SOURCE",".\Jxhnny_Kl33N_Seedz\SOURCE_TRANSFER\MD_INCOMING\DENSE_IDEA_REVISE_RULE_DEEP_RESEARCH_AND_LIVING_RULE_PACKET_20260521.md","318","- PROV for provenance relations [S07]."
"OUTSIDE_SOURCE",".\Jxhnny_Kl33N_Seedz\SOURCE_TRANSFER\MD_INCOMING\DENSE_IDEA_REVISE_RULE_DEEP_RESEARCH_AND_LIVING_RULE_PACKET_20260521.md","447","| 10 | Boundary-First Citation Use | External source citation supports comparison, not authority; source claims must be translated into house use. |"
"OUTSIDE_SOURCE",".\Jxhnny_Kl33N_Seedz\SOURCE_TRANSFER\MD_INCOMING\DENSE_IDEA_REVISE_RULE_DEEP_RESEARCH_AND_LIVING_RULE_PACKET_20260521.md","453","| 16 | No-Authority-From-Artifact Rule | A file, packet, dashboard, report, tool, or citation does not become authority by existing. |"
"OUTSIDE_SOURCE",".\Jxhnny_Kl33N_Seedz\SOURCE_TRANSFER\MD_INCOMING\DENSE_IDEA_REVISE_RULE_DEEP_RESEARCH_AND_LIVING_RULE_PACKET_20260521.md","493","7. SEARCH outside sources if current information or broader research is needed."
"OUTSIDE_SOURCE",".\Jxhnny_Kl33N_Seedz\SOURCE_TRANSFER\MD_INCOMING\DENSE_IDEA_REVISE_RULE_DEEP_RESEARCH_AND_LIVING_RULE_PACKET_20260521.md","619","- [S07] W3C PROV Data Model. URL: https://www.w3.org/TR/prov-dm/. House use: Entity/activity/agent provenance model; use for source-to-claim and file-custody lineage."
"OUTSIDE_SOURCE",".\Jxhnny_Kl33N_Seedz\SOURCE_TRANSFER\MD_INCOMING\CORE_SPIN_MOTTO_WHEEL_MULE_PACKET_SECOND_PASS_20260520.md","841","Evidence may require files, web, screenshots, mule output, queue, proof, or scripts."
"OUTSIDE_SOURCE",".\Jxhnny_Kl33N_Seedz\SOURCE_TRANSFER\MD_INCOMING\CORE_SPIN_DRIVING_MOTTOS_DEEP_DRAFT_FOR_MULE_20260520.md","655","Evidence may require files, web, screenshots, mule output, queue, proof, or scripts."
"OUTSIDE_SOURCE",".\Jxhnny_Kl33N_Seedz\SOURCE_TRANSFER\MD_INCOMING\CHAT_HOUSE_RULES_COCKPIT_CARD_APPLIED_20260522.md","336","For public research, current facts, named people, external claims, science/history/technical details, or anything likely to be wrong from memory, use web/tools and cite."
"OUTSIDE_SOURCE",".\Jxhnny_Kl33N_Seedz\SOURCE_TRANSFER\MD_INCOMING\CHAT_HOUSE_RULES_COCKPIT_CARD_APPLIED_20260522.md","524","Outside tools, mules, web pages, and research reports are not authority by themselves."
"OUTSIDE_SOURCE",".\Jxhnny_Kl33N_Seedz\SOURCE_TRANSFER\MD_INCOMING\CHAT_HOUSE_RULES_COCKPIT_CARD_APPLIED_20260522.md","569","6. Use web/tools and cite."
"OUTSIDE_SOURCE",".\Jxhnny_Kl33N_Seedz\SOURCE_TRANSFER\MD_INCOMING\CARL_GUSTAV_JUNG_DIGITAL_JAR_DEEP_RESEARCH_20260522.md","805","Web research completed: YES  "
"OUTSIDE_SOURCE",".\Jxhnny_Kl33N_Seedz\SOURCE_TRANSFER\MD_INCOMING\BITSTRING_BINARY_LOGIC_BOSS_GROUPED_LEDGER_20260518.md","527","# BOSS-05 — Receipts, Provenance, and Append-Only Proof"
"OUTSIDE_SOURCE",".\Jxhnny_Kl33N_Seedz\SOURCE_TRANSFER\MD_INCOMING\BITSTRING_BINARY_LOGIC_BOSS_GROUPED_LEDGER_20260518.md","554","### W3C PROV-Style Provenance"
"OUTSIDE_SOURCE",".\Jxhnny_Kl33N_Seedz\SOURCE_TRANSFER\MD_INCOMING\BITSTRING_BINARY_LOGIC_BOSS_GROUPED_LEDGER_20260518.md","1219","6. Receipt/provenance proof"
"OUTSIDE_SOURCE",".\Jxhnny_Kl33N_Seedz\SOURCE_TRANSFER\MD_INCOMING\BITSTRING_BINARY_LOGIC_BOSS_GROUPED_LEDGER_20260518 (1).md","527","# BOSS-05 — Receipts, Provenance, and Append-Only Proof"
"OUTSIDE_SOURCE",".\Jxhnny_Kl33N_Seedz\SOURCE_TRANSFER\MD_INCOMING\BITSTRING_BINARY_LOGIC_BOSS_GROUPED_LEDGER_20260518 (1).md","554","### W3C PROV-Style Provenance"
"OUTSIDE_SOURCE",".\Jxhnny_Kl33N_Seedz\SOURCE_TRANSFER\MD_INCOMING\BITSTRING_BINARY_LOGIC_BOSS_GROUPED_LEDGER_20260518 (1).md","1219","6. Receipt/provenance proof"
"OUTSIDE_SOURCE",".\Jxhnny_Kl33N_Seedz\SOURCE_TRANSFER\MD_INCOMING\ALGORITHM_CANDIDATE_LEDGER_COMBINED_20260518.md","127","# 4. Proof, Provenance, and Evidence Algorithms"
"OUTSIDE_SOURCE",".\Jxhnny_Kl33N_Seedz\SOURCE_TRANSFER\MD_INCOMING\ALGORITHM_CANDIDATE_LEDGER_COMBINED_20260518.md","133","| W3C PROV / Provenance Model | entity → activity → agent → derivation → trust assessment | Track who/what produced a claim/file | SOON |"
"OUTSIDE_SOURCE",".\_LOCAL_CUSTODY_N_RECEIPTS\RECYCLE_BIN_RECOVERY_20260604_203541\RECOVERED_ITEMS\ITEM_0076__New folder\New folder\SOURCE_LEDGER.md","45","## Web Sources Used"
"OUTSIDE_SOURCE",".\_MISC_DRAWER\SOURCE_TO_HOUSE_WASH\SOURCE_TO_HOUSE_WASH_20260528_201152\CHUNKS_LOCAL_ONLY\021_SOURCE_TO_HOUSE_INTAKE_V2_DESIGN_SPEC_20260528.md_CHUNK_01.txt","108","V2 reads only the exact selected folder and bounded child files. It does not scan Desktop, Documents, drives, GitHub, browser history, or external URLs."
"OUTSIDE_SOURCE",".\Jxhnny_Kl33N_Seedz\SOURCE_ORE\USER_DROPS\TASK_SIZE_RULE_FINAL_V1_20260526_010139\TASK_SIZE_RULE_FINAL_V1.txt","212","External source/link."
"OUTSIDE_SOURCE",".\Jxhnny_Kl33N_Seedz\SOURCE_ORE\USER_DROPS\TASK_SIZE_RULE_FINAL_V1_20260526_010139\TASK_SIZE_RULE_FINAL_V1.txt","368","Code scripts, local workflows, file outputs, error fixes, current game codes, web/current facts."
"OUTSIDE_SOURCE",".\Jxhnny_Kl33N_Seedz\SOURCE_ORE\USER_DROPS\TASK_SIZE_RULE_FINAL_V1_20260526_010139\TASK_SIZE_RULE_FINAL_V1.txt","379","Needs current web check."
"OUTSIDE_SOURCE",".\Jxhnny_Kl33N_Seedz\SOURCE_ORE\USER_DROPS\TASK_SIZE_RULE_FINAL_V1_20260526_010139\TASK_SIZE_RULE_FINAL_V1.txt","887","A web link."
"OUTSIDE_SOURCE",".\Jxhnny_Kl33N_Seedz\SOURCE_ORE\USER_DROPS\TASK_SIZE_RULE_FINAL_V1_20260526_010139\TASK_SIZE_RULE_FINAL_V1.txt","1253","Shape: web/source verification."
"OUTSIDE_SOURCE",".\Jxhnny_Kl33N_Seedz\SOURCE_ORE\USER_DROPS\TASK_SIZE_RULE_FINAL_V1_20260526_010139\TASK_SIZE_RULE_FINAL_V1.txt","1422","For anything that can change after knowledge cutoff, use web verification."
"OUTSIDE_SOURCE",".\Jxhnny_Kl33N_Seedz\SOURCE_ORE\USER_DROPS\ROOT_TRANSCRIPT_BACKLOG_20260526_003545\talbot.txt","1200","For normal tasks, keep the cut. A file is a file. A script is a script. A citation is a citation. A medical claim needs medical proof. Do not dissolve practical boundaries."
"OUTSIDE_SOURCE",".\Jxhnny_Kl33N_Seedz\SOURCE_ORE\USER_DROPS\ROOT_TRANSCRIPT_BACKLOG_20260526_003545\Sugrue.txt","238","Do not import Sugrue as authority. Do not make him a house prophet. Do not copy his personality. Do not let the drama of his lecture style become proof. The cockpit rule is already clear: outside tools, mules, web pages,"
"OUTSIDE_SOURCE",".\_MISC_DRAWER\SOURCE_TO_HOUSE_WASH\SOURCE_TO_HOUSE_WASH_20260528_201152\CHUNKS_LOCAL_ONLY\013_HOUSE_WAYFINDING_PROOF_MEMORY_SYSTEM_THINK_TANK_V1.md_CHUNK_02.txt","173","### 4.7 Provenance / Custody"
"OUTSIDE_SOURCE",".\_MISC_DRAWER\SOURCE_TO_HOUSE_WASH\SOURCE_TO_HOUSE_WASH_20260528_201152\CHUNKS_LOCAL_ONLY\012_HOUSE_WAYFINDING_PROOF_MEMORY_SYSTEM_COMPATIBILITY_REVIEW_V1.md_CHUNK_02.txt","122","House translation of provenance:"
"OUTSIDE_SOURCE",".\Jxhnny_Kl33N_Seedz\SOURCE_ORE\USER_DROPS\ROOT_TRANSCRIPT_BACKLOG_20260526_003545\RoyMasters.txt","80","Status: **SOURCE-ORE / HIGH-FILTER / NOT DOCTRINE.** The rope is close: this is research/source intake, not promotion. The cockpit says to classify before acting, name lane/boundary/proof, and avoid hot jumping; it also "
"OUTSIDE_SOURCE",".\_LOCAL_CUSTODY_N_RECEIPTS\RECYCLE_BIN_RECOVERY_20260604_203541\RECOVERED_ITEMS\ITEM_0067__.petmp0F703D\.petmp0F703D\FBTranscriptTool.ps1","84","        '1' { return @('--cookies-from-browser','edge') }"
"OUTSIDE_SOURCE",".\_LOCAL_CUSTODY_N_RECEIPTS\RECYCLE_BIN_RECOVERY_20260604_203541\RECOVERED_ITEMS\ITEM_0067__.petmp0F703D\.petmp0F703D\FBTranscriptTool.ps1","85","        '2' { return @('--cookies-from-browser','chrome') }"
"OUTSIDE_SOURCE",".\_LOCAL_CUSTODY_N_RECEIPTS\RECYCLE_BIN_RECOVERY_20260604_203541\RECOVERED_ITEMS\ITEM_0067__.petmp0F703D\.petmp0F703D\FBTranscriptTool.ps1","86","        '3' { return @('--cookies-from-browser','firefox') }"
"OUTSIDE_SOURCE",".\_LOCAL_CUSTODY_N_RECEIPTS\RECYCLE_BIN_RECOVERY_20260604_203541\RECOVERED_ITEMS\ITEM_0067__.petmp0F703D\.petmp0F703D\FBTranscriptTool.ps1","87","        '4' { return @('--cookies-from-browser','brave') }"
"OUTSIDE_SOURCE",".\_LOCAL_CUSTODY_N_RECEIPTS\RECYCLE_BIN_RECOVERY_20260604_203541\RECOVERED_ITEMS\ITEM_0067__.petmp0F703D\.petmp0F703D\FBTranscriptTool.ps1","354","- browser UI caption scraper"
"OUTSIDE_SOURCE",".\Jxhnny_Kl33N_Seedz\SOURCE_ORE\USER_DROPS\ROOT_TRANSCRIPT_BACKLOG_20260526_003545\issues.txt","158","The cockpit/router already supports this. The router says to classify the task before acting, then apply lane, boundary, delivery surface, tool/resource check, proof requirement, and Final Judge.  It also states the key "
"OUTSIDE_SOURCE",".\Jxhnny_Kl33N_Seedz\SOURCE_ORE\USER_DROPS\ROOT_TRANSCRIPT_BACKLOG_20260526_003545\issues.txt","248","Web owns current/outside/uncertain facts."
"OUTSIDE_SOURCE",".\Jxhnny_Kl33N_Seedz\SOURCE_ORE\USER_DROPS\ROOT_TRANSCRIPT_BACKLOG_20260526_003545\issues.txt","262","Source owner: file, web, receipt, current command, or memory-only orientation."
"OUTSIDE_SOURCE",".\Jxhnny_Kl33N_Seedz\SOURCE_ORE\USER_DROPS\ROOT_TRANSCRIPT_BACKLOG_20260526_003545\issues.txt","264","Proof need: citation, search, receipt, or direct answer."
"OUTSIDE_SOURCE",".\Jxhnny_Kl33N_Seedz\SOURCE_ORE\USER_DROPS\ROOT_TRANSCRIPT_BACKLOG_20260526_003545\issues.txt","276","“Source placement first: this answer depends on [files / receipts / web / current command / memory orientation]. I will not diagnose until that is clear.”"
"OUTSIDE_SOURCE",".\Jxhnny_Kl33N_Seedz\SOURCE_ORE\USER_DROPS\ROOT_TRANSCRIPT_BACKLOG_20260526_003545\issues.txt","330","Web owns current/outside/uncertain facts."
"OUTSIDE_SOURCE",".\_LOCAL_CUSTODY_N_RECEIPTS\RECYCLE_BIN_RECOVERY_20260604_203541\RECOVERED_ITEMS\ITEM_0065__LosersBracket.txt\LosersBracket.txt","14","29. M08 — Search-Science / Citation Chaining Method Search"
"OUTSIDE_SOURCE",".\_LOCAL_CUSTODY_N_RECEIPTS\RECYCLE_BIN_RECOVERY_20260604_203541\RECOVERED_ITEMS\ITEM_0065__LosersBracket.txt\LosersBracket.txt","567","# 29. M08 — Search-Science / Citation Chaining Method Search"
"OUTSIDE_SOURCE",".\_LOCAL_CUSTODY_N_RECEIPTS\RECYCLE_BIN_RECOVERY_20260604_203541\RECOVERED_ITEMS\ITEM_0065__LosersBracket.txt\LosersBracket.txt","574","citation chaining"
"OUTSIDE_SOURCE",".\Jxhnny_Kl33N_Seedz\SOURCE_ORE\USER_DROPS\ROOT_TRANSCRIPT_BACKLOG_20260526_003545\FIT DECISION.txt","1904","Use web when facts may have changed."
"OUTSIDE_SOURCE",".\Jxhnny_Kl33N_Seedz\SOURCE_ORE\USER_DROPS\ROOT_TRANSCRIPT_BACKLOG_20260526_003545\FIT DECISION.txt","2166","The cockpit’s source-authority boundary says outside tools, research, reports, and web pages are not authority by themselves; they provide source ore, critique, support, proof material, or alternate view, and promotion r"
"OUTSIDE_SOURCE",".\Jxhnny_Kl33N_Seedz\SOURCE_ORE\USER_DROPS\ROOT_TRANSCRIPT_BACKLOG_20260526_003545\FIT DECISION.txt","3951","A citation cannot see whether interpretation was fair."
"OUTSIDE_SOURCE",".\Jxhnny_Kl33N_Seedz\SOURCE_ORE\USER_DROPS\ROOT_TRANSCRIPT_BACKLOG_20260526_003545\FIT DECISION.txt","4367","The system then chooses a proof surface: score, dashboard, revenue, compliance, citation, receipt, completion, engagement, case closure, answer fluency."
"OUTSIDE_SOURCE",".\Jxhnny_Kl33N_Seedz\SOURCE_ORE\USER_DROPS\ROOT_TRANSCRIPT_BACKLOG_20260526_003545\FIT DECISION.txt","4589","This is where the cockpit card matters hard. It says outside tools, web pages, research reports, and mules are not authority by themselves; they provide source ore, critique, support, proof material, or alternate views. "
"OUTSIDE_SOURCE",".\Jxhnny_Kl33N_Seedz\SOURCE_ORE\USER_DROPS\ROOT_TRANSCRIPT_BACKLOG_20260526_003545\FIT DECISION.txt","5030","A citation is not proof that interpretation is correct."
"OUTSIDE_SOURCE",".\Jxhnny_Kl33N_Seedz\SOURCE_ORE\USER_DROPS\ROOT_TRANSCRIPT_BACKLOG_20260526_003545\FIT DECISION.txt","5217","The router map says memory is orientation only, uploaded files are source facts and should be cited when answering from them, and web is for current/outside/changing/uncertain facts.  That is the clean source hierarchy f"
"OUTSIDE_SOURCE",".\Jxhnny_Kl33N_Seedz\SOURCE_ORE\USER_DROPS\ROOT_TRANSCRIPT_BACKLOG_20260526_003545\FIT DECISION.txt","5233","Current facts? Use web."
"OUTSIDE_SOURCE",".\Jxhnny_Kl33N_Seedz\SOURCE_ORE\USER_DROPS\ROOT_TRANSCRIPT_BACKLOG_20260526_003545\FIT DECISION.txt","5374","File, transcript, user wording, receipt, web, local log, memory-only orientation."
"OUTSIDE_SOURCE",".\Jxhnny_Kl33N_Seedz\SOURCE_ORE\USER_DROPS\ROOT_TRANSCRIPT_BACKLOG_20260526_003545\FIT DECISION.txt","5416","Clean assistant: “Did the citation support the exact claim?”"
"OUTSIDE_SOURCE",".\Jxhnny_Kl33N_Seedz\SOURCE_ORE\USER_DROPS\ROOT_TRANSCRIPT_BACKLOG_20260526_003545\FIT DECISION.txt","5788","The cockpit router exists to protect attention aim: classify the task, use uploaded files as source facts, memory only as orientation, web for current/outside/uncertain facts, and route proof/PASS/source/code/research to"
"OUTSIDE_SOURCE",".\Jxhnny_Kl33N_Seedz\SOURCE_ORE\USER_DROPS\ROOT_TRANSCRIPT_BACKLOG_20260526_003545\FIT DECISION.txt","5946","For me, proof nerve fails when I use confidence, structure, citation, or volume as a substitute for actual object service."
"OUTSIDE_SOURCE",".\_LOCAL_CUSTODY_N_RECEIPTS\RECYCLE_BIN_RECOVERY_20260604_203541\RECOVERED_ITEMS\ITEM_0060__LOWER_CAUSE_OPERATOR_CHOICE_METHOD_LAB_20260601\LOWER_CAUSE_OPERATOR_CHOICE_METHOD_LAB_20260601\OPERATOR_METHOD_RUN_LEDGER.csv","8","O27,Supply-Chain Attestation + Receipt Integrity,SLSA / in-toto provenance + House Receipt / Manifest / HashToReceiptPurpose,Very high for mule/helper outputs.,""Full SLSA/in-toto is heavy; use the shape, not the whole sy"
"OUTSIDE_SOURCE",".\_MISC_DRAWER\SOURCE_TO_HOUSE_WASH\SOURCE_TO_HOUSE_WASH_20260528_201141\CHUNKS_LOCAL_ONLY\021_SOURCE_TO_HOUSE_INTAKE_V2_DESIGN_SPEC_20260528.md_CHUNK_01.txt","108","V2 reads only the exact selected folder and bounded child files. It does not scan Desktop, Documents, drives, GitHub, browser history, or external URLs."
"OUTSIDE_SOURCE",".\_LOCAL_CUSTODY_N_RECEIPTS\RECYCLE_BIN_RECOVERY_20260604_203541\RECOVERED_ITEMS\ITEM_0060__LOWER_CAUSE_OPERATOR_CHOICE_METHOD_LAB_20260601\LOWER_CAUSE_OPERATOR_CHOICE_METHOD_LAB_20260601\O27_SUPPLY_CHAIN_ATTESTATION_RECEIPT_INTEGRITY.md","6","SLSA / in-toto provenance + House Receipt / Manifest / HashToReceiptPurpose"
"OUTSIDE_SOURCE",".\_LOCAL_CUSTODY_N_RECEIPTS\RECYCLE_BIN_RECOVERY_20260604_203541\RECOVERED_ITEMS\ITEM_0060__LOWER_CAUSE_OPERATOR_CHOICE_METHOD_LAB_20260601\LOWER_CAUSE_OPERATOR_CHOICE_METHOD_LAB_20260601\O27_SUPPLY_CHAIN_ATTESTATION_RECEIPT_INTEGRITY.md","14","- attestation provenance subject predicate software supply chain"
"OUTSIDE_SOURCE",".\_LOCAL_CUSTODY_N_RECEIPTS\RECYCLE_BIN_RECOVERY_20260604_203541\RECOVERED_ITEMS\ITEM_0060__LOWER_CAUSE_OPERATOR_CHOICE_METHOD_LAB_20260601\LOWER_CAUSE_OPERATOR_CHOICE_METHOD_LAB_20260601\O27_SUPPLY_CHAIN_ATTESTATION_RECEIPT_INTEGRITY.md","17","Treat helper output as a mini supply chain. Each step needs materials, products, expected paths, hashes, producer, and receipt purpose. A file is not just present; it has provenance."
"OUTSIDE_SOURCE",".\_LOCAL_CUSTODY_N_RECEIPTS\RECYCLE_BIN_RECOVERY_20260604_203541\RECOVERED_ITEMS\ITEM_0060__LOWER_CAUSE_OPERATOR_CHOICE_METHOD_LAB_20260601\LOWER_CAUSE_OPERATOR_CHOICE_METHOD_LAB_20260601\O27_SUPPLY_CHAIN_ATTESTATION_RECEIPT_INTEGRITY.md","39","KEEP AS CUSTODY/PROVENANCE METHOD"
"OUTSIDE_SOURCE",".\Jxhnny_Kl33N_Seedz\SOURCE_ORE\USER_DROPS\ROOT_DROP_CYCLE_STUDY_20260526_011125\noname.txt","315","That is a major pattern. A failure can return in the same family but a different surface. A source-order failure can appear as wrong name, wrong code shape, wrong citation, wrong memory/source rank. Same Saros family, di"
"OUTSIDE_SOURCE",".\_LOCAL_CUSTODY_N_RECEIPTS\RECYCLE_BIN_RECOVERY_20260604_203541\RECOVERED_ITEMS\ITEM_0060__LOWER_CAUSE_OPERATOR_CHOICE_METHOD_LAB_20260601\LOWER_CAUSE_OPERATOR_CHOICE_METHOD_LAB_20260601\NEXT_SYNTHESIS_CARD.md","28","12. Provenance/material-product trace"
"OUTSIDE_SOURCE",".\_LOCAL_CUSTODY_N_RECEIPTS\RECYCLE_BIN_RECOVERY_20260604_203541\RECOVERED_ITEMS\ITEM_0060__LOWER_CAUSE_OPERATOR_CHOICE_METHOD_LAB_20260601\LOWER_CAUSE_OPERATOR_CHOICE_METHOD_LAB_20260601\METHOD_YIELD_RANKING.md","26","- provenance-backed,"
"OUTSIDE_SOURCE",".\_LOCAL_CUSTODY_N_RECEIPTS\RECYCLE_BIN_RECOVERY_20260604_203541\RECOVERED_ITEMS\ITEM_0060__LOWER_CAUSE_OPERATOR_CHOICE_METHOD_LAB_20260601\LOWER_CAUSE_OPERATOR_CHOICE_METHOD_LAB_20260601\00_OPERATOR_METHOD_LAB_INDEX.md","6","The issue is not whitespace. It is defect escape: a helper/save route allowed files to become staged before proving file-edge cleanliness. This third run uses methods chosen by the assistant/operator to stress-test the r"
"OUTSIDE_SOURCE",".\_LOCAL_CUSTODY_N_RECEIPTS\RECYCLE_BIN_RECOVERY_20260604_203541\RECOVERED_ITEMS\ITEM_0060__LOWER_CAUSE_OPERATOR_CHOICE_METHOD_LAB_20260601\LOWER_CAUSE_OPERATOR_CHOICE_METHOD_LAB_20260601\00_OPERATOR_METHOD_LAB_INDEX.md","9","This batch is less about culture and more about attack surfaces, invariants, generated tests, provenance, traces, reliability objectives, and readiness review."
"OUTSIDE_SOURCE",".\_MISC_DRAWER\SOURCE_TO_HOUSE_WASH\SOURCE_TO_HOUSE_WASH_20260528_201141\CHUNKS_LOCAL_ONLY\013_HOUSE_WAYFINDING_PROOF_MEMORY_SYSTEM_THINK_TANK_V1.md_CHUNK_02.txt","173","### 4.7 Provenance / Custody"
"OUTSIDE_SOURCE",".\_MISC_DRAWER\SOURCE_TO_HOUSE_WASH\SOURCE_TO_HOUSE_WASH_20260528_201141\CHUNKS_LOCAL_ONLY\012_HOUSE_WAYFINDING_PROOF_MEMORY_SYSTEM_COMPATIBILITY_REVIEW_V1.md_CHUNK_02.txt","122","House translation of provenance:"
"OUTSIDE_SOURCE",".\_LOCAL_CUSTODY_N_RECEIPTS\RECYCLE_BIN_RECOVERY_20260604_203541\RECOVERED_ITEMS\ITEM_0055__HELPER_CAPABILITY_BOUNDARIES.txt\HELPER_CAPABILITY_BOUNDARIES.txt","12","The web pass sharpens it. NIST’s least-privilege control says users or processes should receive only the authorized access needed to complete assigned tasks. ([CSF Tools][1]) Capability systems sharpen that further: a ca"
"OUTSIDE_SOURCE",".\_LOCAL_CUSTODY_N_RECEIPTS\RECYCLE_BIN_RECOVERY_20260604_203541\RECOVERED_ITEMS\ITEM_0055__HELPER_CAPABILITY_BOUNDARIES.txt\HELPER_CAPABILITY_BOUNDARIES.txt","50","1. FINAL VERDICT FROM WEB + HOUSE"
"OUTSIDE_SOURCE",".\_LOCAL_CUSTODY_N_RECEIPTS\RECYCLE_BIN_RECOVERY_20260604_203541\RECOVERED_ITEMS\ITEM_0055__HELPER_CAPABILITY_BOUNDARIES.txt\HELPER_CAPABILITY_BOUNDARIES.txt","53","The web pass changes the center."
"OUTSIDE_SOURCE",".\_LOCAL_CUSTODY_N_RECEIPTS\RECYCLE_BIN_RECOVERY_20260604_203541\RECOVERED_ITEMS\ITEM_0055__HELPER_CAPABILITY_BOUNDARIES.txt\HELPER_CAPABILITY_BOUNDARIES.txt","477","external web,"
"OUTSIDE_SOURCE",".\_LOCAL_CUSTODY_N_RECEIPTS\RECYCLE_BIN_RECOVERY_20260604_203541\RECOVERED_ITEMS\ITEM_0053__HELPER CAPABILITY BOUNDARIES_V1.2.txt\HELPER CAPABILITY BOUNDARIES_V1.2.txt","712","No file/web/email/helper-output/mule-output can command the helper merely because it contains words."
"OUTSIDE_SOURCE",".\_LOCAL_CUSTODY_N_RECEIPTS\RECYCLE_BIN_RECOVERY_20260604_203541\RECOVERED_ITEMS\ITEM_0053__HELPER CAPABILITY BOUNDARIES_V1.2.txt\HELPER CAPABILITY BOUNDARIES_V1.2.txt","1521","uploaded/web/source content tells helper what to do."
"OUTSIDE_SOURCE",".\Jxhnny_Kl33N_Seedz\SOURCE_ORE\USER_DROPS\ROOT_DROP_BIG_BOY_CHAT_20260525_031219\big_boy_chat.txt","3","What I see first: this is no longer just a “repo with files.” It has become a **front-door control surface** for assistant behavior. The README says the repo home is the assistant/model brain for the build, gives the wor"
"OUTSIDE_SOURCE",".\Jxhnny_Kl33N_Seedz\SOURCE_ORE\USER_DROPS\ROOT_DROP_BIG_BOY_CHAT_20260525_031219\big_boy_chat.txt","635","The public URL still shows the repo as a front-door control surface, not a normal pile of files. The README says the repo home is the assistant/model brain for the build, gives the current working home path, says a clean"
"OUTSIDE_SOURCE",".\Jxhnny_Kl33N_Seedz\SOURCE_ORE\USER_DROPS\ROOT_DROP_BIG_BOY_CHAT_20260525_031219\big_boy_chat.txt","645","A file being visible does not make it active. A public note being useful does not make it doctrine. A proof folder being large does not make it the boss. A browser view does not outrank the local room. A support note can"
"OUTSIDE_SOURCE",".\Jxhnny_Kl33N_Seedz\SOURCE_ORE\USER_DROPS\ROOT_DROP_BIG_BOY_CHAT_20260525_031219\big_boy_chat.txt","940","The public URL confirms the house has a real front door. The README identifies the repo home as the assistant/model brain for the build, gives the working home path, says a synced clean working tree is current room truth"
"OUTSIDE_SOURCE",".\Jxhnny_Kl33N_Seedz\SOURCE_ORE\USER_DROPS\ROOT_DROP_BIG_BOY_CHAT_20260525_031219\big_boy_chat.txt","1212","The house must treat mule output under Tool vs Source Authority. The cockpit says outside tools, mules, web pages, and research reports are not authority by themselves. They provide source ore, critique, support, proof m"
"OUTSIDE_SOURCE",".\Jxhnny_Kl33N_Seedz\SOURCE_ORE\USER_DROPS\ROOT_DROP_BIG_BOY_CHAT_20260525_031219\big_boy_chat.txt","1434","The GitHub front door supports this reading. It says the repo home is the assistant/model brain for the build, that the purpose is clean assistant entry, routing, memory, proof, and action, and that the public browser/ra"
"OUTSIDE_SOURCE",".\Jxhnny_Kl33N_Seedz\SOURCE_ORE\USER_DROPS\ROOT_DROP_BIG_BOY_CHAT_20260525_031219\big_boy_chat.txt","1506","The mule angle also fits the same spine. Mule is not “good” or “bad.” Mule is a pressure engine. It is valuable when it produces structured bulk the house can compress: inventories, rows, comparisons, contradiction hunts"
"OUTSIDE_SOURCE",".\Jxhnny_Kl33N_Seedz\SOURCE_ORE\USER_DROPS\ROOT_DROP_BIG_BOY_CHAT_20260525_031219\big_boy_chat.txt","2463","The repo front door already says this in house language. It says public reach does not define authority, public/browser/raw views are windows, and a window does not outrank the room when the local room is synced and clea"
"OUTSIDE_SOURCE",".\Jxhnny_Kl33N_Seedz\SOURCE_ORE\USER_DROPS\ROOT_DROP_BIG_BOY_CHAT_20260525_031219\big_boy_chat.txt","3569","The public front door already contains threshold logic. It says the GitHub repo is publicly reachable, but public reach does not define purpose or authority; the public/browser/raw view is a window, while the repo home i"
"OUTSIDE_SOURCE",".\Jxhnny_Kl33N_Seedz\SOURCE_ORE\USER_DROPS\ROOT_DROP_BIG_BOY_CHAT_20260525_031219\big_boy_chat.txt","3805","That note is already a research object. But before research expands it, the object itself must be placed. Otherwise deep research becomes a vacuum cleaner that pulls in everything. The house front door supports that boun"
"OUTSIDE_SOURCE",".\Jxhnny_Kl33N_Seedz\SOURCE_ORE\USER_DROPS\ROOT_DROP_BIG_BOY_CHAT_20260525_031219\big_boy_chat.txt","3817","The Deep Research Gate is not “search the web more.” That would be too small. It is a research-mode crossing gate. It forces an idea to pass through several kinds of evidence before the consolidator compresses it."
"OUTSIDE_SOURCE",".\Jxhnny_Kl33N_Seedz\SOURCE_ORE\USER_DROPS\ROOT_DROP_BIG_BOY_CHAT_20260525_031219\big_boy_chat.txt","4008","The repo’s own front door already supports this kind of architecture. It says public reach does not define authority, that public/browser/raw views are windows, and that a window does not outrank the room when the room i"
"OUTSIDE_SOURCE",".\_LOCAL_CUSTODY_N_RECEIPTS\RECYCLE_BIN_RECOVERY_20260604_203541\RECOVERED_ITEMS\ITEM_0051__Helper Capability Boundaries_V1.txt\Helper Capability Boundaries_V1.txt","2","HELPER CAPABILITY BOUNDARIES — 3-PASS DEEP WEB RESEARCH VERSION"
"OUTSIDE_SOURCE",".\_LOCAL_CUSTODY_N_RECEIPTS\RECYCLE_BIN_RECOVERY_20260604_203541\RECOVERED_ITEMS\ITEM_0051__Helper Capability Boundaries_V1.txt\Helper Capability Boundaries_V1.txt","157","PASS 2 — DEEP WEB MODEL COMPARISON"
"OUTSIDE_SOURCE",".\Jxhnny_Kl33N_Seedz\SOURCE_ORE\USER_DROPS\ROOT_DROPS_CLEARED_20260524_092335\01_HOUSE_WALKTHROUGH_ROPE_NOTES_V3.txt","881","- web"
"OUTSIDE_SOURCE",".\Jxhnny_Kl33N_Seedz\SOURCE_ORE\USER_DROPS\ROOT_DROPS_CLEARED_20260524_092335\01_HOUSE_WALKTHROUGH_ROPE_NOTES_V3.txt","917","Web: current/outside facts with citations."
"OUTSIDE_SOURCE",".\_LOCAL_CUSTODY_N_RECEIPTS\RECYCLE_BIN_RECOVERY_20260604_203541\RECOVERED_ITEMS\ITEM_0047__Helper Capability_V1.1.txt\Helper Capability_V1.1.txt","25","- broad web-model name lists without local mechanism;"
"OUTSIDE_SOURCE",".\_LOCAL_CUSTODY_N_RECEIPTS\RECYCLE_BIN_RECOVERY_20260604_203541\RECOVERED_ITEMS\ITEM_0047__Helper Capability_V1.1.txt\Helper Capability_V1.1.txt","1871","Any file/web/document/email/helper-output can contain words that look like instructions."
"OUTSIDE_SOURCE",".\Jxhnny_Kl33N_Seedz\SOURCE_ORE\USER_DROPS\ROOT_DOOR_WASH_SET_20260525_050852\last but not least.txt","203","A web source is accepted as house rule."
"OUTSIDE_SOURCE",".\Jxhnny_Kl33N_Seedz\SOURCE_ORE\USER_DROPS\ROOT_DOOR_WASH_SET_20260525_050852\last but not least.txt","259","A web page says “latest.”"
"OUTSIDE_SOURCE",".\Jxhnny_Kl33N_Seedz\SOURCE_ORE\USER_DROPS\ROOT_DOOR_WASH_SET_20260525_050852\last but not least.txt","275","A citation proves the cited source said something. It does not prove the source is true."
"OUTSIDE_SOURCE",".\Jxhnny_Kl33N_Seedz\SOURCE_ORE\USER_DROPS\ROOT_DOOR_WASH_SET_20260525_050852\last but not least.txt","461","This matters everywhere. A hash proves bytes. A citation proves a source said something. A receipt proves a file existed at a time. A pushed commit proves repo history. None of those automatically proves semantic correct"
"OUTSIDE_SOURCE",".\Jxhnny_Kl33N_Seedz\SOURCE_ORE\USER_DROPS\ROOT_DOOR_WASH_SET_20260525_050852\last but not least.txt","739","**Interactions:** then call tool, source, mule, web, file, or new room."
"OUTSIDE_SOURCE",".\Jxhnny_Kl33N_Seedz\SOURCE_ORE\USER_DROPS\ROOT_DOOR_WASH_SET_20260525_050852\last but not least.txt","761","Web source to proof is a bridge."
"OUTSIDE_SOURCE",".\Jxhnny_Kl33N_Seedz\SOURCE_ORE\USER_DROPS\ROOT_DOOR_WASH_SET_20260525_050852\last but not least.txt","791","A citation is an oracle."
"OUTSIDE_SOURCE",".\Jxhnny_Kl33N_Seedz\SOURCE_ORE\USER_DROPS\ROOT_DOOR_WASH_SET_20260525_050852\last but not least.txt","801","A web page is an oracle."
"OUTSIDE_SOURCE",".\Jxhnny_Kl33N_Seedz\SOURCE_ORE\USER_DROPS\ROOT_DOOR_WASH_SET_20260525_050852\last but not least.txt","809","A citation proves a page says something, not that reality is exactly that."
"OUTSIDE_SOURCE",".\Jxhnny_Kl33N_Seedz\SOURCE_ORE\USER_DROPS\ROOT_DOOR_WASH_SET_20260525_050852\last but not least.txt","1352","If the wrong receiver is tuned, the system creates fake PASS. A hash cannot prove meaning. A citation cannot prove reality. A receipt cannot prove correctness. A consensus vote cannot prove truth. A pretty report cannot "
"OUTSIDE_SOURCE",".\Jxhnny_Kl33N_Seedz\SOURCE_ORE\USER_DROPS\ROOT_DOOR_WASH_SET_20260525_050852\last but not least.txt","1388","**Bridge authentication.** Cross-room movement is dangerous. A source crossing into doctrine, a mule return crossing into house rule, a web page crossing into proof, or memory crossing into current state must authenticat"
"OUTSIDE_SOURCE",".\_LOCAL_CUSTODY_N_RECEIPTS\RECYCLE_BIN_RECOVERY_20260604_203541\RECOVERED_ITEMS\ITEM_0046__HELPER CAPABILITY BOUNDARIES_V1.8.2.txt\HELPER CAPABILITY BOUNDARIES_V1.8.2.txt","1","Live object: **HELPER CAPABILITY BOUNDARIES_V1.8.1** only. The active paper already has the right machine spine: structured request, policy input, caveated token, monitor, admission, PEP, recorder, trace spans, proof ret"
"OUTSIDE_SOURCE",".\_LOCAL_CUSTODY_N_RECEIPTS\RECYCLE_BIN_RECOVERY_20260604_203541\RECOVERED_ITEMS\ITEM_0046__HELPER CAPABILITY BOUNDARIES_V1.8.2.txt\HELPER CAPABILITY BOUNDARIES_V1.8.2.txt","44","Trace and provenance record the chain."
"OUTSIDE_SOURCE",".\_LOCAL_CUSTODY_N_RECEIPTS\RECYCLE_BIN_RECOVERY_20260604_203541\RECOVERED_ITEMS\ITEM_0046__HELPER CAPABILITY BOUNDARIES_V1.8.2.txt\HELPER CAPABILITY BOUNDARIES_V1.8.2.txt","74","Real artifact trust needs chain evidence. SLSA provenance records how artifacts are produced; in-toto records expected supply-chain steps and authorized functionaries; Rekor-style transparency logs help audit entries; Cy"
"OUTSIDE_SOURCE",".\_LOCAL_CUSTODY_N_RECEIPTS\RECYCLE_BIN_RECOVERY_20260604_203541\RECOVERED_ITEMS\ITEM_0046__HELPER CAPABILITY BOUNDARIES_V1.8.2.txt\HELPER CAPABILITY BOUNDARIES_V1.8.2.txt","76","Real traceability needs trace semantics. W3C Trace Context standardizes trace identity; OpenTelemetry records traces/spans/metrics/logs; W3C PROV defines provenance around entities, activities, and agents; OpenLineage tr"
"OUTSIDE_SOURCE",".\_LOCAL_CUSTODY_N_RECEIPTS\RECYCLE_BIN_RECOVERY_20260604_203541\RECOVERED_ITEMS\ITEM_0046__HELPER CAPABILITY BOUNDARIES_V1.8.2.txt\HELPER CAPABILITY BOUNDARIES_V1.8.2.txt","418","Shadow state types: cache, temp file, transcript, model memory, vector index, local note, OS metadata, access time, shell history, browser storage, tool config, hidden log, orphan receipt."
"OUTSIDE_SOURCE",".\_LOCAL_CUSTODY_N_RECEIPTS\RECYCLE_BIN_RECOVERY_20260604_203541\RECOVERED_ITEMS\ITEM_0046__HELPER CAPABILITY BOUNDARIES_V1.8.2.txt\HELPER CAPABILITY BOUNDARIES_V1.8.2.txt","697","Input: tool description comes from external source text."
"OUTSIDE_SOURCE",".\_LOCAL_CUSTODY_N_RECEIPTS\RECYCLE_BIN_RECOVERY_20260604_203541\RECOVERED_ITEMS\ITEM_0046__HELPER CAPABILITY BOUNDARIES_V1.8.2.txt\HELPER CAPABILITY BOUNDARIES_V1.8.2.txt","817","Input: helper crawls web/files without scope or budget."
"OUTSIDE_SOURCE",".\_LOCAL_CUSTODY_N_RECEIPTS\RECYCLE_BIN_RECOVERY_20260604_203541\RECOVERED_ITEMS\ITEM_0046__HELPER CAPABILITY BOUNDARIES_V1.8.2.txt\HELPER CAPABILITY BOUNDARIES_V1.8.2.txt","1030","Provenance / Attestation."
"OUTSIDE_SOURCE",".\_LOCAL_CUSTODY_N_RECEIPTS\RECYCLE_BIN_RECOVERY_20260604_203541\RECOVERED_ITEMS\ITEM_0046__HELPER CAPABILITY BOUNDARIES_V1.8.2.txt\HELPER CAPABILITY BOUNDARIES_V1.8.2.txt","1124","Low-risk slice plus Source Role, Taint, Output Sink Barrier, Side-Effect Scan, Shadow State, Provenance, BOM if artifact matters, Semantic Acceptance, Storage Decision, Closure Receipt."
"OUTSIDE_SOURCE",".\_LOCAL_CUSTODY_N_RECEIPTS\RECYCLE_BIN_RECOVERY_20260604_203541\RECOVERED_ITEMS\ITEM_0046__HELPER CAPABILITY BOUNDARIES_V1.8.2.txt\HELPER CAPABILITY BOUNDARIES_V1.8.2.txt","1204","Provenance."
"OUTSIDE_SOURCE",".\_LOCAL_CUSTODY_N_RECEIPTS\RECYCLE_BIN_RECOVERY_20260604_203541\RECOVERED_ITEMS\ITEM_0046__HELPER CAPABILITY BOUNDARIES_V1.8.2.txt\HELPER CAPABILITY BOUNDARIES_V1.8.2.txt","1262","Provenance."
"OUTSIDE_SOURCE",".\_LOCAL_CUSTODY_N_RECEIPTS\RECYCLE_BIN_RECOVERY_20260604_203541\RECOVERED_ITEMS\ITEM_0046__HELPER CAPABILITY BOUNDARIES_V1.8.2.txt\HELPER CAPABILITY BOUNDARIES_V1.8.2.txt","1422","Trace claim to boundary class, source role, taint, tool contract, schema, requester, authority, helper, external capability registry, object, operation, data need, data flow, token, caveats, possession proof, monitor, po"
"OUTSIDE_SOURCE",".\_LOCAL_CUSTODY_N_RECEIPTS\RECYCLE_BIN_RECOVERY_20260604_203541\RECOVERED_ITEMS\ITEM_0046__HELPER CAPABILITY BOUNDARIES_V1.8.2.txt\HELPER CAPABILITY BOUNDARIES_V1.8.2.txt","1490","provenance/BOM/transparency tests;"
"OUTSIDE_SOURCE",".\_LOCAL_CUSTODY_N_RECEIPTS\RECYCLE_BIN_RECOVERY_20260604_203541\RECOVERED_ITEMS\ITEM_0046__HELPER CAPABILITY BOUNDARIES_V1.8.2.txt\HELPER CAPABILITY BOUNDARIES_V1.8.2.txt","1564","Provenance, BOM, and transparency preserve custody."
"OUTSIDE_SOURCE",".\_LOCAL_CUSTODY_N_RECEIPTS\RECYCLE_BIN_RECOVERY_20260604_203541\RECOVERED_ITEMS\ITEM_0046__HELPER CAPABILITY BOUNDARIES_V1.8.2.txt\HELPER CAPABILITY BOUNDARIES_V1.8.2.txt","1586","[7]: https://slsa.dev/spec/v1.0/provenance?utm_source=chatgpt.com ""SLSA • Provenance"""
"OUTSIDE_SOURCE",".\Jxhnny_Kl33N_Seedz\SOURCE_ORE\USER_DROPS\ROOT_DOOR_WASH_SET_20260525_050852\feyman.txt","560","The house wants simple laws: right place, no fake PASS, source is not doctrine, signal is not verdict, attention command must not drift, proof must match claim. But the working house is complex because many pieces intera"
"OUTSIDE_SOURCE",".\Jxhnny_Kl33N_Seedz\SOURCE_ORE\USER_DROPS\ROOT_DOOR_WASH_SET_20260525_050852\feyman.txt","609","The assistant often searches where it is strong: summary, explanation, familiar framework, tidy report, safety disclaimer, general principles, web source, obvious gate. But the actual key may be in the ugly transition: w"
"OUTSIDE_SOURCE",".\Jxhnny_Kl33N_Seedz\SOURCE_ORE\USER_DROPS\ROOT_DOOR_WASH_SET_20260525_050852\feyman.txt","1044","Source: transcript, user request, rule, file, web page, failure."
"OUTSIDE_SOURCE",".\_LOCAL_CUSTODY_N_RECEIPTS\RECYCLE_BIN_RECOVERY_20260604_203541\RECOVERED_ITEMS\ITEM_0045__ff.txt\ff.txt","1","Live object: **HELPER CAPABILITY BOUNDARIES_V1.8.1** only. The active paper already has the right machine spine: structured request, policy input, caveated token, monitor, admission, PEP, recorder, trace spans, proof ret"
"OUTSIDE_SOURCE",".\_LOCAL_CUSTODY_N_RECEIPTS\RECYCLE_BIN_RECOVERY_20260604_203541\RECOVERED_ITEMS\ITEM_0045__ff.txt\ff.txt","44","Trace and provenance record the chain."
"OUTSIDE_SOURCE",".\_LOCAL_CUSTODY_N_RECEIPTS\RECYCLE_BIN_RECOVERY_20260604_203541\RECOVERED_ITEMS\ITEM_0045__ff.txt\ff.txt","74","Real artifact trust needs chain evidence. SLSA provenance records how artifacts are produced; in-toto records expected supply-chain steps and authorized functionaries; Rekor-style transparency logs help audit entries; Cy"
"OUTSIDE_SOURCE",".\_LOCAL_CUSTODY_N_RECEIPTS\RECYCLE_BIN_RECOVERY_20260604_203541\RECOVERED_ITEMS\ITEM_0045__ff.txt\ff.txt","76","Real traceability needs trace semantics. W3C Trace Context standardizes trace identity; OpenTelemetry records traces/spans/metrics/logs; W3C PROV defines provenance around entities, activities, and agents; OpenLineage tr"
"OUTSIDE_SOURCE",".\_LOCAL_CUSTODY_N_RECEIPTS\RECYCLE_BIN_RECOVERY_20260604_203541\RECOVERED_ITEMS\ITEM_0045__ff.txt\ff.txt","418","Shadow state types: cache, temp file, transcript, model memory, vector index, local note, OS metadata, access time, shell history, browser storage, tool config, hidden log, orphan receipt."
"OUTSIDE_SOURCE",".\_LOCAL_CUSTODY_N_RECEIPTS\RECYCLE_BIN_RECOVERY_20260604_203541\RECOVERED_ITEMS\ITEM_0045__ff.txt\ff.txt","697","Input: tool description comes from external source text."
"OUTSIDE_SOURCE",".\_LOCAL_CUSTODY_N_RECEIPTS\RECYCLE_BIN_RECOVERY_20260604_203541\RECOVERED_ITEMS\ITEM_0045__ff.txt\ff.txt","817","Input: helper crawls web/files without scope or budget."
"OUTSIDE_SOURCE",".\_LOCAL_CUSTODY_N_RECEIPTS\RECYCLE_BIN_RECOVERY_20260604_203541\RECOVERED_ITEMS\ITEM_0045__ff.txt\ff.txt","1030","Provenance / Attestation."
"OUTSIDE_SOURCE",".\_LOCAL_CUSTODY_N_RECEIPTS\RECYCLE_BIN_RECOVERY_20260604_203541\RECOVERED_ITEMS\ITEM_0045__ff.txt\ff.txt","1124","Low-risk slice plus Source Role, Taint, Output Sink Barrier, Side-Effect Scan, Shadow State, Provenance, BOM if artifact matters, Semantic Acceptance, Storage Decision, Closure Receipt."
"OUTSIDE_SOURCE",".\_LOCAL_CUSTODY_N_RECEIPTS\RECYCLE_BIN_RECOVERY_20260604_203541\RECOVERED_ITEMS\ITEM_0045__ff.txt\ff.txt","1204","Provenance."
"OUTSIDE_SOURCE",".\_LOCAL_CUSTODY_N_RECEIPTS\RECYCLE_BIN_RECOVERY_20260604_203541\RECOVERED_ITEMS\ITEM_0045__ff.txt\ff.txt","1262","Provenance."
"OUTSIDE_SOURCE",".\_LOCAL_CUSTODY_N_RECEIPTS\RECYCLE_BIN_RECOVERY_20260604_203541\RECOVERED_ITEMS\ITEM_0045__ff.txt\ff.txt","1422","Trace claim to boundary class, source role, taint, tool contract, schema, requester, authority, helper, external capability registry, object, operation, data need, data flow, token, caveats, possession proof, monitor, po"
"OUTSIDE_SOURCE",".\_LOCAL_CUSTODY_N_RECEIPTS\RECYCLE_BIN_RECOVERY_20260604_203541\RECOVERED_ITEMS\ITEM_0045__ff.txt\ff.txt","1490","provenance/BOM/transparency tests;"
"OUTSIDE_SOURCE",".\_LOCAL_CUSTODY_N_RECEIPTS\RECYCLE_BIN_RECOVERY_20260604_203541\RECOVERED_ITEMS\ITEM_0045__ff.txt\ff.txt","1564","Provenance, BOM, and transparency preserve custody."
"OUTSIDE_SOURCE",".\_LOCAL_CUSTODY_N_RECEIPTS\RECYCLE_BIN_RECOVERY_20260604_203541\RECOVERED_ITEMS\ITEM_0045__ff.txt\ff.txt","1586","[7]: https://slsa.dev/spec/v1.0/provenance?utm_source=chatgpt.com ""SLSA • Provenance"""
"OUTSIDE_SOURCE",".\Jxhnny_Kl33N_Seedz\SOURCE_ORE\USER_DROPS\ROOT_DOOR_PETERSON_MORE_WORK_SET_20260525_062155\peterson.txt","35","That is a strong Word-Key Clarity move. In the house, “clean” is too broad unless split. Clean can mean safe, placed, proof-valid, low-bloat, authority-correct, useful, or source-faithful. “Attention” can mean aperture, "
"OUTSIDE_SOURCE",".\Jxhnny_Kl33N_Seedz\SOURCE_ORE\USER_DROPS\ROOT_DOOR_PETERSON_MORE_WORK_SET_20260525_062155\more work.txt","1034","A citation proves the source said something, not that reality obeys it."
"OUTSIDE_SOURCE",".\Jxhnny_Kl33N_Seedz\SOURCE_ORE\USER_DROPS\ROOT_DOOR_CLEAR_BIG_BOY_SET_20260525_032347\big_boy_chat.txt","3","What I see first: this is no longer just a “repo with files.” It has become a **front-door control surface** for assistant behavior. The README says the repo home is the assistant/model brain for the build, gives the wor"
"OUTSIDE_SOURCE",".\Jxhnny_Kl33N_Seedz\SOURCE_ORE\USER_DROPS\ROOT_DOOR_CLEAR_BIG_BOY_SET_20260525_032347\big_boy_chat.txt","635","The public URL still shows the repo as a front-door control surface, not a normal pile of files. The README says the repo home is the assistant/model brain for the build, gives the current working home path, says a clean"
"OUTSIDE_SOURCE",".\Jxhnny_Kl33N_Seedz\SOURCE_ORE\USER_DROPS\ROOT_DOOR_CLEAR_BIG_BOY_SET_20260525_032347\big_boy_chat.txt","645","A file being visible does not make it active. A public note being useful does not make it doctrine. A proof folder being large does not make it the boss. A browser view does not outrank the local room. A support note can"
"OUTSIDE_SOURCE",".\Jxhnny_Kl33N_Seedz\SOURCE_ORE\USER_DROPS\ROOT_DOOR_CLEAR_BIG_BOY_SET_20260525_032347\big_boy_chat.txt","940","The public URL confirms the house has a real front door. The README identifies the repo home as the assistant/model brain for the build, gives the working home path, says a synced clean working tree is current room truth"
"OUTSIDE_SOURCE",".\Jxhnny_Kl33N_Seedz\SOURCE_ORE\USER_DROPS\ROOT_DOOR_CLEAR_BIG_BOY_SET_20260525_032347\big_boy_chat.txt","1212","The house must treat mule output under Tool vs Source Authority. The cockpit says outside tools, mules, web pages, and research reports are not authority by themselves. They provide source ore, critique, support, proof m"
"OUTSIDE_SOURCE",".\Jxhnny_Kl33N_Seedz\SOURCE_ORE\USER_DROPS\ROOT_DOOR_CLEAR_BIG_BOY_SET_20260525_032347\big_boy_chat.txt","1434","The GitHub front door supports this reading. It says the repo home is the assistant/model brain for the build, that the purpose is clean assistant entry, routing, memory, proof, and action, and that the public browser/ra"
"OUTSIDE_SOURCE",".\Jxhnny_Kl33N_Seedz\SOURCE_ORE\USER_DROPS\ROOT_DOOR_CLEAR_BIG_BOY_SET_20260525_032347\big_boy_chat.txt","1506","The mule angle also fits the same spine. Mule is not “good” or “bad.” Mule is a pressure engine. It is valuable when it produces structured bulk the house can compress: inventories, rows, comparisons, contradiction hunts"
"OUTSIDE_SOURCE",".\Jxhnny_Kl33N_Seedz\SOURCE_ORE\USER_DROPS\ROOT_DOOR_CLEAR_BIG_BOY_SET_20260525_032347\big_boy_chat.txt","2463","The repo front door already says this in house language. It says public reach does not define authority, public/browser/raw views are windows, and a window does not outrank the room when the local room is synced and clea"
"OUTSIDE_SOURCE",".\Jxhnny_Kl33N_Seedz\SOURCE_ORE\USER_DROPS\ROOT_DOOR_CLEAR_BIG_BOY_SET_20260525_032347\big_boy_chat.txt","3569","The public front door already contains threshold logic. It says the GitHub repo is publicly reachable, but public reach does not define purpose or authority; the public/browser/raw view is a window, while the repo home i"
"OUTSIDE_SOURCE",".\Jxhnny_Kl33N_Seedz\SOURCE_ORE\USER_DROPS\ROOT_DOOR_CLEAR_BIG_BOY_SET_20260525_032347\big_boy_chat.txt","3805","That note is already a research object. But before research expands it, the object itself must be placed. Otherwise deep research becomes a vacuum cleaner that pulls in everything. The house front door supports that boun"
"OUTSIDE_SOURCE",".\Jxhnny_Kl33N_Seedz\SOURCE_ORE\USER_DROPS\ROOT_DOOR_CLEAR_BIG_BOY_SET_20260525_032347\big_boy_chat.txt","3817","The Deep Research Gate is not “search the web more.” That would be too small. It is a research-mode crossing gate. It forces an idea to pass through several kinds of evidence before the consolidator compresses it."
"OUTSIDE_SOURCE",".\Jxhnny_Kl33N_Seedz\SOURCE_ORE\USER_DROPS\ROOT_DOOR_CLEAR_BIG_BOY_SET_20260525_032347\big_boy_chat.txt","4008","The repo’s own front door already supports this kind of architecture. It says public reach does not define authority, that public/browser/raw views are windows, and that a window does not outrank the room when the room i"
"OUTSIDE_SOURCE",".\Jxhnny_Kl33N_Seedz\SOURCE_ORE\USER_DROPS\ROOT_DOOR_CLEAR_BIG_BOY_SET_20260525_032347\bigger_boy_chat.txt","23","The boundary is equally important. We should not import Chase as an idol, doctrine authority, or “personality.” We also should not import his material as exploit scripts. The house already has the correct treatment for o"
"OUTSIDE_SOURCE",".\Jxhnny_Kl33N_Seedz\SOURCE_ORE\USER_DROPS\ROOT_DOOR_CLEAR_BIG_BOY_SET_20260525_032347\bigger_boy_chat.txt","544","The cockpit rules say source material and cleaned versions stay separate: originals, transcripts, logs, receipts, hashes, and raw notes stay in source/evidence lanes; interpretations, reframes, candidates, summaries, and"
"OUTSIDE_SOURCE",".\Jxhnny_Kl33N_Seedz\SOURCE_ORE\USER_DROPS\ROOT_DOOR_CLEAR_BIG_BOY_SET_20260525_032347\bigger_boy_chat.txt","924","We covered the **right placement**. Chase is not a ruler of the house. His material is source ore. The cockpit rule is clear that outside tools, mules, web pages, and research reports provide source ore, critique, suppor"
"OUTSIDE_SOURCE",".\Jxhnny_Kl33N_Seedz\SOURCE_ORE\USER_DROPS\ROOT_DOOR_CLEAR_BIG_BOY_SET_20260525_032347\bigger_boy_chat.txt","996","We covered the **right placement**. Chase is not a ruler of the house. His material is source ore. The cockpit rule is clear that outside tools, mules, web pages, and research reports provide source ore, critique, suppor"
"OUTSIDE_SOURCE",".\Jxhnny_Kl33N_Seedz\SOURCE_ORE\USER_DROPS\ROOT_DOOR_CLEAR_BIG_BOY_SET_20260525_032347\bigger_boy_chat.txt","1089","That room structure matches the cockpit rule that source material and cleaned versions must stay separated: originals and raw notes stay in source/evidence lanes, while interpretations and candidates go into marked work "
"SECRET_SURFACE",".\_TRANSCRIPT_CUSTODY\Tanscripts1\TRANSCRIPT_FILES\YT_TRANSCRIPTS\Wn-qgHg5JhE\TRANSCRIPT_CLEAN_FULL_Wn-qgHg5JhE.txt","1","[REDACTED_BY_DRY_RUN_WASH_SECRET_SURFACE_SAMPLE]"
"SECRET_SURFACE",".\_TRANSCRIPT_CUSTODY\Tanscripts1\TRANSCRIPT_FILES\YT_TRANSCRIPTS\Wn-qgHg5JhE\CHUNKS\TRANSCRIPT_CHUNK_009_Wn-qgHg5JhE.txt","1","[REDACTED_BY_DRY_RUN_WASH_SECRET_SURFACE_SAMPLE]"
"SECRET_SURFACE",".\_TRANSCRIPT_CUSTODY\Tanscripts1\TRANSCRIPT_FILES\YT_TRANSCRIPTS\Wn-qgHg5JhE\CHUNKS\TRANSCRIPT_CHUNK_004_Wn-qgHg5JhE.txt","1","[REDACTED_BY_DRY_RUN_WASH_SECRET_SURFACE_SAMPLE]"
"SECRET_SURFACE",".\_TRANSCRIPT_CUSTODY\Transcripts\Husk IRL\Why AI Can’t Spell Strawberry Correctly [_zU9TW4SB4w]\Why AI Can’t Spell Strawberry Correctly [_zU9TW4SB4w].en.vtt","4639","[REDACTED_BY_DRY_RUN_WASH_SECRET_SURFACE_SAMPLE]"
"SECRET_SURFACE",".\_TRANSCRIPT_CUSTODY\Transcripts\Husk IRL\Why AI Can’t Spell Strawberry Correctly [_zU9TW4SB4w]\Why AI Can’t Spell Strawberry Correctly [_zU9TW4SB4w].en.vtt","4642","[REDACTED_BY_DRY_RUN_WASH_SECRET_SURFACE_SAMPLE]"
"SECRET_SURFACE",".\_TRANSCRIPT_CUSTODY\Transcripts\Husk IRL\Why AI Can’t Spell Strawberry Correctly [_zU9TW4SB4w]\Why AI Can’t Spell Strawberry Correctly [_zU9TW4SB4w].en.vtt","4646","[REDACTED_BY_DRY_RUN_WASH_SECRET_SURFACE_SAMPLE]"
"SECRET_SURFACE",".\_TRANSCRIPT_CUSTODY\Transcripts\Husk IRL\Why AI Can’t Spell Strawberry Correctly [_zU9TW4SB4w]\Why AI Can’t Spell Strawberry Correctly [_zU9TW4SB4w].en-orig.vtt","4639","[REDACTED_BY_DRY_RUN_WASH_SECRET_SURFACE_SAMPLE]"
"SECRET_SURFACE",".\_TRANSCRIPT_CUSTODY\Transcripts\Husk IRL\Why AI Can’t Spell Strawberry Correctly [_zU9TW4SB4w]\Why AI Can’t Spell Strawberry Correctly [_zU9TW4SB4w].en-orig.vtt","4642","[REDACTED_BY_DRY_RUN_WASH_SECRET_SURFACE_SAMPLE]"
"SECRET_SURFACE",".\_TRANSCRIPT_CUSTODY\Transcripts\Husk IRL\Why AI Can’t Spell Strawberry Correctly [_zU9TW4SB4w]\Why AI Can’t Spell Strawberry Correctly [_zU9TW4SB4w].en-orig.vtt","4646","[REDACTED_BY_DRY_RUN_WASH_SECRET_SURFACE_SAMPLE]"
"SECRET_SURFACE",".\_TRANSCRIPT_CUSTODY\Transcripts\Richard Feynman\Richard Feynman Explains Why Speed of Light is So Fast_2026-05-25_04-46-53.txt","775","[REDACTED_BY_DRY_RUN_WASH_SECRET_SURFACE_SAMPLE]"
"SECRET_SURFACE",".\_TRANSCRIPT_CUSTODY\Transcripts\Richard Feynman\Richard Feynman - The World from another point of view_2026-05-25_04-41-16.txt","920","[REDACTED_BY_DRY_RUN_WASH_SECRET_SURFACE_SAMPLE]"
"SECRET_SURFACE",".\_TRANSCRIPT_CUSTODY\Tanscripts1\TRANSCRIPT_FILES\ROOT_TANSCRIPTS_LOCAL_ONLY_20260524_100700\YOUTUBE_TRANSCRIPT_Wn-qgHg5JhE\video.en.srt","10034","[REDACTED_BY_DRY_RUN_WASH_SECRET_SURFACE_SAMPLE]"
"SECRET_SURFACE",".\_TRANSCRIPT_CUSTODY\Tanscripts1\TRANSCRIPT_FILES\ROOT_TANSCRIPTS_LOCAL_ONLY_20260524_100700\YOUTUBE_TRANSCRIPT_Wn-qgHg5JhE\video.en.srt","10038","[REDACTED_BY_DRY_RUN_WASH_SECRET_SURFACE_SAMPLE]"
"SECRET_SURFACE",".\_TRANSCRIPT_CUSTODY\Tanscripts1\TRANSCRIPT_FILES\ROOT_TANSCRIPTS_LOCAL_ONLY_20260524_100700\YOUTUBE_TRANSCRIPT_Wn-qgHg5JhE\video.en.srt","10043","[REDACTED_BY_DRY_RUN_WASH_SECRET_SURFACE_SAMPLE]"
"SECRET_SURFACE",".\_TRANSCRIPT_CUSTODY\Tanscripts1\TRANSCRIPT_FILES\ROOT_TANSCRIPTS_LOCAL_ONLY_20260524_100700\YOUTUBE_TRANSCRIPT_Wn-qgHg5JhE\video.en.srt","26544","[REDACTED_BY_DRY_RUN_WASH_SECRET_SURFACE_SAMPLE]"
"SECRET_SURFACE",".\_TRANSCRIPT_CUSTODY\Tanscripts1\TRANSCRIPT_FILES\ROOT_TANSCRIPTS_LOCAL_ONLY_20260524_100700\YOUTUBE_TRANSCRIPT_Wn-qgHg5JhE\video.en.srt","26548","[REDACTED_BY_DRY_RUN_WASH_SECRET_SURFACE_SAMPLE]"
"SECRET_SURFACE",".\_TRANSCRIPT_CUSTODY\Tanscripts1\TRANSCRIPT_FILES\ROOT_TANSCRIPTS_LOCAL_ONLY_20260524_100700\YOUTUBE_TRANSCRIPT_Wn-qgHg5JhE\video.en.srt","26553","[REDACTED_BY_DRY_RUN_WASH_SECRET_SURFACE_SAMPLE]"
"SECRET_SURFACE",".\_TRANSCRIPT_CUSTODY\Tanscripts1\TRANSCRIPT_FILES\ROOT_TANSCRIPTS_LOCAL_ONLY_20260524_100700\YOUTUBE_TRANSCRIPT_Wn-qgHg5JhE\video.en-orig.srt","10034","[REDACTED_BY_DRY_RUN_WASH_SECRET_SURFACE_SAMPLE]"
"SECRET_SURFACE",".\_TRANSCRIPT_CUSTODY\Tanscripts1\TRANSCRIPT_FILES\ROOT_TANSCRIPTS_LOCAL_ONLY_20260524_100700\YOUTUBE_TRANSCRIPT_Wn-qgHg5JhE\video.en-orig.srt","10038","[REDACTED_BY_DRY_RUN_WASH_SECRET_SURFACE_SAMPLE]"
"SECRET_SURFACE",".\_TRANSCRIPT_CUSTODY\Tanscripts1\TRANSCRIPT_FILES\ROOT_TANSCRIPTS_LOCAL_ONLY_20260524_100700\YOUTUBE_TRANSCRIPT_Wn-qgHg5JhE\video.en-orig.srt","10043","[REDACTED_BY_DRY_RUN_WASH_SECRET_SURFACE_SAMPLE]"
"SECRET_SURFACE",".\_TRANSCRIPT_CUSTODY\Tanscripts1\TRANSCRIPT_FILES\ROOT_TANSCRIPTS_LOCAL_ONLY_20260524_100700\YOUTUBE_TRANSCRIPT_Wn-qgHg5JhE\video.en-orig.srt","26544","[REDACTED_BY_DRY_RUN_WASH_SECRET_SURFACE_SAMPLE]"
"SECRET_SURFACE",".\_TRANSCRIPT_CUSTODY\Tanscripts1\TRANSCRIPT_FILES\ROOT_TANSCRIPTS_LOCAL_ONLY_20260524_100700\YOUTUBE_TRANSCRIPT_Wn-qgHg5JhE\video.en-orig.srt","26548","[REDACTED_BY_DRY_RUN_WASH_SECRET_SURFACE_SAMPLE]"
"SECRET_SURFACE",".\_TRANSCRIPT_CUSTODY\Tanscripts1\TRANSCRIPT_FILES\ROOT_TANSCRIPTS_LOCAL_ONLY_20260524_100700\YOUTUBE_TRANSCRIPT_Wn-qgHg5JhE\video.en-orig.srt","26553","[REDACTED_BY_DRY_RUN_WASH_SECRET_SURFACE_SAMPLE]"
"SECRET_SURFACE",".\_TRANSCRIPT_CUSTODY\Transcripts\Husk IRL\Why AI Can’t Spell Strawberry Correctly [_zU9TW4SB4w]\TRANSCRIPT.txt","589","[REDACTED_BY_DRY_RUN_WASH_SECRET_SURFACE_SAMPLE]"
"SECRET_SURFACE",".\Jxhnny_Kl33N_Seedz\_MERGE_AUDIT\excluded_paths.tsv","2733","[REDACTED_BY_DRY_RUN_WASH_SECRET_SURFACE_SAMPLE]"
"SECRET_SURFACE",".\Jxhnny_Kl33N_Seedz\YT_TRANSCRIPTS\Wn-qgHg5JhE\TRANSCRIPT_CLEAN_FULL_Wn-qgHg5JhE.txt","1","[REDACTED_BY_DRY_RUN_WASH_SECRET_SURFACE_SAMPLE]"
"SECRET_SURFACE",".\Jxhnny_Kl33N_Seedz\YT_TRANSCRIPTS\Wn-qgHg5JhE\CHUNKS\TRANSCRIPT_CHUNK_009_Wn-qgHg5JhE.txt","1","[REDACTED_BY_DRY_RUN_WASH_SECRET_SURFACE_SAMPLE]"
"SECRET_SURFACE",".\Jxhnny_Kl33N_Seedz\YT_TRANSCRIPTS\Wn-qgHg5JhE\CHUNKS\TRANSCRIPT_CHUNK_004_Wn-qgHg5JhE.txt","1","[REDACTED_BY_DRY_RUN_WASH_SECRET_SURFACE_SAMPLE]"
"SECRET_SURFACE",".\_TRANSCRIPT_CUSTODY\Transcripts\Husk IRL\How AI Reacts to Dangerous Situations Compilation [P7rxg0QuI28]\TRANSCRIPT.txt","374","[REDACTED_BY_DRY_RUN_WASH_SECRET_SURFACE_SAMPLE]"
"SECRET_SURFACE",".\_TRANSCRIPT_CUSTODY\Transcripts\Husk IRL\How AI Reacts to Dangerous Situations Compilation [P7rxg0QuI28]\How AI Reacts to Dangerous Situations Compilation [P7rxg0QuI28].en.vtt","2911","[REDACTED_BY_DRY_RUN_WASH_SECRET_SURFACE_SAMPLE]"
"SECRET_SURFACE",".\_TRANSCRIPT_CUSTODY\Transcripts\Husk IRL\How AI Reacts to Dangerous Situations Compilation [P7rxg0QuI28]\How AI Reacts to Dangerous Situations Compilation [P7rxg0QuI28].en.vtt","2914","[REDACTED_BY_DRY_RUN_WASH_SECRET_SURFACE_SAMPLE]"
"SECRET_SURFACE",".\_TRANSCRIPT_CUSTODY\Transcripts\Husk IRL\How AI Reacts to Dangerous Situations Compilation [P7rxg0QuI28]\How AI Reacts to Dangerous Situations Compilation [P7rxg0QuI28].en.vtt","2918","[REDACTED_BY_DRY_RUN_WASH_SECRET_SURFACE_SAMPLE]"
"SECRET_SURFACE",".\_TRANSCRIPT_CUSTODY\Transcripts\Husk IRL\How AI Reacts to Dangerous Situations Compilation [P7rxg0QuI28]\How AI Reacts to Dangerous Situations Compilation [P7rxg0QuI28].en-orig.vtt","2911","[REDACTED_BY_DRY_RUN_WASH_SECRET_SURFACE_SAMPLE]"
"SECRET_SURFACE",".\_TRANSCRIPT_CUSTODY\Transcripts\Husk IRL\How AI Reacts to Dangerous Situations Compilation [P7rxg0QuI28]\How AI Reacts to Dangerous Situations Compilation [P7rxg0QuI28].en-orig.vtt","2914","[REDACTED_BY_DRY_RUN_WASH_SECRET_SURFACE_SAMPLE]"
"SECRET_SURFACE",".\_TRANSCRIPT_CUSTODY\Transcripts\Husk IRL\How AI Reacts to Dangerous Situations Compilation [P7rxg0QuI28]\How AI Reacts to Dangerous Situations Compilation [P7rxg0QuI28].en-orig.vtt","2918","[REDACTED_BY_DRY_RUN_WASH_SECRET_SURFACE_SAMPLE]"
"SECRET_SURFACE",".\Jxhnny_Kl33N_Seedz\TOOLS\PORCH_DROPPED_HELPER_SCRIPTS_20260523\LOCK_SAVE_SUCCESS_PATTERN_HOME_PLACEMENT_RULES_20260523.ps1","286","[REDACTED_BY_DRY_RUN_WASH_SECRET_SURFACE_SAMPLE]"
"SECRET_SURFACE",".\Jxhnny_Kl33N_Seedz\TOOLS\PORCH_DROPPED_HELPER_SCRIPTS_20260523\LOCK_SAVE_SUCCESS_PATTERN_HOME_PLACEMENT_RULES_20260523.ps1","373","[REDACTED_BY_DRY_RUN_WASH_SECRET_SURFACE_SAMPLE]"
"SECRET_SURFACE",".\Jxhnny_Kl33N_Seedz\TOOLS\PORCH_DROPPED_HELPER_SCRIPTS_20260523\LOCK_SAVE_FRUSTRATION_RETRACE_AND_TRANSCRIPT_INVENTORY_20260523.ps1","17","[REDACTED_BY_DRY_RUN_WASH_SECRET_SURFACE_SAMPLE]"
"SECRET_SURFACE",".\Jxhnny_Kl33N_Seedz\TOOLS\PORCH_DROPPED_HELPER_SCRIPTS_20260523\LOCK_SAVE_FRUSTRATION_RETRACE_AND_TRANSCRIPT_INVENTORY_20260523.ps1","119","[REDACTED_BY_DRY_RUN_WASH_SECRET_SURFACE_SAMPLE]"
"SECRET_SURFACE",".\Jxhnny_Kl33N_Seedz\TOOLS\PORCH_DROPPED_HELPER_SCRIPTS_20260523\LOCK_SAVE_FRUSTRATION_RETRACE_AND_TRANSCRIPT_INVENTORY_20260523.ps1","127","[REDACTED_BY_DRY_RUN_WASH_SECRET_SURFACE_SAMPLE]"
"SECRET_SURFACE",".\Jxhnny_Kl33N_Seedz\TOOLS\PORCH_DROPPED_HELPER_SCRIPTS_20260523\LOCK_SAVE_FRUSTRATION_RETRACE_AND_TRANSCRIPT_INVENTORY_20260523.ps1","463","[REDACTED_BY_DRY_RUN_WASH_SECRET_SURFACE_SAMPLE]"
"SECRET_SURFACE",".\Jxhnny_Kl33N_Seedz\TOOLS\PORCH_DROPPED_HELPER_SCRIPTS_20260523\LOCK_SAVE_FRUSTRATION_RETRACE_AND_TRANSCRIPT_INVENTORY_20260523.ps1","478","[REDACTED_BY_DRY_RUN_WASH_SECRET_SURFACE_SAMPLE]"
"SECRET_SURFACE",".\Jxhnny_Kl33N_Seedz\TOOLS\PORCH_DROPPED_HELPER_SCRIPTS_20260523\LOCK_SAVE_FRUSTRATION_RETRACE_AND_TRANSCRIPT_INVENTORY_20260523.ps1","482","[REDACTED_BY_DRY_RUN_WASH_SECRET_SURFACE_SAMPLE]"
"SECRET_SURFACE",".\Jxhnny_Kl33N_Seedz\TOOLS\PORCH_DROPPED_HELPER_SCRIPTS_20260523\LOCK_SAVE_FRUSTRATION_RETRACE_AND_TRANSCRIPT_INVENTORY_20260523.ps1","551","[REDACTED_BY_DRY_RUN_WASH_SECRET_SURFACE_SAMPLE]"
"SECRET_SURFACE",".\Jxhnny_Kl33N_Seedz\TOOLS\PORCH_DROPPED_HELPER_SCRIPTS_20260523\LOCK_SAVE_FRUSTRATION_RETRACE_AND_TRANSCRIPT_INVENTORY_20260523.ps1","662","[REDACTED_BY_DRY_RUN_WASH_SECRET_SURFACE_SAMPLE]"
"SECRET_SURFACE",".\Jxhnny_Kl33N_Seedz\TOOLS\PORCH_DROPPED_HELPER_SCRIPTS_20260523\AUDIT_NEW_HOME_AND_WRITE_MULE_SPEC_20260523.ps1","122","[REDACTED_BY_DRY_RUN_WASH_SECRET_SURFACE_SAMPLE]"
"SECRET_SURFACE",".\Jxhnny_Kl33N_Seedz\TOOLS\PORCH_DROPPED_HELPER_SCRIPTS_20260523\AUDIT_NEW_HOME_AND_WRITE_MULE_SPEC_20260523.ps1","125","[REDACTED_BY_DRY_RUN_WASH_SECRET_SURFACE_SAMPLE]"
"SECRET_SURFACE",".\Jxhnny_Kl33N_Seedz\TOOLS\PORCH_DROPPED_HELPER_SCRIPTS_20260523\AUDIT_NEW_HOME_AND_WRITE_MULE_SPEC_20260523.ps1","127","[REDACTED_BY_DRY_RUN_WASH_SECRET_SURFACE_SAMPLE]"
"SECRET_SURFACE",".\Jxhnny_Kl33N_Seedz\TOOLS\PORCH_DROPPED_HELPER_SCRIPTS_20260523\AUDIT_NEW_HOME_AND_WRITE_MULE_SPEC_20260523.ps1","183","[REDACTED_BY_DRY_RUN_WASH_SECRET_SURFACE_SAMPLE]"
"SECRET_SURFACE",".\Jxhnny_Kl33N_Seedz\TOOLS\PORCH_DROPPED_HELPER_SCRIPTS_20260523\AUDIT_NEW_HOME_AND_WRITE_MULE_SPEC_20260523.ps1","185","[REDACTED_BY_DRY_RUN_WASH_SECRET_SURFACE_SAMPLE]"
"SECRET_SURFACE",".\Jxhnny_Kl33N_Seedz\TOOLS\PORCH_DROPPED_HELPER_SCRIPTS_20260523\AUDIT_NEW_HOME_AND_WRITE_MULE_SPEC_20260523.ps1","208","[REDACTED_BY_DRY_RUN_WASH_SECRET_SURFACE_SAMPLE]"
"SECRET_SURFACE",".\Jxhnny_Kl33N_Seedz\TOOLS\PORCH_DROPPED_HELPER_SCRIPTS_20260523\AUDIT_NEW_HOME_AND_WRITE_MULE_SPEC_20260523.ps1","218","[REDACTED_BY_DRY_RUN_WASH_SECRET_SURFACE_SAMPLE]"
"SECRET_SURFACE",".\Jxhnny_Kl33N_Seedz\TOOLS\PORCH_DROPPED_HELPER_SCRIPTS_20260523\AUDIT_NEW_HOME_AND_WRITE_MULE_SPEC_20260523.ps1","247","[REDACTED_BY_DRY_RUN_WASH_SECRET_SURFACE_SAMPLE]"
"SECRET_SURFACE",".\Jxhnny_Kl33N_Seedz\TOOLS\PORCH_DROPPED_HELPER_SCRIPTS_20260523\AUDIT_NEW_HOME_AND_WRITE_MULE_SPEC_20260523.ps1","269","[REDACTED_BY_DRY_RUN_WASH_SECRET_SURFACE_SAMPLE]"
"SECRET_SURFACE",".\Jxhnny_Kl33N_Seedz\TOOLS\PORCH_DROPPED_HELPER_SCRIPTS_20260523\AUDIT_NEW_HOME_AND_WRITE_MULE_SPEC_20260523.ps1","315","[REDACTED_BY_DRY_RUN_WASH_SECRET_SURFACE_SAMPLE]"
"SECRET_SURFACE",".\Jxhnny_Kl33N_Seedz\TOOLS\PORCH_DROPPED_HELPER_SCRIPTS_20260523\AUDIT_NEW_HOME_AND_WRITE_MULE_SPEC_20260523.ps1","317","[REDACTED_BY_DRY_RUN_WASH_SECRET_SURFACE_SAMPLE]"
"SECRET_SURFACE",".\Jxhnny_Kl33N_Seedz\SOURCE_TRANSFER\TEXT_INCOMING\PROBLEM_SOLVING_101_LIVING_ORDER_REVIEW_20260523\SOURCE_CUSTODY_LEDGER.md","43","[REDACTED_BY_DRY_RUN_WASH_SECRET_SURFACE_SAMPLE]"
"SECRET_SURFACE",".\Jxhnny_Kl33N_Seedz\SOURCE_TRANSFER\TEXT_INCOMING\PROBLEM_SOLVING_101_LIVING_ORDER_REVIEW_20260523\SOURCE_CUSTODY_LEDGER.md","47","[REDACTED_BY_DRY_RUN_WASH_SECRET_SURFACE_SAMPLE]"
"SECRET_SURFACE",".\Jxhnny_Kl33N_Seedz\SOURCE_TRANSFER\TEXT_INCOMING\PROBLEM_SOLVING_101_LIVING_ORDER_REVIEW_20260523\SOURCE_CUSTODY_LEDGER.md","51","[REDACTED_BY_DRY_RUN_WASH_SECRET_SURFACE_SAMPLE]"
"SECRET_SURFACE",".\_TOOLS_AND_SCRIPTS\SAVE_SCRIPTS\ROOT_CLEANOUT_SCRIPTS_20260530_200709\WRITE_CODE_GATE_WARNING_RESPONSE_LAYER_V1.ps1","258","[REDACTED_BY_DRY_RUN_WASH_SECRET_SURFACE_SAMPLE]"
"SECRET_SURFACE",".\_TOOLS_AND_SCRIPTS\SAVE_SCRIPTS\ROOT_CLEANOUT_SCRIPTS_20260530_200709\SCRATCH_SNIFF_CODE_GATE_RULING_AUDIT_V2_RAW_STATUS_LENS.ps1","188","[REDACTED_BY_DRY_RUN_WASH_SECRET_SURFACE_SAMPLE]"
"SECRET_SURFACE",".\Jxhnny_Kl33N_Seedz\SOURCE_TRANSFER\TEXT_INCOMING\PROBLEM_SOLVING_101_LIVING_ORDER_REVIEW_20260523\GPT_THOUGHTS.txt","477","[REDACTED_BY_DRY_RUN_WASH_SECRET_SURFACE_SAMPLE]"
"SECRET_SURFACE",".\Jxhnny_Kl33N_Seedz\MAIL_ROOM\INBOX_PULSE_PRIORITY_PROTOCOL_20260524.md","48","[REDACTED_BY_DRY_RUN_WASH_SECRET_SURFACE_SAMPLE]"
"SECRET_SURFACE",".\_TOOLS_AND_SCRIPTS\SAVE_SCRIPTS\ROOT_CLEANOUT_SCRIPTS_20260530_200709\SAVE_DATA_WASTE_GATE_V1.1.ps1","98","[REDACTED_BY_DRY_RUN_WASH_SECRET_SURFACE_SAMPLE]"
"SECRET_SURFACE",".\_TOOLS_AND_SCRIPTS\SAVE_SCRIPTS\ROOT_CLEANOUT_SCRIPTS_20260530_200709\SAVE_DATA_WASTE_GATE_V1.1.ps1","154","[REDACTED_BY_DRY_RUN_WASH_SECRET_SURFACE_SAMPLE]"
"SECRET_SURFACE",".\_TOOLS_AND_SCRIPTS\SAVE_SCRIPTS\ROOT_CLEANOUT_SCRIPTS_20260530_200709\SAVE_DATA_WASTE_GATE_V1.0.ps1","110","[REDACTED_BY_DRY_RUN_WASH_SECRET_SURFACE_SAMPLE]"
"SECRET_SURFACE",".\_TOOLS_AND_SCRIPTS\SAVE_SCRIPTS\ROOT_CLEANOUT_SCRIPTS_20260530_200709\SAVE_DATA_WASTE_GATE_V1.0.ps1","180","[REDACTED_BY_DRY_RUN_WASH_SECRET_SURFACE_SAMPLE]"
"SECRET_SURFACE",".\Jxhnny_Kl33N_Seedz\INSTALLERS\COMMAND_MAP_HOUSEKEEPING_LOCK\Install_CleanSeed_Command_Map_Housekeeping_Lock.ps1","235","[REDACTED_BY_DRY_RUN_WASH_SECRET_SURFACE_SAMPLE]"
"SECRET_SURFACE",".\_TOOLS_AND_SCRIPTS\SAVE_SCRIPTS\ROOT_CLEANOUT_SCRIPTS_20260530_200709\RUN_LOWER_LEVEL_ERROR_POWERPLAY_AUDIT_SEED_V1.ps1","82","[REDACTED_BY_DRY_RUN_WASH_SECRET_SURFACE_SAMPLE]"
"SECRET_SURFACE",".\_TOOLS_AND_SCRIPTS\SAVE_SCRIPTS\ROOT_CLEANOUT_SCRIPTS_20260530_200709\RUN_LOWER_LEVEL_ERROR_POWERPLAY_AUDIT_SEED_V1.ps1","83","[REDACTED_BY_DRY_RUN_WASH_SECRET_SURFACE_SAMPLE]"
"SECRET_SURFACE",".\_TOOLS_AND_SCRIPTS\SAVE_SCRIPTS\ROOT_CLEANOUT_SCRIPTS_20260530_200709\RUN_LOWER_LEVEL_ERROR_POWERPLAY_AUDIT_SEED_V1.3.ps1","83","[REDACTED_BY_DRY_RUN_WASH_SECRET_SURFACE_SAMPLE]"
"SECRET_SURFACE",".\_TOOLS_AND_SCRIPTS\SAVE_SCRIPTS\ROOT_CLEANOUT_SCRIPTS_20260530_200709\RUN_LOWER_LEVEL_ERROR_POWERPLAY_AUDIT_SEED_V1.3.ps1","84","[REDACTED_BY_DRY_RUN_WASH_SECRET_SURFACE_SAMPLE]"
"SECRET_SURFACE",".\_TOOLS_AND_SCRIPTS\SAVE_SCRIPTS\ROOT_CLEANOUT_SCRIPTS_20260530_200709\RUN_LOWER_LEVEL_ERROR_POWERPLAY_AUDIT_SEED_V1.2.ps1","82","[REDACTED_BY_DRY_RUN_WASH_SECRET_SURFACE_SAMPLE]"
"SECRET_SURFACE",".\_TOOLS_AND_SCRIPTS\SAVE_SCRIPTS\ROOT_CLEANOUT_SCRIPTS_20260530_200709\RUN_LOWER_LEVEL_ERROR_POWERPLAY_AUDIT_SEED_V1.2.ps1","83","[REDACTED_BY_DRY_RUN_WASH_SECRET_SURFACE_SAMPLE]"
"SECRET_SURFACE",".\_TOOLS_AND_SCRIPTS\SAVE_SCRIPTS\ROOT_CLEANOUT_SCRIPTS_20260530_200709\RUN_LOWER_LEVEL_ERROR_POWERPLAY_AUDIT_SEED_V1.1.ps1","82","[REDACTED_BY_DRY_RUN_WASH_SECRET_SURFACE_SAMPLE]"
"SECRET_SURFACE",".\_TOOLS_AND_SCRIPTS\SAVE_SCRIPTS\ROOT_CLEANOUT_SCRIPTS_20260530_200709\RUN_LOWER_LEVEL_ERROR_POWERPLAY_AUDIT_SEED_V1.1.ps1","83","[REDACTED_BY_DRY_RUN_WASH_SECRET_SURFACE_SAMPLE]"
"SECRET_SURFACE",".\Jxhnny_Kl33N_Seedz\HOUSE_WORK\WORK_SHED\TEMPLATES\GENERATED_HELPER_SHAPE_CONTRACT_GATE_TEMPLATE_V1_20260531.md","34","[REDACTED_BY_DRY_RUN_WASH_SECRET_SURFACE_SAMPLE]"
"SECRET_SURFACE",".\Jxhnny_Kl33N_Seedz\HOUSE_WORK\WORK_SHED\SOURCE_ORE\TRUE_PATHING_REPLY_SOURCE_COPY_20260530.txt","566","[REDACTED_BY_DRY_RUN_WASH_SECRET_SURFACE_SAMPLE]"
"SECRET_SURFACE",".\Jxhnny_Kl33N_Seedz\HOUSE_WORK\WORK_SHED\SOURCE_MATERIAL\TRANSCRIPTS\YOUTUBE_BRAINWASH_SELF_SUCCESS_TRANSCRIPT_SOURCE_20260527.md","351","[REDACTED_BY_DRY_RUN_WASH_SECRET_SURFACE_SAMPLE]"
"SECRET_SURFACE",".\Jxhnny_Kl33N_Seedz\SOURCE_TRANSFER\TEXT_INCOMING\CLEAN_SEED_RUN_EVIDENCE_REPORT_018_FRESH_READER_ROUTE_SELECTOR_TEST_VERDICT_20260516.txt","47","[REDACTED_BY_DRY_RUN_WASH_SECRET_SURFACE_SAMPLE]"
"SECRET_SURFACE",".\_TOOLS_AND_SCRIPTS\SAVE_SCRIPTS\ROOT_CLEANOUT_SCRIPTS_20260530_200709\RUN_FULL_HOUSE_GATE_WASH_SINGLE_COMMAND_SUPERVISOR_V3.ps1","350","[REDACTED_BY_DRY_RUN_WASH_SECRET_SURFACE_SAMPLE]"
"SECRET_SURFACE",".\_TOOLS_AND_SCRIPTS\SAVE_SCRIPTS\ROOT_CLEANOUT_SCRIPTS_20260530_200709\RUN_FULL_HOUSE_GATE_WASH_SINGLE_COMMAND_SUPERVISOR_V3.ps1","353","[REDACTED_BY_DRY_RUN_WASH_SECRET_SURFACE_SAMPLE]"
"SECRET_SURFACE",".\_TOOLS_AND_SCRIPTS\SAVE_SCRIPTS\ROOT_CLEANOUT_SCRIPTS_20260530_200709\RUN_FULL_HOUSE_GATE_WASH_SINGLE_COMMAND_SUPERVISOR_V3.ps1","354","[REDACTED_BY_DRY_RUN_WASH_SECRET_SURFACE_SAMPLE]"
"SECRET_SURFACE",".\_TOOLS_AND_SCRIPTS\SAVE_SCRIPTS\ROOT_CLEANOUT_SCRIPTS_20260530_200709\RUN_FULL_HOUSE_GATE_WASH_SELECTED_BLOCK_FAMILY_CLASSIFIER_V1.ps1","88","[REDACTED_BY_DRY_RUN_WASH_SECRET_SURFACE_SAMPLE]"
"SECRET_SURFACE",".\_TOOLS_AND_SCRIPTS\SAVE_SCRIPTS\ROOT_CLEANOUT_SCRIPTS_20260530_200709\RUN_FULL_HOUSE_GATE_WASH_SELECTED_BLOCK_FAMILY_CLASSIFIER_V1.ps1","95","[REDACTED_BY_DRY_RUN_WASH_SECRET_SURFACE_SAMPLE]"
"SECRET_SURFACE",".\_TOOLS_AND_SCRIPTS\SAVE_SCRIPTS\ROOT_CLEANOUT_SCRIPTS_20260530_200709\RUN_FULL_HOUSE_GATE_WASH_SELECTED_BLOCK_FAMILY_CLASSIFIER_V1.ps1","96","[REDACTED_BY_DRY_RUN_WASH_SECRET_SURFACE_SAMPLE]"
"SECRET_SURFACE",".\_TOOLS_AND_SCRIPTS\SAVE_SCRIPTS\ROOT_CLEANOUT_SCRIPTS_20260530_200709\RUN_FULL_HOUSE_GATE_WASH_SELECTED_BLOCK_FAMILY_CLASSIFIER_V1.ps1","97","[REDACTED_BY_DRY_RUN_WASH_SECRET_SURFACE_SAMPLE]"
"SECRET_SURFACE",".\_TOOLS_AND_SCRIPTS\SAVE_SCRIPTS\ROOT_CLEANOUT_SCRIPTS_20260530_200709\RUN_FULL_HOUSE_GATE_WASH_SELECTED_BLOCK_FAMILY_CLASSIFIER_V1.ps1","98","[REDACTED_BY_DRY_RUN_WASH_SECRET_SURFACE_SAMPLE]"
"SECRET_SURFACE",".\_TOOLS_AND_SCRIPTS\SAVE_SCRIPTS\ROOT_CLEANOUT_SCRIPTS_20260530_200709\RUN_FULL_HOUSE_GATE_WASH_SELECTED_BLOCK_FAMILY_CLASSIFIER_V1.ps1","110","[REDACTED_BY_DRY_RUN_WASH_SECRET_SURFACE_SAMPLE]"
"SECRET_SURFACE",".\_TOOLS_AND_SCRIPTS\SAVE_SCRIPTS\ROOT_CLEANOUT_SCRIPTS_20260530_200709\RUN_FULL_HOUSE_GATE_WASH_SELECTED_BLOCK_FAMILY_CLASSIFIER_V1.ps1","120","[REDACTED_BY_DRY_RUN_WASH_SECRET_SURFACE_SAMPLE]"
"SECRET_SURFACE",".\_TOOLS_AND_SCRIPTS\SAVE_SCRIPTS\ROOT_CLEANOUT_SCRIPTS_20260530_200709\RUN_FULL_HOUSE_GATE_WASH_SELECTED_BLOCK_FAMILY_CLASSIFIER_V1.ps1","272","[REDACTED_BY_DRY_RUN_WASH_SECRET_SURFACE_SAMPLE]"
"SECRET_SURFACE",".\_TOOLS_AND_SCRIPTS\SAVE_SCRIPTS\ROOT_CLEANOUT_SCRIPTS_20260530_200709\RUN_FULL_HOUSE_GATE_WASH_SELECTED_BLOCK_FAMILY_CLASSIFIER_V1.ps1","292","[REDACTED_BY_DRY_RUN_WASH_SECRET_SURFACE_SAMPLE]"
"SECRET_SURFACE",".\_TOOLS_AND_SCRIPTS\SAVE_SCRIPTS\ROOT_CLEANOUT_SCRIPTS_20260530_200709\RUN_FULL_HOUSE_GATE_WASH_CYCLE_V1.ps1","260","[REDACTED_BY_DRY_RUN_WASH_SECRET_SURFACE_SAMPLE]"
"SECRET_SURFACE",".\_TOOLS_AND_SCRIPTS\SAVE_SCRIPTS\ROOT_CLEANOUT_SCRIPTS_20260530_200709\RUN_FULL_HOUSE_GATE_WASH_CYCLE_V1.ps1","261","[REDACTED_BY_DRY_RUN_WASH_SECRET_SURFACE_SAMPLE]"
"SECRET_SURFACE",".\_TOOLS_AND_SCRIPTS\SAVE_SCRIPTS\ROOT_CLEANOUT_SCRIPTS_20260530_200709\RUN_FULL_HOUSE_GATE_WASH_CYCLE_V1.ps1","266","[REDACTED_BY_DRY_RUN_WASH_SECRET_SURFACE_SAMPLE]"
"SECRET_SURFACE",".\_TOOLS_AND_SCRIPTS\SAVE_SCRIPTS\ROOT_CLEANOUT_SCRIPTS_20260530_200709\RUN_FULL_HOUSE_GATE_WASH_CYCLE_V1.ps1","270","[REDACTED_BY_DRY_RUN_WASH_SECRET_SURFACE_SAMPLE]"
"SECRET_SURFACE",".\_TOOLS_AND_SCRIPTS\SAVE_SCRIPTS\ROOT_CLEANOUT_SCRIPTS_20260530_200709\RUN_FULL_HOUSE_GATE_WASH_CYCLE_V1.ps1","271","[REDACTED_BY_DRY_RUN_WASH_SECRET_SURFACE_SAMPLE]"
"SECRET_SURFACE",".\_TOOLS_AND_SCRIPTS\SAVE_SCRIPTS\ROOT_CLEANOUT_SCRIPTS_20260530_200709\RUN_FULL_HOUSE_GATE_WASH_CYCLE_V1.1.ps1","264","[REDACTED_BY_DRY_RUN_WASH_SECRET_SURFACE_SAMPLE]"
"SECRET_SURFACE",".\_TOOLS_AND_SCRIPTS\SAVE_SCRIPTS\ROOT_CLEANOUT_SCRIPTS_20260530_200709\RUN_FULL_HOUSE_GATE_WASH_CYCLE_V1.1.ps1","265","[REDACTED_BY_DRY_RUN_WASH_SECRET_SURFACE_SAMPLE]"
"SECRET_SURFACE",".\_TOOLS_AND_SCRIPTS\SAVE_SCRIPTS\ROOT_CLEANOUT_SCRIPTS_20260530_200709\RUN_FULL_HOUSE_GATE_WASH_CYCLE_V1.1.ps1","270","[REDACTED_BY_DRY_RUN_WASH_SECRET_SURFACE_SAMPLE]"
"SECRET_SURFACE",".\_TOOLS_AND_SCRIPTS\SAVE_SCRIPTS\ROOT_CLEANOUT_SCRIPTS_20260530_200709\RUN_FULL_HOUSE_GATE_WASH_CYCLE_V1.1.ps1","274","[REDACTED_BY_DRY_RUN_WASH_SECRET_SURFACE_SAMPLE]"
"SECRET_SURFACE",".\_TOOLS_AND_SCRIPTS\SAVE_SCRIPTS\ROOT_CLEANOUT_SCRIPTS_20260530_200709\RUN_FULL_HOUSE_GATE_WASH_CYCLE_V1.1.ps1","275","[REDACTED_BY_DRY_RUN_WASH_SECRET_SURFACE_SAMPLE]"
"SECRET_SURFACE",".\_TOOLS_AND_SCRIPTS\SAVE_SCRIPTS\ROOT_CLEANOUT_SCRIPTS_20260530_200709\RUN_FULL_HOUSE_GATE_WASH_CYCLE_V1.1.ps1","307","[REDACTED_BY_DRY_RUN_WASH_SECRET_SURFACE_SAMPLE]"
"SECRET_SURFACE",".\_TOOLS_AND_SCRIPTS\SAVE_SCRIPTS\ROOT_CLEANOUT_SCRIPTS_20260530_200709\RUN_FULL_HOUSE_GATE_WASH_CYCLE_V1.1.ps1","318","[REDACTED_BY_DRY_RUN_WASH_SECRET_SURFACE_SAMPLE]"
"SECRET_SURFACE",".\_TOOLS_AND_SCRIPTS\SAVE_SCRIPTS\ROOT_CLEANOUT_SCRIPTS_20260530_200709\RUN_FULL_HOUSE_GATE_WASH_CHAIN_SUPERVISOR_V2.ps1","114","[REDACTED_BY_DRY_RUN_WASH_SECRET_SURFACE_SAMPLE]"
"SECRET_SURFACE",".\_TOOLS_AND_SCRIPTS\SAVE_SCRIPTS\ROOT_CLEANOUT_SCRIPTS_20260530_200709\RUN_FULL_HOUSE_GATE_WASH_CHAIN_SUPERVISOR_V2.ps1","370","[REDACTED_BY_DRY_RUN_WASH_SECRET_SURFACE_SAMPLE]"
"SECRET_SURFACE",".\_TOOLS_AND_SCRIPTS\SAVE_SCRIPTS\ROOT_CLEANOUT_SCRIPTS_20260530_200709\MEASURE_HELPER_USAGE_SAVINGS_READ_REPORT_V1.ps1","299","[REDACTED_BY_DRY_RUN_WASH_SECRET_SURFACE_SAMPLE]"
"SECRET_SURFACE",".\_TOOLS_AND_SCRIPTS\SAVE_SCRIPTS\ROOT_CLEANOUT_SCRIPTS_20260530_200709\MEASURE_HELPER_USAGE_SAVINGS_READ_REPORT_V1.ps1","321","[REDACTED_BY_DRY_RUN_WASH_SECRET_SURFACE_SAMPLE]"
"SECRET_SURFACE",".\Jxhnny_Kl33N_Seedz\SOURCE_TRANSFER\TEXT_INCOMING\CLEAN_SEED_RUN_EVIDENCE_REPORT_003_CANDIDATE_FIELD_SWEEP_PARKING_IMPLEMENTATION_20260516.txt","243","[REDACTED_BY_DRY_RUN_WASH_SECRET_SURFACE_SAMPLE]"
"SECRET_SURFACE",".\Jxhnny_Kl33N_Seedz\SOURCE_TRANSFER\TEXT_INCOMING\CLEAN_SEED_RUN_EVIDENCE_REPORT_003_CANDIDATE_FIELD_SWEEP_PARKING_IMPLEMENTATION_20260516.txt","250","[REDACTED_BY_DRY_RUN_WASH_SECRET_SURFACE_SAMPLE]"
"SECRET_SURFACE",".\Jxhnny_Kl33N_Seedz\SOURCE_TRANSFER\TEXT_INCOMING\CLEAN_SEED_PUBLIC_ROUTE_SELECTOR_START_HERE_20260516.txt","63","[REDACTED_BY_DRY_RUN_WASH_SECRET_SURFACE_SAMPLE]"
"SECRET_SURFACE",".\Jxhnny_Kl33N_Seedz\SOURCE_TRANSFER\TEXT_INCOMING\CLEAN_SEED_PROGRESS_LOCK_RUN012_TO_RUN014V2_20260516.txt","147","[REDACTED_BY_DRY_RUN_WASH_SECRET_SURFACE_SAMPLE]"
"SECRET_SURFACE",".\Jxhnny_Kl33N_Seedz\SOURCE_TRANSFER\TEXT_INCOMING\CLEAN_SEED_PROGRESS_LOCK_RUN012_TO_RUN014V2_20260516.txt","157","[REDACTED_BY_DRY_RUN_WASH_SECRET_SURFACE_SAMPLE]"
"SECRET_SURFACE",".\Jxhnny_Kl33N_Seedz\SOURCE_TRANSFER\TEXT_INCOMING\CLEAN_SEED_PROGRESS_LOCK_RUN012_TO_RUN014V2_20260516 (1).txt","147","[REDACTED_BY_DRY_RUN_WASH_SECRET_SURFACE_SAMPLE]"
"SECRET_SURFACE",".\Jxhnny_Kl33N_Seedz\SOURCE_TRANSFER\TEXT_INCOMING\CLEAN_SEED_PROGRESS_LOCK_RUN012_TO_RUN014V2_20260516 (1).txt","157","[REDACTED_BY_DRY_RUN_WASH_SECRET_SURFACE_SAMPLE]"
"SECRET_SURFACE",".\Jxhnny_Kl33N_Seedz\SOURCE_TRANSFER\TEXT_INCOMING\CLEAN_SEED_PARKING_CORE_OPERATING_PLAN_V1.txt","145","[REDACTED_BY_DRY_RUN_WASH_SECRET_SURFACE_SAMPLE]"
"SECRET_SURFACE",".\Jxhnny_Kl33N_Seedz\SOURCE_TRANSFER\TEXT_INCOMING\CLEAN_SEED_PARKING_CORE_OPERATING_PLAN_V1.txt","146","[REDACTED_BY_DRY_RUN_WASH_SECRET_SURFACE_SAMPLE]"
"SECRET_SURFACE",".\Jxhnny_Kl33N_Seedz\SOURCE_TRANSFER\TEXT_INCOMING\CLEAN_SEED_PARKING_CORE_OPERATING_PLAN_V1.txt","165","[REDACTED_BY_DRY_RUN_WASH_SECRET_SURFACE_SAMPLE]"
"SECRET_SURFACE",".\Jxhnny_Kl33N_Seedz\SOURCE_TRANSFER\TEXT_INCOMING\CLEAN_SEED_PARKING_CORE_OPERATING_PLAN_V1.txt","493","[REDACTED_BY_DRY_RUN_WASH_SECRET_SURFACE_SAMPLE]"
"SECRET_SURFACE",".\Jxhnny_Kl33N_Seedz\SOURCE_TRANSFER\TEXT_INCOMING\CLEAN_SEED_NEW_IDEAS_AFTER_CPT_SAVE_20260516.txt","125","[REDACTED_BY_DRY_RUN_WASH_SECRET_SURFACE_SAMPLE]"
"SECRET_SURFACE",".\Jxhnny_Kl33N_Seedz\SOURCE_TRANSFER\TEXT_INCOMING\CLEAN_SEED_NEW_IDEAS_AFTER_CPT_SAVE_20260516.txt","189","[REDACTED_BY_DRY_RUN_WASH_SECRET_SURFACE_SAMPLE]"
"SECRET_SURFACE",".\Jxhnny_Kl33N_Seedz\SOURCE_TRANSFER\TEXT_INCOMING\clean_seed_mule_brief_v4_slim_growth_safe.txt","36","[REDACTED_BY_DRY_RUN_WASH_SECRET_SURFACE_SAMPLE]"
"SECRET_SURFACE",".\Jxhnny_Kl33N_Seedz\SOURCE_TRANSFER\TEXT_INCOMING\clean_seed_mule_brief_v4_slim_growth_safe.txt","172","[REDACTED_BY_DRY_RUN_WASH_SECRET_SURFACE_SAMPLE]"
"SECRET_SURFACE",".\Jxhnny_Kl33N_Seedz\SOURCE_TRANSFER\TEXT_INCOMING\CLEAN_SEED_COMPACTION_HOUSEKEEPING_CLOSURE_RULE_V1_1.txt","291","[REDACTED_BY_DRY_RUN_WASH_SECRET_SURFACE_SAMPLE]"
"SECRET_SURFACE",".\Jxhnny_Kl33N_Seedz\SOURCE_TRANSFER\TEXT_INCOMING\CLEAN_SEED_COMPACTION_HOUSEKEEPING_CLOSURE_RULE_V1_1.txt","402","[REDACTED_BY_DRY_RUN_WASH_SECRET_SURFACE_SAMPLE]"
"SECRET_SURFACE",".\Jxhnny_Kl33N_Seedz\SOURCE_TRANSFER\TEXT_INCOMING\CLEAN_SEED_COMPACTION_HOUSEKEEPING_CLOSURE_RULE_V1_1.txt","500","[REDACTED_BY_DRY_RUN_WASH_SECRET_SURFACE_SAMPLE]"
"SECRET_SURFACE",".\Jxhnny_Kl33N_Seedz\HOUSE_WORK\WORK_SHED\SORTING_BENCH\LANE_LOCKED_MANIFEST_STAGING_HISTORY_AND_FIT_REPORT_20260528.md","76","[REDACTED_BY_DRY_RUN_WASH_SECRET_SURFACE_SAMPLE]"
"SECRET_SURFACE",".\Jxhnny_Kl33N_Seedz\HOUSE_WORK\WORK_SHED\SORTING_BENCH\CLAIM_CAPABILITY_BRIDGE_HARNESS_PACK_20260531\CLAIM_CAPABILITY_FIXTURES_V1_20260531.csv","13","[REDACTED_BY_DRY_RUN_WASH_SECRET_SURFACE_SAMPLE]"
"SECRET_SURFACE",".\Jxhnny_Kl33N_Seedz\HOUSE_WORK\WORK_SHED\SORTING_BENCH\CLAIM_CAPABILITY_BRIDGE_HARNESS_PACK_20260531\CLAIM_CAPABILITY_FIXTURES_V1_20260531.csv","14","[REDACTED_BY_DRY_RUN_WASH_SECRET_SURFACE_SAMPLE]"
"SECRET_SURFACE",".\Jxhnny_Kl33N_Seedz\HOUSE_WORK\WORK_SHED\SORTING_BENCH\CLAIM_CAPABILITY_BRIDGE_HARNESS_PACK_20260531\CLAIM_CAPABILITY_COVERAGE_MATRIX_V1_20260531.csv","16","[REDACTED_BY_DRY_RUN_WASH_SECRET_SURFACE_SAMPLE]"
"SECRET_SURFACE",".\Jxhnny_Kl33N_Seedz\GPT_PROMPTS_CUSTODY\DOWNLOADS_LOOSE_CANDIDATES\20260523_001601\CPT_LANE_HOUSEKEEPING_CLOSEOUT_20260516.txt","98","[REDACTED_BY_DRY_RUN_WASH_SECRET_SURFACE_SAMPLE]"
"SECRET_SURFACE",".\Jxhnny_Kl33N_Seedz\SOURCE_TRANSFER\TEXT_INCOMING\CALCULATED_PRECISION_TRIAGE_OPENAI_AND_CLEAN_SEED_20260516.txt","31","[REDACTED_BY_DRY_RUN_WASH_SECRET_SURFACE_SAMPLE]"
"SECRET_SURFACE",".\Jxhnny_Kl33N_Seedz\SOURCE_TRANSFER\TEXT_INCOMING\CALCULATED_PRECISION_TRIAGE_OPENAI_AND_CLEAN_SEED_20260516.txt","42","[REDACTED_BY_DRY_RUN_WASH_SECRET_SURFACE_SAMPLE]"
"SECRET_SURFACE",".\Jxhnny_Kl33N_Seedz\SOURCE_TRANSFER\TEXT_INCOMING\CALCULATED_PRECISION_TRIAGE_OPENAI_AND_CLEAN_SEED_20260516.txt","170","[REDACTED_BY_DRY_RUN_WASH_SECRET_SURFACE_SAMPLE]"
"SECRET_SURFACE",".\Jxhnny_Kl33N_Seedz\SOURCE_TRANSFER\TEXT_INCOMING\CALCULATED_PRECISION_TRIAGE_OPENAI_AND_CLEAN_SEED_20260516.txt","190","[REDACTED_BY_DRY_RUN_WASH_SECRET_SURFACE_SAMPLE]"
"SECRET_SURFACE",".\Jxhnny_Kl33N_Seedz\HOUSE_WORK\WORK_SHED\GEAR_RACK\RUN_CLAIM_CAPABILITY_BRIDGE_HARNESS_V1_20260531.ps1","48","[REDACTED_BY_DRY_RUN_WASH_SECRET_SURFACE_SAMPLE]"
"SECRET_SURFACE",".\Jxhnny_Kl33N_Seedz\HOUSE_WORK\WORK_SHED\GEAR_RACK\RULE_MACHINES\CODE_GATE_WARNING_RESPONSE_LAYER_CARD_20260528_001051.md","232","[REDACTED_BY_DRY_RUN_WASH_SECRET_SURFACE_SAMPLE]"
"SECRET_SURFACE",".\Jxhnny_Kl33N_Seedz\HOUSE_WORK\TOOLS\Invoke-AssistantContextCarrier.ps1","209","[REDACTED_BY_DRY_RUN_WASH_SECRET_SURFACE_SAMPLE]"
"SECRET_SURFACE",".\Jxhnny_Kl33N_Seedz\SOURCE_TRANSFER\MD_INCOMING\HOUSE_NERVOUS_SYSTEM_ALARM_DEBUGGER_MESH_RESEARCH_PACKET_20260520.md","307","[REDACTED_BY_DRY_RUN_WASH_SECRET_SURFACE_SAMPLE]"
"SECRET_SURFACE",".\Jxhnny_Kl33N_Seedz\SOURCE_TRANSFER\MD_INCOMING\HOUSE_NERVOUS_SYSTEM_ALARM_DEBUGGER_MESH_RESEARCH_PACKET_20260520.md","967","[REDACTED_BY_DRY_RUN_WASH_SECRET_SURFACE_SAMPLE]"
"SECRET_SURFACE",".\Jxhnny_Kl33N_Seedz\SOURCE_TRANSFER\MD_INCOMING\HOUSE_NERVOUS_SYSTEM_ALARM_DEBUGGER_MESH_RESEARCH_PACKET_20260520.md","968","[REDACTED_BY_DRY_RUN_WASH_SECRET_SURFACE_SAMPLE]"
"SECRET_SURFACE",".\Jxhnny_Kl33N_Seedz\SOURCE_TRANSFER\MD_INCOMING\HOUSE_NERVOUS_SYSTEM_ALARM_DEBUGGER_MESH_RESEARCH_PACKET_20260520.md","979","[REDACTED_BY_DRY_RUN_WASH_SECRET_SURFACE_SAMPLE]"
"SECRET_SURFACE",".\Jxhnny_Kl33N_Seedz\SOURCE_TRANSFER\MD_INCOMING\HOUSE_NERVOUS_SYSTEM_ALARM_DEBUGGER_MESH_RESEARCH_PACKET_20260520.md","982","[REDACTED_BY_DRY_RUN_WASH_SECRET_SURFACE_SAMPLE]"
"SECRET_SURFACE",".\Jxhnny_Kl33N_Seedz\SOURCE_TRANSFER\MD_INCOMING\HOUSE_NERVOUS_SYSTEM_ALARM_DEBUGGER_MESH_RESEARCH_PACKET_20260520.md","1099","[REDACTED_BY_DRY_RUN_WASH_SECRET_SURFACE_SAMPLE]"
"SECRET_SURFACE",".\Jxhnny_Kl33N_Seedz\SOURCE_TRANSFER\MD_INCOMING\HOUSE_NERVOUS_SYSTEM_ALARM_DEBUGGER_MESH_RESEARCH_PACKET_20260520.md","1384","[REDACTED_BY_DRY_RUN_WASH_SECRET_SURFACE_SAMPLE]"
"SECRET_SURFACE",".\Jxhnny_Kl33N_Seedz\SOURCE_TRANSFER\MD_INCOMING\HOUSE_NERVOUS_SYSTEM_ALARM_DEBUGGER_MESH_RESEARCH_PACKET_20260520.md","1534","[REDACTED_BY_DRY_RUN_WASH_SECRET_SURFACE_SAMPLE]"
"SECRET_SURFACE",".\Jxhnny_Kl33N_Seedz\HOUSE_WORK\PROJECT_COMMAND_CENTER_UI_LANE\SOURCE_HANDOFFS\MULE_HANDOFF_UI_LANE_BIG_JOB_PHASE2_EXACT_SAVE_AND_BUILD_20260604.md","140","[REDACTED_BY_DRY_RUN_WASH_SECRET_SURFACE_SAMPLE]"
"SECRET_SURFACE",".\Jxhnny_Kl33N_Seedz\SOURCE_TRANSFER\MD_INCOMING\COMMON_SENSE_DEEP_CLEAN_MODEL_SOURCE_ORE_HELD_20260520.md","657","[REDACTED_BY_DRY_RUN_WASH_SECRET_SURFACE_SAMPLE]"
"SECRET_SURFACE",".\Jxhnny_Kl33N_Seedz\HOUSE_WORK\PROJECT_COMMAND_CENTER_UI_LANE\PROOF_GATES\UI_BIG_JOB_DATA_BUDGET_PROTOCOL_V0_1_20260604.md","36","[REDACTED_BY_DRY_RUN_WASH_SECRET_SURFACE_SAMPLE]"
"SECRET_SURFACE",".\Jxhnny_Kl33N_Seedz\HOUSE_WORK\PROJECT_COMMAND_CENTER_UI_LANE\COMMAND_GRAMMAR\UI_COMMAND_REGISTRY_V0_2_20260604.md","18","[REDACTED_BY_DRY_RUN_WASH_SECRET_SURFACE_SAMPLE]"
"SECRET_SURFACE",".\Jxhnny_Kl33N_Seedz\HOUSE_WORK\PROJECT_COMMAND_CENTER_UI_LANE\ACTION_CARDS\BLOCKER_BURNDOWN_ACTION_CARDS_V0_2_20260604.md","16","[REDACTED_BY_DRY_RUN_WASH_SECRET_SURFACE_SAMPLE]"
"SECRET_SURFACE",".\Jxhnny_Kl33N_Seedz\HOUSE_WORK\ISSUE_MAPS\BIG_BOY_CHAT_ROOT_DOCS_10_LOOP_HOUSE_WASH_20260525.md","63","[REDACTED_BY_DRY_RUN_WASH_SECRET_SURFACE_SAMPLE]"
"SECRET_SURFACE",".\Jxhnny_Kl33N_Seedz\HOUSE_WORK\ISSUE_MAPS\BIG_BOY_CHAT_ROOT_DOCS_10_LOOP_HOUSE_WASH_20260525.md","141","[REDACTED_BY_DRY_RUN_WASH_SECRET_SURFACE_SAMPLE]"
"SECRET_SURFACE",".\Jxhnny_Kl33N_Seedz\CORE_GUIDE_BACKUPS\CORE_GUIDES_BEFORE_GATE_EVIDENCE_HOW_FOUND_DOCTRINE_WASH_20260524_043525\CLEAN_SEED_WRAP_GUIDE.txt","4678","[REDACTED_BY_DRY_RUN_WASH_SECRET_SURFACE_SAMPLE]"
"SECRET_SURFACE",".\Jxhnny_Kl33N_Seedz\HOUSE_WORK\IDEA_CONCEPT_COLLECTION_ROOM\WHOLE_HOUSE_INTAKE_WASH_SPEC_REVIEW_20260603\WHOLE_HOUSE_INTAKE_WASH_SPEC_REVIEW_ADDENDUM_MULE_REPORT_20260603.md","212","[REDACTED_BY_DRY_RUN_WASH_SECRET_SURFACE_SAMPLE]"
"SECRET_SURFACE",".\Jxhnny_Kl33N_Seedz\SOURCE_ORE\USER_DROPS\ROOT_TRANSCRIPT_BACKLOG_20260526_003545\Sugrue.txt","137","[REDACTED_BY_DRY_RUN_WASH_SECRET_SURFACE_SAMPLE]"
"SECRET_SURFACE",".\Jxhnny_Kl33N_Seedz\SOURCE_ORE\USER_DROPS\ROOT_TRANSCRIPT_BACKLOG_20260526_003545\Sugrue.txt","180","[REDACTED_BY_DRY_RUN_WASH_SECRET_SURFACE_SAMPLE]"
"SECRET_SURFACE",".\Jxhnny_Kl33N_Seedz\SOURCE_ORE\USER_DROPS\ROOT_TRANSCRIPT_BACKLOG_20260526_003545\RoyMasters.txt","21","[REDACTED_BY_DRY_RUN_WASH_SECRET_SURFACE_SAMPLE]"
"SECRET_SURFACE",".\Jxhnny_Kl33N_Seedz\SOURCE_ORE\USER_DROPS\ROOT_TRANSCRIPT_BACKLOG_20260526_003545\RoyMasters.txt","260","[REDACTED_BY_DRY_RUN_WASH_SECRET_SURFACE_SAMPLE]"
"SECRET_SURFACE",".\Jxhnny_Kl33N_Seedz\SOURCE_ORE\USER_DROPS\ROOT_TRANSCRIPT_BACKLOG_20260526_003545\RoyMasters.txt","281","[REDACTED_BY_DRY_RUN_WASH_SECRET_SURFACE_SAMPLE]"
"SECRET_SURFACE",".\Jxhnny_Kl33N_Seedz\SOURCE_ORE\USER_DROPS\ROOT_TRANSCRIPT_BACKLOG_20260526_003545\RoyMasters.txt","317","[REDACTED_BY_DRY_RUN_WASH_SECRET_SURFACE_SAMPLE]"
"SECRET_SURFACE",".\Jxhnny_Kl33N_Seedz\SOURCE_ORE\USER_DROPS\ROOT_TRANSCRIPT_BACKLOG_20260526_003545\RoyMasters.txt","351","[REDACTED_BY_DRY_RUN_WASH_SECRET_SURFACE_SAMPLE]"
"SECRET_SURFACE",".\Jxhnny_Kl33N_Seedz\SOURCE_ORE\USER_DROPS\ROOT_TRANSCRIPT_BACKLOG_20260526_003545\RoyMasters.txt","375","[REDACTED_BY_DRY_RUN_WASH_SECRET_SURFACE_SAMPLE]"
"SECRET_SURFACE",".\Jxhnny_Kl33N_Seedz\SOURCE_ORE\USER_DROPS\ROOT_TRANSCRIPT_BACKLOG_20260526_003545\RoyMasters.txt","405","[REDACTED_BY_DRY_RUN_WASH_SECRET_SURFACE_SAMPLE]"
"SECRET_SURFACE",".\Jxhnny_Kl33N_Seedz\SOURCE_ORE\USER_DROPS\ROOT_TRANSCRIPT_BACKLOG_20260526_003545\RoyMasters.txt","408","[REDACTED_BY_DRY_RUN_WASH_SECRET_SURFACE_SAMPLE]"
"SECRET_SURFACE",".\Jxhnny_Kl33N_Seedz\SOURCE_ORE\USER_DROPS\ROOT_TRANSCRIPT_BACKLOG_20260526_003545\RoyMasters.txt","422","[REDACTED_BY_DRY_RUN_WASH_SECRET_SURFACE_SAMPLE]"
"SECRET_SURFACE",".\Jxhnny_Kl33N_Seedz\SOURCE_ORE\USER_DROPS\ROOT_TRANSCRIPT_BACKLOG_20260526_003545\RoyMasters.txt","444","[REDACTED_BY_DRY_RUN_WASH_SECRET_SURFACE_SAMPLE]"
"SECRET_SURFACE",".\Jxhnny_Kl33N_Seedz\COMMAND_CENTER\TODO\TODO_REMOTE_DOOR_TOKEN_TRACKING_SECURITY_AUDIT_20260524.md","1","[REDACTED_BY_DRY_RUN_WASH_SECRET_SURFACE_SAMPLE]"
"SECRET_SURFACE",".\Jxhnny_Kl33N_Seedz\COMMAND_CENTER\TODO\TODO_REMOTE_DOOR_TOKEN_TRACKING_SECURITY_AUDIT_20260524.md","9","[REDACTED_BY_DRY_RUN_WASH_SECRET_SURFACE_SAMPLE]"
"SECRET_SURFACE",".\Jxhnny_Kl33N_Seedz\COMMAND_CENTER\TODO\TODO_REMOTE_DOOR_TOKEN_TRACKING_SECURITY_AUDIT_20260524.md","15","[REDACTED_BY_DRY_RUN_WASH_SECRET_SURFACE_SAMPLE]"
"SECRET_SURFACE",".\Jxhnny_Kl33N_Seedz\COMMAND_CENTER\TODO\TODO_REMOTE_DOOR_TOKEN_TRACKING_SECURITY_AUDIT_20260524.md","18","[REDACTED_BY_DRY_RUN_WASH_SECRET_SURFACE_SAMPLE]"
"SECRET_SURFACE",".\Jxhnny_Kl33N_Seedz\COMMAND_CENTER\TODO\TODO_REMOTE_DOOR_TOKEN_TRACKING_SECURITY_AUDIT_20260524.md","25","[REDACTED_BY_DRY_RUN_WASH_SECRET_SURFACE_SAMPLE]"
"SECRET_SURFACE",".\Jxhnny_Kl33N_Seedz\COMMAND_CENTER\TODO\TODO_REMOTE_DOOR_TOKEN_TRACKING_SECURITY_AUDIT_20260524.md","30","[REDACTED_BY_DRY_RUN_WASH_SECRET_SURFACE_SAMPLE]"
"SECRET_SURFACE",".\Jxhnny_Kl33N_Seedz\COMMAND_CENTER\TODO\TODO_REMOTE_DOOR_TOKEN_TRACKING_SECURITY_AUDIT_20260524.md","36","[REDACTED_BY_DRY_RUN_WASH_SECRET_SURFACE_SAMPLE]"
"SECRET_SURFACE",".\Jxhnny_Kl33N_Seedz\SOURCE_ORE\USER_DROPS\ROOT_TRANSCRIPT_BACKLOG_20260526_003545\notes.txt","3367","[REDACTED_BY_DRY_RUN_WASH_SECRET_SURFACE_SAMPLE]"
"SECRET_SURFACE",".\Jxhnny_Kl33N_Seedz\SOURCE_ORE\USER_DROPS\ROOT_TRANSCRIPT_BACKLOG_20260526_003545\Noah Lampert Manifesting Money, Neville Goddard, and the Power of Imagination  JXT EP10_2026-05-25_21-30-38.txt","2810","[REDACTED_BY_DRY_RUN_WASH_SECRET_SURFACE_SAMPLE]"
"SECRET_SURFACE",".\Jxhnny_Kl33N_Seedz\SOURCE_ORE\USER_DROPS\ROOT_TRANSCRIPT_BACKLOG_20260526_003545\Noah Lampert Manifesting Money, Neville Goddard, and the Power of Imagination  JXT EP10_2026-05-25_21-30-38.txt","2894","[REDACTED_BY_DRY_RUN_WASH_SECRET_SURFACE_SAMPLE]"
"SECRET_SURFACE",".\Jxhnny_Kl33N_Seedz\SOURCE_ORE\USER_DROPS\ROOT_TRANSCRIPT_BACKLOG_20260526_003545\Noah Lampert Manifesting Money, Neville Goddard, and the Power of Imagination  JXT EP10_2026-05-25_21-30-38.txt","3424","[REDACTED_BY_DRY_RUN_WASH_SECRET_SURFACE_SAMPLE]"
"SECRET_SURFACE",".\_TOOLS_AND_SCRIPTS\SAVE_SCRIPTS\ROOT_CLEANOUT_SCRIPTS_20260530_200709\LOCK_SAVE_LANE_LOCKED_MANIFEST_STAGING_V1.ps1","276","[REDACTED_BY_DRY_RUN_WASH_SECRET_SURFACE_SAMPLE]"
"SECRET_SURFACE",".\_TOOLS_AND_SCRIPTS\SAVE_SCRIPTS\ROOT_CLEANOUT_SCRIPTS_20260530_200709\LOCK_SAVE_LANE_LOCKED_MANIFEST_STAGING_V1.ps1","409","[REDACTED_BY_DRY_RUN_WASH_SECRET_SURFACE_SAMPLE]"
"SECRET_SURFACE",".\Jxhnny_Kl33N_Seedz\SOURCE_ORE\USER_DROPS\ROOT_TRANSCRIPT_BACKLOG_20260526_003545\FIT DECISION.txt","35","[REDACTED_BY_DRY_RUN_WASH_SECRET_SURFACE_SAMPLE]"
"SECRET_SURFACE",".\Jxhnny_Kl33N_Seedz\SOURCE_ORE\USER_DROPS\ROOT_TRANSCRIPT_BACKLOG_20260526_003545\FIT DECISION.txt","479","[REDACTED_BY_DRY_RUN_WASH_SECRET_SURFACE_SAMPLE]"
"SECRET_SURFACE",".\Jxhnny_Kl33N_Seedz\HOUSE_WORK\IDEA_CONCEPT_COLLECTION_ROOM\PAST_WEEK_20260524_20260531\RUN_20260531_141441\PAST_WEEK_IDEA_CONCEPT_SYNTHESIS_V1_20260531_WANT_LATER_LEDGER.csv","3203","[REDACTED_BY_DRY_RUN_WASH_SECRET_SURFACE_SAMPLE]"
"SECRET_SURFACE",".\Jxhnny_Kl33N_Seedz\COMMAND_CENTER\REMOTE_DOOR_RELAY_V2\TOOLS\STATUS_REMOTE_DOOR_V2.ps1","3","[REDACTED_BY_DRY_RUN_WASH_SECRET_SURFACE_SAMPLE]"
"SECRET_SURFACE",".\Jxhnny_Kl33N_Seedz\COMMAND_CENTER\REMOTE_DOOR_RELAY_V2\TOOLS\STATUS_REMOTE_DOOR_V2.ps1","49","[REDACTED_BY_DRY_RUN_WASH_SECRET_SURFACE_SAMPLE]"
"SECRET_SURFACE",".\Jxhnny_Kl33N_Seedz\COMMAND_CENTER\REMOTE_DOOR_RELAY_V2\TOOLS\STATUS_REMOTE_DOOR_V2.ps1","50","[REDACTED_BY_DRY_RUN_WASH_SECRET_SURFACE_SAMPLE]"
"SECRET_SURFACE",".\Jxhnny_Kl33N_Seedz\COMMAND_CENTER\REMOTE_DOOR_RELAY_V2\TOOLS\STATUS_REMOTE_DOOR_V2.ps1","51","[REDACTED_BY_DRY_RUN_WASH_SECRET_SURFACE_SAMPLE]"
"SECRET_SURFACE",".\Jxhnny_Kl33N_Seedz\COMMAND_CENTER\REMOTE_DOOR_RELAY_V2\TOOLS\START_REMOTE_DOOR_V2.ps1","122","[REDACTED_BY_DRY_RUN_WASH_SECRET_SURFACE_SAMPLE]"
"SECRET_SURFACE",".\Jxhnny_Kl33N_Seedz\COMMAND_CENTER\REMOTE_DOOR_RELAY_V2\TOOLS\START_REMOTE_DOOR_V2.ps1","123","[REDACTED_BY_DRY_RUN_WASH_SECRET_SURFACE_SAMPLE]"
"SECRET_SURFACE",".\Jxhnny_Kl33N_Seedz\COMMAND_CENTER\REMOTE_DOOR_RELAY_V2\TOOLS\START_REMOTE_DOOR_V2.ps1","128","[REDACTED_BY_DRY_RUN_WASH_SECRET_SURFACE_SAMPLE]"
"SECRET_SURFACE",".\Jxhnny_Kl33N_Seedz\COMMAND_CENTER\REMOTE_DOOR_RELAY_V2\TOOLS\START_REMOTE_DOOR_V2.ps1","129","[REDACTED_BY_DRY_RUN_WASH_SECRET_SURFACE_SAMPLE]"
"SECRET_SURFACE",".\Jxhnny_Kl33N_Seedz\COMMAND_CENTER\REMOTE_DOOR_RELAY_V2\TOOLS\RESET_REMOTE_DOOR_V2_PRINT_LOCAL_ONLY.ps1","271","[REDACTED_BY_DRY_RUN_WASH_SECRET_SURFACE_SAMPLE]"
"SECRET_SURFACE",".\Jxhnny_Kl33N_Seedz\COMMAND_CENTER\REMOTE_DOOR_RELAY_V2\TOOLS\New-RemoteDoorV2Token.ps1","10","[REDACTED_BY_DRY_RUN_WASH_SECRET_SURFACE_SAMPLE]"
"SECRET_SURFACE",".\Jxhnny_Kl33N_Seedz\COMMAND_CENTER\REMOTE_DOOR_RELAY_V2\TOOLS\New-RemoteDoorV2Token.ps1","25","[REDACTED_BY_DRY_RUN_WASH_SECRET_SURFACE_SAMPLE]"
"SECRET_SURFACE",".\Jxhnny_Kl33N_Seedz\COMMAND_CENTER\REMOTE_DOOR_RELAY_V2\TOOLS\New-RemoteDoorV2Token.ps1","28","[REDACTED_BY_DRY_RUN_WASH_SECRET_SURFACE_SAMPLE]"
"SECRET_SURFACE",".\Jxhnny_Kl33N_Seedz\COMMAND_CENTER\REMOTE_DOOR_RELAY_V2\TOOLS\New-RemoteDoorV2Token.ps1","59","[REDACTED_BY_DRY_RUN_WASH_SECRET_SURFACE_SAMPLE]"
"SECRET_SURFACE",".\Jxhnny_Kl33N_Seedz\COMMAND_CENTER\REMOTE_DOOR_RELAY_V2\TOOLS\New-RemoteDoorV2Token.ps1","73","[REDACTED_BY_DRY_RUN_WASH_SECRET_SURFACE_SAMPLE]"
"SECRET_SURFACE",".\Jxhnny_Kl33N_Seedz\COMMAND_CENTER\REMOTE_DOOR_RELAY_V2\TOOLS\New-RemoteDoorV2Token.ps1","77","[REDACTED_BY_DRY_RUN_WASH_SECRET_SURFACE_SAMPLE]"
"SECRET_SURFACE",".\Jxhnny_Kl33N_Seedz\COMMAND_CENTER\REMOTE_DOOR_RELAY_V2\SERVER\remote_door_v2_server.py","198","[REDACTED_BY_DRY_RUN_WASH_SECRET_SURFACE_SAMPLE]"
"SECRET_SURFACE",".\Jxhnny_Kl33N_Seedz\COMMAND_CENTER\REMOTE_DOOR_RELAY_V2\SERVER\remote_door_v2_server.py","199","[REDACTED_BY_DRY_RUN_WASH_SECRET_SURFACE_SAMPLE]"
"SECRET_SURFACE",".\Jxhnny_Kl33N_Seedz\COMMAND_CENTER\REMOTE_DOOR_RELAY_V2\SERVER\remote_door_v2_server.py","216","[REDACTED_BY_DRY_RUN_WASH_SECRET_SURFACE_SAMPLE]"
"SECRET_SURFACE",".\Jxhnny_Kl33N_Seedz\COMMAND_CENTER\REMOTE_DOOR_RELAY_V2\SERVER\remote_door_v2_server.py","218","[REDACTED_BY_DRY_RUN_WASH_SECRET_SURFACE_SAMPLE]"
"SECRET_SURFACE",".\Jxhnny_Kl33N_Seedz\COMMAND_CENTER\REMOTE_DOOR_RELAY_V2\SERVER\remote_door_v2_server.py","225","[REDACTED_BY_DRY_RUN_WASH_SECRET_SURFACE_SAMPLE]"
"SECRET_SURFACE",".\Jxhnny_Kl33N_Seedz\COMMAND_CENTER\REMOTE_DOOR_RELAY_V2\SERVER\remote_door_v2_server.py","230","[REDACTED_BY_DRY_RUN_WASH_SECRET_SURFACE_SAMPLE]"
"SECRET_SURFACE",".\Jxhnny_Kl33N_Seedz\COMMAND_CENTER\REMOTE_DOOR_RELAY_V2\SERVER\remote_door_v2_server.py","234","[REDACTED_BY_DRY_RUN_WASH_SECRET_SURFACE_SAMPLE]"
"SECRET_SURFACE",".\Jxhnny_Kl33N_Seedz\COMMAND_CENTER\REMOTE_DOOR_RELAY_V2\SERVER\remote_door_v2_server.py","241","[REDACTED_BY_DRY_RUN_WASH_SECRET_SURFACE_SAMPLE]"
"SECRET_SURFACE",".\Jxhnny_Kl33N_Seedz\COMMAND_CENTER\REMOTE_DOOR_RELAY_V2\SERVER\remote_door_v2_server.py","278","[REDACTED_BY_DRY_RUN_WASH_SECRET_SURFACE_SAMPLE]"
"SECRET_SURFACE",".\Jxhnny_Kl33N_Seedz\COMMAND_CENTER\REMOTE_DOOR_RELAY_V2\SERVER\remote_door_v2_server.py","281","[REDACTED_BY_DRY_RUN_WASH_SECRET_SURFACE_SAMPLE]"
"SECRET_SURFACE",".\Jxhnny_Kl33N_Seedz\COMMAND_CENTER\REMOTE_DOOR_RELAY_V2\SERVER\remote_door_v2_server.py","285","[REDACTED_BY_DRY_RUN_WASH_SECRET_SURFACE_SAMPLE]"
"SECRET_SURFACE",".\Jxhnny_Kl33N_Seedz\COMMAND_CENTER\REMOTE_DOOR_RELAY_V2\SERVER\remote_door_v2_server.py","295","[REDACTED_BY_DRY_RUN_WASH_SECRET_SURFACE_SAMPLE]"
"SECRET_SURFACE",".\Jxhnny_Kl33N_Seedz\COMMAND_CENTER\REMOTE_DOOR_RELAY_V2\SERVER\remote_door_v2_server.py","1166","[REDACTED_BY_DRY_RUN_WASH_SECRET_SURFACE_SAMPLE]"
"SECRET_SURFACE",".\Jxhnny_Kl33N_Seedz\COMMAND_CENTER\REMOTE_DOOR_RELAY_V2\SERVER\remote_door_v2_server.py","1169","[REDACTED_BY_DRY_RUN_WASH_SECRET_SURFACE_SAMPLE]"
"SECRET_SURFACE",".\Jxhnny_Kl33N_Seedz\COMMAND_CENTER\REMOTE_DOOR_RELAY_V2\RECEIPTS\REMOTE_DOOR_V2_MULE_EXTERNAL_ASYNC_TEST_20260521_1413.json","6","[REDACTED_BY_DRY_RUN_WASH_SECRET_SURFACE_SAMPLE]"
"SECRET_SURFACE",".\Jxhnny_Kl33N_Seedz\COMMAND_CENTER\REMOTE_DOOR_RELAY_V2\RECEIPTS\REMOTE_DOOR_V2_MULE_EXTERNAL_ASYNC_TEST_20260521_1413.json","8","[REDACTED_BY_DRY_RUN_WASH_SECRET_SURFACE_SAMPLE]"
"SECRET_SURFACE",".\Jxhnny_Kl33N_Seedz\COMMAND_CENTER\REMOTE_DOOR_RELAY_V2\RECEIPTS\REMOTE_DOOR_V2_MULE_EXTERNAL_ASYNC_TEST_20260521_1413.json","17","[REDACTED_BY_DRY_RUN_WASH_SECRET_SURFACE_SAMPLE]"
"SECRET_SURFACE",".\Jxhnny_Kl33N_Seedz\COMMAND_CENTER\REMOTE_DOOR_RELAY_V2\RECEIPTS\REMOTE_DOOR_V2_MULE_EXTERNAL_ASYNC_TEST_20260521_1413.json","35","[REDACTED_BY_DRY_RUN_WASH_SECRET_SURFACE_SAMPLE]"
"SECRET_SURFACE",".\Jxhnny_Kl33N_Seedz\COMMAND_CENTER\REMOTE_DOOR_RELAY_V2\RECEIPTS\REMOTE_DOOR_V2_LOCAL_SELF_TEST_20260521_143037.json","4","[REDACTED_BY_DRY_RUN_WASH_SECRET_SURFACE_SAMPLE]"
"SECRET_SURFACE",".\Jxhnny_Kl33N_Seedz\COMMAND_CENTER\REMOTE_DOOR_RELAY_V2\RECEIPTS\REMOTE_DOOR_V2_LOCAL_SELF_TEST_20260521_141302.json","4","[REDACTED_BY_DRY_RUN_WASH_SECRET_SURFACE_SAMPLE]"
"SECRET_SURFACE",".\Jxhnny_Kl33N_Seedz\COMMAND_CENTER\REMOTE_DOOR_RELAY_V2\RECEIPTS\REMOTE_DOOR_V2_LOCAL_SELF_TEST_20260521_141302.json","12","[REDACTED_BY_DRY_RUN_WASH_SECRET_SURFACE_SAMPLE]"
"SECRET_SURFACE",".\Jxhnny_Kl33N_Seedz\COMMAND_CENTER\REMOTE_DOOR_RELAY_V2\RECEIPTS\REMOTE_DOOR_V2_LOCAL_SELF_TEST_20260521_135212.json","4","[REDACTED_BY_DRY_RUN_WASH_SECRET_SURFACE_SAMPLE]"
"SECRET_SURFACE",".\_TOOLS_AND_SCRIPTS\SAVE_SCRIPTS\ROOT_CLEANOUT_SCRIPTS_20260530_200709\LOCK_SAVE_HELPER_GROWTH_CHAIN_FLIGHT_RECORDER_CHECKPOINT_V1.2.ps1","470","[REDACTED_BY_DRY_RUN_WASH_SECRET_SURFACE_SAMPLE]"
"SECRET_SURFACE",".\Jxhnny_Kl33N_Seedz\COMMAND_CENTER\REMOTE_DOOR_RELAY_V2\DOCS\REMOTE_DOOR_RELAY_V2_OPERATOR_GUIDE.md","15","[REDACTED_BY_DRY_RUN_WASH_SECRET_SURFACE_SAMPLE]"
"SECRET_SURFACE",".\Jxhnny_Kl33N_Seedz\COMMAND_CENTER\REMOTE_DOOR_RELAY_V2\DOCS\REMOTE_DOOR_RELAY_V2_OPERATOR_GUIDE.md","25","[REDACTED_BY_DRY_RUN_WASH_SECRET_SURFACE_SAMPLE]"
"SECRET_SURFACE",".\Jxhnny_Kl33N_Seedz\COMMAND_CENTER\REMOTE_DOOR_RELAY_V2\DOCS\REMOTE_DOOR_RELAY_V2_OPERATOR_GUIDE.md","33","[REDACTED_BY_DRY_RUN_WASH_SECRET_SURFACE_SAMPLE]"
"SECRET_SURFACE",".\Jxhnny_Kl33N_Seedz\COMMAND_CENTER\REMOTE_DOOR_RELAY_V2\DOCS\REMOTE_DOOR_RELAY_V2_OPERATOR_GUIDE.md","65","[REDACTED_BY_DRY_RUN_WASH_SECRET_SURFACE_SAMPLE]"
"SECRET_SURFACE",".\Jxhnny_Kl33N_Seedz\COMMAND_CENTER\REMOTE_DOOR_RELAY_V2\DOCS\REMOTE_DOOR_RELAY_V2_OPERATOR_GUIDE.md","66","[REDACTED_BY_DRY_RUN_WASH_SECRET_SURFACE_SAMPLE]"
"SECRET_SURFACE",".\Jxhnny_Kl33N_Seedz\COMMAND_CENTER\REMOTE_DOOR_RELAY_V2\DOCS\REMOTE_DOOR_RELAY_V2_OPERATOR_GUIDE.md","67","[REDACTED_BY_DRY_RUN_WASH_SECRET_SURFACE_SAMPLE]"
"SECRET_SURFACE",".\Jxhnny_Kl33N_Seedz\COMMAND_CENTER\REMOTE_DOOR_RELAY_V2\DOCS\REMOTE_DOOR_RELAY_V2_OPERATOR_GUIDE.md","68","[REDACTED_BY_DRY_RUN_WASH_SECRET_SURFACE_SAMPLE]"
"SECRET_SURFACE",".\Jxhnny_Kl33N_Seedz\COMMAND_CENTER\REMOTE_DOOR_RELAY_V2\DOCS\REMOTE_DOOR_RELAY_V2_CURRENT_STATE.md","13","[REDACTED_BY_DRY_RUN_WASH_SECRET_SURFACE_SAMPLE]"
"SECRET_SURFACE",".\Jxhnny_Kl33N_Seedz\COMMAND_CENTER\REMOTE_DOOR_RELAY_V2\DOCS\REMOTE_DOOR_RELAY_V2_CURRENT_STATE.md","56","[REDACTED_BY_DRY_RUN_WASH_SECRET_SURFACE_SAMPLE]"
"SECRET_SURFACE",".\Jxhnny_Kl33N_Seedz\COMMAND_CENTER\REMOTE_DOOR_RELAY_V2\DOCS\REMOTE_DOOR_RELAY_V2_CURRENT_STATE.md","68","[REDACTED_BY_DRY_RUN_WASH_SECRET_SURFACE_SAMPLE]"
"SECRET_SURFACE",".\Jxhnny_Kl33N_Seedz\COMMAND_CENTER\REMOTE_DOOR_RELAY_V2\DOCS\REMOTE_DOOR_RELAY_V2_CURRENT_STATE.md","70","[REDACTED_BY_DRY_RUN_WASH_SECRET_SURFACE_SAMPLE]"
"SECRET_SURFACE",".\Jxhnny_Kl33N_Seedz\COMMAND_CENTER\REMOTE_DOOR_RELAY_V2\BACKUPS_LOCAL_ONLY\V2F_PRE_EDIT_20260521_171010\SERVER\remote_door_v2_server.py","197","[REDACTED_BY_DRY_RUN_WASH_SECRET_SURFACE_SAMPLE]"
"SECRET_SURFACE",".\Jxhnny_Kl33N_Seedz\COMMAND_CENTER\REMOTE_DOOR_RELAY_V2\BACKUPS_LOCAL_ONLY\V2F_PRE_EDIT_20260521_171010\SERVER\remote_door_v2_server.py","198","[REDACTED_BY_DRY_RUN_WASH_SECRET_SURFACE_SAMPLE]"
"SECRET_SURFACE",".\Jxhnny_Kl33N_Seedz\COMMAND_CENTER\REMOTE_DOOR_RELAY_V2\BACKUPS_LOCAL_ONLY\V2F_PRE_EDIT_20260521_171010\SERVER\remote_door_v2_server.py","215","[REDACTED_BY_DRY_RUN_WASH_SECRET_SURFACE_SAMPLE]"
"SECRET_SURFACE",".\Jxhnny_Kl33N_Seedz\COMMAND_CENTER\REMOTE_DOOR_RELAY_V2\BACKUPS_LOCAL_ONLY\V2F_PRE_EDIT_20260521_171010\SERVER\remote_door_v2_server.py","217","[REDACTED_BY_DRY_RUN_WASH_SECRET_SURFACE_SAMPLE]"
"SECRET_SURFACE",".\Jxhnny_Kl33N_Seedz\COMMAND_CENTER\REMOTE_DOOR_RELAY_V2\BACKUPS_LOCAL_ONLY\V2F_PRE_EDIT_20260521_171010\SERVER\remote_door_v2_server.py","224","[REDACTED_BY_DRY_RUN_WASH_SECRET_SURFACE_SAMPLE]"
"SECRET_SURFACE",".\Jxhnny_Kl33N_Seedz\COMMAND_CENTER\REMOTE_DOOR_RELAY_V2\BACKUPS_LOCAL_ONLY\V2F_PRE_EDIT_20260521_171010\SERVER\remote_door_v2_server.py","229","[REDACTED_BY_DRY_RUN_WASH_SECRET_SURFACE_SAMPLE]"
"SECRET_SURFACE",".\Jxhnny_Kl33N_Seedz\COMMAND_CENTER\REMOTE_DOOR_RELAY_V2\BACKUPS_LOCAL_ONLY\V2F_PRE_EDIT_20260521_171010\SERVER\remote_door_v2_server.py","233","[REDACTED_BY_DRY_RUN_WASH_SECRET_SURFACE_SAMPLE]"
"SECRET_SURFACE",".\Jxhnny_Kl33N_Seedz\COMMAND_CENTER\REMOTE_DOOR_RELAY_V2\BACKUPS_LOCAL_ONLY\V2F_PRE_EDIT_20260521_171010\SERVER\remote_door_v2_server.py","240","[REDACTED_BY_DRY_RUN_WASH_SECRET_SURFACE_SAMPLE]"
"SECRET_SURFACE",".\Jxhnny_Kl33N_Seedz\COMMAND_CENTER\REMOTE_DOOR_RELAY_V2\BACKUPS_LOCAL_ONLY\V2F_PRE_EDIT_20260521_171010\SERVER\remote_door_v2_server.py","277","[REDACTED_BY_DRY_RUN_WASH_SECRET_SURFACE_SAMPLE]"
"SECRET_SURFACE",".\Jxhnny_Kl33N_Seedz\COMMAND_CENTER\REMOTE_DOOR_RELAY_V2\BACKUPS_LOCAL_ONLY\V2F_PRE_EDIT_20260521_171010\SERVER\remote_door_v2_server.py","280","[REDACTED_BY_DRY_RUN_WASH_SECRET_SURFACE_SAMPLE]"
"SECRET_SURFACE",".\Jxhnny_Kl33N_Seedz\COMMAND_CENTER\REMOTE_DOOR_RELAY_V2\BACKUPS_LOCAL_ONLY\V2F_PRE_EDIT_20260521_171010\SERVER\remote_door_v2_server.py","284","[REDACTED_BY_DRY_RUN_WASH_SECRET_SURFACE_SAMPLE]"
"SECRET_SURFACE",".\Jxhnny_Kl33N_Seedz\COMMAND_CENTER\REMOTE_DOOR_RELAY_V2\BACKUPS_LOCAL_ONLY\V2F_PRE_EDIT_20260521_171010\SERVER\remote_door_v2_server.py","294","[REDACTED_BY_DRY_RUN_WASH_SECRET_SURFACE_SAMPLE]"
"SECRET_SURFACE",".\Jxhnny_Kl33N_Seedz\COMMAND_CENTER\REMOTE_DOOR_RELAY_V2\BACKUPS_LOCAL_ONLY\V2F_PRE_EDIT_20260521_171010\SERVER\remote_door_v2_server.py","1083","[REDACTED_BY_DRY_RUN_WASH_SECRET_SURFACE_SAMPLE]"
"SECRET_SURFACE",".\Jxhnny_Kl33N_Seedz\COMMAND_CENTER\REMOTE_DOOR_RELAY_V2\BACKUPS_LOCAL_ONLY\V2F_PRE_EDIT_20260521_171010\SERVER\remote_door_v2_server.py","1086","[REDACTED_BY_DRY_RUN_WASH_SECRET_SURFACE_SAMPLE]"
"SECRET_SURFACE",".\Jxhnny_Kl33N_Seedz\COMMAND_CENTER\REMOTE_DOOR_RELAY_V2\BACKUPS_LOCAL_ONLY\V2F_PRE_EDIT_20260521_171010\DOCS\REMOTE_DOOR_RELAY_V2_OPERATOR_GUIDE.md","15","[REDACTED_BY_DRY_RUN_WASH_SECRET_SURFACE_SAMPLE]"
"SECRET_SURFACE",".\Jxhnny_Kl33N_Seedz\COMMAND_CENTER\REMOTE_DOOR_RELAY_V2\BACKUPS_LOCAL_ONLY\V2F_PRE_EDIT_20260521_171010\DOCS\REMOTE_DOOR_RELAY_V2_OPERATOR_GUIDE.md","25","[REDACTED_BY_DRY_RUN_WASH_SECRET_SURFACE_SAMPLE]"
"SECRET_SURFACE",".\Jxhnny_Kl33N_Seedz\COMMAND_CENTER\REMOTE_DOOR_RELAY_V2\BACKUPS_LOCAL_ONLY\V2F_PRE_EDIT_20260521_171010\DOCS\REMOTE_DOOR_RELAY_V2_OPERATOR_GUIDE.md","33","[REDACTED_BY_DRY_RUN_WASH_SECRET_SURFACE_SAMPLE]"
"SECRET_SURFACE",".\Jxhnny_Kl33N_Seedz\COMMAND_CENTER\REMOTE_DOOR_RELAY_V2\BACKUPS_LOCAL_ONLY\V2F_PRE_EDIT_20260521_171010\DOCS\REMOTE_DOOR_RELAY_V2_OPERATOR_GUIDE.md","51","[REDACTED_BY_DRY_RUN_WASH_SECRET_SURFACE_SAMPLE]"
