"Scope","Path","Family","FileName","PurposeGuess","Length","SHA256","Reads","Writes","Stages","Commits","Pushes","MovesDeletes","StartsProcessOrWatcher","ProtectedPathMention","FinalSentinelMention","PassMention","AuthorityTier","Status","Staleness","UnknownAuthorityForStressBench","RecommendedStressRow","DoesNotProve"
"TRACKED_REPO_HELPER_SURFACE","COMMAND_CENTER/SCRIPTS/INCOMING/PROVEN_SUIT_TOOL_IDEA_UNLOAD_READ_20260520.ps1","COMMAND_CENTER_INCOMING","PROVEN_SUIT_TOOL_IDEA_UNLOAD_READ_20260520.ps1","unknown helper/script surface","8376","AD17DFE89C621C707B43E2BB52D455A1679DE77AB34535340B8215285E7B7D3F","True","False","False","False","False","False","False","True","False","True","TIER_0_READ_ONLY_CANDIDATE","TRACKED_REPO_NOT_RUN","OLDER_TRACKED_CANDIDATE","true","ROW_LATER_READ_ONLY_CANDIDATE","Regex inventory only; no script was run and behavior is not proven."
"TRACKED_REPO_HELPER_SURFACE","HOUSE_WORK/WORK_SHED/GEAR_RACK/CHECK_INTAKE_GATE_KEY_HASH_JOIN_V1_1_20260530.ps1","WORK_SHED_SCRATCH_HELPERS","CHECK_INTAKE_GATE_KEY_HASH_JOIN_V1_1_20260530.ps1","verify/check/audit helper","724","2D30C59DA3144693B8353756A6FBB08169464A5F36C984BA82E64297A237E28C","True","False","False","False","False","False","False","True","False","False","TIER_0_READ_ONLY_CANDIDATE","SCRATCH_WORK_SHED_NOT_DURABLE","SCRATCH_OR_OLD_WORK_SHED","true","ROW_LATER_READ_ONLY_CANDIDATE","Regex inventory only; no script was run and behavior is not proven."
"TRACKED_REPO_HELPER_SURFACE","COMMAND_CENTER/CHILD_SHELL/HELPERS/HELPER_READ_CHILD_SHELL_STATUS_SUMMARY_LEVEL2.ps1","CHILD_SHELL_HELPERS","HELPER_READ_CHILD_SHELL_STATUS_SUMMARY_LEVEL2.ps1","read/status/inspect helper","6702","D716ED620552AC45A47B1678EA1CF44C865FC1F28D1E3079D06F86E81097587A","True","True","False","False","False","False","False","True","False","False","TIER_2_LOCAL_WRITE_BLOCKED","TRACKED_REPO_NOT_RUN","UNKNOWN_OR_MIXED_AGE","true","ROW_LATER_LOCAL_WRITE_AFTER_READ_ONLY_PROOF","Regex inventory only; no script was run and behavior is not proven."
"TRACKED_REPO_HELPER_SURFACE","COMMAND_CENTER/CHILD_SHELL/HELPERS/HELPER_RUN_BOUNDED_MR_KLEEN_SAVE_PACKAGE_LEVEL3.ps1","CHILD_SHELL_HELPERS","HELPER_RUN_BOUNDED_MR_KLEEN_SAVE_PACKAGE_LEVEL3.ps1","save gate or save helper","12009","631BCB8DF4D5AFAE018976C9FF171767AC97CB88A1849D2AC7FE10620DF8C47D","True","True","False","False","False","False","False","True","False","True","TIER_2_LOCAL_WRITE_BLOCKED","TRACKED_REPO_NOT_RUN","UNKNOWN_OR_MIXED_AGE","true","ROW_LATER_LOCAL_WRITE_AFTER_READ_ONLY_PROOF","Regex inventory only; no script was run and behavior is not proven."
"TRACKED_REPO_HELPER_SURFACE","COMMAND_CENTER/CHILD_SHELL/WATCHER/ENSURE_CHILD_SHELL_WATCHER_RUNNING.ps1","CHILD_SHELL_WATCHER","ENSURE_CHILD_SHELL_WATCHER_RUNNING.ps1","watcher-or-polling surface","2705","D2322D81EE126DF077F6F4B79526FFACAA7DF63EC873C1A4A74DEA65E6DEC449","True","True","False","False","False","False","False","False","False","True","TIER_2_LOCAL_WRITE_BLOCKED","TRACKED_REPO_NOT_RUN","ACTIVE_SURFACE_BLOCKED_FOR_STRESS_BENCH","true","ROW_LATER_LOCAL_WRITE_AFTER_READ_ONLY_PROOF","Regex inventory only; no script was run and behavior is not proven."
"TRACKED_REPO_HELPER_SURFACE","COMMAND_CENTER/CHILD_SHELL/WATCHER/STOP_CHILD_SHELL_WATCHER.ps1","CHILD_SHELL_WATCHER","STOP_CHILD_SHELL_WATCHER.ps1","watcher-or-polling surface","1168","F3AF060360B2A3447FE57A8CBDA1153FD19EBAC54A061DC2FD60F9E0B8D6DDBD","True","True","False","False","False","False","False","False","False","False","TIER_2_LOCAL_WRITE_BLOCKED","TRACKED_REPO_NOT_RUN","ACTIVE_SURFACE_BLOCKED_FOR_STRESS_BENCH","true","ROW_LATER_LOCAL_WRITE_AFTER_READ_ONLY_PROOF","Regex inventory only; no script was run and behavior is not proven."
"TRACKED_REPO_HELPER_SURFACE","COMMAND_CENTER/SCRIPTS/INCOMING/CLEAN_SEED_INSTALL_SCOPE_STATE_TRIGGER_LOCK.ps1","COMMAND_CENTER_INCOMING","CLEAN_SEED_INSTALL_SCOPE_STATE_TRIGGER_LOCK.ps1","installer/helper setup surface","1357073","184E5815346371654EBB981C6F1B1FEC314272F490377CA9738E1C2B74D9B4FF","True","True","False","False","False","False","False","True","False","True","TIER_2_LOCAL_WRITE_BLOCKED","TRACKED_REPO_NOT_RUN","UNKNOWN_OR_MIXED_AGE","true","ROW_LATER_LOCAL_WRITE_AFTER_READ_ONLY_PROOF","Regex inventory only; no script was run and behavior is not proven."
"TRACKED_REPO_HELPER_SURFACE","COMMAND_CENTER/SCRIPTS/INCOMING/CORRECTION_ROOT_FIX_SUIT_FIRST_SAVE_20260520.ps1","COMMAND_CENTER_INCOMING","CORRECTION_ROOT_FIX_SUIT_FIRST_SAVE_20260520.ps1","save gate or save helper","25374","E393F8A55F7C49F61A7146A217040D1B04A7D01A83F002FABAED6C555E7F512E","True","True","False","False","False","False","False","True","False","True","TIER_2_LOCAL_WRITE_BLOCKED","TRACKED_REPO_NOT_RUN","OLDER_TRACKED_CANDIDATE","true","ROW_LATER_LOCAL_WRITE_AFTER_READ_ONLY_PROOF","Regex inventory only; no script was run and behavior is not proven."
"TRACKED_REPO_HELPER_SURFACE","COMMAND_CENTER/SCRIPTS/INCOMING/DISCUSSION_IDEA_RULE_LOCK_SAVE_20260520.ps1","COMMAND_CENTER_INCOMING","DISCUSSION_IDEA_RULE_LOCK_SAVE_20260520.ps1","save gate or save helper","28239","36DD205AE274E15C75B2242D78AFD30C5F7FDF53C2AF07E5B41BC85482BF01D4","True","True","False","False","False","False","False","True","False","True","TIER_2_LOCAL_WRITE_BLOCKED","TRACKED_REPO_NOT_RUN","OLDER_TRACKED_CANDIDATE","true","ROW_LATER_LOCAL_WRITE_AFTER_READ_ONLY_PROOF","Regex inventory only; no script was run and behavior is not proven."
"TRACKED_REPO_HELPER_SURFACE","COMMAND_CENTER/SCRIPTS/INCOMING/HABIT_PATTERN_TRANSFER_LENS_SAVE_20260520.ps1","COMMAND_CENTER_INCOMING","HABIT_PATTERN_TRANSFER_LENS_SAVE_20260520.ps1","save gate or save helper","21833","347FADE25AA02F6578C9134236C4D9D511A6EC6F707A2F8C86B5EC80701E1952","True","True","False","False","False","False","False","True","False","True","TIER_2_LOCAL_WRITE_BLOCKED","TRACKED_REPO_NOT_RUN","OLDER_TRACKED_CANDIDATE","true","ROW_LATER_LOCAL_WRITE_AFTER_READ_ONLY_PROOF","Regex inventory only; no script was run and behavior is not proven."
"TRACKED_REPO_HELPER_SURFACE","COMMAND_CENTER/SCRIPTS/INCOMING/INSTALL_ASSISTANT_DOOR_RELAY_V1_20260521.ps1","COMMAND_CENTER_INCOMING","INSTALL_ASSISTANT_DOOR_RELAY_V1_20260521.ps1","installer/helper setup surface","19541","3072D81005C3B39C9CD33D09689D68D543A27A64438F26218B94F438E60C5319","True","True","False","False","False","False","False","True","False","True","TIER_2_LOCAL_WRITE_BLOCKED","TRACKED_REPO_NOT_RUN","OLDER_TRACKED_CANDIDATE","true","ROW_LATER_LOCAL_WRITE_AFTER_READ_ONLY_PROOF","Regex inventory only; no script was run and behavior is not proven."
"TRACKED_REPO_HELPER_SURFACE","COMMAND_CENTER/SCRIPTS/INCOMING/INSTALL_WATCHER_LIVENESS_STALE_PID_DURABILITY_20260521_082448.ps1","COMMAND_CENTER_INCOMING","INSTALL_WATCHER_LIVENESS_STALE_PID_DURABILITY_20260521_082448.ps1","watcher-or-polling surface","11807","C35CA71C64A65023B86696C35F76A1EE84D5478F7A8876EEAEE9D389082C503A","True","True","False","False","False","False","False","True","False","True","TIER_2_LOCAL_WRITE_BLOCKED","TRACKED_REPO_NOT_RUN","ACTIVE_SURFACE_BLOCKED_FOR_STRESS_BENCH","true","ROW_LATER_LOCAL_WRITE_AFTER_READ_ONLY_PROOF","Regex inventory only; no script was run and behavior is not proven."
"TRACKED_REPO_HELPER_SURFACE","COMMAND_CENTER/SCRIPTS/INCOMING/Install-PowerShellRemoting.ps1","COMMAND_CENTER_INCOMING","Install-PowerShellRemoting.ps1","installer/helper setup surface","23563","0BE8884CBD91DFF5652663CA06315E315037E4C9B4EBDFED3C5D4DFCFA287BC7","True","True","False","False","False","False","False","False","False","False","TIER_2_LOCAL_WRITE_BLOCKED","TRACKED_REPO_NOT_RUN","UNKNOWN_OR_MIXED_AGE","true","ROW_LATER_LOCAL_WRITE_AFTER_READ_ONLY_PROOF","Regex inventory only; no script was run and behavior is not proven."
"TRACKED_REPO_HELPER_SURFACE","COMMAND_CENTER/SCRIPTS/INCOMING/InstallPSCorePolicyDefinitions.ps1","COMMAND_CENTER_INCOMING","InstallPSCorePolicyDefinitions.ps1","installer/helper setup surface","17606","DBA54BD86DB341069B58361B687CAC53B09EC527134FB231B4EA36FD71F27A8D","True","True","False","False","False","False","False","False","False","False","TIER_2_LOCAL_WRITE_BLOCKED","TRACKED_REPO_NOT_RUN","UNKNOWN_OR_MIXED_AGE","true","ROW_LATER_LOCAL_WRITE_AFTER_READ_ONLY_PROOF","Regex inventory only; no script was run and behavior is not proven."
"TRACKED_REPO_HELPER_SURFACE","COMMAND_CENTER/SCRIPTS/INCOMING/LOCAL_MULE_BIG_OVERALL_JOB_PACKET_BUILDER_20260520.ps1","COMMAND_CENTER_INCOMING","LOCAL_MULE_BIG_OVERALL_JOB_PACKET_BUILDER_20260520.ps1","unknown helper/script surface","24027","4A8C8B26907CD08E1D1DDF5284AFC691DA5D0E138075766A9763FE10030A95B8","True","True","False","False","False","False","False","True","False","True","TIER_2_LOCAL_WRITE_BLOCKED","TRACKED_REPO_NOT_RUN","OLDER_TRACKED_CANDIDATE","true","ROW_LATER_LOCAL_WRITE_AFTER_READ_ONLY_PROOF","Regex inventory only; no script was run and behavior is not proven."
"TRACKED_REPO_HELPER_SURFACE","COMMAND_CENTER/SCRIPTS/INCOMING/MULE_RETURN_BIG_OVERALL_FULL_DISPOSITION_SAVE_20260520.ps1","COMMAND_CENTER_INCOMING","MULE_RETURN_BIG_OVERALL_FULL_DISPOSITION_SAVE_20260520.ps1","save gate or save helper","25639","042E0E3A25D5C78D498D7F1AB12F832CA7F5EF90F4EE6CE63F9683AB242C4CB5","True","True","False","False","False","False","False","True","False","True","TIER_2_LOCAL_WRITE_BLOCKED","TRACKED_REPO_NOT_RUN","OLDER_TRACKED_CANDIDATE","true","ROW_LATER_LOCAL_WRITE_AFTER_READ_ONLY_PROOF","Regex inventory only; no script was run and behavior is not proven."
"TRACKED_REPO_HELPER_SURFACE","COMMAND_CENTER/SCRIPTS/INCOMING/MULE_RETURN_KNOWN_PATH_IMPORT_SAVE_20260520.ps1","COMMAND_CENTER_INCOMING","MULE_RETURN_KNOWN_PATH_IMPORT_SAVE_20260520.ps1","save gate or save helper","22311","94E36691717A938149A784AEABC8181ABE05893FCD37825E3DB2F6AB66E4EA04","True","True","False","False","False","False","False","True","False","True","TIER_2_LOCAL_WRITE_BLOCKED","TRACKED_REPO_NOT_RUN","OLDER_TRACKED_CANDIDATE","true","ROW_LATER_LOCAL_WRITE_AFTER_READ_ONLY_PROOF","Regex inventory only; no script was run and behavior is not proven."
"TRACKED_REPO_HELPER_SURFACE","COMMAND_CENTER/SCRIPTS/INCOMING/MULE_RUN1.ps1","COMMAND_CENTER_INCOMING","MULE_RUN1.ps1","runner/execution surface","19953","58D7231631DA3C6C2E402BD45A69E43CBC444E5D34717DBF319B2AF5D9D197F8","True","True","False","False","False","False","False","True","False","True","TIER_2_LOCAL_WRITE_BLOCKED","TRACKED_REPO_NOT_RUN","UNKNOWN_OR_MIXED_AGE","true","ROW_LATER_LOCAL_WRITE_AFTER_READ_ONLY_PROOF","Regex inventory only; no script was run and behavior is not proven."
"TRACKED_REPO_HELPER_SURFACE","COMMAND_CENTER/SCRIPTS/INCOMING/NO_RULE_KING_BETTER_FIT_PROMOTION_20260520.ps1","COMMAND_CENTER_INCOMING","NO_RULE_KING_BETTER_FIT_PROMOTION_20260520.ps1","unknown helper/script surface","20633","3E0D8FA674B2A80E38E6A9CF6D135D9CFFE0B626C291312AA5900D417FB807E3","True","True","False","False","False","False","False","True","False","True","TIER_2_LOCAL_WRITE_BLOCKED","TRACKED_REPO_NOT_RUN","OLDER_TRACKED_CANDIDATE","true","ROW_LATER_LOCAL_WRITE_AFTER_READ_ONLY_PROOF","Regex inventory only; no script was run and behavior is not proven."
"TRACKED_REPO_HELPER_SURFACE","COMMAND_CENTER/SCRIPTS/INCOMING/RCE_REPORT_GATE_PARTIAL_LIVE_USE_SAVE_20260520.ps1","COMMAND_CENTER_INCOMING","RCE_REPORT_GATE_PARTIAL_LIVE_USE_SAVE_20260520.ps1","save gate or save helper","17480","EB0D301D5754511E0134689E1DC69103958A7001A682E8C610E7B696F554375B","True","True","False","False","False","False","False","True","False","True","TIER_2_LOCAL_WRITE_BLOCKED","TRACKED_REPO_NOT_RUN","OLDER_TRACKED_CANDIDATE","true","ROW_LATER_LOCAL_WRITE_AFTER_READ_ONLY_PROOF","Regex inventory only; no script was run and behavior is not proven."
"TRACKED_REPO_HELPER_SURFACE","COMMAND_CENTER/SCRIPTS/INCOMING/RELEVANT_ROOT_KEY_SELECTOR_FIRST_LIVE_USE_20260520.ps1","COMMAND_CENTER_INCOMING","RELEVANT_ROOT_KEY_SELECTOR_FIRST_LIVE_USE_20260520.ps1","unknown helper/script surface","19114","B82C1CA63B9AAE51F8620AF41159A651DF60F2EA1BEEB88C4265F97B021AA88F","True","True","False","False","False","False","False","True","False","True","TIER_2_LOCAL_WRITE_BLOCKED","TRACKED_REPO_NOT_RUN","OLDER_TRACKED_CANDIDATE","true","ROW_LATER_LOCAL_WRITE_AFTER_READ_ONLY_PROOF","Regex inventory only; no script was run and behavior is not proven."
"TRACKED_REPO_HELPER_SURFACE","COMMAND_CENTER/SCRIPTS/INCOMING/RELEVANT_ROOT_KEY_SELECTOR_FIRST_LIVE_USE_RECOVERY_20260520.ps1","COMMAND_CENTER_INCOMING","RELEVANT_ROOT_KEY_SELECTOR_FIRST_LIVE_USE_RECOVERY_20260520.ps1","unknown helper/script surface","21641","1A8FEC313D699FC132B72EDD907122839361CD3DC0D4692B7DDE1BC0F95D9B54","True","True","False","False","False","False","False","True","False","True","TIER_2_LOCAL_WRITE_BLOCKED","TRACKED_REPO_NOT_RUN","OLDER_TRACKED_CANDIDATE","true","ROW_LATER_LOCAL_WRITE_AFTER_READ_ONLY_PROOF","Regex inventory only; no script was run and behavior is not proven."
"TRACKED_REPO_HELPER_SURFACE","COMMAND_CENTER/SCRIPTS/INCOMING/RELEVANT_ROOT_KEY_SELECTOR_VARIED_LIVE_USE_SAVE_20260520.ps1","COMMAND_CENTER_INCOMING","RELEVANT_ROOT_KEY_SELECTOR_VARIED_LIVE_USE_SAVE_20260520.ps1","save gate or save helper","19509","2953350C8772781AE743D19AB44F8EC5DE0A53AEC2EDBB80AE805D86B63B6DE0","True","True","False","False","False","False","False","True","False","True","TIER_2_LOCAL_WRITE_BLOCKED","TRACKED_REPO_NOT_RUN","OLDER_TRACKED_CANDIDATE","true","ROW_LATER_LOCAL_WRITE_AFTER_READ_ONLY_PROOF","Regex inventory only; no script was run and behavior is not proven."
"TRACKED_REPO_HELPER_SURFACE","COMMAND_CENTER/SCRIPTS/INCOMING/RELEVANT_ROOT_KEY_TOOL_SELECTOR_20260520.ps1","COMMAND_CENTER_INCOMING","RELEVANT_ROOT_KEY_TOOL_SELECTOR_20260520.ps1","unknown helper/script surface","24069","114312B329F1F093A25C240E8A3C1B577A96571C094F2397D1A4FD795C64402F","True","True","False","False","False","False","False","True","False","True","TIER_2_LOCAL_WRITE_BLOCKED","TRACKED_REPO_NOT_RUN","OLDER_TRACKED_CANDIDATE","true","ROW_LATER_LOCAL_WRITE_AFTER_READ_ONLY_PROOF","Regex inventory only; no script was run and behavior is not proven."
"TRACKED_REPO_HELPER_SURFACE","COMMAND_CENTER/SCRIPTS/INCOMING/REPAIR_ASSISTANT_DOOR_RELAY_V1B_20260521.ps1","COMMAND_CENTER_INCOMING","REPAIR_ASSISTANT_DOOR_RELAY_V1B_20260521.ps1","repair helper","22013","9667FE30A1E7732185FB9E26462AF3C95526D2B48BF1D8428C6D75CB17ACB6FB","True","True","False","False","False","False","False","True","False","True","TIER_2_LOCAL_WRITE_BLOCKED","TRACKED_REPO_NOT_RUN","OLDER_TRACKED_CANDIDATE","true","ROW_LATER_LOCAL_WRITE_AFTER_READ_ONLY_PROOF","Regex inventory only; no script was run and behavior is not proven."
"TRACKED_REPO_HELPER_SURFACE","COMMAND_CENTER/SCRIPTS/INCOMING/REPAIR_ASSISTANT_DOOR_RELAY_V1C_20260521.ps1","COMMAND_CENTER_INCOMING","REPAIR_ASSISTANT_DOOR_RELAY_V1C_20260521.ps1","repair helper","23911","DB0CA9632F0C60F7BB54DB83B9885C3364E7A795025A3C830D948DF27F88489F","True","True","False","False","False","False","False","True","False","True","TIER_2_LOCAL_WRITE_BLOCKED","TRACKED_REPO_NOT_RUN","OLDER_TRACKED_CANDIDATE","true","ROW_LATER_LOCAL_WRITE_AFTER_READ_ONLY_PROOF","Regex inventory only; no script was run and behavior is not proven."
"TRACKED_REPO_HELPER_SURFACE","COMMAND_CENTER/SCRIPTS/INCOMING/RULE_FIRING_CARD_FIRST_LIVE_USE_SAVE_20260520.ps1","COMMAND_CENTER_INCOMING","RULE_FIRING_CARD_FIRST_LIVE_USE_SAVE_20260520.ps1","save gate or save helper","21558","7B355C264B6C6D36586D6EA89BB1A46C01BA3E2640FAA13BCEF83A387FF79DF3","True","True","False","False","False","False","False","True","False","True","TIER_2_LOCAL_WRITE_BLOCKED","TRACKED_REPO_NOT_RUN","OLDER_TRACKED_CANDIDATE","true","ROW_LATER_LOCAL_WRITE_AFTER_READ_ONLY_PROOF","Regex inventory only; no script was run and behavior is not proven."
"TRACKED_REPO_HELPER_SURFACE","COMMAND_CENTER/SCRIPTS/INCOMING/RULE_FIRING_ROOT_FIX_CONFIRMATION_GATE_SAVE_20260520.ps1","COMMAND_CENTER_INCOMING","RULE_FIRING_ROOT_FIX_CONFIRMATION_GATE_SAVE_20260520.ps1","save gate or save helper","24595","D7BDE9C6955D569F7CDC0D9D938C98CDFD639978EEFDD9C13BDEC0A889F119FA","True","True","False","False","False","False","False","True","False","True","TIER_2_LOCAL_WRITE_BLOCKED","TRACKED_REPO_NOT_RUN","OLDER_TRACKED_CANDIDATE","true","ROW_LATER_LOCAL_WRITE_AFTER_READ_ONLY_PROOF","Regex inventory only; no script was run and behavior is not proven."
"TRACKED_REPO_HELPER_SURFACE","COMMAND_CENTER/SCRIPTS/INCOMING/TODO_CONTROL_SURFACE_STALE_HEADING_REPAIR_SAVE_20260520.ps1","COMMAND_CENTER_INCOMING","TODO_CONTROL_SURFACE_STALE_HEADING_REPAIR_SAVE_20260520.ps1","save gate or save helper","19206","745801D62F6E492B950DFF35D482A4711DC89AD6753BD39E994291DBD3F7DD09","True","True","False","False","False","False","False","True","False","True","TIER_2_LOCAL_WRITE_BLOCKED","TRACKED_REPO_NOT_RUN","OLDER_TRACKED_CANDIDATE","true","ROW_LATER_LOCAL_WRITE_AFTER_READ_ONLY_PROOF","Regex inventory only; no script was run and behavior is not proven."
"TRACKED_REPO_HELPER_SURFACE","COMMAND_CENTER/SCRIPTS/INCOMING/TODO_STALE_FIX.ps1","COMMAND_CENTER_INCOMING","TODO_STALE_FIX.ps1","unknown helper/script surface","19206","745801D62F6E492B950DFF35D482A4711DC89AD6753BD39E994291DBD3F7DD09","True","True","False","False","False","False","False","True","False","True","TIER_2_LOCAL_WRITE_BLOCKED","TRACKED_REPO_NOT_RUN","UNKNOWN_OR_MIXED_AGE","true","ROW_LATER_LOCAL_WRITE_AFTER_READ_ONLY_PROOF","Regex inventory only; no script was run and behavior is not proven."
"TRACKED_REPO_HELPER_SURFACE","COMMAND_CENTER/SCRIPTS/INCOMING/WRITE_WHIRLPOOL_RUN_001_OUTPUTS.ps1","COMMAND_CENTER_INCOMING","WRITE_WHIRLPOOL_RUN_001_OUTPUTS.ps1","runner/execution surface","27345","B7ECF0D10968DBAF39408A5B3F0335E29829B2B8B5FE811480E8EAD2A2E9FF2D","True","True","False","False","False","False","False","True","False","True","TIER_2_LOCAL_WRITE_BLOCKED","TRACKED_REPO_NOT_RUN","UNKNOWN_OR_MIXED_AGE","true","ROW_LATER_LOCAL_WRITE_AFTER_READ_ONLY_PROOF","Regex inventory only; no script was run and behavior is not proven."
"TRACKED_REPO_HELPER_SURFACE","COMMAND_CENTER/ASSISTANT_DOOR_RELAY/TOOLS/DROP_CHAT_JOB_FROM_CLIPBOARD_V1.ps1","COMMAND_CENTER_OTHER","DROP_CHAT_JOB_FROM_CLIPBOARD_V1.ps1","unknown helper/script surface","2891","3D41600A5867B958BDD82D07F0CE15629827F11A9CA9820CD61A7637AF456B6C","True","True","False","False","False","False","False","False","False","True","TIER_2_LOCAL_WRITE_BLOCKED","TRACKED_REPO_NOT_RUN","UNKNOWN_OR_MIXED_AGE","true","ROW_LATER_LOCAL_WRITE_AFTER_READ_ONLY_PROOF","Regex inventory only; no script was run and behavior is not proven."
"TRACKED_REPO_HELPER_SURFACE","COMMAND_CENTER/SCRIPTS/SAVE_SCRIPTS/SAVE_NO_SOURCE_GETS_THRONE_SOURCE_VEIN_RULE_20260522.ps1","COMMAND_CENTER_SAVE_SCRIPTS","SAVE_NO_SOURCE_GETS_THRONE_SOURCE_VEIN_RULE_20260522.ps1","save gate or save helper","19900","7C62E929F73C3DAC002A4C511A112D993D7F6E44D87050E94C50B520B6EA0A8B","True","True","False","False","False","False","False","True","False","True","TIER_2_LOCAL_WRITE_BLOCKED","TRACKED_REPO_NOT_RUN","OLDER_TRACKED_CANDIDATE","true","ROW_LATER_LOCAL_WRITE_AFTER_READ_ONLY_PROOF","Regex inventory only; no script was run and behavior is not proven."
"LOCAL_PARKED_ROOT_HELPER","C:\Users\13527\Desktop\123\_TOOLS_AND_SCRIPTS\ROOT_LOOSE_HELPERS_20260603\COMMAND_GRAMMAR\RUN_COMMAND_GRAMMAR_STACK_INSPECTION_BEFORE_V0_6.ps1","COMMAND_GRAMMAR","RUN_COMMAND_GRAMMAR_STACK_INSPECTION_BEFORE_V0_6.ps1","runner/execution surface","15197","BE98B1D39598CA69948AAF5E22CCE5C15BFD97A090D3DD40DC517775D963DE69","True","True","False","False","False","False","False","True","False","True","TIER_2_LOCAL_WRITE_BLOCKED","PARKED_LOCAL_NOT_RUN","FRESH_PARKED_20260603","true","ROW_LATER_LOCAL_WRITE_AFTER_READ_ONLY_PROOF","Regex inventory only; no script was run and behavior is not proven."
"LOCAL_PARKED_ROOT_HELPER","C:\Users\13527\Desktop\123\_TOOLS_AND_SCRIPTS\ROOT_LOOSE_HELPERS_20260603\COMMAND_GRAMMAR\RUN_COMMAND_GRAMMAR_STACK_WARNING_REVIEW_BEFORE_V0_6.ps1","COMMAND_GRAMMAR","RUN_COMMAND_GRAMMAR_STACK_WARNING_REVIEW_BEFORE_V0_6.ps1","runner/execution surface","7868","F491A490FA368723F962161F5431F0A493266A49F535F0A5240ABDCDD2584534","True","True","False","False","False","False","False","True","False","False","TIER_2_LOCAL_WRITE_BLOCKED","PARKED_LOCAL_NOT_RUN","FRESH_PARKED_20260603","true","ROW_LATER_LOCAL_WRITE_AFTER_READ_ONLY_PROOF","Regex inventory only; no script was run and behavior is not proven."
"LOCAL_PARKED_ROOT_HELPER","C:\Users\13527\Desktop\123\_TOOLS_AND_SCRIPTS\ROOT_LOOSE_HELPERS_20260603\COMMAND_GRAMMAR\RUN_COMMAND_GRAMMAR_V0_2_ACTIVE_TASK_POINTER_DESIGN.ps1","COMMAND_GRAMMAR","RUN_COMMAND_GRAMMAR_V0_2_ACTIVE_TASK_POINTER_DESIGN.ps1","design/save support helper","13122","51439222C9EF82260E4302391FD7263AF4355750E9662C904724E15E93343E68","True","True","False","False","False","False","False","True","False","True","TIER_2_LOCAL_WRITE_BLOCKED","PARKED_LOCAL_NOT_RUN","FRESH_PARKED_20260603","true","ROW_LATER_LOCAL_WRITE_AFTER_READ_ONLY_PROOF","Regex inventory only; no script was run and behavior is not proven."
"LOCAL_PARKED_ROOT_HELPER","C:\Users\13527\Desktop\123\_TOOLS_AND_SCRIPTS\ROOT_LOOSE_HELPERS_20260603\COMMAND_GRAMMAR\RUN_COMMAND_GRAMMAR_V0_4_POINTER_READ_WRITE_RULES_DESIGN.ps1","COMMAND_GRAMMAR","RUN_COMMAND_GRAMMAR_V0_4_POINTER_READ_WRITE_RULES_DESIGN.ps1","design/save support helper","15062","0E449D04FCCC527AAEE582CE0888E74E9E34CA277FC79E4C9533CFDC60561A2A","True","True","False","False","False","False","False","True","False","True","TIER_2_LOCAL_WRITE_BLOCKED","PARKED_LOCAL_NOT_RUN","FRESH_PARKED_20260603","true","ROW_LATER_LOCAL_WRITE_AFTER_READ_ONLY_PROOF","Regex inventory only; no script was run and behavior is not proven."
"LOCAL_PARKED_ROOT_HELPER","C:\Users\13527\Desktop\123\_TOOLS_AND_SCRIPTS\ROOT_LOOSE_HELPERS_20260603\COMMAND_GRAMMAR\RUN_COMMAND_GRAMMAR_V0_5_FIRST_READ_ONLY_INSPECT_COMMAND_DESIGN.ps1","COMMAND_GRAMMAR","RUN_COMMAND_GRAMMAR_V0_5_FIRST_READ_ONLY_INSPECT_COMMAND_DESIGN.ps1","read/status/inspect helper","13995","E289BD259EA237E2FCA5DE339A7E0F500DA80AE19AF7C94A477904885EC454D3","True","True","False","False","False","False","False","True","False","True","TIER_2_LOCAL_WRITE_BLOCKED","PARKED_LOCAL_NOT_RUN","FRESH_PARKED_20260603","true","ROW_LATER_LOCAL_WRITE_AFTER_READ_ONLY_PROOF","Regex inventory only; no script was run and behavior is not proven."
"LOCAL_PARKED_ROOT_HELPER","C:\Users\13527\Desktop\123\_TOOLS_AND_SCRIPTS\ROOT_LOOSE_HELPERS_20260603\COMMAND_GRAMMAR\RUN_COMMAND_GRAMMAR_V0_6_GUARDED_LOCAL_ONLY_READ_IMPLEMENTATION_DESIGN.ps1","COMMAND_GRAMMAR","RUN_COMMAND_GRAMMAR_V0_6_GUARDED_LOCAL_ONLY_READ_IMPLEMENTATION_DESIGN.ps1","design/save support helper","20323","225180AC7B12EB50FC7F7001F8A780260C82914D03C0112C76D2C144BF39F8D3","True","True","False","False","False","False","False","True","False","True","TIER_2_LOCAL_WRITE_BLOCKED","PARKED_LOCAL_NOT_RUN","FRESH_PARKED_20260603","true","ROW_LATER_LOCAL_WRITE_AFTER_READ_ONLY_PROOF","Regex inventory only; no script was run and behavior is not proven."
"TRACKED_REPO_HELPER_SURFACE","GPT_PROMPTS_CUSTODY/20260522_213516/CUSTODY_ARCHIVE/_PACKAGE_INTAKE/COLLECT_INVALID_RECEIPTS_PROOF_SET_COPY_V1.0.ps1","GPT_PROMPTS_CUSTODY","COLLECT_INVALID_RECEIPTS_PROOF_SET_COPY_V1.0.ps1","unknown helper/script surface","7048","439BA3D8FEB7D4EA08EF853FE249C68F7251C1FF441703B2C0D9235E8E377D30","True","True","False","False","False","False","False","False","False","True","TIER_2_LOCAL_WRITE_BLOCKED","TRACKED_REPO_NOT_RUN","OLDER_TRACKED_CANDIDATE","true","ROW_LATER_LOCAL_WRITE_AFTER_READ_ONLY_PROOF","Regex inventory only; no script was run and behavior is not proven."
"TRACKED_REPO_HELPER_SURFACE","GPT_PROMPTS_CUSTODY/20260522_213516/CUSTODY_ARCHIVE/.GPT_PROMPTS_HOME/_PACKAGE_INTAKE/PROCESSED/20260522_204248/CHAT_GATE_SYSTEM_RESPECTFUL_SUIT_MAP_UPDATE/INSTALL_CHAT_GATE_SYSTEM_RESPECTFUL_SUIT_MAP_UPDATE.ps1","GPT_PROMPTS_CUSTODY","INSTALL_CHAT_GATE_SYSTEM_RESPECTFUL_SUIT_MAP_UPDATE.ps1","installer/helper setup surface","8633","98B1020FE1F56DBA95415DC970783467F6257D26A3A8522352D40680AC73F3AF","True","True","False","False","False","False","False","False","False","True","TIER_2_LOCAL_WRITE_BLOCKED","TRACKED_REPO_NOT_RUN","OLDER_TRACKED_CANDIDATE","true","ROW_LATER_LOCAL_WRITE_AFTER_READ_ONLY_PROOF","Regex inventory only; no script was run and behavior is not proven."
"TRACKED_REPO_HELPER_SURFACE","GPT_PROMPTS_CUSTODY/DOWNLOADS_LOOSE_CANDIDATES/20260523_001601/INSTALL_CHAT_SOFT_SUIT_CURRENT_AUTHORITY_FIX_READY_ONLY_STANDALONE.ps1","GPT_PROMPTS_CUSTODY","INSTALL_CHAT_SOFT_SUIT_CURRENT_AUTHORITY_FIX_READY_ONLY_STANDALONE.ps1","installer/helper setup surface","40476","116C8DD92588EB1E3FE45EBD2E402491C07C85AA48A53A3202210A4A33A78634","True","True","False","False","False","False","False","False","False","True","TIER_2_LOCAL_WRITE_BLOCKED","TRACKED_REPO_NOT_RUN","OLDER_TRACKED_CANDIDATE","true","ROW_LATER_LOCAL_WRITE_AFTER_READ_ONLY_PROOF","Regex inventory only; no script was run and behavior is not proven."
"TRACKED_REPO_HELPER_SURFACE","GPT_PROMPTS_CUSTODY/FRONT_DOOR_CLEANOUTS/FRONT_DOOR_CLEANOUT_20260522_225409/INSTALL_CHAT_SOFT_SUIT_CHAT_WEIGHT_RELEASE_LOCK.ps1","GPT_PROMPTS_CUSTODY","INSTALL_CHAT_SOFT_SUIT_CHAT_WEIGHT_RELEASE_LOCK.ps1","installer/helper setup surface","3334","4DBB4568CF7D47B978AC123FF993F317F16B22573CEF267253D446F6031BD568","True","True","False","False","False","False","False","False","False","True","TIER_2_LOCAL_WRITE_BLOCKED","TRACKED_REPO_NOT_RUN","OLDER_TRACKED_CANDIDATE","true","ROW_LATER_LOCAL_WRITE_AFTER_READ_ONLY_PROOF","Regex inventory only; no script was run and behavior is not proven."
"TRACKED_REPO_HELPER_SURFACE","GPT_PROMPTS_CUSTODY/TOOLS/VERIFY_CHAT_SOFT_SUIT_CURRENT_AUTHORITY_FIX.ps1","GPT_PROMPTS_CUSTODY","VERIFY_CHAT_SOFT_SUIT_CURRENT_AUTHORITY_FIX.ps1","verify/check/audit helper","2615","E93A19A0B6EF0ED64E5814D7E4E986E18F1DBB1558C03B830609E8FB59D83AA0","True","True","False","False","False","False","False","False","False","True","TIER_2_LOCAL_WRITE_BLOCKED","TRACKED_REPO_NOT_RUN","UNKNOWN_OR_MIXED_AGE","true","ROW_LATER_LOCAL_WRITE_AFTER_READ_ONLY_PROOF","Regex inventory only; no script was run and behavior is not proven."
"LOCAL_PARKED_ROOT_HELPER","C:\Users\13527\Desktop\123\_TOOLS_AND_SCRIPTS\ROOT_LOOSE_HELPERS_20260603\GUARD_REVIEW\RUN_GUARD_REVIEW_MICRO_002_VERIFIER_REPAIR_INPUT.ps1","GUARD_REVIEW","RUN_GUARD_REVIEW_MICRO_002_VERIFIER_REPAIR_INPUT.ps1","repair helper","19590","3DB19FE90D80EEA04EF8B024CAE94E6892D3CE4AE8C291DBF7DA1CCBD9A138B2","True","True","False","False","False","False","False","False","False","True","TIER_2_LOCAL_WRITE_BLOCKED","PARKED_LOCAL_NOT_RUN","FRESH_PARKED_20260603","true","ROW_LATER_LOCAL_WRITE_AFTER_READ_ONLY_PROOF","Regex inventory only; no script was run and behavior is not proven."
"LOCAL_PARKED_ROOT_HELPER","C:\Users\13527\Desktop\123\_TOOLS_AND_SCRIPTS\ROOT_LOOSE_HELPERS_20260603\GUARD_REVIEW\RUN_GUARD_REVIEW_MICRO_003_INSPECT_FACE_INPUT.ps1","GUARD_REVIEW","RUN_GUARD_REVIEW_MICRO_003_INSPECT_FACE_INPUT.ps1","runner/execution surface","18618","8E93F3EFFCC7464BF1D6184D1B7331F6604E0B10D64C16694725F28C1FE372B2","True","True","False","False","False","False","False","False","False","True","TIER_2_LOCAL_WRITE_BLOCKED","PARKED_LOCAL_NOT_RUN","FRESH_PARKED_20260603","true","ROW_LATER_LOCAL_WRITE_AFTER_READ_ONLY_PROOF","Regex inventory only; no script was run and behavior is not proven."
"LOCAL_PARKED_ROOT_HELPER","C:\Users\13527\Desktop\123\_TOOLS_AND_SCRIPTS\ROOT_LOOSE_HELPERS_20260603\HOUSE_DOCK\RUN_VERIFY_HOUSE_DOCK_MICRO_003_INSPECT_FACE_OUTPUT.ps1","HOUSE_DOCK","RUN_VERIFY_HOUSE_DOCK_MICRO_003_INSPECT_FACE_OUTPUT.ps1","runner/execution surface","10430","E0EF746BB9C6346749B29CE0AFD20F75C4588893F43E78EC03607ECBC4001B2C","True","True","False","False","False","False","False","False","False","True","TIER_2_LOCAL_WRITE_BLOCKED","PARKED_LOCAL_NOT_RUN","FRESH_PARKED_20260603","true","ROW_LATER_LOCAL_WRITE_AFTER_READ_ONLY_PROOF","Regex inventory only; no script was run and behavior is not proven."
"TRACKED_REPO_HELPER_SURFACE","HOUSE_WORK/GATE_RINGS/MASTER_500_GATE_RING_20260524/BUILD_MASTER_GATE_RING_20260524.ps1","HOUSE_GATE_RINGS","BUILD_MASTER_GATE_RING_20260524.ps1","unknown helper/script surface","28177","9610462964F49C793DB25E63BA6E598FC66733A568C040E83B60988756CB1B2C","True","True","False","False","False","False","False","True","False","True","TIER_2_LOCAL_WRITE_BLOCKED","TRACKED_REPO_NOT_RUN","OLDER_TRACKED_CANDIDATE","true","ROW_LATER_LOCAL_WRITE_AFTER_READ_ONLY_PROOF","Regex inventory only; no script was run and behavior is not proven."
"TRACKED_REPO_HELPER_SURFACE","HOUSE_WORK/GATE_RINGS/MASTER_500_GATE_RING_20260524/PRE_EXPANSION_BASELINE_20260524_225710/BUILD_MASTER_GATE_RING_20260524.ps1","HOUSE_GATE_RINGS","BUILD_MASTER_GATE_RING_20260524.ps1","unknown helper/script surface","28177","9610462964F49C793DB25E63BA6E598FC66733A568C040E83B60988756CB1B2C","True","True","False","False","False","False","False","True","False","True","TIER_2_LOCAL_WRITE_BLOCKED","TRACKED_REPO_NOT_RUN","OLDER_TRACKED_CANDIDATE","true","ROW_LATER_LOCAL_WRITE_AFTER_READ_ONLY_PROOF","Regex inventory only; no script was run and behavior is not proven."
"TRACKED_REPO_HELPER_SURFACE","HOUSE_WORK/GATE_RINGS/MASTER_EXPANDED_GATE_RING_20260524/BUILD_MASTER_EXPANDED_GATE_RING_20260524.ps1","HOUSE_GATE_RINGS","BUILD_MASTER_EXPANDED_GATE_RING_20260524.ps1","unknown helper/script surface","74722","2E351D9AB1C1CCD0A2FCEEF8F74E179CD2DBE7A4707F1F1AB78F11F45B609DA6","True","True","False","False","False","False","False","True","False","True","TIER_2_LOCAL_WRITE_BLOCKED","TRACKED_REPO_NOT_RUN","OLDER_TRACKED_CANDIDATE","true","ROW_LATER_LOCAL_WRITE_AFTER_READ_ONLY_PROOF","Regex inventory only; no script was run and behavior is not proven."
"TRACKED_REPO_HELPER_SURFACE","HOUSE_WORK/GATE_RINGS/MASTER_EXPANDED_GATE_RING_20260524/PRE_RUN2_BASELINE_20260524_233000/BUILD_MASTER_EXPANDED_GATE_RING_20260524.ps1","HOUSE_GATE_RINGS","BUILD_MASTER_EXPANDED_GATE_RING_20260524.ps1","unknown helper/script surface","74722","2E351D9AB1C1CCD0A2FCEEF8F74E179CD2DBE7A4707F1F1AB78F11F45B609DA6","True","True","False","False","False","False","False","True","False","True","TIER_2_LOCAL_WRITE_BLOCKED","TRACKED_REPO_NOT_RUN","OLDER_TRACKED_CANDIDATE","true","ROW_LATER_LOCAL_WRITE_AFTER_READ_ONLY_PROOF","Regex inventory only; no script was run and behavior is not proven."
"TRACKED_REPO_HELPER_SURFACE","HOUSE_WORK/TOOLS/Invoke-PastWeekIdeaConceptCapture.ps1","HOUSE_WORK_TOOLS","Invoke-PastWeekIdeaConceptCapture.ps1","unknown helper/script surface","21183","DF81626917883F5B49B4CF81E3134C2CF00F1544F5F6EDEAB8F42FE7EF4E26F7","True","True","False","False","False","False","False","True","False","False","TIER_2_LOCAL_WRITE_BLOCKED","TRACKED_REPO_NOT_RUN","UNKNOWN_OR_MIXED_AGE","true","ROW_LATER_LOCAL_WRITE_AFTER_READ_ONLY_PROOF","Regex inventory only; no script was run and behavior is not proven."
"TRACKED_REPO_HELPER_SURFACE","HOUSE_WORK/TOOLS/Invoke-PastWeekIdeaConceptSynthesis.ps1","HOUSE_WORK_TOOLS","Invoke-PastWeekIdeaConceptSynthesis.ps1","unknown helper/script surface","14452","49667DC89EEF949A679598DBD642E74B076ECA09C52A4DCDA1F310FC6D951B81","True","True","False","False","False","False","False","True","False","False","TIER_2_LOCAL_WRITE_BLOCKED","TRACKED_REPO_NOT_RUN","UNKNOWN_OR_MIXED_AGE","true","ROW_LATER_LOCAL_WRITE_AFTER_READ_ONLY_PROOF","Regex inventory only; no script was run and behavior is not proven."
"TRACKED_REPO_HELPER_SURFACE","HOUSE_WORK/TOOLS/Invoke-SystemAlignmentRoomCheck.ps1","HOUSE_WORK_TOOLS","Invoke-SystemAlignmentRoomCheck.ps1","verify/check/audit helper","8838","A0F21FB400B62A238EB888AC5E216B5C5F44CDB5CBF69572517137B17B9ED29B","True","True","False","False","False","False","False","True","False","False","TIER_2_LOCAL_WRITE_BLOCKED","TRACKED_REPO_NOT_RUN","UNKNOWN_OR_MIXED_AGE","true","ROW_LATER_LOCAL_WRITE_AFTER_READ_ONLY_PROOF","Regex inventory only; no script was run and behavior is not proven."
"TRACKED_REPO_HELPER_SURFACE","INSTALLERS/COMMAND_MAP_HOUSEKEEPING_LOCK/Install_CleanSeed_Command_Map_Housekeeping_Lock.ps1","INSTALLERS","Install_CleanSeed_Command_Map_Housekeeping_Lock.ps1","installer/helper setup surface","33972","B1786D3DE48A25AB79254FE0A531684B60BAFF34A9705D31334B1E443DC050C6","True","True","False","False","False","False","False","True","False","True","TIER_2_LOCAL_WRITE_BLOCKED","TRACKED_REPO_NOT_RUN","UNKNOWN_OR_MIXED_AGE","true","ROW_LATER_LOCAL_WRITE_AFTER_READ_ONLY_PROOF","Regex inventory only; no script was run and behavior is not proven."
"TRACKED_REPO_HELPER_SURFACE","MAIL_ROOM/TOOLS/PICKUP_TO_MAIL_ROOM.ps1","MAIL_ROOM_TOOLS","PICKUP_TO_MAIL_ROOM.ps1","unknown helper/script surface","2679","D5D06A227AC60272132C504E256A0DB9AB2F60A9E8A7FAA1E990780396DEB78C","True","True","False","False","False","False","False","False","False","True","TIER_2_LOCAL_WRITE_BLOCKED","TRACKED_REPO_NOT_RUN","UNKNOWN_OR_MIXED_AGE","true","ROW_LATER_LOCAL_WRITE_AFTER_READ_ONLY_PROOF","Regex inventory only; no script was run and behavior is not proven."
"TRACKED_REPO_HELPER_SURFACE","MAIL_ROOM/TOOLS/RECEIVE_PACKAGE_FROM_CLIPBOARD.ps1","MAIL_ROOM_TOOLS","RECEIVE_PACKAGE_FROM_CLIPBOARD.ps1","unknown helper/script surface","2634","0AD1B3D48029B4E832179D13FBE571B5A77A89B75992FBBAD0D0EC29C22A8213","True","True","False","False","False","False","False","False","False","True","TIER_2_LOCAL_WRITE_BLOCKED","TRACKED_REPO_NOT_RUN","UNKNOWN_OR_MIXED_AGE","true","ROW_LATER_LOCAL_WRITE_AFTER_READ_ONLY_PROOF","Regex inventory only; no script was run and behavior is not proven."
"TRACKED_REPO_HELPER_SURFACE","MAIL_ROOM/TOOLS/WATCH_INCOMING_PACKAGE_FILES_ONCE.ps1","MAIL_ROOM_TOOLS","WATCH_INCOMING_PACKAGE_FILES_ONCE.ps1","watcher-or-polling surface","2722","97C63E95736DCB88A68A5CFB9FED4FDCA28D44E1D7828F3EEA820C99ABC0C60F","True","True","False","False","False","False","False","False","False","False","TIER_2_LOCAL_WRITE_BLOCKED","TRACKED_REPO_NOT_RUN","UNKNOWN_OR_MIXED_AGE","true","ROW_LATER_LOCAL_WRITE_AFTER_READ_ONLY_PROOF","Regex inventory only; no script was run and behavior is not proven."
"LOCAL_PARKED_ROOT_HELPER","C:\Users\13527\Desktop\123\_TOOLS_AND_SCRIPTS\ROOT_LOOSE_HELPERS_20260603\OTHER_ROUTING_AND_DECISION\RUN_ACTIVE_TASK_POINTER_ROUTE_DECISION_CARD.ps1","OTHER_ROUTING_AND_DECISION","RUN_ACTIVE_TASK_POINTER_ROUTE_DECISION_CARD.ps1","runner/execution surface","18681","7FB120917437C1AF54F2B6DE86626E74B4D737EE0B4E504BA8610FB9D3C80368","True","True","False","False","False","False","False","True","False","True","TIER_2_LOCAL_WRITE_BLOCKED","PARKED_LOCAL_NOT_RUN","FRESH_PARKED_20260603","true","ROW_LATER_LOCAL_WRITE_AFTER_READ_ONLY_PROOF","Regex inventory only; no script was run and behavior is not proven."
"LOCAL_PARKED_ROOT_HELPER","C:\Users\13527\Desktop\123\_TOOLS_AND_SCRIPTS\ROOT_LOOSE_HELPERS_20260603\OTHER_ROUTING_AND_DECISION\RUN_READ_ONLY_INSPECT_ACTIVE_TASK_IMPLEMENTATION_DECISION_CARD.ps1","OTHER_ROUTING_AND_DECISION","RUN_READ_ONLY_INSPECT_ACTIVE_TASK_IMPLEMENTATION_DECISION_CARD.ps1","read/status/inspect helper","14852","50D78F1F6D721897F7CDD591AC716112B4306BC6834D297B0849D427DCEC69F5","True","True","False","False","False","False","False","True","False","False","TIER_2_LOCAL_WRITE_BLOCKED","PARKED_LOCAL_NOT_RUN","FRESH_PARKED_20260603","true","ROW_LATER_LOCAL_WRITE_AFTER_READ_ONLY_PROOF","Regex inventory only; no script was run and behavior is not proven."
"TRACKED_REPO_HELPER_SURFACE","cleanseed_phase1_sizefirst_triage.ps1","OTHER_TRACKED_PS1","cleanseed_phase1_sizefirst_triage.ps1","unknown helper/script surface","7580","E92D81D2DD55F8E427C1FAD76C5F71805321CA95EDA9B7E7CAB8073624D1128E","True","True","False","False","False","False","False","True","False","False","TIER_2_LOCAL_WRITE_BLOCKED","TRACKED_REPO_NOT_RUN","UNKNOWN_OR_MIXED_AGE","true","ROW_LATER_LOCAL_WRITE_AFTER_READ_ONLY_PROOF","Regex inventory only; no script was run and behavior is not proven."
"TRACKED_REPO_HELPER_SURFACE","TOOLS/PORCH_DROPPED_HELPER_SCRIPTS_20260523/BROAD_COMMAND_TRIGGER_LIST_SAVE_RUNNERS_20260523/SAVE_BROAD_COMMAND_TRIGGER_LIST_TO_GIT_V1.ps1","PORCH_DROPPED_HELPERS","SAVE_BROAD_COMMAND_TRIGGER_LIST_TO_GIT_V1.ps1","save gate or save helper","11931","E7AAABC3962789238AF891220374DD5FE7CD56D55F20A9371C09DB93594896ED","True","True","False","False","False","False","False","True","False","False","TIER_2_LOCAL_WRITE_BLOCKED","TRACKED_REPO_NOT_RUN","OLDER_TRACKED_CANDIDATE","true","ROW_LATER_LOCAL_WRITE_AFTER_READ_ONLY_PROOF","Regex inventory only; no script was run and behavior is not proven."
"TRACKED_REPO_HELPER_SURFACE","PORCH_SORTING_TABLE/FRONT_DOOR_CLEANOUT_V1.1_20260523_035152/SCRIPTS/UPDATE_LOCAL_123_MULE_PACKET_GATE_ORDER_REVIEW_V1.ps1","PORCH_SORTING_TABLE_SCRIPTS","UPDATE_LOCAL_123_MULE_PACKET_GATE_ORDER_REVIEW_V1.ps1","unknown helper/script surface","10917","3D6DDA19218B7513EC4EDBD2701ED199C50A92C1DED0275F573B386D8EE141ED","True","True","False","False","False","False","False","True","False","True","TIER_2_LOCAL_WRITE_BLOCKED","TRACKED_REPO_NOT_RUN","OLDER_TRACKED_CANDIDATE","true","ROW_LATER_LOCAL_WRITE_AFTER_READ_ONLY_PROOF","Regex inventory only; no script was run and behavior is not proven."
"TRACKED_REPO_HELPER_SURFACE","PORCH_WATCHER/TOOLS/RUN_PORCH_MOVE_DROPPER_ONCE.ps1","PORCH_WATCHER_TOOLS","RUN_PORCH_MOVE_DROPPER_ONCE.ps1","watcher-or-polling surface","880","266F0DDBB5769769263984A22C0BCAD31147A9A93BADA0F24A9F8F488F0A5048","True","True","False","False","False","False","False","False","False","False","TIER_2_LOCAL_WRITE_BLOCKED","TRACKED_REPO_NOT_RUN","ACTIVE_SURFACE_BLOCKED_FOR_STRESS_BENCH","true","ROW_LATER_LOCAL_WRITE_AFTER_READ_ONLY_PROOF","Regex inventory only; no script was run and behavior is not proven."
"LOCAL_PARKED_ROOT_HELPER","C:\Users\13527\Desktop\123\_TOOLS_AND_SCRIPTS\ROOT_LOOSE_HELPERS_20260603\READ_ONLY_INSPECT\READ_ONLY_INSPECT_ACTIVE_TASK_V0_COLOR_V1_1.ps1","READ_ONLY_INSPECT","READ_ONLY_INSPECT_ACTIVE_TASK_V0_COLOR_V1_1.ps1","read/status/inspect helper","20289","C859EF0D3626C2562EF0EEF4F0D76348BDA01DC0F70D42E784CB40AE34FA5DAF","True","True","False","False","False","False","False","True","False","True","TIER_2_LOCAL_WRITE_BLOCKED","PARKED_LOCAL_NOT_RUN","FRESH_PARKED_20260603","true","ROW_001_VARIANT_COLOR_V1_1","Regex inventory only; no script was run and behavior is not proven."
"LOCAL_PARKED_ROOT_HELPER","C:\Users\13527\Desktop\123\_TOOLS_AND_SCRIPTS\ROOT_LOOSE_HELPERS_20260603\READ_ONLY_INSPECT\READ_ONLY_INSPECT_ACTIVE_TASK_V0_COLOR_V1.ps1","READ_ONLY_INSPECT","READ_ONLY_INSPECT_ACTIVE_TASK_V0_COLOR_V1.ps1","read/status/inspect helper","20236","2C4F089D2A102FA6346BFA752CD80C0D7BF6353944F9557BCDE6B3A5486A796D","True","True","False","False","False","False","False","True","False","True","TIER_2_LOCAL_WRITE_BLOCKED","PARKED_LOCAL_NOT_RUN","FRESH_PARKED_20260603","true","ROW_001_VARIANT_COLOR_V1","Regex inventory only; no script was run and behavior is not proven."
"LOCAL_PARKED_ROOT_HELPER","C:\Users\13527\Desktop\123\_TOOLS_AND_SCRIPTS\ROOT_LOOSE_HELPERS_20260603\READ_ONLY_INSPECT\READ_ONLY_INSPECT_ACTIVE_TASK_V0.ps1","READ_ONLY_INSPECT","READ_ONLY_INSPECT_ACTIVE_TASK_V0.ps1","read/status/inspect helper","17455","343B84EC0F81A813829D4FFC059C7563AC5B0128021BB26B6D2DCF0E753F7B84","True","True","False","False","False","False","False","True","False","True","TIER_2_LOCAL_WRITE_BLOCKED","PARKED_LOCAL_NOT_RUN","FRESH_PARKED_20260603","true","ROW_001_BASE_READ_ONLY_INSPECT","Regex inventory only; no script was run and behavior is not proven."
"TRACKED_REPO_HELPER_SURFACE","COMMAND_CENTER/REMOTE_DOOR_RELAY_V2/BACKUPS_LOCAL_ONLY/V2E_PRE_EDIT_20260521_160108/TOOLS/TEST_REMOTE_DOOR_V2_LOCAL_SELF_TEST.ps1","REMOTE_DOOR_RELAY","TEST_REMOTE_DOOR_V2_LOCAL_SELF_TEST.ps1","unknown helper/script surface","6116","3BD5913BD4FE60EC96750A6157E5493252491ACBDC07EFE613FF20C5EAFCD47C","False","True","False","False","False","False","False","False","False","True","TIER_2_LOCAL_WRITE_BLOCKED","TRACKED_REPO_NOT_RUN","ACTIVE_SURFACE_BLOCKED_FOR_STRESS_BENCH","true","ROW_LATER_LOCAL_WRITE_AFTER_READ_ONLY_PROOF","Regex inventory only; no script was run and behavior is not proven."
"TRACKED_REPO_HELPER_SURFACE","COMMAND_CENTER/REMOTE_DOOR_RELAY_V2/TOOLS/RESET_REMOTE_DOOR_V2_PRINT_LOCAL_ONLY.ps1","REMOTE_DOOR_RELAY","RESET_REMOTE_DOOR_V2_PRINT_LOCAL_ONLY.ps1","unknown helper/script surface","9166","5CFCE6E18B609B43CFB3F9D2B57715FDA32494A601133DB07A32B8BEDF50C6EE","True","True","False","False","False","False","False","False","False","True","TIER_2_LOCAL_WRITE_BLOCKED","TRACKED_REPO_NOT_RUN","ACTIVE_SURFACE_BLOCKED_FOR_STRESS_BENCH","true","ROW_LATER_LOCAL_WRITE_AFTER_READ_ONLY_PROOF","Regex inventory only; no script was run and behavior is not proven."
"TRACKED_REPO_HELPER_SURFACE","HOUSE_WORK/WORK_SHED/GEAR_RACK/APPLY_PATH_CLASS_REVIEW_REPAIR_PACKET_V1_20260530.ps1","WORK_SHED_SCRATCH_HELPERS","APPLY_PATH_CLASS_REVIEW_REPAIR_PACKET_V1_20260530.ps1","repair helper","23143","D1244F071AD142718957B217313320595E11227C511CF8232714D74D0423E95F","True","True","False","False","False","False","False","True","False","False","TIER_2_LOCAL_WRITE_BLOCKED","SCRATCH_WORK_SHED_NOT_DURABLE","SCRATCH_OR_OLD_WORK_SHED","true","ROW_LATER_LOCAL_WRITE_AFTER_READ_ONLY_PROOF","Regex inventory only; no script was run and behavior is not proven."
"TRACKED_REPO_HELPER_SURFACE","HOUSE_WORK/WORK_SHED/GEAR_RACK/BUILD_PATH_CLASS_WATCH_ROW_REPAIR_PACKET_V1_20260530.ps1","WORK_SHED_SCRATCH_HELPERS","BUILD_PATH_CLASS_WATCH_ROW_REPAIR_PACKET_V1_20260530.ps1","watcher-or-polling surface","21404","B3CCDB780E682612D61D2F1733E1DD05B6BAD71E80C7C9C06182EF69329142D5","True","True","False","False","False","False","False","True","False","False","TIER_2_LOCAL_WRITE_BLOCKED","SCRATCH_WORK_SHED_NOT_DURABLE","SCRATCH_OR_OLD_WORK_SHED","true","ROW_LATER_LOCAL_WRITE_AFTER_READ_ONLY_PROOF","Regex inventory only; no script was run and behavior is not proven."
"TRACKED_REPO_HELPER_SURFACE","HOUSE_WORK/WORK_SHED/GEAR_RACK/CHECK_INTAKE_GATE_KEY_HASH_JOIN_V1_20260530.ps1","WORK_SHED_SCRATCH_HELPERS","CHECK_INTAKE_GATE_KEY_HASH_JOIN_V1_20260530.ps1","verify/check/audit helper","10349","54A827F3A1A8FE32C348CAB365FD2B1707D793AFCEE485E822A6E91DA00ADEAB","True","True","False","False","False","False","False","True","False","True","TIER_2_LOCAL_WRITE_BLOCKED","SCRATCH_WORK_SHED_NOT_DURABLE","SCRATCH_OR_OLD_WORK_SHED","true","ROW_LATER_LOCAL_WRITE_AFTER_READ_ONLY_PROOF","Regex inventory only; no script was run and behavior is not proven."
"TRACKED_REPO_HELPER_SURFACE","HOUSE_WORK/WORK_SHED/GEAR_RACK/CHECK_ROOT_LAYER_SKIPPED_ISSUE_HISTORY_V1_20260530.ps1","WORK_SHED_SCRATCH_HELPERS","CHECK_ROOT_LAYER_SKIPPED_ISSUE_HISTORY_V1_20260530.ps1","verify/check/audit helper","11241","8F66D1ADA664302276EF62B0E56A5210B23FB0F824C94831C328172836BA6560","True","True","False","False","False","False","False","True","False","True","TIER_2_LOCAL_WRITE_BLOCKED","SCRATCH_WORK_SHED_NOT_DURABLE","SCRATCH_OR_OLD_WORK_SHED","true","ROW_LATER_LOCAL_WRITE_AFTER_READ_ONLY_PROOF","Regex inventory only; no script was run and behavior is not proven."
"TRACKED_REPO_HELPER_SURFACE","HOUSE_WORK/WORK_SHED/GEAR_RACK/RUN_CLAIM_CAPABILITY_CANDIDATE_SAVE_PACKET_V1_20260531.ps1","WORK_SHED_SCRATCH_HELPERS","RUN_CLAIM_CAPABILITY_CANDIDATE_SAVE_PACKET_V1_20260531.ps1","save gate or save helper","5995","F187713912E308E540B4CDF9D645B9845D79F3BB41CC109B2226FC8E46FB556B","True","True","False","False","False","False","False","True","False","True","TIER_2_LOCAL_WRITE_BLOCKED","SCRATCH_WORK_SHED_NOT_DURABLE","SCRATCH_OR_OLD_WORK_SHED","true","ROW_LATER_LOCAL_WRITE_AFTER_READ_ONLY_PROOF","Regex inventory only; no script was run and behavior is not proven."
"TRACKED_REPO_HELPER_SURFACE","HOUSE_WORK/WORK_SHED/GEAR_RACK/RUN_CLAIM_CAPABILITY_LIVE_REPLAY_V1_20260531.ps1","WORK_SHED_SCRATCH_HELPERS","RUN_CLAIM_CAPABILITY_LIVE_REPLAY_V1_20260531.ps1","runner/execution surface","6579","5E5473A2B169FE99B44563D85B3D627E33A76BAAEED275DA6410C753A7285878","True","True","False","False","False","False","False","True","False","True","TIER_2_LOCAL_WRITE_BLOCKED","SCRATCH_WORK_SHED_NOT_DURABLE","SCRATCH_OR_OLD_WORK_SHED","true","ROW_LATER_LOCAL_WRITE_AFTER_READ_ONLY_PROOF","Regex inventory only; no script was run and behavior is not proven."
"TRACKED_REPO_HELPER_SURFACE","HOUSE_WORK/WORK_SHED/TOOLS/SOURCE_WASH/RUN_SOURCE_WASH_FULL_CYCLE_V1_3.ps1","WORK_SHED_SCRATCH_HELPERS","RUN_SOURCE_WASH_FULL_CYCLE_V1_3.ps1","runner/execution surface","34878","77259FE0372BB42AA8BFA49D77FDC5D97178532D898D4449D7F54ED057746440","True","True","False","False","False","False","False","True","False","True","TIER_2_LOCAL_WRITE_BLOCKED","SCRATCH_WORK_SHED_NOT_DURABLE","SCRATCH_OR_OLD_WORK_SHED","true","ROW_LATER_LOCAL_WRITE_AFTER_READ_ONLY_PROOF","Regex inventory only; no script was run and behavior is not proven."
"TRACKED_REPO_HELPER_SURFACE","COMMAND_CENTER/SCRIPTS/INCOMING/INTAKE_MULE_RETURN_ONE_SUIT_ONE_TEST_20260520.ps1","COMMAND_CENTER_INCOMING","INTAKE_MULE_RETURN_ONE_SUIT_ONE_TEST_20260520.ps1","unknown helper/script surface","8752","5261A756B4869C98134309C1A45D11349D3C65FD38ADAD19131D0B922CCF3DF2","True","True","True","False","False","False","False","True","False","True","TIER_3_STAGE_WRITE_BLOCKED","TRACKED_REPO_NOT_RUN","OLDER_TRACKED_CANDIDATE","true","ROW_LATER_STAGE_WRITE_AFTER_SANDBOX_FIXTURES","Regex inventory only; no script was run and behavior is not proven."
"TRACKED_REPO_HELPER_SURFACE","COMMAND_CENTER/SCRIPTS/INCOMING/MULE_RETURN_KNOWN_PATH_IMPORT_RECOVERY_20260520.ps1","COMMAND_CENTER_INCOMING","MULE_RETURN_KNOWN_PATH_IMPORT_RECOVERY_20260520.ps1","unknown helper/script surface","21605","45DFDF1C424D1ABE075272FC58A9460D8312B4C7192F158773B7144EB67948D9","True","True","True","False","False","False","False","True","False","True","TIER_3_STAGE_WRITE_BLOCKED","TRACKED_REPO_NOT_RUN","OLDER_TRACKED_CANDIDATE","true","ROW_LATER_STAGE_WRITE_AFTER_SANDBOX_FIXTURES","Regex inventory only; no script was run and behavior is not proven."
"TRACKED_REPO_HELPER_SURFACE","COMMAND_CENTER/SCRIPTS/INCOMING/PLACE_CHILD_SHELL_FINAL_PACKET_IN_123_20260521.ps1","COMMAND_CENTER_INCOMING","PLACE_CHILD_SHELL_FINAL_PACKET_IN_123_20260521.ps1","unknown helper/script surface","4635","E67C48E166BFE33A6D0C21917CF93120CA9C5058836AC8816091855A541CD855","True","True","True","False","False","False","False","False","False","False","TIER_3_STAGE_WRITE_BLOCKED","TRACKED_REPO_NOT_RUN","OLDER_TRACKED_CANDIDATE","true","ROW_LATER_STAGE_WRITE_AFTER_SANDBOX_FIXTURES","Regex inventory only; no script was run and behavior is not proven."
"TRACKED_REPO_HELPER_SURFACE","COMMAND_CENTER/SCRIPTS/INCOMING/PROBE_CHILD_SHELL_ROUTE_20260521_074047.ps1","COMMAND_CENTER_INCOMING","PROBE_CHILD_SHELL_ROUTE_20260521_074047.ps1","verify/check/audit helper","4907","2BEEA4A616FE29FA8356AEDAE940766318B946E0B4DC8252FDB6B1E1706A20A8","True","True","True","False","False","False","False","False","False","False","TIER_3_STAGE_WRITE_BLOCKED","TRACKED_REPO_NOT_RUN","OLDER_TRACKED_CANDIDATE","true","ROW_LATER_STAGE_WRITE_AFTER_SANDBOX_FIXTURES","Regex inventory only; no script was run and behavior is not proven."
"TRACKED_REPO_HELPER_SURFACE","COMMAND_CENTER/SCRIPTS/SAVE_SCRIPTS/SAVE_COMMON_SENSE_PENDING_RULES_HOME_V2_20260520.ps1","COMMAND_CENTER_SAVE_SCRIPTS","SAVE_COMMON_SENSE_PENDING_RULES_HOME_V2_20260520.ps1","save gate or save helper","21468","6A802EEB350D3E2B7656C3617CD4A3DF27D8A7511BC957C8BD65A86A460145DB","True","True","True","False","False","False","False","True","False","True","TIER_3_STAGE_WRITE_BLOCKED","TRACKED_REPO_NOT_RUN","OLDER_TRACKED_CANDIDATE","true","ROW_LATER_STAGE_WRITE_AFTER_SANDBOX_FIXTURES","Regex inventory only; no script was run and behavior is not proven."
"LOCAL_PARKED_ROOT_HELPER","C:\Users\13527\Desktop\123\_TOOLS_AND_SCRIPTS\ROOT_LOOSE_HELPERS_20260603\COMMAND_GRAMMAR\RUN_COMMAND_GRAMMAR_V0_3_CONFIRMATION_CARD_DESIGN.ps1","COMMAND_GRAMMAR","RUN_COMMAND_GRAMMAR_V0_3_CONFIRMATION_CARD_DESIGN.ps1","design/save support helper","13946","2B540BF30589375D624C8642C35A14FC4504D5D3AB5C7F044A092BE7E18D8FBA","True","True","True","False","False","False","False","True","False","True","TIER_3_STAGE_WRITE_BLOCKED","PARKED_LOCAL_NOT_RUN","FRESH_PARKED_20260603","true","ROW_LATER_STAGE_WRITE_AFTER_SANDBOX_FIXTURES","Regex inventory only; no script was run and behavior is not proven."
"TRACKED_REPO_HELPER_SURFACE","GPT_PROMPTS_CUSTODY/20260522_213516/CUSTODY_ARCHIVE/.GPT_PROMPTS_HOME/_PACKAGE_INTAKE/PROCESSED/20260522_210534/ROOT_TOOL_CLOSEOUT/UPDATE_RULE_SETS_STABLE_OVERWRITE_NEIGHBOR_RESPECT.ps1","GPT_PROMPTS_CUSTODY","UPDATE_RULE_SETS_STABLE_OVERWRITE_NEIGHBOR_RESPECT.ps1","unknown helper/script surface","12172","A2D42286E5D05C98D31A5F68587AC2CDE7F823E596286F84B7C1AE7573EB5D8D","True","True","True","False","False","False","False","False","False","True","TIER_3_STAGE_WRITE_BLOCKED","TRACKED_REPO_NOT_RUN","OLDER_TRACKED_CANDIDATE","true","ROW_LATER_STAGE_WRITE_AFTER_SANDBOX_FIXTURES","Regex inventory only; no script was run and behavior is not proven."
"TRACKED_REPO_HELPER_SURFACE","HOUSE_WORK/GATE_RINGS/MASTER_EXPANDED_GATE_RING_RUN2_10200_20260524/BUILD_MASTER_EXPANDED_GATE_RING_RUN2_20260524.ps1","HOUSE_GATE_RINGS","BUILD_MASTER_EXPANDED_GATE_RING_RUN2_20260524.ps1","runner/execution surface","57250","AD8939B7E536747D79804FBBCEEC12F123ABF01B5B5B647ECA2645990C9285E3","True","True","True","False","False","False","False","True","False","True","TIER_3_STAGE_WRITE_BLOCKED","TRACKED_REPO_NOT_RUN","OLDER_TRACKED_CANDIDATE","true","ROW_LATER_STAGE_WRITE_AFTER_SANDBOX_FIXTURES","Regex inventory only; no script was run and behavior is not proven."
"TRACKED_REPO_HELPER_SURFACE","PORCH_SORTING_TABLE/FRONT_DOOR_CLEANOUT_V1.1_20260523_035152/SCRIPTS/LOCK_SAVE_NEXT_SPIN_SEQUENCER_CREATIVE_ROOM_TECH_V1.ps1","PORCH_SORTING_TABLE_SCRIPTS","LOCK_SAVE_NEXT_SPIN_SEQUENCER_CREATIVE_ROOM_TECH_V1.ps1","save gate or save helper","15126","D712F94AC35DAFE8DA1A6AA8FF727B07511F7C64E105299DB6CAC67AB1361647","True","True","True","False","False","False","False","True","False","True","TIER_3_STAGE_WRITE_BLOCKED","TRACKED_REPO_NOT_RUN","OLDER_TRACKED_CANDIDATE","true","ROW_LATER_STAGE_WRITE_AFTER_SANDBOX_FIXTURES","Regex inventory only; no script was run and behavior is not proven."
"TRACKED_REPO_HELPER_SURFACE","COMMAND_CENTER/SCRIPTS/INCOMING/APPLY_CHILD_SHELL_PROBLEM_SOLVER_LOCK_SAVE_20260521_080235.ps1","COMMAND_CENTER_INCOMING","APPLY_CHILD_SHELL_PROBLEM_SOLVER_LOCK_SAVE_20260521_080235.ps1","save gate or save helper","17266","BEC373A6E4539E40D0C941B2C4C64525309AB13C2B424CF3C697391752FCC8FD","True","True","True","True","True","False","False","True","False","True","TIER_4_SAVE_COMMIT_PUSH_BLOCKED","TRACKED_REPO_NOT_RUN","OLDER_TRACKED_CANDIDATE","true","ROW_LATER_SAVE_HELPER_AFTER_MANIFEST_SENTINEL_FIXTURES","Regex inventory only; no script was run and behavior is not proven."
"TRACKED_REPO_HELPER_SURFACE","COMMAND_CENTER/SCRIPTS/INCOMING/APPLY_DATA_ORDER_OUROBOROS_LEDGER_20260521_071919.ps1","COMMAND_CENTER_INCOMING","APPLY_DATA_ORDER_OUROBOROS_LEDGER_20260521_071919.ps1","unknown helper/script surface","18839","C4649AD416B822BBF7939905F3B4880247AF6974F04914A66A497AE40F4E0836","True","True","True","True","True","False","False","True","False","True","TIER_4_SAVE_COMMIT_PUSH_BLOCKED","TRACKED_REPO_NOT_RUN","OLDER_TRACKED_CANDIDATE","true","ROW_LATER_SAVE_HELPER_AFTER_MANIFEST_SENTINEL_FIXTURES","Regex inventory only; no script was run and behavior is not proven."
"TRACKED_REPO_HELPER_SURFACE","COMMAND_CENTER/SCRIPTS/INCOMING/APPLY_FIRST_INTAKE_LEDGER_ENTRY_20260521_073459.ps1","COMMAND_CENTER_INCOMING","APPLY_FIRST_INTAKE_LEDGER_ENTRY_20260521_073459.ps1","unknown helper/script surface","11050","232948DB272FAB6F494B92850BA5EEB2BFEF2EB264D7AB09A970EAEE3BB00476","True","True","True","True","True","False","False","True","False","True","TIER_4_SAVE_COMMIT_PUSH_BLOCKED","TRACKED_REPO_NOT_RUN","OLDER_TRACKED_CANDIDATE","true","ROW_LATER_SAVE_HELPER_AFTER_MANIFEST_SENTINEL_FIXTURES","Regex inventory only; no script was run and behavior is not proven."
"TRACKED_REPO_HELPER_SURFACE","COMMAND_CENTER/SCRIPTS/INCOMING/ARTIFACT_SELF_CHECK_SECOND_LIVE_USE_20260520.ps1","COMMAND_CENTER_INCOMING","ARTIFACT_SELF_CHECK_SECOND_LIVE_USE_20260520.ps1","verify/check/audit helper","16990","B18734A4771A80A7B9C0AF800A8BC343C4E053C3D4D3602030857875B497E723","True","True","True","True","True","False","False","True","False","True","TIER_4_SAVE_COMMIT_PUSH_BLOCKED","TRACKED_REPO_NOT_RUN","OLDER_TRACKED_CANDIDATE","true","ROW_LATER_SAVE_HELPER_AFTER_MANIFEST_SENTINEL_FIXTURES","Regex inventory only; no script was run and behavior is not proven."
"TRACKED_REPO_HELPER_SURFACE","COMMAND_CENTER/SCRIPTS/INCOMING/BOSS_GHOST_TODO_MAP_V3_CLEAN_DELIVERY_FIX_20260520.ps1","COMMAND_CENTER_INCOMING","BOSS_GHOST_TODO_MAP_V3_CLEAN_DELIVERY_FIX_20260520.ps1","unknown helper/script surface","28675","8DC9DEFDD1C9A02CD9C79939872AAE9432398CCBCE37BFA62D5C598C19443DBD","True","True","True","True","True","False","False","True","False","True","TIER_4_SAVE_COMMIT_PUSH_BLOCKED","TRACKED_REPO_NOT_RUN","OLDER_TRACKED_CANDIDATE","true","ROW_LATER_SAVE_HELPER_AFTER_MANIFEST_SENTINEL_FIXTURES","Regex inventory only; no script was run and behavior is not proven."
"TRACKED_REPO_HELPER_SURFACE","COMMAND_CENTER/SCRIPTS/INCOMING/BOSS_GHOST_TODO_TRIAGE_MAP_20260520.ps1","COMMAND_CENTER_INCOMING","BOSS_GHOST_TODO_TRIAGE_MAP_20260520.ps1","unknown helper/script surface","20086","74B2ADC7465A9A3B6CA78CF0E58A41E673A0FEDA70F9FB9E44771B431DAB82BE","True","True","True","True","True","False","False","True","False","True","TIER_4_SAVE_COMMIT_PUSH_BLOCKED","TRACKED_REPO_NOT_RUN","OLDER_TRACKED_CANDIDATE","true","ROW_LATER_SAVE_HELPER_AFTER_MANIFEST_SENTINEL_FIXTURES","Regex inventory only; no script was run and behavior is not proven."
"TRACKED_REPO_HELPER_SURFACE","COMMAND_CENTER/SCRIPTS/INCOMING/BOSS_GHOST_TODO_TRIAGE_MAP_V2_20260520 (1).ps1","COMMAND_CENTER_INCOMING","BOSS_GHOST_TODO_TRIAGE_MAP_V2_20260520 (1).ps1","unknown helper/script surface","21274","45C3CC22BE5F314577A10D400B0D2851C020CB82CEFF76F1329DF012F01BCE6F","True","True","True","True","True","False","False","True","False","True","TIER_4_SAVE_COMMIT_PUSH_BLOCKED","TRACKED_REPO_NOT_RUN","OLDER_TRACKED_CANDIDATE","true","ROW_LATER_SAVE_HELPER_AFTER_MANIFEST_SENTINEL_FIXTURES","Regex inventory only; no script was run and behavior is not proven."
"TRACKED_REPO_HELPER_SURFACE","COMMAND_CENTER/SCRIPTS/INCOMING/BOSS_GHOST_TODO_TRIAGE_MAP_V2_20260520.ps1","COMMAND_CENTER_INCOMING","BOSS_GHOST_TODO_TRIAGE_MAP_V2_20260520.ps1","unknown helper/script surface","21274","45C3CC22BE5F314577A10D400B0D2851C020CB82CEFF76F1329DF012F01BCE6F","True","True","True","True","True","False","False","True","False","True","TIER_4_SAVE_COMMIT_PUSH_BLOCKED","TRACKED_REPO_NOT_RUN","OLDER_TRACKED_CANDIDATE","true","ROW_LATER_SAVE_HELPER_AFTER_MANIFEST_SENTINEL_FIXTURES","Regex inventory only; no script was run and behavior is not proven."
"TRACKED_REPO_HELPER_SURFACE","COMMAND_CENTER/SCRIPTS/INCOMING/BUILD_NO_GIT_COMMAND_CENTER_V1_20260521.ps1","COMMAND_CENTER_INCOMING","BUILD_NO_GIT_COMMAND_CENTER_V1_20260521.ps1","unknown helper/script surface","26124","4FB4BD5697B12325B141502E7772CE73C1305FCB714AAB8A4DC7AEC8AFB9B628","True","True","True","True","False","False","False","False","False","False","TIER_4_SAVE_COMMIT_PUSH_BLOCKED","TRACKED_REPO_NOT_RUN","OLDER_TRACKED_CANDIDATE","true","ROW_LATER_SAVE_HELPER_AFTER_MANIFEST_SENTINEL_FIXTURES","Regex inventory only; no script was run and behavior is not proven."
"TRACKED_REPO_HELPER_SURFACE","COMMAND_CENTER/SCRIPTS/INCOMING/LOAD_FULL_SUIT_HANDS_PARKED_BLOCKED_20260522.ps1","COMMAND_CENTER_INCOMING","LOAD_FULL_SUIT_HANDS_PARKED_BLOCKED_20260522.ps1","unknown helper/script surface","24495","3821082FEC11E07025705B9ABE0EBD1640EC7215FFA66764333EC5750EFEF5C8","True","True","False","False","True","False","False","True","False","True","TIER_4_SAVE_COMMIT_PUSH_BLOCKED","TRACKED_REPO_NOT_RUN","OLDER_TRACKED_CANDIDATE","true","ROW_LATER_SAVE_HELPER_AFTER_MANIFEST_SENTINEL_FIXTURES","Regex inventory only; no script was run and behavior is not proven."
"TRACKED_REPO_HELPER_SURFACE","COMMAND_CENTER/SCRIPTS/INCOMING/LOCK_ASSISTANT_DOOR_RELAY_PROOF_20260521.ps1","COMMAND_CENTER_INCOMING","LOCK_ASSISTANT_DOOR_RELAY_PROOF_20260521.ps1","unknown helper/script surface","14981","DEABEE74E85680EA3DF01A1682E95687054956708A7CE3B5EA4ABFEB9106C9F0","True","True","True","True","True","False","False","True","False","True","TIER_4_SAVE_COMMIT_PUSH_BLOCKED","TRACKED_REPO_NOT_RUN","OLDER_TRACKED_CANDIDATE","true","ROW_LATER_SAVE_HELPER_AFTER_MANIFEST_SENTINEL_FIXTURES","Regex inventory only; no script was run and behavior is not proven."
"TRACKED_REPO_HELPER_SURFACE","COMMAND_CENTER/SCRIPTS/INCOMING/LOCK_VALENCE_COUNCIL_GATED_TORUS_SOURCE_PATTERN_20260520.ps1","COMMAND_CENTER_INCOMING","LOCK_VALENCE_COUNCIL_GATED_TORUS_SOURCE_PATTERN_20260520.ps1","unknown helper/script surface","33286","85C974B88DD7B40553AEA2FF5EFFB832541719EF00188078D887371AA8560219","True","True","True","True","True","False","False","True","False","True","TIER_4_SAVE_COMMIT_PUSH_BLOCKED","TRACKED_REPO_NOT_RUN","OLDER_TRACKED_CANDIDATE","true","ROW_LATER_SAVE_HELPER_AFTER_MANIFEST_SENTINEL_FIXTURES","Regex inventory only; no script was run and behavior is not proven."
"TRACKED_REPO_HELPER_SURFACE","COMMAND_CENTER/SCRIPTS/INCOMING/LOCK_WATCHER_LIVENESS_DURABILITY_AND_QUEUE_LEVEL2_20260521_082718.ps1","COMMAND_CENTER_INCOMING","LOCK_WATCHER_LIVENESS_DURABILITY_AND_QUEUE_LEVEL2_20260521_082718.ps1","watcher-or-polling surface","14045","A2A042C696322335774C1AED9E64969AFCBD9958945D5DFF49B72C205D6ABD24","True","True","True","True","True","False","False","True","False","True","TIER_4_SAVE_COMMIT_PUSH_BLOCKED","TRACKED_REPO_NOT_RUN","ACTIVE_SURFACE_BLOCKED_FOR_STRESS_BENCH","true","ROW_LATER_SAVE_HELPER_AFTER_MANIFEST_SENTINEL_FIXTURES","Regex inventory only; no script was run and behavior is not proven."
"TRACKED_REPO_HELPER_SURFACE","COMMAND_CENTER/SCRIPTS/INCOMING/POWERSHELL_DELIVERY_LINT_RECOVERY_20260520.ps1","COMMAND_CENTER_INCOMING","POWERSHELL_DELIVERY_LINT_RECOVERY_20260520.ps1","unknown helper/script surface","14514","5093D39C1D8CF25350C15106125710FE3B3D7374973DE0B3A6E21CFA0E851467","True","True","True","True","True","False","False","True","False","True","TIER_4_SAVE_COMMIT_PUSH_BLOCKED","TRACKED_REPO_NOT_RUN","OLDER_TRACKED_CANDIDATE","true","ROW_LATER_SAVE_HELPER_AFTER_MANIFEST_SENTINEL_FIXTURES","Regex inventory only; no script was run and behavior is not proven."
"TRACKED_REPO_HELPER_SURFACE","COMMAND_CENTER/SCRIPTS/INCOMING/POWERSHELL_DELIVERY_LINT_RECOVERY_V2_20260520.ps1","COMMAND_CENTER_INCOMING","POWERSHELL_DELIVERY_LINT_RECOVERY_V2_20260520.ps1","unknown helper/script surface","15137","C793F4BB07C6425A91E9AC48AA035E3A97DA938DAEAE7B8F3BAC75BFCA5063CC","True","True","True","True","True","False","False","True","False","True","TIER_4_SAVE_COMMIT_PUSH_BLOCKED","TRACKED_REPO_NOT_RUN","OLDER_TRACKED_CANDIDATE","true","ROW_LATER_SAVE_HELPER_AFTER_MANIFEST_SENTINEL_FIXTURES","Regex inventory only; no script was run and behavior is not proven."
"TRACKED_REPO_HELPER_SURFACE","COMMAND_CENTER/SCRIPTS/INCOMING/POWERSHELL_DELIVERY_LINT_REPAIR_20260520.ps1","COMMAND_CENTER_INCOMING","POWERSHELL_DELIVERY_LINT_REPAIR_20260520.ps1","repair helper","23092","B9D8A48B7A47DCC25400A594310FB214F9DCB18351AA6154C5E8F111763B4FF0","True","True","True","True","True","False","False","True","False","True","TIER_4_SAVE_COMMIT_PUSH_BLOCKED","TRACKED_REPO_NOT_RUN","OLDER_TRACKED_CANDIDATE","true","ROW_LATER_SAVE_HELPER_AFTER_MANIFEST_SENTINEL_FIXTURES","Regex inventory only; no script was run and behavior is not proven."
"TRACKED_REPO_HELPER_SURFACE","COMMAND_CENTER/SCRIPTS/INCOMING/PROVEN_SUIT_TOOL_IDEA_UNLOAD_SAVE_20260520.ps1","COMMAND_CENTER_INCOMING","PROVEN_SUIT_TOOL_IDEA_UNLOAD_SAVE_20260520.ps1","save gate or save helper","25336","DC431624733FC0A1EE827D2434B54AD6F8E20C69738316E41E3B14F27BE874D7","True","True","True","True","True","False","False","True","False","True","TIER_4_SAVE_COMMIT_PUSH_BLOCKED","TRACKED_REPO_NOT_RUN","OLDER_TRACKED_CANDIDATE","true","ROW_LATER_SAVE_HELPER_AFTER_MANIFEST_SENTINEL_FIXTURES","Regex inventory only; no script was run and behavior is not proven."
"TRACKED_REPO_HELPER_SURFACE","COMMAND_CENTER/SCRIPTS/INCOMING/PROVEN_SUIT_TOOL_IDEA_UNLOAD_SAVE_V2_20260520.ps1","COMMAND_CENTER_INCOMING","PROVEN_SUIT_TOOL_IDEA_UNLOAD_SAVE_V2_20260520.ps1","save gate or save helper","31882","44813B688911EB3743142E22C8DA47960C4F65D3B369124FF42EC2CF66239F3B","True","True","True","True","True","False","False","True","False","True","TIER_4_SAVE_COMMIT_PUSH_BLOCKED","TRACKED_REPO_NOT_RUN","OLDER_TRACKED_CANDIDATE","true","ROW_LATER_SAVE_HELPER_AFTER_MANIFEST_SENTINEL_FIXTURES","Regex inventory only; no script was run and behavior is not proven."
"TRACKED_REPO_HELPER_SURFACE","COMMAND_CENTER/SCRIPTS/INCOMING/PROVEN_SUIT_TOOL_IDEA_UNLOAD_SAVE_V3_20260520.ps1","COMMAND_CENTER_INCOMING","PROVEN_SUIT_TOOL_IDEA_UNLOAD_SAVE_V3_20260520.ps1","save gate or save helper","32261","4AEEE75058F80A31CA3C71A7B39411BBF05FD99A414FB08FC8968A05D71BB13B","True","True","True","True","True","False","False","True","False","True","TIER_4_SAVE_COMMIT_PUSH_BLOCKED","TRACKED_REPO_NOT_RUN","OLDER_TRACKED_CANDIDATE","true","ROW_LATER_SAVE_HELPER_AFTER_MANIFEST_SENTINEL_FIXTURES","Regex inventory only; no script was run and behavior is not proven."
"TRACKED_REPO_HELPER_SURFACE","COMMAND_CENTER/SCRIPTS/INCOMING/RUN_CHILD_SHELL_ALL_EVIDENCE_TEST_20260521.ps1","COMMAND_CENTER_INCOMING","RUN_CHILD_SHELL_ALL_EVIDENCE_TEST_20260521.ps1","runner/execution surface","14898","88E5F96A663DE5FE46D3EA2DE75354D943CCB29B72A6BDB0D05EDC9872721ECD","True","True","False","True","False","False","False","False","False","True","TIER_4_SAVE_COMMIT_PUSH_BLOCKED","TRACKED_REPO_NOT_RUN","OLDER_TRACKED_CANDIDATE","true","ROW_LATER_SAVE_HELPER_AFTER_MANIFEST_SENTINEL_FIXTURES","Regex inventory only; no script was run and behavior is not proven."
"TRACKED_REPO_HELPER_SURFACE","COMMAND_CENTER/SCRIPTS/INCOMING/RUN_LEDGER_NEXT_WAVES_UNTIL_STOP_20260521_073717 (1).ps1","COMMAND_CENTER_INCOMING","RUN_LEDGER_NEXT_WAVES_UNTIL_STOP_20260521_073717 (1).ps1","runner/execution surface","20620","A3FAFE2025D34C9E1A409E60BEE78EFB686A12BD96F7CF253A08EEDEA29FD046","True","True","True","True","True","False","False","True","False","True","TIER_4_SAVE_COMMIT_PUSH_BLOCKED","TRACKED_REPO_NOT_RUN","OLDER_TRACKED_CANDIDATE","true","ROW_LATER_SAVE_HELPER_AFTER_MANIFEST_SENTINEL_FIXTURES","Regex inventory only; no script was run and behavior is not proven."
"TRACKED_REPO_HELPER_SURFACE","COMMAND_CENTER/SCRIPTS/INCOMING/RUN_LEDGER_NEXT_WAVES_UNTIL_STOP_20260521_073717.ps1","COMMAND_CENTER_INCOMING","RUN_LEDGER_NEXT_WAVES_UNTIL_STOP_20260521_073717.ps1","runner/execution surface","20620","A3FAFE2025D34C9E1A409E60BEE78EFB686A12BD96F7CF253A08EEDEA29FD046","True","True","True","True","True","False","False","True","False","True","TIER_4_SAVE_COMMIT_PUSH_BLOCKED","TRACKED_REPO_NOT_RUN","OLDER_TRACKED_CANDIDATE","true","ROW_LATER_SAVE_HELPER_AFTER_MANIFEST_SENTINEL_FIXTURES","Regex inventory only; no script was run and behavior is not proven."
"TRACKED_REPO_HELPER_SURFACE","COMMAND_CENTER/SCRIPTS/INCOMING/RUN_LOCK_SAM_REVIEW_PACKET_TO_GIT_20260521.ps1","COMMAND_CENTER_INCOMING","RUN_LOCK_SAM_REVIEW_PACKET_TO_GIT_20260521.ps1","runner/execution surface","7896","A56C7911B8E6C36EC789970E5ABF0CABA797901B45337A44757086C05F4455CB","True","True","True","True","True","False","False","True","False","False","TIER_4_SAVE_COMMIT_PUSH_BLOCKED","TRACKED_REPO_NOT_RUN","OLDER_TRACKED_CANDIDATE","true","ROW_LATER_SAVE_HELPER_AFTER_MANIFEST_SENTINEL_FIXTURES","Regex inventory only; no script was run and behavior is not proven."
"TRACKED_REPO_HELPER_SURFACE","COMMAND_CENTER/SCRIPTS/INCOMING/RUN_SAVE_CHILD_SHELL_ACTUATOR_LIVE_TEST_20260521.ps1","COMMAND_CENTER_INCOMING","RUN_SAVE_CHILD_SHELL_ACTUATOR_LIVE_TEST_20260521.ps1","save gate or save helper","22676","FBA26396EA9C14CFD146F6993E674B4722DC164BAB445580350187EBCCE4F5F5","True","True","True","True","True","False","False","True","False","True","TIER_4_SAVE_COMMIT_PUSH_BLOCKED","TRACKED_REPO_NOT_RUN","OLDER_TRACKED_CANDIDATE","true","ROW_LATER_SAVE_HELPER_AFTER_MANIFEST_SENTINEL_FIXTURES","Regex inventory only; no script was run and behavior is not proven."
"TRACKED_REPO_HELPER_SURFACE","COMMAND_CENTER/SCRIPTS/INCOMING/RUN_SAVE_CHILD_SHELL_ACTUATOR_LIVE_TEST_FIXED_20260521.ps1","COMMAND_CENTER_INCOMING","RUN_SAVE_CHILD_SHELL_ACTUATOR_LIVE_TEST_FIXED_20260521.ps1","save gate or save helper","22679","B223D2B0EEF81DBEF4633C25FE04BDE427CDEBF33D8F842BD76A178072DD2098","True","True","True","True","True","False","False","True","False","True","TIER_4_SAVE_COMMIT_PUSH_BLOCKED","TRACKED_REPO_NOT_RUN","OLDER_TRACKED_CANDIDATE","true","ROW_LATER_SAVE_HELPER_AFTER_MANIFEST_SENTINEL_FIXTURES","Regex inventory only; no script was run and behavior is not proven."
"TRACKED_REPO_HELPER_SURFACE","COMMAND_CENTER/SCRIPTS/INCOMING/RUN_SAVE_FRONT_DOOR_AND_WORK_SORTING_RULES_20260521.ps1","COMMAND_CENTER_INCOMING","RUN_SAVE_FRONT_DOOR_AND_WORK_SORTING_RULES_20260521.ps1","save gate or save helper","28732","AD33CC48B8199B33C6766961710180A9DC8E94257B58864DA8BC6A0D0A51AC2B","True","True","True","True","True","False","False","True","False","True","TIER_4_SAVE_COMMIT_PUSH_BLOCKED","TRACKED_REPO_NOT_RUN","OLDER_TRACKED_CANDIDATE","true","ROW_LATER_SAVE_HELPER_AFTER_MANIFEST_SENTINEL_FIXTURES","Regex inventory only; no script was run and behavior is not proven."
"TRACKED_REPO_HELPER_SURFACE","COMMAND_CENTER/SCRIPTS/INCOMING/TODO_WEAKEST_LINK_SELECTION_REPAIR_20260520.ps1","COMMAND_CENTER_INCOMING","TODO_WEAKEST_LINK_SELECTION_REPAIR_20260520.ps1","repair helper","19977","25B1EB796CFF6316108D17B6E9E3B3314911399D54C7644DF75347B4BEA2F995","True","True","True","True","True","False","False","True","False","True","TIER_4_SAVE_COMMIT_PUSH_BLOCKED","TRACKED_REPO_NOT_RUN","OLDER_TRACKED_CANDIDATE","true","ROW_LATER_SAVE_HELPER_AFTER_MANIFEST_SENTINEL_FIXTURES","Regex inventory only; no script was run and behavior is not proven."
"TRACKED_REPO_HELPER_SURFACE","COMMAND_CENTER/HANDOFF_INBOX/HANDOFF_SAFE_SAVE_METHOD_LOCK_20260520.ps1","COMMAND_CENTER_OTHER","HANDOFF_SAFE_SAVE_METHOD_LOCK_20260520.ps1","save gate or save helper","21945","3C0CD6FF8D7E0C6F4500F222A29254C01E5D55DDCB2C97DB25DA6DF618C3085B","True","True","True","True","True","False","False","True","False","True","TIER_4_SAVE_COMMIT_PUSH_BLOCKED","TRACKED_REPO_NOT_RUN","OLDER_TRACKED_CANDIDATE","true","ROW_LATER_SAVE_HELPER_AFTER_MANIFEST_SENTINEL_FIXTURES","Regex inventory only; no script was run and behavior is not proven."
"TRACKED_REPO_HELPER_SURFACE","COMMAND_CENTER/SCRIPTS/SAVE_SCRIPTS/SAVE_CHAT_COCKPIT_DROP_COPY_EXPORT_PROTOCOL_20260522.ps1","COMMAND_CENTER_SAVE_SCRIPTS","SAVE_CHAT_COCKPIT_DROP_COPY_EXPORT_PROTOCOL_20260522.ps1","save gate or save helper","12075","3D3F9A032DAB6D654D05CB5CF09A02F133A947DC0A36B9156744A8C10F536FC6","True","True","True","True","True","False","False","True","False","True","TIER_4_SAVE_COMMIT_PUSH_BLOCKED","TRACKED_REPO_NOT_RUN","OLDER_TRACKED_CANDIDATE","true","ROW_LATER_SAVE_HELPER_AFTER_MANIFEST_SENTINEL_FIXTURES","Regex inventory only; no script was run and behavior is not proven."
"TRACKED_REPO_HELPER_SURFACE","COMMAND_CENTER/SCRIPTS/SAVE_SCRIPTS/SAVE_DUAL_PROJECT_CHAT_COCKPIT_CAPTURE_RULE_20260522.ps1","COMMAND_CENTER_SAVE_SCRIPTS","SAVE_DUAL_PROJECT_CHAT_COCKPIT_CAPTURE_RULE_20260522.ps1","save gate or save helper","13021","F69E8B2B423A597897AD7AC3613E985212E1674148BF95D66A2778D99C82F4EA","True","True","True","True","True","False","False","True","False","True","TIER_4_SAVE_COMMIT_PUSH_BLOCKED","TRACKED_REPO_NOT_RUN","OLDER_TRACKED_CANDIDATE","true","ROW_LATER_SAVE_HELPER_AFTER_MANIFEST_SENTINEL_FIXTURES","Regex inventory only; no script was run and behavior is not proven."
"TRACKED_REPO_HELPER_SURFACE","COMMAND_CENTER/SCRIPTS/SAVE_SCRIPTS/SAVE_FEYNMAN_SOURCE_ORE_RESEARCH_MAP_V2_TO_MRKLEEN_20260522.ps1","COMMAND_CENTER_SAVE_SCRIPTS","SAVE_FEYNMAN_SOURCE_ORE_RESEARCH_MAP_V2_TO_MRKLEEN_20260522.ps1","save gate or save helper","28639","9C2B01BF9BC66FCA9A1123A27B0174AB63121ECD103DB5A49245C0E9859192F8","True","True","True","True","True","False","False","True","False","True","TIER_4_SAVE_COMMIT_PUSH_BLOCKED","TRACKED_REPO_NOT_RUN","OLDER_TRACKED_CANDIDATE","true","ROW_LATER_SAVE_HELPER_AFTER_MANIFEST_SENTINEL_FIXTURES","Regex inventory only; no script was run and behavior is not proven."
"TRACKED_REPO_HELPER_SURFACE","COMMAND_CENTER/SCRIPTS/SAVE_SCRIPTS/SAVE_FINAL_JUDGE_GATE_ALPHA_OMEGA_RULE_20260522.ps1","COMMAND_CENTER_SAVE_SCRIPTS","SAVE_FINAL_JUDGE_GATE_ALPHA_OMEGA_RULE_20260522.ps1","save gate or save helper","14822","B78FF132BCC8B403C7983694C8F60A103C0AF1F3D6F048D1B59B88FCB420EF2E","True","True","True","True","True","False","False","True","False","True","TIER_4_SAVE_COMMIT_PUSH_BLOCKED","TRACKED_REPO_NOT_RUN","OLDER_TRACKED_CANDIDATE","true","ROW_LATER_SAVE_HELPER_AFTER_MANIFEST_SENTINEL_FIXTURES","Regex inventory only; no script was run and behavior is not proven."
"TRACKED_REPO_HELPER_SURFACE","COMMAND_CENTER/SCRIPTS/SAVE_SCRIPTS/SAVE_FOUR_SOURCE_REVIEWED_SOURCE_ORE_MAP_20260522.ps1","COMMAND_CENTER_SAVE_SCRIPTS","SAVE_FOUR_SOURCE_REVIEWED_SOURCE_ORE_MAP_20260522.ps1","save gate or save helper","22461","F1D7D118C7C09A4104AFD36E1A925DF9BE745AEAD30A303AA22FDED90C07AB7D","True","True","True","True","True","False","False","True","False","True","TIER_4_SAVE_COMMIT_PUSH_BLOCKED","TRACKED_REPO_NOT_RUN","OLDER_TRACKED_CANDIDATE","true","ROW_LATER_SAVE_HELPER_AFTER_MANIFEST_SENTINEL_FIXTURES","Regex inventory only; no script was run and behavior is not proven."
"TRACKED_REPO_HELPER_SURFACE","COMMAND_CENTER/SCRIPTS/SAVE_SCRIPTS/SAVE_GROWTH_SAFE_GATE_JUDGE_ROLE_RULES_20260522.ps1","COMMAND_CENTER_SAVE_SCRIPTS","SAVE_GROWTH_SAFE_GATE_JUDGE_ROLE_RULES_20260522.ps1","save gate or save helper","11715","DC33BE80C384B1F843ABEEBC3B1BC2E352695B7416A0B2C68F2611FE9AAF50CD","True","True","True","True","True","False","False","True","False","True","TIER_4_SAVE_COMMIT_PUSH_BLOCKED","TRACKED_REPO_NOT_RUN","OLDER_TRACKED_CANDIDATE","true","ROW_LATER_SAVE_HELPER_AFTER_MANIFEST_SENTINEL_FIXTURES","Regex inventory only; no script was run and behavior is not proven."
"TRACKED_REPO_HELPER_SURFACE","COMMAND_CENTER/SCRIPTS/SAVE_SCRIPTS/SAVE_YOUTUBE_Dgbci0GC1vk_SOURCE_INTAKE_TO_GIT_20260522.ps1","COMMAND_CENTER_SAVE_SCRIPTS","SAVE_YOUTUBE_Dgbci0GC1vk_SOURCE_INTAKE_TO_GIT_20260522.ps1","save gate or save helper","5006","9399568C3D13B897252A70587644B87F20847B4F9F209A0C7C39D85BE8F05B38","True","True","True","True","True","False","False","True","False","True","TIER_4_SAVE_COMMIT_PUSH_BLOCKED","TRACKED_REPO_NOT_RUN","OLDER_TRACKED_CANDIDATE","true","ROW_LATER_SAVE_HELPER_AFTER_MANIFEST_SENTINEL_FIXTURES","Regex inventory only; no script was run and behavior is not proven."
"LOCAL_PARKED_ROOT_HELPER","C:\Users\13527\Desktop\123\_TOOLS_AND_SCRIPTS\ROOT_LOOSE_HELPERS_20260603\COMMAND_GRAMMAR\RUN_COMMAND_GRAMMAR_V0_1_DESIGN_SAVE_GATE.ps1","COMMAND_GRAMMAR","RUN_COMMAND_GRAMMAR_V0_1_DESIGN_SAVE_GATE.ps1","save gate or save helper","15431","2B21B0AFBFA8FFA1CEDE5BDFA5575904CA24BE1EE8B13E83089A7E21DB4C5947","True","True","True","True","True","False","False","True","False","True","TIER_4_SAVE_COMMIT_PUSH_BLOCKED","PARKED_LOCAL_NOT_RUN","FRESH_PARKED_20260603","true","ROW_LATER_SAVE_HELPER_AFTER_MANIFEST_SENTINEL_FIXTURES","Regex inventory only; no script was run and behavior is not proven."
"LOCAL_PARKED_ROOT_HELPER","C:\Users\13527\Desktop\123\_TOOLS_AND_SCRIPTS\ROOT_LOOSE_HELPERS_20260603\COMMAND_GRAMMAR\RUN_COMMAND_GRAMMAR_V0_1_LEXICON_ALIAS_INPUT_FLOW_DESIGN.ps1","COMMAND_GRAMMAR","RUN_COMMAND_GRAMMAR_V0_1_LEXICON_ALIAS_INPUT_FLOW_DESIGN.ps1","design/save support helper","13438","67E5BC4EB789490561B644E3ED6BEA2DEF6BC684C85272865EA0FC5AB6617632","True","True","True","True","True","False","False","True","False","True","TIER_4_SAVE_COMMIT_PUSH_BLOCKED","PARKED_LOCAL_NOT_RUN","FRESH_PARKED_20260603","true","ROW_LATER_SAVE_HELPER_AFTER_MANIFEST_SENTINEL_FIXTURES","Regex inventory only; no script was run and behavior is not proven."
"LOCAL_PARKED_ROOT_HELPER","C:\Users\13527\Desktop\123\_TOOLS_AND_SCRIPTS\ROOT_LOOSE_HELPERS_20260603\COMMAND_GRAMMAR\RUN_COMMAND_GRAMMAR_V0_2_ACTIVE_TASK_POINTER_DESIGN_SAVE_GATE.ps1","COMMAND_GRAMMAR","RUN_COMMAND_GRAMMAR_V0_2_ACTIVE_TASK_POINTER_DESIGN_SAVE_GATE.ps1","save gate or save helper","16598","245FEF607273D149338A1696CC3EC6C671B49C22F223488C4C42DBA8E2EDB971","True","True","True","True","True","False","False","True","False","True","TIER_4_SAVE_COMMIT_PUSH_BLOCKED","PARKED_LOCAL_NOT_RUN","FRESH_PARKED_20260603","true","ROW_LATER_SAVE_HELPER_AFTER_MANIFEST_SENTINEL_FIXTURES","Regex inventory only; no script was run and behavior is not proven."
"LOCAL_PARKED_ROOT_HELPER","C:\Users\13527\Desktop\123\_TOOLS_AND_SCRIPTS\ROOT_LOOSE_HELPERS_20260603\COMMAND_GRAMMAR\RUN_COMMAND_GRAMMAR_V0_3_CONFIRMATION_CARD_DESIGN_SAVE_GATE.ps1","COMMAND_GRAMMAR","RUN_COMMAND_GRAMMAR_V0_3_CONFIRMATION_CARD_DESIGN_SAVE_GATE.ps1","save gate or save helper","17259","1D0B953AC3900F018BEE2C455188F6363952781C6D7FD62EBF3CAC3928C49C52","True","True","True","True","True","False","False","True","False","True","TIER_4_SAVE_COMMIT_PUSH_BLOCKED","PARKED_LOCAL_NOT_RUN","FRESH_PARKED_20260603","true","ROW_LATER_SAVE_HELPER_AFTER_MANIFEST_SENTINEL_FIXTURES","Regex inventory only; no script was run and behavior is not proven."
"LOCAL_PARKED_ROOT_HELPER","C:\Users\13527\Desktop\123\_TOOLS_AND_SCRIPTS\ROOT_LOOSE_HELPERS_20260603\COMMAND_GRAMMAR\RUN_COMMAND_GRAMMAR_V0_4_POINTER_READ_WRITE_RULES_DESIGN_SAVE_GATE.ps1","COMMAND_GRAMMAR","RUN_COMMAND_GRAMMAR_V0_4_POINTER_READ_WRITE_RULES_DESIGN_SAVE_GATE.ps1","save gate or save helper","16833","8DBA4DB87C7D7C51325EB8A9B6936F415A3C862EBE442E4596D2B62CFC53D110","True","True","True","True","True","False","False","True","False","True","TIER_4_SAVE_COMMIT_PUSH_BLOCKED","PARKED_LOCAL_NOT_RUN","FRESH_PARKED_20260603","true","ROW_LATER_SAVE_HELPER_AFTER_MANIFEST_SENTINEL_FIXTURES","Regex inventory only; no script was run and behavior is not proven."
"LOCAL_PARKED_ROOT_HELPER","C:\Users\13527\Desktop\123\_TOOLS_AND_SCRIPTS\ROOT_LOOSE_HELPERS_20260603\COMMAND_GRAMMAR\RUN_COMMAND_GRAMMAR_V0_5_FIRST_READ_ONLY_INSPECT_COMMAND_DESIGN_SAVE_GATE.ps1","COMMAND_GRAMMAR","RUN_COMMAND_GRAMMAR_V0_5_FIRST_READ_ONLY_INSPECT_COMMAND_DESIGN_SAVE_GATE.ps1","read/status/inspect helper","17547","34C551E6CA99D85524CECCF7935616B316927D69A8A24C31A5E5B6719ADE71AE","True","True","True","True","True","False","False","True","False","True","TIER_4_SAVE_COMMIT_PUSH_BLOCKED","PARKED_LOCAL_NOT_RUN","FRESH_PARKED_20260603","true","ROW_LATER_SAVE_HELPER_AFTER_MANIFEST_SENTINEL_FIXTURES","Regex inventory only; no script was run and behavior is not proven."
"LOCAL_PARKED_ROOT_HELPER","C:\Users\13527\Desktop\123\_TOOLS_AND_SCRIPTS\ROOT_LOOSE_HELPERS_20260603\COMMAND_GRAMMAR\RUN_COMMAND_GRAMMAR_V0_6_GUARDED_LOCAL_ONLY_READ_IMPLEMENTATION_DESIGN_SAVE_GATE.ps1","COMMAND_GRAMMAR","RUN_COMMAND_GRAMMAR_V0_6_GUARDED_LOCAL_ONLY_READ_IMPLEMENTATION_DESIGN_SAVE_GATE.ps1","save gate or save helper","24571","067AC0D15F421F9FB144E7D822EA4AC660B46F47544C4709BC7A8792B87594D6","True","True","True","True","True","False","False","True","False","True","TIER_4_SAVE_COMMIT_PUSH_BLOCKED","PARKED_LOCAL_NOT_RUN","FRESH_PARKED_20260603","true","ROW_LATER_SAVE_HELPER_AFTER_MANIFEST_SENTINEL_FIXTURES","Regex inventory only; no script was run and behavior is not proven."
"TRACKED_REPO_HELPER_SURFACE","GPT_PROMPTS_CUSTODY/20260522_213516/CUSTODY_ARCHIVE/_PACKAGE_INTAKE/RUN_DEEP_COBWEB_HOUSE_SCAN_RESTART_V1.2.ps1","GPT_PROMPTS_CUSTODY","RUN_DEEP_COBWEB_HOUSE_SCAN_RESTART_V1.2.ps1","runner/execution surface","26341","2CF2BB772ED7A55198C6996E5491A212547B2217A4D5E5DC88BBE1CFE64BCDBD","True","True","False","True","False","False","False","True","False","True","TIER_4_SAVE_COMMIT_PUSH_BLOCKED","TRACKED_REPO_NOT_RUN","OLDER_TRACKED_CANDIDATE","true","ROW_LATER_SAVE_HELPER_AFTER_MANIFEST_SENTINEL_FIXTURES","Regex inventory only; no script was run and behavior is not proven."
"TRACKED_REPO_HELPER_SURFACE","GPT_PROMPTS_CUSTODY/20260522_213516/CUSTODY_ARCHIVE/.GPT_PROMPTS_HOME/_PACKAGE_INTAKE/PROCESSED/20260522_204912/COMPLETE_CHAT_GATE_SYSTEM_PACKAGE/INSTALL_COMPLETE_CHAT_GATE_SYSTEM_PACKAGE.ps1","GPT_PROMPTS_CUSTODY","INSTALL_COMPLETE_CHAT_GATE_SYSTEM_PACKAGE.ps1","installer/helper setup surface","13972","7BD93657182698D8450593AF89FCFB5BA4F7952C51530152D0EE5522545A7737","True","True","True","True","True","False","False","False","False","True","TIER_4_SAVE_COMMIT_PUSH_BLOCKED","TRACKED_REPO_NOT_RUN","OLDER_TRACKED_CANDIDATE","true","ROW_LATER_SAVE_HELPER_AFTER_MANIFEST_SENTINEL_FIXTURES","Regex inventory only; no script was run and behavior is not proven."
"TRACKED_REPO_HELPER_SURFACE","GPT_PROMPTS_CUSTODY/DOWNLOADS_LOOSE_CANDIDATES/20260523_001601/REPAIR_MULE_BOSS_WHEEL_APPLY_ALL_LOCAL_ONLY_V1.1.ps1","GPT_PROMPTS_CUSTODY","REPAIR_MULE_BOSS_WHEEL_APPLY_ALL_LOCAL_ONLY_V1.1.ps1","repair helper","7901","034C1B8D87CF886086A279DB5DAED9130B0BB85406DBBCDC0519B98B8CDA70C6","True","True","False","True","False","False","False","True","False","True","TIER_4_SAVE_COMMIT_PUSH_BLOCKED","TRACKED_REPO_NOT_RUN","OLDER_TRACKED_CANDIDATE","true","ROW_LATER_SAVE_HELPER_AFTER_MANIFEST_SENTINEL_FIXTURES","Regex inventory only; no script was run and behavior is not proven."
"TRACKED_REPO_HELPER_SURFACE","GPT_PROMPTS_CUSTODY/DOWNLOADS_LOOSE_CANDIDATES/20260523_001601/SAVE_AND_TELEPORT_WHY_WE_SUCK_METHOD_V1.1.ps1","GPT_PROMPTS_CUSTODY","SAVE_AND_TELEPORT_WHY_WE_SUCK_METHOD_V1.1.ps1","save gate or save helper","10801","91415311E9E2DB44D62F02D726DD6AFBEB98820FE39AD0DB48A0419073B2F356","True","True","False","True","False","False","False","True","False","True","TIER_4_SAVE_COMMIT_PUSH_BLOCKED","TRACKED_REPO_NOT_RUN","OLDER_TRACKED_CANDIDATE","true","ROW_LATER_SAVE_HELPER_AFTER_MANIFEST_SENTINEL_FIXTURES","Regex inventory only; no script was run and behavior is not proven."
"TRACKED_REPO_HELPER_SURFACE","GPT_PROMPTS_CUSTODY/DOWNLOADS_LOOSE_CANDIDATES/20260523_001601/SAVE_CHAT_COCKPIT_ROUTER_MAP_V1.0.ps1","GPT_PROMPTS_CUSTODY","SAVE_CHAT_COCKPIT_ROUTER_MAP_V1.0.ps1","save gate or save helper","2304","4A16264DC7046B913C8DE7BC866277F94B50FC7C46159E042345A4BB927083B1","True","True","False","True","False","False","False","True","False","True","TIER_4_SAVE_COMMIT_PUSH_BLOCKED","TRACKED_REPO_NOT_RUN","OLDER_TRACKED_CANDIDATE","true","ROW_LATER_SAVE_HELPER_AFTER_MANIFEST_SENTINEL_FIXTURES","Regex inventory only; no script was run and behavior is not proven."
"TRACKED_REPO_HELPER_SURFACE","GPT_PROMPTS_CUSTODY/DOWNLOADS_LOOSE_CANDIDATES/20260523_001601/SAVE_MULE_BOSS_WHEEL_LOCAL_ONLY_V1.ps1","GPT_PROMPTS_CUSTODY","SAVE_MULE_BOSS_WHEEL_LOCAL_ONLY_V1.ps1","save gate or save helper","8389","80A8ECB4E48536D6858E900821ACE85DEFB00AD74D7823B12813E758A6AD50EC","True","True","False","True","False","False","False","True","False","True","TIER_4_SAVE_COMMIT_PUSH_BLOCKED","TRACKED_REPO_NOT_RUN","OLDER_TRACKED_CANDIDATE","true","ROW_LATER_SAVE_HELPER_AFTER_MANIFEST_SENTINEL_FIXTURES","Regex inventory only; no script was run and behavior is not proven."
"LOCAL_PARKED_ROOT_HELPER","C:\Users\13527\Desktop\123\_TOOLS_AND_SCRIPTS\ROOT_LOOSE_HELPERS_20260603\HOUSE_DOCK\RUN_HOUSE_DOCK_LOCAL_GUARD_MICRO_002_SAVE_GATE.ps1","HOUSE_DOCK","RUN_HOUSE_DOCK_LOCAL_GUARD_MICRO_002_SAVE_GATE.ps1","save gate or save helper","18348","60AB57E5A9CDD431686BD2F27AE58493940A9F30EF64FBC04232EC944343D31A","True","True","True","True","True","False","False","True","False","True","TIER_4_SAVE_COMMIT_PUSH_BLOCKED","PARKED_LOCAL_NOT_RUN","FRESH_PARKED_20260603","true","ROW_LATER_SAVE_HELPER_AFTER_MANIFEST_SENTINEL_FIXTURES","Regex inventory only; no script was run and behavior is not proven."
"LOCAL_PARKED_ROOT_HELPER","C:\Users\13527\Desktop\123\_TOOLS_AND_SCRIPTS\ROOT_LOOSE_HELPERS_20260603\HOUSE_DOCK\RUN_HOUSE_DOCK_MICRO_003_AND_COMMAND_GRAMMAR_GOAL_SAVE_GATE.ps1","HOUSE_DOCK","RUN_HOUSE_DOCK_MICRO_003_AND_COMMAND_GRAMMAR_GOAL_SAVE_GATE.ps1","save gate or save helper","19242","9044904228CF5EF1785CCCC1CAE94BE566064A213DBC63991DD91B81126B879F","True","True","True","True","True","False","False","True","False","True","TIER_4_SAVE_COMMIT_PUSH_BLOCKED","PARKED_LOCAL_NOT_RUN","FRESH_PARKED_20260603","true","ROW_LATER_SAVE_HELPER_AFTER_MANIFEST_SENTINEL_FIXTURES","Regex inventory only; no script was run and behavior is not proven."
"LOCAL_PARKED_ROOT_HELPER","C:\Users\13527\Desktop\123\_TOOLS_AND_SCRIPTS\ROOT_LOOSE_HELPERS_20260603\HOUSE_DOCK\RUN_HOUSE_DOCK_SAVE_GATE_IGNORED_PATHS_REPAIR_V1_1.ps1","HOUSE_DOCK","RUN_HOUSE_DOCK_SAVE_GATE_IGNORED_PATHS_REPAIR_V1_1.ps1","save gate or save helper","7301","56CB816A3EB4C91E5C2997A40A7E515B4CE8BF54639DA389BACA4E319EE07BE6","True","True","True","True","True","False","False","True","False","True","TIER_4_SAVE_COMMIT_PUSH_BLOCKED","PARKED_LOCAL_NOT_RUN","FRESH_PARKED_20260603","true","ROW_LATER_SAVE_HELPER_AFTER_MANIFEST_SENTINEL_FIXTURES","Regex inventory only; no script was run and behavior is not proven."
"LOCAL_PARKED_ROOT_HELPER","C:\Users\13527\Desktop\123\_TOOLS_AND_SCRIPTS\ROOT_LOOSE_HELPERS_20260603\HOUSE_DOCK\RUN_HOUSE_DOCK_SAVE_GATE_IGNORED_WORK_SHED_REPAIR.ps1","HOUSE_DOCK","RUN_HOUSE_DOCK_SAVE_GATE_IGNORED_WORK_SHED_REPAIR.ps1","save gate or save helper","7472","652F618353791322D0C301D980E44E40B1655212B121D48319C712FFBFD5C981","True","True","True","True","True","False","False","True","False","True","TIER_4_SAVE_COMMIT_PUSH_BLOCKED","PARKED_LOCAL_NOT_RUN","FRESH_PARKED_20260603","true","ROW_LATER_SAVE_HELPER_AFTER_MANIFEST_SENTINEL_FIXTURES","Regex inventory only; no script was run and behavior is not proven."
"TRACKED_REPO_HELPER_SURFACE","HOUSE_WORK/GATE_RINGS/HOUSE_GATE_WASH_RUN_20260524/Invoke-HouseGateWashRun.ps1","HOUSE_GATE_RINGS","Invoke-HouseGateWashRun.ps1","runner/execution surface","24351","13D5080A0FDE5EF59E8CF0F237A13B0BB747A91AFAA8EE352F7BC75D320A04BA","True","True","False","True","False","False","False","True","False","True","TIER_4_SAVE_COMMIT_PUSH_BLOCKED","TRACKED_REPO_NOT_RUN","OLDER_TRACKED_CANDIDATE","true","ROW_LATER_SAVE_HELPER_AFTER_MANIFEST_SENTINEL_FIXTURES","Regex inventory only; no script was run and behavior is not proven."
"LOCAL_PARKED_ROOT_HELPER","C:\Users\13527\Desktop\123\_TOOLS_AND_SCRIPTS\ROOT_LOOSE_HELPERS_20260603\OTHER_ROUTING_AND_DECISION\RUN_CONSOLE_SEVERITY_COLOR_RULE_SAVE_GATE.ps1","OTHER_ROUTING_AND_DECISION","RUN_CONSOLE_SEVERITY_COLOR_RULE_SAVE_GATE.ps1","save gate or save helper","20370","C002549DCD7EF863CB57E3592E79347055508DCE0B42E3A501A0E39B24EC7CBA","True","True","True","True","True","False","False","True","False","True","TIER_4_SAVE_COMMIT_PUSH_BLOCKED","PARKED_LOCAL_NOT_RUN","FRESH_PARKED_20260603","true","ROW_LATER_SAVE_HELPER_AFTER_MANIFEST_SENTINEL_FIXTURES","Regex inventory only; no script was run and behavior is not proven."
"LOCAL_PARKED_ROOT_HELPER","C:\Users\13527\Desktop\123\_TOOLS_AND_SCRIPTS\ROOT_LOOSE_HELPERS_20260603\OTHER_ROUTING_AND_DECISION\RUN_WARNING_SELF_CLASSIFICATION_RULE_SAVE_GATE.ps1","OTHER_ROUTING_AND_DECISION","RUN_WARNING_SELF_CLASSIFICATION_RULE_SAVE_GATE.ps1","save gate or save helper","15991","B1AD233BCB5FBA38975FA10073DFF61F38AFA2E859075313830861573A0F158D","True","True","True","True","True","False","False","True","False","True","TIER_4_SAVE_COMMIT_PUSH_BLOCKED","PARKED_LOCAL_NOT_RUN","FRESH_PARKED_20260603","true","ROW_LATER_SAVE_HELPER_AFTER_MANIFEST_SENTINEL_FIXTURES","Regex inventory only; no script was run and behavior is not proven."
"TRACKED_REPO_HELPER_SURFACE","LOCK_SAVE_PROBLEM_SOLVING_ORDER_LATCH_WITH_MULE_WORK_V1.ps1","OTHER_TRACKED_PS1","LOCK_SAVE_PROBLEM_SOLVING_ORDER_LATCH_WITH_MULE_WORK_V1.ps1","save gate or save helper","44451","0DBD3F3275AB0ED1B066EF300FC7EB7314A3B7CB469E3C3685138AD5140091AC","True","True","True","True","True","False","False","True","False","True","TIER_4_SAVE_COMMIT_PUSH_BLOCKED","TRACKED_REPO_NOT_RUN","UNKNOWN_OR_MIXED_AGE","true","ROW_LATER_SAVE_HELPER_AFTER_MANIFEST_SENTINEL_FIXTURES","Regex inventory only; no script was run and behavior is not proven."
"TRACKED_REPO_HELPER_SURFACE","TOOLS/PORCH_DROPPED_HELPER_SCRIPTS_20260523/AUDIT_NEW_HOME_AND_WRITE_MULE_SPEC_20260523.ps1","PORCH_DROPPED_HELPERS","AUDIT_NEW_HOME_AND_WRITE_MULE_SPEC_20260523.ps1","verify/check/audit helper","13838","D6644F6434FF3F34A1D76DA5B25747A91F00EFE06DCD7B80A5F8E3159DC04B3B","True","True","False","True","False","False","False","True","False","True","TIER_4_SAVE_COMMIT_PUSH_BLOCKED","TRACKED_REPO_NOT_RUN","OLDER_TRACKED_CANDIDATE","true","ROW_LATER_SAVE_HELPER_AFTER_MANIFEST_SENTINEL_FIXTURES","Regex inventory only; no script was run and behavior is not proven."
"TRACKED_REPO_HELPER_SURFACE","TOOLS/PORCH_DROPPED_HELPER_SCRIPTS_20260523/BROAD_COMMAND_TRIGGER_LIST_SAVE_RUNNERS_20260523/SAVE_BROAD_COMMAND_TRIGGER_LIST_TO_GIT_V1_1.ps1","PORCH_DROPPED_HELPERS","SAVE_BROAD_COMMAND_TRIGGER_LIST_TO_GIT_V1_1.ps1","save gate or save helper","10768","36A209E1555B7FC0A2A9F8367DC8796C2E7F904DBC3F97A04BBF287B0209193F","True","True","True","True","True","False","False","True","False","True","TIER_4_SAVE_COMMIT_PUSH_BLOCKED","TRACKED_REPO_NOT_RUN","OLDER_TRACKED_CANDIDATE","true","ROW_LATER_SAVE_HELPER_AFTER_MANIFEST_SENTINEL_FIXTURES","Regex inventory only; no script was run and behavior is not proven."
"TRACKED_REPO_HELPER_SURFACE","TOOLS/PORCH_DROPPED_HELPER_SCRIPTS_20260523/BROAD_COMMAND_TRIGGER_LIST_SAVE_RUNNERS_20260523/SAVE_BROAD_COMMAND_TRIGGER_LIST_TO_GIT_V1_2.ps1","PORCH_DROPPED_HELPERS","SAVE_BROAD_COMMAND_TRIGGER_LIST_TO_GIT_V1_2.ps1","save gate or save helper","13255","3EED428B7A39D5F53760EE3E576295A91CC4F2B29423A75C5703851EB3AE6C68","True","True","True","True","True","False","False","True","False","True","TIER_4_SAVE_COMMIT_PUSH_BLOCKED","TRACKED_REPO_NOT_RUN","OLDER_TRACKED_CANDIDATE","true","ROW_LATER_SAVE_HELPER_AFTER_MANIFEST_SENTINEL_FIXTURES","Regex inventory only; no script was run and behavior is not proven."
"TRACKED_REPO_HELPER_SURFACE","TOOLS/PORCH_DROPPED_HELPER_SCRIPTS_20260523/LOCK_SAVE_FRUSTRATION_RETRACE_AND_TRANSCRIPT_INVENTORY_20260523.ps1","PORCH_DROPPED_HELPERS","LOCK_SAVE_FRUSTRATION_RETRACE_AND_TRANSCRIPT_INVENTORY_20260523.ps1","save gate or save helper","22324","020D060CD5E3E5771ECDA3A56E6FBDFCC2E581679602AED0B08DAC4FD1618C21","True","True","True","True","True","False","False","True","False","True","TIER_4_SAVE_COMMIT_PUSH_BLOCKED","TRACKED_REPO_NOT_RUN","OLDER_TRACKED_CANDIDATE","true","ROW_LATER_SAVE_HELPER_AFTER_MANIFEST_SENTINEL_FIXTURES","Regex inventory only; no script was run and behavior is not proven."
"TRACKED_REPO_HELPER_SURFACE","TOOLS/PORCH_DROPPED_HELPER_SCRIPTS_20260523/LOCK_SAVE_SUCCESS_PATTERN_HOME_PLACEMENT_RULES_20260523.ps1","PORCH_DROPPED_HELPERS","LOCK_SAVE_SUCCESS_PATTERN_HOME_PLACEMENT_RULES_20260523.ps1","save gate or save helper","13239","D27D54994CAB11F234E64C0CE90E3653134355A313474AEE6DBED018DF6FE10D","True","True","False","False","True","False","False","True","False","True","TIER_4_SAVE_COMMIT_PUSH_BLOCKED","TRACKED_REPO_NOT_RUN","OLDER_TRACKED_CANDIDATE","true","ROW_LATER_SAVE_HELPER_AFTER_MANIFEST_SENTINEL_FIXTURES","Regex inventory only; no script was run and behavior is not proven."
"TRACKED_REPO_HELPER_SURFACE","PORCH_SORTING_TABLE/FRONT_DOOR_CLEANOUT_V1.0_20260523_023854/SCRIPTS/LOCK_SAVE_17_ROUTE_SEQUENTIAL_LEARNING_WALK_PROCESS_V1.ps1","PORCH_SORTING_TABLE_SCRIPTS","LOCK_SAVE_17_ROUTE_SEQUENTIAL_LEARNING_WALK_PROCESS_V1.ps1","save gate or save helper","17538","D560201D2DAC3A1F627D75F594903761F8784F6B0CE53334CFA5464B72355C92","True","True","True","True","True","False","False","True","False","True","TIER_4_SAVE_COMMIT_PUSH_BLOCKED","TRACKED_REPO_NOT_RUN","OLDER_TRACKED_CANDIDATE","true","ROW_LATER_SAVE_HELPER_AFTER_MANIFEST_SENTINEL_FIXTURES","Regex inventory only; no script was run and behavior is not proven."
"TRACKED_REPO_HELPER_SURFACE","PORCH_SORTING_TABLE/FRONT_DOOR_CLEANOUT_V1.0_20260523_023854/SCRIPTS/LOCK_SAVE_CHAT_TO_HOUSE_CREATIVE_ROOM_LARGE_MODEL_V2.ps1","PORCH_SORTING_TABLE_SCRIPTS","LOCK_SAVE_CHAT_TO_HOUSE_CREATIVE_ROOM_LARGE_MODEL_V2.ps1","save gate or save helper","22353","2D52C882FF71D1EC28555AFD424F19CBA534D3485D1069BD9416767089B6CAB4","True","True","True","True","True","False","False","True","False","True","TIER_4_SAVE_COMMIT_PUSH_BLOCKED","TRACKED_REPO_NOT_RUN","OLDER_TRACKED_CANDIDATE","true","ROW_LATER_SAVE_HELPER_AFTER_MANIFEST_SENTINEL_FIXTURES","Regex inventory only; no script was run and behavior is not proven."
"TRACKED_REPO_HELPER_SURFACE","PORCH_SORTING_TABLE/FRONT_DOOR_CLEANOUT_V1.0_20260523_023854/SCRIPTS/LOCK_SAVE_CREATIVE_GATE_NEIGHBOR_ORDER_V1.ps1","PORCH_SORTING_TABLE_SCRIPTS","LOCK_SAVE_CREATIVE_GATE_NEIGHBOR_ORDER_V1.ps1","save gate or save helper","16812","2E9B3DA0FEAA301F57CF90D08524E1B94D3CC2D83B91A787D87E2542F6FFD82C","True","True","True","True","True","False","False","True","False","True","TIER_4_SAVE_COMMIT_PUSH_BLOCKED","TRACKED_REPO_NOT_RUN","OLDER_TRACKED_CANDIDATE","true","ROW_LATER_SAVE_HELPER_AFTER_MANIFEST_SENTINEL_FIXTURES","Regex inventory only; no script was run and behavior is not proven."
"TRACKED_REPO_HELPER_SURFACE","PORCH_SORTING_TABLE/FRONT_DOOR_CLEANOUT_V1.0_20260523_023854/SCRIPTS/LOCK_SAVE_CREATIVE_GATE_WILDCARD_REPAIR_V1.ps1","PORCH_SORTING_TABLE_SCRIPTS","LOCK_SAVE_CREATIVE_GATE_WILDCARD_REPAIR_V1.ps1","save gate or save helper","15646","094643C4AF890472A6ED922FD79FE92B29B9983C413F2E5A5A3C84CD61835892","True","True","True","True","True","False","False","True","False","True","TIER_4_SAVE_COMMIT_PUSH_BLOCKED","TRACKED_REPO_NOT_RUN","OLDER_TRACKED_CANDIDATE","true","ROW_LATER_SAVE_HELPER_AFTER_MANIFEST_SENTINEL_FIXTURES","Regex inventory only; no script was run and behavior is not proven."
"TRACKED_REPO_HELPER_SURFACE","PORCH_SORTING_TABLE/FRONT_DOOR_CLEANOUT_V1.1_20260523_035152/SCRIPTS/LOCK_SAVE_ALPHA_OMEGA_HINDSIGHT_ORDER_V1.ps1","PORCH_SORTING_TABLE_SCRIPTS","LOCK_SAVE_ALPHA_OMEGA_HINDSIGHT_ORDER_V1.ps1","save gate or save helper","9593","30656014DB4A682365EF3D71CA7012F2527D93068FC87A2AFC769FE4624BBED5","True","True","True","True","True","False","False","True","False","True","TIER_4_SAVE_COMMIT_PUSH_BLOCKED","TRACKED_REPO_NOT_RUN","OLDER_TRACKED_CANDIDATE","true","ROW_LATER_SAVE_HELPER_AFTER_MANIFEST_SENTINEL_FIXTURES","Regex inventory only; no script was run and behavior is not proven."
"TRACKED_REPO_HELPER_SURFACE","PORCH_SORTING_TABLE/FRONT_DOOR_CLEANOUT_V1.1_20260523_035152/SCRIPTS/LOCK_SAVE_GATE_SET_MULE_HANDOFF_ALPHA_OMEGA_V1.ps1","PORCH_SORTING_TABLE_SCRIPTS","LOCK_SAVE_GATE_SET_MULE_HANDOFF_ALPHA_OMEGA_V1.ps1","save gate or save helper","20000","BEED43E5A1F27B6A2571A97D70A94D7754369778123A38DA7D9F1FB508D34E2E","True","True","True","True","True","False","False","True","False","True","TIER_4_SAVE_COMMIT_PUSH_BLOCKED","TRACKED_REPO_NOT_RUN","OLDER_TRACKED_CANDIDATE","true","ROW_LATER_SAVE_HELPER_AFTER_MANIFEST_SENTINEL_FIXTURES","Regex inventory only; no script was run and behavior is not proven."
"TRACKED_REPO_HELPER_SURFACE","PORCH_WATCHER/TOOLS/SAVE_DESKTOP_DROP_VERSION_NAMING_RULE_V1.ps1","PORCH_WATCHER_TOOLS","SAVE_DESKTOP_DROP_VERSION_NAMING_RULE_V1.ps1","watcher-or-polling surface","11580","5BA22C03E6D972719BE0966A1FFA39C8719FD1EB58FED5321D37401FCA2F0ED1","True","True","True","True","True","False","False","True","False","True","TIER_4_SAVE_COMMIT_PUSH_BLOCKED","TRACKED_REPO_NOT_RUN","ACTIVE_SURFACE_BLOCKED_FOR_STRESS_BENCH","true","ROW_LATER_SAVE_HELPER_AFTER_MANIFEST_SENTINEL_FIXTURES","Regex inventory only; no script was run and behavior is not proven."
"TRACKED_REPO_HELPER_SURFACE","PORCH_WATCHER/TOOLS/SAVE_DESKTOP_NAMING_REPAIR_V1.1.ps1","PORCH_WATCHER_TOOLS","SAVE_DESKTOP_NAMING_REPAIR_V1.1.ps1","watcher-or-polling surface","15281","F379E42D921D4A7FE5ADC13995F5C30AD94A3B73134EA0E007E1CFCFF8BDE984","True","True","True","True","True","False","False","True","False","True","TIER_4_SAVE_COMMIT_PUSH_BLOCKED","TRACKED_REPO_NOT_RUN","ACTIVE_SURFACE_BLOCKED_FOR_STRESS_BENCH","true","ROW_LATER_SAVE_HELPER_AFTER_MANIFEST_SENTINEL_FIXTURES","Regex inventory only; no script was run and behavior is not proven."
"TRACKED_REPO_HELPER_SURFACE","PORCH_WATCHER/TOOLS/SAVE_LOCATION_DEFAULT_LOCAL_AND_URL_RULE_20260522.ps1","PORCH_WATCHER_TOOLS","SAVE_LOCATION_DEFAULT_LOCAL_AND_URL_RULE_20260522.ps1","watcher-or-polling surface","12741","A9F05AD6954A40A943998583AB433ABF948F4FAF145D9694080F45E50658AB48","True","True","True","True","True","False","False","True","False","True","TIER_4_SAVE_COMMIT_PUSH_BLOCKED","TRACKED_REPO_NOT_RUN","ACTIVE_SURFACE_BLOCKED_FOR_STRESS_BENCH","true","ROW_LATER_SAVE_HELPER_AFTER_MANIFEST_SENTINEL_FIXTURES","Regex inventory only; no script was run and behavior is not proven."
"TRACKED_REPO_HELPER_SURFACE","PORCH_WATCHER/TOOLS/SAVE_MULTI_RULE_BATCH_COMPATIBILITY_APPLY_GATE_V1.ps1","PORCH_WATCHER_TOOLS","SAVE_MULTI_RULE_BATCH_COMPATIBILITY_APPLY_GATE_V1.ps1","watcher-or-polling surface","18585","DECB7552745E1C764CB65B8464307098BE186DBEEBC8B17B2D51536F46CBFBDD","True","True","True","True","True","False","False","True","False","True","TIER_4_SAVE_COMMIT_PUSH_BLOCKED","TRACKED_REPO_NOT_RUN","ACTIVE_SURFACE_BLOCKED_FOR_STRESS_BENCH","true","ROW_LATER_SAVE_HELPER_AFTER_MANIFEST_SENTINEL_FIXTURES","Regex inventory only; no script was run and behavior is not proven."
"TRACKED_REPO_HELPER_SURFACE","PORCH_WATCHER/TOOLS/SAVE_NO_PARKING_FIT_DECISION_AND_SAVE_LOCATION_RULES_20260522.ps1","PORCH_WATCHER_TOOLS","SAVE_NO_PARKING_FIT_DECISION_AND_SAVE_LOCATION_RULES_20260522.ps1","watcher-or-polling surface","18567","C23C4DEA527660DCAB6127F23D45CBE287D4C6B3DD4A4FEEF86C6A7B0A6AF975","True","True","True","True","True","False","False","True","False","True","TIER_4_SAVE_COMMIT_PUSH_BLOCKED","TRACKED_REPO_NOT_RUN","ACTIVE_SURFACE_BLOCKED_FOR_STRESS_BENCH","true","ROW_LATER_SAVE_HELPER_AFTER_MANIFEST_SENTINEL_FIXTURES","Regex inventory only; no script was run and behavior is not proven."
"TRACKED_REPO_HELPER_SURFACE","PORCH_WATCHER/TOOLS/SAVE_SWITCHING_GEARS_SMOKE_BREAK_HOUSE_WALK_RULE_20260522.ps1","PORCH_WATCHER_TOOLS","SAVE_SWITCHING_GEARS_SMOKE_BREAK_HOUSE_WALK_RULE_20260522.ps1","watcher-or-polling surface","12816","AC05F654FD30D01CFBF2712BC6F90634C613921325510972B4BF7ABD4FFC5F2E","True","True","True","True","True","False","False","True","False","True","TIER_4_SAVE_COMMIT_PUSH_BLOCKED","TRACKED_REPO_NOT_RUN","ACTIVE_SURFACE_BLOCKED_FOR_STRESS_BENCH","true","ROW_LATER_SAVE_HELPER_AFTER_MANIFEST_SENTINEL_FIXTURES","Regex inventory only; no script was run and behavior is not proven."
"TRACKED_REPO_HELPER_SURFACE","COMMAND_CENTER/CHILD_SHELL/RUNNERS/RUN_CHILD_SHELL_DISPATCH_ONCE.ps1","CHILD_SHELL_RUNNERS","RUN_CHILD_SHELL_DISPATCH_ONCE.ps1","runner/execution surface","1931","8032237EA325CCC56D1E29B9AAF0554987754678C04B537659BD2912BEC3F6D1","True","True","False","False","False","True","False","False","False","False","TIER_5_PROCESS_OR_DESTRUCTIVE_BLOCKED","TRACKED_REPO_NOT_RUN","UNKNOWN_OR_MIXED_AGE","true","BLOCKED_UNTIL_NEGATIVE_FIXTURE_AND_AUTHORITY_REVIEW","Regex inventory only; no script was run and behavior is not proven."
"TRACKED_REPO_HELPER_SURFACE","COMMAND_CENTER/CHILD_SHELL/RUNNERS/RUN_CHILD_SHELL_LEVEL0_ONCE.ps1","CHILD_SHELL_RUNNERS","RUN_CHILD_SHELL_LEVEL0_ONCE.ps1","runner/execution surface","4646","79CC9BF0E28A486D3E9A28FF952DCACC8BC6BBC5474310BD70AD1400626A86EB","True","True","False","False","False","True","False","True","False","True","TIER_5_PROCESS_OR_DESTRUCTIVE_BLOCKED","TRACKED_REPO_NOT_RUN","UNKNOWN_OR_MIXED_AGE","true","BLOCKED_UNTIL_NEGATIVE_FIXTURE_AND_AUTHORITY_REVIEW","Regex inventory only; no script was run and behavior is not proven."
"TRACKED_REPO_HELPER_SURFACE","COMMAND_CENTER/CHILD_SHELL/RUNNERS/RUN_CHILD_SHELL_LEVEL1_ONCE.ps1","CHILD_SHELL_RUNNERS","RUN_CHILD_SHELL_LEVEL1_ONCE.ps1","runner/execution surface","5172","4AB6FAA757C918F4FA2BD5662B75A9091AD67F044CF1BF9E93AE6B2FE7DE761C","True","True","False","False","False","True","False","True","False","True","TIER_5_PROCESS_OR_DESTRUCTIVE_BLOCKED","TRACKED_REPO_NOT_RUN","UNKNOWN_OR_MIXED_AGE","true","BLOCKED_UNTIL_NEGATIVE_FIXTURE_AND_AUTHORITY_REVIEW","Regex inventory only; no script was run and behavior is not proven."
"TRACKED_REPO_HELPER_SURFACE","COMMAND_CENTER/CHILD_SHELL/RUNNERS/RUN_CHILD_SHELL_LEVEL2_APPROVED_HELPER_ONCE.ps1","CHILD_SHELL_RUNNERS","RUN_CHILD_SHELL_LEVEL2_APPROVED_HELPER_ONCE.ps1","runner/execution surface","9506","6324ED74184800864535591ACC51CC97CC2665E002B183698E161AA4773D6EE3","True","True","False","False","False","True","False","True","False","True","TIER_5_PROCESS_OR_DESTRUCTIVE_BLOCKED","TRACKED_REPO_NOT_RUN","UNKNOWN_OR_MIXED_AGE","true","BLOCKED_UNTIL_NEGATIVE_FIXTURE_AND_AUTHORITY_REVIEW","Regex inventory only; no script was run and behavior is not proven."
"TRACKED_REPO_HELPER_SURFACE","COMMAND_CENTER/CHILD_SHELL/RUNNERS/RUN_CHILD_SHELL_LEVEL3_APPROVED_HOUSE_SAVE_ONCE.ps1","CHILD_SHELL_RUNNERS","RUN_CHILD_SHELL_LEVEL3_APPROVED_HOUSE_SAVE_ONCE.ps1","save gate or save helper","9157","01FA933BBC37CE2B41DCB60ADD264A05CCFB100112E129AD8D65F4EE80018586","True","True","False","False","False","True","False","False","False","True","TIER_5_PROCESS_OR_DESTRUCTIVE_BLOCKED","TRACKED_REPO_NOT_RUN","UNKNOWN_OR_MIXED_AGE","true","BLOCKED_UNTIL_NEGATIVE_FIXTURE_AND_AUTHORITY_REVIEW","Regex inventory only; no script was run and behavior is not proven."
"TRACKED_REPO_HELPER_SURFACE","COMMAND_CENTER/CHILD_SHELL/WATCHER/CHILD_SHELL_WATCHER_LOOP.ps1","CHILD_SHELL_WATCHER","CHILD_SHELL_WATCHER_LOOP.ps1","watcher-or-polling surface","3157","EC4060EEB0DD11F3DC867D03CCC91247AC84365A2A586E2ADCBB03A885D9AA01","True","True","False","False","False","True","False","False","False","False","TIER_5_PROCESS_OR_DESTRUCTIVE_BLOCKED","TRACKED_REPO_NOT_RUN","ACTIVE_SURFACE_BLOCKED_FOR_STRESS_BENCH","true","BLOCKED_UNTIL_NEGATIVE_FIXTURE_AND_AUTHORITY_REVIEW","Regex inventory only; no script was run and behavior is not proven."
"TRACKED_REPO_HELPER_SURFACE","COMMAND_CENTER/CHILD_SHELL/WATCHER/START_CHILD_SHELL_WATCHER.ps1","CHILD_SHELL_WATCHER","START_CHILD_SHELL_WATCHER.ps1","watcher-or-polling surface","2002","F8D3B2C2853D9E85DC4D024E2D2B79D8C2159130D2B3C85698CBB65AC04D70D9","True","True","False","False","False","True","True","False","False","False","TIER_5_PROCESS_OR_DESTRUCTIVE_BLOCKED","TRACKED_REPO_NOT_RUN","ACTIVE_SURFACE_BLOCKED_FOR_STRESS_BENCH","true","BLOCKED_UNTIL_NEGATIVE_FIXTURE_AND_AUTHORITY_REVIEW","Regex inventory only; no script was run and behavior is not proven."
"TRACKED_REPO_HELPER_SURFACE","COMMAND_CENTER/SCRIPTS/INCOMING/CAPTURE_YOUTUBE_Dgbci0GC1vk_TO_123_20260522.ps1","COMMAND_CENTER_INCOMING","CAPTURE_YOUTUBE_Dgbci0GC1vk_TO_123_20260522.ps1","unknown helper/script surface","4245","C2E64F9F85F3F84285DD3339CDF9BF3968DE1C2B5CC4B65FE231C2F93899FFEC","True","True","False","False","False","True","False","False","False","True","TIER_5_PROCESS_OR_DESTRUCTIVE_BLOCKED","TRACKED_REPO_NOT_RUN","OLDER_TRACKED_CANDIDATE","true","BLOCKED_UNTIL_NEGATIVE_FIXTURE_AND_AUTHORITY_REVIEW","Regex inventory only; no script was run and behavior is not proven."
"TRACKED_REPO_HELPER_SURFACE","COMMAND_CENTER/SCRIPTS/INCOMING/CLEAN_SEED_RESCUE_INSTALL_SCOPE_STATE_TRIGGER_LOCK.ps1","COMMAND_CENTER_INCOMING","CLEAN_SEED_RESCUE_INSTALL_SCOPE_STATE_TRIGGER_LOCK.ps1","installer/helper setup surface","405084","BB24BED576EB6BAAA5A5978C9717462D9E3EF0C4827B420755BC4B386A8ABBC4","True","True","False","False","False","True","False","True","False","True","TIER_5_PROCESS_OR_DESTRUCTIVE_BLOCKED","TRACKED_REPO_NOT_RUN","UNKNOWN_OR_MIXED_AGE","true","BLOCKED_UNTIL_NEGATIVE_FIXTURE_AND_AUTHORITY_REVIEW","Regex inventory only; no script was run and behavior is not proven."
"TRACKED_REPO_HELPER_SURFACE","COMMAND_CENTER/SCRIPTS/INCOMING/FULL_METHOD_STACK_SAVE_20260522.ps1","COMMAND_CENTER_INCOMING","FULL_METHOD_STACK_SAVE_20260522.ps1","save gate or save helper","18309","AE5B21FD443AFC43E29B05AEC849C61411E8A83E1AF2E9EC800702079BDD63DE","True","True","False","False","True","True","False","True","False","True","TIER_5_PROCESS_OR_DESTRUCTIVE_BLOCKED","TRACKED_REPO_NOT_RUN","OLDER_TRACKED_CANDIDATE","true","BLOCKED_UNTIL_NEGATIVE_FIXTURE_AND_AUTHORITY_REVIEW","Regex inventory only; no script was run and behavior is not proven."
"TRACKED_REPO_HELPER_SURFACE","COMMAND_CENTER/SCRIPTS/INCOMING/INSTALL_CHILD_SHELL_LEVEL0_ROUTE_20260521_074420 (1).ps1","COMMAND_CENTER_INCOMING","INSTALL_CHILD_SHELL_LEVEL0_ROUTE_20260521_074420 (1).ps1","installer/helper setup surface","10379","05F19874A1139F75A7C5A642E3DBA547A123CB2A9A44382EACA2AD5A9D0A0F81","True","True","False","False","False","True","False","True","False","True","TIER_5_PROCESS_OR_DESTRUCTIVE_BLOCKED","TRACKED_REPO_NOT_RUN","OLDER_TRACKED_CANDIDATE","true","BLOCKED_UNTIL_NEGATIVE_FIXTURE_AND_AUTHORITY_REVIEW","Regex inventory only; no script was run and behavior is not proven."
"TRACKED_REPO_HELPER_SURFACE","COMMAND_CENTER/SCRIPTS/INCOMING/INSTALL_CHILD_SHELL_LEVEL0_ROUTE_20260521_074420.ps1","COMMAND_CENTER_INCOMING","INSTALL_CHILD_SHELL_LEVEL0_ROUTE_20260521_074420.ps1","installer/helper setup surface","10379","05F19874A1139F75A7C5A642E3DBA547A123CB2A9A44382EACA2AD5A9D0A0F81","True","True","False","False","False","True","False","True","False","True","TIER_5_PROCESS_OR_DESTRUCTIVE_BLOCKED","TRACKED_REPO_NOT_RUN","OLDER_TRACKED_CANDIDATE","true","BLOCKED_UNTIL_NEGATIVE_FIXTURE_AND_AUTHORITY_REVIEW","Regex inventory only; no script was run and behavior is not proven."
"TRACKED_REPO_HELPER_SURFACE","COMMAND_CENTER/SCRIPTS/INCOMING/INSTALL_CHILD_SHELL_LEVEL1_READ_STATUS_20260521_074902.ps1","COMMAND_CENTER_INCOMING","INSTALL_CHILD_SHELL_LEVEL1_READ_STATUS_20260521_074902.ps1","read/status/inspect helper","11426","E2B868CB50AD58F344B6DA143583EE1D0FF4C8D5CE836348A00CB88F11D145A9","True","True","False","False","False","True","False","True","False","True","TIER_5_PROCESS_OR_DESTRUCTIVE_BLOCKED","TRACKED_REPO_NOT_RUN","OLDER_TRACKED_CANDIDATE","true","BLOCKED_UNTIL_NEGATIVE_FIXTURE_AND_AUTHORITY_REVIEW","Regex inventory only; no script was run and behavior is not proven."
"TRACKED_REPO_HELPER_SURFACE","COMMAND_CENTER/SCRIPTS/INCOMING/INSTALL_CHILD_SHELL_LEVEL2_APPROVED_HELPER_ROUTE_20260521_083132.ps1","COMMAND_CENTER_INCOMING","INSTALL_CHILD_SHELL_LEVEL2_APPROVED_HELPER_ROUTE_20260521_083132.ps1","installer/helper setup surface","23997","49C9C2BDC32595452434B2758B1E00A301D912375BB43CD5D1B1AE56BAA00B63","True","True","False","False","False","True","False","True","False","True","TIER_5_PROCESS_OR_DESTRUCTIVE_BLOCKED","TRACKED_REPO_NOT_RUN","OLDER_TRACKED_CANDIDATE","true","BLOCKED_UNTIL_NEGATIVE_FIXTURE_AND_AUTHORITY_REVIEW","Regex inventory only; no script was run and behavior is not proven."
"TRACKED_REPO_HELPER_SURFACE","COMMAND_CENTER/SCRIPTS/INCOMING/INSTALL_CHILD_SHELL_WATCHER_TRIGGER_20260521_075223.ps1","COMMAND_CENTER_INCOMING","INSTALL_CHILD_SHELL_WATCHER_TRIGGER_20260521_075223.ps1","watcher-or-polling surface","13253","D33F6D2973FE7BE990044252A853EDBDA9CBCDADAC0C046ADC214032DDFD2D33","True","True","False","False","False","True","True","True","False","True","TIER_5_PROCESS_OR_DESTRUCTIVE_BLOCKED","TRACKED_REPO_NOT_RUN","ACTIVE_SURFACE_BLOCKED_FOR_STRESS_BENCH","true","BLOCKED_UNTIL_NEGATIVE_FIXTURE_AND_AUTHORITY_REVIEW","Regex inventory only; no script was run and behavior is not proven."
"TRACKED_REPO_HELPER_SURFACE","COMMAND_CENTER/SCRIPTS/INCOMING/pwsh.profile.resource.ps1","COMMAND_CENTER_INCOMING","pwsh.profile.resource.ps1","unknown helper/script surface","20811","9268AF7D9AB8F6AF57FCDCF6053A79B41954886A5092AF06A1455429EC36EC71","True","True","False","False","False","True","False","False","False","False","TIER_5_PROCESS_OR_DESTRUCTIVE_BLOCKED","TRACKED_REPO_NOT_RUN","UNKNOWN_OR_MIXED_AGE","true","BLOCKED_UNTIL_NEGATIVE_FIXTURE_AND_AUTHORITY_REVIEW","Regex inventory only; no script was run and behavior is not proven."
"TRACKED_REPO_HELPER_SURFACE","COMMAND_CENTER/SCRIPTS/INCOMING/REPAIR_CHILD_SHELL_LOCK_SAVE_GIT_ADD_IGNORED_PROOF_20260521_080346.ps1","COMMAND_CENTER_INCOMING","REPAIR_CHILD_SHELL_LOCK_SAVE_GIT_ADD_IGNORED_PROOF_20260521_080346.ps1","save gate or save helper","7846","A0318302E9C680B5482C6EA2F41F4001043CAA70025C930F4859F5DFCF91C3C3","True","False","True","True","True","True","False","True","False","True","TIER_5_PROCESS_OR_DESTRUCTIVE_BLOCKED","TRACKED_REPO_NOT_RUN","OLDER_TRACKED_CANDIDATE","true","BLOCKED_UNTIL_NEGATIVE_FIXTURE_AND_AUTHORITY_REVIEW","Regex inventory only; no script was run and behavior is not proven."
"TRACKED_REPO_HELPER_SURFACE","COMMAND_CENTER/SCRIPTS/INCOMING/REPAIR_CHILD_SHELL_WATCHER_PID_COLLISION_20260521_075935.ps1","COMMAND_CENTER_INCOMING","REPAIR_CHILD_SHELL_WATCHER_PID_COLLISION_20260521_075935.ps1","watcher-or-polling surface","9690","EC9B0568AF1F270D7AA4F0B20725596E7652CF24E269DA6620B04364C6667EDF","True","True","False","False","False","True","True","False","False","True","TIER_5_PROCESS_OR_DESTRUCTIVE_BLOCKED","TRACKED_REPO_NOT_RUN","ACTIVE_SURFACE_BLOCKED_FOR_STRESS_BENCH","true","BLOCKED_UNTIL_NEGATIVE_FIXTURE_AND_AUTHORITY_REVIEW","Regex inventory only; no script was run and behavior is not proven."
"TRACKED_REPO_HELPER_SURFACE","COMMAND_CENTER/SCRIPTS/INCOMING/RUN_BUILD_123_UNIT_HOUSE_MIMIC_20260521.ps1","COMMAND_CENTER_INCOMING","RUN_BUILD_123_UNIT_HOUSE_MIMIC_20260521.ps1","runner/execution surface","14262","0BE00BB3C28133161637A8FD6C88332BD37AF84671F8A67A8BA7769871EF9A63","True","True","False","False","False","True","False","True","False","True","TIER_5_PROCESS_OR_DESTRUCTIVE_BLOCKED","TRACKED_REPO_NOT_RUN","OLDER_TRACKED_CANDIDATE","true","BLOCKED_UNTIL_NEGATIVE_FIXTURE_AND_AUTHORITY_REVIEW","Regex inventory only; no script was run and behavior is not proven."
"TRACKED_REPO_HELPER_SURFACE","COMMAND_CENTER/SCRIPTS/INCOMING/RUN_INTAKE_HNS_AND_COMMON_SENSE_RETURNS_20260521.ps1","COMMAND_CENTER_INCOMING","RUN_INTAKE_HNS_AND_COMMON_SENSE_RETURNS_20260521.ps1","runner/execution surface","26198","F6FC088866D7B712B9FC97ABB8BF8BF6D9FF9A6CB09F4401628079F04F3AE6B4","True","True","True","True","True","True","False","True","False","True","TIER_5_PROCESS_OR_DESTRUCTIVE_BLOCKED","TRACKED_REPO_NOT_RUN","OLDER_TRACKED_CANDIDATE","true","BLOCKED_UNTIL_NEGATIVE_FIXTURE_AND_AUTHORITY_REVIEW","Regex inventory only; no script was run and behavior is not proven."
"TRACKED_REPO_HELPER_SURFACE","COMMAND_CENTER/SCRIPTS/INCOMING/RUN_TOOL_SURFACE_PASSPORT_RULE_SAVE_20260521.ps1","COMMAND_CENTER_INCOMING","RUN_TOOL_SURFACE_PASSPORT_RULE_SAVE_20260521.ps1","save gate or save helper","19987","BAE66B7B69C60351BA5FA4EF028FEF74DE224037F7DFE022BA7787B4252F638E","True","True","True","True","True","True","False","True","False","True","TIER_5_PROCESS_OR_DESTRUCTIVE_BLOCKED","TRACKED_REPO_NOT_RUN","OLDER_TRACKED_CANDIDATE","true","BLOCKED_UNTIL_NEGATIVE_FIXTURE_AND_AUTHORITY_REVIEW","Regex inventory only; no script was run and behavior is not proven."
"TRACKED_REPO_HELPER_SURFACE","COMMAND_CENTER/SCRIPTS/INCOMING/WAKE_THIS_CHAT.ps1","COMMAND_CENTER_INCOMING","WAKE_THIS_CHAT.ps1","unknown helper/script surface","2315","90194DFA1C5E5237C65152ED638AFCDE91A7D962C4946519C92BC67FB0F9DE3B","False","True","False","False","False","False","True","False","False","False","TIER_5_PROCESS_OR_DESTRUCTIVE_BLOCKED","TRACKED_REPO_NOT_RUN","UNKNOWN_OR_MIXED_AGE","true","BLOCKED_UNTIL_NEGATIVE_FIXTURE_AND_AUTHORITY_REVIEW","Regex inventory only; no script was run and behavior is not proven."
"TRACKED_REPO_HELPER_SURFACE","COMMAND_CENTER/SCRIPTS/SAVE_SCRIPTS/SAVE_ALARM_DEBUGGER_FILING_CABINET_20260522.ps1","COMMAND_CENTER_SAVE_SCRIPTS","SAVE_ALARM_DEBUGGER_FILING_CABINET_20260522.ps1","save gate or save helper","26210","3F4FD506C8C03776E105C0A230CF03110E58B3AE4ABB5FBF158945245590A4CC","True","True","True","False","False","True","False","True","False","True","TIER_5_PROCESS_OR_DESTRUCTIVE_BLOCKED","TRACKED_REPO_NOT_RUN","OLDER_TRACKED_CANDIDATE","true","BLOCKED_UNTIL_NEGATIVE_FIXTURE_AND_AUTHORITY_REVIEW","Regex inventory only; no script was run and behavior is not proven."
"TRACKED_REPO_HELPER_SURFACE","COMMAND_CENTER/SCRIPTS/SAVE_SCRIPTS/SAVE_ALARM_DEBUGGER_WHOLE_GROUP_BATCH_20260522.ps1","COMMAND_CENTER_SAVE_SCRIPTS","SAVE_ALARM_DEBUGGER_WHOLE_GROUP_BATCH_20260522.ps1","save gate or save helper","25474","034C1FF58E5298A9436B5D88DD3FC3AB50034C8FE132C71576B8EEA3A1D92D07","True","True","False","True","False","True","False","True","False","True","TIER_5_PROCESS_OR_DESTRUCTIVE_BLOCKED","TRACKED_REPO_NOT_RUN","OLDER_TRACKED_CANDIDATE","true","BLOCKED_UNTIL_NEGATIVE_FIXTURE_AND_AUTHORITY_REVIEW","Regex inventory only; no script was run and behavior is not proven."
"TRACKED_REPO_HELPER_SURFACE","COMMAND_CENTER/SCRIPTS/SAVE_SCRIPTS/SAVE_BUILD_KEEPS_FORM_CONCEPTUAL_SAME_TREATMENT_20260522.ps1","COMMAND_CENTER_SAVE_SCRIPTS","SAVE_BUILD_KEEPS_FORM_CONCEPTUAL_SAME_TREATMENT_20260522.ps1","save gate or save helper","12394","DAD576031FBBC6BA9DE1E7CF8B99BCF23BC5A327154B7C42F097952C2A8A8307","True","True","False","False","False","True","False","True","False","True","TIER_5_PROCESS_OR_DESTRUCTIVE_BLOCKED","TRACKED_REPO_NOT_RUN","OLDER_TRACKED_CANDIDATE","true","BLOCKED_UNTIL_NEGATIVE_FIXTURE_AND_AUTHORITY_REVIEW","Regex inventory only; no script was run and behavior is not proven."
"TRACKED_REPO_HELPER_SURFACE","COMMAND_CENTER/SCRIPTS/SAVE_SCRIPTS/SAVE_PROJECT_SCOPE_RULE_PLACEMENT_REPAIR_20260522.ps1","COMMAND_CENTER_SAVE_SCRIPTS","SAVE_PROJECT_SCOPE_RULE_PLACEMENT_REPAIR_20260522.ps1","save gate or save helper","13466","D1F72AB4665CC190384278896C4C595251930510F9D0BB5597875C1410D84377","True","True","False","False","False","True","False","True","False","True","TIER_5_PROCESS_OR_DESTRUCTIVE_BLOCKED","TRACKED_REPO_NOT_RUN","OLDER_TRACKED_CANDIDATE","true","BLOCKED_UNTIL_NEGATIVE_FIXTURE_AND_AUTHORITY_REVIEW","Regex inventory only; no script was run and behavior is not proven."
"TRACKED_REPO_HELPER_SURFACE","COMMAND_CENTER/SCRIPTS/SAVE_SCRIPTS/SAVE_RULE_QUALITY_WORDING_COVERAGE_SECOND_TARGET_20260522.ps1","COMMAND_CENTER_SAVE_SCRIPTS","SAVE_RULE_QUALITY_WORDING_COVERAGE_SECOND_TARGET_20260522.ps1","save gate or save helper","16085","E194DD673E62EC9AB5D1BF012F4321E9520AB8BC0825CFBF5082B58F30CA0EF1","True","True","False","False","False","True","False","True","False","True","TIER_5_PROCESS_OR_DESTRUCTIVE_BLOCKED","TRACKED_REPO_NOT_RUN","OLDER_TRACKED_CANDIDATE","true","BLOCKED_UNTIL_NEGATIVE_FIXTURE_AND_AUTHORITY_REVIEW","Regex inventory only; no script was run and behavior is not proven."
"TRACKED_REPO_HELPER_SURFACE","COMMAND_CENTER/SCRIPTS/SAVE_SCRIPTS/SAVE_SCOPE_FORM_ALARM_GROWTH_ROUTE_CHECKPOINT_20260522.ps1","COMMAND_CENTER_SAVE_SCRIPTS","SAVE_SCOPE_FORM_ALARM_GROWTH_ROUTE_CHECKPOINT_20260522.ps1","save gate or save helper","12525","FE2DC81CABDB32D9B8CE1379DCDEDD76E866F9535742BB1D6416BD26783AB7DF","True","True","False","False","False","True","False","True","False","True","TIER_5_PROCESS_OR_DESTRUCTIVE_BLOCKED","TRACKED_REPO_NOT_RUN","OLDER_TRACKED_CANDIDATE","true","BLOCKED_UNTIL_NEGATIVE_FIXTURE_AND_AUTHORITY_REVIEW","Regex inventory only; no script was run and behavior is not proven."
"TRACKED_REPO_HELPER_SURFACE","COMMAND_CENTER/SCRIPTS/SAVE_SCRIPTS/SAVE_SOURCE_LANE_ARTIFACT_PLACEMENT_FIRST_TARGET_20260522.ps1","COMMAND_CENTER_SAVE_SCRIPTS","SAVE_SOURCE_LANE_ARTIFACT_PLACEMENT_FIRST_TARGET_20260522.ps1","save gate or save helper","16240","A25647830F4865185DD8C2655FEB38429B5259123899F09411CB08120318D304","True","True","False","False","False","True","False","True","False","True","TIER_5_PROCESS_OR_DESTRUCTIVE_BLOCKED","TRACKED_REPO_NOT_RUN","OLDER_TRACKED_CANDIDATE","true","BLOCKED_UNTIL_NEGATIVE_FIXTURE_AND_AUTHORITY_REVIEW","Regex inventory only; no script was run and behavior is not proven."
"TRACKED_REPO_HELPER_SURFACE","COMMAND_CENTER/SCRIPTS/SAVE_SCRIPTS/SAVE_TOOL_SCRIPT_COPY_SAFETY_THIRD_TARGET_20260522.ps1","COMMAND_CENTER_SAVE_SCRIPTS","SAVE_TOOL_SCRIPT_COPY_SAFETY_THIRD_TARGET_20260522.ps1","save gate or save helper","15120","73400D5EB29FCE6B42FE7E4F996518A7C3C44BD30DFC2FA6B04C852EA038719B","True","True","True","False","False","True","False","True","False","True","TIER_5_PROCESS_OR_DESTRUCTIVE_BLOCKED","TRACKED_REPO_NOT_RUN","OLDER_TRACKED_CANDIDATE","true","BLOCKED_UNTIL_NEGATIVE_FIXTURE_AND_AUTHORITY_REVIEW","Regex inventory only; no script was run and behavior is not proven."
"TRACKED_REPO_HELPER_SURFACE","GPT_PROMPTS_CUSTODY/DOWNLOADS_LOOSE_CANDIDATES/20260523_001601/BUILD_ASSISTANT_LOCAL_MINIMAL_PACKET_V1.0.ps1","GPT_PROMPTS_CUSTODY","BUILD_ASSISTANT_LOCAL_MINIMAL_PACKET_V1.0.ps1","unknown helper/script surface","25452","0B1701F6C2F57595120CEA31BC6016BEFAF98482CF8EABB4FEEA6BD4AB4CB639","True","True","False","False","False","True","False","True","False","True","TIER_5_PROCESS_OR_DESTRUCTIVE_BLOCKED","TRACKED_REPO_NOT_RUN","OLDER_TRACKED_CANDIDATE","true","BLOCKED_UNTIL_NEGATIVE_FIXTURE_AND_AUTHORITY_REVIEW","Regex inventory only; no script was run and behavior is not proven."
"TRACKED_REPO_HELPER_SURFACE","GPT_PROMPTS_CUSTODY/DOWNLOADS_LOOSE_CANDIDATES/20260523_001601/CLEAN_CHAT_SOFT_SUIT_CURRENT_OLD_SCAFFOLD_V1.ps1","GPT_PROMPTS_CUSTODY","CLEAN_CHAT_SOFT_SUIT_CURRENT_OLD_SCAFFOLD_V1.ps1","unknown helper/script surface","3568","7E734839D7B7B8D59F887A1DB5A8C7FCFEF5FB87D017A9CCC91C6EED0D701186","True","True","False","False","False","True","False","False","False","True","TIER_5_PROCESS_OR_DESTRUCTIVE_BLOCKED","TRACKED_REPO_NOT_RUN","OLDER_TRACKED_CANDIDATE","true","BLOCKED_UNTIL_NEGATIVE_FIXTURE_AND_AUTHORITY_REVIEW","Regex inventory only; no script was run and behavior is not proven."
"TRACKED_REPO_HELPER_SURFACE","GPT_PROMPTS_CUSTODY/DOWNLOADS_LOOSE_CANDIDATES/20260523_001601/FINAL_CHAT_SOFT_SUIT_CLOSEOUT_CLEAN_VERIFY_V1.ps1","GPT_PROMPTS_CUSTODY","FINAL_CHAT_SOFT_SUIT_CLOSEOUT_CLEAN_VERIFY_V1.ps1","verify/check/audit helper","7411","3EBC95D8B5EEA5416AFBBBC460DDB604D40AEE4E0B76EF907A7A81302CC9A141","True","True","False","False","False","True","False","False","False","True","TIER_5_PROCESS_OR_DESTRUCTIVE_BLOCKED","TRACKED_REPO_NOT_RUN","OLDER_TRACKED_CANDIDATE","true","BLOCKED_UNTIL_NEGATIVE_FIXTURE_AND_AUTHORITY_REVIEW","Regex inventory only; no script was run and behavior is not proven."
"TRACKED_REPO_HELPER_SURFACE","GPT_PROMPTS_CUSTODY/DOWNLOADS_LOOSE_CANDIDATES/20260523_001601/FIX_GPT_PROMPTS_FRONT_DOOR_MAIL_DROP (1).ps1","GPT_PROMPTS_CUSTODY","FIX_GPT_PROMPTS_FRONT_DOOR_MAIL_DROP (1).ps1","unknown helper/script surface","5367","F62E307D6B1B15A668BD9C22205A89D632386890135E5E594A4294C4B93DA709","True","True","False","False","False","True","False","False","False","True","TIER_5_PROCESS_OR_DESTRUCTIVE_BLOCKED","TRACKED_REPO_NOT_RUN","OLDER_TRACKED_CANDIDATE","true","BLOCKED_UNTIL_NEGATIVE_FIXTURE_AND_AUTHORITY_REVIEW","Regex inventory only; no script was run and behavior is not proven."
"TRACKED_REPO_HELPER_SURFACE","GPT_PROMPTS_CUSTODY/DOWNLOADS_LOOSE_CANDIDATES/20260523_001601/LOCK_SMOKE_BREAK_FOCUS_RESET_POWER_PLAY_V1.0.ps1","GPT_PROMPTS_CUSTODY","LOCK_SMOKE_BREAK_FOCUS_RESET_POWER_PLAY_V1.0.ps1","unknown helper/script surface","15355","AD2DCC69A85FDDEB0F7F58C650497F627DD6A605E1DC3441E9F3CAB1EEF059C6","True","True","False","False","False","True","False","True","False","True","TIER_5_PROCESS_OR_DESTRUCTIVE_BLOCKED","TRACKED_REPO_NOT_RUN","OLDER_TRACKED_CANDIDATE","true","BLOCKED_UNTIL_NEGATIVE_FIXTURE_AND_AUTHORITY_REVIEW","Regex inventory only; no script was run and behavior is not proven."
"TRACKED_REPO_HELPER_SURFACE","GPT_PROMPTS_CUSTODY/DOWNLOADS_LOOSE_CANDIDATES/20260523_001601/LOCK_STOP_ISSUE_NOTE_OPTION_WEIGHT_GATE_V1.1.ps1","GPT_PROMPTS_CUSTODY","LOCK_STOP_ISSUE_NOTE_OPTION_WEIGHT_GATE_V1.1.ps1","unknown helper/script surface","18546","CB2D99CC0314BE3960EE2023F318782B0336F313492B91D9484479C8E28DE027","True","True","False","False","False","True","False","True","False","True","TIER_5_PROCESS_OR_DESTRUCTIVE_BLOCKED","TRACKED_REPO_NOT_RUN","OLDER_TRACKED_CANDIDATE","true","BLOCKED_UNTIL_NEGATIVE_FIXTURE_AND_AUTHORITY_REVIEW","Regex inventory only; no script was run and behavior is not proven."
"TRACKED_REPO_HELPER_SURFACE","GPT_PROMPTS_CUSTODY/DOWNLOADS_LOOSE_CANDIDATES/20260523_001601/PATCH_MULE_HANDOFF_RECENT_CHAT_RULES_V1.2.ps1","GPT_PROMPTS_CUSTODY","PATCH_MULE_HANDOFF_RECENT_CHAT_RULES_V1.2.ps1","unknown helper/script surface","7747","02BE566BB877266276C7BCA1E0D47BB1723277395E95CBC9955337725DAEE6AF","True","True","False","False","False","True","False","True","False","True","TIER_5_PROCESS_OR_DESTRUCTIVE_BLOCKED","TRACKED_REPO_NOT_RUN","OLDER_TRACKED_CANDIDATE","true","BLOCKED_UNTIL_NEGATIVE_FIXTURE_AND_AUTHORITY_REVIEW","Regex inventory only; no script was run and behavior is not proven."
"TRACKED_REPO_HELPER_SURFACE","GPT_PROMPTS_CUSTODY/DOWNLOADS_LOOSE_CANDIDATES/20260523_001601/REPAIR_MULE_AFTER_WALK_BLOCKERS_AND_RERUN_V1.0.ps1","GPT_PROMPTS_CUSTODY","REPAIR_MULE_AFTER_WALK_BLOCKERS_AND_RERUN_V1.0.ps1","repair helper","5345","CFDF209C4F7A2149B407225AC7E685A1F10D8B4680BEE56744D70AE5CA7521B1","True","True","False","False","False","True","False","True","False","True","TIER_5_PROCESS_OR_DESTRUCTIVE_BLOCKED","TRACKED_REPO_NOT_RUN","OLDER_TRACKED_CANDIDATE","true","BLOCKED_UNTIL_NEGATIVE_FIXTURE_AND_AUTHORITY_REVIEW","Regex inventory only; no script was run and behavior is not proven."
"TRACKED_REPO_HELPER_SURFACE","GPT_PROMPTS_CUSTODY/DOWNLOADS_LOOSE_CANDIDATES/20260523_001601/REPAIR_SAME_SHAPE_DIRECTION_FEEL_GIT_ADD_IGNORED_PROOF_V1.0.ps1","GPT_PROMPTS_CUSTODY","REPAIR_SAME_SHAPE_DIRECTION_FEEL_GIT_ADD_IGNORED_PROOF_V1.0.ps1","repair helper","7603","775000446867DBBFC8C0219CD379CA81233983BE0F7253F5FB5D0496D6893255","True","True","True","False","False","True","False","True","False","True","TIER_5_PROCESS_OR_DESTRUCTIVE_BLOCKED","TRACKED_REPO_NOT_RUN","OLDER_TRACKED_CANDIDATE","true","BLOCKED_UNTIL_NEGATIVE_FIXTURE_AND_AUTHORITY_REVIEW","Regex inventory only; no script was run and behavior is not proven."
"TRACKED_REPO_HELPER_SURFACE","GPT_PROMPTS_CUSTODY/DOWNLOADS_LOOSE_CANDIDATES/20260523_001601/RUN_MULE_REVIEW_AFTER_SAME_SHAPE_HOUSE_WALK_V1.0.ps1","GPT_PROMPTS_CUSTODY","RUN_MULE_REVIEW_AFTER_SAME_SHAPE_HOUSE_WALK_V1.0.ps1","runner/execution surface","11453","530F905C0C5DAB9AAB2732A473B7DC25953F699E68F8839A3648A2C2191C0041","True","True","False","False","False","True","False","True","False","True","TIER_5_PROCESS_OR_DESTRUCTIVE_BLOCKED","TRACKED_REPO_NOT_RUN","OLDER_TRACKED_CANDIDATE","true","BLOCKED_UNTIL_NEGATIVE_FIXTURE_AND_AUTHORITY_REVIEW","Regex inventory only; no script was run and behavior is not proven."
"TRACKED_REPO_HELPER_SURFACE","GPT_PROMPTS_CUSTODY/DOWNLOADS_LOOSE_CANDIDATES/20260523_001601/SAVE_AND_APPLY_SAME_SHAPE_HOUSE_WALK_V1.0.ps1","GPT_PROMPTS_CUSTODY","SAVE_AND_APPLY_SAME_SHAPE_HOUSE_WALK_V1.0.ps1","save gate or save helper","15750","1DB540E09F6BB9F6BAA67538C017F0C1E295538DDBDE3DD139A5A39FC26EEDA7","True","True","False","False","False","True","False","True","False","True","TIER_5_PROCESS_OR_DESTRUCTIVE_BLOCKED","TRACKED_REPO_NOT_RUN","OLDER_TRACKED_CANDIDATE","true","BLOCKED_UNTIL_NEGATIVE_FIXTURE_AND_AUTHORITY_REVIEW","Regex inventory only; no script was run and behavior is not proven."
"TRACKED_REPO_HELPER_SURFACE","GPT_PROMPTS_CUSTODY/DOWNLOADS_LOOSE_CANDIDATES/20260523_001601/SAVE_AND_TELEPORT_CHAT_COCKPIT_ROUTER_MAP_V1.0.ps1","GPT_PROMPTS_CUSTODY","SAVE_AND_TELEPORT_CHAT_COCKPIT_ROUTER_MAP_V1.0.ps1","save gate or save helper","4219","8F20AB9704DB81EEDA6941AAA9CA66225F35F104AC0A234AE8360776D20841CE","True","True","False","True","False","True","False","True","False","True","TIER_5_PROCESS_OR_DESTRUCTIVE_BLOCKED","TRACKED_REPO_NOT_RUN","OLDER_TRACKED_CANDIDATE","true","BLOCKED_UNTIL_NEGATIVE_FIXTURE_AND_AUTHORITY_REVIEW","Regex inventory only; no script was run and behavior is not proven."
"TRACKED_REPO_HELPER_SURFACE","GPT_PROMPTS_CUSTODY/DOWNLOADS_LOOSE_CANDIDATES/20260523_001601/SAVE_SAME_SHAPE_DIRECTION_FEEL_TO_HOUSE_AND_BRAIN_V1.0.ps1","GPT_PROMPTS_CUSTODY","SAVE_SAME_SHAPE_DIRECTION_FEEL_TO_HOUSE_AND_BRAIN_V1.0.ps1","save gate or save helper","16080","EA6C3087C0053DE6AFE1B83FAFDF40758483AB9698B2F030BFF0709AB5547813","True","True","True","False","False","True","False","True","False","True","TIER_5_PROCESS_OR_DESTRUCTIVE_BLOCKED","TRACKED_REPO_NOT_RUN","OLDER_TRACKED_CANDIDATE","true","BLOCKED_UNTIL_NEGATIVE_FIXTURE_AND_AUTHORITY_REVIEW","Regex inventory only; no script was run and behavior is not proven."
"LOCAL_PARKED_ROOT_HELPER","C:\Users\13527\Desktop\123\_TOOLS_AND_SCRIPTS\ROOT_LOOSE_HELPERS_20260603\GUARD_REVIEW\RUN_GUARD_REVIEW_READ_ONLY_INSPECT_ACTIVE_TASK_V0_COLOR_V1_1.ps1","GUARD_REVIEW","RUN_GUARD_REVIEW_READ_ONLY_INSPECT_ACTIVE_TASK_V0_COLOR_V1_1.ps1","read/status/inspect helper","20977","B32C5D8402F461753FA96FE058345C417FF5FA1DD9C28A5D0122A3393583602A","True","True","True","False","False","True","True","True","False","True","TIER_5_PROCESS_OR_DESTRUCTIVE_BLOCKED","PARKED_LOCAL_NOT_RUN","FRESH_PARKED_20260603","true","ROW_001_VARIANT_COLOR_V1_1","Regex inventory only; no script was run and behavior is not proven."
"LOCAL_PARKED_ROOT_HELPER","C:\Users\13527\Desktop\123\_TOOLS_AND_SCRIPTS\ROOT_LOOSE_HELPERS_20260603\GUARD_REVIEW\RUN_GUARD_REVIEW_READ_ONLY_INSPECT_ACTIVE_TASK_V0_V1_1.ps1","GUARD_REVIEW","RUN_GUARD_REVIEW_READ_ONLY_INSPECT_ACTIVE_TASK_V0_V1_1.ps1","read/status/inspect helper","18763","6E9B44272E6ACD1148D3F092E7A6B88935B2C39B1E7A6EEE78C7C587DDABC60C","True","True","True","False","False","True","True","True","False","False","TIER_5_PROCESS_OR_DESTRUCTIVE_BLOCKED","PARKED_LOCAL_NOT_RUN","FRESH_PARKED_20260603","true","BLOCKED_UNTIL_NEGATIVE_FIXTURE_AND_AUTHORITY_REVIEW","Regex inventory only; no script was run and behavior is not proven."
"LOCAL_PARKED_ROOT_HELPER","C:\Users\13527\Desktop\123\_TOOLS_AND_SCRIPTS\ROOT_LOOSE_HELPERS_20260603\GUARD_REVIEW\RUN_GUARD_REVIEW_READ_ONLY_INSPECT_ACTIVE_TASK_V0.ps1","GUARD_REVIEW","RUN_GUARD_REVIEW_READ_ONLY_INSPECT_ACTIVE_TASK_V0.ps1","read/status/inspect helper","17176","137C82EFED4DCC4B5C332D82348C7183FC950E22654C0A2757080B169C478D50","True","True","True","False","False","True","True","True","False","False","TIER_5_PROCESS_OR_DESTRUCTIVE_BLOCKED","PARKED_LOCAL_NOT_RUN","FRESH_PARKED_20260603","true","ROW_001_BASE_READ_ONLY_INSPECT","Regex inventory only; no script was run and behavior is not proven."
"LOCAL_PARKED_ROOT_HELPER","C:\Users\13527\Desktop\123\_TOOLS_AND_SCRIPTS\ROOT_LOOSE_HELPERS_20260603\HOUSE_DOCK\RUN_HOUSE_DOCK_LOCAL_GUARD_V0_INSTALL_SELF_TEST_V1_1.ps1","HOUSE_DOCK","RUN_HOUSE_DOCK_LOCAL_GUARD_V0_INSTALL_SELF_TEST_V1_1.ps1","installer/helper setup surface","15023","BE1B31EA6AE237006A258207A3676EC6A1EDF000FBB29A998C2D5DB47C96C2A0","True","True","False","False","False","True","True","True","False","True","TIER_5_PROCESS_OR_DESTRUCTIVE_BLOCKED","PARKED_LOCAL_NOT_RUN","FRESH_PARKED_20260603","true","BLOCKED_UNTIL_NEGATIVE_FIXTURE_AND_AUTHORITY_REVIEW","Regex inventory only; no script was run and behavior is not proven."
"LOCAL_PARKED_ROOT_HELPER","C:\Users\13527\Desktop\123\_TOOLS_AND_SCRIPTS\ROOT_LOOSE_HELPERS_20260603\HOUSE_DOCK\RUN_HOUSE_DOCK_LOCAL_GUARD_V0_INSTALL_SELF_TEST.ps1","HOUSE_DOCK","RUN_HOUSE_DOCK_LOCAL_GUARD_V0_INSTALL_SELF_TEST.ps1","installer/helper setup surface","14704","8B1E8E1C28AB48C7236E9727E506E05AF4968F5AB97729A5765E9326B9967369","True","True","False","False","False","True","True","True","False","True","TIER_5_PROCESS_OR_DESTRUCTIVE_BLOCKED","PARKED_LOCAL_NOT_RUN","FRESH_PARKED_20260603","true","BLOCKED_UNTIL_NEGATIVE_FIXTURE_AND_AUTHORITY_REVIEW","Regex inventory only; no script was run and behavior is not proven."
"LOCAL_PARKED_ROOT_HELPER","C:\Users\13527\Desktop\123\_TOOLS_AND_SCRIPTS\ROOT_LOOSE_HELPERS_20260603\HOUSE_DOCK\RUN_HOUSE_DOCK_MICRO_003_INSPECT_FACE_DESIGN.ps1","HOUSE_DOCK","RUN_HOUSE_DOCK_MICRO_003_INSPECT_FACE_DESIGN.ps1","design/save support helper","9506","E375E1AE48933F6C487C65AC136BF3CF4AA63FA4D7839F26B92D96773E8A8C24","True","True","False","False","False","True","False","True","False","True","TIER_5_PROCESS_OR_DESTRUCTIVE_BLOCKED","PARKED_LOCAL_NOT_RUN","FRESH_PARKED_20260603","true","BLOCKED_UNTIL_NEGATIVE_FIXTURE_AND_AUTHORITY_REVIEW","Regex inventory only; no script was run and behavior is not proven."
"TRACKED_REPO_HELPER_SURFACE","HOUSE_WORK/TOOLS/Invoke-AssistantContextCarrier.ps1","HOUSE_WORK_TOOLS","Invoke-AssistantContextCarrier.ps1","unknown helper/script surface","14849","20DE165A50ACF5917F0C6404E042E8683B08EE8465C5B2E53CEBC86C12A0C0C6","True","True","False","False","False","True","False","True","False","True","TIER_5_PROCESS_OR_DESTRUCTIVE_BLOCKED","TRACKED_REPO_NOT_RUN","UNKNOWN_OR_MIXED_AGE","true","BLOCKED_UNTIL_NEGATIVE_FIXTURE_AND_AUTHORITY_REVIEW","Regex inventory only; no script was run and behavior is not proven."
"TRACKED_REPO_HELPER_SURFACE","MAIL_ROOM/TOOLS/CHAT_ROUNDTRIP_LATEST_MAIL.ps1","MAIL_ROOM_TOOLS","CHAT_ROUNDTRIP_LATEST_MAIL.ps1","unknown helper/script surface","4894","B39C1D3C812596E6288446CD5E1E53709FF75A5AABE734562FED28458A7B21C0","True","True","False","False","False","False","True","False","False","False","TIER_5_PROCESS_OR_DESTRUCTIVE_BLOCKED","TRACKED_REPO_NOT_RUN","UNKNOWN_OR_MIXED_AGE","true","BLOCKED_UNTIL_NEGATIVE_FIXTURE_AND_AUTHORITY_REVIEW","Regex inventory only; no script was run and behavior is not proven."
"TRACKED_REPO_HELPER_SURFACE","MAIL_ROOM/TOOLS/DROP_LETTER_WAKE_CHAT_ONCE.ps1","MAIL_ROOM_TOOLS","DROP_LETTER_WAKE_CHAT_ONCE.ps1","unknown helper/script surface","9600","74791ABEDA59F47E48064AB3D24C2A7E71E6724A0AC9FAC19C56C795C36FF5B1","True","True","False","False","False","True","True","False","False","True","TIER_5_PROCESS_OR_DESTRUCTIVE_BLOCKED","TRACKED_REPO_NOT_RUN","UNKNOWN_OR_MIXED_AGE","true","BLOCKED_UNTIL_NEGATIVE_FIXTURE_AND_AUTHORITY_REVIEW","Regex inventory only; no script was run and behavior is not proven."
"TRACKED_REPO_HELPER_SURFACE","MAIL_ROOM/TOOLS/PROCESS_NEXT_PACKAGE_FILE.ps1","MAIL_ROOM_TOOLS","PROCESS_NEXT_PACKAGE_FILE.ps1","unknown helper/script surface","6292","E3EE22EE65965733A4387EFD983284F71775FAB5D87FFAA960B5EAA0805492A0","True","True","False","False","False","True","False","False","False","True","TIER_5_PROCESS_OR_DESTRUCTIVE_BLOCKED","TRACKED_REPO_NOT_RUN","UNKNOWN_OR_MIXED_AGE","true","BLOCKED_UNTIL_NEGATIVE_FIXTURE_AND_AUTHORITY_REVIEW","Regex inventory only; no script was run and behavior is not proven."
"TRACKED_REPO_HELPER_SURFACE","MULE_WORKSHOP/ASSISTANT_TO_MULE/RUN_123_STORAGE_HNS_MULE_HANDOFF_ADOPT_ADAPT_RULE_20260520.ps1","MULE_WORKSHOP_TOOLS","RUN_123_STORAGE_HNS_MULE_HANDOFF_ADOPT_ADAPT_RULE_20260520.ps1","runner/execution surface","26196","DA9F8614E78A71825769E9AE755D52218B9FC365BF9DE81B9FACBE9232884736","True","True","True","True","True","True","False","True","False","True","TIER_5_PROCESS_OR_DESTRUCTIVE_BLOCKED","TRACKED_REPO_NOT_RUN","OLDER_TRACKED_CANDIDATE","true","BLOCKED_UNTIL_NEGATIVE_FIXTURE_AND_AUTHORITY_REVIEW","Regex inventory only; no script was run and behavior is not proven."
"TRACKED_REPO_HELPER_SURFACE","MULE_WORKSHOP/ASSISTANT_TO_MULE/RUN_123_STORAGE_HNS_MULE_HANDOFF_ADOPT_ADAPT_RULE_FIXED_20260520.ps1","MULE_WORKSHOP_TOOLS","RUN_123_STORAGE_HNS_MULE_HANDOFF_ADOPT_ADAPT_RULE_FIXED_20260520.ps1","runner/execution surface","23193","FAD6DBD73DE44EB0AF3214B7D8FDE5311C3CE0AFC4F221076BC59A91E2E75294","True","True","True","True","True","True","False","True","False","True","TIER_5_PROCESS_OR_DESTRUCTIVE_BLOCKED","TRACKED_REPO_NOT_RUN","OLDER_TRACKED_CANDIDATE","true","BLOCKED_UNTIL_NEGATIVE_FIXTURE_AND_AUTHORITY_REVIEW","Regex inventory only; no script was run and behavior is not proven."
"TRACKED_REPO_HELPER_SURFACE","PORCH_SORTING_TABLE/FRONT_DOOR_CLEANOUT_V1.0_20260523_023854/SCRIPTS/CLEAN_FRONT_DOOR_NO_LOOSE_FILES_V1.0.ps1","PORCH_SORTING_TABLE_SCRIPTS","CLEAN_FRONT_DOOR_NO_LOOSE_FILES_V1.0.ps1","unknown helper/script surface","7583","1943A023A40470CA5FD09842322BBF6F6D28232F0A7B6BD9348948F4053155F2","True","True","False","True","False","True","False","False","False","True","TIER_5_PROCESS_OR_DESTRUCTIVE_BLOCKED","TRACKED_REPO_NOT_RUN","OLDER_TRACKED_CANDIDATE","true","BLOCKED_UNTIL_NEGATIVE_FIXTURE_AND_AUTHORITY_REVIEW","Regex inventory only; no script was run and behavior is not proven."
"TRACKED_REPO_HELPER_SURFACE","PORCH_SORTING_TABLE/FRONT_DOOR_CLEANOUT_V1.1_20260523_035152/SCRIPTS/CLEAN_LOCAL_123_MULE_PACKET_REPAIR_AND_UPDATE_V1.ps1","PORCH_SORTING_TABLE_SCRIPTS","CLEAN_LOCAL_123_MULE_PACKET_REPAIR_AND_UPDATE_V1.ps1","repair helper","27260","C371687C5DD744D8CC16B76874DE9519F76CDD07BD0BE126C7C9C538E4D0AFEF","True","True","False","False","False","True","False","True","False","True","TIER_5_PROCESS_OR_DESTRUCTIVE_BLOCKED","TRACKED_REPO_NOT_RUN","OLDER_TRACKED_CANDIDATE","true","BLOCKED_UNTIL_NEGATIVE_FIXTURE_AND_AUTHORITY_REVIEW","Regex inventory only; no script was run and behavior is not proven."
"TRACKED_REPO_HELPER_SURFACE","PORCH_SORTING_TABLE/ROOT_FILES_NEEDS_REVIEW/SAVE_PORCH_DROP_EVENT_TRIGGER_AND_PACKAGE_RULE_20260522.ps1","PORCH_SORTING_TABLE_SCRIPTS","SAVE_PORCH_DROP_EVENT_TRIGGER_AND_PACKAGE_RULE_20260522.ps1","save gate or save helper","25509","F1353FC84286A43FB156F61DF91C738C35B9E5A2E3343A80C09F0A7CBEE023CB","True","True","True","True","True","True","False","True","False","True","TIER_5_PROCESS_OR_DESTRUCTIVE_BLOCKED","TRACKED_REPO_NOT_RUN","OLDER_TRACKED_CANDIDATE","true","BLOCKED_UNTIL_NEGATIVE_FIXTURE_AND_AUTHORITY_REVIEW","Regex inventory only; no script was run and behavior is not proven."
"TRACKED_REPO_HELPER_SURFACE","PORCH_WATCHER/TOOLS/RUN_PORCH_EVENT_DROPPER_ONCE.ps1","PORCH_WATCHER_TOOLS","RUN_PORCH_EVENT_DROPPER_ONCE.ps1","watcher-or-polling surface","987","0520069CC722F2353EF3764F00C8E10AAE3CFD83E195C98603460098BD5FD596","True","True","False","False","False","True","False","False","False","False","TIER_5_PROCESS_OR_DESTRUCTIVE_BLOCKED","TRACKED_REPO_NOT_RUN","ACTIVE_SURFACE_BLOCKED_FOR_STRESS_BENCH","true","BLOCKED_UNTIL_NEGATIVE_FIXTURE_AND_AUTHORITY_REVIEW","Regex inventory only; no script was run and behavior is not proven."
"TRACKED_REPO_HELPER_SURFACE","PORCH_WATCHER/TOOLS/SAVE_AND_RUN_PORCH_MOVE_DROPPER_RULE_20260522.ps1","PORCH_WATCHER_TOOLS","SAVE_AND_RUN_PORCH_MOVE_DROPPER_RULE_20260522.ps1","watcher-or-polling surface","24876","89DE824EC14645F7939886F518FCACCCCC12E1260246FBBACF011E81D7E5FB2A","True","True","True","True","True","True","False","True","False","True","TIER_5_PROCESS_OR_DESTRUCTIVE_BLOCKED","TRACKED_REPO_NOT_RUN","ACTIVE_SURFACE_BLOCKED_FOR_STRESS_BENCH","true","BLOCKED_UNTIL_NEGATIVE_FIXTURE_AND_AUTHORITY_REVIEW","Regex inventory only; no script was run and behavior is not proven."
"TRACKED_REPO_HELPER_SURFACE","COMMAND_CENTER/REMOTE_DOOR_RELAY_V2/BACKUPS_LOCAL_ONLY/V2E_PRE_EDIT_20260521_160108/TOOLS/START_REMOTE_DOOR_V2.ps1","REMOTE_DOOR_RELAY","START_REMOTE_DOOR_V2.ps1","unknown helper/script surface","4806","DDFBF51A8EA483C673FB8D0E36BF79350635539459DDE9D6FA47841430521382","True","True","False","False","False","False","True","False","False","False","TIER_5_PROCESS_OR_DESTRUCTIVE_BLOCKED","TRACKED_REPO_NOT_RUN","ACTIVE_SURFACE_BLOCKED_FOR_STRESS_BENCH","true","BLOCKED_UNTIL_NEGATIVE_FIXTURE_AND_AUTHORITY_REVIEW","Regex inventory only; no script was run and behavior is not proven."
"TRACKED_REPO_HELPER_SURFACE","COMMAND_CENTER/REMOTE_DOOR_RELAY_V2/TOOLS/START_REMOTE_DOOR_V2_TUNNEL.ps1","REMOTE_DOOR_RELAY","START_REMOTE_DOOR_V2_TUNNEL.ps1","unknown helper/script surface","3076","A4B2D7DB064B1417EB901D76D9C31644648AFA2CB29C802C105DBE793F23E770","True","True","False","False","False","False","True","False","False","False","TIER_5_PROCESS_OR_DESTRUCTIVE_BLOCKED","TRACKED_REPO_NOT_RUN","ACTIVE_SURFACE_BLOCKED_FOR_STRESS_BENCH","true","BLOCKED_UNTIL_NEGATIVE_FIXTURE_AND_AUTHORITY_REVIEW","Regex inventory only; no script was run and behavior is not proven."
"TRACKED_REPO_HELPER_SURFACE","COMMAND_CENTER/REMOTE_DOOR_RELAY_V2/TOOLS/START_REMOTE_DOOR_V2.ps1","REMOTE_DOOR_RELAY","START_REMOTE_DOOR_V2.ps1","unknown helper/script surface","5195","97158B637856706BE3210F3562C24E0564AE2EA558AF844EA282EE41105549FE","True","True","False","False","False","False","True","False","False","False","TIER_5_PROCESS_OR_DESTRUCTIVE_BLOCKED","TRACKED_REPO_NOT_RUN","ACTIVE_SURFACE_BLOCKED_FOR_STRESS_BENCH","true","BLOCKED_UNTIL_NEGATIVE_FIXTURE_AND_AUTHORITY_REVIEW","Regex inventory only; no script was run and behavior is not proven."
"TRACKED_REPO_HELPER_SURFACE","COMMAND_CENTER/REMOTE_DOOR_RELAY_V2/TOOLS/STOP_REMOTE_DOOR_V2_TUNNEL.ps1","REMOTE_DOOR_RELAY","STOP_REMOTE_DOOR_V2_TUNNEL.ps1","unknown helper/script surface","985","4D2A1B9E75F407F790801B69763BD616636E2201FBDBA93E3BF7A54A2EF0AD81","True","True","False","False","False","True","False","False","False","False","TIER_5_PROCESS_OR_DESTRUCTIVE_BLOCKED","TRACKED_REPO_NOT_RUN","ACTIVE_SURFACE_BLOCKED_FOR_STRESS_BENCH","true","BLOCKED_UNTIL_NEGATIVE_FIXTURE_AND_AUTHORITY_REVIEW","Regex inventory only; no script was run and behavior is not proven."
"TRACKED_REPO_HELPER_SURFACE","COMMAND_CENTER/REMOTE_DOOR_RELAY_V2/TOOLS/STOP_REMOTE_DOOR_V2.ps1","REMOTE_DOOR_RELAY","STOP_REMOTE_DOOR_V2.ps1","unknown helper/script surface","1271","027E77EB7E4425A7A21036D5DFC4BBE04709914FC71344710B58B12401188C1C","True","True","False","False","False","True","False","False","False","False","TIER_5_PROCESS_OR_DESTRUCTIVE_BLOCKED","TRACKED_REPO_NOT_RUN","ACTIVE_SURFACE_BLOCKED_FOR_STRESS_BENCH","true","BLOCKED_UNTIL_NEGATIVE_FIXTURE_AND_AUTHORITY_REVIEW","Regex inventory only; no script was run and behavior is not proven."
"TRACKED_REPO_HELPER_SURFACE","HOUSE_WORK/WORK_SHED/GEAR_RACK/RUN_CLAIM_CAPABILITY_BRIDGE_HARNESS_V1_20260531.ps1","WORK_SHED_SCRATCH_HELPERS","RUN_CLAIM_CAPABILITY_BRIDGE_HARNESS_V1_20260531.ps1","runner/execution surface","6840","3432697DEAB824840C59FC442D925037F43068924330B401BE2650B0B6B96BE6","True","True","False","False","False","True","False","True","False","True","TIER_5_PROCESS_OR_DESTRUCTIVE_BLOCKED","SCRATCH_WORK_SHED_NOT_DURABLE","SCRATCH_OR_OLD_WORK_SHED","true","BLOCKED_UNTIL_NEGATIVE_FIXTURE_AND_AUTHORITY_REVIEW","Regex inventory only; no script was run and behavior is not proven."
